"AttributeId","RegionType","SeasonNum","RankName","RankIcon","LowScore","HighScore","SeasonReward","ReservedScore","BigGradeFlag","ExpandTime","UpgradeReward","TitleReward","RobotRate","RobotTemplateID"
"157000001","0","1","90203952","91290622","0","100","(31020005,6,31010058,1,31000061,1)","0","90203632","5","(31140133,1,31102501,1,31090502,1)","0","100","(76991134,76991135,76991136,76991137)"
"157000002","0","1","90203953","91290623","100","200","(31020005,6,31010058,1,31000061,1)","0","0","5","(31140133,1,31102511,1,31090502,1)","0","100","(76991134,76991135,76991136,76991137)"
"157000003","0","1","90203954","91290624","200","300","(31020005,6,31010058,1,31000061,1)","0","0","5","(31140133,1,31102521,1,31090502,1)","0","100","(76991134,76991135,76991136,76991137)"
"157000004","0","1","90203955","91290625","300","500","(31020005,9,31010058,2,31000061,1)","90","90203633","5","(31140134,1,31102502,1,31090502,1)","0","100","(76991138,76991139,76991140,76991141)"
"157000005","0","1","90203956","91290626","500","700","(31020005,9,31010058,2,31000061,1)","150","0","5","(31140134,1,31102507,1,31090502,1)","0","100","(76991138,76991139,76991140,76991141)"
"157000006","0","1","90203957","91290627","700","900","(31020005,9,31010058,2,31000061,1)","210","0","5","(31140134,1,31102512,1,31090502,1)","0","100","(76991138,76991139,76991140,76991141)"
"157000007","0","1","90203958","91290628","900","1100","(31020005,9,31010058,2,31000061,1)","270","0","5","(31140134,1,31102517,1,31090502,1)","0","100","(76991138,76991139,76991140,76991141)"
"157000008","0","1","90203959","91290629","1100","1300","(31020005,9,31010058,2,31000061,1)","330","0","5","(31140134,1,31102522,1,31090502,1)","0","100","(76991138,76991139,76991140,76991141)"
"157000009","0","1","90203960","91290630","1300","1600","(31020005,15,31010058,3,31000061,1)","390","90203634","5","(31090501,1,31102208,1,31090502,1)","0","100","(76991142,76991143,76991144,76991145)"
"157000010","0","1","90203961","91290631","1600","1900","(31020005,15,31010058,3,31000061,1)","480","0","5","(31090501,1,31102218,1,31090502,1)","0","100","(76991142,76991143,76991144,76991145)"
"157000011","0","1","90203962","91290632","1900","2200","(31020005,15,31010058,3,31000061,1)","570","0","5","(31090501,1,31102228,1,31090502,1)","0","100","(76991142,76991143,76991144,76991145)"
"157000012","0","1","90203963","91290633","2200","2500","(31020005,15,31010058,3,31000061,1)","660","0","5","(31090501,1,31102238,1,31090502,1)","0","100","(76991142,76991143,76991144,76991145)"
"157000013","0","1","90203964","91290634","2500","2800","(31020005,15,31010058,3,31000061,1)","750","0","5","(31090501,1,31102248,1,31090502,1)","0","100","(76991142,76991143,76991144,76991145)"
"157000014","0","1","90203965","91290635","2800","3200","(31100078,1,31020005,15,31010058,4,31000061,1)","840","90203635","5","(31090501,1,31102503,1,31090502,2)","39000079","80","(76991146,76991147,76991148,76991149)"
"157000015","0","1","90203966","91290636","3200","3600","(31100078,1,31020005,15,31010058,4,31000061,1)","960","0","5","(31090501,1,31102508,1,31090502,2)","39000079","80","(76991146,76991147,76991148,76991149)"
"157000016","0","1","90203967","91290637","3600","4000","(31100078,1,31020005,15,31010058,4,31000061,1)","1080","0","5","(31090501,1,31102513,1,31090502,2)","39000079","80","(76991146,76991147,76991148,76991149)"
"157000017","0","1","90203968","91290638","4000","4400","(31100078,1,31020005,15,31010058,4,31000061,1)","1200","0","5","(31090501,1,31102518,1,31090502,2)","39000079","80","(76991146,76991147,76991148,76991149)"
"157000018","0","1","90203969","91290639","4400","4800","(31100078,1,31020005,15,31010058,4,31000061,1)","1320","0","5","(31090501,1,31102523,1,31090502,2)","39000079","80","(76991146,76991147,76991148,76991149)"
"157000019","0","1","90203970","91290640","4800","5300","(31100079,1,31020005,21,31010058,5,31000061,1)","1440","90203636","5","(31090501,1,31102209,1,31090502,2)","39000080","65","(76991150,76991151,76991152,76991153)"
"157000020","0","1","90203971","91290641","5300","5800","(31100079,1,31020005,21,31010058,5,31000061,1)","1590","0","5","(31090501,1,31102219,1,31090502,2)","39000080","65","(76991150,76991151,76991152,76991153)"
"157000021","0","1","90203972","91290642","5800","6300","(31100079,1,31020005,21,31010058,5,31000061,1)","1740","0","5","(31090501,1,31102229,1,31090502,2)","39000080","65","(76991150,76991151,76991152,76991153)"
"157000022","0","1","90203973","91290643","6300","6800","(31100079,1,31020005,21,31010058,5,31000061,1)","1890","0","5","(31090501,1,31102239,1,31090502,2)","39000080","65","(76991150,76991151,76991152,76991153)"
"157000023","0","1","90203974","91290644","6800","7300","(31100079,1,31020005,21,31010058,5,31000061,1)","2040","0","5","(31090501,1,31102249,1,31090502,2)","39000080","65","(76991150,76991151,76991152,76991153)"
"157000024","0","1","90203975","91290645","7300","7900","(31100080,1,31020005,30,31010058,6,31000061,1)","2190","90203637","5","(31090501,1,31102504,1,31000166,3)","39000081","50","(76991154,76991155,76991156,76991157)"
"157000025","0","1","90203976","91290646","7900","8500","(31100080,1,31020005,30,31010058,6,31000061,1)","2370","0","5","(31090501,1,31102509,1,31000166,3)","39000081","50","(76991154,76991155,76991156,76991157)"
"157000026","0","1","90203977","91290647","8500","9200","(31100080,1,31020005,30,31010058,6,31000061,1)","2550","0","5","(31090501,1,31102514,1,31000166,3)","39000081","50","(76991154,76991155,76991156,76991157)"
"157000027","0","1","90203978","91290648","9200","10000","(31100080,1,31020005,30,31010058,6,31000061,1)","2760","0","5","(31090501,1,31102519,1,31000166,3)","39000081","50","(76991154,76991155,76991156,76991157)"
"157000028","0","1","90203979","91290649","10000","999999","(31100080,1,31020005,30,31010058,6,31000061,1)","3000","0","5","(31090501,1,31102524,1,31000166,3)","39000081","50","(76991154,76991155,76991156,76991157)"
"157000029","0","2","90203952","91290622","0","100","(31020005,6,31010058,1,31000061,1)","0","90203632","5","(31140133,1,31102501,1,31090502,1)","0","100","(76991134,76991135,76991136,76991137)"
"157000030","0","2","90203953","91290623","100","200","(31020005,6,31010058,1,31000061,1)","0","0","5","(31140133,1,31102511,1,31090502,1)","0","100","(76991134,76991135,76991136,76991137)"
"157000031","0","2","90203954","91290624","200","300","(31020005,6,31010058,1,31000061,1)","0","0","5","(31140133,1,31102521,1,31090502,1)","0","100","(76991134,76991135,76991136,76991137)"
"157000032","0","2","90203955","91290625","300","500","(31020005,9,31010058,2,31000061,1)","90","90203633","5","(31140134,1,31102502,1,31090502,1)","0","100","(76991138,76991139,76991140,76991141)"
"157000033","0","2","90203956","91290626","500","700","(31020005,9,31010058,2,31000061,1)","150","0","5","(31140134,1,31102507,1,31090502,1)","0","100","(76991138,76991139,76991140,76991141)"
"157000034","0","2","90203957","91290627","700","900","(31020005,9,31010058,2,31000061,1)","210","0","5","(31140134,1,31102512,1,31090502,1)","0","100","(76991138,76991139,76991140,76991141)"
"157000035","0","2","90203958","91290628","900","1100","(31020005,9,31010058,2,31000061,1)","270","0","5","(31140134,1,31102517,1,31090502,1)","0","100","(76991138,76991139,76991140,76991141)"
"157000036","0","2","90203959","91290629","1100","1300","(31020005,9,31010058,2,31000061,1)","330","0","5","(31140134,1,31102522,1,31090502,1)","0","100","(76991138,76991139,76991140,76991141)"
"157000037","0","2","90203960","91290630","1300","1600","(31020005,15,31010058,3,31000061,1)","390","90203634","5","(31090501,1,31102208,1,31090502,1)","0","100","(76991142,76991143,76991144,76991145)"
"157000038","0","2","90203961","91290631","1600","1900","(31020005,15,31010058,3,31000061,1)","480","0","5","(31090501,1,31102218,1,31090502,1)","0","100","(76991142,76991143,76991144,76991145)"
"157000039","0","2","90203962","91290632","1900","2200","(31020005,15,31010058,3,31000061,1)","570","0","5","(31090501,1,31102228,1,31090502,1)","0","100","(76991142,76991143,76991144,76991145)"
"157000040","0","2","90203963","91290633","2200","2500","(31020005,15,31010058,3,31000061,1)","660","0","5","(31090501,1,31102238,1,31090502,1)","0","100","(76991142,76991143,76991144,76991145)"
"157000041","0","2","90203964","91290634","2500","2800","(31020005,15,31010058,3,31000061,1)","750","0","5","(31090501,1,31102248,1,31090502,1)","0","100","(76991142,76991143,76991144,76991145)"
"157000042","0","2","90203965","91290635","2800","3200","(31100078,1,31020005,15,31010058,4,31000061,1)","840","90203635","5","(31090501,1,31102503,1,31090502,2)","39000079","80","(76991146,76991147,76991148,76991149)"
"157000043","0","2","90203966","91290636","3200","3600","(31100078,1,31020005,15,31010058,4,31000061,1)","960","0","5","(31090501,1,31102508,1,31090502,2)","39000079","80","(76991146,76991147,76991148,76991149)"
"157000044","0","2","90203967","91290637","3600","4000","(31100078,1,31020005,15,31010058,4,31000061,1)","1080","0","5","(31090501,1,31102513,1,31090502,2)","39000079","80","(76991146,76991147,76991148,76991149)"
"157000045","0","2","90203968","91290638","4000","4400","(31100078,1,31020005,15,31010058,4,31000061,1)","1200","0","5","(31090501,1,31102518,1,31090502,2)","39000079","80","(76991146,76991147,76991148,76991149)"
"157000046","0","2","90203969","91290639","4400","4800","(31100078,1,31020005,15,31010058,4,31000061,1)","1320","0","5","(31090501,1,31102523,1,31090502,2)","39000079","80","(76991146,76991147,76991148,76991149)"
"157000047","0","2","90203970","91290640","4800","5300","(31100079,1,31020005,21,31010058,5,31000061,1)","1440","90203636","5","(31090501,1,31102209,1,31090502,2)","39000080","65","(76991150,76991151,76991152,76991153)"
"157000048","0","2","90203971","91290641","5300","5800","(31100079,1,31020005,21,31010058,5,31000061,1)","1590","0","5","(31090501,1,31102219,1,31090502,2)","39000080","65","(76991150,76991151,76991152,76991153)"
"157000049","0","2","90203972","91290642","5800","6300","(31100079,1,31020005,21,31010058,5,31000061,1)","1740","0","5","(31090501,1,31102229,1,31090502,2)","39000080","65","(76991150,76991151,76991152,76991153)"
"157000050","0","2","90203973","91290643","6300","6800","(31100079,1,31020005,21,31010058,5,31000061,1)","1890","0","5","(31090501,1,31102239,1,31090502,2)","39000080","65","(76991150,76991151,76991152,76991153)"
"157000051","0","2","90203974","91290644","6800","7300","(31100079,1,31020005,21,31010058,5,31000061,1)","2040","0","5","(31090501,1,31102249,1,31090502,2)","39000080","65","(76991150,76991151,76991152,76991153)"
"157000052","0","2","90203975","91290645","7300","7900","(31100080,1,31020005,30,31010058,6,31000061,1)","2190","90203637","5","(31090501,1,31102504,1,31000166,3)","39000081","50","(76991154,76991155,76991156,76991157)"
"157000053","0","2","90203976","91290646","7900","8500","(31100080,1,31020005,30,31010058,6,31000061,1)","2370","0","5","(31090501,1,31102509,1,31000166,3)","39000081","50","(76991154,76991155,76991156,76991157)"
"157000054","0","2","90203977","91290647","8500","9200","(31100080,1,31020005,30,31010058,6,31000061,1)","2550","0","5","(31090501,1,31102514,1,31000166,3)","39000081","50","(76991154,76991155,76991156,76991157)"
"157000055","0","2","90203978","91290648","9200","10000","(31100080,1,31020005,30,31010058,6,31000061,1)","2760","0","5","(31090501,1,31102519,1,31000166,3)","39000081","50","(76991154,76991155,76991156,76991157)"
"157000056","0","2","90203979","91290649","10000","999999","(31100080,1,31020005,30,31010058,6,31000061,1)","3000","0","5","(31090501,1,31102524,1,31000166,3)","39000081","50","(76991154,76991155,76991156,76991157)"
"157000057","0","3","90203952","91290622","0","100","(31020005,6,31010058,1,31000061,1)","0","90203632","5","(31140133,1,31102501,1,31090502,1)","0","100","(76991134,76991135,76991136,76991137)"
"157000058","0","3","90203953","91290623","100","200","(31020005,6,31010058,1,31000061,1)","0","0","5","(31140133,1,31102511,1,31090502,1)","0","100","(76991134,76991135,76991136,76991137)"
"157000059","0","3","90203954","91290624","200","300","(31020005,6,31010058,1,31000061,1)","0","0","5","(31140133,1,31102521,1,31090502,1)","0","100","(76991134,76991135,76991136,76991137)"
"157000060","0","3","90203955","91290625","300","500","(31020005,9,31010058,2,31000061,1)","90","90203633","5","(31140134,1,31102502,1,31090502,1)","0","100","(76991138,76991139,76991140,76991141)"
"157000061","0","3","90203956","91290626","500","700","(31020005,9,31010058,2,31000061,1)","150","0","5","(31140134,1,31102507,1,31090502,1)","0","100","(76991138,76991139,76991140,76991141)"
"157000062","0","3","90203957","91290627","700","900","(31020005,9,31010058,2,31000061,1)","210","0","5","(31140134,1,31102512,1,31090502,1)","0","100","(76991138,76991139,76991140,76991141)"
"157000063","0","3","90203958","91290628","900","1100","(31020005,9,31010058,2,31000061,1)","270","0","5","(31140134,1,31102517,1,31090502,1)","0","100","(76991138,76991139,76991140,76991141)"
"157000064","0","3","90203959","91290629","1100","1300","(31020005,9,31010058,2,31000061,1)","330","0","5","(31140134,1,31102522,1,31090502,1)","0","100","(76991138,76991139,76991140,76991141)"
"157000065","0","3","90203960","91290630","1300","1600","(31020005,15,31010058,3,31000061,1)","390","90203634","5","(31090501,1,31102208,1,31090502,1)","0","100","(76991142,76991143,76991144,76991145)"
"157000066","0","3","90203961","91290631","1600","1900","(31020005,15,31010058,3,31000061,1)","480","0","5","(31090501,1,31102218,1,31090502,1)","0","100","(76991142,76991143,76991144,76991145)"
"157000067","0","3","90203962","91290632","1900","2200","(31020005,15,31010058,3,31000061,1)","570","0","5","(31090501,1,31102228,1,31090502,1)","0","100","(76991142,76991143,76991144,76991145)"
"157000068","0","3","90203963","91290633","2200","2500","(31020005,15,31010058,3,31000061,1)","660","0","5","(31090501,1,31102238,1,31090502,1)","0","100","(76991142,76991143,76991144,76991145)"
"157000069","0","3","90203964","91290634","2500","2800","(31020005,15,31010058,3,31000061,1)","750","0","5","(31090501,1,31102248,1,31090502,1)","0","100","(76991142,76991143,76991144,76991145)"
"157000070","0","3","90203965","91290635","2800","3200","(31100078,1,31020005,15,31010058,4,31000061,1)","840","90203635","5","(31090501,1,31102503,1,31090502,2)","39000079","80","(76991146,76991147,76991148,76991149)"
"157000071","0","3","90203966","91290636","3200","3600","(31100078,1,31020005,15,31010058,4,31000061,1)","960","0","5","(31090501,1,31102508,1,31090502,2)","39000079","80","(76991146,76991147,76991148,76991149)"
"157000072","0","3","90203967","91290637","3600","4000","(31100078,1,31020005,15,31010058,4,31000061,1)","1080","0","5","(31090501,1,31102513,1,31090502,2)","39000079","80","(76991146,76991147,76991148,76991149)"
"157000073","0","3","90203968","91290638","4000","4400","(31100078,1,31020005,15,31010058,4,31000061,1)","1200","0","5","(31090501,1,31102518,1,31090502,2)","39000079","80","(76991146,76991147,76991148,76991149)"
"157000074","0","3","90203969","91290639","4400","4800","(31100078,1,31020005,15,31010058,4,31000061,1)","1320","0","5","(31090501,1,31102523,1,31090502,2)","39000079","80","(76991146,76991147,76991148,76991149)"
"157000075","0","3","90203970","91290640","4800","5300","(31100079,1,31020005,21,31010058,5,31000061,1)","1440","90203636","5","(31090501,1,31102209,1,31090502,2)","39000080","65","(76991150,76991151,76991152,76991153)"
"157000076","0","3","90203971","91290641","5300","5800","(31100079,1,31020005,21,31010058,5,31000061,1)","1590","0","5","(31090501,1,31102219,1,31090502,2)","39000080","65","(76991150,76991151,76991152,76991153)"
"157000077","0","3","90203972","91290642","5800","6300","(31100079,1,31020005,21,31010058,5,31000061,1)","1740","0","5","(31090501,1,31102229,1,31090502,2)","39000080","65","(76991150,76991151,76991152,76991153)"
"157000078","0","3","90203973","91290643","6300","6800","(31100079,1,31020005,21,31010058,5,31000061,1)","1890","0","5","(31090501,1,31102239,1,31090502,2)","39000080","65","(76991150,76991151,76991152,76991153)"
"157000079","0","3","90203974","91290644","6800","7300","(31100079,1,31020005,21,31010058,5,31000061,1)","2040","0","5","(31090501,1,31102249,1,31090502,2)","39000080","65","(76991150,76991151,76991152,76991153)"
"157000080","0","3","90203975","91290645","7300","7900","(31100080,1,31020005,30,31010058,6,31000061,1)","2190","90203637","5","(31090501,1,31102504,1,31000166,3)","39000081","50","(76991154,76991155,76991156,76991157)"
"157000081","0","3","90203976","91290646","7900","8500","(31100080,1,31020005,30,31010058,6,31000061,1)","2370","0","5","(31090501,1,31102509,1,31000166,3)","39000081","50","(76991154,76991155,76991156,76991157)"
"157000082","0","3","90203977","91290647","8500","9200","(31100080,1,31020005,30,31010058,6,31000061,1)","2550","0","5","(31090501,1,31102514,1,31000166,3)","39000081","50","(76991154,76991155,76991156,76991157)"
"157000083","0","3","90203978","91290648","9200","10000","(31100080,1,31020005,30,31010058,6,31000061,1)","2760","0","5","(31090501,1,31102519,1,31000166,3)","39000081","50","(76991154,76991155,76991156,76991157)"
"157000084","0","3","90203979","91290649","10000","999999","(31100080,1,31020005,30,31010058,6,31000061,1)","3000","0","5","(31090501,1,31102524,1,31000166,3)","39000081","50","(76991154,76991155,76991156,76991157)"
"157000085","0","4","90203952","91290622","0","100","(31020005,6,31010058,1,31000061,1)","0","90203632","5","(31140133,1,31102501,1,31090502,1)","0","100","(76991134,76991135,76991136,76991137)"
"157000086","0","4","90203953","91290623","100","200","(31020005,6,31010058,1,31000061,1)","0","0","5","(31140133,1,31102511,1,31090502,1)","0","100","(76991134,76991135,76991136,76991137)"
"157000087","0","4","90203954","91290624","200","300","(31020005,6,31010058,1,31000061,1)","0","0","5","(31140133,1,31102521,1,31090502,1)","0","100","(76991134,76991135,76991136,76991137)"
"157000088","0","4","90203955","91290625","300","500","(31020005,9,31010058,2,31000061,1)","90","90203633","5","(31140134,1,31102502,1,31090502,1)","0","100","(76991138,76991139,76991140,76991141)"
"157000089","0","4","90203956","91290626","500","700","(31020005,9,31010058,2,31000061,1)","150","0","5","(31140134,1,31102507,1,31090502,1)","0","100","(76991138,76991139,76991140,76991141)"
"157000090","0","4","90203957","91290627","700","900","(31020005,9,31010058,2,31000061,1)","210","0","5","(31140134,1,31102512,1,31090502,1)","0","100","(76991138,76991139,76991140,76991141)"
"157000091","0","4","90203958","91290628","900","1100","(31020005,9,31010058,2,31000061,1)","270","0","5","(31140134,1,31102517,1,31090502,1)","0","100","(76991138,76991139,76991140,76991141)"
"157000092","0","4","90203959","91290629","1100","1300","(31020005,9,31010058,2,31000061,1)","330","0","5","(31140134,1,31102522,1,31090502,1)","0","100","(76991138,76991139,76991140,76991141)"
"157000093","0","4","90203960","91290630","1300","1600","(31020005,15,31010058,3,31000061,1)","390","90203634","5","(31090501,1,31102208,1,31090502,1)","0","100","(76991142,76991143,76991144,76991145)"
"157000094","0","4","90203961","91290631","1600","1900","(31020005,15,31010058,3,31000061,1)","480","0","5","(31090501,1,31102218,1,31090502,1)","0","100","(76991142,76991143,76991144,76991145)"
"157000095","0","4","90203962","91290632","1900","2200","(31020005,15,31010058,3,31000061,1)","570","0","5","(31090501,1,31102228,1,31090502,1)","0","100","(76991142,76991143,76991144,76991145)"
"157000096","0","4","90203963","91290633","2200","2500","(31020005,15,31010058,3,31000061,1)","660","0","5","(31090501,1,31102238,1,31090502,1)","0","100","(76991142,76991143,76991144,76991145)"
"157000097","0","4","90203964","91290634","2500","2800","(31020005,15,31010058,3,31000061,1)","750","0","5","(31090501,1,31102248,1,31090502,1)","0","100","(76991142,76991143,76991144,76991145)"
"157000098","0","4","90203965","91290635","2800","3200","(31100078,1,31020005,15,31010058,4,31000061,1)","840","90203635","5","(31090501,1,31102503,1,31090502,2)","39000079","80","(76991146,76991147,76991148,76991149)"
"157000099","0","4","90203966","91290636","3200","3600","(31100078,1,31020005,15,31010058,4,31000061,1)","960","0","5","(31090501,1,31102508,1,31090502,2)","39000079","80","(76991146,76991147,76991148,76991149)"
"157000100","0","4","90203967","91290637","3600","4000","(31100078,1,31020005,15,31010058,4,31000061,1)","1080","0","5","(31090501,1,31102513,1,31090502,2)","39000079","80","(76991146,76991147,76991148,76991149)"
"157000101","0","4","90203968","91290638","4000","4400","(31100078,1,31020005,15,31010058,4,31000061,1)","1200","0","5","(31090501,1,31102518,1,31090502,2)","39000079","80","(76991146,76991147,76991148,76991149)"
"157000102","0","4","90203969","91290639","4400","4800","(31100078,1,31020005,15,31010058,4,31000061,1)","1320","0","5","(31090501,1,31102523,1,31090502,2)","39000079","80","(76991146,76991147,76991148,76991149)"
"157000103","0","4","90203970","91290640","4800","5300","(31100079,1,31020005,21,31010058,5,31000061,1)","1440","90203636","5","(31090501,1,31102209,1,31090502,2)","39000080","65","(76991150,76991151,76991152,76991153)"
"157000104","0","4","90203971","91290641","5300","5800","(31100079,1,31020005,21,31010058,5,31000061,1)","1590","0","5","(31090501,1,31102219,1,31090502,2)","39000080","65","(76991150,76991151,76991152,76991153)"
"157000105","0","4","90203972","91290642","5800","6300","(31100079,1,31020005,21,31010058,5,31000061,1)","1740","0","5","(31090501,1,31102229,1,31090502,2)","39000080","65","(76991150,76991151,76991152,76991153)"
"157000106","0","4","90203973","91290643","6300","6800","(31100079,1,31020005,21,31010058,5,31000061,1)","1890","0","5","(31090501,1,31102239,1,31090502,2)","39000080","65","(76991150,76991151,76991152,76991153)"
"157000107","0","4","90203974","91290644","6800","7300","(31100079,1,31020005,21,31010058,5,31000061,1)","2040","0","5","(31090501,1,31102249,1,31090502,2)","39000080","65","(76991150,76991151,76991152,76991153)"
"157000108","0","4","90203975","91290645","7300","7900","(31100080,1,31020005,30,31010058,6,31000061,1)","2190","90203637","5","(31090501,1,31102504,1,31000166,3)","39000081","50","(76991154,76991155,76991156,76991157)"
"157000109","0","4","90203976","91290646","7900","8500","(31100080,1,31020005,30,31010058,6,31000061,1)","2370","0","5","(31090501,1,31102509,1,31000166,3)","39000081","50","(76991154,76991155,76991156,76991157)"
"157000110","0","4","90203977","91290647","8500","9200","(31100080,1,31020005,30,31010058,6,31000061,1)","2550","0","5","(31090501,1,31102514,1,31000166,3)","39000081","50","(76991154,76991155,76991156,76991157)"
"157000111","0","4","90203978","91290648","9200","10000","(31100080,1,31020005,30,31010058,6,31000061,1)","2760","0","5","(31090501,1,31102519,1,31000166,3)","39000081","50","(76991154,76991155,76991156,76991157)"
"157000112","0","4","90203979","91290649","10000","999999","(31100080,1,31020005,30,31010058,6,31000061,1)","3000","0","5","(31090501,1,31102524,1,31000166,3)","39000081","50","(76991154,76991155,76991156,76991157)"
"157000113","0","5","90203952","91290622","0","100","(31020005,6,31010058,1,31000061,1)","0","90203632","5","(31140133,1,31102501,1,31090502,1)","0","100","(76991134,76991135,76991136,76991137)"
"157000114","0","5","90203953","91290623","100","200","(31020005,6,31010058,1,31000061,1)","0","0","5","(31140133,1,31102511,1,31090502,1)","0","100","(76991134,76991135,76991136,76991137)"
"157000115","0","5","90203954","91290624","200","300","(31020005,6,31010058,1,31000061,1)","0","0","5","(31140133,1,31102521,1,31090502,1)","0","100","(76991134,76991135,76991136,76991137)"
"157000116","0","5","90203955","91290625","300","500","(31020005,9,31010058,2,31000061,1)","90","90203633","5","(31140134,1,31102502,1,31090502,1)","0","100","(76991138,76991139,76991140,76991141)"
"157000117","0","5","90203956","91290626","500","700","(31020005,9,31010058,2,31000061,1)","150","0","5","(31140134,1,31102507,1,31090502,1)","0","100","(76991138,76991139,76991140,76991141)"
"157000118","0","5","90203957","91290627","700","900","(31020005,9,31010058,2,31000061,1)","210","0","5","(31140134,1,31102512,1,31090502,1)","0","100","(76991138,76991139,76991140,76991141)"
"157000119","0","5","90203958","91290628","900","1100","(31020005,9,31010058,2,31000061,1)","270","0","5","(31140134,1,31102517,1,31090502,1)","0","100","(76991138,76991139,76991140,76991141)"
"157000120","0","5","90203959","91290629","1100","1300","(31020005,9,31010058,2,31000061,1)","330","0","5","(31140134,1,31102522,1,31090502,1)","0","100","(76991138,76991139,76991140,76991141)"
"157000121","0","5","90203960","91290630","1300","1600","(31020005,15,31010058,3,31000061,1)","390","90203634","5","(31090501,1,31102208,1,31090502,1)","0","100","(76991142,76991143,76991144,76991145)"
"157000122","0","5","90203961","91290631","1600","1900","(31020005,15,31010058,3,31000061,1)","480","0","5","(31090501,1,31102218,1,31090502,1)","0","100","(76991142,76991143,76991144,76991145)"
"157000123","0","5","90203962","91290632","1900","2200","(31020005,15,31010058,3,31000061,1)","570","0","5","(31090501,1,31102228,1,31090502,1)","0","100","(76991142,76991143,76991144,76991145)"
"157000124","0","5","90203963","91290633","2200","2500","(31020005,15,31010058,3,31000061,1)","660","0","5","(31090501,1,31102238,1,31090502,1)","0","100","(76991142,76991143,76991144,76991145)"
"157000125","0","5","90203964","91290634","2500","2800","(31020005,15,31010058,3,31000061,1)","750","0","5","(31090501,1,31102248,1,31090502,1)","0","100","(76991142,76991143,76991144,76991145)"
"157000126","0","5","90203965","91290635","2800","3200","(31100078,1,31020005,15,31010058,4,31000061,1)","840","90203635","5","(31090501,1,31102503,1,31090502,2)","39000079","80","(76991146,76991147,76991148,76991149)"
"157000127","0","5","90203966","91290636","3200","3600","(31100078,1,31020005,15,31010058,4,31000061,1)","960","0","5","(31090501,1,31102508,1,31090502,2)","39000079","80","(76991146,76991147,76991148,76991149)"
"157000128","0","5","90203967","91290637","3600","4000","(31100078,1,31020005,15,31010058,4,31000061,1)","1080","0","5","(31090501,1,31102513,1,31090502,2)","39000079","80","(76991146,76991147,76991148,76991149)"
"157000129","0","5","90203968","91290638","4000","4400","(31100078,1,31020005,15,31010058,4,31000061,1)","1200","0","5","(31090501,1,31102518,1,31090502,2)","39000079","80","(76991146,76991147,76991148,76991149)"
"157000130","0","5","90203969","91290639","4400","4800","(31100078,1,31020005,15,31010058,4,31000061,1)","1320","0","5","(31090501,1,31102523,1,31090502,2)","39000079","80","(76991146,76991147,76991148,76991149)"
"157000131","0","5","90203970","91290640","4800","5300","(31100079,1,31020005,21,31010058,5,31000061,1)","1440","90203636","5","(31090501,1,31102209,1,31090502,2)","39000080","65","(76991150,76991151,76991152,76991153)"
"157000132","0","5","90203971","91290641","5300","5800","(31100079,1,31020005,21,31010058,5,31000061,1)","1590","0","5","(31090501,1,31102219,1,31090502,2)","39000080","65","(76991150,76991151,76991152,76991153)"
"157000133","0","5","90203972","91290642","5800","6300","(31100079,1,31020005,21,31010058,5,31000061,1)","1740","0","5","(31090501,1,31102229,1,31090502,2)","39000080","65","(76991150,76991151,76991152,76991153)"
"157000134","0","5","90203973","91290643","6300","6800","(31100079,1,31020005,21,31010058,5,31000061,1)","1890","0","5","(31090501,1,31102239,1,31090502,2)","39000080","65","(76991150,76991151,76991152,76991153)"
"157000135","0","5","90203974","91290644","6800","7300","(31100079,1,31020005,21,31010058,5,31000061,1)","2040","0","5","(31090501,1,31102249,1,31090502,2)","39000080","65","(76991150,76991151,76991152,76991153)"
"157000136","0","5","90203975","91290645","7300","7900","(31100080,1,31020005,30,31010058,6,31000061,1)","2190","90203637","5","(31090501,1,31102504,1,31000166,3)","39000081","50","(76991154,76991155,76991156,76991157)"
"157000137","0","5","90203976","91290646","7900","8500","(31100080,1,31020005,30,31010058,6,31000061,1)","2370","0","5","(31090501,1,31102509,1,31000166,3)","39000081","50","(76991154,76991155,76991156,76991157)"
"157000138","0","5","90203977","91290647","8500","9200","(31100080,1,31020005,30,31010058,6,31000061,1)","2550","0","5","(31090501,1,31102514,1,31000166,3)","39000081","50","(76991154,76991155,76991156,76991157)"
"157000139","0","5","90203978","91290648","9200","10000","(31100080,1,31020005,30,31010058,6,31000061,1)","2760","0","5","(31090501,1,31102519,1,31000166,3)","39000081","50","(76991154,76991155,76991156,76991157)"
"157000140","0","5","90203979","91290649","10000","999999","(31100080,1,31020005,30,31010058,6,31000061,1)","3000","0","5","(31090501,1,31102524,1,31000166,3)","39000081","50","(76991154,76991155,76991156,76991157)"
"157000141","0","6","90203952","91290622","0","100","(31020005,6,31010058,1,31000061,1)","0","90203632","5","(31140133,1,31102501,1,31090502,1)","0","100","(76991134,76991135,76991136,76991137)"
"157000142","0","6","90203953","91290623","100","200","(31020005,6,31010058,1,31000061,1)","0","0","5","(31140133,1,31102511,1,31090502,1)","0","100","(76991134,76991135,76991136,76991137)"
"157000143","0","6","90203954","91290624","200","300","(31020005,6,31010058,1,31000061,1)","0","0","5","(31140133,1,31102521,1,31090502,1)","0","100","(76991134,76991135,76991136,76991137)"
"157000144","0","6","90203955","91290625","300","500","(31020005,9,31010058,2,31000061,1)","90","90203633","5","(31140134,1,31102502,1,31090502,1)","0","100","(76991138,76991139,76991140,76991141)"
"157000145","0","6","90203956","91290626","500","700","(31020005,9,31010058,2,31000061,1)","150","0","5","(31140134,1,31102507,1,31090502,1)","0","100","(76991138,76991139,76991140,76991141)"
"157000146","0","6","90203957","91290627","700","900","(31020005,9,31010058,2,31000061,1)","210","0","5","(31140134,1,31102512,1,31090502,1)","0","100","(76991138,76991139,76991140,76991141)"
"157000147","0","6","90203958","91290628","900","1100","(31020005,9,31010058,2,31000061,1)","270","0","5","(31140134,1,31102517,1,31090502,1)","0","100","(76991138,76991139,76991140,76991141)"
"157000148","0","6","90203959","91290629","1100","1300","(31020005,9,31010058,2,31000061,1)","330","0","5","(31140134,1,31102522,1,31090502,1)","0","100","(76991138,76991139,76991140,76991141)"
"157000149","0","6","90203960","91290630","1300","1600","(31020005,15,31010058,3,31000061,1)","390","90203634","5","(31090501,1,31102208,1,31090502,1)","0","100","(76991142,76991143,76991144,76991145)"
"157000150","0","6","90203961","91290631","1600","1900","(31020005,15,31010058,3,31000061,1)","480","0","5","(31090501,1,31102218,1,31090502,1)","0","100","(76991142,76991143,76991144,76991145)"
"157000151","0","6","90203962","91290632","1900","2200","(31020005,15,31010058,3,31000061,1)","570","0","5","(31090501,1,31102228,1,31090502,1)","0","100","(76991142,76991143,76991144,76991145)"
"157000152","0","6","90203963","91290633","2200","2500","(31020005,15,31010058,3,31000061,1)","660","0","5","(31090501,1,31102238,1,31090502,1)","0","100","(76991142,76991143,76991144,76991145)"
"157000153","0","6","90203964","91290634","2500","2800","(31020005,15,31010058,3,31000061,1)","750","0","5","(31090501,1,31102248,1,31090502,1)","0","100","(76991142,76991143,76991144,76991145)"
"157000154","0","6","90203965","91290635","2800","3200","(31100078,1,31020005,15,31010058,4,31000061,1)","840","90203635","5","(31090501,1,31102503,1,31090502,2)","39000079","80","(76991146,76991147,76991148,76991149)"
"157000155","0","6","90203966","91290636","3200","3600","(31100078,1,31020005,15,31010058,4,31000061,1)","960","0","5","(31090501,1,31102508,1,31090502,2)","39000079","80","(76991146,76991147,76991148,76991149)"
"157000156","0","6","90203967","91290637","3600","4000","(31100078,1,31020005,15,31010058,4,31000061,1)","1080","0","5","(31090501,1,31102513,1,31090502,2)","39000079","80","(76991146,76991147,76991148,76991149)"
"157000157","0","6","90203968","91290638","4000","4400","(31100078,1,31020005,15,31010058,4,31000061,1)","1200","0","5","(31090501,1,31102518,1,31090502,2)","39000079","80","(76991146,76991147,76991148,76991149)"
"157000158","0","6","90203969","91290639","4400","4800","(31100078,1,31020005,15,31010058,4,31000061,1)","1320","0","5","(31090501,1,31102523,1,31090502,2)","39000079","80","(76991146,76991147,76991148,76991149)"
"157000159","0","6","90203970","91290640","4800","5300","(31100079,1,31020005,21,31010058,5,31000061,1)","1440","90203636","5","(31090501,1,31102209,1,31090502,2)","39000080","65","(76991150,76991151,76991152,76991153)"
"157000160","0","6","90203971","91290641","5300","5800","(31100079,1,31020005,21,31010058,5,31000061,1)","1590","0","5","(31090501,1,31102219,1,31090502,2)","39000080","65","(76991150,76991151,76991152,76991153)"
"157000161","0","6","90203972","91290642","5800","6300","(31100079,1,31020005,21,31010058,5,31000061,1)","1740","0","5","(31090501,1,31102229,1,31090502,2)","39000080","65","(76991150,76991151,76991152,76991153)"
"157000162","0","6","90203973","91290643","6300","6800","(31100079,1,31020005,21,31010058,5,31000061,1)","1890","0","5","(31090501,1,31102239,1,31090502,2)","39000080","65","(76991150,76991151,76991152,76991153)"
"157000163","0","6","90203974","91290644","6800","7300","(31100079,1,31020005,21,31010058,5,31000061,1)","2040","0","5","(31090501,1,31102249,1,31090502,2)","39000080","65","(76991150,76991151,76991152,76991153)"
"157000164","0","6","90203975","91290645","7300","7900","(31100080,1,31020005,30,31010058,6,31000061,1)","2190","90203637","5","(31090501,1,31102504,1,31000166,3)","39000081","50","(76991154,76991155,76991156,76991157)"
"157000165","0","6","90203976","91290646","7900","8500","(31100080,1,31020005,30,31010058,6,31000061,1)","2370","0","5","(31090501,1,31102509,1,31000166,3)","39000081","50","(76991154,76991155,76991156,76991157)"
"157000166","0","6","90203977","91290647","8500","9200","(31100080,1,31020005,30,31010058,6,31000061,1)","2550","0","5","(31090501,1,31102514,1,31000166,3)","39000081","50","(76991154,76991155,76991156,76991157)"
"157000167","0","6","90203978","91290648","9200","10000","(31100080,1,31020005,30,31010058,6,31000061,1)","2760","0","5","(31090501,1,31102519,1,31000166,3)","39000081","50","(76991154,76991155,76991156,76991157)"
"157000168","0","6","90203979","91290649","10000","999999","(31100080,1,31020005,30,31010058,6,31000061,1)","3000","0","5","(31090501,1,31102524,1,31000166,3)","39000081","50","(76991154,76991155,76991156,76991157)"
"157000169","0","7","90203952","91290622","0","100","(31020005,6,31010058,1,31000061,1)","0","90203632","5","(31140133,1,31102501,1,31090502,1)","0","100","(76991134,76991135,76991136,76991137)"
"157000170","0","7","90203953","91290623","100","200","(31020005,6,31010058,1,31000061,1)","0","0","5","(31140133,1,31102511,1,31090502,1)","0","100","(76991134,76991135,76991136,76991137)"
"157000171","0","7","90203954","91290624","200","300","(31020005,6,31010058,1,31000061,1)","0","0","5","(31140133,1,31102521,1,31090502,1)","0","100","(76991134,76991135,76991136,76991137)"
"157000172","0","7","90203955","91290625","300","500","(31020005,9,31010058,2,31000061,1)","90","90203633","5","(31140134,1,31102502,1,31090502,1)","0","100","(76991138,76991139,76991140,76991141)"
"157000173","0","7","90203956","91290626","500","700","(31020005,9,31010058,2,31000061,1)","150","0","5","(31140134,1,31102507,1,31090502,1)","0","100","(76991138,76991139,76991140,76991141)"
"157000174","0","7","90203957","91290627","700","900","(31020005,9,31010058,2,31000061,1)","210","0","5","(31140134,1,31102512,1,31090502,1)","0","100","(76991138,76991139,76991140,76991141)"
"157000175","0","7","90203958","91290628","900","1100","(31020005,9,31010058,2,31000061,1)","270","0","5","(31140134,1,31102517,1,31090502,1)","0","100","(76991138,76991139,76991140,76991141)"
"157000176","0","7","90203959","91290629","1100","1300","(31020005,9,31010058,2,31000061,1)","330","0","5","(31140134,1,31102522,1,31090502,1)","0","100","(76991138,76991139,76991140,76991141)"
"157000177","0","7","90203960","91290630","1300","1600","(31020005,15,31010058,3,31000061,1)","390","90203634","5","(31090501,1,31102208,1,31090502,1)","0","100","(76991142,76991143,76991144,76991145)"
"157000178","0","7","90203961","91290631","1600","1900","(31020005,15,31010058,3,31000061,1)","480","0","5","(31090501,1,31102218,1,31090502,1)","0","100","(76991142,76991143,76991144,76991145)"
"157000179","0","7","90203962","91290632","1900","2200","(31020005,15,31010058,3,31000061,1)","570","0","5","(31090501,1,31102228,1,31090502,1)","0","100","(76991142,76991143,76991144,76991145)"
"157000180","0","7","90203963","91290633","2200","2500","(31020005,15,31010058,3,31000061,1)","660","0","5","(31090501,1,31102238,1,31090502,1)","0","100","(76991142,76991143,76991144,76991145)"
"157000181","0","7","90203964","91290634","2500","2800","(31020005,15,31010058,3,31000061,1)","750","0","5","(31090501,1,31102248,1,31090502,1)","0","100","(76991142,76991143,76991144,76991145)"
"157000182","0","7","90203965","91290635","2800","3200","(31100078,1,31020005,15,31010058,4,31000061,1)","840","90203635","5","(31090501,1,31102503,1,31090502,2)","39000079","80","(76991146,76991147,76991148,76991149)"
"157000183","0","7","90203966","91290636","3200","3600","(31100078,1,31020005,15,31010058,4,31000061,1)","960","0","5","(31090501,1,31102508,1,31090502,2)","39000079","80","(76991146,76991147,76991148,76991149)"
"157000184","0","7","90203967","91290637","3600","4000","(31100078,1,31020005,15,31010058,4,31000061,1)","1080","0","5","(31090501,1,31102513,1,31090502,2)","39000079","80","(76991146,76991147,76991148,76991149)"
"157000185","0","7","90203968","91290638","4000","4400","(31100078,1,31020005,15,31010058,4,31000061,1)","1200","0","5","(31090501,1,31102518,1,31090502,2)","39000079","80","(76991146,76991147,76991148,76991149)"
"157000186","0","7","90203969","91290639","4400","4800","(31100078,1,31020005,15,31010058,4,31000061,1)","1320","0","5","(31090501,1,31102523,1,31090502,2)","39000079","80","(76991146,76991147,76991148,76991149)"
"157000187","0","7","90203970","91290640","4800","5300","(31100079,1,31020005,21,31010058,5,31000061,1)","1440","90203636","5","(31090501,1,31102209,1,31090502,2)","39000080","65","(76991150,76991151,76991152,76991153)"
"157000188","0","7","90203971","91290641","5300","5800","(31100079,1,31020005,21,31010058,5,31000061,1)","1590","0","5","(31090501,1,31102219,1,31090502,2)","39000080","65","(76991150,76991151,76991152,76991153)"
"157000189","0","7","90203972","91290642","5800","6300","(31100079,1,31020005,21,31010058,5,31000061,1)","1740","0","5","(31090501,1,31102229,1,31090502,2)","39000080","65","(76991150,76991151,76991152,76991153)"
"157000190","0","7","90203973","91290643","6300","6800","(31100079,1,31020005,21,31010058,5,31000061,1)","1890","0","5","(31090501,1,31102239,1,31090502,2)","39000080","65","(76991150,76991151,76991152,76991153)"
"157000191","0","7","90203974","91290644","6800","7300","(31100079,1,31020005,21,31010058,5,31000061,1)","2040","0","5","(31090501,1,31102249,1,31090502,2)","39000080","65","(76991150,76991151,76991152,76991153)"
"157000192","0","7","90203975","91290645","7300","7900","(31100080,1,31020005,30,31010058,6,31000061,1)","2190","90203637","5","(31090501,1,31102504,1,31000166,3)","39000081","50","(76991154,76991155,76991156,76991157)"
"157000193","0","7","90203976","91290646","7900","8500","(31100080,1,31020005,30,31010058,6,31000061,1)","2370","0","5","(31090501,1,31102509,1,31000166,3)","39000081","50","(76991154,76991155,76991156,76991157)"
"157000194","0","7","90203977","91290647","8500","9200","(31100080,1,31020005,30,31010058,6,31000061,1)","2550","0","5","(31090501,1,31102514,1,31000166,3)","39000081","50","(76991154,76991155,76991156,76991157)"
"157000195","0","7","90203978","91290648","9200","10000","(31100080,1,31020005,30,31010058,6,31000061,1)","2760","0","5","(31090501,1,31102519,1,31000166,3)","39000081","50","(76991154,76991155,76991156,76991157)"
"157000196","0","7","90203979","91290649","10000","999999","(31100080,1,31020005,30,31010058,6,31000061,1)","3000","0","5","(31090501,1,31102524,1,31000166,3)","39000081","50","(76991154,76991155,76991156,76991157)"
"157000197","0","8","90203952","91290622","0","100","(31020005,6,31010058,1,31000061,1)","0","90203632","5","(31140133,1,31102501,1,31090502,1)","0","100","(76991134,76991135,76991136,76991137)"
"157000198","0","8","90203953","91290623","100","200","(31020005,6,31010058,1,31000061,1)","0","0","5","(31140133,1,31102511,1,31090502,1)","0","100","(76991134,76991135,76991136,76991137)"
"157000199","0","8","90203954","91290624","200","300","(31020005,6,31010058,1,31000061,1)","0","0","5","(31140133,1,31102521,1,31090502,1)","0","100","(76991134,76991135,76991136,76991137)"
"157000200","0","8","90203955","91290625","300","500","(31020005,9,31010058,2,31000061,1)","90","90203633","5","(31140134,1,31102502,1,31090502,1)","0","100","(76991138,76991139,76991140,76991141)"
"157000201","0","8","90203956","91290626","500","700","(31020005,9,31010058,2,31000061,1)","150","0","5","(31140134,1,31102507,1,31090502,1)","0","100","(76991138,76991139,76991140,76991141)"
"157000202","0","8","90203957","91290627","700","900","(31020005,9,31010058,2,31000061,1)","210","0","5","(31140134,1,31102512,1,31090502,1)","0","100","(76991138,76991139,76991140,76991141)"
"157000203","0","8","90203958","91290628","900","1100","(31020005,9,31010058,2,31000061,1)","270","0","5","(31140134,1,31102517,1,31090502,1)","0","100","(76991138,76991139,76991140,76991141)"
"157000204","0","8","90203959","91290629","1100","1300","(31020005,9,31010058,2,31000061,1)","330","0","5","(31140134,1,31102522,1,31090502,1)","0","100","(76991138,76991139,76991140,76991141)"
"157000205","0","8","90203960","91290630","1300","1600","(31020005,15,31010058,3,31000061,1)","390","90203634","5","(31090501,1,31102208,1,31090502,1)","0","100","(76991142,76991143,76991144,76991145)"
"157000206","0","8","90203961","91290631","1600","1900","(31020005,15,31010058,3,31000061,1)","480","0","5","(31090501,1,31102218,1,31090502,1)","0","100","(76991142,76991143,76991144,76991145)"
"157000207","0","8","90203962","91290632","1900","2200","(31020005,15,31010058,3,31000061,1)","570","0","5","(31090501,1,31102228,1,31090502,1)","0","100","(76991142,76991143,76991144,76991145)"
"157000208","0","8","90203963","91290633","2200","2500","(31020005,15,31010058,3,31000061,1)","660","0","5","(31090501,1,31102238,1,31090502,1)","0","100","(76991142,76991143,76991144,76991145)"
"157000209","0","8","90203964","91290634","2500","2800","(31020005,15,31010058,3,31000061,1)","750","0","5","(31090501,1,31102248,1,31090502,1)","0","100","(76991142,76991143,76991144,76991145)"
"157000210","0","8","90203965","91290635","2800","3200","(31100078,1,31020005,15,31010058,4,31000061,1)","840","90203635","5","(31090501,1,31102503,1,31090502,2)","39000079","80","(76991146,76991147,76991148,76991149)"
"157000211","0","8","90203966","91290636","3200","3600","(31100078,1,31020005,15,31010058,4,31000061,1)","960","0","5","(31090501,1,31102508,1,31090502,2)","39000079","80","(76991146,76991147,76991148,76991149)"
"157000212","0","8","90203967","91290637","3600","4000","(31100078,1,31020005,15,31010058,4,31000061,1)","1080","0","5","(31090501,1,31102513,1,31090502,2)","39000079","80","(76991146,76991147,76991148,76991149)"
"157000213","0","8","90203968","91290638","4000","4400","(31100078,1,31020005,15,31010058,4,31000061,1)","1200","0","5","(31090501,1,31102518,1,31090502,2)","39000079","80","(76991146,76991147,76991148,76991149)"
"157000214","0","8","90203969","91290639","4400","4800","(31100078,1,31020005,15,31010058,4,31000061,1)","1320","0","5","(31090501,1,31102523,1,31090502,2)","39000079","80","(76991146,76991147,76991148,76991149)"
"157000215","0","8","90203970","91290640","4800","5300","(31100079,1,31020005,21,31010058,5,31000061,1)","1440","90203636","5","(31090501,1,31102209,1,31090502,2)","39000080","65","(76991150,76991151,76991152,76991153)"
"157000216","0","8","90203971","91290641","5300","5800","(31100079,1,31020005,21,31010058,5,31000061,1)","1590","0","5","(31090501,1,31102219,1,31090502,2)","39000080","65","(76991150,76991151,76991152,76991153)"
"157000217","0","8","90203972","91290642","5800","6300","(31100079,1,31020005,21,31010058,5,31000061,1)","1740","0","5","(31090501,1,31102229,1,31090502,2)","39000080","65","(76991150,76991151,76991152,76991153)"
"157000218","0","8","90203973","91290643","6300","6800","(31100079,1,31020005,21,31010058,5,31000061,1)","1890","0","5","(31090501,1,31102239,1,31090502,2)","39000080","65","(76991150,76991151,76991152,76991153)"
"157000219","0","8","90203974","91290644","6800","7300","(31100079,1,31020005,21,31010058,5,31000061,1)","2040","0","5","(31090501,1,31102249,1,31090502,2)","39000080","65","(76991150,76991151,76991152,76991153)"
"157000220","0","8","90203975","91290645","7300","7900","(31100080,1,31020005,30,31010058,6,31000061,1)","2190","90203637","5","(31090501,1,31102504,1,31000166,3)","39000081","50","(76991154,76991155,76991156,76991157)"
"157000221","0","8","90203976","91290646","7900","8500","(31100080,1,31020005,30,31010058,6,31000061,1)","2370","0","5","(31090501,1,31102509,1,31000166,3)","39000081","50","(76991154,76991155,76991156,76991157)"
"157000222","0","8","90203977","91290647","8500","9200","(31100080,1,31020005,30,31010058,6,31000061,1)","2550","0","5","(31090501,1,31102514,1,31000166,3)","39000081","50","(76991154,76991155,76991156,76991157)"
"157000223","0","8","90203978","91290648","9200","10000","(31100080,1,31020005,30,31010058,6,31000061,1)","2760","0","5","(31090501,1,31102519,1,31000166,3)","39000081","50","(76991154,76991155,76991156,76991157)"
"157000224","0","8","90203979","91290649","10000","999999","(31100080,1,31020005,30,31010058,6,31000061,1)","3000","0","5","(31090501,1,31102524,1,31000166,3)","39000081","50","(76991154,76991155,76991156,76991157)"
"157000225","0","9","90203952","91290622","0","100","(31020005,6,31010058,1,31000061,1)","0","90203632","5","(31140133,1,31102501,1,31090502,1)","0","100","(76991134,76991135,76991136,76991137)"
"157000226","0","9","90203953","91290623","100","200","(31020005,6,31010058,1,31000061,1)","0","0","5","(31140133,1,31102511,1,31090502,1)","0","100","(76991134,76991135,76991136,76991137)"
"157000227","0","9","90203954","91290624","200","300","(31020005,6,31010058,1,31000061,1)","0","0","5","(31140133,1,31102521,1,31090502,1)","0","100","(76991134,76991135,76991136,76991137)"
"157000228","0","9","90203955","91290625","300","500","(31020005,9,31010058,2,31000061,1)","90","90203633","5","(31140134,1,31102502,1,31090502,1)","0","100","(76991138,76991139,76991140,76991141)"
"157000229","0","9","90203956","91290626","500","700","(31020005,9,31010058,2,31000061,1)","150","0","5","(31140134,1,31102507,1,31090502,1)","0","100","(76991138,76991139,76991140,76991141)"
"157000230","0","9","90203957","91290627","700","900","(31020005,9,31010058,2,31000061,1)","210","0","5","(31140134,1,31102512,1,31090502,1)","0","100","(76991138,76991139,76991140,76991141)"
"157000231","0","9","90203958","91290628","900","1100","(31020005,9,31010058,2,31000061,1)","270","0","5","(31140134,1,31102517,1,31090502,1)","0","100","(76991138,76991139,76991140,76991141)"
"157000232","0","9","90203959","91290629","1100","1300","(31020005,9,31010058,2,31000061,1)","330","0","5","(31140134,1,31102522,1,31090502,1)","0","100","(76991138,76991139,76991140,76991141)"
"157000233","0","9","90203960","91290630","1300","1600","(31020005,15,31010058,3,31000061,1)","390","90203634","5","(31090501,1,31102208,1,31090502,1)","0","100","(76991142,76991143,76991144,76991145)"
"157000234","0","9","90203961","91290631","1600","1900","(31020005,15,31010058,3,31000061,1)","480","0","5","(31090501,1,31102218,1,31090502,1)","0","100","(76991142,76991143,76991144,76991145)"
"157000235","0","9","90203962","91290632","1900","2200","(31020005,15,31010058,3,31000061,1)","570","0","5","(31090501,1,31102228,1,31090502,1)","0","100","(76991142,76991143,76991144,76991145)"
"157000236","0","9","90203963","91290633","2200","2500","(31020005,15,31010058,3,31000061,1)","660","0","5","(31090501,1,31102238,1,31090502,1)","0","100","(76991142,76991143,76991144,76991145)"
"157000237","0","9","90203964","91290634","2500","2800","(31020005,15,31010058,3,31000061,1)","750","0","5","(31090501,1,31102248,1,31090502,1)","0","100","(76991142,76991143,76991144,76991145)"
"157000238","0","9","90203965","91290635","2800","3200","(31100078,1,31020005,15,31010058,4,31000061,1)","840","90203635","5","(31090501,1,31102503,1,31090502,2)","39000079","80","(76991146,76991147,76991148,76991149)"
"157000239","0","9","90203966","91290636","3200","3600","(31100078,1,31020005,15,31010058,4,31000061,1)","960","0","5","(31090501,1,31102508,1,31090502,2)","39000079","80","(76991146,76991147,76991148,76991149)"
"157000240","0","9","90203967","91290637","3600","4000","(31100078,1,31020005,15,31010058,4,31000061,1)","1080","0","5","(31090501,1,31102513,1,31090502,2)","39000079","80","(76991146,76991147,76991148,76991149)"
"157000241","0","9","90203968","91290638","4000","4400","(31100078,1,31020005,15,31010058,4,31000061,1)","1200","0","5","(31090501,1,31102518,1,31090502,2)","39000079","80","(76991146,76991147,76991148,76991149)"
"157000242","0","9","90203969","91290639","4400","4800","(31100078,1,31020005,15,31010058,4,31000061,1)","1320","0","5","(31090501,1,31102523,1,31090502,2)","39000079","80","(76991146,76991147,76991148,76991149)"
"157000243","0","9","90203970","91290640","4800","5300","(31100079,1,31020005,21,31010058,5,31000061,1)","1440","90203636","5","(31090501,1,31102209,1,31090502,2)","39000080","65","(76991150,76991151,76991152,76991153)"
"157000244","0","9","90203971","91290641","5300","5800","(31100079,1,31020005,21,31010058,5,31000061,1)","1590","0","5","(31090501,1,31102219,1,31090502,2)","39000080","65","(76991150,76991151,76991152,76991153)"
"157000245","0","9","90203972","91290642","5800","6300","(31100079,1,31020005,21,31010058,5,31000061,1)","1740","0","5","(31090501,1,31102229,1,31090502,2)","39000080","65","(76991150,76991151,76991152,76991153)"
"157000246","0","9","90203973","91290643","6300","6800","(31100079,1,31020005,21,31010058,5,31000061,1)","1890","0","5","(31090501,1,31102239,1,31090502,2)","39000080","65","(76991150,76991151,76991152,76991153)"
"157000247","0","9","90203974","91290644","6800","7300","(31100079,1,31020005,21,31010058,5,31000061,1)","2040","0","5","(31090501,1,31102249,1,31090502,2)","39000080","65","(76991150,76991151,76991152,76991153)"
"157000248","0","9","90203975","91290645","7300","7900","(31100080,1,31020005,30,31010058,6,31000061,1)","2190","90203637","5","(31090501,1,31102504,1,31000166,3)","39000081","50","(76991154,76991155,76991156,76991157)"
"157000249","0","9","90203976","91290646","7900","8500","(31100080,1,31020005,30,31010058,6,31000061,1)","2370","0","5","(31090501,1,31102509,1,31000166,3)","39000081","50","(76991154,76991155,76991156,76991157)"
"157000250","0","9","90203977","91290647","8500","9200","(31100080,1,31020005,30,31010058,6,31000061,1)","2550","0","5","(31090501,1,31102514,1,31000166,3)","39000081","50","(76991154,76991155,76991156,76991157)"
"157000251","0","9","90203978","91290648","9200","10000","(31100080,1,31020005,30,31010058,6,31000061,1)","2760","0","5","(31090501,1,31102519,1,31000166,3)","39000081","50","(76991154,76991155,76991156,76991157)"
"157000252","0","9","90203979","91290649","10000","999999","(31100080,1,31020005,30,31010058,6,31000061,1)","3000","0","5","(31090501,1,31102524,1,31000166,3)","39000081","50","(76991154,76991155,76991156,76991157)"
"157000253","0","10","90203952","91290622","0","100","(31020005,6,31010058,1,31000061,1)","0","90203632","5","(31140133,1,31102501,1,31090502,1)","0","100","(76991134,76991135,76991136,76991137)"
"157000254","0","10","90203953","91290623","100","200","(31020005,6,31010058,1,31000061,1)","0","0","5","(31140133,1,31102511,1,31090502,1)","0","100","(76991134,76991135,76991136,76991137)"
"157000255","0","10","90203954","91290624","200","300","(31020005,6,31010058,1,31000061,1)","0","0","5","(31140133,1,31102521,1,31090502,1)","0","100","(76991134,76991135,76991136,76991137)"
"157000256","0","10","90203955","91290625","300","500","(31020005,9,31010058,2,31000061,1)","90","90203633","5","(31140134,1,31102502,1,31090502,1)","0","100","(76991138,76991139,76991140,76991141)"
"157000257","0","10","90203956","91290626","500","700","(31020005,9,31010058,2,31000061,1)","150","0","5","(31140134,1,31102507,1,31090502,1)","0","100","(76991138,76991139,76991140,76991141)"
"157000258","0","10","90203957","91290627","700","900","(31020005,9,31010058,2,31000061,1)","210","0","5","(31140134,1,31102512,1,31090502,1)","0","100","(76991138,76991139,76991140,76991141)"
"157000259","0","10","90203958","91290628","900","1100","(31020005,9,31010058,2,31000061,1)","270","0","5","(31140134,1,31102517,1,31090502,1)","0","100","(76991138,76991139,76991140,76991141)"
"157000260","0","10","90203959","91290629","1100","1300","(31020005,9,31010058,2,31000061,1)","330","0","5","(31140134,1,31102522,1,31090502,1)","0","100","(76991138,76991139,76991140,76991141)"
"157000261","0","10","90203960","91290630","1300","1600","(31020005,15,31010058,3,31000061,1)","390","90203634","5","(31090501,1,31102208,1,31090502,1)","0","100","(76991142,76991143,76991144,76991145)"
"157000262","0","10","90203961","91290631","1600","1900","(31020005,15,31010058,3,31000061,1)","480","0","5","(31090501,1,31102218,1,31090502,1)","0","100","(76991142,76991143,76991144,76991145)"
"157000263","0","10","90203962","91290632","1900","2200","(31020005,15,31010058,3,31000061,1)","570","0","5","(31090501,1,31102228,1,31090502,1)","0","100","(76991142,76991143,76991144,76991145)"
"157000264","0","10","90203963","91290633","2200","2500","(31020005,15,31010058,3,31000061,1)","660","0","5","(31090501,1,31102238,1,31090502,1)","0","100","(76991142,76991143,76991144,76991145)"
"157000265","0","10","90203964","91290634","2500","2800","(31020005,15,31010058,3,31000061,1)","750","0","5","(31090501,1,31102248,1,31090502,1)","0","100","(76991142,76991143,76991144,76991145)"
"157000266","0","10","90203965","91290635","2800","3200","(31100078,1,31020005,15,31010058,4,31000061,1)","840","90203635","5","(31090501,1,31102503,1,31090502,2)","39000079","80","(76991146,76991147,76991148,76991149)"
"157000267","0","10","90203966","91290636","3200","3600","(31100078,1,31020005,15,31010058,4,31000061,1)","960","0","5","(31090501,1,31102508,1,31090502,2)","39000079","80","(76991146,76991147,76991148,76991149)"
"157000268","0","10","90203967","91290637","3600","4000","(31100078,1,31020005,15,31010058,4,31000061,1)","1080","0","5","(31090501,1,31102513,1,31090502,2)","39000079","80","(76991146,76991147,76991148,76991149)"
"157000269","0","10","90203968","91290638","4000","4400","(31100078,1,31020005,15,31010058,4,31000061,1)","1200","0","5","(31090501,1,31102518,1,31090502,2)","39000079","80","(76991146,76991147,76991148,76991149)"
"157000270","0","10","90203969","91290639","4400","4800","(31100078,1,31020005,15,31010058,4,31000061,1)","1320","0","5","(31090501,1,31102523,1,31090502,2)","39000079","80","(76991146,76991147,76991148,76991149)"
"157000271","0","10","90203970","91290640","4800","5300","(31100079,1,31020005,21,31010058,5,31000061,1)","1440","90203636","5","(31090501,1,31102209,1,31090502,2)","39000080","65","(76991150,76991151,76991152,76991153)"
"157000272","0","10","90203971","91290641","5300","5800","(31100079,1,31020005,21,31010058,5,31000061,1)","1590","0","5","(31090501,1,31102219,1,31090502,2)","39000080","65","(76991150,76991151,76991152,76991153)"
"157000273","0","10","90203972","91290642","5800","6300","(31100079,1,31020005,21,31010058,5,31000061,1)","1740","0","5","(31090501,1,31102229,1,31090502,2)","39000080","65","(76991150,76991151,76991152,76991153)"
"157000274","0","10","90203973","91290643","6300","6800","(31100079,1,31020005,21,31010058,5,31000061,1)","1890","0","5","(31090501,1,31102239,1,31090502,2)","39000080","65","(76991150,76991151,76991152,76991153)"
"157000275","0","10","90203974","91290644","6800","7300","(31100079,1,31020005,21,31010058,5,31000061,1)","2040","0","5","(31090501,1,31102249,1,31090502,2)","39000080","65","(76991150,76991151,76991152,76991153)"
"157000276","0","10","90203975","91290645","7300","7900","(31100080,1,31020005,30,31010058,6,31000061,1)","2190","90203637","5","(31090501,1,31102504,1,31000166,3)","39000081","50","(76991154,76991155,76991156,76991157)"
"157000277","0","10","90203976","91290646","7900","8500","(31100080,1,31020005,30,31010058,6,31000061,1)","2370","0","5","(31090501,1,31102509,1,31000166,3)","39000081","50","(76991154,76991155,76991156,76991157)"
"157000278","0","10","90203977","91290647","8500","9200","(31100080,1,31020005,30,31010058,6,31000061,1)","2550","0","5","(31090501,1,31102514,1,31000166,3)","39000081","50","(76991154,76991155,76991156,76991157)"
"157000279","0","10","90203978","91290648","9200","10000","(31100080,1,31020005,30,31010058,6,31000061,1)","2760","0","5","(31090501,1,31102519,1,31000166,3)","39000081","50","(76991154,76991155,76991156,76991157)"
"157000280","0","10","90203979","91290649","10000","999999","(31100080,1,31020005,30,31010058,6,31000061,1)","3000","0","5","(31090501,1,31102524,1,31000166,3)","39000081","50","(76991154,76991155,76991156,76991157)"
"157000281","0","11","90203952","91290622","0","100","(31020005,6,31010058,1,31000061,1)","0","90203632","5","(31140133,1,31102501,1,31090502,1)","0","100","(76991134,76991135,76991136,76991137)"
"157000282","0","11","90203953","91290623","100","200","(31020005,6,31010058,1,31000061,1)","0","0","5","(31140133,1,31102511,1,31090502,1)","0","100","(76991134,76991135,76991136,76991137)"
"157000283","0","11","90203954","91290624","200","300","(31020005,6,31010058,1,31000061,1)","0","0","5","(31140133,1,31102521,1,31090502,1)","0","100","(76991134,76991135,76991136,76991137)"
"157000284","0","11","90203955","91290625","300","500","(31020005,9,31010058,2,31000061,1)","90","90203633","5","(31140134,1,31102502,1,31090502,1)","0","100","(76991138,76991139,76991140,76991141)"
"157000285","0","11","90203956","91290626","500","700","(31020005,9,31010058,2,31000061,1)","150","0","5","(31140134,1,31102507,1,31090502,1)","0","100","(76991138,76991139,76991140,76991141)"
"157000286","0","11","90203957","91290627","700","900","(31020005,9,31010058,2,31000061,1)","210","0","5","(31140134,1,31102512,1,31090502,1)","0","100","(76991138,76991139,76991140,76991141)"
"157000287","0","11","90203958","91290628","900","1100","(31020005,9,31010058,2,31000061,1)","270","0","5","(31140134,1,31102517,1,31090502,1)","0","100","(76991138,76991139,76991140,76991141)"
"157000288","0","11","90203959","91290629","1100","1300","(31020005,9,31010058,2,31000061,1)","330","0","5","(31140134,1,31102522,1,31090502,1)","0","100","(76991138,76991139,76991140,76991141)"
"157000289","0","11","90203960","91290630","1300","1600","(31020005,15,31010058,3,31000061,1)","390","90203634","5","(31090501,1,31102208,1,31090502,1)","0","100","(76991142,76991143,76991144,76991145)"
"157000290","0","11","90203961","91290631","1600","1900","(31020005,15,31010058,3,31000061,1)","480","0","5","(31090501,1,31102218,1,31090502,1)","0","100","(76991142,76991143,76991144,76991145)"
"157000291","0","11","90203962","91290632","1900","2200","(31020005,15,31010058,3,31000061,1)","570","0","5","(31090501,1,31102228,1,31090502,1)","0","100","(76991142,76991143,76991144,76991145)"
"157000292","0","11","90203963","91290633","2200","2500","(31020005,15,31010058,3,31000061,1)","660","0","5","(31090501,1,31102238,1,31090502,1)","0","100","(76991142,76991143,76991144,76991145)"
"157000293","0","11","90203964","91290634","2500","2800","(31020005,15,31010058,3,31000061,1)","750","0","5","(31090501,1,31102248,1,31090502,1)","0","100","(76991142,76991143,76991144,76991145)"
"157000294","0","11","90203965","91290635","2800","3200","(31100078,1,31020005,15,31010058,4,31000061,1)","840","90203635","5","(31090501,1,31102503,1,31090502,2)","39000079","80","(76991146,76991147,76991148,76991149)"
"157000295","0","11","90203966","91290636","3200","3600","(31100078,1,31020005,15,31010058,4,31000061,1)","960","0","5","(31090501,1,31102508,1,31090502,2)","39000079","80","(76991146,76991147,76991148,76991149)"
"157000296","0","11","90203967","91290637","3600","4000","(31100078,1,31020005,15,31010058,4,31000061,1)","1080","0","5","(31090501,1,31102513,1,31090502,2)","39000079","80","(76991146,76991147,76991148,76991149)"
"157000297","0","11","90203968","91290638","4000","4400","(31100078,1,31020005,15,31010058,4,31000061,1)","1200","0","5","(31090501,1,31102518,1,31090502,2)","39000079","80","(76991146,76991147,76991148,76991149)"
"157000298","0","11","90203969","91290639","4400","4800","(31100078,1,31020005,15,31010058,4,31000061,1)","1320","0","5","(31090501,1,31102523,1,31090502,2)","39000079","80","(76991146,76991147,76991148,76991149)"
"157000299","0","11","90203970","91290640","4800","5300","(31100079,1,31020005,21,31010058,5,31000061,1)","1440","90203636","5","(31090501,1,31102209,1,31090502,2)","39000080","65","(76991150,76991151,76991152,76991153)"
"157000300","0","11","90203971","91290641","5300","5800","(31100079,1,31020005,21,31010058,5,31000061,1)","1590","0","5","(31090501,1,31102219,1,31090502,2)","39000080","65","(76991150,76991151,76991152,76991153)"
"157000301","0","11","90203972","91290642","5800","6300","(31100079,1,31020005,21,31010058,5,31000061,1)","1740","0","5","(31090501,1,31102229,1,31090502,2)","39000080","65","(76991150,76991151,76991152,76991153)"
"157000302","0","11","90203973","91290643","6300","6800","(31100079,1,31020005,21,31010058,5,31000061,1)","1890","0","5","(31090501,1,31102239,1,31090502,2)","39000080","65","(76991150,76991151,76991152,76991153)"
"157000303","0","11","90203974","91290644","6800","7300","(31100079,1,31020005,21,31010058,5,31000061,1)","2040","0","5","(31090501,1,31102249,1,31090502,2)","39000080","65","(76991150,76991151,76991152,76991153)"
"157000304","0","11","90203975","91290645","7300","7900","(31100080,1,31020005,30,31010058,6,31000061,1)","2190","90203637","5","(31090501,1,31102504,1,31000166,3)","39000081","50","(76991154,76991155,76991156,76991157)"
"157000305","0","11","90203976","91290646","7900","8500","(31100080,1,31020005,30,31010058,6,31000061,1)","2370","0","5","(31090501,1,31102509,1,31000166,3)","39000081","50","(76991154,76991155,76991156,76991157)"
"157000306","0","11","90203977","91290647","8500","9200","(31100080,1,31020005,30,31010058,6,31000061,1)","2550","0","5","(31090501,1,31102514,1,31000166,3)","39000081","50","(76991154,76991155,76991156,76991157)"
"157000307","0","11","90203978","91290648","9200","10000","(31100080,1,31020005,30,31010058,6,31000061,1)","2760","0","5","(31090501,1,31102519,1,31000166,3)","39000081","50","(76991154,76991155,76991156,76991157)"
"157000308","0","11","90203979","91290649","10000","999999","(31100080,1,31020005,30,31010058,6,31000061,1)","3000","0","5","(31090501,1,31102524,1,31000166,3)","39000081","50","(76991154,76991155,76991156,76991157)"
"157000309","0","12","90203952","91290622","0","100","(31020005,6,31010058,1,31000061,1)","0","90203632","5","(31140133,1,31102501,1,31090502,1)","0","100","(76991134,76991135,76991136,76991137)"
"157000310","0","12","90203953","91290623","100","200","(31020005,6,31010058,1,31000061,1)","0","0","5","(31140133,1,31102511,1,31090502,1)","0","100","(76991134,76991135,76991136,76991137)"
"157000311","0","12","90203954","91290624","200","300","(31020005,6,31010058,1,31000061,1)","0","0","5","(31140133,1,31102521,1,31090502,1)","0","100","(76991134,76991135,76991136,76991137)"
"157000312","0","12","90203955","91290625","300","500","(31020005,9,31010058,2,31000061,1)","90","90203633","5","(31140134,1,31102502,1,31090502,1)","0","100","(76991138,76991139,76991140,76991141)"
"157000313","0","12","90203956","91290626","500","700","(31020005,9,31010058,2,31000061,1)","150","0","5","(31140134,1,31102507,1,31090502,1)","0","100","(76991138,76991139,76991140,76991141)"
"157000314","0","12","90203957","91290627","700","900","(31020005,9,31010058,2,31000061,1)","210","0","5","(31140134,1,31102512,1,31090502,1)","0","100","(76991138,76991139,76991140,76991141)"
"157000315","0","12","90203958","91290628","900","1100","(31020005,9,31010058,2,31000061,1)","270","0","5","(31140134,1,31102517,1,31090502,1)","0","100","(76991138,76991139,76991140,76991141)"
"157000316","0","12","90203959","91290629","1100","1300","(31020005,9,31010058,2,31000061,1)","330","0","5","(31140134,1,31102522,1,31090502,1)","0","100","(76991138,76991139,76991140,76991141)"
"157000317","0","12","90203960","91290630","1300","1600","(31020005,15,31010058,3,31000061,1)","390","90203634","5","(31090501,1,31102208,1,31090502,1)","0","100","(76991142,76991143,76991144,76991145)"
"157000318","0","12","90203961","91290631","1600","1900","(31020005,15,31010058,3,31000061,1)","480","0","5","(31090501,1,31102218,1,31090502,1)","0","100","(76991142,76991143,76991144,76991145)"
"157000319","0","12","90203962","91290632","1900","2200","(31020005,15,31010058,3,31000061,1)","570","0","5","(31090501,1,31102228,1,31090502,1)","0","100","(76991142,76991143,76991144,76991145)"
"157000320","0","12","90203963","91290633","2200","2500","(31020005,15,31010058,3,31000061,1)","660","0","5","(31090501,1,31102238,1,31090502,1)","0","100","(76991142,76991143,76991144,76991145)"
"157000321","0","12","90203964","91290634","2500","2800","(31020005,15,31010058,3,31000061,1)","750","0","5","(31090501,1,31102248,1,31090502,1)","0","100","(76991142,76991143,76991144,76991145)"
"157000322","0","12","90203965","91290635","2800","3200","(31100078,1,31020005,15,31010058,4,31000061,1)","840","90203635","5","(31090501,1,31102503,1,31090502,2)","39000079","80","(76991146,76991147,76991148,76991149)"
"157000323","0","12","90203966","91290636","3200","3600","(31100078,1,31020005,15,31010058,4,31000061,1)","960","0","5","(31090501,1,31102508,1,31090502,2)","39000079","80","(76991146,76991147,76991148,76991149)"
"157000324","0","12","90203967","91290637","3600","4000","(31100078,1,31020005,15,31010058,4,31000061,1)","1080","0","5","(31090501,1,31102513,1,31090502,2)","39000079","80","(76991146,76991147,76991148,76991149)"
"157000325","0","12","90203968","91290638","4000","4400","(31100078,1,31020005,15,31010058,4,31000061,1)","1200","0","5","(31090501,1,31102518,1,31090502,2)","39000079","80","(76991146,76991147,76991148,76991149)"
"157000326","0","12","90203969","91290639","4400","4800","(31100078,1,31020005,15,31010058,4,31000061,1)","1320","0","5","(31090501,1,31102523,1,31090502,2)","39000079","80","(76991146,76991147,76991148,76991149)"
"157000327","0","12","90203970","91290640","4800","5300","(31100079,1,31020005,21,31010058,5,31000061,1)","1440","90203636","5","(31090501,1,31102209,1,31090502,2)","39000080","65","(76991150,76991151,76991152,76991153)"
"157000328","0","12","90203971","91290641","5300","5800","(31100079,1,31020005,21,31010058,5,31000061,1)","1590","0","5","(31090501,1,31102219,1,31090502,2)","39000080","65","(76991150,76991151,76991152,76991153)"
"157000329","0","12","90203972","91290642","5800","6300","(31100079,1,31020005,21,31010058,5,31000061,1)","1740","0","5","(31090501,1,31102229,1,31090502,2)","39000080","65","(76991150,76991151,76991152,76991153)"
"157000330","0","12","90203973","91290643","6300","6800","(31100079,1,31020005,21,31010058,5,31000061,1)","1890","0","5","(31090501,1,31102239,1,31090502,2)","39000080","65","(76991150,76991151,76991152,76991153)"
"157000331","0","12","90203974","91290644","6800","7300","(31100079,1,31020005,21,31010058,5,31000061,1)","2040","0","5","(31090501,1,31102249,1,31090502,2)","39000080","65","(76991150,76991151,76991152,76991153)"
"157000332","0","12","90203975","91290645","7300","7900","(31100080,1,31020005,30,31010058,6,31000061,1)","2190","90203637","5","(31090501,1,31102504,1,31000166,3)","39000081","50","(76991154,76991155,76991156,76991157)"
"157000333","0","12","90203976","91290646","7900","8500","(31100080,1,31020005,30,31010058,6,31000061,1)","2370","0","5","(31090501,1,31102509,1,31000166,3)","39000081","50","(76991154,76991155,76991156,76991157)"
"157000334","0","12","90203977","91290647","8500","9200","(31100080,1,31020005,30,31010058,6,31000061,1)","2550","0","5","(31090501,1,31102514,1,31000166,3)","39000081","50","(76991154,76991155,76991156,76991157)"
"157000335","0","12","90203978","91290648","9200","10000","(31100080,1,31020005,30,31010058,6,31000061,1)","2760","0","5","(31090501,1,31102519,1,31000166,3)","39000081","50","(76991154,76991155,76991156,76991157)"
"157000336","0","12","90203979","91290649","10000","999999","(31100080,1,31020005,30,31010058,6,31000061,1)","3000","0","5","(31090501,1,31102524,1,31000166,3)","39000081","50","(76991154,76991155,76991156,76991157)"
"157000337","0","13","90203952","91290622","0","100","(31020005,6,31010058,1,31000061,1)","0","90203632","5","(31140133,1,31102501,1,31090502,1)","0","100","(76991134,76991135,76991136,76991137)"
"157000338","0","13","90203953","91290623","100","200","(31020005,6,31010058,1,31000061,1)","0","0","5","(31140133,1,31102511,1,31090502,1)","0","100","(76991134,76991135,76991136,76991137)"
"157000339","0","13","90203954","91290624","200","300","(31020005,6,31010058,1,31000061,1)","0","0","5","(31140133,1,31102521,1,31090502,1)","0","100","(76991134,76991135,76991136,76991137)"
"157000340","0","13","90203955","91290625","300","500","(31020005,9,31010058,2,31000061,1)","90","90203633","5","(31140134,1,31102502,1,31090502,1)","0","100","(76991138,76991139,76991140,76991141)"
"157000341","0","13","90203956","91290626","500","700","(31020005,9,31010058,2,31000061,1)","150","0","5","(31140134,1,31102507,1,31090502,1)","0","100","(76991138,76991139,76991140,76991141)"
"157000342","0","13","90203957","91290627","700","900","(31020005,9,31010058,2,31000061,1)","210","0","5","(31140134,1,31102512,1,31090502,1)","0","100","(76991138,76991139,76991140,76991141)"
"157000343","0","13","90203958","91290628","900","1100","(31020005,9,31010058,2,31000061,1)","270","0","5","(31140134,1,31102517,1,31090502,1)","0","100","(76991138,76991139,76991140,76991141)"
"157000344","0","13","90203959","91290629","1100","1300","(31020005,9,31010058,2,31000061,1)","330","0","5","(31140134,1,31102522,1,31090502,1)","0","100","(76991138,76991139,76991140,76991141)"
"157000345","0","13","90203960","91290630","1300","1600","(31020005,15,31010058,3,31000061,1)","390","90203634","5","(31090501,1,31102208,1,31090502,1)","0","100","(76991142,76991143,76991144,76991145)"
"157000346","0","13","90203961","91290631","1600","1900","(31020005,15,31010058,3,31000061,1)","480","0","5","(31090501,1,31102218,1,31090502,1)","0","100","(76991142,76991143,76991144,76991145)"
"157000347","0","13","90203962","91290632","1900","2200","(31020005,15,31010058,3,31000061,1)","570","0","5","(31090501,1,31102228,1,31090502,1)","0","100","(76991142,76991143,76991144,76991145)"
"157000348","0","13","90203963","91290633","2200","2500","(31020005,15,31010058,3,31000061,1)","660","0","5","(31090501,1,31102238,1,31090502,1)","0","100","(76991142,76991143,76991144,76991145)"
"157000349","0","13","90203964","91290634","2500","2800","(31020005,15,31010058,3,31000061,1)","750","0","5","(31090501,1,31102248,1,31090502,1)","0","100","(76991142,76991143,76991144,76991145)"
"157000350","0","13","90203965","91290635","2800","3200","(31100078,1,31020005,15,31010058,4,31000061,1)","840","90203635","5","(31090501,1,31102503,1,31090502,2)","39000079","80","(76991146,76991147,76991148,76991149)"
"157000351","0","13","90203966","91290636","3200","3600","(31100078,1,31020005,15,31010058,4,31000061,1)","960","0","5","(31090501,1,31102508,1,31090502,2)","39000079","80","(76991146,76991147,76991148,76991149)"
"157000352","0","13","90203967","91290637","3600","4000","(31100078,1,31020005,15,31010058,4,31000061,1)","1080","0","5","(31090501,1,31102513,1,31090502,2)","39000079","80","(76991146,76991147,76991148,76991149)"
"157000353","0","13","90203968","91290638","4000","4400","(31100078,1,31020005,15,31010058,4,31000061,1)","1200","0","5","(31090501,1,31102518,1,31090502,2)","39000079","80","(76991146,76991147,76991148,76991149)"
"157000354","0","13","90203969","91290639","4400","4800","(31100078,1,31020005,15,31010058,4,31000061,1)","1320","0","5","(31090501,1,31102523,1,31090502,2)","39000079","80","(76991146,76991147,76991148,76991149)"
"157000355","0","13","90203970","91290640","4800","5300","(31100079,1,31020005,21,31010058,5,31000061,1)","1440","90203636","5","(31090501,1,31102209,1,31090502,2)","39000080","65","(76991150,76991151,76991152,76991153)"
"157000356","0","13","90203971","91290641","5300","5800","(31100079,1,31020005,21,31010058,5,31000061,1)","1590","0","5","(31090501,1,31102219,1,31090502,2)","39000080","65","(76991150,76991151,76991152,76991153)"
"157000357","0","13","90203972","91290642","5800","6300","(31100079,1,31020005,21,31010058,5,31000061,1)","1740","0","5","(31090501,1,31102229,1,31090502,2)","39000080","65","(76991150,76991151,76991152,76991153)"
"157000358","0","13","90203973","91290643","6300","6800","(31100079,1,31020005,21,31010058,5,31000061,1)","1890","0","5","(31090501,1,31102239,1,31090502,2)","39000080","65","(76991150,76991151,76991152,76991153)"
"157000359","0","13","90203974","91290644","6800","7300","(31100079,1,31020005,21,31010058,5,31000061,1)","2040","0","5","(31090501,1,31102249,1,31090502,2)","39000080","65","(76991150,76991151,76991152,76991153)"
"157000360","0","13","90203975","91290645","7300","7900","(31100080,1,31020005,30,31010058,6,31000061,1)","2190","90203637","5","(31090501,1,31102504,1,31000166,3)","39000081","50","(76991154,76991155,76991156,76991157)"
"157000361","0","13","90203976","91290646","7900","8500","(31100080,1,31020005,30,31010058,6,31000061,1)","2370","0","5","(31090501,1,31102509,1,31000166,3)","39000081","50","(76991154,76991155,76991156,76991157)"
"157000362","0","13","90203977","91290647","8500","9200","(31100080,1,31020005,30,31010058,6,31000061,1)","2550","0","5","(31090501,1,31102514,1,31000166,3)","39000081","50","(76991154,76991155,76991156,76991157)"
"157000363","0","13","90203978","91290648","9200","10000","(31100080,1,31020005,30,31010058,6,31000061,1)","2760","0","5","(31090501,1,31102519,1,31000166,3)","39000081","50","(76991154,76991155,76991156,76991157)"
"157000364","0","13","90203979","91290649","10000","999999","(31100080,1,31020005,30,31010058,6,31000061,1)","3000","0","5","(31090501,1,31102524,1,31000166,3)","39000081","50","(76991154,76991155,76991156,76991157)"
"157000365","0","14","90203952","91290622","0","100","(31020005,6,31010058,1,31000061,1)","0","90203632","5","(31140133,1,31102501,1,31090502,1)","0","100","(76991134,76991135,76991136,76991137)"
"157000366","0","14","90203953","91290623","100","200","(31020005,6,31010058,1,31000061,1)","0","0","5","(31140133,1,31102511,1,31090502,1)","0","100","(76991134,76991135,76991136,76991137)"
"157000367","0","14","90203954","91290624","200","300","(31020005,6,31010058,1,31000061,1)","0","0","5","(31140133,1,31102521,1,31090502,1)","0","100","(76991134,76991135,76991136,76991137)"
"157000368","0","14","90203955","91290625","300","500","(31020005,9,31010058,2,31000061,1)","90","90203633","5","(31140134,1,31102502,1,31090502,1)","0","100","(76991138,76991139,76991140,76991141)"
"157000369","0","14","90203956","91290626","500","700","(31020005,9,31010058,2,31000061,1)","150","0","5","(31140134,1,31102507,1,31090502,1)","0","100","(76991138,76991139,76991140,76991141)"
"157000370","0","14","90203957","91290627","700","900","(31020005,9,31010058,2,31000061,1)","210","0","5","(31140134,1,31102512,1,31090502,1)","0","100","(76991138,76991139,76991140,76991141)"
"157000371","0","14","90203958","91290628","900","1100","(31020005,9,31010058,2,31000061,1)","270","0","5","(31140134,1,31102517,1,31090502,1)","0","100","(76991138,76991139,76991140,76991141)"
"157000372","0","14","90203959","91290629","1100","1300","(31020005,9,31010058,2,31000061,1)","330","0","5","(31140134,1,31102522,1,31090502,1)","0","100","(76991138,76991139,76991140,76991141)"
"157000373","0","14","90203960","91290630","1300","1600","(31020005,15,31010058,3,31000061,1)","390","90203634","5","(31090501,1,31102208,1,31090502,1)","0","100","(76991142,76991143,76991144,76991145)"
"157000374","0","14","90203961","91290631","1600","1900","(31020005,15,31010058,3,31000061,1)","480","0","5","(31090501,1,31102218,1,31090502,1)","0","100","(76991142,76991143,76991144,76991145)"
"157000375","0","14","90203962","91290632","1900","2200","(31020005,15,31010058,3,31000061,1)","570","0","5","(31090501,1,31102228,1,31090502,1)","0","100","(76991142,76991143,76991144,76991145)"
"157000376","0","14","90203963","91290633","2200","2500","(31020005,15,31010058,3,31000061,1)","660","0","5","(31090501,1,31102238,1,31090502,1)","0","100","(76991142,76991143,76991144,76991145)"
"157000377","0","14","90203964","91290634","2500","2800","(31020005,15,31010058,3,31000061,1)","750","0","5","(31090501,1,31102248,1,31090502,1)","0","100","(76991142,76991143,76991144,76991145)"
"157000378","0","14","90203965","91290635","2800","3200","(31100078,1,31020005,15,31010058,4,31000061,1)","840","90203635","5","(31090501,1,31102503,1,31090502,2)","39000079","80","(76991146,76991147,76991148,76991149)"
"157000379","0","14","90203966","91290636","3200","3600","(31100078,1,31020005,15,31010058,4,31000061,1)","960","0","5","(31090501,1,31102508,1,31090502,2)","39000079","80","(76991146,76991147,76991148,76991149)"
"157000380","0","14","90203967","91290637","3600","4000","(31100078,1,31020005,15,31010058,4,31000061,1)","1080","0","5","(31090501,1,31102513,1,31090502,2)","39000079","80","(76991146,76991147,76991148,76991149)"
"157000381","0","14","90203968","91290638","4000","4400","(31100078,1,31020005,15,31010058,4,31000061,1)","1200","0","5","(31090501,1,31102518,1,31090502,2)","39000079","80","(76991146,76991147,76991148,76991149)"
"157000382","0","14","90203969","91290639","4400","4800","(31100078,1,31020005,15,31010058,4,31000061,1)","1320","0","5","(31090501,1,31102523,1,31090502,2)","39000079","80","(76991146,76991147,76991148,76991149)"
"157000383","0","14","90203970","91290640","4800","5300","(31100079,1,31020005,21,31010058,5,31000061,1)","1440","90203636","5","(31090501,1,31102209,1,31090502,2)","39000080","65","(76991150,76991151,76991152,76991153)"
"157000384","0","14","90203971","91290641","5300","5800","(31100079,1,31020005,21,31010058,5,31000061,1)","1590","0","5","(31090501,1,31102219,1,31090502,2)","39000080","65","(76991150,76991151,76991152,76991153)"
"157000385","0","14","90203972","91290642","5800","6300","(31100079,1,31020005,21,31010058,5,31000061,1)","1740","0","5","(31090501,1,31102229,1,31090502,2)","39000080","65","(76991150,76991151,76991152,76991153)"
"157000386","0","14","90203973","91290643","6300","6800","(31100079,1,31020005,21,31010058,5,31000061,1)","1890","0","5","(31090501,1,31102239,1,31090502,2)","39000080","65","(76991150,76991151,76991152,76991153)"
"157000387","0","14","90203974","91290644","6800","7300","(31100079,1,31020005,21,31010058,5,31000061,1)","2040","0","5","(31090501,1,31102249,1,31090502,2)","39000080","65","(76991150,76991151,76991152,76991153)"
"157000388","0","14","90203975","91290645","7300","7900","(31100080,1,31020005,30,31010058,6,31000061,1)","2190","90203637","5","(31090501,1,31102504,1,31000166,3)","39000081","50","(76991154,76991155,76991156,76991157)"
"157000389","0","14","90203976","91290646","7900","8500","(31100080,1,31020005,30,31010058,6,31000061,1)","2370","0","5","(31090501,1,31102509,1,31000166,3)","39000081","50","(76991154,76991155,76991156,76991157)"
"157000390","0","14","90203977","91290647","8500","9200","(31100080,1,31020005,30,31010058,6,31000061,1)","2550","0","5","(31090501,1,31102514,1,31000166,3)","39000081","50","(76991154,76991155,76991156,76991157)"
"157000391","0","14","90203978","91290648","9200","10000","(31100080,1,31020005,30,31010058,6,31000061,1)","2760","0","5","(31090501,1,31102519,1,31000166,3)","39000081","50","(76991154,76991155,76991156,76991157)"
"157000392","0","14","90203979","91290649","10000","999999","(31100080,1,31020005,30,31010058,6,31000061,1)","3000","0","5","(31090501,1,31102524,1,31000166,3)","39000081","50","(76991154,76991155,76991156,76991157)"
"157000393","0","15","90203952","91290622","0","100","(31020005,6,31010058,1,31000061,1)","0","90203632","5","(31140133,1,31102501,1,31090502,1)","0","100","(76991134,76991135,76991136,76991137)"
"157000394","0","15","90203953","91290623","100","200","(31020005,6,31010058,1,31000061,1)","0","0","5","(31140133,1,31102511,1,31090502,1)","0","100","(76991134,76991135,76991136,76991137)"
"157000395","0","15","90203954","91290624","200","300","(31020005,6,31010058,1,31000061,1)","0","0","5","(31140133,1,31102521,1,31090502,1)","0","100","(76991134,76991135,76991136,76991137)"
"157000396","0","15","90203955","91290625","300","500","(31020005,9,31010058,2,31000061,1)","90","90203633","5","(31140134,1,31102502,1,31090502,1)","0","100","(76991138,76991139,76991140,76991141)"
"157000397","0","15","90203956","91290626","500","700","(31020005,9,31010058,2,31000061,1)","150","0","5","(31140134,1,31102507,1,31090502,1)","0","100","(76991138,76991139,76991140,76991141)"
"157000398","0","15","90203957","91290627","700","900","(31020005,9,31010058,2,31000061,1)","210","0","5","(31140134,1,31102512,1,31090502,1)","0","100","(76991138,76991139,76991140,76991141)"
"157000399","0","15","90203958","91290628","900","1100","(31020005,9,31010058,2,31000061,1)","270","0","5","(31140134,1,31102517,1,31090502,1)","0","100","(76991138,76991139,76991140,76991141)"
"157000400","0","15","90203959","91290629","1100","1300","(31020005,9,31010058,2,31000061,1)","330","0","5","(31140134,1,31102522,1,31090502,1)","0","100","(76991138,76991139,76991140,76991141)"
"157000401","0","15","90203960","91290630","1300","1600","(31020005,15,31010058,3,31000061,1)","390","90203634","5","(31090501,1,31102208,1,31090502,1)","0","100","(76991142,76991143,76991144,76991145)"
"157000402","0","15","90203961","91290631","1600","1900","(31020005,15,31010058,3,31000061,1)","480","0","5","(31090501,1,31102218,1,31090502,1)","0","100","(76991142,76991143,76991144,76991145)"
"157000403","0","15","90203962","91290632","1900","2200","(31020005,15,31010058,3,31000061,1)","570","0","5","(31090501,1,31102228,1,31090502,1)","0","100","(76991142,76991143,76991144,76991145)"
"157000404","0","15","90203963","91290633","2200","2500","(31020005,15,31010058,3,31000061,1)","660","0","5","(31090501,1,31102238,1,31090502,1)","0","100","(76991142,76991143,76991144,76991145)"
"157000405","0","15","90203964","91290634","2500","2800","(31020005,15,31010058,3,31000061,1)","750","0","5","(31090501,1,31102248,1,31090502,1)","0","100","(76991142,76991143,76991144,76991145)"
"157000406","0","15","90203965","91290635","2800","3200","(31100078,1,31020005,15,31010058,4,31000061,1)","840","90203635","5","(31090501,1,31102503,1,31090502,2)","39000079","80","(76991146,76991147,76991148,76991149)"
"157000407","0","15","90203966","91290636","3200","3600","(31100078,1,31020005,15,31010058,4,31000061,1)","960","0","5","(31090501,1,31102508,1,31090502,2)","39000079","80","(76991146,76991147,76991148,76991149)"
"157000408","0","15","90203967","91290637","3600","4000","(31100078,1,31020005,15,31010058,4,31000061,1)","1080","0","5","(31090501,1,31102513,1,31090502,2)","39000079","80","(76991146,76991147,76991148,76991149)"
"157000409","0","15","90203968","91290638","4000","4400","(31100078,1,31020005,15,31010058,4,31000061,1)","1200","0","5","(31090501,1,31102518,1,31090502,2)","39000079","80","(76991146,76991147,76991148,76991149)"
"157000410","0","15","90203969","91290639","4400","4800","(31100078,1,31020005,15,31010058,4,31000061,1)","1320","0","5","(31090501,1,31102523,1,31090502,2)","39000079","80","(76991146,76991147,76991148,76991149)"
"157000411","0","15","90203970","91290640","4800","5300","(31100079,1,31020005,21,31010058,5,31000061,1)","1440","90203636","5","(31090501,1,31102209,1,31090502,2)","39000080","65","(76991150,76991151,76991152,76991153)"
"157000412","0","15","90203971","91290641","5300","5800","(31100079,1,31020005,21,31010058,5,31000061,1)","1590","0","5","(31090501,1,31102219,1,31090502,2)","39000080","65","(76991150,76991151,76991152,76991153)"
"157000413","0","15","90203972","91290642","5800","6300","(31100079,1,31020005,21,31010058,5,31000061,1)","1740","0","5","(31090501,1,31102229,1,31090502,2)","39000080","65","(76991150,76991151,76991152,76991153)"
"157000414","0","15","90203973","91290643","6300","6800","(31100079,1,31020005,21,31010058,5,31000061,1)","1890","0","5","(31090501,1,31102239,1,31090502,2)","39000080","65","(76991150,76991151,76991152,76991153)"
"157000415","0","15","90203974","91290644","6800","7300","(31100079,1,31020005,21,31010058,5,31000061,1)","2040","0","5","(31090501,1,31102249,1,31090502,2)","39000080","65","(76991150,76991151,76991152,76991153)"
"157000416","0","15","90203975","91290645","7300","7900","(31100080,1,31020005,30,31010058,6,31000061,1)","2190","90203637","5","(31090501,1,31102504,1,31000166,3)","39000081","50","(76991154,76991155,76991156,76991157)"
"157000417","0","15","90203976","91290646","7900","8500","(31100080,1,31020005,30,31010058,6,31000061,1)","2370","0","5","(31090501,1,31102509,1,31000166,3)","39000081","50","(76991154,76991155,76991156,76991157)"
"157000418","0","15","90203977","91290647","8500","9200","(31100080,1,31020005,30,31010058,6,31000061,1)","2550","0","5","(31090501,1,31102514,1,31000166,3)","39000081","50","(76991154,76991155,76991156,76991157)"
"157000419","0","15","90203978","91290648","9200","10000","(31100080,1,31020005,30,31010058,6,31000061,1)","2760","0","5","(31090501,1,31102519,1,31000166,3)","39000081","50","(76991154,76991155,76991156,76991157)"
"157000420","0","15","90203979","91290649","10000","999999","(31100080,1,31020005,30,31010058,6,31000061,1)","3000","0","5","(31090501,1,31102524,1,31000166,3)","39000081","50","(76991154,76991155,76991156,76991157)"
"157000421","1","1","90203952","91290622","0","100","(31020005,6,31010058,1,31000061,1)","0","90203632","5","(31140133,1,31102501,1,31090502,1)","0","100","(76991134,76991135,76991136,76991137)"
"157000422","1","1","90203953","91290623","100","200","(31020005,6,31010058,1,31000061,1)","0","0","5","(31140133,1,31102511,1,31090502,1)","0","100","(76991134,76991135,76991136,76991137)"
"157000423","1","1","90203954","91290624","200","300","(31020005,6,31010058,1,31000061,1)","0","0","5","(31140133,1,31102521,1,31090502,1)","0","100","(76991134,76991135,76991136,76991137)"
"157000424","1","1","90203955","91290625","300","500","(31020005,9,31010058,2,31000061,1)","90","90203633","5","(31140134,1,31102502,1,31090502,1)","0","100","(76991138,76991139,76991140,76991141)"
"157000425","1","1","90203956","91290626","500","700","(31020005,9,31010058,2,31000061,1)","150","0","5","(31140134,1,31102507,1,31090502,1)","0","100","(76991138,76991139,76991140,76991141)"
"157000426","1","1","90203957","91290627","700","900","(31020005,9,31010058,2,31000061,1)","210","0","5","(31140134,1,31102512,1,31090502,1)","0","100","(76991138,76991139,76991140,76991141)"
"157000427","1","1","90203958","91290628","900","1100","(31020005,9,31010058,2,31000061,1)","270","0","5","(31140134,1,31102517,1,31090502,1)","0","100","(76991138,76991139,76991140,76991141)"
"157000428","1","1","90203959","91290629","1100","1300","(31020005,9,31010058,2,31000061,1)","330","0","5","(31140134,1,31102522,1,31090502,1)","0","100","(76991138,76991139,76991140,76991141)"
"157000429","1","1","90203960","91290630","1300","1600","(31020005,15,31010058,3,31000061,1)","390","90203634","5","(31090501,1,31102208,1,31090502,1)","0","100","(76991142,76991143,76991144,76991145)"
"157000430","1","1","90203961","91290631","1600","1900","(31020005,15,31010058,3,31000061,1)","480","0","5","(31090501,1,31102218,1,31090502,1)","0","100","(76991142,76991143,76991144,76991145)"
"157000431","1","1","90203962","91290632","1900","2200","(31020005,15,31010058,3,31000061,1)","570","0","5","(31090501,1,31102228,1,31090502,1)","0","100","(76991142,76991143,76991144,76991145)"
"157000432","1","1","90203963","91290633","2200","2500","(31020005,15,31010058,3,31000061,1)","660","0","5","(31090501,1,31102238,1,31090502,1)","0","100","(76991142,76991143,76991144,76991145)"
"157000433","1","1","90203964","91290634","2500","2800","(31020005,15,31010058,3,31000061,1)","750","0","5","(31090501,1,31102248,1,31090502,1)","0","100","(76991142,76991143,76991144,76991145)"
"157000434","1","1","90203965","91290635","2800","3200","(31100078,1,31020005,15,31010058,4,31000061,1)","840","90203635","5","(31090501,1,31102503,1,31090502,2)","39000079","80","(76991146,76991147,76991148,76991149)"
"157000435","1","1","90203966","91290636","3200","3600","(31100078,1,31020005,15,31010058,4,31000061,1)","960","0","5","(31090501,1,31102508,1,31090502,2)","39000079","80","(76991146,76991147,76991148,76991149)"
"157000436","1","1","90203967","91290637","3600","4000","(31100078,1,31020005,15,31010058,4,31000061,1)","1080","0","5","(31090501,1,31102513,1,31090502,2)","39000079","80","(76991146,76991147,76991148,76991149)"
"157000437","1","1","90203968","91290638","4000","4400","(31100078,1,31020005,15,31010058,4,31000061,1)","1200","0","5","(31090501,1,31102518,1,31090502,2)","39000079","80","(76991146,76991147,76991148,76991149)"
"157000438","1","1","90203969","91290639","4400","4800","(31100078,1,31020005,15,31010058,4,31000061,1)","1320","0","5","(31090501,1,31102523,1,31090502,2)","39000079","80","(76991146,76991147,76991148,76991149)"
"157000439","1","1","90203970","91290640","4800","5300","(31100079,1,31020005,21,31010058,5,31000061,1)","1440","90203636","5","(31090501,1,31102209,1,31090502,2)","39000080","65","(76991150,76991151,76991152,76991153)"
"157000440","1","1","90203971","91290641","5300","5800","(31100079,1,31020005,21,31010058,5,31000061,1)","1590","0","5","(31090501,1,31102219,1,31090502,2)","39000080","65","(76991150,76991151,76991152,76991153)"
"157000441","1","1","90203972","91290642","5800","6300","(31100079,1,31020005,21,31010058,5,31000061,1)","1740","0","5","(31090501,1,31102229,1,31090502,2)","39000080","65","(76991150,76991151,76991152,76991153)"
"157000442","1","1","90203973","91290643","6300","6800","(31100079,1,31020005,21,31010058,5,31000061,1)","1890","0","5","(31090501,1,31102239,1,31090502,2)","39000080","65","(76991150,76991151,76991152,76991153)"
"157000443","1","1","90203974","91290644","6800","7300","(31100079,1,31020005,21,31010058,5,31000061,1)","2040","0","5","(31090501,1,31102249,1,31090502,2)","39000080","65","(76991150,76991151,76991152,76991153)"
"157000444","1","1","90203975","91290645","7300","7900","(31100080,1,31020005,30,31010058,6,31000061,1)","2190","90203637","5","(31090501,1,31102504,1,31000166,3)","39000081","50","(76991154,76991155,76991156,76991157)"
"157000445","1","1","90203976","91290646","7900","8500","(31100080,1,31020005,30,31010058,6,31000061,1)","2370","0","5","(31090501,1,31102509,1,31000166,3)","39000081","50","(76991154,76991155,76991156,76991157)"
"157000446","1","1","90203977","91290647","8500","9200","(31100080,1,31020005,30,31010058,6,31000061,1)","2550","0","5","(31090501,1,31102514,1,31000166,3)","39000081","50","(76991154,76991155,76991156,76991157)"
"157000447","1","1","90203978","91290648","9200","10000","(31100080,1,31020005,30,31010058,6,31000061,1)","2760","0","5","(31090501,1,31102519,1,31000166,3)","39000081","50","(76991154,76991155,76991156,76991157)"
"157000448","1","1","90203979","91290649","10000","999999","(31100080,1,31020005,30,31010058,6,31000061,1)","3000","0","5","(31090501,1,31102524,1,31000166,3)","39000081","50","(76991154,76991155,76991156,76991157)"
"157000449","1","2","90203952","91290622","0","100","(31020005,6,31010058,1,31000061,1)","0","90203632","5","(31140133,1,31102501,1,31090502,1)","0","100","(76991134,76991135,76991136,76991137)"
"157000450","1","2","90203953","91290623","100","200","(31020005,6,31010058,1,31000061,1)","0","0","5","(31140133,1,31102511,1,31090502,1)","0","100","(76991134,76991135,76991136,76991137)"
"157000451","1","2","90203954","91290624","200","300","(31020005,6,31010058,1,31000061,1)","0","0","5","(31140133,1,31102521,1,31090502,1)","0","100","(76991134,76991135,76991136,76991137)"
"157000452","1","2","90203955","91290625","300","500","(31020005,9,31010058,2,31000061,1)","90","90203633","5","(31140134,1,31102502,1,31090502,1)","0","100","(76991138,76991139,76991140,76991141)"
"157000453","1","2","90203956","91290626","500","700","(31020005,9,31010058,2,31000061,1)","150","0","5","(31140134,1,31102507,1,31090502,1)","0","100","(76991138,76991139,76991140,76991141)"
"157000454","1","2","90203957","91290627","700","900","(31020005,9,31010058,2,31000061,1)","210","0","5","(31140134,1,31102512,1,31090502,1)","0","100","(76991138,76991139,76991140,76991141)"
"157000455","1","2","90203958","91290628","900","1100","(31020005,9,31010058,2,31000061,1)","270","0","5","(31140134,1,31102517,1,31090502,1)","0","100","(76991138,76991139,76991140,76991141)"
"157000456","1","2","90203959","91290629","1100","1300","(31020005,9,31010058,2,31000061,1)","330","0","5","(31140134,1,31102522,1,31090502,1)","0","100","(76991138,76991139,76991140,76991141)"
"157000457","1","2","90203960","91290630","1300","1600","(31020005,15,31010058,3,31000061,1)","390","90203634","5","(31090501,1,31102208,1,31090502,1)","0","100","(76991142,76991143,76991144,76991145)"
"157000458","1","2","90203961","91290631","1600","1900","(31020005,15,31010058,3,31000061,1)","480","0","5","(31090501,1,31102218,1,31090502,1)","0","100","(76991142,76991143,76991144,76991145)"
"157000459","1","2","90203962","91290632","1900","2200","(31020005,15,31010058,3,31000061,1)","570","0","5","(31090501,1,31102228,1,31090502,1)","0","100","(76991142,76991143,76991144,76991145)"
"157000460","1","2","90203963","91290633","2200","2500","(31020005,15,31010058,3,31000061,1)","660","0","5","(31090501,1,31102238,1,31090502,1)","0","100","(76991142,76991143,76991144,76991145)"
"157000461","1","2","90203964","91290634","2500","2800","(31020005,15,31010058,3,31000061,1)","750","0","5","(31090501,1,31102248,1,31090502,1)","0","100","(76991142,76991143,76991144,76991145)"
"157000462","1","2","90203965","91290635","2800","3200","(31100078,1,31020005,15,31010058,4,31000061,1)","840","90203635","5","(31090501,1,31102503,1,31090502,2)","39000079","80","(76991146,76991147,76991148,76991149)"
"157000463","1","2","90203966","91290636","3200","3600","(31100078,1,31020005,15,31010058,4,31000061,1)","960","0","5","(31090501,1,31102508,1,31090502,2)","39000079","80","(76991146,76991147,76991148,76991149)"
"157000464","1","2","90203967","91290637","3600","4000","(31100078,1,31020005,15,31010058,4,31000061,1)","1080","0","5","(31090501,1,31102513,1,31090502,2)","39000079","80","(76991146,76991147,76991148,76991149)"
"157000465","1","2","90203968","91290638","4000","4400","(31100078,1,31020005,15,31010058,4,31000061,1)","1200","0","5","(31090501,1,31102518,1,31090502,2)","39000079","80","(76991146,76991147,76991148,76991149)"
"157000466","1","2","90203969","91290639","4400","4800","(31100078,1,31020005,15,31010058,4,31000061,1)","1320","0","5","(31090501,1,31102523,1,31090502,2)","39000079","80","(76991146,76991147,76991148,76991149)"
"157000467","1","2","90203970","91290640","4800","5300","(31100079,1,31020005,21,31010058,5,31000061,1)","1440","90203636","5","(31090501,1,31102209,1,31090502,2)","39000080","65","(76991150,76991151,76991152,76991153)"
"157000468","1","2","90203971","91290641","5300","5800","(31100079,1,31020005,21,31010058,5,31000061,1)","1590","0","5","(31090501,1,31102219,1,31090502,2)","39000080","65","(76991150,76991151,76991152,76991153)"
"157000469","1","2","90203972","91290642","5800","6300","(31100079,1,31020005,21,31010058,5,31000061,1)","1740","0","5","(31090501,1,31102229,1,31090502,2)","39000080","65","(76991150,76991151,76991152,76991153)"
"157000470","1","2","90203973","91290643","6300","6800","(31100079,1,31020005,21,31010058,5,31000061,1)","1890","0","5","(31090501,1,31102239,1,31090502,2)","39000080","65","(76991150,76991151,76991152,76991153)"
"157000471","1","2","90203974","91290644","6800","7300","(31100079,1,31020005,21,31010058,5,31000061,1)","2040","0","5","(31090501,1,31102249,1,31090502,2)","39000080","65","(76991150,76991151,76991152,76991153)"
"157000472","1","2","90203975","91290645","7300","7900","(31100080,1,31020005,30,31010058,6,31000061,1)","2190","90203637","5","(31090501,1,31102504,1,31000166,3)","39000081","50","(76991154,76991155,76991156,76991157)"
"157000473","1","2","90203976","91290646","7900","8500","(31100080,1,31020005,30,31010058,6,31000061,1)","2370","0","5","(31090501,1,31102509,1,31000166,3)","39000081","50","(76991154,76991155,76991156,76991157)"
"157000474","1","2","90203977","91290647","8500","9200","(31100080,1,31020005,30,31010058,6,31000061,1)","2550","0","5","(31090501,1,31102514,1,31000166,3)","39000081","50","(76991154,76991155,76991156,76991157)"
"157000475","1","2","90203978","91290648","9200","10000","(31100080,1,31020005,30,31010058,6,31000061,1)","2760","0","5","(31090501,1,31102519,1,31000166,3)","39000081","50","(76991154,76991155,76991156,76991157)"
"157000476","1","2","90203979","91290649","10000","999999","(31100080,1,31020005,30,31010058,6,31000061,1)","3000","0","5","(31090501,1,31102524,1,31000166,3)","39000081","50","(76991154,76991155,76991156,76991157)"
"157000477","1","3","90203952","91290622","0","100","(31020005,6,31010058,1,31000061,1)","0","90203632","5","(31140133,1,31102501,1,31090502,1)","0","100","(76991134,76991135,76991136,76991137)"
"157000478","1","3","90203953","91290623","100","200","(31020005,6,31010058,1,31000061,1)","0","0","5","(31140133,1,31102511,1,31090502,1)","0","100","(76991134,76991135,76991136,76991137)"
"157000479","1","3","90203954","91290624","200","300","(31020005,6,31010058,1,31000061,1)","0","0","5","(31140133,1,31102521,1,31090502,1)","0","100","(76991134,76991135,76991136,76991137)"
"157000480","1","3","90203955","91290625","300","500","(31020005,9,31010058,2,31000061,1)","90","90203633","5","(31140134,1,31102502,1,31090502,1)","0","100","(76991138,76991139,76991140,76991141)"
"157000481","1","3","90203956","91290626","500","700","(31020005,9,31010058,2,31000061,1)","150","0","5","(31140134,1,31102507,1,31090502,1)","0","100","(76991138,76991139,76991140,76991141)"
"157000482","1","3","90203957","91290627","700","900","(31020005,9,31010058,2,31000061,1)","210","0","5","(31140134,1,31102512,1,31090502,1)","0","100","(76991138,76991139,76991140,76991141)"
"157000483","1","3","90203958","91290628","900","1100","(31020005,9,31010058,2,31000061,1)","270","0","5","(31140134,1,31102517,1,31090502,1)","0","100","(76991138,76991139,76991140,76991141)"
"157000484","1","3","90203959","91290629","1100","1300","(31020005,9,31010058,2,31000061,1)","330","0","5","(31140134,1,31102522,1,31090502,1)","0","100","(76991138,76991139,76991140,76991141)"
"157000485","1","3","90203960","91290630","1300","1600","(31020005,15,31010058,3,31000061,1)","390","90203634","5","(31090501,1,31102208,1,31090502,1)","0","100","(76991142,76991143,76991144,76991145)"
"157000486","1","3","90203961","91290631","1600","1900","(31020005,15,31010058,3,31000061,1)","480","0","5","(31090501,1,31102218,1,31090502,1)","0","100","(76991142,76991143,76991144,76991145)"
"157000487","1","3","90203962","91290632","1900","2200","(31020005,15,31010058,3,31000061,1)","570","0","5","(31090501,1,31102228,1,31090502,1)","0","100","(76991142,76991143,76991144,76991145)"
"157000488","1","3","90203963","91290633","2200","2500","(31020005,15,31010058,3,31000061,1)","660","0","5","(31090501,1,31102238,1,31090502,1)","0","100","(76991142,76991143,76991144,76991145)"
"157000489","1","3","90203964","91290634","2500","2800","(31020005,15,31010058,3,31000061,1)","750","0","5","(31090501,1,31102248,1,31090502,1)","0","100","(76991142,76991143,76991144,76991145)"
"157000490","1","3","90203965","91290635","2800","3200","(31100078,1,31020005,15,31010058,4,31000061,1)","840","90203635","5","(31090501,1,31102503,1,31090502,2)","39000079","80","(76991146,76991147,76991148,76991149)"
"157000491","1","3","90203966","91290636","3200","3600","(31100078,1,31020005,15,31010058,4,31000061,1)","960","0","5","(31090501,1,31102508,1,31090502,2)","39000079","80","(76991146,76991147,76991148,76991149)"
"157000492","1","3","90203967","91290637","3600","4000","(31100078,1,31020005,15,31010058,4,31000061,1)","1080","0","5","(31090501,1,31102513,1,31090502,2)","39000079","80","(76991146,76991147,76991148,76991149)"
"157000493","1","3","90203968","91290638","4000","4400","(31100078,1,31020005,15,31010058,4,31000061,1)","1200","0","5","(31090501,1,31102518,1,31090502,2)","39000079","80","(76991146,76991147,76991148,76991149)"
"157000494","1","3","90203969","91290639","4400","4800","(31100078,1,31020005,15,31010058,4,31000061,1)","1320","0","5","(31090501,1,31102523,1,31090502,2)","39000079","80","(76991146,76991147,76991148,76991149)"
"157000495","1","3","90203970","91290640","4800","5300","(31100079,1,31020005,21,31010058,5,31000061,1)","1440","90203636","5","(31090501,1,31102209,1,31090502,2)","39000080","65","(76991150,76991151,76991152,76991153)"
"157000496","1","3","90203971","91290641","5300","5800","(31100079,1,31020005,21,31010058,5,31000061,1)","1590","0","5","(31090501,1,31102219,1,31090502,2)","39000080","65","(76991150,76991151,76991152,76991153)"
"157000497","1","3","90203972","91290642","5800","6300","(31100079,1,31020005,21,31010058,5,31000061,1)","1740","0","5","(31090501,1,31102229,1,31090502,2)","39000080","65","(76991150,76991151,76991152,76991153)"
"157000498","1","3","90203973","91290643","6300","6800","(31100079,1,31020005,21,31010058,5,31000061,1)","1890","0","5","(31090501,1,31102239,1,31090502,2)","39000080","65","(76991150,76991151,76991152,76991153)"
"157000499","1","3","90203974","91290644","6800","7300","(31100079,1,31020005,21,31010058,5,31000061,1)","2040","0","5","(31090501,1,31102249,1,31090502,2)","39000080","65","(76991150,76991151,76991152,76991153)"
"157000500","1","3","90203975","91290645","7300","7900","(31100080,1,31020005,30,31010058,6,31000061,1)","2190","90203637","5","(31090501,1,31102504,1,31000166,3)","39000081","50","(76991154,76991155,76991156,76991157)"
"157000501","1","3","90203976","91290646","7900","8500","(31100080,1,31020005,30,31010058,6,31000061,1)","2370","0","5","(31090501,1,31102509,1,31000166,3)","39000081","50","(76991154,76991155,76991156,76991157)"
"157000502","1","3","90203977","91290647","8500","9200","(31100080,1,31020005,30,31010058,6,31000061,1)","2550","0","5","(31090501,1,31102514,1,31000166,3)","39000081","50","(76991154,76991155,76991156,76991157)"
"157000503","1","3","90203978","91290648","9200","10000","(31100080,1,31020005,30,31010058,6,31000061,1)","2760","0","5","(31090501,1,31102519,1,31000166,3)","39000081","50","(76991154,76991155,76991156,76991157)"
"157000504","1","3","90203979","91290649","10000","999999","(31100080,1,31020005,30,31010058,6,31000061,1)","3000","0","5","(31090501,1,31102524,1,31000166,3)","39000081","50","(76991154,76991155,76991156,76991157)"
"157000505","1","4","90203952","91290622","0","100","(31020005,6,31010058,1,31000061,1)","0","90203632","5","(31140133,1,31102501,1,31090502,1)","0","100","(76991134,76991135,76991136,76991137)"
"157000506","1","4","90203953","91290623","100","200","(31020005,6,31010058,1,31000061,1)","0","0","5","(31140133,1,31102511,1,31090502,1)","0","100","(76991134,76991135,76991136,76991137)"
"157000507","1","4","90203954","91290624","200","300","(31020005,6,31010058,1,31000061,1)","0","0","5","(31140133,1,31102521,1,31090502,1)","0","100","(76991134,76991135,76991136,76991137)"
"157000508","1","4","90203955","91290625","300","500","(31020005,9,31010058,2,31000061,1)","90","90203633","5","(31140134,1,31102502,1,31090502,1)","0","100","(76991138,76991139,76991140,76991141)"
"157000509","1","4","90203956","91290626","500","700","(31020005,9,31010058,2,31000061,1)","150","0","5","(31140134,1,31102507,1,31090502,1)","0","100","(76991138,76991139,76991140,76991141)"
"157000510","1","4","90203957","91290627","700","900","(31020005,9,31010058,2,31000061,1)","210","0","5","(31140134,1,31102512,1,31090502,1)","0","100","(76991138,76991139,76991140,76991141)"
"157000511","1","4","90203958","91290628","900","1100","(31020005,9,31010058,2,31000061,1)","270","0","5","(31140134,1,31102517,1,31090502,1)","0","100","(76991138,76991139,76991140,76991141)"
"157000512","1","4","90203959","91290629","1100","1300","(31020005,9,31010058,2,31000061,1)","330","0","5","(31140134,1,31102522,1,31090502,1)","0","100","(76991138,76991139,76991140,76991141)"
"157000513","1","4","90203960","91290630","1300","1600","(31020005,15,31010058,3,31000061,1)","390","90203634","5","(31090501,1,31102208,1,31090502,1)","0","100","(76991142,76991143,76991144,76991145)"
"157000514","1","4","90203961","91290631","1600","1900","(31020005,15,31010058,3,31000061,1)","480","0","5","(31090501,1,31102218,1,31090502,1)","0","100","(76991142,76991143,76991144,76991145)"
"157000515","1","4","90203962","91290632","1900","2200","(31020005,15,31010058,3,31000061,1)","570","0","5","(31090501,1,31102228,1,31090502,1)","0","100","(76991142,76991143,76991144,76991145)"
"157000516","1","4","90203963","91290633","2200","2500","(31020005,15,31010058,3,31000061,1)","660","0","5","(31090501,1,31102238,1,31090502,1)","0","100","(76991142,76991143,76991144,76991145)"
"157000517","1","4","90203964","91290634","2500","2800","(31020005,15,31010058,3,31000061,1)","750","0","5","(31090501,1,31102248,1,31090502,1)","0","100","(76991142,76991143,76991144,76991145)"
"157000518","1","4","90203965","91290635","2800","3200","(31100078,1,31020005,15,31010058,4,31000061,1)","840","90203635","5","(31090501,1,31102503,1,31090502,2)","39000079","80","(76991146,76991147,76991148,76991149)"
"157000519","1","4","90203966","91290636","3200","3600","(31100078,1,31020005,15,31010058,4,31000061,1)","960","0","5","(31090501,1,31102508,1,31090502,2)","39000079","80","(76991146,76991147,76991148,76991149)"
"157000520","1","4","90203967","91290637","3600","4000","(31100078,1,31020005,15,31010058,4,31000061,1)","1080","0","5","(31090501,1,31102513,1,31090502,2)","39000079","80","(76991146,76991147,76991148,76991149)"
"157000521","1","4","90203968","91290638","4000","4400","(31100078,1,31020005,15,31010058,4,31000061,1)","1200","0","5","(31090501,1,31102518,1,31090502,2)","39000079","80","(76991146,76991147,76991148,76991149)"
"157000522","1","4","90203969","91290639","4400","4800","(31100078,1,31020005,15,31010058,4,31000061,1)","1320","0","5","(31090501,1,31102523,1,31090502,2)","39000079","80","(76991146,76991147,76991148,76991149)"
"157000523","1","4","90203970","91290640","4800","5300","(31100079,1,31020005,21,31010058,5,31000061,1)","1440","90203636","5","(31090501,1,31102209,1,31090502,2)","39000080","65","(76991150,76991151,76991152,76991153)"
"157000524","1","4","90203971","91290641","5300","5800","(31100079,1,31020005,21,31010058,5,31000061,1)","1590","0","5","(31090501,1,31102219,1,31090502,2)","39000080","65","(76991150,76991151,76991152,76991153)"
"157000525","1","4","90203972","91290642","5800","6300","(31100079,1,31020005,21,31010058,5,31000061,1)","1740","0","5","(31090501,1,31102229,1,31090502,2)","39000080","65","(76991150,76991151,76991152,76991153)"
"157000526","1","4","90203973","91290643","6300","6800","(31100079,1,31020005,21,31010058,5,31000061,1)","1890","0","5","(31090501,1,31102239,1,31090502,2)","39000080","65","(76991150,76991151,76991152,76991153)"
"157000527","1","4","90203974","91290644","6800","7300","(31100079,1,31020005,21,31010058,5,31000061,1)","2040","0","5","(31090501,1,31102249,1,31090502,2)","39000080","65","(76991150,76991151,76991152,76991153)"
"157000528","1","4","90203975","91290645","7300","7900","(31100080,1,31020005,30,31010058,6,31000061,1)","2190","90203637","5","(31090501,1,31102504,1,31000166,3)","39000081","50","(76991154,76991155,76991156,76991157)"
"157000529","1","4","90203976","91290646","7900","8500","(31100080,1,31020005,30,31010058,6,31000061,1)","2370","0","5","(31090501,1,31102509,1,31000166,3)","39000081","50","(76991154,76991155,76991156,76991157)"
"157000530","1","4","90203977","91290647","8500","9200","(31100080,1,31020005,30,31010058,6,31000061,1)","2550","0","5","(31090501,1,31102514,1,31000166,3)","39000081","50","(76991154,76991155,76991156,76991157)"
"157000531","1","4","90203978","91290648","9200","10000","(31100080,1,31020005,30,31010058,6,31000061,1)","2760","0","5","(31090501,1,31102519,1,31000166,3)","39000081","50","(76991154,76991155,76991156,76991157)"
"157000532","1","4","90203979","91290649","10000","999999","(31100080,1,31020005,30,31010058,6,31000061,1)","3000","0","5","(31090501,1,31102524,1,31000166,3)","39000081","50","(76991154,76991155,76991156,76991157)"
"157000533","1","5","90203952","91290622","0","100","(31020005,6,31010058,1,31000061,1)","0","90203632","5","(31140133,1,31102501,1,31090502,1)","0","100","(76991134,76991135,76991136,76991137)"
"157000534","1","5","90203953","91290623","100","200","(31020005,6,31010058,1,31000061,1)","0","0","5","(31140133,1,31102511,1,31090502,1)","0","100","(76991134,76991135,76991136,76991137)"
"157000535","1","5","90203954","91290624","200","300","(31020005,6,31010058,1,31000061,1)","0","0","5","(31140133,1,31102521,1,31090502,1)","0","100","(76991134,76991135,76991136,76991137)"
"157000536","1","5","90203955","91290625","300","500","(31020005,9,31010058,2,31000061,1)","90","90203633","5","(31140134,1,31102502,1,31090502,1)","0","100","(76991138,76991139,76991140,76991141)"
"157000537","1","5","90203956","91290626","500","700","(31020005,9,31010058,2,31000061,1)","150","0","5","(31140134,1,31102507,1,31090502,1)","0","100","(76991138,76991139,76991140,76991141)"
"157000538","1","5","90203957","91290627","700","900","(31020005,9,31010058,2,31000061,1)","210","0","5","(31140134,1,31102512,1,31090502,1)","0","100","(76991138,76991139,76991140,76991141)"
"157000539","1","5","90203958","91290628","900","1100","(31020005,9,31010058,2,31000061,1)","270","0","5","(31140134,1,31102517,1,31090502,1)","0","100","(76991138,76991139,76991140,76991141)"
"157000540","1","5","90203959","91290629","1100","1300","(31020005,9,31010058,2,31000061,1)","330","0","5","(31140134,1,31102522,1,31090502,1)","0","100","(76991138,76991139,76991140,76991141)"
"157000541","1","5","90203960","91290630","1300","1600","(31020005,15,31010058,3,31000061,1)","390","90203634","5","(31090501,1,31102208,1,31090502,1)","0","100","(76991142,76991143,76991144,76991145)"
"157000542","1","5","90203961","91290631","1600","1900","(31020005,15,31010058,3,31000061,1)","480","0","5","(31090501,1,31102218,1,31090502,1)","0","100","(76991142,76991143,76991144,76991145)"
"157000543","1","5","90203962","91290632","1900","2200","(31020005,15,31010058,3,31000061,1)","570","0","5","(31090501,1,31102228,1,31090502,1)","0","100","(76991142,76991143,76991144,76991145)"
"157000544","1","5","90203963","91290633","2200","2500","(31020005,15,31010058,3,31000061,1)","660","0","5","(31090501,1,31102238,1,31090502,1)","0","100","(76991142,76991143,76991144,76991145)"
"157000545","1","5","90203964","91290634","2500","2800","(31020005,15,31010058,3,31000061,1)","750","0","5","(31090501,1,31102248,1,31090502,1)","0","100","(76991142,76991143,76991144,76991145)"
"157000546","1","5","90203965","91290635","2800","3200","(31100078,1,31020005,15,31010058,4,31000061,1)","840","90203635","5","(31090501,1,31102503,1,31090502,2)","39000079","80","(76991146,76991147,76991148,76991149)"
"157000547","1","5","90203966","91290636","3200","3600","(31100078,1,31020005,15,31010058,4,31000061,1)","960","0","5","(31090501,1,31102508,1,31090502,2)","39000079","80","(76991146,76991147,76991148,76991149)"
"157000548","1","5","90203967","91290637","3600","4000","(31100078,1,31020005,15,31010058,4,31000061,1)","1080","0","5","(31090501,1,31102513,1,31090502,2)","39000079","80","(76991146,76991147,76991148,76991149)"
"157000549","1","5","90203968","91290638","4000","4400","(31100078,1,31020005,15,31010058,4,31000061,1)","1200","0","5","(31090501,1,31102518,1,31090502,2)","39000079","80","(76991146,76991147,76991148,76991149)"
"157000550","1","5","90203969","91290639","4400","4800","(31100078,1,31020005,15,31010058,4,31000061,1)","1320","0","5","(31090501,1,31102523,1,31090502,2)","39000079","80","(76991146,76991147,76991148,76991149)"
"157000551","1","5","90203970","91290640","4800","5300","(31100079,1,31020005,21,31010058,5,31000061,1)","1440","90203636","5","(31090501,1,31102209,1,31090502,2)","39000080","65","(76991150,76991151,76991152,76991153)"
"157000552","1","5","90203971","91290641","5300","5800","(31100079,1,31020005,21,31010058,5,31000061,1)","1590","0","5","(31090501,1,31102219,1,31090502,2)","39000080","65","(76991150,76991151,76991152,76991153)"
"157000553","1","5","90203972","91290642","5800","6300","(31100079,1,31020005,21,31010058,5,31000061,1)","1740","0","5","(31090501,1,31102229,1,31090502,2)","39000080","65","(76991150,76991151,76991152,76991153)"
"157000554","1","5","90203973","91290643","6300","6800","(31100079,1,31020005,21,31010058,5,31000061,1)","1890","0","5","(31090501,1,31102239,1,31090502,2)","39000080","65","(76991150,76991151,76991152,76991153)"
"157000555","1","5","90203974","91290644","6800","7300","(31100079,1,31020005,21,31010058,5,31000061,1)","2040","0","5","(31090501,1,31102249,1,31090502,2)","39000080","65","(76991150,76991151,76991152,76991153)"
"157000556","1","5","90203975","91290645","7300","7900","(31100080,1,31020005,30,31010058,6,31000061,1)","2190","90203637","5","(31090501,1,31102504,1,31000166,3)","39000081","50","(76991154,76991155,76991156,76991157)"
"157000557","1","5","90203976","91290646","7900","8500","(31100080,1,31020005,30,31010058,6,31000061,1)","2370","0","5","(31090501,1,31102509,1,31000166,3)","39000081","50","(76991154,76991155,76991156,76991157)"
"157000558","1","5","90203977","91290647","8500","9200","(31100080,1,31020005,30,31010058,6,31000061,1)","2550","0","5","(31090501,1,31102514,1,31000166,3)","39000081","50","(76991154,76991155,76991156,76991157)"
"157000559","1","5","90203978","91290648","9200","10000","(31100080,1,31020005,30,31010058,6,31000061,1)","2760","0","5","(31090501,1,31102519,1,31000166,3)","39000081","50","(76991154,76991155,76991156,76991157)"
"157000560","1","5","90203979","91290649","10000","999999","(31100080,1,31020005,30,31010058,6,31000061,1)","3000","0","5","(31090501,1,31102524,1,31000166,3)","39000081","50","(76991154,76991155,76991156,76991157)"
"157000561","1","6","90203952","91290622","0","100","(31020005,6,31010058,1,31000061,1)","0","90203632","5","(31140133,1,31102501,1,31090502,1)","0","100","(76991134,76991135,76991136,76991137)"
"157000562","1","6","90203953","91290623","100","200","(31020005,6,31010058,1,31000061,1)","0","0","5","(31140133,1,31102511,1,31090502,1)","0","100","(76991134,76991135,76991136,76991137)"
"157000563","1","6","90203954","91290624","200","300","(31020005,6,31010058,1,31000061,1)","0","0","5","(31140133,1,31102521,1,31090502,1)","0","100","(76991134,76991135,76991136,76991137)"
"157000564","1","6","90203955","91290625","300","500","(31020005,9,31010058,2,31000061,1)","90","90203633","5","(31140134,1,31102502,1,31090502,1)","0","100","(76991138,76991139,76991140,76991141)"
"157000565","1","6","90203956","91290626","500","700","(31020005,9,31010058,2,31000061,1)","150","0","5","(31140134,1,31102507,1,31090502,1)","0","100","(76991138,76991139,76991140,76991141)"
"157000566","1","6","90203957","91290627","700","900","(31020005,9,31010058,2,31000061,1)","210","0","5","(31140134,1,31102512,1,31090502,1)","0","100","(76991138,76991139,76991140,76991141)"
"157000567","1","6","90203958","91290628","900","1100","(31020005,9,31010058,2,31000061,1)","270","0","5","(31140134,1,31102517,1,31090502,1)","0","100","(76991138,76991139,76991140,76991141)"
"157000568","1","6","90203959","91290629","1100","1300","(31020005,9,31010058,2,31000061,1)","330","0","5","(31140134,1,31102522,1,31090502,1)","0","100","(76991138,76991139,76991140,76991141)"
"157000569","1","6","90203960","91290630","1300","1600","(31020005,15,31010058,3,31000061,1)","390","90203634","5","(31090501,1,31102208,1,31090502,1)","0","100","(76991142,76991143,76991144,76991145)"
"157000570","1","6","90203961","91290631","1600","1900","(31020005,15,31010058,3,31000061,1)","480","0","5","(31090501,1,31102218,1,31090502,1)","0","100","(76991142,76991143,76991144,76991145)"
"157000571","1","6","90203962","91290632","1900","2200","(31020005,15,31010058,3,31000061,1)","570","0","5","(31090501,1,31102228,1,31090502,1)","0","100","(76991142,76991143,76991144,76991145)"
"157000572","1","6","90203963","91290633","2200","2500","(31020005,15,31010058,3,31000061,1)","660","0","5","(31090501,1,31102238,1,31090502,1)","0","100","(76991142,76991143,76991144,76991145)"
"157000573","1","6","90203964","91290634","2500","2800","(31020005,15,31010058,3,31000061,1)","750","0","5","(31090501,1,31102248,1,31090502,1)","0","100","(76991142,76991143,76991144,76991145)"
"157000574","1","6","90203965","91290635","2800","3200","(31100078,1,31020005,15,31010058,4,31000061,1)","840","90203635","5","(31090501,1,31102503,1,31090502,2)","39000079","80","(76991146,76991147,76991148,76991149)"
"157000575","1","6","90203966","91290636","3200","3600","(31100078,1,31020005,15,31010058,4,31000061,1)","960","0","5","(31090501,1,31102508,1,31090502,2)","39000079","80","(76991146,76991147,76991148,76991149)"
"157000576","1","6","90203967","91290637","3600","4000","(31100078,1,31020005,15,31010058,4,31000061,1)","1080","0","5","(31090501,1,31102513,1,31090502,2)","39000079","80","(76991146,76991147,76991148,76991149)"
"157000577","1","6","90203968","91290638","4000","4400","(31100078,1,31020005,15,31010058,4,31000061,1)","1200","0","5","(31090501,1,31102518,1,31090502,2)","39000079","80","(76991146,76991147,76991148,76991149)"
"157000578","1","6","90203969","91290639","4400","4800","(31100078,1,31020005,15,31010058,4,31000061,1)","1320","0","5","(31090501,1,31102523,1,31090502,2)","39000079","80","(76991146,76991147,76991148,76991149)"
"157000579","1","6","90203970","91290640","4800","5300","(31100079,1,31020005,21,31010058,5,31000061,1)","1440","90203636","5","(31090501,1,31102209,1,31090502,2)","39000080","65","(76991150,76991151,76991152,76991153)"
"157000580","1","6","90203971","91290641","5300","5800","(31100079,1,31020005,21,31010058,5,31000061,1)","1590","0","5","(31090501,1,31102219,1,31090502,2)","39000080","65","(76991150,76991151,76991152,76991153)"
"157000581","1","6","90203972","91290642","5800","6300","(31100079,1,31020005,21,31010058,5,31000061,1)","1740","0","5","(31090501,1,31102229,1,31090502,2)","39000080","65","(76991150,76991151,76991152,76991153)"
"157000582","1","6","90203973","91290643","6300","6800","(31100079,1,31020005,21,31010058,5,31000061,1)","1890","0","5","(31090501,1,31102239,1,31090502,2)","39000080","65","(76991150,76991151,76991152,76991153)"
"157000583","1","6","90203974","91290644","6800","7300","(31100079,1,31020005,21,31010058,5,31000061,1)","2040","0","5","(31090501,1,31102249,1,31090502,2)","39000080","65","(76991150,76991151,76991152,76991153)"
"157000584","1","6","90203975","91290645","7300","7900","(31100080,1,31020005,30,31010058,6,31000061,1)","2190","90203637","5","(31090501,1,31102504,1,31000166,3)","39000081","50","(76991154,76991155,76991156,76991157)"
"157000585","1","6","90203976","91290646","7900","8500","(31100080,1,31020005,30,31010058,6,31000061,1)","2370","0","5","(31090501,1,31102509,1,31000166,3)","39000081","50","(76991154,76991155,76991156,76991157)"
"157000586","1","6","90203977","91290647","8500","9200","(31100080,1,31020005,30,31010058,6,31000061,1)","2550","0","5","(31090501,1,31102514,1,31000166,3)","39000081","50","(76991154,76991155,76991156,76991157)"
"157000587","1","6","90203978","91290648","9200","10000","(31100080,1,31020005,30,31010058,6,31000061,1)","2760","0","5","(31090501,1,31102519,1,31000166,3)","39000081","50","(76991154,76991155,76991156,76991157)"
"157000588","1","6","90203979","91290649","10000","999999","(31100080,1,31020005,30,31010058,6,31000061,1)","3000","0","5","(31090501,1,31102524,1,31000166,3)","39000081","50","(76991154,76991155,76991156,76991157)"
"157000589","1","7","90203952","91290622","0","100","(31020005,6,31010058,1,31000061,1)","0","90203632","5","(31140133,1,31102501,1,31090502,1)","0","100","(76991134,76991135,76991136,76991137)"
"157000590","1","7","90203953","91290623","100","200","(31020005,6,31010058,1,31000061,1)","0","0","5","(31140133,1,31102511,1,31090502,1)","0","100","(76991134,76991135,76991136,76991137)"
"157000591","1","7","90203954","91290624","200","300","(31020005,6,31010058,1,31000061,1)","0","0","5","(31140133,1,31102521,1,31090502,1)","0","100","(76991134,76991135,76991136,76991137)"
"157000592","1","7","90203955","91290625","300","500","(31020005,9,31010058,2,31000061,1)","90","90203633","5","(31140134,1,31102502,1,31090502,1)","0","100","(76991138,76991139,76991140,76991141)"
"157000593","1","7","90203956","91290626","500","700","(31020005,9,31010058,2,31000061,1)","150","0","5","(31140134,1,31102507,1,31090502,1)","0","100","(76991138,76991139,76991140,76991141)"
"157000594","1","7","90203957","91290627","700","900","(31020005,9,31010058,2,31000061,1)","210","0","5","(31140134,1,31102512,1,31090502,1)","0","100","(76991138,76991139,76991140,76991141)"
"157000595","1","7","90203958","91290628","900","1100","(31020005,9,31010058,2,31000061,1)","270","0","5","(31140134,1,31102517,1,31090502,1)","0","100","(76991138,76991139,76991140,76991141)"
"157000596","1","7","90203959","91290629","1100","1300","(31020005,9,31010058,2,31000061,1)","330","0","5","(31140134,1,31102522,1,31090502,1)","0","100","(76991138,76991139,76991140,76991141)"
"157000597","1","7","90203960","91290630","1300","1600","(31020005,15,31010058,3,31000061,1)","390","90203634","5","(31090501,1,31102208,1,31090502,1)","0","100","(76991142,76991143,76991144,76991145)"
"157000598","1","7","90203961","91290631","1600","1900","(31020005,15,31010058,3,31000061,1)","480","0","5","(31090501,1,31102218,1,31090502,1)","0","100","(76991142,76991143,76991144,76991145)"
"157000599","1","7","90203962","91290632","1900","2200","(31020005,15,31010058,3,31000061,1)","570","0","5","(31090501,1,31102228,1,31090502,1)","0","100","(76991142,76991143,76991144,76991145)"
"157000600","1","7","90203963","91290633","2200","2500","(31020005,15,31010058,3,31000061,1)","660","0","5","(31090501,1,31102238,1,31090502,1)","0","100","(76991142,76991143,76991144,76991145)"
"157000601","1","7","90203964","91290634","2500","2800","(31020005,15,31010058,3,31000061,1)","750","0","5","(31090501,1,31102248,1,31090502,1)","0","100","(76991142,76991143,76991144,76991145)"
"157000602","1","7","90203965","91290635","2800","3200","(31100078,1,31020005,15,31010058,4,31000061,1)","840","90203635","5","(31090501,1,31102503,1,31090502,2)","39000079","80","(76991146,76991147,76991148,76991149)"
"157000603","1","7","90203966","91290636","3200","3600","(31100078,1,31020005,15,31010058,4,31000061,1)","960","0","5","(31090501,1,31102508,1,31090502,2)","39000079","80","(76991146,76991147,76991148,76991149)"
"157000604","1","7","90203967","91290637","3600","4000","(31100078,1,31020005,15,31010058,4,31000061,1)","1080","0","5","(31090501,1,31102513,1,31090502,2)","39000079","80","(76991146,76991147,76991148,76991149)"
"157000605","1","7","90203968","91290638","4000","4400","(31100078,1,31020005,15,31010058,4,31000061,1)","1200","0","5","(31090501,1,31102518,1,31090502,2)","39000079","80","(76991146,76991147,76991148,76991149)"
"157000606","1","7","90203969","91290639","4400","4800","(31100078,1,31020005,15,31010058,4,31000061,1)","1320","0","5","(31090501,1,31102523,1,31090502,2)","39000079","80","(76991146,76991147,76991148,76991149)"
"157000607","1","7","90203970","91290640","4800","5300","(31100079,1,31020005,21,31010058,5,31000061,1)","1440","90203636","5","(31090501,1,31102209,1,31090502,2)","39000080","65","(76991150,76991151,76991152,76991153)"
"157000608","1","7","90203971","91290641","5300","5800","(31100079,1,31020005,21,31010058,5,31000061,1)","1590","0","5","(31090501,1,31102219,1,31090502,2)","39000080","65","(76991150,76991151,76991152,76991153)"
"157000609","1","7","90203972","91290642","5800","6300","(31100079,1,31020005,21,31010058,5,31000061,1)","1740","0","5","(31090501,1,31102229,1,31090502,2)","39000080","65","(76991150,76991151,76991152,76991153)"
"157000610","1","7","90203973","91290643","6300","6800","(31100079,1,31020005,21,31010058,5,31000061,1)","1890","0","5","(31090501,1,31102239,1,31090502,2)","39000080","65","(76991150,76991151,76991152,76991153)"
"157000611","1","7","90203974","91290644","6800","7300","(31100079,1,31020005,21,31010058,5,31000061,1)","2040","0","5","(31090501,1,31102249,1,31090502,2)","39000080","65","(76991150,76991151,76991152,76991153)"
"157000612","1","7","90203975","91290645","7300","7900","(31100080,1,31020005,30,31010058,6,31000061,1)","2190","90203637","5","(31090501,1,31102504,1,31000166,3)","39000081","50","(76991154,76991155,76991156,76991157)"
"157000613","1","7","90203976","91290646","7900","8500","(31100080,1,31020005,30,31010058,6,31000061,1)","2370","0","5","(31090501,1,31102509,1,31000166,3)","39000081","50","(76991154,76991155,76991156,76991157)"
"157000614","1","7","90203977","91290647","8500","9200","(31100080,1,31020005,30,31010058,6,31000061,1)","2550","0","5","(31090501,1,31102514,1,31000166,3)","39000081","50","(76991154,76991155,76991156,76991157)"
"157000615","1","7","90203978","91290648","9200","10000","(31100080,1,31020005,30,31010058,6,31000061,1)","2760","0","5","(31090501,1,31102519,1,31000166,3)","39000081","50","(76991154,76991155,76991156,76991157)"
"157000616","1","7","90203979","91290649","10000","999999","(31100080,1,31020005,30,31010058,6,31000061,1)","3000","0","5","(31090501,1,31102524,1,31000166,3)","39000081","50","(76991154,76991155,76991156,76991157)"
"157000617","1","8","90203952","91290622","0","100","(31020005,6,31010058,1,31000061,1)","0","90203632","5","(31140133,1,31102501,1,31090502,1)","0","100","(76991134,76991135,76991136,76991137)"
"157000618","1","8","90203953","91290623","100","200","(31020005,6,31010058,1,31000061,1)","0","0","5","(31140133,1,31102511,1,31090502,1)","0","100","(76991134,76991135,76991136,76991137)"
"157000619","1","8","90203954","91290624","200","300","(31020005,6,31010058,1,31000061,1)","0","0","5","(31140133,1,31102521,1,31090502,1)","0","100","(76991134,76991135,76991136,76991137)"
"157000620","1","8","90203955","91290625","300","500","(31020005,9,31010058,2,31000061,1)","90","90203633","5","(31140134,1,31102502,1,31090502,1)","0","100","(76991138,76991139,76991140,76991141)"
"157000621","1","8","90203956","91290626","500","700","(31020005,9,31010058,2,31000061,1)","150","0","5","(31140134,1,31102507,1,31090502,1)","0","100","(76991138,76991139,76991140,76991141)"
"157000622","1","8","90203957","91290627","700","900","(31020005,9,31010058,2,31000061,1)","210","0","5","(31140134,1,31102512,1,31090502,1)","0","100","(76991138,76991139,76991140,76991141)"
"157000623","1","8","90203958","91290628","900","1100","(31020005,9,31010058,2,31000061,1)","270","0","5","(31140134,1,31102517,1,31090502,1)","0","100","(76991138,76991139,76991140,76991141)"
"157000624","1","8","90203959","91290629","1100","1300","(31020005,9,31010058,2,31000061,1)","330","0","5","(31140134,1,31102522,1,31090502,1)","0","100","(76991138,76991139,76991140,76991141)"
"157000625","1","8","90203960","91290630","1300","1600","(31020005,15,31010058,3,31000061,1)","390","90203634","5","(31090501,1,31102208,1,31090502,1)","0","100","(76991142,76991143,76991144,76991145)"
"157000626","1","8","90203961","91290631","1600","1900","(31020005,15,31010058,3,31000061,1)","480","0","5","(31090501,1,31102218,1,31090502,1)","0","100","(76991142,76991143,76991144,76991145)"
"157000627","1","8","90203962","91290632","1900","2200","(31020005,15,31010058,3,31000061,1)","570","0","5","(31090501,1,31102228,1,31090502,1)","0","100","(76991142,76991143,76991144,76991145)"
"157000628","1","8","90203963","91290633","2200","2500","(31020005,15,31010058,3,31000061,1)","660","0","5","(31090501,1,31102238,1,31090502,1)","0","100","(76991142,76991143,76991144,76991145)"
"157000629","1","8","90203964","91290634","2500","2800","(31020005,15,31010058,3,31000061,1)","750","0","5","(31090501,1,31102248,1,31090502,1)","0","100","(76991142,76991143,76991144,76991145)"
"157000630","1","8","90203965","91290635","2800","3200","(31100078,1,31020005,15,31010058,4,31000061,1)","840","90203635","5","(31090501,1,31102503,1,31090502,2)","39000079","80","(76991146,76991147,76991148,76991149)"
"157000631","1","8","90203966","91290636","3200","3600","(31100078,1,31020005,15,31010058,4,31000061,1)","960","0","5","(31090501,1,31102508,1,31090502,2)","39000079","80","(76991146,76991147,76991148,76991149)"
"157000632","1","8","90203967","91290637","3600","4000","(31100078,1,31020005,15,31010058,4,31000061,1)","1080","0","5","(31090501,1,31102513,1,31090502,2)","39000079","80","(76991146,76991147,76991148,76991149)"
"157000633","1","8","90203968","91290638","4000","4400","(31100078,1,31020005,15,31010058,4,31000061,1)","1200","0","5","(31090501,1,31102518,1,31090502,2)","39000079","80","(76991146,76991147,76991148,76991149)"
"157000634","1","8","90203969","91290639","4400","4800","(31100078,1,31020005,15,31010058,4,31000061,1)","1320","0","5","(31090501,1,31102523,1,31090502,2)","39000079","80","(76991146,76991147,76991148,76991149)"
"157000635","1","8","90203970","91290640","4800","5300","(31100079,1,31020005,21,31010058,5,31000061,1)","1440","90203636","5","(31090501,1,31102209,1,31090502,2)","39000080","65","(76991150,76991151,76991152,76991153)"
"157000636","1","8","90203971","91290641","5300","5800","(31100079,1,31020005,21,31010058,5,31000061,1)","1590","0","5","(31090501,1,31102219,1,31090502,2)","39000080","65","(76991150,76991151,76991152,76991153)"
"157000637","1","8","90203972","91290642","5800","6300","(31100079,1,31020005,21,31010058,5,31000061,1)","1740","0","5","(31090501,1,31102229,1,31090502,2)","39000080","65","(76991150,76991151,76991152,76991153)"
"157000638","1","8","90203973","91290643","6300","6800","(31100079,1,31020005,21,31010058,5,31000061,1)","1890","0","5","(31090501,1,31102239,1,31090502,2)","39000080","65","(76991150,76991151,76991152,76991153)"
"157000639","1","8","90203974","91290644","6800","7300","(31100079,1,31020005,21,31010058,5,31000061,1)","2040","0","5","(31090501,1,31102249,1,31090502,2)","39000080","65","(76991150,76991151,76991152,76991153)"
"157000640","1","8","90203975","91290645","7300","7900","(31100080,1,31020005,30,31010058,6,31000061,1)","2190","90203637","5","(31090501,1,31102504,1,31000166,3)","39000081","50","(76991154,76991155,76991156,76991157)"
"157000641","1","8","90203976","91290646","7900","8500","(31100080,1,31020005,30,31010058,6,31000061,1)","2370","0","5","(31090501,1,31102509,1,31000166,3)","39000081","50","(76991154,76991155,76991156,76991157)"
"157000642","1","8","90203977","91290647","8500","9200","(31100080,1,31020005,30,31010058,6,31000061,1)","2550","0","5","(31090501,1,31102514,1,31000166,3)","39000081","50","(76991154,76991155,76991156,76991157)"
"157000643","1","8","90203978","91290648","9200","10000","(31100080,1,31020005,30,31010058,6,31000061,1)","2760","0","5","(31090501,1,31102519,1,31000166,3)","39000081","50","(76991154,76991155,76991156,76991157)"
"157000644","1","8","90203979","91290649","10000","999999","(31100080,1,31020005,30,31010058,6,31000061,1)","3000","0","5","(31090501,1,31102524,1,31000166,3)","39000081","50","(76991154,76991155,76991156,76991157)"
"157000645","1","9","90203952","91290622","0","100","(31020005,6,31010058,1,31000061,1)","0","90203632","5","(31140133,1,31102501,1,31090502,1)","0","100","(76991134,76991135,76991136,76991137)"
"157000646","1","9","90203953","91290623","100","200","(31020005,6,31010058,1,31000061,1)","0","0","5","(31140133,1,31102511,1,31090502,1)","0","100","(76991134,76991135,76991136,76991137)"
"157000647","1","9","90203954","91290624","200","300","(31020005,6,31010058,1,31000061,1)","0","0","5","(31140133,1,31102521,1,31090502,1)","0","100","(76991134,76991135,76991136,76991137)"
"157000648","1","9","90203955","91290625","300","500","(31020005,9,31010058,2,31000061,1)","90","90203633","5","(31140134,1,31102502,1,31090502,1)","0","100","(76991138,76991139,76991140,76991141)"
"157000649","1","9","90203956","91290626","500","700","(31020005,9,31010058,2,31000061,1)","150","0","5","(31140134,1,31102507,1,31090502,1)","0","100","(76991138,76991139,76991140,76991141)"
"157000650","1","9","90203957","91290627","700","900","(31020005,9,31010058,2,31000061,1)","210","0","5","(31140134,1,31102512,1,31090502,1)","0","100","(76991138,76991139,76991140,76991141)"
"157000651","1","9","90203958","91290628","900","1100","(31020005,9,31010058,2,31000061,1)","270","0","5","(31140134,1,31102517,1,31090502,1)","0","100","(76991138,76991139,76991140,76991141)"
"157000652","1","9","90203959","91290629","1100","1300","(31020005,9,31010058,2,31000061,1)","330","0","5","(31140134,1,31102522,1,31090502,1)","0","100","(76991138,76991139,76991140,76991141)"
"157000653","1","9","90203960","91290630","1300","1600","(31020005,15,31010058,3,31000061,1)","390","90203634","5","(31090501,1,31102208,1,31090502,1)","0","100","(76991142,76991143,76991144,76991145)"
"157000654","1","9","90203961","91290631","1600","1900","(31020005,15,31010058,3,31000061,1)","480","0","5","(31090501,1,31102218,1,31090502,1)","0","100","(76991142,76991143,76991144,76991145)"
"157000655","1","9","90203962","91290632","1900","2200","(31020005,15,31010058,3,31000061,1)","570","0","5","(31090501,1,31102228,1,31090502,1)","0","100","(76991142,76991143,76991144,76991145)"
"157000656","1","9","90203963","91290633","2200","2500","(31020005,15,31010058,3,31000061,1)","660","0","5","(31090501,1,31102238,1,31090502,1)","0","100","(76991142,76991143,76991144,76991145)"
"157000657","1","9","90203964","91290634","2500","2800","(31020005,15,31010058,3,31000061,1)","750","0","5","(31090501,1,31102248,1,31090502,1)","0","100","(76991142,76991143,76991144,76991145)"
"157000658","1","9","90203965","91290635","2800","3200","(31100078,1,31020005,15,31010058,4,31000061,1)","840","90203635","5","(31090501,1,31102503,1,31090502,2)","39000079","80","(76991146,76991147,76991148,76991149)"
"157000659","1","9","90203966","91290636","3200","3600","(31100078,1,31020005,15,31010058,4,31000061,1)","960","0","5","(31090501,1,31102508,1,31090502,2)","39000079","80","(76991146,76991147,76991148,76991149)"
"157000660","1","9","90203967","91290637","3600","4000","(31100078,1,31020005,15,31010058,4,31000061,1)","1080","0","5","(31090501,1,31102513,1,31090502,2)","39000079","80","(76991146,76991147,76991148,76991149)"
"157000661","1","9","90203968","91290638","4000","4400","(31100078,1,31020005,15,31010058,4,31000061,1)","1200","0","5","(31090501,1,31102518,1,31090502,2)","39000079","80","(76991146,76991147,76991148,76991149)"
"157000662","1","9","90203969","91290639","4400","4800","(31100078,1,31020005,15,31010058,4,31000061,1)","1320","0","5","(31090501,1,31102523,1,31090502,2)","39000079","80","(76991146,76991147,76991148,76991149)"
"157000663","1","9","90203970","91290640","4800","5300","(31100079,1,31020005,21,31010058,5,31000061,1)","1440","90203636","5","(31090501,1,31102209,1,31090502,2)","39000080","65","(76991150,76991151,76991152,76991153)"
"157000664","1","9","90203971","91290641","5300","5800","(31100079,1,31020005,21,31010058,5,31000061,1)","1590","0","5","(31090501,1,31102219,1,31090502,2)","39000080","65","(76991150,76991151,76991152,76991153)"
"157000665","1","9","90203972","91290642","5800","6300","(31100079,1,31020005,21,31010058,5,31000061,1)","1740","0","5","(31090501,1,31102229,1,31090502,2)","39000080","65","(76991150,76991151,76991152,76991153)"
"157000666","1","9","90203973","91290643","6300","6800","(31100079,1,31020005,21,31010058,5,31000061,1)","1890","0","5","(31090501,1,31102239,1,31090502,2)","39000080","65","(76991150,76991151,76991152,76991153)"
"157000667","1","9","90203974","91290644","6800","7300","(31100079,1,31020005,21,31010058,5,31000061,1)","2040","0","5","(31090501,1,31102249,1,31090502,2)","39000080","65","(76991150,76991151,76991152,76991153)"
"157000668","1","9","90203975","91290645","7300","7900","(31100080,1,31020005,30,31010058,6,31000061,1)","2190","90203637","5","(31090501,1,31102504,1,31000166,3)","39000081","50","(76991154,76991155,76991156,76991157)"
"157000669","1","9","90203976","91290646","7900","8500","(31100080,1,31020005,30,31010058,6,31000061,1)","2370","0","5","(31090501,1,31102509,1,31000166,3)","39000081","50","(76991154,76991155,76991156,76991157)"
"157000670","1","9","90203977","91290647","8500","9200","(31100080,1,31020005,30,31010058,6,31000061,1)","2550","0","5","(31090501,1,31102514,1,31000166,3)","39000081","50","(76991154,76991155,76991156,76991157)"
"157000671","1","9","90203978","91290648","9200","10000","(31100080,1,31020005,30,31010058,6,31000061,1)","2760","0","5","(31090501,1,31102519,1,31000166,3)","39000081","50","(76991154,76991155,76991156,76991157)"
"157000672","1","9","90203979","91290649","10000","999999","(31100080,1,31020005,30,31010058,6,31000061,1)","3000","0","5","(31090501,1,31102524,1,31000166,3)","39000081","50","(76991154,76991155,76991156,76991157)"
"157000673","1","10","90203952","91290622","0","100","(31020005,6,31010058,1,31000061,1)","0","90203632","5","(31140133,1,31102501,1,31090502,1)","0","100","(76991134,76991135,76991136,76991137)"
"157000674","1","10","90203953","91290623","100","200","(31020005,6,31010058,1,31000061,1)","0","0","5","(31140133,1,31102511,1,31090502,1)","0","100","(76991134,76991135,76991136,76991137)"
"157000675","1","10","90203954","91290624","200","300","(31020005,6,31010058,1,31000061,1)","0","0","5","(31140133,1,31102521,1,31090502,1)","0","100","(76991134,76991135,76991136,76991137)"
"157000676","1","10","90203955","91290625","300","500","(31020005,9,31010058,2,31000061,1)","90","90203633","5","(31140134,1,31102502,1,31090502,1)","0","100","(76991138,76991139,76991140,76991141)"
"157000677","1","10","90203956","91290626","500","700","(31020005,9,31010058,2,31000061,1)","150","0","5","(31140134,1,31102507,1,31090502,1)","0","100","(76991138,76991139,76991140,76991141)"
"157000678","1","10","90203957","91290627","700","900","(31020005,9,31010058,2,31000061,1)","210","0","5","(31140134,1,31102512,1,31090502,1)","0","100","(76991138,76991139,76991140,76991141)"
"157000679","1","10","90203958","91290628","900","1100","(31020005,9,31010058,2,31000061,1)","270","0","5","(31140134,1,31102517,1,31090502,1)","0","100","(76991138,76991139,76991140,76991141)"
"157000680","1","10","90203959","91290629","1100","1300","(31020005,9,31010058,2,31000061,1)","330","0","5","(31140134,1,31102522,1,31090502,1)","0","100","(76991138,76991139,76991140,76991141)"
"157000681","1","10","90203960","91290630","1300","1600","(31020005,15,31010058,3,31000061,1)","390","90203634","5","(31090501,1,31102208,1,31090502,1)","0","100","(76991142,76991143,76991144,76991145)"
"157000682","1","10","90203961","91290631","1600","1900","(31020005,15,31010058,3,31000061,1)","480","0","5","(31090501,1,31102218,1,31090502,1)","0","100","(76991142,76991143,76991144,76991145)"
"157000683","1","10","90203962","91290632","1900","2200","(31020005,15,31010058,3,31000061,1)","570","0","5","(31090501,1,31102228,1,31090502,1)","0","100","(76991142,76991143,76991144,76991145)"
"157000684","1","10","90203963","91290633","2200","2500","(31020005,15,31010058,3,31000061,1)","660","0","5","(31090501,1,31102238,1,31090502,1)","0","100","(76991142,76991143,76991144,76991145)"
"157000685","1","10","90203964","91290634","2500","2800","(31020005,15,31010058,3,31000061,1)","750","0","5","(31090501,1,31102248,1,31090502,1)","0","100","(76991142,76991143,76991144,76991145)"
"157000686","1","10","90203965","91290635","2800","3200","(31100078,1,31020005,15,31010058,4,31000061,1)","840","90203635","5","(31090501,1,31102503,1,31090502,2)","39000079","80","(76991146,76991147,76991148,76991149)"
"157000687","1","10","90203966","91290636","3200","3600","(31100078,1,31020005,15,31010058,4,31000061,1)","960","0","5","(31090501,1,31102508,1,31090502,2)","39000079","80","(76991146,76991147,76991148,76991149)"
"157000688","1","10","90203967","91290637","3600","4000","(31100078,1,31020005,15,31010058,4,31000061,1)","1080","0","5","(31090501,1,31102513,1,31090502,2)","39000079","80","(76991146,76991147,76991148,76991149)"
"157000689","1","10","90203968","91290638","4000","4400","(31100078,1,31020005,15,31010058,4,31000061,1)","1200","0","5","(31090501,1,31102518,1,31090502,2)","39000079","80","(76991146,76991147,76991148,76991149)"
"157000690","1","10","90203969","91290639","4400","4800","(31100078,1,31020005,15,31010058,4,31000061,1)","1320","0","5","(31090501,1,31102523,1,31090502,2)","39000079","80","(76991146,76991147,76991148,76991149)"
"157000691","1","10","90203970","91290640","4800","5300","(31100079,1,31020005,21,31010058,5,31000061,1)","1440","90203636","5","(31090501,1,31102209,1,31090502,2)","39000080","65","(76991150,76991151,76991152,76991153)"
"157000692","1","10","90203971","91290641","5300","5800","(31100079,1,31020005,21,31010058,5,31000061,1)","1590","0","5","(31090501,1,31102219,1,31090502,2)","39000080","65","(76991150,76991151,76991152,76991153)"
"157000693","1","10","90203972","91290642","5800","6300","(31100079,1,31020005,21,31010058,5,31000061,1)","1740","0","5","(31090501,1,31102229,1,31090502,2)","39000080","65","(76991150,76991151,76991152,76991153)"
"157000694","1","10","90203973","91290643","6300","6800","(31100079,1,31020005,21,31010058,5,31000061,1)","1890","0","5","(31090501,1,31102239,1,31090502,2)","39000080","65","(76991150,76991151,76991152,76991153)"
"157000695","1","10","90203974","91290644","6800","7300","(31100079,1,31020005,21,31010058,5,31000061,1)","2040","0","5","(31090501,1,31102249,1,31090502,2)","39000080","65","(76991150,76991151,76991152,76991153)"
"157000696","1","10","90203975","91290645","7300","7900","(31100080,1,31020005,30,31010058,6,31000061,1)","2190","90203637","5","(31090501,1,31102504,1,31000166,3)","39000081","50","(76991154,76991155,76991156,76991157)"
"157000697","1","10","90203976","91290646","7900","8500","(31100080,1,31020005,30,31010058,6,31000061,1)","2370","0","5","(31090501,1,31102509,1,31000166,3)","39000081","50","(76991154,76991155,76991156,76991157)"
"157000698","1","10","90203977","91290647","8500","9200","(31100080,1,31020005,30,31010058,6,31000061,1)","2550","0","5","(31090501,1,31102514,1,31000166,3)","39000081","50","(76991154,76991155,76991156,76991157)"
"157000699","1","10","90203978","91290648","9200","10000","(31100080,1,31020005,30,31010058,6,31000061,1)","2760","0","5","(31090501,1,31102519,1,31000166,3)","39000081","50","(76991154,76991155,76991156,76991157)"
"157000700","1","10","90203979","91290649","10000","999999","(31100080,1,31020005,30,31010058,6,31000061,1)","3000","0","5","(31090501,1,31102524,1,31000166,3)","39000081","50","(76991154,76991155,76991156,76991157)"
"157000701","1","11","90203952","91290622","0","100","(31020005,6,31010058,1,31000061,1)","0","90203632","5","(31140133,1,31102501,1,31090502,1)","0","100","(76991134,76991135,76991136,76991137)"
"157000702","1","11","90203953","91290623","100","200","(31020005,6,31010058,1,31000061,1)","0","0","5","(31140133,1,31102511,1,31090502,1)","0","100","(76991134,76991135,76991136,76991137)"
"157000703","1","11","90203954","91290624","200","300","(31020005,6,31010058,1,31000061,1)","0","0","5","(31140133,1,31102521,1,31090502,1)","0","100","(76991134,76991135,76991136,76991137)"
"157000704","1","11","90203955","91290625","300","500","(31020005,9,31010058,2,31000061,1)","90","90203633","5","(31140134,1,31102502,1,31090502,1)","0","100","(76991138,76991139,76991140,76991141)"
"157000705","1","11","90203956","91290626","500","700","(31020005,9,31010058,2,31000061,1)","150","0","5","(31140134,1,31102507,1,31090502,1)","0","100","(76991138,76991139,76991140,76991141)"
"157000706","1","11","90203957","91290627","700","900","(31020005,9,31010058,2,31000061,1)","210","0","5","(31140134,1,31102512,1,31090502,1)","0","100","(76991138,76991139,76991140,76991141)"
"157000707","1","11","90203958","91290628","900","1100","(31020005,9,31010058,2,31000061,1)","270","0","5","(31140134,1,31102517,1,31090502,1)","0","100","(76991138,76991139,76991140,76991141)"
"157000708","1","11","90203959","91290629","1100","1300","(31020005,9,31010058,2,31000061,1)","330","0","5","(31140134,1,31102522,1,31090502,1)","0","100","(76991138,76991139,76991140,76991141)"
"157000709","1","11","90203960","91290630","1300","1600","(31020005,15,31010058,3,31000061,1)","390","90203634","5","(31090501,1,31102208,1,31090502,1)","0","100","(76991142,76991143,76991144,76991145)"
"157000710","1","11","90203961","91290631","1600","1900","(31020005,15,31010058,3,31000061,1)","480","0","5","(31090501,1,31102218,1,31090502,1)","0","100","(76991142,76991143,76991144,76991145)"
"157000711","1","11","90203962","91290632","1900","2200","(31020005,15,31010058,3,31000061,1)","570","0","5","(31090501,1,31102228,1,31090502,1)","0","100","(76991142,76991143,76991144,76991145)"
"157000712","1","11","90203963","91290633","2200","2500","(31020005,15,31010058,3,31000061,1)","660","0","5","(31090501,1,31102238,1,31090502,1)","0","100","(76991142,76991143,76991144,76991145)"
"157000713","1","11","90203964","91290634","2500","2800","(31020005,15,31010058,3,31000061,1)","750","0","5","(31090501,1,31102248,1,31090502,1)","0","100","(76991142,76991143,76991144,76991145)"
"157000714","1","11","90203965","91290635","2800","3200","(31100078,1,31020005,15,31010058,4,31000061,1)","840","90203635","5","(31090501,1,31102503,1,31090502,2)","39000079","80","(76991146,76991147,76991148,76991149)"
"157000715","1","11","90203966","91290636","3200","3600","(31100078,1,31020005,15,31010058,4,31000061,1)","960","0","5","(31090501,1,31102508,1,31090502,2)","39000079","80","(76991146,76991147,76991148,76991149)"
"157000716","1","11","90203967","91290637","3600","4000","(31100078,1,31020005,15,31010058,4,31000061,1)","1080","0","5","(31090501,1,31102513,1,31090502,2)","39000079","80","(76991146,76991147,76991148,76991149)"
"157000717","1","11","90203968","91290638","4000","4400","(31100078,1,31020005,15,31010058,4,31000061,1)","1200","0","5","(31090501,1,31102518,1,31090502,2)","39000079","80","(76991146,76991147,76991148,76991149)"
"157000718","1","11","90203969","91290639","4400","4800","(31100078,1,31020005,15,31010058,4,31000061,1)","1320","0","5","(31090501,1,31102523,1,31090502,2)","39000079","80","(76991146,76991147,76991148,76991149)"
"157000719","1","11","90203970","91290640","4800","5300","(31100079,1,31020005,21,31010058,5,31000061,1)","1440","90203636","5","(31090501,1,31102209,1,31090502,2)","39000080","65","(76991150,76991151,76991152,76991153)"
"157000720","1","11","90203971","91290641","5300","5800","(31100079,1,31020005,21,31010058,5,31000061,1)","1590","0","5","(31090501,1,31102219,1,31090502,2)","39000080","65","(76991150,76991151,76991152,76991153)"
"157000721","1","11","90203972","91290642","5800","6300","(31100079,1,31020005,21,31010058,5,31000061,1)","1740","0","5","(31090501,1,31102229,1,31090502,2)","39000080","65","(76991150,76991151,76991152,76991153)"
"157000722","1","11","90203973","91290643","6300","6800","(31100079,1,31020005,21,31010058,5,31000061,1)","1890","0","5","(31090501,1,31102239,1,31090502,2)","39000080","65","(76991150,76991151,76991152,76991153)"
"157000723","1","11","90203974","91290644","6800","7300","(31100079,1,31020005,21,31010058,5,31000061,1)","2040","0","5","(31090501,1,31102249,1,31090502,2)","39000080","65","(76991150,76991151,76991152,76991153)"
"157000724","1","11","90203975","91290645","7300","7900","(31100080,1,31020005,30,31010058,6,31000061,1)","2190","90203637","5","(31090501,1,31102504,1,31000166,3)","39000081","50","(76991154,76991155,76991156,76991157)"
"157000725","1","11","90203976","91290646","7900","8500","(31100080,1,31020005,30,31010058,6,31000061,1)","2370","0","5","(31090501,1,31102509,1,31000166,3)","39000081","50","(76991154,76991155,76991156,76991157)"
"157000726","1","11","90203977","91290647","8500","9200","(31100080,1,31020005,30,31010058,6,31000061,1)","2550","0","5","(31090501,1,31102514,1,31000166,3)","39000081","50","(76991154,76991155,76991156,76991157)"
"157000727","1","11","90203978","91290648","9200","10000","(31100080,1,31020005,30,31010058,6,31000061,1)","2760","0","5","(31090501,1,31102519,1,31000166,3)","39000081","50","(76991154,76991155,76991156,76991157)"
"157000728","1","11","90203979","91290649","10000","999999","(31100080,1,31020005,30,31010058,6,31000061,1)","3000","0","5","(31090501,1,31102524,1,31000166,3)","39000081","50","(76991154,76991155,76991156,76991157)"
"157000729","1","12","90203952","91290622","0","100","(31020005,6,31010058,1,31000061,1)","0","90203632","5","(31140133,1,31102501,1,31090502,1)","0","100","(76991134,76991135,76991136,76991137)"
"157000730","1","12","90203953","91290623","100","200","(31020005,6,31010058,1,31000061,1)","0","0","5","(31140133,1,31102511,1,31090502,1)","0","100","(76991134,76991135,76991136,76991137)"
"157000731","1","12","90203954","91290624","200","300","(31020005,6,31010058,1,31000061,1)","0","0","5","(31140133,1,31102521,1,31090502,1)","0","100","(76991134,76991135,76991136,76991137)"
"157000732","1","12","90203955","91290625","300","500","(31020005,9,31010058,2,31000061,1)","90","90203633","5","(31140134,1,31102502,1,31090502,1)","0","100","(76991138,76991139,76991140,76991141)"
"157000733","1","12","90203956","91290626","500","700","(31020005,9,31010058,2,31000061,1)","150","0","5","(31140134,1,31102507,1,31090502,1)","0","100","(76991138,76991139,76991140,76991141)"
"157000734","1","12","90203957","91290627","700","900","(31020005,9,31010058,2,31000061,1)","210","0","5","(31140134,1,31102512,1,31090502,1)","0","100","(76991138,76991139,76991140,76991141)"
"157000735","1","12","90203958","91290628","900","1100","(31020005,9,31010058,2,31000061,1)","270","0","5","(31140134,1,31102517,1,31090502,1)","0","100","(76991138,76991139,76991140,76991141)"
"157000736","1","12","90203959","91290629","1100","1300","(31020005,9,31010058,2,31000061,1)","330","0","5","(31140134,1,31102522,1,31090502,1)","0","100","(76991138,76991139,76991140,76991141)"
"157000737","1","12","90203960","91290630","1300","1600","(31020005,15,31010058,3,31000061,1)","390","90203634","5","(31090501,1,31102208,1,31090502,1)","0","100","(76991142,76991143,76991144,76991145)"
"157000738","1","12","90203961","91290631","1600","1900","(31020005,15,31010058,3,31000061,1)","480","0","5","(31090501,1,31102218,1,31090502,1)","0","100","(76991142,76991143,76991144,76991145)"
"157000739","1","12","90203962","91290632","1900","2200","(31020005,15,31010058,3,31000061,1)","570","0","5","(31090501,1,31102228,1,31090502,1)","0","100","(76991142,76991143,76991144,76991145)"
"157000740","1","12","90203963","91290633","2200","2500","(31020005,15,31010058,3,31000061,1)","660","0","5","(31090501,1,31102238,1,31090502,1)","0","100","(76991142,76991143,76991144,76991145)"
"157000741","1","12","90203964","91290634","2500","2800","(31020005,15,31010058,3,31000061,1)","750","0","5","(31090501,1,31102248,1,31090502,1)","0","100","(76991142,76991143,76991144,76991145)"
"157000742","1","12","90203965","91290635","2800","3200","(31100078,1,31020005,15,31010058,4,31000061,1)","840","90203635","5","(31090501,1,31102503,1,31090502,2)","39000079","80","(76991146,76991147,76991148,76991149)"
"157000743","1","12","90203966","91290636","3200","3600","(31100078,1,31020005,15,31010058,4,31000061,1)","960","0","5","(31090501,1,31102508,1,31090502,2)","39000079","80","(76991146,76991147,76991148,76991149)"
"157000744","1","12","90203967","91290637","3600","4000","(31100078,1,31020005,15,31010058,4,31000061,1)","1080","0","5","(31090501,1,31102513,1,31090502,2)","39000079","80","(76991146,76991147,76991148,76991149)"
"157000745","1","12","90203968","91290638","4000","4400","(31100078,1,31020005,15,31010058,4,31000061,1)","1200","0","5","(31090501,1,31102518,1,31090502,2)","39000079","80","(76991146,76991147,76991148,76991149)"
"157000746","1","12","90203969","91290639","4400","4800","(31100078,1,31020005,15,31010058,4,31000061,1)","1320","0","5","(31090501,1,31102523,1,31090502,2)","39000079","80","(76991146,76991147,76991148,76991149)"
"157000747","1","12","90203970","91290640","4800","5300","(31100079,1,31020005,21,31010058,5,31000061,1)","1440","90203636","5","(31090501,1,31102209,1,31090502,2)","39000080","65","(76991150,76991151,76991152,76991153)"
"157000748","1","12","90203971","91290641","5300","5800","(31100079,1,31020005,21,31010058,5,31000061,1)","1590","0","5","(31090501,1,31102219,1,31090502,2)","39000080","65","(76991150,76991151,76991152,76991153)"
"157000749","1","12","90203972","91290642","5800","6300","(31100079,1,31020005,21,31010058,5,31000061,1)","1740","0","5","(31090501,1,31102229,1,31090502,2)","39000080","65","(76991150,76991151,76991152,76991153)"
"157000750","1","12","90203973","91290643","6300","6800","(31100079,1,31020005,21,31010058,5,31000061,1)","1890","0","5","(31090501,1,31102239,1,31090502,2)","39000080","65","(76991150,76991151,76991152,76991153)"
"157000751","1","12","90203974","91290644","6800","7300","(31100079,1,31020005,21,31010058,5,31000061,1)","2040","0","5","(31090501,1,31102249,1,31090502,2)","39000080","65","(76991150,76991151,76991152,76991153)"
"157000752","1","12","90203975","91290645","7300","7900","(31100080,1,31020005,30,31010058,6,31000061,1)","2190","90203637","5","(31090501,1,31102504,1,31000166,3)","39000081","50","(76991154,76991155,76991156,76991157)"
"157000753","1","12","90203976","91290646","7900","8500","(31100080,1,31020005,30,31010058,6,31000061,1)","2370","0","5","(31090501,1,31102509,1,31000166,3)","39000081","50","(76991154,76991155,76991156,76991157)"
"157000754","1","12","90203977","91290647","8500","9200","(31100080,1,31020005,30,31010058,6,31000061,1)","2550","0","5","(31090501,1,31102514,1,31000166,3)","39000081","50","(76991154,76991155,76991156,76991157)"
"157000755","1","12","90203978","91290648","9200","10000","(31100080,1,31020005,30,31010058,6,31000061,1)","2760","0","5","(31090501,1,31102519,1,31000166,3)","39000081","50","(76991154,76991155,76991156,76991157)"
"157000756","1","12","90203979","91290649","10000","999999","(31100080,1,31020005,30,31010058,6,31000061,1)","3000","0","5","(31090501,1,31102524,1,31000166,3)","39000081","50","(76991154,76991155,76991156,76991157)"
"157000757","1","13","90203952","91290622","0","100","(31020005,6,31010058,1,31000061,1)","0","90203632","5","(31140133,1,31102501,1,31090502,1)","0","100","(76991134,76991135,76991136,76991137)"
"157000758","1","13","90203953","91290623","100","200","(31020005,6,31010058,1,31000061,1)","0","0","5","(31140133,1,31102511,1,31090502,1)","0","100","(76991134,76991135,76991136,76991137)"
"157000759","1","13","90203954","91290624","200","300","(31020005,6,31010058,1,31000061,1)","0","0","5","(31140133,1,31102521,1,31090502,1)","0","100","(76991134,76991135,76991136,76991137)"
"157000760","1","13","90203955","91290625","300","500","(31020005,9,31010058,2,31000061,1)","90","90203633","5","(31140134,1,31102502,1,31090502,1)","0","100","(76991138,76991139,76991140,76991141)"
"157000761","1","13","90203956","91290626","500","700","(31020005,9,31010058,2,31000061,1)","150","0","5","(31140134,1,31102507,1,31090502,1)","0","100","(76991138,76991139,76991140,76991141)"
"157000762","1","13","90203957","91290627","700","900","(31020005,9,31010058,2,31000061,1)","210","0","5","(31140134,1,31102512,1,31090502,1)","0","100","(76991138,76991139,76991140,76991141)"
"157000763","1","13","90203958","91290628","900","1100","(31020005,9,31010058,2,31000061,1)","270","0","5","(31140134,1,31102517,1,31090502,1)","0","100","(76991138,76991139,76991140,76991141)"
"157000764","1","13","90203959","91290629","1100","1300","(31020005,9,31010058,2,31000061,1)","330","0","5","(31140134,1,31102522,1,31090502,1)","0","100","(76991138,76991139,76991140,76991141)"
"157000765","1","13","90203960","91290630","1300","1600","(31020005,15,31010058,3,31000061,1)","390","90203634","5","(31090501,1,31102208,1,31090502,1)","0","100","(76991142,76991143,76991144,76991145)"
"157000766","1","13","90203961","91290631","1600","1900","(31020005,15,31010058,3,31000061,1)","480","0","5","(31090501,1,31102218,1,31090502,1)","0","100","(76991142,76991143,76991144,76991145)"
"157000767","1","13","90203962","91290632","1900","2200","(31020005,15,31010058,3,31000061,1)","570","0","5","(31090501,1,31102228,1,31090502,1)","0","100","(76991142,76991143,76991144,76991145)"
"157000768","1","13","90203963","91290633","2200","2500","(31020005,15,31010058,3,31000061,1)","660","0","5","(31090501,1,31102238,1,31090502,1)","0","100","(76991142,76991143,76991144,76991145)"
"157000769","1","13","90203964","91290634","2500","2800","(31020005,15,31010058,3,31000061,1)","750","0","5","(31090501,1,31102248,1,31090502,1)","0","100","(76991142,76991143,76991144,76991145)"
"157000770","1","13","90203965","91290635","2800","3200","(31100078,1,31020005,15,31010058,4,31000061,1)","840","90203635","5","(31090501,1,31102503,1,31090502,2)","39000079","80","(76991146,76991147,76991148,76991149)"
"157000771","1","13","90203966","91290636","3200","3600","(31100078,1,31020005,15,31010058,4,31000061,1)","960","0","5","(31090501,1,31102508,1,31090502,2)","39000079","80","(76991146,76991147,76991148,76991149)"
"157000772","1","13","90203967","91290637","3600","4000","(31100078,1,31020005,15,31010058,4,31000061,1)","1080","0","5","(31090501,1,31102513,1,31090502,2)","39000079","80","(76991146,76991147,76991148,76991149)"
"157000773","1","13","90203968","91290638","4000","4400","(31100078,1,31020005,15,31010058,4,31000061,1)","1200","0","5","(31090501,1,31102518,1,31090502,2)","39000079","80","(76991146,76991147,76991148,76991149)"
"157000774","1","13","90203969","91290639","4400","4800","(31100078,1,31020005,15,31010058,4,31000061,1)","1320","0","5","(31090501,1,31102523,1,31090502,2)","39000079","80","(76991146,76991147,76991148,76991149)"
"157000775","1","13","90203970","91290640","4800","5300","(31100079,1,31020005,21,31010058,5,31000061,1)","1440","90203636","5","(31090501,1,31102209,1,31090502,2)","39000080","65","(76991150,76991151,76991152,76991153)"
"157000776","1","13","90203971","91290641","5300","5800","(31100079,1,31020005,21,31010058,5,31000061,1)","1590","0","5","(31090501,1,31102219,1,31090502,2)","39000080","65","(76991150,76991151,76991152,76991153)"
"157000777","1","13","90203972","91290642","5800","6300","(31100079,1,31020005,21,31010058,5,31000061,1)","1740","0","5","(31090501,1,31102229,1,31090502,2)","39000080","65","(76991150,76991151,76991152,76991153)"
"157000778","1","13","90203973","91290643","6300","6800","(31100079,1,31020005,21,31010058,5,31000061,1)","1890","0","5","(31090501,1,31102239,1,31090502,2)","39000080","65","(76991150,76991151,76991152,76991153)"
"157000779","1","13","90203974","91290644","6800","7300","(31100079,1,31020005,21,31010058,5,31000061,1)","2040","0","5","(31090501,1,31102249,1,31090502,2)","39000080","65","(76991150,76991151,76991152,76991153)"
"157000780","1","13","90203975","91290645","7300","7900","(31100080,1,31020005,30,31010058,6,31000061,1)","2190","90203637","5","(31090501,1,31102504,1,31000166,3)","39000081","50","(76991154,76991155,76991156,76991157)"
"157000781","1","13","90203976","91290646","7900","8500","(31100080,1,31020005,30,31010058,6,31000061,1)","2370","0","5","(31090501,1,31102509,1,31000166,3)","39000081","50","(76991154,76991155,76991156,76991157)"
"157000782","1","13","90203977","91290647","8500","9200","(31100080,1,31020005,30,31010058,6,31000061,1)","2550","0","5","(31090501,1,31102514,1,31000166,3)","39000081","50","(76991154,76991155,76991156,76991157)"
"157000783","1","13","90203978","91290648","9200","10000","(31100080,1,31020005,30,31010058,6,31000061,1)","2760","0","5","(31090501,1,31102519,1,31000166,3)","39000081","50","(76991154,76991155,76991156,76991157)"
"157000784","1","13","90203979","91290649","10000","999999","(31100080,1,31020005,30,31010058,6,31000061,1)","3000","0","5","(31090501,1,31102524,1,31000166,3)","39000081","50","(76991154,76991155,76991156,76991157)"
"157000785","1","14","90203952","91290622","0","100","(31020005,6,31010058,1,31000061,1)","0","90203632","5","(31140133,1,31102501,1,31090502,1)","0","100","(76991134,76991135,76991136,76991137)"
"157000786","1","14","90203953","91290623","100","200","(31020005,6,31010058,1,31000061,1)","0","0","5","(31140133,1,31102511,1,31090502,1)","0","100","(76991134,76991135,76991136,76991137)"
"157000787","1","14","90203954","91290624","200","300","(31020005,6,31010058,1,31000061,1)","0","0","5","(31140133,1,31102521,1,31090502,1)","0","100","(76991134,76991135,76991136,76991137)"
"157000788","1","14","90203955","91290625","300","500","(31020005,9,31010058,2,31000061,1)","90","90203633","5","(31140134,1,31102502,1,31090502,1)","0","100","(76991138,76991139,76991140,76991141)"
"157000789","1","14","90203956","91290626","500","700","(31020005,9,31010058,2,31000061,1)","150","0","5","(31140134,1,31102507,1,31090502,1)","0","100","(76991138,76991139,76991140,76991141)"
"157000790","1","14","90203957","91290627","700","900","(31020005,9,31010058,2,31000061,1)","210","0","5","(31140134,1,31102512,1,31090502,1)","0","100","(76991138,76991139,76991140,76991141)"
"157000791","1","14","90203958","91290628","900","1100","(31020005,9,31010058,2,31000061,1)","270","0","5","(31140134,1,31102517,1,31090502,1)","0","100","(76991138,76991139,76991140,76991141)"
"157000792","1","14","90203959","91290629","1100","1300","(31020005,9,31010058,2,31000061,1)","330","0","5","(31140134,1,31102522,1,31090502,1)","0","100","(76991138,76991139,76991140,76991141)"
"157000793","1","14","90203960","91290630","1300","1600","(31020005,15,31010058,3,31000061,1)","390","90203634","5","(31090501,1,31102208,1,31090502,1)","0","100","(76991142,76991143,76991144,76991145)"
"157000794","1","14","90203961","91290631","1600","1900","(31020005,15,31010058,3,31000061,1)","480","0","5","(31090501,1,31102218,1,31090502,1)","0","100","(76991142,76991143,76991144,76991145)"
"157000795","1","14","90203962","91290632","1900","2200","(31020005,15,31010058,3,31000061,1)","570","0","5","(31090501,1,31102228,1,31090502,1)","0","100","(76991142,76991143,76991144,76991145)"
"157000796","1","14","90203963","91290633","2200","2500","(31020005,15,31010058,3,31000061,1)","660","0","5","(31090501,1,31102238,1,31090502,1)","0","100","(76991142,76991143,76991144,76991145)"
"157000797","1","14","90203964","91290634","2500","2800","(31020005,15,31010058,3,31000061,1)","750","0","5","(31090501,1,31102248,1,31090502,1)","0","100","(76991142,76991143,76991144,76991145)"
"157000798","1","14","90203965","91290635","2800","3200","(31100078,1,31020005,15,31010058,4,31000061,1)","840","90203635","5","(31090501,1,31102503,1,31090502,2)","39000079","80","(76991146,76991147,76991148,76991149)"
"157000799","1","14","90203966","91290636","3200","3600","(31100078,1,31020005,15,31010058,4,31000061,1)","960","0","5","(31090501,1,31102508,1,31090502,2)","39000079","80","(76991146,76991147,76991148,76991149)"
"157000800","1","14","90203967","91290637","3600","4000","(31100078,1,31020005,15,31010058,4,31000061,1)","1080","0","5","(31090501,1,31102513,1,31090502,2)","39000079","80","(76991146,76991147,76991148,76991149)"
"157000801","1","14","90203968","91290638","4000","4400","(31100078,1,31020005,15,31010058,4,31000061,1)","1200","0","5","(31090501,1,31102518,1,31090502,2)","39000079","80","(76991146,76991147,76991148,76991149)"
"157000802","1","14","90203969","91290639","4400","4800","(31100078,1,31020005,15,31010058,4,31000061,1)","1320","0","5","(31090501,1,31102523,1,31090502,2)","39000079","80","(76991146,76991147,76991148,76991149)"
"157000803","1","14","90203970","91290640","4800","5300","(31100079,1,31020005,21,31010058,5,31000061,1)","1440","90203636","5","(31090501,1,31102209,1,31090502,2)","39000080","65","(76991150,76991151,76991152,76991153)"
"157000804","1","14","90203971","91290641","5300","5800","(31100079,1,31020005,21,31010058,5,31000061,1)","1590","0","5","(31090501,1,31102219,1,31090502,2)","39000080","65","(76991150,76991151,76991152,76991153)"
"157000805","1","14","90203972","91290642","5800","6300","(31100079,1,31020005,21,31010058,5,31000061,1)","1740","0","5","(31090501,1,31102229,1,31090502,2)","39000080","65","(76991150,76991151,76991152,76991153)"
"157000806","1","14","90203973","91290643","6300","6800","(31100079,1,31020005,21,31010058,5,31000061,1)","1890","0","5","(31090501,1,31102239,1,31090502,2)","39000080","65","(76991150,76991151,76991152,76991153)"
"157000807","1","14","90203974","91290644","6800","7300","(31100079,1,31020005,21,31010058,5,31000061,1)","2040","0","5","(31090501,1,31102249,1,31090502,2)","39000080","65","(76991150,76991151,76991152,76991153)"
"157000808","1","14","90203975","91290645","7300","7900","(31100080,1,31020005,30,31010058,6,31000061,1)","2190","90203637","5","(31090501,1,31102504,1,31000166,3)","39000081","50","(76991154,76991155,76991156,76991157)"
"157000809","1","14","90203976","91290646","7900","8500","(31100080,1,31020005,30,31010058,6,31000061,1)","2370","0","5","(31090501,1,31102509,1,31000166,3)","39000081","50","(76991154,76991155,76991156,76991157)"
"157000810","1","14","90203977","91290647","8500","9200","(31100080,1,31020005,30,31010058,6,31000061,1)","2550","0","5","(31090501,1,31102514,1,31000166,3)","39000081","50","(76991154,76991155,76991156,76991157)"
"157000811","1","14","90203978","91290648","9200","10000","(31100080,1,31020005,30,31010058,6,31000061,1)","2760","0","5","(31090501,1,31102519,1,31000166,3)","39000081","50","(76991154,76991155,76991156,76991157)"
"157000812","1","14","90203979","91290649","10000","999999","(31100080,1,31020005,30,31010058,6,31000061,1)","3000","0","5","(31090501,1,31102524,1,31000166,3)","39000081","50","(76991154,76991155,76991156,76991157)"
"157000813","1","15","90203952","91290622","0","100","(31020005,6,31010058,1,31000061,1)","0","90203632","5","(31140133,1,31102501,1,31090502,1)","0","100","(76991134,76991135,76991136,76991137)"
"157000814","1","15","90203953","91290623","100","200","(31020005,6,31010058,1,31000061,1)","0","0","5","(31140133,1,31102511,1,31090502,1)","0","100","(76991134,76991135,76991136,76991137)"
"157000815","1","15","90203954","91290624","200","300","(31020005,6,31010058,1,31000061,1)","0","0","5","(31140133,1,31102521,1,31090502,1)","0","100","(76991134,76991135,76991136,76991137)"
"157000816","1","15","90203955","91290625","300","500","(31020005,9,31010058,2,31000061,1)","90","90203633","5","(31140134,1,31102502,1,31090502,1)","0","100","(76991138,76991139,76991140,76991141)"
"157000817","1","15","90203956","91290626","500","700","(31020005,9,31010058,2,31000061,1)","150","0","5","(31140134,1,31102507,1,31090502,1)","0","100","(76991138,76991139,76991140,76991141)"
"157000818","1","15","90203957","91290627","700","900","(31020005,9,31010058,2,31000061,1)","210","0","5","(31140134,1,31102512,1,31090502,1)","0","100","(76991138,76991139,76991140,76991141)"
"157000819","1","15","90203958","91290628","900","1100","(31020005,9,31010058,2,31000061,1)","270","0","5","(31140134,1,31102517,1,31090502,1)","0","100","(76991138,76991139,76991140,76991141)"
"157000820","1","15","90203959","91290629","1100","1300","(31020005,9,31010058,2,31000061,1)","330","0","5","(31140134,1,31102522,1,31090502,1)","0","100","(76991138,76991139,76991140,76991141)"
"157000821","1","15","90203960","91290630","1300","1600","(31020005,15,31010058,3,31000061,1)","390","90203634","5","(31090501,1,31102208,1,31090502,1)","0","100","(76991142,76991143,76991144,76991145)"
"157000822","1","15","90203961","91290631","1600","1900","(31020005,15,31010058,3,31000061,1)","480","0","5","(31090501,1,31102218,1,31090502,1)","0","100","(76991142,76991143,76991144,76991145)"
"157000823","1","15","90203962","91290632","1900","2200","(31020005,15,31010058,3,31000061,1)","570","0","5","(31090501,1,31102228,1,31090502,1)","0","100","(76991142,76991143,76991144,76991145)"
"157000824","1","15","90203963","91290633","2200","2500","(31020005,15,31010058,3,31000061,1)","660","0","5","(31090501,1,31102238,1,31090502,1)","0","100","(76991142,76991143,76991144,76991145)"
"157000825","1","15","90203964","91290634","2500","2800","(31020005,15,31010058,3,31000061,1)","750","0","5","(31090501,1,31102248,1,31090502,1)","0","100","(76991142,76991143,76991144,76991145)"
"157000826","1","15","90203965","91290635","2800","3200","(31100078,1,31020005,15,31010058,4,31000061,1)","840","90203635","5","(31090501,1,31102503,1,31090502,2)","39000079","80","(76991146,76991147,76991148,76991149)"
"157000827","1","15","90203966","91290636","3200","3600","(31100078,1,31020005,15,31010058,4,31000061,1)","960","0","5","(31090501,1,31102508,1,31090502,2)","39000079","80","(76991146,76991147,76991148,76991149)"
"157000828","1","15","90203967","91290637","3600","4000","(31100078,1,31020005,15,31010058,4,31000061,1)","1080","0","5","(31090501,1,31102513,1,31090502,2)","39000079","80","(76991146,76991147,76991148,76991149)"
"157000829","1","15","90203968","91290638","4000","4400","(31100078,1,31020005,15,31010058,4,31000061,1)","1200","0","5","(31090501,1,31102518,1,31090502,2)","39000079","80","(76991146,76991147,76991148,76991149)"
"157000830","1","15","90203969","91290639","4400","4800","(31100078,1,31020005,15,31010058,4,31000061,1)","1320","0","5","(31090501,1,31102523,1,31090502,2)","39000079","80","(76991146,76991147,76991148,76991149)"
"157000831","1","15","90203970","91290640","4800","5300","(31100079,1,31020005,21,31010058,5,31000061,1)","1440","90203636","5","(31090501,1,31102209,1,31090502,2)","39000080","65","(76991150,76991151,76991152,76991153)"
"157000832","1","15","90203971","91290641","5300","5800","(31100079,1,31020005,21,31010058,5,31000061,1)","1590","0","5","(31090501,1,31102219,1,31090502,2)","39000080","65","(76991150,76991151,76991152,76991153)"
"157000833","1","15","90203972","91290642","5800","6300","(31100079,1,31020005,21,31010058,5,31000061,1)","1740","0","5","(31090501,1,31102229,1,31090502,2)","39000080","65","(76991150,76991151,76991152,76991153)"
"157000834","1","15","90203973","91290643","6300","6800","(31100079,1,31020005,21,31010058,5,31000061,1)","1890","0","5","(31090501,1,31102239,1,31090502,2)","39000080","65","(76991150,76991151,76991152,76991153)"
"157000835","1","15","90203974","91290644","6800","7300","(31100079,1,31020005,21,31010058,5,31000061,1)","2040","0","5","(31090501,1,31102249,1,31090502,2)","39000080","65","(76991150,76991151,76991152,76991153)"
"157000836","1","15","90203975","91290645","7300","7900","(31100080,1,31020005,30,31010058,6,31000061,1)","2190","90203637","5","(31090501,1,31102504,1,31000166,3)","39000081","50","(76991154,76991155,76991156,76991157)"
"157000837","1","15","90203976","91290646","7900","8500","(31100080,1,31020005,30,31010058,6,31000061,1)","2370","0","5","(31090501,1,31102509,1,31000166,3)","39000081","50","(76991154,76991155,76991156,76991157)"
"157000838","1","15","90203977","91290647","8500","9200","(31100080,1,31020005,30,31010058,6,31000061,1)","2550","0","5","(31090501,1,31102514,1,31000166,3)","39000081","50","(76991154,76991155,76991156,76991157)"
"157000839","1","15","90203978","91290648","9200","10000","(31100080,1,31020005,30,31010058,6,31000061,1)","2760","0","5","(31090501,1,31102519,1,31000166,3)","39000081","50","(76991154,76991155,76991156,76991157)"
"157000840","1","15","90203979","91290649","10000","999999","(31100080,1,31020005,30,31010058,6,31000061,1)","3000","0","5","(31090501,1,31102524,1,31000166,3)","39000081","50","(76991154,76991155,76991156,76991157)"
"157000841","2","1","90203952","91290622","0","100","(31020005,6,31010058,1,31000061,1)","0","90203632","5","(31140133,1,31102501,1,31090502,1)","0","100","(76991134,76991135,76991136,76991137)"
"157000842","2","1","90203953","91290623","100","200","(31020005,6,31010058,1,31000061,1)","0","0","5","(31140133,1,31102511,1,31090502,1)","0","100","(76991134,76991135,76991136,76991137)"
"157000843","2","1","90203954","91290624","200","300","(31020005,6,31010058,1,31000061,1)","0","0","5","(31140133,1,31102521,1,31090502,1)","0","100","(76991134,76991135,76991136,76991137)"
"157000844","2","1","90203955","91290625","300","500","(31020005,9,31010058,2,31000061,1)","90","90203633","5","(31140134,1,31102502,1,31090502,1)","0","100","(76991138,76991139,76991140,76991141)"
"157000845","2","1","90203956","91290626","500","700","(31020005,9,31010058,2,31000061,1)","150","0","5","(31140134,1,31102507,1,31090502,1)","0","100","(76991138,76991139,76991140,76991141)"
"157000846","2","1","90203957","91290627","700","900","(31020005,9,31010058,2,31000061,1)","210","0","5","(31140134,1,31102512,1,31090502,1)","0","100","(76991138,76991139,76991140,76991141)"
"157000847","2","1","90203958","91290628","900","1100","(31020005,9,31010058,2,31000061,1)","270","0","5","(31140134,1,31102517,1,31090502,1)","0","100","(76991138,76991139,76991140,76991141)"
"157000848","2","1","90203959","91290629","1100","1300","(31020005,9,31010058,2,31000061,1)","330","0","5","(31140134,1,31102522,1,31090502,1)","0","100","(76991138,76991139,76991140,76991141)"
"157000849","2","1","90203960","91290630","1300","1600","(31020005,15,31010058,3,31000061,1)","390","90203634","5","(31090501,1,31102208,1,31090502,1)","0","100","(76991142,76991143,76991144,76991145)"
"157000850","2","1","90203961","91290631","1600","1900","(31020005,15,31010058,3,31000061,1)","480","0","5","(31090501,1,31102218,1,31090502,1)","0","100","(76991142,76991143,76991144,76991145)"
"157000851","2","1","90203962","91290632","1900","2200","(31020005,15,31010058,3,31000061,1)","570","0","5","(31090501,1,31102228,1,31090502,1)","0","100","(76991142,76991143,76991144,76991145)"
"157000852","2","1","90203963","91290633","2200","2500","(31020005,15,31010058,3,31000061,1)","660","0","5","(31090501,1,31102238,1,31090502,1)","0","100","(76991142,76991143,76991144,76991145)"
"157000853","2","1","90203964","91290634","2500","2800","(31020005,15,31010058,3,31000061,1)","750","0","5","(31090501,1,31102248,1,31090502,1)","0","100","(76991142,76991143,76991144,76991145)"
"157000854","2","1","90203965","91290635","2800","3200","(31100078,1,31020005,15,31010058,4,31000061,1)","840","90203635","5","(31090501,1,31102503,1,31090502,2)","39000079","80","(76991146,76991147,76991148,76991149)"
"157000855","2","1","90203966","91290636","3200","3600","(31100078,1,31020005,15,31010058,4,31000061,1)","960","0","5","(31090501,1,31102508,1,31090502,2)","39000079","80","(76991146,76991147,76991148,76991149)"
"157000856","2","1","90203967","91290637","3600","4000","(31100078,1,31020005,15,31010058,4,31000061,1)","1080","0","5","(31090501,1,31102513,1,31090502,2)","39000079","80","(76991146,76991147,76991148,76991149)"
"157000857","2","1","90203968","91290638","4000","4400","(31100078,1,31020005,15,31010058,4,31000061,1)","1200","0","5","(31090501,1,31102518,1,31090502,2)","39000079","80","(76991146,76991147,76991148,76991149)"
"157000858","2","1","90203969","91290639","4400","4800","(31100078,1,31020005,15,31010058,4,31000061,1)","1320","0","5","(31090501,1,31102523,1,31090502,2)","39000079","80","(76991146,76991147,76991148,76991149)"
"157000859","2","1","90203970","91290640","4800","5300","(31100079,1,31020005,21,31010058,5,31000061,1)","1440","90203636","5","(31090501,1,31102209,1,31090502,2)","39000080","65","(76991150,76991151,76991152,76991153)"
"157000860","2","1","90203971","91290641","5300","5800","(31100079,1,31020005,21,31010058,5,31000061,1)","1590","0","5","(31090501,1,31102219,1,31090502,2)","39000080","65","(76991150,76991151,76991152,76991153)"
"157000861","2","1","90203972","91290642","5800","6300","(31100079,1,31020005,21,31010058,5,31000061,1)","1740","0","5","(31090501,1,31102229,1,31090502,2)","39000080","65","(76991150,76991151,76991152,76991153)"
"157000862","2","1","90203973","91290643","6300","6800","(31100079,1,31020005,21,31010058,5,31000061,1)","1890","0","5","(31090501,1,31102239,1,31090502,2)","39000080","65","(76991150,76991151,76991152,76991153)"
"157000863","2","1","90203974","91290644","6800","7300","(31100079,1,31020005,21,31010058,5,31000061,1)","2040","0","5","(31090501,1,31102249,1,31090502,2)","39000080","65","(76991150,76991151,76991152,76991153)"
"157000864","2","1","90203975","91290645","7300","7900","(31100080,1,31020005,30,31010058,6,31000061,1)","2190","90203637","5","(31090501,1,31102504,1,31000166,3)","39000081","50","(76991154,76991155,76991156,76991157)"
"157000865","2","1","90203976","91290646","7900","8500","(31100080,1,31020005,30,31010058,6,31000061,1)","2370","0","5","(31090501,1,31102509,1,31000166,3)","39000081","50","(76991154,76991155,76991156,76991157)"
"157000866","2","1","90203977","91290647","8500","9200","(31100080,1,31020005,30,31010058,6,31000061,1)","2550","0","5","(31090501,1,31102514,1,31000166,3)","39000081","50","(76991154,76991155,76991156,76991157)"
"157000867","2","1","90203978","91290648","9200","10000","(31100080,1,31020005,30,31010058,6,31000061,1)","2760","0","5","(31090501,1,31102519,1,31000166,3)","39000081","50","(76991154,76991155,76991156,76991157)"
"157000868","2","1","90203979","91290649","10000","999999","(31100080,1,31020005,30,31010058,6,31000061,1)","3000","0","5","(31090501,1,31102524,1,31000166,3)","39000081","50","(76991154,76991155,76991156,76991157)"
"157000869","2","2","90203952","91290622","0","100","(31020005,6,31010058,1,31000061,1)","0","90203632","5","(31140133,1,31102501,1,31090502,1)","0","100","(76991134,76991135,76991136,76991137)"
"157000870","2","2","90203953","91290623","100","200","(31020005,6,31010058,1,31000061,1)","0","0","5","(31140133,1,31102511,1,31090502,1)","0","100","(76991134,76991135,76991136,76991137)"
"157000871","2","2","90203954","91290624","200","300","(31020005,6,31010058,1,31000061,1)","0","0","5","(31140133,1,31102521,1,31090502,1)","0","100","(76991134,76991135,76991136,76991137)"
"157000872","2","2","90203955","91290625","300","500","(31020005,9,31010058,2,31000061,1)","90","90203633","5","(31140134,1,31102502,1,31090502,1)","0","100","(76991138,76991139,76991140,76991141)"
"157000873","2","2","90203956","91290626","500","700","(31020005,9,31010058,2,31000061,1)","150","0","5","(31140134,1,31102507,1,31090502,1)","0","100","(76991138,76991139,76991140,76991141)"
"157000874","2","2","90203957","91290627","700","900","(31020005,9,31010058,2,31000061,1)","210","0","5","(31140134,1,31102512,1,31090502,1)","0","100","(76991138,76991139,76991140,76991141)"
"157000875","2","2","90203958","91290628","900","1100","(31020005,9,31010058,2,31000061,1)","270","0","5","(31140134,1,31102517,1,31090502,1)","0","100","(76991138,76991139,76991140,76991141)"
"157000876","2","2","90203959","91290629","1100","1300","(31020005,9,31010058,2,31000061,1)","330","0","5","(31140134,1,31102522,1,31090502,1)","0","100","(76991138,76991139,76991140,76991141)"
"157000877","2","2","90203960","91290630","1300","1600","(31020005,15,31010058,3,31000061,1)","390","90203634","5","(31090501,1,31102208,1,31090502,1)","0","100","(76991142,76991143,76991144,76991145)"
"157000878","2","2","90203961","91290631","1600","1900","(31020005,15,31010058,3,31000061,1)","480","0","5","(31090501,1,31102218,1,31090502,1)","0","100","(76991142,76991143,76991144,76991145)"
"157000879","2","2","90203962","91290632","1900","2200","(31020005,15,31010058,3,31000061,1)","570","0","5","(31090501,1,31102228,1,31090502,1)","0","100","(76991142,76991143,76991144,76991145)"
"157000880","2","2","90203963","91290633","2200","2500","(31020005,15,31010058,3,31000061,1)","660","0","5","(31090501,1,31102238,1,31090502,1)","0","100","(76991142,76991143,76991144,76991145)"
"157000881","2","2","90203964","91290634","2500","2800","(31020005,15,31010058,3,31000061,1)","750","0","5","(31090501,1,31102248,1,31090502,1)","0","100","(76991142,76991143,76991144,76991145)"
"157000882","2","2","90203965","91290635","2800","3200","(31100078,1,31020005,15,31010058,4,31000061,1)","840","90203635","5","(31090501,1,31102503,1,31090502,2)","39000079","80","(76991146,76991147,76991148,76991149)"
"157000883","2","2","90203966","91290636","3200","3600","(31100078,1,31020005,15,31010058,4,31000061,1)","960","0","5","(31090501,1,31102508,1,31090502,2)","39000079","80","(76991146,76991147,76991148,76991149)"
"157000884","2","2","90203967","91290637","3600","4000","(31100078,1,31020005,15,31010058,4,31000061,1)","1080","0","5","(31090501,1,31102513,1,31090502,2)","39000079","80","(76991146,76991147,76991148,76991149)"
"157000885","2","2","90203968","91290638","4000","4400","(31100078,1,31020005,15,31010058,4,31000061,1)","1200","0","5","(31090501,1,31102518,1,31090502,2)","39000079","80","(76991146,76991147,76991148,76991149)"
"157000886","2","2","90203969","91290639","4400","4800","(31100078,1,31020005,15,31010058,4,31000061,1)","1320","0","5","(31090501,1,31102523,1,31090502,2)","39000079","80","(76991146,76991147,76991148,76991149)"
"157000887","2","2","90203970","91290640","4800","5300","(31100079,1,31020005,21,31010058,5,31000061,1)","1440","90203636","5","(31090501,1,31102209,1,31090502,2)","39000080","65","(76991150,76991151,76991152,76991153)"
"157000888","2","2","90203971","91290641","5300","5800","(31100079,1,31020005,21,31010058,5,31000061,1)","1590","0","5","(31090501,1,31102219,1,31090502,2)","39000080","65","(76991150,76991151,76991152,76991153)"
"157000889","2","2","90203972","91290642","5800","6300","(31100079,1,31020005,21,31010058,5,31000061,1)","1740","0","5","(31090501,1,31102229,1,31090502,2)","39000080","65","(76991150,76991151,76991152,76991153)"
"157000890","2","2","90203973","91290643","6300","6800","(31100079,1,31020005,21,31010058,5,31000061,1)","1890","0","5","(31090501,1,31102239,1,31090502,2)","39000080","65","(76991150,76991151,76991152,76991153)"
"157000891","2","2","90203974","91290644","6800","7300","(31100079,1,31020005,21,31010058,5,31000061,1)","2040","0","5","(31090501,1,31102249,1,31090502,2)","39000080","65","(76991150,76991151,76991152,76991153)"
"157000892","2","2","90203975","91290645","7300","7900","(31100080,1,31020005,30,31010058,6,31000061,1)","2190","90203637","5","(31090501,1,31102504,1,31000166,3)","39000081","50","(76991154,76991155,76991156,76991157)"
"157000893","2","2","90203976","91290646","7900","8500","(31100080,1,31020005,30,31010058,6,31000061,1)","2370","0","5","(31090501,1,31102509,1,31000166,3)","39000081","50","(76991154,76991155,76991156,76991157)"
"157000894","2","2","90203977","91290647","8500","9200","(31100080,1,31020005,30,31010058,6,31000061,1)","2550","0","5","(31090501,1,31102514,1,31000166,3)","39000081","50","(76991154,76991155,76991156,76991157)"
"157000895","2","2","90203978","91290648","9200","10000","(31100080,1,31020005,30,31010058,6,31000061,1)","2760","0","5","(31090501,1,31102519,1,31000166,3)","39000081","50","(76991154,76991155,76991156,76991157)"
"157000896","2","2","90203979","91290649","10000","999999","(31100080,1,31020005,30,31010058,6,31000061,1)","3000","0","5","(31090501,1,31102524,1,31000166,3)","39000081","50","(76991154,76991155,76991156,76991157)"
"157000897","2","3","90203952","91290622","0","100","(31020005,6,31010058,1,31000061,1)","0","90203632","5","(31140133,1,31102501,1,31090502,1)","0","100","(76991134,76991135,76991136,76991137)"
"157000898","2","3","90203953","91290623","100","200","(31020005,6,31010058,1,31000061,1)","0","0","5","(31140133,1,31102511,1,31090502,1)","0","100","(76991134,76991135,76991136,76991137)"
"157000899","2","3","90203954","91290624","200","300","(31020005,6,31010058,1,31000061,1)","0","0","5","(31140133,1,31102521,1,31090502,1)","0","100","(76991134,76991135,76991136,76991137)"
"157000900","2","3","90203955","91290625","300","500","(31020005,9,31010058,2,31000061,1)","90","90203633","5","(31140134,1,31102502,1,31090502,1)","0","100","(76991138,76991139,76991140,76991141)"
"157000901","2","3","90203956","91290626","500","700","(31020005,9,31010058,2,31000061,1)","150","0","5","(31140134,1,31102507,1,31090502,1)","0","100","(76991138,76991139,76991140,76991141)"
"157000902","2","3","90203957","91290627","700","900","(31020005,9,31010058,2,31000061,1)","210","0","5","(31140134,1,31102512,1,31090502,1)","0","100","(76991138,76991139,76991140,76991141)"
"157000903","2","3","90203958","91290628","900","1100","(31020005,9,31010058,2,31000061,1)","270","0","5","(31140134,1,31102517,1,31090502,1)","0","100","(76991138,76991139,76991140,76991141)"
"157000904","2","3","90203959","91290629","1100","1300","(31020005,9,31010058,2,31000061,1)","330","0","5","(31140134,1,31102522,1,31090502,1)","0","100","(76991138,76991139,76991140,76991141)"
"157000905","2","3","90203960","91290630","1300","1600","(31020005,15,31010058,3,31000061,1)","390","90203634","5","(31090501,1,31102208,1,31090502,1)","0","100","(76991142,76991143,76991144,76991145)"
"157000906","2","3","90203961","91290631","1600","1900","(31020005,15,31010058,3,31000061,1)","480","0","5","(31090501,1,31102218,1,31090502,1)","0","100","(76991142,76991143,76991144,76991145)"
"157000907","2","3","90203962","91290632","1900","2200","(31020005,15,31010058,3,31000061,1)","570","0","5","(31090501,1,31102228,1,31090502,1)","0","100","(76991142,76991143,76991144,76991145)"
"157000908","2","3","90203963","91290633","2200","2500","(31020005,15,31010058,3,31000061,1)","660","0","5","(31090501,1,31102238,1,31090502,1)","0","100","(76991142,76991143,76991144,76991145)"
"157000909","2","3","90203964","91290634","2500","2800","(31020005,15,31010058,3,31000061,1)","750","0","5","(31090501,1,31102248,1,31090502,1)","0","100","(76991142,76991143,76991144,76991145)"
"157000910","2","3","90203965","91290635","2800","3200","(31100078,1,31020005,15,31010058,4,31000061,1)","840","90203635","5","(31090501,1,31102503,1,31090502,2)","39000079","80","(76991146,76991147,76991148,76991149)"
"157000911","2","3","90203966","91290636","3200","3600","(31100078,1,31020005,15,31010058,4,31000061,1)","960","0","5","(31090501,1,31102508,1,31090502,2)","39000079","80","(76991146,76991147,76991148,76991149)"
"157000912","2","3","90203967","91290637","3600","4000","(31100078,1,31020005,15,31010058,4,31000061,1)","1080","0","5","(31090501,1,31102513,1,31090502,2)","39000079","80","(76991146,76991147,76991148,76991149)"
"157000913","2","3","90203968","91290638","4000","4400","(31100078,1,31020005,15,31010058,4,31000061,1)","1200","0","5","(31090501,1,31102518,1,31090502,2)","39000079","80","(76991146,76991147,76991148,76991149)"
"157000914","2","3","90203969","91290639","4400","4800","(31100078,1,31020005,15,31010058,4,31000061,1)","1320","0","5","(31090501,1,31102523,1,31090502,2)","39000079","80","(76991146,76991147,76991148,76991149)"
"157000915","2","3","90203970","91290640","4800","5300","(31100079,1,31020005,21,31010058,5,31000061,1)","1440","90203636","5","(31090501,1,31102209,1,31090502,2)","39000080","65","(76991150,76991151,76991152,76991153)"
"157000916","2","3","90203971","91290641","5300","5800","(31100079,1,31020005,21,31010058,5,31000061,1)","1590","0","5","(31090501,1,31102219,1,31090502,2)","39000080","65","(76991150,76991151,76991152,76991153)"
"157000917","2","3","90203972","91290642","5800","6300","(31100079,1,31020005,21,31010058,5,31000061,1)","1740","0","5","(31090501,1,31102229,1,31090502,2)","39000080","65","(76991150,76991151,76991152,76991153)"
"157000918","2","3","90203973","91290643","6300","6800","(31100079,1,31020005,21,31010058,5,31000061,1)","1890","0","5","(31090501,1,31102239,1,31090502,2)","39000080","65","(76991150,76991151,76991152,76991153)"
"157000919","2","3","90203974","91290644","6800","7300","(31100079,1,31020005,21,31010058,5,31000061,1)","2040","0","5","(31090501,1,31102249,1,31090502,2)","39000080","65","(76991150,76991151,76991152,76991153)"
"157000920","2","3","90203975","91290645","7300","7900","(31100080,1,31020005,30,31010058,6,31000061,1)","2190","90203637","5","(31090501,1,31102504,1,31000166,3)","39000081","50","(76991154,76991155,76991156,76991157)"
"157000921","2","3","90203976","91290646","7900","8500","(31100080,1,31020005,30,31010058,6,31000061,1)","2370","0","5","(31090501,1,31102509,1,31000166,3)","39000081","50","(76991154,76991155,76991156,76991157)"
"157000922","2","3","90203977","91290647","8500","9200","(31100080,1,31020005,30,31010058,6,31000061,1)","2550","0","5","(31090501,1,31102514,1,31000166,3)","39000081","50","(76991154,76991155,76991156,76991157)"
"157000923","2","3","90203978","91290648","9200","10000","(31100080,1,31020005,30,31010058,6,31000061,1)","2760","0","5","(31090501,1,31102519,1,31000166,3)","39000081","50","(76991154,76991155,76991156,76991157)"
"157000924","2","3","90203979","91290649","10000","999999","(31100080,1,31020005,30,31010058,6,31000061,1)","3000","0","5","(31090501,1,31102524,1,31000166,3)","39000081","50","(76991154,76991155,76991156,76991157)"
"157000925","2","4","90203952","91290622","0","100","(31020005,6,31010058,1,31000061,1)","0","90203632","5","(31140133,1,31102501,1,31090502,1)","0","100","(76991134,76991135,76991136,76991137)"
"157000926","2","4","90203953","91290623","100","200","(31020005,6,31010058,1,31000061,1)","0","0","5","(31140133,1,31102511,1,31090502,1)","0","100","(76991134,76991135,76991136,76991137)"
"157000927","2","4","90203954","91290624","200","300","(31020005,6,31010058,1,31000061,1)","0","0","5","(31140133,1,31102521,1,31090502,1)","0","100","(76991134,76991135,76991136,76991137)"
"157000928","2","4","90203955","91290625","300","500","(31020005,9,31010058,2,31000061,1)","90","90203633","5","(31140134,1,31102502,1,31090502,1)","0","100","(76991138,76991139,76991140,76991141)"
"157000929","2","4","90203956","91290626","500","700","(31020005,9,31010058,2,31000061,1)","150","0","5","(31140134,1,31102507,1,31090502,1)","0","100","(76991138,76991139,76991140,76991141)"
"157000930","2","4","90203957","91290627","700","900","(31020005,9,31010058,2,31000061,1)","210","0","5","(31140134,1,31102512,1,31090502,1)","0","100","(76991138,76991139,76991140,76991141)"
"157000931","2","4","90203958","91290628","900","1100","(31020005,9,31010058,2,31000061,1)","270","0","5","(31140134,1,31102517,1,31090502,1)","0","100","(76991138,76991139,76991140,76991141)"
"157000932","2","4","90203959","91290629","1100","1300","(31020005,9,31010058,2,31000061,1)","330","0","5","(31140134,1,31102522,1,31090502,1)","0","100","(76991138,76991139,76991140,76991141)"
"157000933","2","4","90203960","91290630","1300","1600","(31020005,15,31010058,3,31000061,1)","390","90203634","5","(31090501,1,31102208,1,31090502,1)","0","100","(76991142,76991143,76991144,76991145)"
"157000934","2","4","90203961","91290631","1600","1900","(31020005,15,31010058,3,31000061,1)","480","0","5","(31090501,1,31102218,1,31090502,1)","0","100","(76991142,76991143,76991144,76991145)"
"157000935","2","4","90203962","91290632","1900","2200","(31020005,15,31010058,3,31000061,1)","570","0","5","(31090501,1,31102228,1,31090502,1)","0","100","(76991142,76991143,76991144,76991145)"
"157000936","2","4","90203963","91290633","2200","2500","(31020005,15,31010058,3,31000061,1)","660","0","5","(31090501,1,31102238,1,31090502,1)","0","100","(76991142,76991143,76991144,76991145)"
"157000937","2","4","90203964","91290634","2500","2800","(31020005,15,31010058,3,31000061,1)","750","0","5","(31090501,1,31102248,1,31090502,1)","0","100","(76991142,76991143,76991144,76991145)"
"157000938","2","4","90203965","91290635","2800","3200","(31100078,1,31020005,15,31010058,4,31000061,1)","840","90203635","5","(31090501,1,31102503,1,31090502,2)","39000079","80","(76991146,76991147,76991148,76991149)"
"157000939","2","4","90203966","91290636","3200","3600","(31100078,1,31020005,15,31010058,4,31000061,1)","960","0","5","(31090501,1,31102508,1,31090502,2)","39000079","80","(76991146,76991147,76991148,76991149)"
"157000940","2","4","90203967","91290637","3600","4000","(31100078,1,31020005,15,31010058,4,31000061,1)","1080","0","5","(31090501,1,31102513,1,31090502,2)","39000079","80","(76991146,76991147,76991148,76991149)"
"157000941","2","4","90203968","91290638","4000","4400","(31100078,1,31020005,15,31010058,4,31000061,1)","1200","0","5","(31090501,1,31102518,1,31090502,2)","39000079","80","(76991146,76991147,76991148,76991149)"
"157000942","2","4","90203969","91290639","4400","4800","(31100078,1,31020005,15,31010058,4,31000061,1)","1320","0","5","(31090501,1,31102523,1,31090502,2)","39000079","80","(76991146,76991147,76991148,76991149)"
"157000943","2","4","90203970","91290640","4800","5300","(31100079,1,31020005,21,31010058,5,31000061,1)","1440","90203636","5","(31090501,1,31102209,1,31090502,2)","39000080","65","(76991150,76991151,76991152,76991153)"
"157000944","2","4","90203971","91290641","5300","5800","(31100079,1,31020005,21,31010058,5,31000061,1)","1590","0","5","(31090501,1,31102219,1,31090502,2)","39000080","65","(76991150,76991151,76991152,76991153)"
"157000945","2","4","90203972","91290642","5800","6300","(31100079,1,31020005,21,31010058,5,31000061,1)","1740","0","5","(31090501,1,31102229,1,31090502,2)","39000080","65","(76991150,76991151,76991152,76991153)"
"157000946","2","4","90203973","91290643","6300","6800","(31100079,1,31020005,21,31010058,5,31000061,1)","1890","0","5","(31090501,1,31102239,1,31090502,2)","39000080","65","(76991150,76991151,76991152,76991153)"
"157000947","2","4","90203974","91290644","6800","7300","(31100079,1,31020005,21,31010058,5,31000061,1)","2040","0","5","(31090501,1,31102249,1,31090502,2)","39000080","65","(76991150,76991151,76991152,76991153)"
"157000948","2","4","90203975","91290645","7300","7900","(31100080,1,31020005,30,31010058,6,31000061,1)","2190","90203637","5","(31090501,1,31102504,1,31000166,3)","39000081","50","(76991154,76991155,76991156,76991157)"
"157000949","2","4","90203976","91290646","7900","8500","(31100080,1,31020005,30,31010058,6,31000061,1)","2370","0","5","(31090501,1,31102509,1,31000166,3)","39000081","50","(76991154,76991155,76991156,76991157)"
"157000950","2","4","90203977","91290647","8500","9200","(31100080,1,31020005,30,31010058,6,31000061,1)","2550","0","5","(31090501,1,31102514,1,31000166,3)","39000081","50","(76991154,76991155,76991156,76991157)"
"157000951","2","4","90203978","91290648","9200","10000","(31100080,1,31020005,30,31010058,6,31000061,1)","2760","0","5","(31090501,1,31102519,1,31000166,3)","39000081","50","(76991154,76991155,76991156,76991157)"
"157000952","2","4","90203979","91290649","10000","999999","(31100080,1,31020005,30,31010058,6,31000061,1)","3000","0","5","(31090501,1,31102524,1,31000166,3)","39000081","50","(76991154,76991155,76991156,76991157)"
"157000953","2","5","90203952","91290622","0","100","(31020005,6,31010058,1,31000061,1)","0","90203632","5","(31140133,1,31102501,1,31090502,1)","0","100","(76991134,76991135,76991136,76991137)"
"157000954","2","5","90203953","91290623","100","200","(31020005,6,31010058,1,31000061,1)","0","0","5","(31140133,1,31102511,1,31090502,1)","0","100","(76991134,76991135,76991136,76991137)"
"157000955","2","5","90203954","91290624","200","300","(31020005,6,31010058,1,31000061,1)","0","0","5","(31140133,1,31102521,1,31090502,1)","0","100","(76991134,76991135,76991136,76991137)"
"157000956","2","5","90203955","91290625","300","500","(31020005,9,31010058,2,31000061,1)","90","90203633","5","(31140134,1,31102502,1,31090502,1)","0","100","(76991138,76991139,76991140,76991141)"
"157000957","2","5","90203956","91290626","500","700","(31020005,9,31010058,2,31000061,1)","150","0","5","(31140134,1,31102507,1,31090502,1)","0","100","(76991138,76991139,76991140,76991141)"
"157000958","2","5","90203957","91290627","700","900","(31020005,9,31010058,2,31000061,1)","210","0","5","(31140134,1,31102512,1,31090502,1)","0","100","(76991138,76991139,76991140,76991141)"
"157000959","2","5","90203958","91290628","900","1100","(31020005,9,31010058,2,31000061,1)","270","0","5","(31140134,1,31102517,1,31090502,1)","0","100","(76991138,76991139,76991140,76991141)"
"157000960","2","5","90203959","91290629","1100","1300","(31020005,9,31010058,2,31000061,1)","330","0","5","(31140134,1,31102522,1,31090502,1)","0","100","(76991138,76991139,76991140,76991141)"
"157000961","2","5","90203960","91290630","1300","1600","(31020005,15,31010058,3,31000061,1)","390","90203634","5","(31090501,1,31102208,1,31090502,1)","0","100","(76991142,76991143,76991144,76991145)"
"157000962","2","5","90203961","91290631","1600","1900","(31020005,15,31010058,3,31000061,1)","480","0","5","(31090501,1,31102218,1,31090502,1)","0","100","(76991142,76991143,76991144,76991145)"
"157000963","2","5","90203962","91290632","1900","2200","(31020005,15,31010058,3,31000061,1)","570","0","5","(31090501,1,31102228,1,31090502,1)","0","100","(76991142,76991143,76991144,76991145)"
"157000964","2","5","90203963","91290633","2200","2500","(31020005,15,31010058,3,31000061,1)","660","0","5","(31090501,1,31102238,1,31090502,1)","0","100","(76991142,76991143,76991144,76991145)"
"157000965","2","5","90203964","91290634","2500","2800","(31020005,15,31010058,3,31000061,1)","750","0","5","(31090501,1,31102248,1,31090502,1)","0","100","(76991142,76991143,76991144,76991145)"
"157000966","2","5","90203965","91290635","2800","3200","(31100078,1,31020005,15,31010058,4,31000061,1)","840","90203635","5","(31090501,1,31102503,1,31090502,2)","39000079","80","(76991146,76991147,76991148,76991149)"
"157000967","2","5","90203966","91290636","3200","3600","(31100078,1,31020005,15,31010058,4,31000061,1)","960","0","5","(31090501,1,31102508,1,31090502,2)","39000079","80","(76991146,76991147,76991148,76991149)"
"157000968","2","5","90203967","91290637","3600","4000","(31100078,1,31020005,15,31010058,4,31000061,1)","1080","0","5","(31090501,1,31102513,1,31090502,2)","39000079","80","(76991146,76991147,76991148,76991149)"
"157000969","2","5","90203968","91290638","4000","4400","(31100078,1,31020005,15,31010058,4,31000061,1)","1200","0","5","(31090501,1,31102518,1,31090502,2)","39000079","80","(76991146,76991147,76991148,76991149)"
"157000970","2","5","90203969","91290639","4400","4800","(31100078,1,31020005,15,31010058,4,31000061,1)","1320","0","5","(31090501,1,31102523,1,31090502,2)","39000079","80","(76991146,76991147,76991148,76991149)"
"157000971","2","5","90203970","91290640","4800","5300","(31100079,1,31020005,21,31010058,5,31000061,1)","1440","90203636","5","(31090501,1,31102209,1,31090502,2)","39000080","65","(76991150,76991151,76991152,76991153)"
"157000972","2","5","90203971","91290641","5300","5800","(31100079,1,31020005,21,31010058,5,31000061,1)","1590","0","5","(31090501,1,31102219,1,31090502,2)","39000080","65","(76991150,76991151,76991152,76991153)"
"157000973","2","5","90203972","91290642","5800","6300","(31100079,1,31020005,21,31010058,5,31000061,1)","1740","0","5","(31090501,1,31102229,1,31090502,2)","39000080","65","(76991150,76991151,76991152,76991153)"
"157000974","2","5","90203973","91290643","6300","6800","(31100079,1,31020005,21,31010058,5,31000061,1)","1890","0","5","(31090501,1,31102239,1,31090502,2)","39000080","65","(76991150,76991151,76991152,76991153)"
"157000975","2","5","90203974","91290644","6800","7300","(31100079,1,31020005,21,31010058,5,31000061,1)","2040","0","5","(31090501,1,31102249,1,31090502,2)","39000080","65","(76991150,76991151,76991152,76991153)"
"157000976","2","5","90203975","91290645","7300","7900","(31100080,1,31020005,30,31010058,6,31000061,1)","2190","90203637","5","(31090501,1,31102504,1,31000166,3)","39000081","50","(76991154,76991155,76991156,76991157)"
"157000977","2","5","90203976","91290646","7900","8500","(31100080,1,31020005,30,31010058,6,31000061,1)","2370","0","5","(31090501,1,31102509,1,31000166,3)","39000081","50","(76991154,76991155,76991156,76991157)"
"157000978","2","5","90203977","91290647","8500","9200","(31100080,1,31020005,30,31010058,6,31000061,1)","2550","0","5","(31090501,1,31102514,1,31000166,3)","39000081","50","(76991154,76991155,76991156,76991157)"
"157000979","2","5","90203978","91290648","9200","10000","(31100080,1,31020005,30,31010058,6,31000061,1)","2760","0","5","(31090501,1,31102519,1,31000166,3)","39000081","50","(76991154,76991155,76991156,76991157)"
"157000980","2","5","90203979","91290649","10000","999999","(31100080,1,31020005,30,31010058,6,31000061,1)","3000","0","5","(31090501,1,31102524,1,31000166,3)","39000081","50","(76991154,76991155,76991156,76991157)"
"157000981","2","6","90203952","91290622","0","100","(31020005,6,31010058,1,31000061,1)","0","90203632","5","(31140133,1,31102501,1,31090502,1)","0","100","(76991134,76991135,76991136,76991137)"
"157000982","2","6","90203953","91290623","100","200","(31020005,6,31010058,1,31000061,1)","0","0","5","(31140133,1,31102511,1,31090502,1)","0","100","(76991134,76991135,76991136,76991137)"
"157000983","2","6","90203954","91290624","200","300","(31020005,6,31010058,1,31000061,1)","0","0","5","(31140133,1,31102521,1,31090502,1)","0","100","(76991134,76991135,76991136,76991137)"
"157000984","2","6","90203955","91290625","300","500","(31020005,9,31010058,2,31000061,1)","90","90203633","5","(31140134,1,31102502,1,31090502,1)","0","100","(76991138,76991139,76991140,76991141)"
"157000985","2","6","90203956","91290626","500","700","(31020005,9,31010058,2,31000061,1)","150","0","5","(31140134,1,31102507,1,31090502,1)","0","100","(76991138,76991139,76991140,76991141)"
"157000986","2","6","90203957","91290627","700","900","(31020005,9,31010058,2,31000061,1)","210","0","5","(31140134,1,31102512,1,31090502,1)","0","100","(76991138,76991139,76991140,76991141)"
"157000987","2","6","90203958","91290628","900","1100","(31020005,9,31010058,2,31000061,1)","270","0","5","(31140134,1,31102517,1,31090502,1)","0","100","(76991138,76991139,76991140,76991141)"
"157000988","2","6","90203959","91290629","1100","1300","(31020005,9,31010058,2,31000061,1)","330","0","5","(31140134,1,31102522,1,31090502,1)","0","100","(76991138,76991139,76991140,76991141)"
"157000989","2","6","90203960","91290630","1300","1600","(31020005,15,31010058,3,31000061,1)","390","90203634","5","(31090501,1,31102208,1,31090502,1)","0","100","(76991142,76991143,76991144,76991145)"
"157000990","2","6","90203961","91290631","1600","1900","(31020005,15,31010058,3,31000061,1)","480","0","5","(31090501,1,31102218,1,31090502,1)","0","100","(76991142,76991143,76991144,76991145)"
"157000991","2","6","90203962","91290632","1900","2200","(31020005,15,31010058,3,31000061,1)","570","0","5","(31090501,1,31102228,1,31090502,1)","0","100","(76991142,76991143,76991144,76991145)"
"157000992","2","6","90203963","91290633","2200","2500","(31020005,15,31010058,3,31000061,1)","660","0","5","(31090501,1,31102238,1,31090502,1)","0","100","(76991142,76991143,76991144,76991145)"
"157000993","2","6","90203964","91290634","2500","2800","(31020005,15,31010058,3,31000061,1)","750","0","5","(31090501,1,31102248,1,31090502,1)","0","100","(76991142,76991143,76991144,76991145)"
"157000994","2","6","90203965","91290635","2800","3200","(31100078,1,31020005,15,31010058,4,31000061,1)","840","90203635","5","(31090501,1,31102503,1,31090502,2)","39000079","80","(76991146,76991147,76991148,76991149)"
"157000995","2","6","90203966","91290636","3200","3600","(31100078,1,31020005,15,31010058,4,31000061,1)","960","0","5","(31090501,1,31102508,1,31090502,2)","39000079","80","(76991146,76991147,76991148,76991149)"
"157000996","2","6","90203967","91290637","3600","4000","(31100078,1,31020005,15,31010058,4,31000061,1)","1080","0","5","(31090501,1,31102513,1,31090502,2)","39000079","80","(76991146,76991147,76991148,76991149)"
"157000997","2","6","90203968","91290638","4000","4400","(31100078,1,31020005,15,31010058,4,31000061,1)","1200","0","5","(31090501,1,31102518,1,31090502,2)","39000079","80","(76991146,76991147,76991148,76991149)"
"157000998","2","6","90203969","91290639","4400","4800","(31100078,1,31020005,15,31010058,4,31000061,1)","1320","0","5","(31090501,1,31102523,1,31090502,2)","39000079","80","(76991146,76991147,76991148,76991149)"
"157000999","2","6","90203970","91290640","4800","5300","(31100079,1,31020005,21,31010058,5,31000061,1)","1440","90203636","5","(31090501,1,31102209,1,31090502,2)","39000080","65","(76991150,76991151,76991152,76991153)"
"157001000","2","6","90203971","91290641","5300","5800","(31100079,1,31020005,21,31010058,5,31000061,1)","1590","0","5","(31090501,1,31102219,1,31090502,2)","39000080","65","(76991150,76991151,76991152,76991153)"
"157001001","2","6","90203972","91290642","5800","6300","(31100079,1,31020005,21,31010058,5,31000061,1)","1740","0","5","(31090501,1,31102229,1,31090502,2)","39000080","65","(76991150,76991151,76991152,76991153)"
"157001002","2","6","90203973","91290643","6300","6800","(31100079,1,31020005,21,31010058,5,31000061,1)","1890","0","5","(31090501,1,31102239,1,31090502,2)","39000080","65","(76991150,76991151,76991152,76991153)"
"157001003","2","6","90203974","91290644","6800","7300","(31100079,1,31020005,21,31010058,5,31000061,1)","2040","0","5","(31090501,1,31102249,1,31090502,2)","39000080","65","(76991150,76991151,76991152,76991153)"
"157001004","2","6","90203975","91290645","7300","7900","(31100080,1,31020005,30,31010058,6,31000061,1)","2190","90203637","5","(31090501,1,31102504,1,31000166,3)","39000081","50","(76991154,76991155,76991156,76991157)"
"157001005","2","6","90203976","91290646","7900","8500","(31100080,1,31020005,30,31010058,6,31000061,1)","2370","0","5","(31090501,1,31102509,1,31000166,3)","39000081","50","(76991154,76991155,76991156,76991157)"
"157001006","2","6","90203977","91290647","8500","9200","(31100080,1,31020005,30,31010058,6,31000061,1)","2550","0","5","(31090501,1,31102514,1,31000166,3)","39000081","50","(76991154,76991155,76991156,76991157)"
"157001007","2","6","90203978","91290648","9200","10000","(31100080,1,31020005,30,31010058,6,31000061,1)","2760","0","5","(31090501,1,31102519,1,31000166,3)","39000081","50","(76991154,76991155,76991156,76991157)"
"157001008","2","6","90203979","91290649","10000","999999","(31100080,1,31020005,30,31010058,6,31000061,1)","3000","0","5","(31090501,1,31102524,1,31000166,3)","39000081","50","(76991154,76991155,76991156,76991157)"
"157001009","2","7","90203952","91290622","0","100","(31020005,6,31010058,1,31000061,1)","0","90203632","5","(31140133,1,31102501,1,31090502,1)","0","100","(76991134,76991135,76991136,76991137)"
"157001010","2","7","90203953","91290623","100","200","(31020005,6,31010058,1,31000061,1)","0","0","5","(31140133,1,31102511,1,31090502,1)","0","100","(76991134,76991135,76991136,76991137)"
"157001011","2","7","90203954","91290624","200","300","(31020005,6,31010058,1,31000061,1)","0","0","5","(31140133,1,31102521,1,31090502,1)","0","100","(76991134,76991135,76991136,76991137)"
"157001012","2","7","90203955","91290625","300","500","(31020005,9,31010058,2,31000061,1)","90","90203633","5","(31140134,1,31102502,1,31090502,1)","0","100","(76991138,76991139,76991140,76991141)"
"157001013","2","7","90203956","91290626","500","700","(31020005,9,31010058,2,31000061,1)","150","0","5","(31140134,1,31102507,1,31090502,1)","0","100","(76991138,76991139,76991140,76991141)"
"157001014","2","7","90203957","91290627","700","900","(31020005,9,31010058,2,31000061,1)","210","0","5","(31140134,1,31102512,1,31090502,1)","0","100","(76991138,76991139,76991140,76991141)"
"157001015","2","7","90203958","91290628","900","1100","(31020005,9,31010058,2,31000061,1)","270","0","5","(31140134,1,31102517,1,31090502,1)","0","100","(76991138,76991139,76991140,76991141)"
"157001016","2","7","90203959","91290629","1100","1300","(31020005,9,31010058,2,31000061,1)","330","0","5","(31140134,1,31102522,1,31090502,1)","0","100","(76991138,76991139,76991140,76991141)"
"157001017","2","7","90203960","91290630","1300","1600","(31020005,15,31010058,3,31000061,1)","390","90203634","5","(31090501,1,31102208,1,31090502,1)","0","100","(76991142,76991143,76991144,76991145)"
"157001018","2","7","90203961","91290631","1600","1900","(31020005,15,31010058,3,31000061,1)","480","0","5","(31090501,1,31102218,1,31090502,1)","0","100","(76991142,76991143,76991144,76991145)"
"157001019","2","7","90203962","91290632","1900","2200","(31020005,15,31010058,3,31000061,1)","570","0","5","(31090501,1,31102228,1,31090502,1)","0","100","(76991142,76991143,76991144,76991145)"
"157001020","2","7","90203963","91290633","2200","2500","(31020005,15,31010058,3,31000061,1)","660","0","5","(31090501,1,31102238,1,31090502,1)","0","100","(76991142,76991143,76991144,76991145)"
"157001021","2","7","90203964","91290634","2500","2800","(31020005,15,31010058,3,31000061,1)","750","0","5","(31090501,1,31102248,1,31090502,1)","0","100","(76991142,76991143,76991144,76991145)"
"157001022","2","7","90203965","91290635","2800","3200","(31100078,1,31020005,15,31010058,4,31000061,1)","840","90203635","5","(31090501,1,31102503,1,31090502,2)","39000079","80","(76991146,76991147,76991148,76991149)"
"157001023","2","7","90203966","91290636","3200","3600","(31100078,1,31020005,15,31010058,4,31000061,1)","960","0","5","(31090501,1,31102508,1,31090502,2)","39000079","80","(76991146,76991147,76991148,76991149)"
"157001024","2","7","90203967","91290637","3600","4000","(31100078,1,31020005,15,31010058,4,31000061,1)","1080","0","5","(31090501,1,31102513,1,31090502,2)","39000079","80","(76991146,76991147,76991148,76991149)"
"157001025","2","7","90203968","91290638","4000","4400","(31100078,1,31020005,15,31010058,4,31000061,1)","1200","0","5","(31090501,1,31102518,1,31090502,2)","39000079","80","(76991146,76991147,76991148,76991149)"
"157001026","2","7","90203969","91290639","4400","4800","(31100078,1,31020005,15,31010058,4,31000061,1)","1320","0","5","(31090501,1,31102523,1,31090502,2)","39000079","80","(76991146,76991147,76991148,76991149)"
"157001027","2","7","90203970","91290640","4800","5300","(31100079,1,31020005,21,31010058,5,31000061,1)","1440","90203636","5","(31090501,1,31102209,1,31090502,2)","39000080","65","(76991150,76991151,76991152,76991153)"
"157001028","2","7","90203971","91290641","5300","5800","(31100079,1,31020005,21,31010058,5,31000061,1)","1590","0","5","(31090501,1,31102219,1,31090502,2)","39000080","65","(76991150,76991151,76991152,76991153)"
"157001029","2","7","90203972","91290642","5800","6300","(31100079,1,31020005,21,31010058,5,31000061,1)","1740","0","5","(31090501,1,31102229,1,31090502,2)","39000080","65","(76991150,76991151,76991152,76991153)"
"157001030","2","7","90203973","91290643","6300","6800","(31100079,1,31020005,21,31010058,5,31000061,1)","1890","0","5","(31090501,1,31102239,1,31090502,2)","39000080","65","(76991150,76991151,76991152,76991153)"
"157001031","2","7","90203974","91290644","6800","7300","(31100079,1,31020005,21,31010058,5,31000061,1)","2040","0","5","(31090501,1,31102249,1,31090502,2)","39000080","65","(76991150,76991151,76991152,76991153)"
"157001032","2","7","90203975","91290645","7300","7900","(31100080,1,31020005,30,31010058,6,31000061,1)","2190","90203637","5","(31090501,1,31102504,1,31000166,3)","39000081","50","(76991154,76991155,76991156,76991157)"
"157001033","2","7","90203976","91290646","7900","8500","(31100080,1,31020005,30,31010058,6,31000061,1)","2370","0","5","(31090501,1,31102509,1,31000166,3)","39000081","50","(76991154,76991155,76991156,76991157)"
"157001034","2","7","90203977","91290647","8500","9200","(31100080,1,31020005,30,31010058,6,31000061,1)","2550","0","5","(31090501,1,31102514,1,31000166,3)","39000081","50","(76991154,76991155,76991156,76991157)"
"157001035","2","7","90203978","91290648","9200","10000","(31100080,1,31020005,30,31010058,6,31000061,1)","2760","0","5","(31090501,1,31102519,1,31000166,3)","39000081","50","(76991154,76991155,76991156,76991157)"
"157001036","2","7","90203979","91290649","10000","999999","(31100080,1,31020005,30,31010058,6,31000061,1)","3000","0","5","(31090501,1,31102524,1,31000166,3)","39000081","50","(76991154,76991155,76991156,76991157)"
"157001037","2","8","90203952","91290622","0","100","(31020005,6,31010058,1,31000061,1)","0","90203632","5","(31140133,1,31102501,1,31090502,1)","0","100","(76991134,76991135,76991136,76991137)"
"157001038","2","8","90203953","91290623","100","200","(31020005,6,31010058,1,31000061,1)","0","0","5","(31140133,1,31102511,1,31090502,1)","0","100","(76991134,76991135,76991136,76991137)"
"157001039","2","8","90203954","91290624","200","300","(31020005,6,31010058,1,31000061,1)","0","0","5","(31140133,1,31102521,1,31090502,1)","0","100","(76991134,76991135,76991136,76991137)"
"157001040","2","8","90203955","91290625","300","500","(31020005,9,31010058,2,31000061,1)","90","90203633","5","(31140134,1,31102502,1,31090502,1)","0","100","(76991138,76991139,76991140,76991141)"
"157001041","2","8","90203956","91290626","500","700","(31020005,9,31010058,2,31000061,1)","150","0","5","(31140134,1,31102507,1,31090502,1)","0","100","(76991138,76991139,76991140,76991141)"
"157001042","2","8","90203957","91290627","700","900","(31020005,9,31010058,2,31000061,1)","210","0","5","(31140134,1,31102512,1,31090502,1)","0","100","(76991138,76991139,76991140,76991141)"
"157001043","2","8","90203958","91290628","900","1100","(31020005,9,31010058,2,31000061,1)","270","0","5","(31140134,1,31102517,1,31090502,1)","0","100","(76991138,76991139,76991140,76991141)"
"157001044","2","8","90203959","91290629","1100","1300","(31020005,9,31010058,2,31000061,1)","330","0","5","(31140134,1,31102522,1,31090502,1)","0","100","(76991138,76991139,76991140,76991141)"
"157001045","2","8","90203960","91290630","1300","1600","(31020005,15,31010058,3,31000061,1)","390","90203634","5","(31090501,1,31102208,1,31090502,1)","0","100","(76991142,76991143,76991144,76991145)"
"157001046","2","8","90203961","91290631","1600","1900","(31020005,15,31010058,3,31000061,1)","480","0","5","(31090501,1,31102218,1,31090502,1)","0","100","(76991142,76991143,76991144,76991145)"
"157001047","2","8","90203962","91290632","1900","2200","(31020005,15,31010058,3,31000061,1)","570","0","5","(31090501,1,31102228,1,31090502,1)","0","100","(76991142,76991143,76991144,76991145)"
"157001048","2","8","90203963","91290633","2200","2500","(31020005,15,31010058,3,31000061,1)","660","0","5","(31090501,1,31102238,1,31090502,1)","0","100","(76991142,76991143,76991144,76991145)"
"157001049","2","8","90203964","91290634","2500","2800","(31020005,15,31010058,3,31000061,1)","750","0","5","(31090501,1,31102248,1,31090502,1)","0","100","(76991142,76991143,76991144,76991145)"
"157001050","2","8","90203965","91290635","2800","3200","(31100078,1,31020005,15,31010058,4,31000061,1)","840","90203635","5","(31090501,1,31102503,1,31090502,2)","39000079","80","(76991146,76991147,76991148,76991149)"
"157001051","2","8","90203966","91290636","3200","3600","(31100078,1,31020005,15,31010058,4,31000061,1)","960","0","5","(31090501,1,31102508,1,31090502,2)","39000079","80","(76991146,76991147,76991148,76991149)"
"157001052","2","8","90203967","91290637","3600","4000","(31100078,1,31020005,15,31010058,4,31000061,1)","1080","0","5","(31090501,1,31102513,1,31090502,2)","39000079","80","(76991146,76991147,76991148,76991149)"
"157001053","2","8","90203968","91290638","4000","4400","(31100078,1,31020005,15,31010058,4,31000061,1)","1200","0","5","(31090501,1,31102518,1,31090502,2)","39000079","80","(76991146,76991147,76991148,76991149)"
"157001054","2","8","90203969","91290639","4400","4800","(31100078,1,31020005,15,31010058,4,31000061,1)","1320","0","5","(31090501,1,31102523,1,31090502,2)","39000079","80","(76991146,76991147,76991148,76991149)"
"157001055","2","8","90203970","91290640","4800","5300","(31100079,1,31020005,21,31010058,5,31000061,1)","1440","90203636","5","(31090501,1,31102209,1,31090502,2)","39000080","65","(76991150,76991151,76991152,76991153)"
"157001056","2","8","90203971","91290641","5300","5800","(31100079,1,31020005,21,31010058,5,31000061,1)","1590","0","5","(31090501,1,31102219,1,31090502,2)","39000080","65","(76991150,76991151,76991152,76991153)"
"157001057","2","8","90203972","91290642","5800","6300","(31100079,1,31020005,21,31010058,5,31000061,1)","1740","0","5","(31090501,1,31102229,1,31090502,2)","39000080","65","(76991150,76991151,76991152,76991153)"
"157001058","2","8","90203973","91290643","6300","6800","(31100079,1,31020005,21,31010058,5,31000061,1)","1890","0","5","(31090501,1,31102239,1,31090502,2)","39000080","65","(76991150,76991151,76991152,76991153)"
"157001059","2","8","90203974","91290644","6800","7300","(31100079,1,31020005,21,31010058,5,31000061,1)","2040","0","5","(31090501,1,31102249,1,31090502,2)","39000080","65","(76991150,76991151,76991152,76991153)"
"157001060","2","8","90203975","91290645","7300","7900","(31100080,1,31020005,30,31010058,6,31000061,1)","2190","90203637","5","(31090501,1,31102504,1,31000166,3)","39000081","50","(76991154,76991155,76991156,76991157)"
"157001061","2","8","90203976","91290646","7900","8500","(31100080,1,31020005,30,31010058,6,31000061,1)","2370","0","5","(31090501,1,31102509,1,31000166,3)","39000081","50","(76991154,76991155,76991156,76991157)"
"157001062","2","8","90203977","91290647","8500","9200","(31100080,1,31020005,30,31010058,6,31000061,1)","2550","0","5","(31090501,1,31102514,1,31000166,3)","39000081","50","(76991154,76991155,76991156,76991157)"
"157001063","2","8","90203978","91290648","9200","10000","(31100080,1,31020005,30,31010058,6,31000061,1)","2760","0","5","(31090501,1,31102519,1,31000166,3)","39000081","50","(76991154,76991155,76991156,76991157)"
"157001064","2","8","90203979","91290649","10000","999999","(31100080,1,31020005,30,31010058,6,31000061,1)","3000","0","5","(31090501,1,31102524,1,31000166,3)","39000081","50","(76991154,76991155,76991156,76991157)"
"157001065","2","9","90203952","91290622","0","100","(31020005,6,31010058,1,31000061,1)","0","90203632","5","(31140133,1,31102501,1,31090502,1)","0","100","(76991134,76991135,76991136,76991137)"
"157001066","2","9","90203953","91290623","100","200","(31020005,6,31010058,1,31000061,1)","0","0","5","(31140133,1,31102511,1,31090502,1)","0","100","(76991134,76991135,76991136,76991137)"
"157001067","2","9","90203954","91290624","200","300","(31020005,6,31010058,1,31000061,1)","0","0","5","(31140133,1,31102521,1,31090502,1)","0","100","(76991134,76991135,76991136,76991137)"
"157001068","2","9","90203955","91290625","300","500","(31020005,9,31010058,2,31000061,1)","90","90203633","5","(31140134,1,31102502,1,31090502,1)","0","100","(76991138,76991139,76991140,76991141)"
"157001069","2","9","90203956","91290626","500","700","(31020005,9,31010058,2,31000061,1)","150","0","5","(31140134,1,31102507,1,31090502,1)","0","100","(76991138,76991139,76991140,76991141)"
"157001070","2","9","90203957","91290627","700","900","(31020005,9,31010058,2,31000061,1)","210","0","5","(31140134,1,31102512,1,31090502,1)","0","100","(76991138,76991139,76991140,76991141)"
"157001071","2","9","90203958","91290628","900","1100","(31020005,9,31010058,2,31000061,1)","270","0","5","(31140134,1,31102517,1,31090502,1)","0","100","(76991138,76991139,76991140,76991141)"
"157001072","2","9","90203959","91290629","1100","1300","(31020005,9,31010058,2,31000061,1)","330","0","5","(31140134,1,31102522,1,31090502,1)","0","100","(76991138,76991139,76991140,76991141)"
"157001073","2","9","90203960","91290630","1300","1600","(31020005,15,31010058,3,31000061,1)","390","90203634","5","(31090501,1,31102208,1,31090502,1)","0","100","(76991142,76991143,76991144,76991145)"
"157001074","2","9","90203961","91290631","1600","1900","(31020005,15,31010058,3,31000061,1)","480","0","5","(31090501,1,31102218,1,31090502,1)","0","100","(76991142,76991143,76991144,76991145)"
"157001075","2","9","90203962","91290632","1900","2200","(31020005,15,31010058,3,31000061,1)","570","0","5","(31090501,1,31102228,1,31090502,1)","0","100","(76991142,76991143,76991144,76991145)"
"157001076","2","9","90203963","91290633","2200","2500","(31020005,15,31010058,3,31000061,1)","660","0","5","(31090501,1,31102238,1,31090502,1)","0","100","(76991142,76991143,76991144,76991145)"
"157001077","2","9","90203964","91290634","2500","2800","(31020005,15,31010058,3,31000061,1)","750","0","5","(31090501,1,31102248,1,31090502,1)","0","100","(76991142,76991143,76991144,76991145)"
"157001078","2","9","90203965","91290635","2800","3200","(31100078,1,31020005,15,31010058,4,31000061,1)","840","90203635","5","(31090501,1,31102503,1,31090502,2)","39000079","80","(76991146,76991147,76991148,76991149)"
"157001079","2","9","90203966","91290636","3200","3600","(31100078,1,31020005,15,31010058,4,31000061,1)","960","0","5","(31090501,1,31102508,1,31090502,2)","39000079","80","(76991146,76991147,76991148,76991149)"
"157001080","2","9","90203967","91290637","3600","4000","(31100078,1,31020005,15,31010058,4,31000061,1)","1080","0","5","(31090501,1,31102513,1,31090502,2)","39000079","80","(76991146,76991147,76991148,76991149)"
"157001081","2","9","90203968","91290638","4000","4400","(31100078,1,31020005,15,31010058,4,31000061,1)","1200","0","5","(31090501,1,31102518,1,31090502,2)","39000079","80","(76991146,76991147,76991148,76991149)"
"157001082","2","9","90203969","91290639","4400","4800","(31100078,1,31020005,15,31010058,4,31000061,1)","1320","0","5","(31090501,1,31102523,1,31090502,2)","39000079","80","(76991146,76991147,76991148,76991149)"
"157001083","2","9","90203970","91290640","4800","5300","(31100079,1,31020005,21,31010058,5,31000061,1)","1440","90203636","5","(31090501,1,31102209,1,31090502,2)","39000080","65","(76991150,76991151,76991152,76991153)"
"157001084","2","9","90203971","91290641","5300","5800","(31100079,1,31020005,21,31010058,5,31000061,1)","1590","0","5","(31090501,1,31102219,1,31090502,2)","39000080","65","(76991150,76991151,76991152,76991153)"
"157001085","2","9","90203972","91290642","5800","6300","(31100079,1,31020005,21,31010058,5,31000061,1)","1740","0","5","(31090501,1,31102229,1,31090502,2)","39000080","65","(76991150,76991151,76991152,76991153)"
"157001086","2","9","90203973","91290643","6300","6800","(31100079,1,31020005,21,31010058,5,31000061,1)","1890","0","5","(31090501,1,31102239,1,31090502,2)","39000080","65","(76991150,76991151,76991152,76991153)"
"157001087","2","9","90203974","91290644","6800","7300","(31100079,1,31020005,21,31010058,5,31000061,1)","2040","0","5","(31090501,1,31102249,1,31090502,2)","39000080","65","(76991150,76991151,76991152,76991153)"
"157001088","2","9","90203975","91290645","7300","7900","(31100080,1,31020005,30,31010058,6,31000061,1)","2190","90203637","5","(31090501,1,31102504,1,31000166,3)","39000081","50","(76991154,76991155,76991156,76991157)"
"157001089","2","9","90203976","91290646","7900","8500","(31100080,1,31020005,30,31010058,6,31000061,1)","2370","0","5","(31090501,1,31102509,1,31000166,3)","39000081","50","(76991154,76991155,76991156,76991157)"
"157001090","2","9","90203977","91290647","8500","9200","(31100080,1,31020005,30,31010058,6,31000061,1)","2550","0","5","(31090501,1,31102514,1,31000166,3)","39000081","50","(76991154,76991155,76991156,76991157)"
"157001091","2","9","90203978","91290648","9200","10000","(31100080,1,31020005,30,31010058,6,31000061,1)","2760","0","5","(31090501,1,31102519,1,31000166,3)","39000081","50","(76991154,76991155,76991156,76991157)"
"157001092","2","9","90203979","91290649","10000","999999","(31100080,1,31020005,30,31010058,6,31000061,1)","3000","0","5","(31090501,1,31102524,1,31000166,3)","39000081","50","(76991154,76991155,76991156,76991157)"
"157001093","2","10","90203952","91290622","0","100","(31020005,6,31010058,1,31000061,1)","0","90203632","5","(31140133,1,31102501,1,31090502,1)","0","100","(76991134,76991135,76991136,76991137)"
"157001094","2","10","90203953","91290623","100","200","(31020005,6,31010058,1,31000061,1)","0","0","5","(31140133,1,31102511,1,31090502,1)","0","100","(76991134,76991135,76991136,76991137)"
"157001095","2","10","90203954","91290624","200","300","(31020005,6,31010058,1,31000061,1)","0","0","5","(31140133,1,31102521,1,31090502,1)","0","100","(76991134,76991135,76991136,76991137)"
"157001096","2","10","90203955","91290625","300","500","(31020005,9,31010058,2,31000061,1)","90","90203633","5","(31140134,1,31102502,1,31090502,1)","0","100","(76991138,76991139,76991140,76991141)"
"157001097","2","10","90203956","91290626","500","700","(31020005,9,31010058,2,31000061,1)","150","0","5","(31140134,1,31102507,1,31090502,1)","0","100","(76991138,76991139,76991140,76991141)"
"157001098","2","10","90203957","91290627","700","900","(31020005,9,31010058,2,31000061,1)","210","0","5","(31140134,1,31102512,1,31090502,1)","0","100","(76991138,76991139,76991140,76991141)"
"157001099","2","10","90203958","91290628","900","1100","(31020005,9,31010058,2,31000061,1)","270","0","5","(31140134,1,31102517,1,31090502,1)","0","100","(76991138,76991139,76991140,76991141)"
"157001100","2","10","90203959","91290629","1100","1300","(31020005,9,31010058,2,31000061,1)","330","0","5","(31140134,1,31102522,1,31090502,1)","0","100","(76991138,76991139,76991140,76991141)"
"157001101","2","10","90203960","91290630","1300","1600","(31020005,15,31010058,3,31000061,1)","390","90203634","5","(31090501,1,31102208,1,31090502,1)","0","100","(76991142,76991143,76991144,76991145)"
"157001102","2","10","90203961","91290631","1600","1900","(31020005,15,31010058,3,31000061,1)","480","0","5","(31090501,1,31102218,1,31090502,1)","0","100","(76991142,76991143,76991144,76991145)"
"157001103","2","10","90203962","91290632","1900","2200","(31020005,15,31010058,3,31000061,1)","570","0","5","(31090501,1,31102228,1,31090502,1)","0","100","(76991142,76991143,76991144,76991145)"
"157001104","2","10","90203963","91290633","2200","2500","(31020005,15,31010058,3,31000061,1)","660","0","5","(31090501,1,31102238,1,31090502,1)","0","100","(76991142,76991143,76991144,76991145)"
"157001105","2","10","90203964","91290634","2500","2800","(31020005,15,31010058,3,31000061,1)","750","0","5","(31090501,1,31102248,1,31090502,1)","0","100","(76991142,76991143,76991144,76991145)"
"157001106","2","10","90203965","91290635","2800","3200","(31100078,1,31020005,15,31010058,4,31000061,1)","840","90203635","5","(31090501,1,31102503,1,31090502,2)","39000079","80","(76991146,76991147,76991148,76991149)"
"157001107","2","10","90203966","91290636","3200","3600","(31100078,1,31020005,15,31010058,4,31000061,1)","960","0","5","(31090501,1,31102508,1,31090502,2)","39000079","80","(76991146,76991147,76991148,76991149)"
"157001108","2","10","90203967","91290637","3600","4000","(31100078,1,31020005,15,31010058,4,31000061,1)","1080","0","5","(31090501,1,31102513,1,31090502,2)","39000079","80","(76991146,76991147,76991148,76991149)"
"157001109","2","10","90203968","91290638","4000","4400","(31100078,1,31020005,15,31010058,4,31000061,1)","1200","0","5","(31090501,1,31102518,1,31090502,2)","39000079","80","(76991146,76991147,76991148,76991149)"
"157001110","2","10","90203969","91290639","4400","4800","(31100078,1,31020005,15,31010058,4,31000061,1)","1320","0","5","(31090501,1,31102523,1,31090502,2)","39000079","80","(76991146,76991147,76991148,76991149)"
"157001111","2","10","90203970","91290640","4800","5300","(31100079,1,31020005,21,31010058,5,31000061,1)","1440","90203636","5","(31090501,1,31102209,1,31090502,2)","39000080","65","(76991150,76991151,76991152,76991153)"
"157001112","2","10","90203971","91290641","5300","5800","(31100079,1,31020005,21,31010058,5,31000061,1)","1590","0","5","(31090501,1,31102219,1,31090502,2)","39000080","65","(76991150,76991151,76991152,76991153)"
"157001113","2","10","90203972","91290642","5800","6300","(31100079,1,31020005,21,31010058,5,31000061,1)","1740","0","5","(31090501,1,31102229,1,31090502,2)","39000080","65","(76991150,76991151,76991152,76991153)"
"157001114","2","10","90203973","91290643","6300","6800","(31100079,1,31020005,21,31010058,5,31000061,1)","1890","0","5","(31090501,1,31102239,1,31090502,2)","39000080","65","(76991150,76991151,76991152,76991153)"
"157001115","2","10","90203974","91290644","6800","7300","(31100079,1,31020005,21,31010058,5,31000061,1)","2040","0","5","(31090501,1,31102249,1,31090502,2)","39000080","65","(76991150,76991151,76991152,76991153)"
"157001116","2","10","90203975","91290645","7300","7900","(31100080,1,31020005,30,31010058,6,31000061,1)","2190","90203637","5","(31090501,1,31102504,1,31000166,3)","39000081","50","(76991154,76991155,76991156,76991157)"
"157001117","2","10","90203976","91290646","7900","8500","(31100080,1,31020005,30,31010058,6,31000061,1)","2370","0","5","(31090501,1,31102509,1,31000166,3)","39000081","50","(76991154,76991155,76991156,76991157)"
"157001118","2","10","90203977","91290647","8500","9200","(31100080,1,31020005,30,31010058,6,31000061,1)","2550","0","5","(31090501,1,31102514,1,31000166,3)","39000081","50","(76991154,76991155,76991156,76991157)"
"157001119","2","10","90203978","91290648","9200","10000","(31100080,1,31020005,30,31010058,6,31000061,1)","2760","0","5","(31090501,1,31102519,1,31000166,3)","39000081","50","(76991154,76991155,76991156,76991157)"
"157001120","2","10","90203979","91290649","10000","999999","(31100080,1,31020005,30,31010058,6,31000061,1)","3000","0","5","(31090501,1,31102524,1,31000166,3)","39000081","50","(76991154,76991155,76991156,76991157)"
"157001121","2","11","90203952","91290622","0","100","(31020005,6,31010058,1,31000061,1)","0","90203632","5","(31140133,1,31102501,1,31090502,1)","0","100","(76991134,76991135,76991136,76991137)"
"157001122","2","11","90203953","91290623","100","200","(31020005,6,31010058,1,31000061,1)","0","0","5","(31140133,1,31102511,1,31090502,1)","0","100","(76991134,76991135,76991136,76991137)"
"157001123","2","11","90203954","91290624","200","300","(31020005,6,31010058,1,31000061,1)","0","0","5","(31140133,1,31102521,1,31090502,1)","0","100","(76991134,76991135,76991136,76991137)"
"157001124","2","11","90203955","91290625","300","500","(31020005,9,31010058,2,31000061,1)","90","90203633","5","(31140134,1,31102502,1,31090502,1)","0","100","(76991138,76991139,76991140,76991141)"
"157001125","2","11","90203956","91290626","500","700","(31020005,9,31010058,2,31000061,1)","150","0","5","(31140134,1,31102507,1,31090502,1)","0","100","(76991138,76991139,76991140,76991141)"
"157001126","2","11","90203957","91290627","700","900","(31020005,9,31010058,2,31000061,1)","210","0","5","(31140134,1,31102512,1,31090502,1)","0","100","(76991138,76991139,76991140,76991141)"
"157001127","2","11","90203958","91290628","900","1100","(31020005,9,31010058,2,31000061,1)","270","0","5","(31140134,1,31102517,1,31090502,1)","0","100","(76991138,76991139,76991140,76991141)"
"157001128","2","11","90203959","91290629","1100","1300","(31020005,9,31010058,2,31000061,1)","330","0","5","(31140134,1,31102522,1,31090502,1)","0","100","(76991138,76991139,76991140,76991141)"
"157001129","2","11","90203960","91290630","1300","1600","(31020005,15,31010058,3,31000061,1)","390","90203634","5","(31090501,1,31102208,1,31090502,1)","0","100","(76991142,76991143,76991144,76991145)"
"157001130","2","11","90203961","91290631","1600","1900","(31020005,15,31010058,3,31000061,1)","480","0","5","(31090501,1,31102218,1,31090502,1)","0","100","(76991142,76991143,76991144,76991145)"
"157001131","2","11","90203962","91290632","1900","2200","(31020005,15,31010058,3,31000061,1)","570","0","5","(31090501,1,31102228,1,31090502,1)","0","100","(76991142,76991143,76991144,76991145)"
"157001132","2","11","90203963","91290633","2200","2500","(31020005,15,31010058,3,31000061,1)","660","0","5","(31090501,1,31102238,1,31090502,1)","0","100","(76991142,76991143,76991144,76991145)"
"157001133","2","11","90203964","91290634","2500","2800","(31020005,15,31010058,3,31000061,1)","750","0","5","(31090501,1,31102248,1,31090502,1)","0","100","(76991142,76991143,76991144,76991145)"
"157001134","2","11","90203965","91290635","2800","3200","(31100078,1,31020005,15,31010058,4,31000061,1)","840","90203635","5","(31090501,1,31102503,1,31090502,2)","39000079","80","(76991146,76991147,76991148,76991149)"
"157001135","2","11","90203966","91290636","3200","3600","(31100078,1,31020005,15,31010058,4,31000061,1)","960","0","5","(31090501,1,31102508,1,31090502,2)","39000079","80","(76991146,76991147,76991148,76991149)"
"157001136","2","11","90203967","91290637","3600","4000","(31100078,1,31020005,15,31010058,4,31000061,1)","1080","0","5","(31090501,1,31102513,1,31090502,2)","39000079","80","(76991146,76991147,76991148,76991149)"
"157001137","2","11","90203968","91290638","4000","4400","(31100078,1,31020005,15,31010058,4,31000061,1)","1200","0","5","(31090501,1,31102518,1,31090502,2)","39000079","80","(76991146,76991147,76991148,76991149)"
"157001138","2","11","90203969","91290639","4400","4800","(31100078,1,31020005,15,31010058,4,31000061,1)","1320","0","5","(31090501,1,31102523,1,31090502,2)","39000079","80","(76991146,76991147,76991148,76991149)"
"157001139","2","11","90203970","91290640","4800","5300","(31100079,1,31020005,21,31010058,5,31000061,1)","1440","90203636","5","(31090501,1,31102209,1,31090502,2)","39000080","65","(76991150,76991151,76991152,76991153)"
"157001140","2","11","90203971","91290641","5300","5800","(31100079,1,31020005,21,31010058,5,31000061,1)","1590","0","5","(31090501,1,31102219,1,31090502,2)","39000080","65","(76991150,76991151,76991152,76991153)"
"157001141","2","11","90203972","91290642","5800","6300","(31100079,1,31020005,21,31010058,5,31000061,1)","1740","0","5","(31090501,1,31102229,1,31090502,2)","39000080","65","(76991150,76991151,76991152,76991153)"
"157001142","2","11","90203973","91290643","6300","6800","(31100079,1,31020005,21,31010058,5,31000061,1)","1890","0","5","(31090501,1,31102239,1,31090502,2)","39000080","65","(76991150,76991151,76991152,76991153)"
"157001143","2","11","90203974","91290644","6800","7300","(31100079,1,31020005,21,31010058,5,31000061,1)","2040","0","5","(31090501,1,31102249,1,31090502,2)","39000080","65","(76991150,76991151,76991152,76991153)"
"157001144","2","11","90203975","91290645","7300","7900","(31100080,1,31020005,30,31010058,6,31000061,1)","2190","90203637","5","(31090501,1,31102504,1,31000166,3)","39000081","50","(76991154,76991155,76991156,76991157)"
"157001145","2","11","90203976","91290646","7900","8500","(31100080,1,31020005,30,31010058,6,31000061,1)","2370","0","5","(31090501,1,31102509,1,31000166,3)","39000081","50","(76991154,76991155,76991156,76991157)"
"157001146","2","11","90203977","91290647","8500","9200","(31100080,1,31020005,30,31010058,6,31000061,1)","2550","0","5","(31090501,1,31102514,1,31000166,3)","39000081","50","(76991154,76991155,76991156,76991157)"
"157001147","2","11","90203978","91290648","9200","10000","(31100080,1,31020005,30,31010058,6,31000061,1)","2760","0","5","(31090501,1,31102519,1,31000166,3)","39000081","50","(76991154,76991155,76991156,76991157)"
"157001148","2","11","90203979","91290649","10000","999999","(31100080,1,31020005,30,31010058,6,31000061,1)","3000","0","5","(31090501,1,31102524,1,31000166,3)","39000081","50","(76991154,76991155,76991156,76991157)"
"157001149","2","12","90203952","91290622","0","100","(31020005,6,31010058,1,31000061,1)","0","90203632","5","(31140133,1,31102501,1,31090502,1)","0","100","(76991134,76991135,76991136,76991137)"
"157001150","2","12","90203953","91290623","100","200","(31020005,6,31010058,1,31000061,1)","0","0","5","(31140133,1,31102511,1,31090502,1)","0","100","(76991134,76991135,76991136,76991137)"
"157001151","2","12","90203954","91290624","200","300","(31020005,6,31010058,1,31000061,1)","0","0","5","(31140133,1,31102521,1,31090502,1)","0","100","(76991134,76991135,76991136,76991137)"
"157001152","2","12","90203955","91290625","300","500","(31020005,9,31010058,2,31000061,1)","90","90203633","5","(31140134,1,31102502,1,31090502,1)","0","100","(76991138,76991139,76991140,76991141)"
"157001153","2","12","90203956","91290626","500","700","(31020005,9,31010058,2,31000061,1)","150","0","5","(31140134,1,31102507,1,31090502,1)","0","100","(76991138,76991139,76991140,76991141)"
"157001154","2","12","90203957","91290627","700","900","(31020005,9,31010058,2,31000061,1)","210","0","5","(31140134,1,31102512,1,31090502,1)","0","100","(76991138,76991139,76991140,76991141)"
"157001155","2","12","90203958","91290628","900","1100","(31020005,9,31010058,2,31000061,1)","270","0","5","(31140134,1,31102517,1,31090502,1)","0","100","(76991138,76991139,76991140,76991141)"
"157001156","2","12","90203959","91290629","1100","1300","(31020005,9,31010058,2,31000061,1)","330","0","5","(31140134,1,31102522,1,31090502,1)","0","100","(76991138,76991139,76991140,76991141)"
"157001157","2","12","90203960","91290630","1300","1600","(31020005,15,31010058,3,31000061,1)","390","90203634","5","(31090501,1,31102208,1,31090502,1)","0","100","(76991142,76991143,76991144,76991145)"
"157001158","2","12","90203961","91290631","1600","1900","(31020005,15,31010058,3,31000061,1)","480","0","5","(31090501,1,31102218,1,31090502,1)","0","100","(76991142,76991143,76991144,76991145)"
"157001159","2","12","90203962","91290632","1900","2200","(31020005,15,31010058,3,31000061,1)","570","0","5","(31090501,1,31102228,1,31090502,1)","0","100","(76991142,76991143,76991144,76991145)"
"157001160","2","12","90203963","91290633","2200","2500","(31020005,15,31010058,3,31000061,1)","660","0","5","(31090501,1,31102238,1,31090502,1)","0","100","(76991142,76991143,76991144,76991145)"
"157001161","2","12","90203964","91290634","2500","2800","(31020005,15,31010058,3,31000061,1)","750","0","5","(31090501,1,31102248,1,31090502,1)","0","100","(76991142,76991143,76991144,76991145)"
"157001162","2","12","90203965","91290635","2800","3200","(31100078,1,31020005,15,31010058,4,31000061,1)","840","90203635","5","(31090501,1,31102503,1,31090502,2)","39000079","80","(76991146,76991147,76991148,76991149)"
"157001163","2","12","90203966","91290636","3200","3600","(31100078,1,31020005,15,31010058,4,31000061,1)","960","0","5","(31090501,1,31102508,1,31090502,2)","39000079","80","(76991146,76991147,76991148,76991149)"
"157001164","2","12","90203967","91290637","3600","4000","(31100078,1,31020005,15,31010058,4,31000061,1)","1080","0","5","(31090501,1,31102513,1,31090502,2)","39000079","80","(76991146,76991147,76991148,76991149)"
"157001165","2","12","90203968","91290638","4000","4400","(31100078,1,31020005,15,31010058,4,31000061,1)","1200","0","5","(31090501,1,31102518,1,31090502,2)","39000079","80","(76991146,76991147,76991148,76991149)"
"157001166","2","12","90203969","91290639","4400","4800","(31100078,1,31020005,15,31010058,4,31000061,1)","1320","0","5","(31090501,1,31102523,1,31090502,2)","39000079","80","(76991146,76991147,76991148,76991149)"
"157001167","2","12","90203970","91290640","4800","5300","(31100079,1,31020005,21,31010058,5,31000061,1)","1440","90203636","5","(31090501,1,31102209,1,31090502,2)","39000080","65","(76991150,76991151,76991152,76991153)"
"157001168","2","12","90203971","91290641","5300","5800","(31100079,1,31020005,21,31010058,5,31000061,1)","1590","0","5","(31090501,1,31102219,1,31090502,2)","39000080","65","(76991150,76991151,76991152,76991153)"
"157001169","2","12","90203972","91290642","5800","6300","(31100079,1,31020005,21,31010058,5,31000061,1)","1740","0","5","(31090501,1,31102229,1,31090502,2)","39000080","65","(76991150,76991151,76991152,76991153)"
"157001170","2","12","90203973","91290643","6300","6800","(31100079,1,31020005,21,31010058,5,31000061,1)","1890","0","5","(31090501,1,31102239,1,31090502,2)","39000080","65","(76991150,76991151,76991152,76991153)"
"157001171","2","12","90203974","91290644","6800","7300","(31100079,1,31020005,21,31010058,5,31000061,1)","2040","0","5","(31090501,1,31102249,1,31090502,2)","39000080","65","(76991150,76991151,76991152,76991153)"
"157001172","2","12","90203975","91290645","7300","7900","(31100080,1,31020005,30,31010058,6,31000061,1)","2190","90203637","5","(31090501,1,31102504,1,31000166,3)","39000081","50","(76991154,76991155,76991156,76991157)"
"157001173","2","12","90203976","91290646","7900","8500","(31100080,1,31020005,30,31010058,6,31000061,1)","2370","0","5","(31090501,1,31102509,1,31000166,3)","39000081","50","(76991154,76991155,76991156,76991157)"
"157001174","2","12","90203977","91290647","8500","9200","(31100080,1,31020005,30,31010058,6,31000061,1)","2550","0","5","(31090501,1,31102514,1,31000166,3)","39000081","50","(76991154,76991155,76991156,76991157)"
"157001175","2","12","90203978","91290648","9200","10000","(31100080,1,31020005,30,31010058,6,31000061,1)","2760","0","5","(31090501,1,31102519,1,31000166,3)","39000081","50","(76991154,76991155,76991156,76991157)"
"157001176","2","12","90203979","91290649","10000","999999","(31100080,1,31020005,30,31010058,6,31000061,1)","3000","0","5","(31090501,1,31102524,1,31000166,3)","39000081","50","(76991154,76991155,76991156,76991157)"
"157001177","2","13","90203952","91290622","0","100","(31020005,6,31010058,1,31000061,1)","0","90203632","5","(31140133,1,31102501,1,31090502,1)","0","100","(76991134,76991135,76991136,76991137)"
"157001178","2","13","90203953","91290623","100","200","(31020005,6,31010058,1,31000061,1)","0","0","5","(31140133,1,31102511,1,31090502,1)","0","100","(76991134,76991135,76991136,76991137)"
"157001179","2","13","90203954","91290624","200","300","(31020005,6,31010058,1,31000061,1)","0","0","5","(31140133,1,31102521,1,31090502,1)","0","100","(76991134,76991135,76991136,76991137)"
"157001180","2","13","90203955","91290625","300","500","(31020005,9,31010058,2,31000061,1)","90","90203633","5","(31140134,1,31102502,1,31090502,1)","0","100","(76991138,76991139,76991140,76991141)"
"157001181","2","13","90203956","91290626","500","700","(31020005,9,31010058,2,31000061,1)","150","0","5","(31140134,1,31102507,1,31090502,1)","0","100","(76991138,76991139,76991140,76991141)"
"157001182","2","13","90203957","91290627","700","900","(31020005,9,31010058,2,31000061,1)","210","0","5","(31140134,1,31102512,1,31090502,1)","0","100","(76991138,76991139,76991140,76991141)"
"157001183","2","13","90203958","91290628","900","1100","(31020005,9,31010058,2,31000061,1)","270","0","5","(31140134,1,31102517,1,31090502,1)","0","100","(76991138,76991139,76991140,76991141)"
"157001184","2","13","90203959","91290629","1100","1300","(31020005,9,31010058,2,31000061,1)","330","0","5","(31140134,1,31102522,1,31090502,1)","0","100","(76991138,76991139,76991140,76991141)"
"157001185","2","13","90203960","91290630","1300","1600","(31020005,15,31010058,3,31000061,1)","390","90203634","5","(31090501,1,31102208,1,31090502,1)","0","100","(76991142,76991143,76991144,76991145)"
"157001186","2","13","90203961","91290631","1600","1900","(31020005,15,31010058,3,31000061,1)","480","0","5","(31090501,1,31102218,1,31090502,1)","0","100","(76991142,76991143,76991144,76991145)"
"157001187","2","13","90203962","91290632","1900","2200","(31020005,15,31010058,3,31000061,1)","570","0","5","(31090501,1,31102228,1,31090502,1)","0","100","(76991142,76991143,76991144,76991145)"
"157001188","2","13","90203963","91290633","2200","2500","(31020005,15,31010058,3,31000061,1)","660","0","5","(31090501,1,31102238,1,31090502,1)","0","100","(76991142,76991143,76991144,76991145)"
"157001189","2","13","90203964","91290634","2500","2800","(31020005,15,31010058,3,31000061,1)","750","0","5","(31090501,1,31102248,1,31090502,1)","0","100","(76991142,76991143,76991144,76991145)"
"157001190","2","13","90203965","91290635","2800","3200","(31100078,1,31020005,15,31010058,4,31000061,1)","840","90203635","5","(31090501,1,31102503,1,31090502,2)","39000079","80","(76991146,76991147,76991148,76991149)"
"157001191","2","13","90203966","91290636","3200","3600","(31100078,1,31020005,15,31010058,4,31000061,1)","960","0","5","(31090501,1,31102508,1,31090502,2)","39000079","80","(76991146,76991147,76991148,76991149)"
"157001192","2","13","90203967","91290637","3600","4000","(31100078,1,31020005,15,31010058,4,31000061,1)","1080","0","5","(31090501,1,31102513,1,31090502,2)","39000079","80","(76991146,76991147,76991148,76991149)"
"157001193","2","13","90203968","91290638","4000","4400","(31100078,1,31020005,15,31010058,4,31000061,1)","1200","0","5","(31090501,1,31102518,1,31090502,2)","39000079","80","(76991146,76991147,76991148,76991149)"
"157001194","2","13","90203969","91290639","4400","4800","(31100078,1,31020005,15,31010058,4,31000061,1)","1320","0","5","(31090501,1,31102523,1,31090502,2)","39000079","80","(76991146,76991147,76991148,76991149)"
"157001195","2","13","90203970","91290640","4800","5300","(31100079,1,31020005,21,31010058,5,31000061,1)","1440","90203636","5","(31090501,1,31102209,1,31090502,2)","39000080","65","(76991150,76991151,76991152,76991153)"
"157001196","2","13","90203971","91290641","5300","5800","(31100079,1,31020005,21,31010058,5,31000061,1)","1590","0","5","(31090501,1,31102219,1,31090502,2)","39000080","65","(76991150,76991151,76991152,76991153)"
"157001197","2","13","90203972","91290642","5800","6300","(31100079,1,31020005,21,31010058,5,31000061,1)","1740","0","5","(31090501,1,31102229,1,31090502,2)","39000080","65","(76991150,76991151,76991152,76991153)"
"157001198","2","13","90203973","91290643","6300","6800","(31100079,1,31020005,21,31010058,5,31000061,1)","1890","0","5","(31090501,1,31102239,1,31090502,2)","39000080","65","(76991150,76991151,76991152,76991153)"
"157001199","2","13","90203974","91290644","6800","7300","(31100079,1,31020005,21,31010058,5,31000061,1)","2040","0","5","(31090501,1,31102249,1,31090502,2)","39000080","65","(76991150,76991151,76991152,76991153)"
"157001200","2","13","90203975","91290645","7300","7900","(31100080,1,31020005,30,31010058,6,31000061,1)","2190","90203637","5","(31090501,1,31102504,1,31000166,3)","39000081","50","(76991154,76991155,76991156,76991157)"
"157001201","2","13","90203976","91290646","7900","8500","(31100080,1,31020005,30,31010058,6,31000061,1)","2370","0","5","(31090501,1,31102509,1,31000166,3)","39000081","50","(76991154,76991155,76991156,76991157)"
"157001202","2","13","90203977","91290647","8500","9200","(31100080,1,31020005,30,31010058,6,31000061,1)","2550","0","5","(31090501,1,31102514,1,31000166,3)","39000081","50","(76991154,76991155,76991156,76991157)"
"157001203","2","13","90203978","91290648","9200","10000","(31100080,1,31020005,30,31010058,6,31000061,1)","2760","0","5","(31090501,1,31102519,1,31000166,3)","39000081","50","(76991154,76991155,76991156,76991157)"
"157001204","2","13","90203979","91290649","10000","999999","(31100080,1,31020005,30,31010058,6,31000061,1)","3000","0","5","(31090501,1,31102524,1,31000166,3)","39000081","50","(76991154,76991155,76991156,76991157)"
"157001205","2","14","90203952","91290622","0","100","(31020005,6,31010058,1,31000061,1)","0","90203632","5","(31140133,1,31102501,1,31090502,1)","0","100","(76991134,76991135,76991136,76991137)"
"157001206","2","14","90203953","91290623","100","200","(31020005,6,31010058,1,31000061,1)","0","0","5","(31140133,1,31102511,1,31090502,1)","0","100","(76991134,76991135,76991136,76991137)"
"157001207","2","14","90203954","91290624","200","300","(31020005,6,31010058,1,31000061,1)","0","0","5","(31140133,1,31102521,1,31090502,1)","0","100","(76991134,76991135,76991136,76991137)"
"157001208","2","14","90203955","91290625","300","500","(31020005,9,31010058,2,31000061,1)","90","90203633","5","(31140134,1,31102502,1,31090502,1)","0","100","(76991138,76991139,76991140,76991141)"
"157001209","2","14","90203956","91290626","500","700","(31020005,9,31010058,2,31000061,1)","150","0","5","(31140134,1,31102507,1,31090502,1)","0","100","(76991138,76991139,76991140,76991141)"
"157001210","2","14","90203957","91290627","700","900","(31020005,9,31010058,2,31000061,1)","210","0","5","(31140134,1,31102512,1,31090502,1)","0","100","(76991138,76991139,76991140,76991141)"
"157001211","2","14","90203958","91290628","900","1100","(31020005,9,31010058,2,31000061,1)","270","0","5","(31140134,1,31102517,1,31090502,1)","0","100","(76991138,76991139,76991140,76991141)"
"157001212","2","14","90203959","91290629","1100","1300","(31020005,9,31010058,2,31000061,1)","330","0","5","(31140134,1,31102522,1,31090502,1)","0","100","(76991138,76991139,76991140,76991141)"
"157001213","2","14","90203960","91290630","1300","1600","(31020005,15,31010058,3,31000061,1)","390","90203634","5","(31090501,1,31102208,1,31090502,1)","0","100","(76991142,76991143,76991144,76991145)"
"157001214","2","14","90203961","91290631","1600","1900","(31020005,15,31010058,3,31000061,1)","480","0","5","(31090501,1,31102218,1,31090502,1)","0","100","(76991142,76991143,76991144,76991145)"
"157001215","2","14","90203962","91290632","1900","2200","(31020005,15,31010058,3,31000061,1)","570","0","5","(31090501,1,31102228,1,31090502,1)","0","100","(76991142,76991143,76991144,76991145)"
"157001216","2","14","90203963","91290633","2200","2500","(31020005,15,31010058,3,31000061,1)","660","0","5","(31090501,1,31102238,1,31090502,1)","0","100","(76991142,76991143,76991144,76991145)"
"157001217","2","14","90203964","91290634","2500","2800","(31020005,15,31010058,3,31000061,1)","750","0","5","(31090501,1,31102248,1,31090502,1)","0","100","(76991142,76991143,76991144,76991145)"
"157001218","2","14","90203965","91290635","2800","3200","(31100078,1,31020005,15,31010058,4,31000061,1)","840","90203635","5","(31090501,1,31102503,1,31090502,2)","39000079","80","(76991146,76991147,76991148,76991149)"
"157001219","2","14","90203966","91290636","3200","3600","(31100078,1,31020005,15,31010058,4,31000061,1)","960","0","5","(31090501,1,31102508,1,31090502,2)","39000079","80","(76991146,76991147,76991148,76991149)"
"157001220","2","14","90203967","91290637","3600","4000","(31100078,1,31020005,15,31010058,4,31000061,1)","1080","0","5","(31090501,1,31102513,1,31090502,2)","39000079","80","(76991146,76991147,76991148,76991149)"
"157001221","2","14","90203968","91290638","4000","4400","(31100078,1,31020005,15,31010058,4,31000061,1)","1200","0","5","(31090501,1,31102518,1,31090502,2)","39000079","80","(76991146,76991147,76991148,76991149)"
"157001222","2","14","90203969","91290639","4400","4800","(31100078,1,31020005,15,31010058,4,31000061,1)","1320","0","5","(31090501,1,31102523,1,31090502,2)","39000079","80","(76991146,76991147,76991148,76991149)"
"157001223","2","14","90203970","91290640","4800","5300","(31100079,1,31020005,21,31010058,5,31000061,1)","1440","90203636","5","(31090501,1,31102209,1,31090502,2)","39000080","65","(76991150,76991151,76991152,76991153)"
"157001224","2","14","90203971","91290641","5300","5800","(31100079,1,31020005,21,31010058,5,31000061,1)","1590","0","5","(31090501,1,31102219,1,31090502,2)","39000080","65","(76991150,76991151,76991152,76991153)"
"157001225","2","14","90203972","91290642","5800","6300","(31100079,1,31020005,21,31010058,5,31000061,1)","1740","0","5","(31090501,1,31102229,1,31090502,2)","39000080","65","(76991150,76991151,76991152,76991153)"
"157001226","2","14","90203973","91290643","6300","6800","(31100079,1,31020005,21,31010058,5,31000061,1)","1890","0","5","(31090501,1,31102239,1,31090502,2)","39000080","65","(76991150,76991151,76991152,76991153)"
"157001227","2","14","90203974","91290644","6800","7300","(31100079,1,31020005,21,31010058,5,31000061,1)","2040","0","5","(31090501,1,31102249,1,31090502,2)","39000080","65","(76991150,76991151,76991152,76991153)"
"157001228","2","14","90203975","91290645","7300","7900","(31100080,1,31020005,30,31010058,6,31000061,1)","2190","90203637","5","(31090501,1,31102504,1,31000166,3)","39000081","50","(76991154,76991155,76991156,76991157)"
"157001229","2","14","90203976","91290646","7900","8500","(31100080,1,31020005,30,31010058,6,31000061,1)","2370","0","5","(31090501,1,31102509,1,31000166,3)","39000081","50","(76991154,76991155,76991156,76991157)"
"157001230","2","14","90203977","91290647","8500","9200","(31100080,1,31020005,30,31010058,6,31000061,1)","2550","0","5","(31090501,1,31102514,1,31000166,3)","39000081","50","(76991154,76991155,76991156,76991157)"
"157001231","2","14","90203978","91290648","9200","10000","(31100080,1,31020005,30,31010058,6,31000061,1)","2760","0","5","(31090501,1,31102519,1,31000166,3)","39000081","50","(76991154,76991155,76991156,76991157)"
"157001232","2","14","90203979","91290649","10000","999999","(31100080,1,31020005,30,31010058,6,31000061,1)","3000","0","5","(31090501,1,31102524,1,31000166,3)","39000081","50","(76991154,76991155,76991156,76991157)"
"157001233","2","15","90203952","91290622","0","100","(31020005,6,31010058,1,31000061,1)","0","90203632","5","(31140133,1,31102501,1,31090502,1)","0","100","(76991134,76991135,76991136,76991137)"
"157001234","2","15","90203953","91290623","100","200","(31020005,6,31010058,1,31000061,1)","0","0","5","(31140133,1,31102511,1,31090502,1)","0","100","(76991134,76991135,76991136,76991137)"
"157001235","2","15","90203954","91290624","200","300","(31020005,6,31010058,1,31000061,1)","0","0","5","(31140133,1,31102521,1,31090502,1)","0","100","(76991134,76991135,76991136,76991137)"
"157001236","2","15","90203955","91290625","300","500","(31020005,9,31010058,2,31000061,1)","90","90203633","5","(31140134,1,31102502,1,31090502,1)","0","100","(76991138,76991139,76991140,76991141)"
"157001237","2","15","90203956","91290626","500","700","(31020005,9,31010058,2,31000061,1)","150","0","5","(31140134,1,31102507,1,31090502,1)","0","100","(76991138,76991139,76991140,76991141)"
"157001238","2","15","90203957","91290627","700","900","(31020005,9,31010058,2,31000061,1)","210","0","5","(31140134,1,31102512,1,31090502,1)","0","100","(76991138,76991139,76991140,76991141)"
"157001239","2","15","90203958","91290628","900","1100","(31020005,9,31010058,2,31000061,1)","270","0","5","(31140134,1,31102517,1,31090502,1)","0","100","(76991138,76991139,76991140,76991141)"
"157001240","2","15","90203959","91290629","1100","1300","(31020005,9,31010058,2,31000061,1)","330","0","5","(31140134,1,31102522,1,31090502,1)","0","100","(76991138,76991139,76991140,76991141)"
"157001241","2","15","90203960","91290630","1300","1600","(31020005,15,31010058,3,31000061,1)","390","90203634","5","(31090501,1,31102208,1,31090502,1)","0","100","(76991142,76991143,76991144,76991145)"
"157001242","2","15","90203961","91290631","1600","1900","(31020005,15,31010058,3,31000061,1)","480","0","5","(31090501,1,31102218,1,31090502,1)","0","100","(76991142,76991143,76991144,76991145)"
"157001243","2","15","90203962","91290632","1900","2200","(31020005,15,31010058,3,31000061,1)","570","0","5","(31090501,1,31102228,1,31090502,1)","0","100","(76991142,76991143,76991144,76991145)"
"157001244","2","15","90203963","91290633","2200","2500","(31020005,15,31010058,3,31000061,1)","660","0","5","(31090501,1,31102238,1,31090502,1)","0","100","(76991142,76991143,76991144,76991145)"
"157001245","2","15","90203964","91290634","2500","2800","(31020005,15,31010058,3,31000061,1)","750","0","5","(31090501,1,31102248,1,31090502,1)","0","100","(76991142,76991143,76991144,76991145)"
"157001246","2","15","90203965","91290635","2800","3200","(31100078,1,31020005,15,31010058,4,31000061,1)","840","90203635","5","(31090501,1,31102503,1,31090502,2)","39000079","80","(76991146,76991147,76991148,76991149)"
"157001247","2","15","90203966","91290636","3200","3600","(31100078,1,31020005,15,31010058,4,31000061,1)","960","0","5","(31090501,1,31102508,1,31090502,2)","39000079","80","(76991146,76991147,76991148,76991149)"
"157001248","2","15","90203967","91290637","3600","4000","(31100078,1,31020005,15,31010058,4,31000061,1)","1080","0","5","(31090501,1,31102513,1,31090502,2)","39000079","80","(76991146,76991147,76991148,76991149)"
"157001249","2","15","90203968","91290638","4000","4400","(31100078,1,31020005,15,31010058,4,31000061,1)","1200","0","5","(31090501,1,31102518,1,31090502,2)","39000079","80","(76991146,76991147,76991148,76991149)"
"157001250","2","15","90203969","91290639","4400","4800","(31100078,1,31020005,15,31010058,4,31000061,1)","1320","0","5","(31090501,1,31102523,1,31090502,2)","39000079","80","(76991146,76991147,76991148,76991149)"
"157001251","2","15","90203970","91290640","4800","5300","(31100079,1,31020005,21,31010058,5,31000061,1)","1440","90203636","5","(31090501,1,31102209,1,31090502,2)","39000080","65","(76991150,76991151,76991152,76991153)"
"157001252","2","15","90203971","91290641","5300","5800","(31100079,1,31020005,21,31010058,5,31000061,1)","1590","0","5","(31090501,1,31102219,1,31090502,2)","39000080","65","(76991150,76991151,76991152,76991153)"
"157001253","2","15","90203972","91290642","5800","6300","(31100079,1,31020005,21,31010058,5,31000061,1)","1740","0","5","(31090501,1,31102229,1,31090502,2)","39000080","65","(76991150,76991151,76991152,76991153)"
"157001254","2","15","90203973","91290643","6300","6800","(31100079,1,31020005,21,31010058,5,31000061,1)","1890","0","5","(31090501,1,31102239,1,31090502,2)","39000080","65","(76991150,76991151,76991152,76991153)"
"157001255","2","15","90203974","91290644","6800","7300","(31100079,1,31020005,21,31010058,5,31000061,1)","2040","0","5","(31090501,1,31102249,1,31090502,2)","39000080","65","(76991150,76991151,76991152,76991153)"
"157001256","2","15","90203975","91290645","7300","7900","(31100080,1,31020005,30,31010058,6,31000061,1)","2190","90203637","5","(31090501,1,31102504,1,31000166,3)","39000081","50","(76991154,76991155,76991156,76991157)"
"157001257","2","15","90203976","91290646","7900","8500","(31100080,1,31020005,30,31010058,6,31000061,1)","2370","0","5","(31090501,1,31102509,1,31000166,3)","39000081","50","(76991154,76991155,76991156,76991157)"
"157001258","2","15","90203977","91290647","8500","9200","(31100080,1,31020005,30,31010058,6,31000061,1)","2550","0","5","(31090501,1,31102514,1,31000166,3)","39000081","50","(76991154,76991155,76991156,76991157)"
"157001259","2","15","90203978","91290648","9200","10000","(31100080,1,31020005,30,31010058,6,31000061,1)","2760","0","5","(31090501,1,31102519,1,31000166,3)","39000081","50","(76991154,76991155,76991156,76991157)"
"157001260","2","15","90203979","91290649","10000","999999","(31100080,1,31020005,30,31010058,6,31000061,1)","3000","0","5","(31090501,1,31102524,1,31000166,3)","39000081","50","(76991154,76991155,76991156,76991157)"
"157001261","3","1","90203952","91290622","0","100","(31020005,6,31010058,1,31000061,1)","0","90203632","5","(31140133,1,31102501,1,31090502,1)","0","100","(76991134,76991135,76991136,76991137)"
"157001262","3","1","90203953","91290623","100","200","(31020005,6,31010058,1,31000061,1)","0","0","5","(31140133,1,31102511,1,31090502,1)","0","100","(76991134,76991135,76991136,76991137)"
"157001263","3","1","90203954","91290624","200","300","(31020005,6,31010058,1,31000061,1)","0","0","5","(31140133,1,31102521,1,31090502,1)","0","100","(76991134,76991135,76991136,76991137)"
"157001264","3","1","90203955","91290625","300","500","(31020005,9,31010058,2,31000061,1)","90","90203633","5","(31140134,1,31102502,1,31090502,1)","0","100","(76991138,76991139,76991140,76991141)"
"157001265","3","1","90203956","91290626","500","700","(31020005,9,31010058,2,31000061,1)","150","0","5","(31140134,1,31102507,1,31090502,1)","0","100","(76991138,76991139,76991140,76991141)"
"157001266","3","1","90203957","91290627","700","900","(31020005,9,31010058,2,31000061,1)","210","0","5","(31140134,1,31102512,1,31090502,1)","0","100","(76991138,76991139,76991140,76991141)"
"157001267","3","1","90203958","91290628","900","1100","(31020005,9,31010058,2,31000061,1)","270","0","5","(31140134,1,31102517,1,31090502,1)","0","100","(76991138,76991139,76991140,76991141)"
"157001268","3","1","90203959","91290629","1100","1300","(31020005,9,31010058,2,31000061,1)","330","0","5","(31140134,1,31102522,1,31090502,1)","0","100","(76991138,76991139,76991140,76991141)"
"157001269","3","1","90203960","91290630","1300","1600","(31020005,15,31010058,3,31000061,1)","390","90203634","5","(31090501,1,31102208,1,31090502,1)","0","100","(76991142,76991143,76991144,76991145)"
"157001270","3","1","90203961","91290631","1600","1900","(31020005,15,31010058,3,31000061,1)","480","0","5","(31090501,1,31102218,1,31090502,1)","0","100","(76991142,76991143,76991144,76991145)"
"157001271","3","1","90203962","91290632","1900","2200","(31020005,15,31010058,3,31000061,1)","570","0","5","(31090501,1,31102228,1,31090502,1)","0","100","(76991142,76991143,76991144,76991145)"
"157001272","3","1","90203963","91290633","2200","2500","(31020005,15,31010058,3,31000061,1)","660","0","5","(31090501,1,31102238,1,31090502,1)","0","100","(76991142,76991143,76991144,76991145)"
"157001273","3","1","90203964","91290634","2500","2800","(31020005,15,31010058,3,31000061,1)","750","0","5","(31090501,1,31102248,1,31090502,1)","0","100","(76991142,76991143,76991144,76991145)"
"157001274","3","1","90203965","91290635","2800","3200","(31100078,1,31020005,15,31010058,4,31000061,1)","840","90203635","5","(31090501,1,31102503,1,31090502,2)","39000079","80","(76991146,76991147,76991148,76991149)"
"157001275","3","1","90203966","91290636","3200","3600","(31100078,1,31020005,15,31010058,4,31000061,1)","960","0","5","(31090501,1,31102508,1,31090502,2)","39000079","80","(76991146,76991147,76991148,76991149)"
"157001276","3","1","90203967","91290637","3600","4000","(31100078,1,31020005,15,31010058,4,31000061,1)","1080","0","5","(31090501,1,31102513,1,31090502,2)","39000079","80","(76991146,76991147,76991148,76991149)"
"157001277","3","1","90203968","91290638","4000","4400","(31100078,1,31020005,15,31010058,4,31000061,1)","1200","0","5","(31090501,1,31102518,1,31090502,2)","39000079","80","(76991146,76991147,76991148,76991149)"
"157001278","3","1","90203969","91290639","4400","4800","(31100078,1,31020005,15,31010058,4,31000061,1)","1320","0","5","(31090501,1,31102523,1,31090502,2)","39000079","80","(76991146,76991147,76991148,76991149)"
"157001279","3","1","90203970","91290640","4800","5300","(31100079,1,31020005,21,31010058,5,31000061,1)","1440","90203636","5","(31090501,1,31102209,1,31090502,2)","39000080","65","(76991150,76991151,76991152,76991153)"
"157001280","3","1","90203971","91290641","5300","5800","(31100079,1,31020005,21,31010058,5,31000061,1)","1590","0","5","(31090501,1,31102219,1,31090502,2)","39000080","65","(76991150,76991151,76991152,76991153)"
"157001281","3","1","90203972","91290642","5800","6300","(31100079,1,31020005,21,31010058,5,31000061,1)","1740","0","5","(31090501,1,31102229,1,31090502,2)","39000080","65","(76991150,76991151,76991152,76991153)"
"157001282","3","1","90203973","91290643","6300","6800","(31100079,1,31020005,21,31010058,5,31000061,1)","1890","0","5","(31090501,1,31102239,1,31090502,2)","39000080","65","(76991150,76991151,76991152,76991153)"
"157001283","3","1","90203974","91290644","6800","7300","(31100079,1,31020005,21,31010058,5,31000061,1)","2040","0","5","(31090501,1,31102249,1,31090502,2)","39000080","65","(76991150,76991151,76991152,76991153)"
"157001284","3","1","90203975","91290645","7300","7900","(31100080,1,31020005,30,31010058,6,31000061,1)","2190","90203637","5","(31090501,1,31102504,1,31000166,3)","39000081","50","(76991154,76991155,76991156,76991157)"
"157001285","3","1","90203976","91290646","7900","8500","(31100080,1,31020005,30,31010058,6,31000061,1)","2370","0","5","(31090501,1,31102509,1,31000166,3)","39000081","50","(76991154,76991155,76991156,76991157)"
"157001286","3","1","90203977","91290647","8500","9200","(31100080,1,31020005,30,31010058,6,31000061,1)","2550","0","5","(31090501,1,31102514,1,31000166,3)","39000081","50","(76991154,76991155,76991156,76991157)"
"157001287","3","1","90203978","91290648","9200","10000","(31100080,1,31020005,30,31010058,6,31000061,1)","2760","0","5","(31090501,1,31102519,1,31000166,3)","39000081","50","(76991154,76991155,76991156,76991157)"
"157001288","3","1","90203979","91290649","10000","999999","(31100080,1,31020005,30,31010058,6,31000061,1)","3000","0","5","(31090501,1,31102524,1,31000166,3)","39000081","50","(76991154,76991155,76991156,76991157)"
"157001289","3","2","90203952","91290622","0","100","(31020005,6,31010058,1,31000061,1)","0","90203632","5","(31140133,1,31102501,1,31090502,1)","0","100","(76991134,76991135,76991136,76991137)"
"157001290","3","2","90203953","91290623","100","200","(31020005,6,31010058,1,31000061,1)","0","0","5","(31140133,1,31102511,1,31090502,1)","0","100","(76991134,76991135,76991136,76991137)"
"157001291","3","2","90203954","91290624","200","300","(31020005,6,31010058,1,31000061,1)","0","0","5","(31140133,1,31102521,1,31090502,1)","0","100","(76991134,76991135,76991136,76991137)"
"157001292","3","2","90203955","91290625","300","500","(31020005,9,31010058,2,31000061,1)","90","90203633","5","(31140134,1,31102502,1,31090502,1)","0","100","(76991138,76991139,76991140,76991141)"
"157001293","3","2","90203956","91290626","500","700","(31020005,9,31010058,2,31000061,1)","150","0","5","(31140134,1,31102507,1,31090502,1)","0","100","(76991138,76991139,76991140,76991141)"
"157001294","3","2","90203957","91290627","700","900","(31020005,9,31010058,2,31000061,1)","210","0","5","(31140134,1,31102512,1,31090502,1)","0","100","(76991138,76991139,76991140,76991141)"
"157001295","3","2","90203958","91290628","900","1100","(31020005,9,31010058,2,31000061,1)","270","0","5","(31140134,1,31102517,1,31090502,1)","0","100","(76991138,76991139,76991140,76991141)"
"157001296","3","2","90203959","91290629","1100","1300","(31020005,9,31010058,2,31000061,1)","330","0","5","(31140134,1,31102522,1,31090502,1)","0","100","(76991138,76991139,76991140,76991141)"
"157001297","3","2","90203960","91290630","1300","1600","(31020005,15,31010058,3,31000061,1)","390","90203634","5","(31090501,1,31102208,1,31090502,1)","0","100","(76991142,76991143,76991144,76991145)"
"157001298","3","2","90203961","91290631","1600","1900","(31020005,15,31010058,3,31000061,1)","480","0","5","(31090501,1,31102218,1,31090502,1)","0","100","(76991142,76991143,76991144,76991145)"
"157001299","3","2","90203962","91290632","1900","2200","(31020005,15,31010058,3,31000061,1)","570","0","5","(31090501,1,31102228,1,31090502,1)","0","100","(76991142,76991143,76991144,76991145)"
"157001300","3","2","90203963","91290633","2200","2500","(31020005,15,31010058,3,31000061,1)","660","0","5","(31090501,1,31102238,1,31090502,1)","0","100","(76991142,76991143,76991144,76991145)"
"157001301","3","2","90203964","91290634","2500","2800","(31020005,15,31010058,3,31000061,1)","750","0","5","(31090501,1,31102248,1,31090502,1)","0","100","(76991142,76991143,76991144,76991145)"
"157001302","3","2","90203965","91290635","2800","3200","(31100078,1,31020005,15,31010058,4,31000061,1)","840","90203635","5","(31090501,1,31102503,1,31090502,2)","39000079","80","(76991146,76991147,76991148,76991149)"
"157001303","3","2","90203966","91290636","3200","3600","(31100078,1,31020005,15,31010058,4,31000061,1)","960","0","5","(31090501,1,31102508,1,31090502,2)","39000079","80","(76991146,76991147,76991148,76991149)"
"157001304","3","2","90203967","91290637","3600","4000","(31100078,1,31020005,15,31010058,4,31000061,1)","1080","0","5","(31090501,1,31102513,1,31090502,2)","39000079","80","(76991146,76991147,76991148,76991149)"
"157001305","3","2","90203968","91290638","4000","4400","(31100078,1,31020005,15,31010058,4,31000061,1)","1200","0","5","(31090501,1,31102518,1,31090502,2)","39000079","80","(76991146,76991147,76991148,76991149)"
"157001306","3","2","90203969","91290639","4400","4800","(31100078,1,31020005,15,31010058,4,31000061,1)","1320","0","5","(31090501,1,31102523,1,31090502,2)","39000079","80","(76991146,76991147,76991148,76991149)"
"157001307","3","2","90203970","91290640","4800","5300","(31100079,1,31020005,21,31010058,5,31000061,1)","1440","90203636","5","(31090501,1,31102209,1,31090502,2)","39000080","65","(76991150,76991151,76991152,76991153)"
"157001308","3","2","90203971","91290641","5300","5800","(31100079,1,31020005,21,31010058,5,31000061,1)","1590","0","5","(31090501,1,31102219,1,31090502,2)","39000080","65","(76991150,76991151,76991152,76991153)"
"157001309","3","2","90203972","91290642","5800","6300","(31100079,1,31020005,21,31010058,5,31000061,1)","1740","0","5","(31090501,1,31102229,1,31090502,2)","39000080","65","(76991150,76991151,76991152,76991153)"
"157001310","3","2","90203973","91290643","6300","6800","(31100079,1,31020005,21,31010058,5,31000061,1)","1890","0","5","(31090501,1,31102239,1,31090502,2)","39000080","65","(76991150,76991151,76991152,76991153)"
"157001311","3","2","90203974","91290644","6800","7300","(31100079,1,31020005,21,31010058,5,31000061,1)","2040","0","5","(31090501,1,31102249,1,31090502,2)","39000080","65","(76991150,76991151,76991152,76991153)"
"157001312","3","2","90203975","91290645","7300","7900","(31100080,1,31020005,30,31010058,6,31000061,1)","2190","90203637","5","(31090501,1,31102504,1,31000166,3)","39000081","50","(76991154,76991155,76991156,76991157)"
"157001313","3","2","90203976","91290646","7900","8500","(31100080,1,31020005,30,31010058,6,31000061,1)","2370","0","5","(31090501,1,31102509,1,31000166,3)","39000081","50","(76991154,76991155,76991156,76991157)"
"157001314","3","2","90203977","91290647","8500","9200","(31100080,1,31020005,30,31010058,6,31000061,1)","2550","0","5","(31090501,1,31102514,1,31000166,3)","39000081","50","(76991154,76991155,76991156,76991157)"
"157001315","3","2","90203978","91290648","9200","10000","(31100080,1,31020005,30,31010058,6,31000061,1)","2760","0","5","(31090501,1,31102519,1,31000166,3)","39000081","50","(76991154,76991155,76991156,76991157)"
"157001316","3","2","90203979","91290649","10000","999999","(31100080,1,31020005,30,31010058,6,31000061,1)","3000","0","5","(31090501,1,31102524,1,31000166,3)","39000081","50","(76991154,76991155,76991156,76991157)"
"157001317","3","3","90203952","91290622","0","100","(31020005,6,31010058,1,31000061,1)","0","90203632","5","(31140133,1,31102501,1,31090502,1)","0","100","(76991134,76991135,76991136,76991137)"
"157001318","3","3","90203953","91290623","100","200","(31020005,6,31010058,1,31000061,1)","0","0","5","(31140133,1,31102511,1,31090502,1)","0","100","(76991134,76991135,76991136,76991137)"
"157001319","3","3","90203954","91290624","200","300","(31020005,6,31010058,1,31000061,1)","0","0","5","(31140133,1,31102521,1,31090502,1)","0","100","(76991134,76991135,76991136,76991137)"
"157001320","3","3","90203955","91290625","300","500","(31020005,9,31010058,2,31000061,1)","90","90203633","5","(31140134,1,31102502,1,31090502,1)","0","100","(76991138,76991139,76991140,76991141)"
"157001321","3","3","90203956","91290626","500","700","(31020005,9,31010058,2,31000061,1)","150","0","5","(31140134,1,31102507,1,31090502,1)","0","100","(76991138,76991139,76991140,76991141)"
"157001322","3","3","90203957","91290627","700","900","(31020005,9,31010058,2,31000061,1)","210","0","5","(31140134,1,31102512,1,31090502,1)","0","100","(76991138,76991139,76991140,76991141)"
"157001323","3","3","90203958","91290628","900","1100","(31020005,9,31010058,2,31000061,1)","270","0","5","(31140134,1,31102517,1,31090502,1)","0","100","(76991138,76991139,76991140,76991141)"
"157001324","3","3","90203959","91290629","1100","1300","(31020005,9,31010058,2,31000061,1)","330","0","5","(31140134,1,31102522,1,31090502,1)","0","100","(76991138,76991139,76991140,76991141)"
"157001325","3","3","90203960","91290630","1300","1600","(31020005,15,31010058,3,31000061,1)","390","90203634","5","(31090501,1,31102208,1,31090502,1)","0","100","(76991142,76991143,76991144,76991145)"
"157001326","3","3","90203961","91290631","1600","1900","(31020005,15,31010058,3,31000061,1)","480","0","5","(31090501,1,31102218,1,31090502,1)","0","100","(76991142,76991143,76991144,76991145)"
"157001327","3","3","90203962","91290632","1900","2200","(31020005,15,31010058,3,31000061,1)","570","0","5","(31090501,1,31102228,1,31090502,1)","0","100","(76991142,76991143,76991144,76991145)"
"157001328","3","3","90203963","91290633","2200","2500","(31020005,15,31010058,3,31000061,1)","660","0","5","(31090501,1,31102238,1,31090502,1)","0","100","(76991142,76991143,76991144,76991145)"
"157001329","3","3","90203964","91290634","2500","2800","(31020005,15,31010058,3,31000061,1)","750","0","5","(31090501,1,31102248,1,31090502,1)","0","100","(76991142,76991143,76991144,76991145)"
"157001330","3","3","90203965","91290635","2800","3200","(31100078,1,31020005,15,31010058,4,31000061,1)","840","90203635","5","(31090501,1,31102503,1,31090502,2)","39000079","80","(76991146,76991147,76991148,76991149)"
"157001331","3","3","90203966","91290636","3200","3600","(31100078,1,31020005,15,31010058,4,31000061,1)","960","0","5","(31090501,1,31102508,1,31090502,2)","39000079","80","(76991146,76991147,76991148,76991149)"
"157001332","3","3","90203967","91290637","3600","4000","(31100078,1,31020005,15,31010058,4,31000061,1)","1080","0","5","(31090501,1,31102513,1,31090502,2)","39000079","80","(76991146,76991147,76991148,76991149)"
"157001333","3","3","90203968","91290638","4000","4400","(31100078,1,31020005,15,31010058,4,31000061,1)","1200","0","5","(31090501,1,31102518,1,31090502,2)","39000079","80","(76991146,76991147,76991148,76991149)"
"157001334","3","3","90203969","91290639","4400","4800","(31100078,1,31020005,15,31010058,4,31000061,1)","1320","0","5","(31090501,1,31102523,1,31090502,2)","39000079","80","(76991146,76991147,76991148,76991149)"
"157001335","3","3","90203970","91290640","4800","5300","(31100079,1,31020005,21,31010058,5,31000061,1)","1440","90203636","5","(31090501,1,31102209,1,31090502,2)","39000080","65","(76991150,76991151,76991152,76991153)"
"157001336","3","3","90203971","91290641","5300","5800","(31100079,1,31020005,21,31010058,5,31000061,1)","1590","0","5","(31090501,1,31102219,1,31090502,2)","39000080","65","(76991150,76991151,76991152,76991153)"
"157001337","3","3","90203972","91290642","5800","6300","(31100079,1,31020005,21,31010058,5,31000061,1)","1740","0","5","(31090501,1,31102229,1,31090502,2)","39000080","65","(76991150,76991151,76991152,76991153)"
"157001338","3","3","90203973","91290643","6300","6800","(31100079,1,31020005,21,31010058,5,31000061,1)","1890","0","5","(31090501,1,31102239,1,31090502,2)","39000080","65","(76991150,76991151,76991152,76991153)"
"157001339","3","3","90203974","91290644","6800","7300","(31100079,1,31020005,21,31010058,5,31000061,1)","2040","0","5","(31090501,1,31102249,1,31090502,2)","39000080","65","(76991150,76991151,76991152,76991153)"
"157001340","3","3","90203975","91290645","7300","7900","(31100080,1,31020005,30,31010058,6,31000061,1)","2190","90203637","5","(31090501,1,31102504,1,31000166,3)","39000081","50","(76991154,76991155,76991156,76991157)"
"157001341","3","3","90203976","91290646","7900","8500","(31100080,1,31020005,30,31010058,6,31000061,1)","2370","0","5","(31090501,1,31102509,1,31000166,3)","39000081","50","(76991154,76991155,76991156,76991157)"
"157001342","3","3","90203977","91290647","8500","9200","(31100080,1,31020005,30,31010058,6,31000061,1)","2550","0","5","(31090501,1,31102514,1,31000166,3)","39000081","50","(76991154,76991155,76991156,76991157)"
"157001343","3","3","90203978","91290648","9200","10000","(31100080,1,31020005,30,31010058,6,31000061,1)","2760","0","5","(31090501,1,31102519,1,31000166,3)","39000081","50","(76991154,76991155,76991156,76991157)"
"157001344","3","3","90203979","91290649","10000","999999","(31100080,1,31020005,30,31010058,6,31000061,1)","3000","0","5","(31090501,1,31102524,1,31000166,3)","39000081","50","(76991154,76991155,76991156,76991157)"
"157001345","3","4","90203952","91290622","0","100","(31020005,6,31010058,1,31000061,1)","0","90203632","5","(31140133,1,31102501,1,31090502,1)","0","100","(76991134,76991135,76991136,76991137)"
"157001346","3","4","90203953","91290623","100","200","(31020005,6,31010058,1,31000061,1)","0","0","5","(31140133,1,31102511,1,31090502,1)","0","100","(76991134,76991135,76991136,76991137)"
"157001347","3","4","90203954","91290624","200","300","(31020005,6,31010058,1,31000061,1)","0","0","5","(31140133,1,31102521,1,31090502,1)","0","100","(76991134,76991135,76991136,76991137)"
"157001348","3","4","90203955","91290625","300","500","(31020005,9,31010058,2,31000061,1)","90","90203633","5","(31140134,1,31102502,1,31090502,1)","0","100","(76991138,76991139,76991140,76991141)"
"157001349","3","4","90203956","91290626","500","700","(31020005,9,31010058,2,31000061,1)","150","0","5","(31140134,1,31102507,1,31090502,1)","0","100","(76991138,76991139,76991140,76991141)"
"157001350","3","4","90203957","91290627","700","900","(31020005,9,31010058,2,31000061,1)","210","0","5","(31140134,1,31102512,1,31090502,1)","0","100","(76991138,76991139,76991140,76991141)"
"157001351","3","4","90203958","91290628","900","1100","(31020005,9,31010058,2,31000061,1)","270","0","5","(31140134,1,31102517,1,31090502,1)","0","100","(76991138,76991139,76991140,76991141)"
"157001352","3","4","90203959","91290629","1100","1300","(31020005,9,31010058,2,31000061,1)","330","0","5","(31140134,1,31102522,1,31090502,1)","0","100","(76991138,76991139,76991140,76991141)"
"157001353","3","4","90203960","91290630","1300","1600","(31020005,15,31010058,3,31000061,1)","390","90203634","5","(31090501,1,31102208,1,31090502,1)","0","100","(76991142,76991143,76991144,76991145)"
"157001354","3","4","90203961","91290631","1600","1900","(31020005,15,31010058,3,31000061,1)","480","0","5","(31090501,1,31102218,1,31090502,1)","0","100","(76991142,76991143,76991144,76991145)"
"157001355","3","4","90203962","91290632","1900","2200","(31020005,15,31010058,3,31000061,1)","570","0","5","(31090501,1,31102228,1,31090502,1)","0","100","(76991142,76991143,76991144,76991145)"
"157001356","3","4","90203963","91290633","2200","2500","(31020005,15,31010058,3,31000061,1)","660","0","5","(31090501,1,31102238,1,31090502,1)","0","100","(76991142,76991143,76991144,76991145)"
"157001357","3","4","90203964","91290634","2500","2800","(31020005,15,31010058,3,31000061,1)","750","0","5","(31090501,1,31102248,1,31090502,1)","0","100","(76991142,76991143,76991144,76991145)"
"157001358","3","4","90203965","91290635","2800","3200","(31100078,1,31020005,15,31010058,4,31000061,1)","840","90203635","5","(31090501,1,31102503,1,31090502,2)","39000079","80","(76991146,76991147,76991148,76991149)"
"157001359","3","4","90203966","91290636","3200","3600","(31100078,1,31020005,15,31010058,4,31000061,1)","960","0","5","(31090501,1,31102508,1,31090502,2)","39000079","80","(76991146,76991147,76991148,76991149)"
"157001360","3","4","90203967","91290637","3600","4000","(31100078,1,31020005,15,31010058,4,31000061,1)","1080","0","5","(31090501,1,31102513,1,31090502,2)","39000079","80","(76991146,76991147,76991148,76991149)"
"157001361","3","4","90203968","91290638","4000","4400","(31100078,1,31020005,15,31010058,4,31000061,1)","1200","0","5","(31090501,1,31102518,1,31090502,2)","39000079","80","(76991146,76991147,76991148,76991149)"
"157001362","3","4","90203969","91290639","4400","4800","(31100078,1,31020005,15,31010058,4,31000061,1)","1320","0","5","(31090501,1,31102523,1,31090502,2)","39000079","80","(76991146,76991147,76991148,76991149)"
"157001363","3","4","90203970","91290640","4800","5300","(31100079,1,31020005,21,31010058,5,31000061,1)","1440","90203636","5","(31090501,1,31102209,1,31090502,2)","39000080","65","(76991150,76991151,76991152,76991153)"
"157001364","3","4","90203971","91290641","5300","5800","(31100079,1,31020005,21,31010058,5,31000061,1)","1590","0","5","(31090501,1,31102219,1,31090502,2)","39000080","65","(76991150,76991151,76991152,76991153)"
"157001365","3","4","90203972","91290642","5800","6300","(31100079,1,31020005,21,31010058,5,31000061,1)","1740","0","5","(31090501,1,31102229,1,31090502,2)","39000080","65","(76991150,76991151,76991152,76991153)"
"157001366","3","4","90203973","91290643","6300","6800","(31100079,1,31020005,21,31010058,5,31000061,1)","1890","0","5","(31090501,1,31102239,1,31090502,2)","39000080","65","(76991150,76991151,76991152,76991153)"
"157001367","3","4","90203974","91290644","6800","7300","(31100079,1,31020005,21,31010058,5,31000061,1)","2040","0","5","(31090501,1,31102249,1,31090502,2)","39000080","65","(76991150,76991151,76991152,76991153)"
"157001368","3","4","90203975","91290645","7300","7900","(31100080,1,31020005,30,31010058,6,31000061,1)","2190","90203637","5","(31090501,1,31102504,1,31000166,3)","39000081","50","(76991154,76991155,76991156,76991157)"
"157001369","3","4","90203976","91290646","7900","8500","(31100080,1,31020005,30,31010058,6,31000061,1)","2370","0","5","(31090501,1,31102509,1,31000166,3)","39000081","50","(76991154,76991155,76991156,76991157)"
"157001370","3","4","90203977","91290647","8500","9200","(31100080,1,31020005,30,31010058,6,31000061,1)","2550","0","5","(31090501,1,31102514,1,31000166,3)","39000081","50","(76991154,76991155,76991156,76991157)"
"157001371","3","4","90203978","91290648","9200","10000","(31100080,1,31020005,30,31010058,6,31000061,1)","2760","0","5","(31090501,1,31102519,1,31000166,3)","39000081","50","(76991154,76991155,76991156,76991157)"
"157001372","3","4","90203979","91290649","10000","999999","(31100080,1,31020005,30,31010058,6,31000061,1)","3000","0","5","(31090501,1,31102524,1,31000166,3)","39000081","50","(76991154,76991155,76991156,76991157)"
"157001373","3","5","90203952","91290622","0","100","(31020005,6,31010058,1,31000061,1)","0","90203632","5","(31140133,1,31102501,1,31090502,1)","0","100","(76991134,76991135,76991136,76991137)"
"157001374","3","5","90203953","91290623","100","200","(31020005,6,31010058,1,31000061,1)","0","0","5","(31140133,1,31102511,1,31090502,1)","0","100","(76991134,76991135,76991136,76991137)"
"157001375","3","5","90203954","91290624","200","300","(31020005,6,31010058,1,31000061,1)","0","0","5","(31140133,1,31102521,1,31090502,1)","0","100","(76991134,76991135,76991136,76991137)"
"157001376","3","5","90203955","91290625","300","500","(31020005,9,31010058,2,31000061,1)","90","90203633","5","(31140134,1,31102502,1,31090502,1)","0","100","(76991138,76991139,76991140,76991141)"
"157001377","3","5","90203956","91290626","500","700","(31020005,9,31010058,2,31000061,1)","150","0","5","(31140134,1,31102507,1,31090502,1)","0","100","(76991138,76991139,76991140,76991141)"
"157001378","3","5","90203957","91290627","700","900","(31020005,9,31010058,2,31000061,1)","210","0","5","(31140134,1,31102512,1,31090502,1)","0","100","(76991138,76991139,76991140,76991141)"
"157001379","3","5","90203958","91290628","900","1100","(31020005,9,31010058,2,31000061,1)","270","0","5","(31140134,1,31102517,1,31090502,1)","0","100","(76991138,76991139,76991140,76991141)"
"157001380","3","5","90203959","91290629","1100","1300","(31020005,9,31010058,2,31000061,1)","330","0","5","(31140134,1,31102522,1,31090502,1)","0","100","(76991138,76991139,76991140,76991141)"
"157001381","3","5","90203960","91290630","1300","1600","(31020005,15,31010058,3,31000061,1)","390","90203634","5","(31090501,1,31102208,1,31090502,1)","0","100","(76991142,76991143,76991144,76991145)"
"157001382","3","5","90203961","91290631","1600","1900","(31020005,15,31010058,3,31000061,1)","480","0","5","(31090501,1,31102218,1,31090502,1)","0","100","(76991142,76991143,76991144,76991145)"
"157001383","3","5","90203962","91290632","1900","2200","(31020005,15,31010058,3,31000061,1)","570","0","5","(31090501,1,31102228,1,31090502,1)","0","100","(76991142,76991143,76991144,76991145)"
"157001384","3","5","90203963","91290633","2200","2500","(31020005,15,31010058,3,31000061,1)","660","0","5","(31090501,1,31102238,1,31090502,1)","0","100","(76991142,76991143,76991144,76991145)"
"157001385","3","5","90203964","91290634","2500","2800","(31020005,15,31010058,3,31000061,1)","750","0","5","(31090501,1,31102248,1,31090502,1)","0","100","(76991142,76991143,76991144,76991145)"
"157001386","3","5","90203965","91290635","2800","3200","(31100078,1,31020005,15,31010058,4,31000061,1)","840","90203635","5","(31090501,1,31102503,1,31090502,2)","39000079","80","(76991146,76991147,76991148,76991149)"
"157001387","3","5","90203966","91290636","3200","3600","(31100078,1,31020005,15,31010058,4,31000061,1)","960","0","5","(31090501,1,31102508,1,31090502,2)","39000079","80","(76991146,76991147,76991148,76991149)"
"157001388","3","5","90203967","91290637","3600","4000","(31100078,1,31020005,15,31010058,4,31000061,1)","1080","0","5","(31090501,1,31102513,1,31090502,2)","39000079","80","(76991146,76991147,76991148,76991149)"
"157001389","3","5","90203968","91290638","4000","4400","(31100078,1,31020005,15,31010058,4,31000061,1)","1200","0","5","(31090501,1,31102518,1,31090502,2)","39000079","80","(76991146,76991147,76991148,76991149)"
"157001390","3","5","90203969","91290639","4400","4800","(31100078,1,31020005,15,31010058,4,31000061,1)","1320","0","5","(31090501,1,31102523,1,31090502,2)","39000079","80","(76991146,76991147,76991148,76991149)"
"157001391","3","5","90203970","91290640","4800","5300","(31100079,1,31020005,21,31010058,5,31000061,1)","1440","90203636","5","(31090501,1,31102209,1,31090502,2)","39000080","65","(76991150,76991151,76991152,76991153)"
"157001392","3","5","90203971","91290641","5300","5800","(31100079,1,31020005,21,31010058,5,31000061,1)","1590","0","5","(31090501,1,31102219,1,31090502,2)","39000080","65","(76991150,76991151,76991152,76991153)"
"157001393","3","5","90203972","91290642","5800","6300","(31100079,1,31020005,21,31010058,5,31000061,1)","1740","0","5","(31090501,1,31102229,1,31090502,2)","39000080","65","(76991150,76991151,76991152,76991153)"
"157001394","3","5","90203973","91290643","6300","6800","(31100079,1,31020005,21,31010058,5,31000061,1)","1890","0","5","(31090501,1,31102239,1,31090502,2)","39000080","65","(76991150,76991151,76991152,76991153)"
"157001395","3","5","90203974","91290644","6800","7300","(31100079,1,31020005,21,31010058,5,31000061,1)","2040","0","5","(31090501,1,31102249,1,31090502,2)","39000080","65","(76991150,76991151,76991152,76991153)"
"157001396","3","5","90203975","91290645","7300","7900","(31100080,1,31020005,30,31010058,6,31000061,1)","2190","90203637","5","(31090501,1,31102504,1,31000166,3)","39000081","50","(76991154,76991155,76991156,76991157)"
"157001397","3","5","90203976","91290646","7900","8500","(31100080,1,31020005,30,31010058,6,31000061,1)","2370","0","5","(31090501,1,31102509,1,31000166,3)","39000081","50","(76991154,76991155,76991156,76991157)"
"157001398","3","5","90203977","91290647","8500","9200","(31100080,1,31020005,30,31010058,6,31000061,1)","2550","0","5","(31090501,1,31102514,1,31000166,3)","39000081","50","(76991154,76991155,76991156,76991157)"
"157001399","3","5","90203978","91290648","9200","10000","(31100080,1,31020005,30,31010058,6,31000061,1)","2760","0","5","(31090501,1,31102519,1,31000166,3)","39000081","50","(76991154,76991155,76991156,76991157)"
"157001400","3","5","90203979","91290649","10000","999999","(31100080,1,31020005,30,31010058,6,31000061,1)","3000","0","5","(31090501,1,31102524,1,31000166,3)","39000081","50","(76991154,76991155,76991156,76991157)"
"157001401","3","6","90203952","91290622","0","100","(31020005,6,31010058,1,31000061,1)","0","90203632","5","(31140133,1,31102501,1,31090502,1)","0","100","(76991134,76991135,76991136,76991137)"
"157001402","3","6","90203953","91290623","100","200","(31020005,6,31010058,1,31000061,1)","0","0","5","(31140133,1,31102511,1,31090502,1)","0","100","(76991134,76991135,76991136,76991137)"
"157001403","3","6","90203954","91290624","200","300","(31020005,6,31010058,1,31000061,1)","0","0","5","(31140133,1,31102521,1,31090502,1)","0","100","(76991134,76991135,76991136,76991137)"
"157001404","3","6","90203955","91290625","300","500","(31020005,9,31010058,2,31000061,1)","90","90203633","5","(31140134,1,31102502,1,31090502,1)","0","100","(76991138,76991139,76991140,76991141)"
"157001405","3","6","90203956","91290626","500","700","(31020005,9,31010058,2,31000061,1)","150","0","5","(31140134,1,31102507,1,31090502,1)","0","100","(76991138,76991139,76991140,76991141)"
"157001406","3","6","90203957","91290627","700","900","(31020005,9,31010058,2,31000061,1)","210","0","5","(31140134,1,31102512,1,31090502,1)","0","100","(76991138,76991139,76991140,76991141)"
"157001407","3","6","90203958","91290628","900","1100","(31020005,9,31010058,2,31000061,1)","270","0","5","(31140134,1,31102517,1,31090502,1)","0","100","(76991138,76991139,76991140,76991141)"
"157001408","3","6","90203959","91290629","1100","1300","(31020005,9,31010058,2,31000061,1)","330","0","5","(31140134,1,31102522,1,31090502,1)","0","100","(76991138,76991139,76991140,76991141)"
"157001409","3","6","90203960","91290630","1300","1600","(31020005,15,31010058,3,31000061,1)","390","90203634","5","(31090501,1,31102208,1,31090502,1)","0","100","(76991142,76991143,76991144,76991145)"
"157001410","3","6","90203961","91290631","1600","1900","(31020005,15,31010058,3,31000061,1)","480","0","5","(31090501,1,31102218,1,31090502,1)","0","100","(76991142,76991143,76991144,76991145)"
"157001411","3","6","90203962","91290632","1900","2200","(31020005,15,31010058,3,31000061,1)","570","0","5","(31090501,1,31102228,1,31090502,1)","0","100","(76991142,76991143,76991144,76991145)"
"157001412","3","6","90203963","91290633","2200","2500","(31020005,15,31010058,3,31000061,1)","660","0","5","(31090501,1,31102238,1,31090502,1)","0","100","(76991142,76991143,76991144,76991145)"
"157001413","3","6","90203964","91290634","2500","2800","(31020005,15,31010058,3,31000061,1)","750","0","5","(31090501,1,31102248,1,31090502,1)","0","100","(76991142,76991143,76991144,76991145)"
"157001414","3","6","90203965","91290635","2800","3200","(31100078,1,31020005,15,31010058,4,31000061,1)","840","90203635","5","(31090501,1,31102503,1,31090502,2)","39000079","80","(76991146,76991147,76991148,76991149)"
"157001415","3","6","90203966","91290636","3200","3600","(31100078,1,31020005,15,31010058,4,31000061,1)","960","0","5","(31090501,1,31102508,1,31090502,2)","39000079","80","(76991146,76991147,76991148,76991149)"
"157001416","3","6","90203967","91290637","3600","4000","(31100078,1,31020005,15,31010058,4,31000061,1)","1080","0","5","(31090501,1,31102513,1,31090502,2)","39000079","80","(76991146,76991147,76991148,76991149)"
"157001417","3","6","90203968","91290638","4000","4400","(31100078,1,31020005,15,31010058,4,31000061,1)","1200","0","5","(31090501,1,31102518,1,31090502,2)","39000079","80","(76991146,76991147,76991148,76991149)"
"157001418","3","6","90203969","91290639","4400","4800","(31100078,1,31020005,15,31010058,4,31000061,1)","1320","0","5","(31090501,1,31102523,1,31090502,2)","39000079","80","(76991146,76991147,76991148,76991149)"
"157001419","3","6","90203970","91290640","4800","5300","(31100079,1,31020005,21,31010058,5,31000061,1)","1440","90203636","5","(31090501,1,31102209,1,31090502,2)","39000080","65","(76991150,76991151,76991152,76991153)"
"157001420","3","6","90203971","91290641","5300","5800","(31100079,1,31020005,21,31010058,5,31000061,1)","1590","0","5","(31090501,1,31102219,1,31090502,2)","39000080","65","(76991150,76991151,76991152,76991153)"
"157001421","3","6","90203972","91290642","5800","6300","(31100079,1,31020005,21,31010058,5,31000061,1)","1740","0","5","(31090501,1,31102229,1,31090502,2)","39000080","65","(76991150,76991151,76991152,76991153)"
"157001422","3","6","90203973","91290643","6300","6800","(31100079,1,31020005,21,31010058,5,31000061,1)","1890","0","5","(31090501,1,31102239,1,31090502,2)","39000080","65","(76991150,76991151,76991152,76991153)"
"157001423","3","6","90203974","91290644","6800","7300","(31100079,1,31020005,21,31010058,5,31000061,1)","2040","0","5","(31090501,1,31102249,1,31090502,2)","39000080","65","(76991150,76991151,76991152,76991153)"
"157001424","3","6","90203975","91290645","7300","7900","(31100080,1,31020005,30,31010058,6,31000061,1)","2190","90203637","5","(31090501,1,31102504,1,31000166,3)","39000081","50","(76991154,76991155,76991156,76991157)"
"157001425","3","6","90203976","91290646","7900","8500","(31100080,1,31020005,30,31010058,6,31000061,1)","2370","0","5","(31090501,1,31102509,1,31000166,3)","39000081","50","(76991154,76991155,76991156,76991157)"
"157001426","3","6","90203977","91290647","8500","9200","(31100080,1,31020005,30,31010058,6,31000061,1)","2550","0","5","(31090501,1,31102514,1,31000166,3)","39000081","50","(76991154,76991155,76991156,76991157)"
"157001427","3","6","90203978","91290648","9200","10000","(31100080,1,31020005,30,31010058,6,31000061,1)","2760","0","5","(31090501,1,31102519,1,31000166,3)","39000081","50","(76991154,76991155,76991156,76991157)"
"157001428","3","6","90203979","91290649","10000","999999","(31100080,1,31020005,30,31010058,6,31000061,1)","3000","0","5","(31090501,1,31102524,1,31000166,3)","39000081","50","(76991154,76991155,76991156,76991157)"
"157001429","3","7","90203952","91290622","0","100","(31020005,6,31010058,1,31000061,1)","0","90203632","5","(31140133,1,31102501,1,31090502,1)","0","100","(76991134,76991135,76991136,76991137)"
"157001430","3","7","90203953","91290623","100","200","(31020005,6,31010058,1,31000061,1)","0","0","5","(31140133,1,31102511,1,31090502,1)","0","100","(76991134,76991135,76991136,76991137)"
"157001431","3","7","90203954","91290624","200","300","(31020005,6,31010058,1,31000061,1)","0","0","5","(31140133,1,31102521,1,31090502,1)","0","100","(76991134,76991135,76991136,76991137)"
"157001432","3","7","90203955","91290625","300","500","(31020005,9,31010058,2,31000061,1)","90","90203633","5","(31140134,1,31102502,1,31090502,1)","0","100","(76991138,76991139,76991140,76991141)"
"157001433","3","7","90203956","91290626","500","700","(31020005,9,31010058,2,31000061,1)","150","0","5","(31140134,1,31102507,1,31090502,1)","0","100","(76991138,76991139,76991140,76991141)"
"157001434","3","7","90203957","91290627","700","900","(31020005,9,31010058,2,31000061,1)","210","0","5","(31140134,1,31102512,1,31090502,1)","0","100","(76991138,76991139,76991140,76991141)"
"157001435","3","7","90203958","91290628","900","1100","(31020005,9,31010058,2,31000061,1)","270","0","5","(31140134,1,31102517,1,31090502,1)","0","100","(76991138,76991139,76991140,76991141)"
"157001436","3","7","90203959","91290629","1100","1300","(31020005,9,31010058,2,31000061,1)","330","0","5","(31140134,1,31102522,1,31090502,1)","0","100","(76991138,76991139,76991140,76991141)"
"157001437","3","7","90203960","91290630","1300","1600","(31020005,15,31010058,3,31000061,1)","390","90203634","5","(31090501,1,31102208,1,31090502,1)","0","100","(76991142,76991143,76991144,76991145)"
"157001438","3","7","90203961","91290631","1600","1900","(31020005,15,31010058,3,31000061,1)","480","0","5","(31090501,1,31102218,1,31090502,1)","0","100","(76991142,76991143,76991144,76991145)"
"157001439","3","7","90203962","91290632","1900","2200","(31020005,15,31010058,3,31000061,1)","570","0","5","(31090501,1,31102228,1,31090502,1)","0","100","(76991142,76991143,76991144,76991145)"
"157001440","3","7","90203963","91290633","2200","2500","(31020005,15,31010058,3,31000061,1)","660","0","5","(31090501,1,31102238,1,31090502,1)","0","100","(76991142,76991143,76991144,76991145)"
"157001441","3","7","90203964","91290634","2500","2800","(31020005,15,31010058,3,31000061,1)","750","0","5","(31090501,1,31102248,1,31090502,1)","0","100","(76991142,76991143,76991144,76991145)"
"157001442","3","7","90203965","91290635","2800","3200","(31100078,1,31020005,15,31010058,4,31000061,1)","840","90203635","5","(31090501,1,31102503,1,31090502,2)","39000079","80","(76991146,76991147,76991148,76991149)"
"157001443","3","7","90203966","91290636","3200","3600","(31100078,1,31020005,15,31010058,4,31000061,1)","960","0","5","(31090501,1,31102508,1,31090502,2)","39000079","80","(76991146,76991147,76991148,76991149)"
"157001444","3","7","90203967","91290637","3600","4000","(31100078,1,31020005,15,31010058,4,31000061,1)","1080","0","5","(31090501,1,31102513,1,31090502,2)","39000079","80","(76991146,76991147,76991148,76991149)"
"157001445","3","7","90203968","91290638","4000","4400","(31100078,1,31020005,15,31010058,4,31000061,1)","1200","0","5","(31090501,1,31102518,1,31090502,2)","39000079","80","(76991146,76991147,76991148,76991149)"
"157001446","3","7","90203969","91290639","4400","4800","(31100078,1,31020005,15,31010058,4,31000061,1)","1320","0","5","(31090501,1,31102523,1,31090502,2)","39000079","80","(76991146,76991147,76991148,76991149)"
"157001447","3","7","90203970","91290640","4800","5300","(31100079,1,31020005,21,31010058,5,31000061,1)","1440","90203636","5","(31090501,1,31102209,1,31090502,2)","39000080","65","(76991150,76991151,76991152,76991153)"
"157001448","3","7","90203971","91290641","5300","5800","(31100079,1,31020005,21,31010058,5,31000061,1)","1590","0","5","(31090501,1,31102219,1,31090502,2)","39000080","65","(76991150,76991151,76991152,76991153)"
"157001449","3","7","90203972","91290642","5800","6300","(31100079,1,31020005,21,31010058,5,31000061,1)","1740","0","5","(31090501,1,31102229,1,31090502,2)","39000080","65","(76991150,76991151,76991152,76991153)"
"157001450","3","7","90203973","91290643","6300","6800","(31100079,1,31020005,21,31010058,5,31000061,1)","1890","0","5","(31090501,1,31102239,1,31090502,2)","39000080","65","(76991150,76991151,76991152,76991153)"
"157001451","3","7","90203974","91290644","6800","7300","(31100079,1,31020005,21,31010058,5,31000061,1)","2040","0","5","(31090501,1,31102249,1,31090502,2)","39000080","65","(76991150,76991151,76991152,76991153)"
"157001452","3","7","90203975","91290645","7300","7900","(31100080,1,31020005,30,31010058,6,31000061,1)","2190","90203637","5","(31090501,1,31102504,1,31000166,3)","39000081","50","(76991154,76991155,76991156,76991157)"
"157001453","3","7","90203976","91290646","7900","8500","(31100080,1,31020005,30,31010058,6,31000061,1)","2370","0","5","(31090501,1,31102509,1,31000166,3)","39000081","50","(76991154,76991155,76991156,76991157)"
"157001454","3","7","90203977","91290647","8500","9200","(31100080,1,31020005,30,31010058,6,31000061,1)","2550","0","5","(31090501,1,31102514,1,31000166,3)","39000081","50","(76991154,76991155,76991156,76991157)"
"157001455","3","7","90203978","91290648","9200","10000","(31100080,1,31020005,30,31010058,6,31000061,1)","2760","0","5","(31090501,1,31102519,1,31000166,3)","39000081","50","(76991154,76991155,76991156,76991157)"
"157001456","3","7","90203979","91290649","10000","999999","(31100080,1,31020005,30,31010058,6,31000061,1)","3000","0","5","(31090501,1,31102524,1,31000166,3)","39000081","50","(76991154,76991155,76991156,76991157)"
"157001457","3","8","90203952","91290622","0","100","(31020005,6,31010058,1,31000061,1)","0","90203632","5","(31140133,1,31102501,1,31090502,1)","0","100","(76991134,76991135,76991136,76991137)"
"157001458","3","8","90203953","91290623","100","200","(31020005,6,31010058,1,31000061,1)","0","0","5","(31140133,1,31102511,1,31090502,1)","0","100","(76991134,76991135,76991136,76991137)"
"157001459","3","8","90203954","91290624","200","300","(31020005,6,31010058,1,31000061,1)","0","0","5","(31140133,1,31102521,1,31090502,1)","0","100","(76991134,76991135,76991136,76991137)"
"157001460","3","8","90203955","91290625","300","500","(31020005,9,31010058,2,31000061,1)","90","90203633","5","(31140134,1,31102502,1,31090502,1)","0","100","(76991138,76991139,76991140,76991141)"
"157001461","3","8","90203956","91290626","500","700","(31020005,9,31010058,2,31000061,1)","150","0","5","(31140134,1,31102507,1,31090502,1)","0","100","(76991138,76991139,76991140,76991141)"
"157001462","3","8","90203957","91290627","700","900","(31020005,9,31010058,2,31000061,1)","210","0","5","(31140134,1,31102512,1,31090502,1)","0","100","(76991138,76991139,76991140,76991141)"
"157001463","3","8","90203958","91290628","900","1100","(31020005,9,31010058,2,31000061,1)","270","0","5","(31140134,1,31102517,1,31090502,1)","0","100","(76991138,76991139,76991140,76991141)"
"157001464","3","8","90203959","91290629","1100","1300","(31020005,9,31010058,2,31000061,1)","330","0","5","(31140134,1,31102522,1,31090502,1)","0","100","(76991138,76991139,76991140,76991141)"
"157001465","3","8","90203960","91290630","1300","1600","(31020005,15,31010058,3,31000061,1)","390","90203634","5","(31090501,1,31102208,1,31090502,1)","0","100","(76991142,76991143,76991144,76991145)"
"157001466","3","8","90203961","91290631","1600","1900","(31020005,15,31010058,3,31000061,1)","480","0","5","(31090501,1,31102218,1,31090502,1)","0","100","(76991142,76991143,76991144,76991145)"
"157001467","3","8","90203962","91290632","1900","2200","(31020005,15,31010058,3,31000061,1)","570","0","5","(31090501,1,31102228,1,31090502,1)","0","100","(76991142,76991143,76991144,76991145)"
"157001468","3","8","90203963","91290633","2200","2500","(31020005,15,31010058,3,31000061,1)","660","0","5","(31090501,1,31102238,1,31090502,1)","0","100","(76991142,76991143,76991144,76991145)"
"157001469","3","8","90203964","91290634","2500","2800","(31020005,15,31010058,3,31000061,1)","750","0","5","(31090501,1,31102248,1,31090502,1)","0","100","(76991142,76991143,76991144,76991145)"
"157001470","3","8","90203965","91290635","2800","3200","(31100078,1,31020005,15,31010058,4,31000061,1)","840","90203635","5","(31090501,1,31102503,1,31090502,2)","39000079","80","(76991146,76991147,76991148,76991149)"
"157001471","3","8","90203966","91290636","3200","3600","(31100078,1,31020005,15,31010058,4,31000061,1)","960","0","5","(31090501,1,31102508,1,31090502,2)","39000079","80","(76991146,76991147,76991148,76991149)"
"157001472","3","8","90203967","91290637","3600","4000","(31100078,1,31020005,15,31010058,4,31000061,1)","1080","0","5","(31090501,1,31102513,1,31090502,2)","39000079","80","(76991146,76991147,76991148,76991149)"
"157001473","3","8","90203968","91290638","4000","4400","(31100078,1,31020005,15,31010058,4,31000061,1)","1200","0","5","(31090501,1,31102518,1,31090502,2)","39000079","80","(76991146,76991147,76991148,76991149)"
"157001474","3","8","90203969","91290639","4400","4800","(31100078,1,31020005,15,31010058,4,31000061,1)","1320","0","5","(31090501,1,31102523,1,31090502,2)","39000079","80","(76991146,76991147,76991148,76991149)"
"157001475","3","8","90203970","91290640","4800","5300","(31100079,1,31020005,21,31010058,5,31000061,1)","1440","90203636","5","(31090501,1,31102209,1,31090502,2)","39000080","65","(76991150,76991151,76991152,76991153)"
"157001476","3","8","90203971","91290641","5300","5800","(31100079,1,31020005,21,31010058,5,31000061,1)","1590","0","5","(31090501,1,31102219,1,31090502,2)","39000080","65","(76991150,76991151,76991152,76991153)"
"157001477","3","8","90203972","91290642","5800","6300","(31100079,1,31020005,21,31010058,5,31000061,1)","1740","0","5","(31090501,1,31102229,1,31090502,2)","39000080","65","(76991150,76991151,76991152,76991153)"
"157001478","3","8","90203973","91290643","6300","6800","(31100079,1,31020005,21,31010058,5,31000061,1)","1890","0","5","(31090501,1,31102239,1,31090502,2)","39000080","65","(76991150,76991151,76991152,76991153)"
"157001479","3","8","90203974","91290644","6800","7300","(31100079,1,31020005,21,31010058,5,31000061,1)","2040","0","5","(31090501,1,31102249,1,31090502,2)","39000080","65","(76991150,76991151,76991152,76991153)"
"157001480","3","8","90203975","91290645","7300","7900","(31100080,1,31020005,30,31010058,6,31000061,1)","2190","90203637","5","(31090501,1,31102504,1,31000166,3)","39000081","50","(76991154,76991155,76991156,76991157)"
"157001481","3","8","90203976","91290646","7900","8500","(31100080,1,31020005,30,31010058,6,31000061,1)","2370","0","5","(31090501,1,31102509,1,31000166,3)","39000081","50","(76991154,76991155,76991156,76991157)"
"157001482","3","8","90203977","91290647","8500","9200","(31100080,1,31020005,30,31010058,6,31000061,1)","2550","0","5","(31090501,1,31102514,1,31000166,3)","39000081","50","(76991154,76991155,76991156,76991157)"
"157001483","3","8","90203978","91290648","9200","10000","(31100080,1,31020005,30,31010058,6,31000061,1)","2760","0","5","(31090501,1,31102519,1,31000166,3)","39000081","50","(76991154,76991155,76991156,76991157)"
"157001484","3","8","90203979","91290649","10000","999999","(31100080,1,31020005,30,31010058,6,31000061,1)","3000","0","5","(31090501,1,31102524,1,31000166,3)","39000081","50","(76991154,76991155,76991156,76991157)"
"157001485","3","9","90203952","91290622","0","100","(31020005,6,31010058,1,31000061,1)","0","90203632","5","(31140133,1,31102501,1,31090502,1)","0","100","(76991134,76991135,76991136,76991137)"
"157001486","3","9","90203953","91290623","100","200","(31020005,6,31010058,1,31000061,1)","0","0","5","(31140133,1,31102511,1,31090502,1)","0","100","(76991134,76991135,76991136,76991137)"
"157001487","3","9","90203954","91290624","200","300","(31020005,6,31010058,1,31000061,1)","0","0","5","(31140133,1,31102521,1,31090502,1)","0","100","(76991134,76991135,76991136,76991137)"
"157001488","3","9","90203955","91290625","300","500","(31020005,9,31010058,2,31000061,1)","90","90203633","5","(31140134,1,31102502,1,31090502,1)","0","100","(76991138,76991139,76991140,76991141)"
"157001489","3","9","90203956","91290626","500","700","(31020005,9,31010058,2,31000061,1)","150","0","5","(31140134,1,31102507,1,31090502,1)","0","100","(76991138,76991139,76991140,76991141)"
"157001490","3","9","90203957","91290627","700","900","(31020005,9,31010058,2,31000061,1)","210","0","5","(31140134,1,31102512,1,31090502,1)","0","100","(76991138,76991139,76991140,76991141)"
"157001491","3","9","90203958","91290628","900","1100","(31020005,9,31010058,2,31000061,1)","270","0","5","(31140134,1,31102517,1,31090502,1)","0","100","(76991138,76991139,76991140,76991141)"
"157001492","3","9","90203959","91290629","1100","1300","(31020005,9,31010058,2,31000061,1)","330","0","5","(31140134,1,31102522,1,31090502,1)","0","100","(76991138,76991139,76991140,76991141)"
"157001493","3","9","90203960","91290630","1300","1600","(31020005,15,31010058,3,31000061,1)","390","90203634","5","(31090501,1,31102208,1,31090502,1)","0","100","(76991142,76991143,76991144,76991145)"
"157001494","3","9","90203961","91290631","1600","1900","(31020005,15,31010058,3,31000061,1)","480","0","5","(31090501,1,31102218,1,31090502,1)","0","100","(76991142,76991143,76991144,76991145)"
"157001495","3","9","90203962","91290632","1900","2200","(31020005,15,31010058,3,31000061,1)","570","0","5","(31090501,1,31102228,1,31090502,1)","0","100","(76991142,76991143,76991144,76991145)"
"157001496","3","9","90203963","91290633","2200","2500","(31020005,15,31010058,3,31000061,1)","660","0","5","(31090501,1,31102238,1,31090502,1)","0","100","(76991142,76991143,76991144,76991145)"
"157001497","3","9","90203964","91290634","2500","2800","(31020005,15,31010058,3,31000061,1)","750","0","5","(31090501,1,31102248,1,31090502,1)","0","100","(76991142,76991143,76991144,76991145)"
"157001498","3","9","90203965","91290635","2800","3200","(31100078,1,31020005,15,31010058,4,31000061,1)","840","90203635","5","(31090501,1,31102503,1,31090502,2)","39000079","80","(76991146,76991147,76991148,76991149)"
"157001499","3","9","90203966","91290636","3200","3600","(31100078,1,31020005,15,31010058,4,31000061,1)","960","0","5","(31090501,1,31102508,1,31090502,2)","39000079","80","(76991146,76991147,76991148,76991149)"
"157001500","3","9","90203967","91290637","3600","4000","(31100078,1,31020005,15,31010058,4,31000061,1)","1080","0","5","(31090501,1,31102513,1,31090502,2)","39000079","80","(76991146,76991147,76991148,76991149)"
"157001501","3","9","90203968","91290638","4000","4400","(31100078,1,31020005,15,31010058,4,31000061,1)","1200","0","5","(31090501,1,31102518,1,31090502,2)","39000079","80","(76991146,76991147,76991148,76991149)"
"157001502","3","9","90203969","91290639","4400","4800","(31100078,1,31020005,15,31010058,4,31000061,1)","1320","0","5","(31090501,1,31102523,1,31090502,2)","39000079","80","(76991146,76991147,76991148,76991149)"
"157001503","3","9","90203970","91290640","4800","5300","(31100079,1,31020005,21,31010058,5,31000061,1)","1440","90203636","5","(31090501,1,31102209,1,31090502,2)","39000080","65","(76991150,76991151,76991152,76991153)"
"157001504","3","9","90203971","91290641","5300","5800","(31100079,1,31020005,21,31010058,5,31000061,1)","1590","0","5","(31090501,1,31102219,1,31090502,2)","39000080","65","(76991150,76991151,76991152,76991153)"
"157001505","3","9","90203972","91290642","5800","6300","(31100079,1,31020005,21,31010058,5,31000061,1)","1740","0","5","(31090501,1,31102229,1,31090502,2)","39000080","65","(76991150,76991151,76991152,76991153)"
"157001506","3","9","90203973","91290643","6300","6800","(31100079,1,31020005,21,31010058,5,31000061,1)","1890","0","5","(31090501,1,31102239,1,31090502,2)","39000080","65","(76991150,76991151,76991152,76991153)"
"157001507","3","9","90203974","91290644","6800","7300","(31100079,1,31020005,21,31010058,5,31000061,1)","2040","0","5","(31090501,1,31102249,1,31090502,2)","39000080","65","(76991150,76991151,76991152,76991153)"
"157001508","3","9","90203975","91290645","7300","7900","(31100080,1,31020005,30,31010058,6,31000061,1)","2190","90203637","5","(31090501,1,31102504,1,31000166,3)","39000081","50","(76991154,76991155,76991156,76991157)"
"157001509","3","9","90203976","91290646","7900","8500","(31100080,1,31020005,30,31010058,6,31000061,1)","2370","0","5","(31090501,1,31102509,1,31000166,3)","39000081","50","(76991154,76991155,76991156,76991157)"
"157001510","3","9","90203977","91290647","8500","9200","(31100080,1,31020005,30,31010058,6,31000061,1)","2550","0","5","(31090501,1,31102514,1,31000166,3)","39000081","50","(76991154,76991155,76991156,76991157)"
"157001511","3","9","90203978","91290648","9200","10000","(31100080,1,31020005,30,31010058,6,31000061,1)","2760","0","5","(31090501,1,31102519,1,31000166,3)","39000081","50","(76991154,76991155,76991156,76991157)"
"157001512","3","9","90203979","91290649","10000","999999","(31100080,1,31020005,30,31010058,6,31000061,1)","3000","0","5","(31090501,1,31102524,1,31000166,3)","39000081","50","(76991154,76991155,76991156,76991157)"
"157001513","3","10","90203952","91290622","0","100","(31020005,6,31010058,1,31000061,1)","0","90203632","5","(31140133,1,31102501,1,31090502,1)","0","100","(76991134,76991135,76991136,76991137)"
"157001514","3","10","90203953","91290623","100","200","(31020005,6,31010058,1,31000061,1)","0","0","5","(31140133,1,31102511,1,31090502,1)","0","100","(76991134,76991135,76991136,76991137)"
"157001515","3","10","90203954","91290624","200","300","(31020005,6,31010058,1,31000061,1)","0","0","5","(31140133,1,31102521,1,31090502,1)","0","100","(76991134,76991135,76991136,76991137)"
"157001516","3","10","90203955","91290625","300","500","(31020005,9,31010058,2,31000061,1)","90","90203633","5","(31140134,1,31102502,1,31090502,1)","0","100","(76991138,76991139,76991140,76991141)"
"157001517","3","10","90203956","91290626","500","700","(31020005,9,31010058,2,31000061,1)","150","0","5","(31140134,1,31102507,1,31090502,1)","0","100","(76991138,76991139,76991140,76991141)"
"157001518","3","10","90203957","91290627","700","900","(31020005,9,31010058,2,31000061,1)","210","0","5","(31140134,1,31102512,1,31090502,1)","0","100","(76991138,76991139,76991140,76991141)"
"157001519","3","10","90203958","91290628","900","1100","(31020005,9,31010058,2,31000061,1)","270","0","5","(31140134,1,31102517,1,31090502,1)","0","100","(76991138,76991139,76991140,76991141)"
"157001520","3","10","90203959","91290629","1100","1300","(31020005,9,31010058,2,31000061,1)","330","0","5","(31140134,1,31102522,1,31090502,1)","0","100","(76991138,76991139,76991140,76991141)"
"157001521","3","10","90203960","91290630","1300","1600","(31020005,15,31010058,3,31000061,1)","390","90203634","5","(31090501,1,31102208,1,31090502,1)","0","100","(76991142,76991143,76991144,76991145)"
"157001522","3","10","90203961","91290631","1600","1900","(31020005,15,31010058,3,31000061,1)","480","0","5","(31090501,1,31102218,1,31090502,1)","0","100","(76991142,76991143,76991144,76991145)"
"157001523","3","10","90203962","91290632","1900","2200","(31020005,15,31010058,3,31000061,1)","570","0","5","(31090501,1,31102228,1,31090502,1)","0","100","(76991142,76991143,76991144,76991145)"
"157001524","3","10","90203963","91290633","2200","2500","(31020005,15,31010058,3,31000061,1)","660","0","5","(31090501,1,31102238,1,31090502,1)","0","100","(76991142,76991143,76991144,76991145)"
"157001525","3","10","90203964","91290634","2500","2800","(31020005,15,31010058,3,31000061,1)","750","0","5","(31090501,1,31102248,1,31090502,1)","0","100","(76991142,76991143,76991144,76991145)"
"157001526","3","10","90203965","91290635","2800","3200","(31100078,1,31020005,15,31010058,4,31000061,1)","840","90203635","5","(31090501,1,31102503,1,31090502,2)","39000079","80","(76991146,76991147,76991148,76991149)"
"157001527","3","10","90203966","91290636","3200","3600","(31100078,1,31020005,15,31010058,4,31000061,1)","960","0","5","(31090501,1,31102508,1,31090502,2)","39000079","80","(76991146,76991147,76991148,76991149)"
"157001528","3","10","90203967","91290637","3600","4000","(31100078,1,31020005,15,31010058,4,31000061,1)","1080","0","5","(31090501,1,31102513,1,31090502,2)","39000079","80","(76991146,76991147,76991148,76991149)"
"157001529","3","10","90203968","91290638","4000","4400","(31100078,1,31020005,15,31010058,4,31000061,1)","1200","0","5","(31090501,1,31102518,1,31090502,2)","39000079","80","(76991146,76991147,76991148,76991149)"
"157001530","3","10","90203969","91290639","4400","4800","(31100078,1,31020005,15,31010058,4,31000061,1)","1320","0","5","(31090501,1,31102523,1,31090502,2)","39000079","80","(76991146,76991147,76991148,76991149)"
"157001531","3","10","90203970","91290640","4800","5300","(31100079,1,31020005,21,31010058,5,31000061,1)","1440","90203636","5","(31090501,1,31102209,1,31090502,2)","39000080","65","(76991150,76991151,76991152,76991153)"
"157001532","3","10","90203971","91290641","5300","5800","(31100079,1,31020005,21,31010058,5,31000061,1)","1590","0","5","(31090501,1,31102219,1,31090502,2)","39000080","65","(76991150,76991151,76991152,76991153)"
"157001533","3","10","90203972","91290642","5800","6300","(31100079,1,31020005,21,31010058,5,31000061,1)","1740","0","5","(31090501,1,31102229,1,31090502,2)","39000080","65","(76991150,76991151,76991152,76991153)"
"157001534","3","10","90203973","91290643","6300","6800","(31100079,1,31020005,21,31010058,5,31000061,1)","1890","0","5","(31090501,1,31102239,1,31090502,2)","39000080","65","(76991150,76991151,76991152,76991153)"
"157001535","3","10","90203974","91290644","6800","7300","(31100079,1,31020005,21,31010058,5,31000061,1)","2040","0","5","(31090501,1,31102249,1,31090502,2)","39000080","65","(76991150,76991151,76991152,76991153)"
"157001536","3","10","90203975","91290645","7300","7900","(31100080,1,31020005,30,31010058,6,31000061,1)","2190","90203637","5","(31090501,1,31102504,1,31000166,3)","39000081","50","(76991154,76991155,76991156,76991157)"
"157001537","3","10","90203976","91290646","7900","8500","(31100080,1,31020005,30,31010058,6,31000061,1)","2370","0","5","(31090501,1,31102509,1,31000166,3)","39000081","50","(76991154,76991155,76991156,76991157)"
"157001538","3","10","90203977","91290647","8500","9200","(31100080,1,31020005,30,31010058,6,31000061,1)","2550","0","5","(31090501,1,31102514,1,31000166,3)","39000081","50","(76991154,76991155,76991156,76991157)"
"157001539","3","10","90203978","91290648","9200","10000","(31100080,1,31020005,30,31010058,6,31000061,1)","2760","0","5","(31090501,1,31102519,1,31000166,3)","39000081","50","(76991154,76991155,76991156,76991157)"
"157001540","3","10","90203979","91290649","10000","999999","(31100080,1,31020005,30,31010058,6,31000061,1)","3000","0","5","(31090501,1,31102524,1,31000166,3)","39000081","50","(76991154,76991155,76991156,76991157)"
"157001541","3","11","90203952","91290622","0","100","(31020005,6,31010058,1,31000061,1)","0","90203632","5","(31140133,1,31102501,1,31090502,1)","0","100","(76991134,76991135,76991136,76991137)"
"157001542","3","11","90203953","91290623","100","200","(31020005,6,31010058,1,31000061,1)","0","0","5","(31140133,1,31102511,1,31090502,1)","0","100","(76991134,76991135,76991136,76991137)"
"157001543","3","11","90203954","91290624","200","300","(31020005,6,31010058,1,31000061,1)","0","0","5","(31140133,1,31102521,1,31090502,1)","0","100","(76991134,76991135,76991136,76991137)"
"157001544","3","11","90203955","91290625","300","500","(31020005,9,31010058,2,31000061,1)","90","90203633","5","(31140134,1,31102502,1,31090502,1)","0","100","(76991138,76991139,76991140,76991141)"
"157001545","3","11","90203956","91290626","500","700","(31020005,9,31010058,2,31000061,1)","150","0","5","(31140134,1,31102507,1,31090502,1)","0","100","(76991138,76991139,76991140,76991141)"
"157001546","3","11","90203957","91290627","700","900","(31020005,9,31010058,2,31000061,1)","210","0","5","(31140134,1,31102512,1,31090502,1)","0","100","(76991138,76991139,76991140,76991141)"
"157001547","3","11","90203958","91290628","900","1100","(31020005,9,31010058,2,31000061,1)","270","0","5","(31140134,1,31102517,1,31090502,1)","0","100","(76991138,76991139,76991140,76991141)"
"157001548","3","11","90203959","91290629","1100","1300","(31020005,9,31010058,2,31000061,1)","330","0","5","(31140134,1,31102522,1,31090502,1)","0","100","(76991138,76991139,76991140,76991141)"
"157001549","3","11","90203960","91290630","1300","1600","(31020005,15,31010058,3,31000061,1)","390","90203634","5","(31090501,1,31102208,1,31090502,1)","0","100","(76991142,76991143,76991144,76991145)"
"157001550","3","11","90203961","91290631","1600","1900","(31020005,15,31010058,3,31000061,1)","480","0","5","(31090501,1,31102218,1,31090502,1)","0","100","(76991142,76991143,76991144,76991145)"
"157001551","3","11","90203962","91290632","1900","2200","(31020005,15,31010058,3,31000061,1)","570","0","5","(31090501,1,31102228,1,31090502,1)","0","100","(76991142,76991143,76991144,76991145)"
"157001552","3","11","90203963","91290633","2200","2500","(31020005,15,31010058,3,31000061,1)","660","0","5","(31090501,1,31102238,1,31090502,1)","0","100","(76991142,76991143,76991144,76991145)"
"157001553","3","11","90203964","91290634","2500","2800","(31020005,15,31010058,3,31000061,1)","750","0","5","(31090501,1,31102248,1,31090502,1)","0","100","(76991142,76991143,76991144,76991145)"
"157001554","3","11","90203965","91290635","2800","3200","(31100078,1,31020005,15,31010058,4,31000061,1)","840","90203635","5","(31090501,1,31102503,1,31090502,2)","39000079","80","(76991146,76991147,76991148,76991149)"
"157001555","3","11","90203966","91290636","3200","3600","(31100078,1,31020005,15,31010058,4,31000061,1)","960","0","5","(31090501,1,31102508,1,31090502,2)","39000079","80","(76991146,76991147,76991148,76991149)"
"157001556","3","11","90203967","91290637","3600","4000","(31100078,1,31020005,15,31010058,4,31000061,1)","1080","0","5","(31090501,1,31102513,1,31090502,2)","39000079","80","(76991146,76991147,76991148,76991149)"
"157001557","3","11","90203968","91290638","4000","4400","(31100078,1,31020005,15,31010058,4,31000061,1)","1200","0","5","(31090501,1,31102518,1,31090502,2)","39000079","80","(76991146,76991147,76991148,76991149)"
"157001558","3","11","90203969","91290639","4400","4800","(31100078,1,31020005,15,31010058,4,31000061,1)","1320","0","5","(31090501,1,31102523,1,31090502,2)","39000079","80","(76991146,76991147,76991148,76991149)"
"157001559","3","11","90203970","91290640","4800","5300","(31100079,1,31020005,21,31010058,5,31000061,1)","1440","90203636","5","(31090501,1,31102209,1,31090502,2)","39000080","65","(76991150,76991151,76991152,76991153)"
"157001560","3","11","90203971","91290641","5300","5800","(31100079,1,31020005,21,31010058,5,31000061,1)","1590","0","5","(31090501,1,31102219,1,31090502,2)","39000080","65","(76991150,76991151,76991152,76991153)"
"157001561","3","11","90203972","91290642","5800","6300","(31100079,1,31020005,21,31010058,5,31000061,1)","1740","0","5","(31090501,1,31102229,1,31090502,2)","39000080","65","(76991150,76991151,76991152,76991153)"
"157001562","3","11","90203973","91290643","6300","6800","(31100079,1,31020005,21,31010058,5,31000061,1)","1890","0","5","(31090501,1,31102239,1,31090502,2)","39000080","65","(76991150,76991151,76991152,76991153)"
"157001563","3","11","90203974","91290644","6800","7300","(31100079,1,31020005,21,31010058,5,31000061,1)","2040","0","5","(31090501,1,31102249,1,31090502,2)","39000080","65","(76991150,76991151,76991152,76991153)"
"157001564","3","11","90203975","91290645","7300","7900","(31100080,1,31020005,30,31010058,6,31000061,1)","2190","90203637","5","(31090501,1,31102504,1,31000166,3)","39000081","50","(76991154,76991155,76991156,76991157)"
"157001565","3","11","90203976","91290646","7900","8500","(31100080,1,31020005,30,31010058,6,31000061,1)","2370","0","5","(31090501,1,31102509,1,31000166,3)","39000081","50","(76991154,76991155,76991156,76991157)"
"157001566","3","11","90203977","91290647","8500","9200","(31100080,1,31020005,30,31010058,6,31000061,1)","2550","0","5","(31090501,1,31102514,1,31000166,3)","39000081","50","(76991154,76991155,76991156,76991157)"
"157001567","3","11","90203978","91290648","9200","10000","(31100080,1,31020005,30,31010058,6,31000061,1)","2760","0","5","(31090501,1,31102519,1,31000166,3)","39000081","50","(76991154,76991155,76991156,76991157)"
"157001568","3","11","90203979","91290649","10000","999999","(31100080,1,31020005,30,31010058,6,31000061,1)","3000","0","5","(31090501,1,31102524,1,31000166,3)","39000081","50","(76991154,76991155,76991156,76991157)"
"157001569","3","12","90203952","91290622","0","100","(31020005,6,31010058,1,31000061,1)","0","90203632","5","(31140133,1,31102501,1,31090502,1)","0","100","(76991134,76991135,76991136,76991137)"
"157001570","3","12","90203953","91290623","100","200","(31020005,6,31010058,1,31000061,1)","0","0","5","(31140133,1,31102511,1,31090502,1)","0","100","(76991134,76991135,76991136,76991137)"
"157001571","3","12","90203954","91290624","200","300","(31020005,6,31010058,1,31000061,1)","0","0","5","(31140133,1,31102521,1,31090502,1)","0","100","(76991134,76991135,76991136,76991137)"
"157001572","3","12","90203955","91290625","300","500","(31020005,9,31010058,2,31000061,1)","90","90203633","5","(31140134,1,31102502,1,31090502,1)","0","100","(76991138,76991139,76991140,76991141)"
"157001573","3","12","90203956","91290626","500","700","(31020005,9,31010058,2,31000061,1)","150","0","5","(31140134,1,31102507,1,31090502,1)","0","100","(76991138,76991139,76991140,76991141)"
"157001574","3","12","90203957","91290627","700","900","(31020005,9,31010058,2,31000061,1)","210","0","5","(31140134,1,31102512,1,31090502,1)","0","100","(76991138,76991139,76991140,76991141)"
"157001575","3","12","90203958","91290628","900","1100","(31020005,9,31010058,2,31000061,1)","270","0","5","(31140134,1,31102517,1,31090502,1)","0","100","(76991138,76991139,76991140,76991141)"
"157001576","3","12","90203959","91290629","1100","1300","(31020005,9,31010058,2,31000061,1)","330","0","5","(31140134,1,31102522,1,31090502,1)","0","100","(76991138,76991139,76991140,76991141)"
"157001577","3","12","90203960","91290630","1300","1600","(31020005,15,31010058,3,31000061,1)","390","90203634","5","(31090501,1,31102208,1,31090502,1)","0","100","(76991142,76991143,76991144,76991145)"
"157001578","3","12","90203961","91290631","1600","1900","(31020005,15,31010058,3,31000061,1)","480","0","5","(31090501,1,31102218,1,31090502,1)","0","100","(76991142,76991143,76991144,76991145)"
"157001579","3","12","90203962","91290632","1900","2200","(31020005,15,31010058,3,31000061,1)","570","0","5","(31090501,1,31102228,1,31090502,1)","0","100","(76991142,76991143,76991144,76991145)"
"157001580","3","12","90203963","91290633","2200","2500","(31020005,15,31010058,3,31000061,1)","660","0","5","(31090501,1,31102238,1,31090502,1)","0","100","(76991142,76991143,76991144,76991145)"
"157001581","3","12","90203964","91290634","2500","2800","(31020005,15,31010058,3,31000061,1)","750","0","5","(31090501,1,31102248,1,31090502,1)","0","100","(76991142,76991143,76991144,76991145)"
"157001582","3","12","90203965","91290635","2800","3200","(31100078,1,31020005,15,31010058,4,31000061,1)","840","90203635","5","(31090501,1,31102503,1,31090502,2)","39000079","80","(76991146,76991147,76991148,76991149)"
"157001583","3","12","90203966","91290636","3200","3600","(31100078,1,31020005,15,31010058,4,31000061,1)","960","0","5","(31090501,1,31102508,1,31090502,2)","39000079","80","(76991146,76991147,76991148,76991149)"
"157001584","3","12","90203967","91290637","3600","4000","(31100078,1,31020005,15,31010058,4,31000061,1)","1080","0","5","(31090501,1,31102513,1,31090502,2)","39000079","80","(76991146,76991147,76991148,76991149)"
"157001585","3","12","90203968","91290638","4000","4400","(31100078,1,31020005,15,31010058,4,31000061,1)","1200","0","5","(31090501,1,31102518,1,31090502,2)","39000079","80","(76991146,76991147,76991148,76991149)"
"157001586","3","12","90203969","91290639","4400","4800","(31100078,1,31020005,15,31010058,4,31000061,1)","1320","0","5","(31090501,1,31102523,1,31090502,2)","39000079","80","(76991146,76991147,76991148,76991149)"
"157001587","3","12","90203970","91290640","4800","5300","(31100079,1,31020005,21,31010058,5,31000061,1)","1440","90203636","5","(31090501,1,31102209,1,31090502,2)","39000080","65","(76991150,76991151,76991152,76991153)"
"157001588","3","12","90203971","91290641","5300","5800","(31100079,1,31020005,21,31010058,5,31000061,1)","1590","0","5","(31090501,1,31102219,1,31090502,2)","39000080","65","(76991150,76991151,76991152,76991153)"
"157001589","3","12","90203972","91290642","5800","6300","(31100079,1,31020005,21,31010058,5,31000061,1)","1740","0","5","(31090501,1,31102229,1,31090502,2)","39000080","65","(76991150,76991151,76991152,76991153)"
"157001590","3","12","90203973","91290643","6300","6800","(31100079,1,31020005,21,31010058,5,31000061,1)","1890","0","5","(31090501,1,31102239,1,31090502,2)","39000080","65","(76991150,76991151,76991152,76991153)"
"157001591","3","12","90203974","91290644","6800","7300","(31100079,1,31020005,21,31010058,5,31000061,1)","2040","0","5","(31090501,1,31102249,1,31090502,2)","39000080","65","(76991150,76991151,76991152,76991153)"
"157001592","3","12","90203975","91290645","7300","7900","(31100080,1,31020005,30,31010058,6,31000061,1)","2190","90203637","5","(31090501,1,31102504,1,31000166,3)","39000081","50","(76991154,76991155,76991156,76991157)"
"157001593","3","12","90203976","91290646","7900","8500","(31100080,1,31020005,30,31010058,6,31000061,1)","2370","0","5","(31090501,1,31102509,1,31000166,3)","39000081","50","(76991154,76991155,76991156,76991157)"
"157001594","3","12","90203977","91290647","8500","9200","(31100080,1,31020005,30,31010058,6,31000061,1)","2550","0","5","(31090501,1,31102514,1,31000166,3)","39000081","50","(76991154,76991155,76991156,76991157)"
"157001595","3","12","90203978","91290648","9200","10000","(31100080,1,31020005,30,31010058,6,31000061,1)","2760","0","5","(31090501,1,31102519,1,31000166,3)","39000081","50","(76991154,76991155,76991156,76991157)"
"157001596","3","12","90203979","91290649","10000","999999","(31100080,1,31020005,30,31010058,6,31000061,1)","3000","0","5","(31090501,1,31102524,1,31000166,3)","39000081","50","(76991154,76991155,76991156,76991157)"
"157001597","3","13","90203952","91290622","0","100","(31020005,6,31010058,1,31000061,1)","0","90203632","5","(31140133,1,31102501,1,31090502,1)","0","100","(76991134,76991135,76991136,76991137)"
"157001598","3","13","90203953","91290623","100","200","(31020005,6,31010058,1,31000061,1)","0","0","5","(31140133,1,31102511,1,31090502,1)","0","100","(76991134,76991135,76991136,76991137)"
"157001599","3","13","90203954","91290624","200","300","(31020005,6,31010058,1,31000061,1)","0","0","5","(31140133,1,31102521,1,31090502,1)","0","100","(76991134,76991135,76991136,76991137)"
"157001600","3","13","90203955","91290625","300","500","(31020005,9,31010058,2,31000061,1)","90","90203633","5","(31140134,1,31102502,1,31090502,1)","0","100","(76991138,76991139,76991140,76991141)"
"157001601","3","13","90203956","91290626","500","700","(31020005,9,31010058,2,31000061,1)","150","0","5","(31140134,1,31102507,1,31090502,1)","0","100","(76991138,76991139,76991140,76991141)"
"157001602","3","13","90203957","91290627","700","900","(31020005,9,31010058,2,31000061,1)","210","0","5","(31140134,1,31102512,1,31090502,1)","0","100","(76991138,76991139,76991140,76991141)"
"157001603","3","13","90203958","91290628","900","1100","(31020005,9,31010058,2,31000061,1)","270","0","5","(31140134,1,31102517,1,31090502,1)","0","100","(76991138,76991139,76991140,76991141)"
"157001604","3","13","90203959","91290629","1100","1300","(31020005,9,31010058,2,31000061,1)","330","0","5","(31140134,1,31102522,1,31090502,1)","0","100","(76991138,76991139,76991140,76991141)"
"157001605","3","13","90203960","91290630","1300","1600","(31020005,15,31010058,3,31000061,1)","390","90203634","5","(31090501,1,31102208,1,31090502,1)","0","100","(76991142,76991143,76991144,76991145)"
"157001606","3","13","90203961","91290631","1600","1900","(31020005,15,31010058,3,31000061,1)","480","0","5","(31090501,1,31102218,1,31090502,1)","0","100","(76991142,76991143,76991144,76991145)"
"157001607","3","13","90203962","91290632","1900","2200","(31020005,15,31010058,3,31000061,1)","570","0","5","(31090501,1,31102228,1,31090502,1)","0","100","(76991142,76991143,76991144,76991145)"
"157001608","3","13","90203963","91290633","2200","2500","(31020005,15,31010058,3,31000061,1)","660","0","5","(31090501,1,31102238,1,31090502,1)","0","100","(76991142,76991143,76991144,76991145)"
"157001609","3","13","90203964","91290634","2500","2800","(31020005,15,31010058,3,31000061,1)","750","0","5","(31090501,1,31102248,1,31090502,1)","0","100","(76991142,76991143,76991144,76991145)"
"157001610","3","13","90203965","91290635","2800","3200","(31100078,1,31020005,15,31010058,4,31000061,1)","840","90203635","5","(31090501,1,31102503,1,31090502,2)","39000079","80","(76991146,76991147,76991148,76991149)"
"157001611","3","13","90203966","91290636","3200","3600","(31100078,1,31020005,15,31010058,4,31000061,1)","960","0","5","(31090501,1,31102508,1,31090502,2)","39000079","80","(76991146,76991147,76991148,76991149)"
"157001612","3","13","90203967","91290637","3600","4000","(31100078,1,31020005,15,31010058,4,31000061,1)","1080","0","5","(31090501,1,31102513,1,31090502,2)","39000079","80","(76991146,76991147,76991148,76991149)"
"157001613","3","13","90203968","91290638","4000","4400","(31100078,1,31020005,15,31010058,4,31000061,1)","1200","0","5","(31090501,1,31102518,1,31090502,2)","39000079","80","(76991146,76991147,76991148,76991149)"
"157001614","3","13","90203969","91290639","4400","4800","(31100078,1,31020005,15,31010058,4,31000061,1)","1320","0","5","(31090501,1,31102523,1,31090502,2)","39000079","80","(76991146,76991147,76991148,76991149)"
"157001615","3","13","90203970","91290640","4800","5300","(31100079,1,31020005,21,31010058,5,31000061,1)","1440","90203636","5","(31090501,1,31102209,1,31090502,2)","39000080","65","(76991150,76991151,76991152,76991153)"
"157001616","3","13","90203971","91290641","5300","5800","(31100079,1,31020005,21,31010058,5,31000061,1)","1590","0","5","(31090501,1,31102219,1,31090502,2)","39000080","65","(76991150,76991151,76991152,76991153)"
"157001617","3","13","90203972","91290642","5800","6300","(31100079,1,31020005,21,31010058,5,31000061,1)","1740","0","5","(31090501,1,31102229,1,31090502,2)","39000080","65","(76991150,76991151,76991152,76991153)"
"157001618","3","13","90203973","91290643","6300","6800","(31100079,1,31020005,21,31010058,5,31000061,1)","1890","0","5","(31090501,1,31102239,1,31090502,2)","39000080","65","(76991150,76991151,76991152,76991153)"
"157001619","3","13","90203974","91290644","6800","7300","(31100079,1,31020005,21,31010058,5,31000061,1)","2040","0","5","(31090501,1,31102249,1,31090502,2)","39000080","65","(76991150,76991151,76991152,76991153)"
"157001620","3","13","90203975","91290645","7300","7900","(31100080,1,31020005,30,31010058,6,31000061,1)","2190","90203637","5","(31090501,1,31102504,1,31000166,3)","39000081","50","(76991154,76991155,76991156,76991157)"
"157001621","3","13","90203976","91290646","7900","8500","(31100080,1,31020005,30,31010058,6,31000061,1)","2370","0","5","(31090501,1,31102509,1,31000166,3)","39000081","50","(76991154,76991155,76991156,76991157)"
"157001622","3","13","90203977","91290647","8500","9200","(31100080,1,31020005,30,31010058,6,31000061,1)","2550","0","5","(31090501,1,31102514,1,31000166,3)","39000081","50","(76991154,76991155,76991156,76991157)"
"157001623","3","13","90203978","91290648","9200","10000","(31100080,1,31020005,30,31010058,6,31000061,1)","2760","0","5","(31090501,1,31102519,1,31000166,3)","39000081","50","(76991154,76991155,76991156,76991157)"
"157001624","3","13","90203979","91290649","10000","999999","(31100080,1,31020005,30,31010058,6,31000061,1)","3000","0","5","(31090501,1,31102524,1,31000166,3)","39000081","50","(76991154,76991155,76991156,76991157)"
"157001625","3","14","90203952","91290622","0","100","(31020005,6,31010058,1,31000061,1)","0","90203632","5","(31140133,1,31102501,1,31090502,1)","0","100","(76991134,76991135,76991136,76991137)"
"157001626","3","14","90203953","91290623","100","200","(31020005,6,31010058,1,31000061,1)","0","0","5","(31140133,1,31102511,1,31090502,1)","0","100","(76991134,76991135,76991136,76991137)"
"157001627","3","14","90203954","91290624","200","300","(31020005,6,31010058,1,31000061,1)","0","0","5","(31140133,1,31102521,1,31090502,1)","0","100","(76991134,76991135,76991136,76991137)"
"157001628","3","14","90203955","91290625","300","500","(31020005,9,31010058,2,31000061,1)","90","90203633","5","(31140134,1,31102502,1,31090502,1)","0","100","(76991138,76991139,76991140,76991141)"
"157001629","3","14","90203956","91290626","500","700","(31020005,9,31010058,2,31000061,1)","150","0","5","(31140134,1,31102507,1,31090502,1)","0","100","(76991138,76991139,76991140,76991141)"
"157001630","3","14","90203957","91290627","700","900","(31020005,9,31010058,2,31000061,1)","210","0","5","(31140134,1,31102512,1,31090502,1)","0","100","(76991138,76991139,76991140,76991141)"
"157001631","3","14","90203958","91290628","900","1100","(31020005,9,31010058,2,31000061,1)","270","0","5","(31140134,1,31102517,1,31090502,1)","0","100","(76991138,76991139,76991140,76991141)"
"157001632","3","14","90203959","91290629","1100","1300","(31020005,9,31010058,2,31000061,1)","330","0","5","(31140134,1,31102522,1,31090502,1)","0","100","(76991138,76991139,76991140,76991141)"
"157001633","3","14","90203960","91290630","1300","1600","(31020005,15,31010058,3,31000061,1)","390","90203634","5","(31090501,1,31102208,1,31090502,1)","0","100","(76991142,76991143,76991144,76991145)"
"157001634","3","14","90203961","91290631","1600","1900","(31020005,15,31010058,3,31000061,1)","480","0","5","(31090501,1,31102218,1,31090502,1)","0","100","(76991142,76991143,76991144,76991145)"
"157001635","3","14","90203962","91290632","1900","2200","(31020005,15,31010058,3,31000061,1)","570","0","5","(31090501,1,31102228,1,31090502,1)","0","100","(76991142,76991143,76991144,76991145)"
"157001636","3","14","90203963","91290633","2200","2500","(31020005,15,31010058,3,31000061,1)","660","0","5","(31090501,1,31102238,1,31090502,1)","0","100","(76991142,76991143,76991144,76991145)"
"157001637","3","14","90203964","91290634","2500","2800","(31020005,15,31010058,3,31000061,1)","750","0","5","(31090501,1,31102248,1,31090502,1)","0","100","(76991142,76991143,76991144,76991145)"
"157001638","3","14","90203965","91290635","2800","3200","(31100078,1,31020005,15,31010058,4,31000061,1)","840","90203635","5","(31090501,1,31102503,1,31090502,2)","39000079","80","(76991146,76991147,76991148,76991149)"
"157001639","3","14","90203966","91290636","3200","3600","(31100078,1,31020005,15,31010058,4,31000061,1)","960","0","5","(31090501,1,31102508,1,31090502,2)","39000079","80","(76991146,76991147,76991148,76991149)"
"157001640","3","14","90203967","91290637","3600","4000","(31100078,1,31020005,15,31010058,4,31000061,1)","1080","0","5","(31090501,1,31102513,1,31090502,2)","39000079","80","(76991146,76991147,76991148,76991149)"
"157001641","3","14","90203968","91290638","4000","4400","(31100078,1,31020005,15,31010058,4,31000061,1)","1200","0","5","(31090501,1,31102518,1,31090502,2)","39000079","80","(76991146,76991147,76991148,76991149)"
"157001642","3","14","90203969","91290639","4400","4800","(31100078,1,31020005,15,31010058,4,31000061,1)","1320","0","5","(31090501,1,31102523,1,31090502,2)","39000079","80","(76991146,76991147,76991148,76991149)"
"157001643","3","14","90203970","91290640","4800","5300","(31100079,1,31020005,21,31010058,5,31000061,1)","1440","90203636","5","(31090501,1,31102209,1,31090502,2)","39000080","65","(76991150,76991151,76991152,76991153)"
"157001644","3","14","90203971","91290641","5300","5800","(31100079,1,31020005,21,31010058,5,31000061,1)","1590","0","5","(31090501,1,31102219,1,31090502,2)","39000080","65","(76991150,76991151,76991152,76991153)"
"157001645","3","14","90203972","91290642","5800","6300","(31100079,1,31020005,21,31010058,5,31000061,1)","1740","0","5","(31090501,1,31102229,1,31090502,2)","39000080","65","(76991150,76991151,76991152,76991153)"
"157001646","3","14","90203973","91290643","6300","6800","(31100079,1,31020005,21,31010058,5,31000061,1)","1890","0","5","(31090501,1,31102239,1,31090502,2)","39000080","65","(76991150,76991151,76991152,76991153)"
"157001647","3","14","90203974","91290644","6800","7300","(31100079,1,31020005,21,31010058,5,31000061,1)","2040","0","5","(31090501,1,31102249,1,31090502,2)","39000080","65","(76991150,76991151,76991152,76991153)"
"157001648","3","14","90203975","91290645","7300","7900","(31100080,1,31020005,30,31010058,6,31000061,1)","2190","90203637","5","(31090501,1,31102504,1,31000166,3)","39000081","50","(76991154,76991155,76991156,76991157)"
"157001649","3","14","90203976","91290646","7900","8500","(31100080,1,31020005,30,31010058,6,31000061,1)","2370","0","5","(31090501,1,31102509,1,31000166,3)","39000081","50","(76991154,76991155,76991156,76991157)"
"157001650","3","14","90203977","91290647","8500","9200","(31100080,1,31020005,30,31010058,6,31000061,1)","2550","0","5","(31090501,1,31102514,1,31000166,3)","39000081","50","(76991154,76991155,76991156,76991157)"
"157001651","3","14","90203978","91290648","9200","10000","(31100080,1,31020005,30,31010058,6,31000061,1)","2760","0","5","(31090501,1,31102519,1,31000166,3)","39000081","50","(76991154,76991155,76991156,76991157)"
"157001652","3","14","90203979","91290649","10000","999999","(31100080,1,31020005,30,31010058,6,31000061,1)","3000","0","5","(31090501,1,31102524,1,31000166,3)","39000081","50","(76991154,76991155,76991156,76991157)"
"157001653","3","15","90203952","91290622","0","100","(31020005,6,31010058,1,31000061,1)","0","90203632","5","(31140133,1,31102501,1,31090502,1)","0","100","(76991134,76991135,76991136,76991137)"
"157001654","3","15","90203953","91290623","100","200","(31020005,6,31010058,1,31000061,1)","0","0","5","(31140133,1,31102511,1,31090502,1)","0","100","(76991134,76991135,76991136,76991137)"
"157001655","3","15","90203954","91290624","200","300","(31020005,6,31010058,1,31000061,1)","0","0","5","(31140133,1,31102521,1,31090502,1)","0","100","(76991134,76991135,76991136,76991137)"
"157001656","3","15","90203955","91290625","300","500","(31020005,9,31010058,2,31000061,1)","90","90203633","5","(31140134,1,31102502,1,31090502,1)","0","100","(76991138,76991139,76991140,76991141)"
"157001657","3","15","90203956","91290626","500","700","(31020005,9,31010058,2,31000061,1)","150","0","5","(31140134,1,31102507,1,31090502,1)","0","100","(76991138,76991139,76991140,76991141)"
"157001658","3","15","90203957","91290627","700","900","(31020005,9,31010058,2,31000061,1)","210","0","5","(31140134,1,31102512,1,31090502,1)","0","100","(76991138,76991139,76991140,76991141)"
"157001659","3","15","90203958","91290628","900","1100","(31020005,9,31010058,2,31000061,1)","270","0","5","(31140134,1,31102517,1,31090502,1)","0","100","(76991138,76991139,76991140,76991141)"
"157001660","3","15","90203959","91290629","1100","1300","(31020005,9,31010058,2,31000061,1)","330","0","5","(31140134,1,31102522,1,31090502,1)","0","100","(76991138,76991139,76991140,76991141)"
"157001661","3","15","90203960","91290630","1300","1600","(31020005,15,31010058,3,31000061,1)","390","90203634","5","(31090501,1,31102208,1,31090502,1)","0","100","(76991142,76991143,76991144,76991145)"
"157001662","3","15","90203961","91290631","1600","1900","(31020005,15,31010058,3,31000061,1)","480","0","5","(31090501,1,31102218,1,31090502,1)","0","100","(76991142,76991143,76991144,76991145)"
"157001663","3","15","90203962","91290632","1900","2200","(31020005,15,31010058,3,31000061,1)","570","0","5","(31090501,1,31102228,1,31090502,1)","0","100","(76991142,76991143,76991144,76991145)"
"157001664","3","15","90203963","91290633","2200","2500","(31020005,15,31010058,3,31000061,1)","660","0","5","(31090501,1,31102238,1,31090502,1)","0","100","(76991142,76991143,76991144,76991145)"
"157001665","3","15","90203964","91290634","2500","2800","(31020005,15,31010058,3,31000061,1)","750","0","5","(31090501,1,31102248,1,31090502,1)","0","100","(76991142,76991143,76991144,76991145)"
"157001666","3","15","90203965","91290635","2800","3200","(31100078,1,31020005,15,31010058,4,31000061,1)","840","90203635","5","(31090501,1,31102503,1,31090502,2)","39000079","80","(76991146,76991147,76991148,76991149)"
"157001667","3","15","90203966","91290636","3200","3600","(31100078,1,31020005,15,31010058,4,31000061,1)","960","0","5","(31090501,1,31102508,1,31090502,2)","39000079","80","(76991146,76991147,76991148,76991149)"
"157001668","3","15","90203967","91290637","3600","4000","(31100078,1,31020005,15,31010058,4,31000061,1)","1080","0","5","(31090501,1,31102513,1,31090502,2)","39000079","80","(76991146,76991147,76991148,76991149)"
"157001669","3","15","90203968","91290638","4000","4400","(31100078,1,31020005,15,31010058,4,31000061,1)","1200","0","5","(31090501,1,31102518,1,31090502,2)","39000079","80","(76991146,76991147,76991148,76991149)"
"157001670","3","15","90203969","91290639","4400","4800","(31100078,1,31020005,15,31010058,4,31000061,1)","1320","0","5","(31090501,1,31102523,1,31090502,2)","39000079","80","(76991146,76991147,76991148,76991149)"
"157001671","3","15","90203970","91290640","4800","5300","(31100079,1,31020005,21,31010058,5,31000061,1)","1440","90203636","5","(31090501,1,31102209,1,31090502,2)","39000080","65","(76991150,76991151,76991152,76991153)"
"157001672","3","15","90203971","91290641","5300","5800","(31100079,1,31020005,21,31010058,5,31000061,1)","1590","0","5","(31090501,1,31102219,1,31090502,2)","39000080","65","(76991150,76991151,76991152,76991153)"
"157001673","3","15","90203972","91290642","5800","6300","(31100079,1,31020005,21,31010058,5,31000061,1)","1740","0","5","(31090501,1,31102229,1,31090502,2)","39000080","65","(76991150,76991151,76991152,76991153)"
"157001674","3","15","90203973","91290643","6300","6800","(31100079,1,31020005,21,31010058,5,31000061,1)","1890","0","5","(31090501,1,31102239,1,31090502,2)","39000080","65","(76991150,76991151,76991152,76991153)"
"157001675","3","15","90203974","91290644","6800","7300","(31100079,1,31020005,21,31010058,5,31000061,1)","2040","0","5","(31090501,1,31102249,1,31090502,2)","39000080","65","(76991150,76991151,76991152,76991153)"
"157001676","3","15","90203975","91290645","7300","7900","(31100080,1,31020005,30,31010058,6,31000061,1)","2190","90203637","5","(31090501,1,31102504,1,31000166,3)","39000081","50","(76991154,76991155,76991156,76991157)"
"157001677","3","15","90203976","91290646","7900","8500","(31100080,1,31020005,30,31010058,6,31000061,1)","2370","0","5","(31090501,1,31102509,1,31000166,3)","39000081","50","(76991154,76991155,76991156,76991157)"
"157001678","3","15","90203977","91290647","8500","9200","(31100080,1,31020005,30,31010058,6,31000061,1)","2550","0","5","(31090501,1,31102514,1,31000166,3)","39000081","50","(76991154,76991155,76991156,76991157)"
"157001679","3","15","90203978","91290648","9200","10000","(31100080,1,31020005,30,31010058,6,31000061,1)","2760","0","5","(31090501,1,31102519,1,31000166,3)","39000081","50","(76991154,76991155,76991156,76991157)"
"157001680","3","15","90203979","91290649","10000","999999","(31100080,1,31020005,30,31010058,6,31000061,1)","3000","0","5","(31090501,1,31102524,1,31000166,3)","39000081","50","(76991154,76991155,76991156,76991157)"
"157001681","4","1","90203952","91290622","0","100","(31020005,6,31010058,1,31000061,1)","0","90203632","5","(31140133,1,31102501,1,31090502,1)","0","100","(76991134,76991135,76991136,76991137)"
"157001682","4","1","90203953","91290623","100","200","(31020005,6,31010058,1,31000061,1)","0","0","5","(31140133,1,31102511,1,31090502,1)","0","100","(76991134,76991135,76991136,76991137)"
"157001683","4","1","90203954","91290624","200","300","(31020005,6,31010058,1,31000061,1)","0","0","5","(31140133,1,31102521,1,31090502,1)","0","100","(76991134,76991135,76991136,76991137)"
"157001684","4","1","90203955","91290625","300","500","(31020005,9,31010058,2,31000061,1)","90","90203633","5","(31140134,1,31102502,1,31090502,1)","0","100","(76991138,76991139,76991140,76991141)"
"157001685","4","1","90203956","91290626","500","700","(31020005,9,31010058,2,31000061,1)","150","0","5","(31140134,1,31102507,1,31090502,1)","0","100","(76991138,76991139,76991140,76991141)"
"157001686","4","1","90203957","91290627","700","900","(31020005,9,31010058,2,31000061,1)","210","0","5","(31140134,1,31102512,1,31090502,1)","0","100","(76991138,76991139,76991140,76991141)"
"157001687","4","1","90203958","91290628","900","1100","(31020005,9,31010058,2,31000061,1)","270","0","5","(31140134,1,31102517,1,31090502,1)","0","100","(76991138,76991139,76991140,76991141)"
"157001688","4","1","90203959","91290629","1100","1300","(31020005,9,31010058,2,31000061,1)","330","0","5","(31140134,1,31102522,1,31090502,1)","0","100","(76991138,76991139,76991140,76991141)"
"157001689","4","1","90203960","91290630","1300","1600","(31020005,15,31010058,3,31000061,1)","390","90203634","5","(31090501,1,31102208,1,31090502,1)","0","100","(76991142,76991143,76991144,76991145)"
"157001690","4","1","90203961","91290631","1600","1900","(31020005,15,31010058,3,31000061,1)","480","0","5","(31090501,1,31102218,1,31090502,1)","0","100","(76991142,76991143,76991144,76991145)"
"157001691","4","1","90203962","91290632","1900","2200","(31020005,15,31010058,3,31000061,1)","570","0","5","(31090501,1,31102228,1,31090502,1)","0","100","(76991142,76991143,76991144,76991145)"
"157001692","4","1","90203963","91290633","2200","2500","(31020005,15,31010058,3,31000061,1)","660","0","5","(31090501,1,31102238,1,31090502,1)","0","100","(76991142,76991143,76991144,76991145)"
"157001693","4","1","90203964","91290634","2500","2800","(31020005,15,31010058,3,31000061,1)","750","0","5","(31090501,1,31102248,1,31090502,1)","0","100","(76991142,76991143,76991144,76991145)"
"157001694","4","1","90203965","91290635","2800","3200","(31100078,1,31020005,15,31010058,4,31000061,1)","840","90203635","5","(31090501,1,31102503,1,31090502,2)","39000079","80","(76991146,76991147,76991148,76991149)"
"157001695","4","1","90203966","91290636","3200","3600","(31100078,1,31020005,15,31010058,4,31000061,1)","960","0","5","(31090501,1,31102508,1,31090502,2)","39000079","80","(76991146,76991147,76991148,76991149)"
"157001696","4","1","90203967","91290637","3600","4000","(31100078,1,31020005,15,31010058,4,31000061,1)","1080","0","5","(31090501,1,31102513,1,31090502,2)","39000079","80","(76991146,76991147,76991148,76991149)"
"157001697","4","1","90203968","91290638","4000","4400","(31100078,1,31020005,15,31010058,4,31000061,1)","1200","0","5","(31090501,1,31102518,1,31090502,2)","39000079","80","(76991146,76991147,76991148,76991149)"
"157001698","4","1","90203969","91290639","4400","4800","(31100078,1,31020005,15,31010058,4,31000061,1)","1320","0","5","(31090501,1,31102523,1,31090502,2)","39000079","80","(76991146,76991147,76991148,76991149)"
"157001699","4","1","90203970","91290640","4800","5300","(31100079,1,31020005,21,31010058,5,31000061,1)","1440","90203636","5","(31090501,1,31102209,1,31090502,2)","39000080","65","(76991150,76991151,76991152,76991153)"
"157001700","4","1","90203971","91290641","5300","5800","(31100079,1,31020005,21,31010058,5,31000061,1)","1590","0","5","(31090501,1,31102219,1,31090502,2)","39000080","65","(76991150,76991151,76991152,76991153)"
"157001701","4","1","90203972","91290642","5800","6300","(31100079,1,31020005,21,31010058,5,31000061,1)","1740","0","5","(31090501,1,31102229,1,31090502,2)","39000080","65","(76991150,76991151,76991152,76991153)"
"157001702","4","1","90203973","91290643","6300","6800","(31100079,1,31020005,21,31010058,5,31000061,1)","1890","0","5","(31090501,1,31102239,1,31090502,2)","39000080","65","(76991150,76991151,76991152,76991153)"
"157001703","4","1","90203974","91290644","6800","7300","(31100079,1,31020005,21,31010058,5,31000061,1)","2040","0","5","(31090501,1,31102249,1,31090502,2)","39000080","65","(76991150,76991151,76991152,76991153)"
"157001704","4","1","90203975","91290645","7300","7900","(31100080,1,31020005,30,31010058,6,31000061,1)","2190","90203637","5","(31090501,1,31102504,1,31000166,3)","39000081","50","(76991154,76991155,76991156,76991157)"
"157001705","4","1","90203976","91290646","7900","8500","(31100080,1,31020005,30,31010058,6,31000061,1)","2370","0","5","(31090501,1,31102509,1,31000166,3)","39000081","50","(76991154,76991155,76991156,76991157)"
"157001706","4","1","90203977","91290647","8500","9200","(31100080,1,31020005,30,31010058,6,31000061,1)","2550","0","5","(31090501,1,31102514,1,31000166,3)","39000081","50","(76991154,76991155,76991156,76991157)"
"157001707","4","1","90203978","91290648","9200","10000","(31100080,1,31020005,30,31010058,6,31000061,1)","2760","0","5","(31090501,1,31102519,1,31000166,3)","39000081","50","(76991154,76991155,76991156,76991157)"
"157001708","4","1","90203979","91290649","10000","999999","(31100080,1,31020005,30,31010058,6,31000061,1)","3000","0","5","(31090501,1,31102524,1,31000166,3)","39000081","50","(76991154,76991155,76991156,76991157)"
"157001709","4","2","90203952","91290622","0","100","(31020005,6,31010058,1,31000061,1)","0","90203632","5","(31140133,1,31102501,1,31090502,1)","0","100","(76991134,76991135,76991136,76991137)"
"157001710","4","2","90203953","91290623","100","200","(31020005,6,31010058,1,31000061,1)","0","0","5","(31140133,1,31102511,1,31090502,1)","0","100","(76991134,76991135,76991136,76991137)"
"157001711","4","2","90203954","91290624","200","300","(31020005,6,31010058,1,31000061,1)","0","0","5","(31140133,1,31102521,1,31090502,1)","0","100","(76991134,76991135,76991136,76991137)"
"157001712","4","2","90203955","91290625","300","500","(31020005,9,31010058,2,31000061,1)","90","90203633","5","(31140134,1,31102502,1,31090502,1)","0","100","(76991138,76991139,76991140,76991141)"
"157001713","4","2","90203956","91290626","500","700","(31020005,9,31010058,2,31000061,1)","150","0","5","(31140134,1,31102507,1,31090502,1)","0","100","(76991138,76991139,76991140,76991141)"
"157001714","4","2","90203957","91290627","700","900","(31020005,9,31010058,2,31000061,1)","210","0","5","(31140134,1,31102512,1,31090502,1)","0","100","(76991138,76991139,76991140,76991141)"
"157001715","4","2","90203958","91290628","900","1100","(31020005,9,31010058,2,31000061,1)","270","0","5","(31140134,1,31102517,1,31090502,1)","0","100","(76991138,76991139,76991140,76991141)"
"157001716","4","2","90203959","91290629","1100","1300","(31020005,9,31010058,2,31000061,1)","330","0","5","(31140134,1,31102522,1,31090502,1)","0","100","(76991138,76991139,76991140,76991141)"
"157001717","4","2","90203960","91290630","1300","1600","(31020005,15,31010058,3,31000061,1)","390","90203634","5","(31090501,1,31102208,1,31090502,1)","0","100","(76991142,76991143,76991144,76991145)"
"157001718","4","2","90203961","91290631","1600","1900","(31020005,15,31010058,3,31000061,1)","480","0","5","(31090501,1,31102218,1,31090502,1)","0","100","(76991142,76991143,76991144,76991145)"
"157001719","4","2","90203962","91290632","1900","2200","(31020005,15,31010058,3,31000061,1)","570","0","5","(31090501,1,31102228,1,31090502,1)","0","100","(76991142,76991143,76991144,76991145)"
"157001720","4","2","90203963","91290633","2200","2500","(31020005,15,31010058,3,31000061,1)","660","0","5","(31090501,1,31102238,1,31090502,1)","0","100","(76991142,76991143,76991144,76991145)"
"157001721","4","2","90203964","91290634","2500","2800","(31020005,15,31010058,3,31000061,1)","750","0","5","(31090501,1,31102248,1,31090502,1)","0","100","(76991142,76991143,76991144,76991145)"
"157001722","4","2","90203965","91290635","2800","3200","(31100078,1,31020005,15,31010058,4,31000061,1)","840","90203635","5","(31090501,1,31102503,1,31090502,2)","39000079","80","(76991146,76991147,76991148,76991149)"
"157001723","4","2","90203966","91290636","3200","3600","(31100078,1,31020005,15,31010058,4,31000061,1)","960","0","5","(31090501,1,31102508,1,31090502,2)","39000079","80","(76991146,76991147,76991148,76991149)"
"157001724","4","2","90203967","91290637","3600","4000","(31100078,1,31020005,15,31010058,4,31000061,1)","1080","0","5","(31090501,1,31102513,1,31090502,2)","39000079","80","(76991146,76991147,76991148,76991149)"
"157001725","4","2","90203968","91290638","4000","4400","(31100078,1,31020005,15,31010058,4,31000061,1)","1200","0","5","(31090501,1,31102518,1,31090502,2)","39000079","80","(76991146,76991147,76991148,76991149)"
"157001726","4","2","90203969","91290639","4400","4800","(31100078,1,31020005,15,31010058,4,31000061,1)","1320","0","5","(31090501,1,31102523,1,31090502,2)","39000079","80","(76991146,76991147,76991148,76991149)"
"157001727","4","2","90203970","91290640","4800","5300","(31100079,1,31020005,21,31010058,5,31000061,1)","1440","90203636","5","(31090501,1,31102209,1,31090502,2)","39000080","65","(76991150,76991151,76991152,76991153)"
"157001728","4","2","90203971","91290641","5300","5800","(31100079,1,31020005,21,31010058,5,31000061,1)","1590","0","5","(31090501,1,31102219,1,31090502,2)","39000080","65","(76991150,76991151,76991152,76991153)"
"157001729","4","2","90203972","91290642","5800","6300","(31100079,1,31020005,21,31010058,5,31000061,1)","1740","0","5","(31090501,1,31102229,1,31090502,2)","39000080","65","(76991150,76991151,76991152,76991153)"
"157001730","4","2","90203973","91290643","6300","6800","(31100079,1,31020005,21,31010058,5,31000061,1)","1890","0","5","(31090501,1,31102239,1,31090502,2)","39000080","65","(76991150,76991151,76991152,76991153)"
"157001731","4","2","90203974","91290644","6800","7300","(31100079,1,31020005,21,31010058,5,31000061,1)","2040","0","5","(31090501,1,31102249,1,31090502,2)","39000080","65","(76991150,76991151,76991152,76991153)"
"157001732","4","2","90203975","91290645","7300","7900","(31100080,1,31020005,30,31010058,6,31000061,1)","2190","90203637","5","(31090501,1,31102504,1,31000166,3)","39000081","50","(76991154,76991155,76991156,76991157)"
"157001733","4","2","90203976","91290646","7900","8500","(31100080,1,31020005,30,31010058,6,31000061,1)","2370","0","5","(31090501,1,31102509,1,31000166,3)","39000081","50","(76991154,76991155,76991156,76991157)"
"157001734","4","2","90203977","91290647","8500","9200","(31100080,1,31020005,30,31010058,6,31000061,1)","2550","0","5","(31090501,1,31102514,1,31000166,3)","39000081","50","(76991154,76991155,76991156,76991157)"
"157001735","4","2","90203978","91290648","9200","10000","(31100080,1,31020005,30,31010058,6,31000061,1)","2760","0","5","(31090501,1,31102519,1,31000166,3)","39000081","50","(76991154,76991155,76991156,76991157)"
"157001736","4","2","90203979","91290649","10000","999999","(31100080,1,31020005,30,31010058,6,31000061,1)","3000","0","5","(31090501,1,31102524,1,31000166,3)","39000081","50","(76991154,76991155,76991156,76991157)"
"157001737","4","3","90203952","91290622","0","100","(31020005,6,31010058,1,31000061,1)","0","90203632","5","(31140133,1,31102501,1,31090502,1)","0","100","(76991134,76991135,76991136,76991137)"
"157001738","4","3","90203953","91290623","100","200","(31020005,6,31010058,1,31000061,1)","0","0","5","(31140133,1,31102511,1,31090502,1)","0","100","(76991134,76991135,76991136,76991137)"
"157001739","4","3","90203954","91290624","200","300","(31020005,6,31010058,1,31000061,1)","0","0","5","(31140133,1,31102521,1,31090502,1)","0","100","(76991134,76991135,76991136,76991137)"
"157001740","4","3","90203955","91290625","300","500","(31020005,9,31010058,2,31000061,1)","90","90203633","5","(31140134,1,31102502,1,31090502,1)","0","100","(76991138,76991139,76991140,76991141)"
"157001741","4","3","90203956","91290626","500","700","(31020005,9,31010058,2,31000061,1)","150","0","5","(31140134,1,31102507,1,31090502,1)","0","100","(76991138,76991139,76991140,76991141)"
"157001742","4","3","90203957","91290627","700","900","(31020005,9,31010058,2,31000061,1)","210","0","5","(31140134,1,31102512,1,31090502,1)","0","100","(76991138,76991139,76991140,76991141)"
"157001743","4","3","90203958","91290628","900","1100","(31020005,9,31010058,2,31000061,1)","270","0","5","(31140134,1,31102517,1,31090502,1)","0","100","(76991138,76991139,76991140,76991141)"
"157001744","4","3","90203959","91290629","1100","1300","(31020005,9,31010058,2,31000061,1)","330","0","5","(31140134,1,31102522,1,31090502,1)","0","100","(76991138,76991139,76991140,76991141)"
"157001745","4","3","90203960","91290630","1300","1600","(31020005,15,31010058,3,31000061,1)","390","90203634","5","(31090501,1,31102208,1,31090502,1)","0","100","(76991142,76991143,76991144,76991145)"
"157001746","4","3","90203961","91290631","1600","1900","(31020005,15,31010058,3,31000061,1)","480","0","5","(31090501,1,31102218,1,31090502,1)","0","100","(76991142,76991143,76991144,76991145)"
"157001747","4","3","90203962","91290632","1900","2200","(31020005,15,31010058,3,31000061,1)","570","0","5","(31090501,1,31102228,1,31090502,1)","0","100","(76991142,76991143,76991144,76991145)"
"157001748","4","3","90203963","91290633","2200","2500","(31020005,15,31010058,3,31000061,1)","660","0","5","(31090501,1,31102238,1,31090502,1)","0","100","(76991142,76991143,76991144,76991145)"
"157001749","4","3","90203964","91290634","2500","2800","(31020005,15,31010058,3,31000061,1)","750","0","5","(31090501,1,31102248,1,31090502,1)","0","100","(76991142,76991143,76991144,76991145)"
"157001750","4","3","90203965","91290635","2800","3200","(31100078,1,31020005,15,31010058,4,31000061,1)","840","90203635","5","(31090501,1,31102503,1,31090502,2)","39000079","80","(76991146,76991147,76991148,76991149)"
"157001751","4","3","90203966","91290636","3200","3600","(31100078,1,31020005,15,31010058,4,31000061,1)","960","0","5","(31090501,1,31102508,1,31090502,2)","39000079","80","(76991146,76991147,76991148,76991149)"
"157001752","4","3","90203967","91290637","3600","4000","(31100078,1,31020005,15,31010058,4,31000061,1)","1080","0","5","(31090501,1,31102513,1,31090502,2)","39000079","80","(76991146,76991147,76991148,76991149)"
"157001753","4","3","90203968","91290638","4000","4400","(31100078,1,31020005,15,31010058,4,31000061,1)","1200","0","5","(31090501,1,31102518,1,31090502,2)","39000079","80","(76991146,76991147,76991148,76991149)"
"157001754","4","3","90203969","91290639","4400","4800","(31100078,1,31020005,15,31010058,4,31000061,1)","1320","0","5","(31090501,1,31102523,1,31090502,2)","39000079","80","(76991146,76991147,76991148,76991149)"
"157001755","4","3","90203970","91290640","4800","5300","(31100079,1,31020005,21,31010058,5,31000061,1)","1440","90203636","5","(31090501,1,31102209,1,31090502,2)","39000080","65","(76991150,76991151,76991152,76991153)"
"157001756","4","3","90203971","91290641","5300","5800","(31100079,1,31020005,21,31010058,5,31000061,1)","1590","0","5","(31090501,1,31102219,1,31090502,2)","39000080","65","(76991150,76991151,76991152,76991153)"
"157001757","4","3","90203972","91290642","5800","6300","(31100079,1,31020005,21,31010058,5,31000061,1)","1740","0","5","(31090501,1,31102229,1,31090502,2)","39000080","65","(76991150,76991151,76991152,76991153)"
"157001758","4","3","90203973","91290643","6300","6800","(31100079,1,31020005,21,31010058,5,31000061,1)","1890","0","5","(31090501,1,31102239,1,31090502,2)","39000080","65","(76991150,76991151,76991152,76991153)"
"157001759","4","3","90203974","91290644","6800","7300","(31100079,1,31020005,21,31010058,5,31000061,1)","2040","0","5","(31090501,1,31102249,1,31090502,2)","39000080","65","(76991150,76991151,76991152,76991153)"
"157001760","4","3","90203975","91290645","7300","7900","(31100080,1,31020005,30,31010058,6,31000061,1)","2190","90203637","5","(31090501,1,31102504,1,31000166,3)","39000081","50","(76991154,76991155,76991156,76991157)"
"157001761","4","3","90203976","91290646","7900","8500","(31100080,1,31020005,30,31010058,6,31000061,1)","2370","0","5","(31090501,1,31102509,1,31000166,3)","39000081","50","(76991154,76991155,76991156,76991157)"
"157001762","4","3","90203977","91290647","8500","9200","(31100080,1,31020005,30,31010058,6,31000061,1)","2550","0","5","(31090501,1,31102514,1,31000166,3)","39000081","50","(76991154,76991155,76991156,76991157)"
"157001763","4","3","90203978","91290648","9200","10000","(31100080,1,31020005,30,31010058,6,31000061,1)","2760","0","5","(31090501,1,31102519,1,31000166,3)","39000081","50","(76991154,76991155,76991156,76991157)"
"157001764","4","3","90203979","91290649","10000","999999","(31100080,1,31020005,30,31010058,6,31000061,1)","3000","0","5","(31090501,1,31102524,1,31000166,3)","39000081","50","(76991154,76991155,76991156,76991157)"
"157001765","4","4","90203952","91290622","0","100","(31020005,6,31010058,1,31000061,1)","0","90203632","5","(31140133,1,31102501,1,31090502,1)","0","100","(76991134,76991135,76991136,76991137)"
"157001766","4","4","90203953","91290623","100","200","(31020005,6,31010058,1,31000061,1)","0","0","5","(31140133,1,31102511,1,31090502,1)","0","100","(76991134,76991135,76991136,76991137)"
"157001767","4","4","90203954","91290624","200","300","(31020005,6,31010058,1,31000061,1)","0","0","5","(31140133,1,31102521,1,31090502,1)","0","100","(76991134,76991135,76991136,76991137)"
"157001768","4","4","90203955","91290625","300","500","(31020005,9,31010058,2,31000061,1)","90","90203633","5","(31140134,1,31102502,1,31090502,1)","0","100","(76991138,76991139,76991140,76991141)"
"157001769","4","4","90203956","91290626","500","700","(31020005,9,31010058,2,31000061,1)","150","0","5","(31140134,1,31102507,1,31090502,1)","0","100","(76991138,76991139,76991140,76991141)"
"157001770","4","4","90203957","91290627","700","900","(31020005,9,31010058,2,31000061,1)","210","0","5","(31140134,1,31102512,1,31090502,1)","0","100","(76991138,76991139,76991140,76991141)"
"157001771","4","4","90203958","91290628","900","1100","(31020005,9,31010058,2,31000061,1)","270","0","5","(31140134,1,31102517,1,31090502,1)","0","100","(76991138,76991139,76991140,76991141)"
"157001772","4","4","90203959","91290629","1100","1300","(31020005,9,31010058,2,31000061,1)","330","0","5","(31140134,1,31102522,1,31090502,1)","0","100","(76991138,76991139,76991140,76991141)"
"157001773","4","4","90203960","91290630","1300","1600","(31020005,15,31010058,3,31000061,1)","390","90203634","5","(31090501,1,31102208,1,31090502,1)","0","100","(76991142,76991143,76991144,76991145)"
"157001774","4","4","90203961","91290631","1600","1900","(31020005,15,31010058,3,31000061,1)","480","0","5","(31090501,1,31102218,1,31090502,1)","0","100","(76991142,76991143,76991144,76991145)"
"157001775","4","4","90203962","91290632","1900","2200","(31020005,15,31010058,3,31000061,1)","570","0","5","(31090501,1,31102228,1,31090502,1)","0","100","(76991142,76991143,76991144,76991145)"
"157001776","4","4","90203963","91290633","2200","2500","(31020005,15,31010058,3,31000061,1)","660","0","5","(31090501,1,31102238,1,31090502,1)","0","100","(76991142,76991143,76991144,76991145)"
"157001777","4","4","90203964","91290634","2500","2800","(31020005,15,31010058,3,31000061,1)","750","0","5","(31090501,1,31102248,1,31090502,1)","0","100","(76991142,76991143,76991144,76991145)"
"157001778","4","4","90203965","91290635","2800","3200","(31100078,1,31020005,15,31010058,4,31000061,1)","840","90203635","5","(31090501,1,31102503,1,31090502,2)","39000079","80","(76991146,76991147,76991148,76991149)"
"157001779","4","4","90203966","91290636","3200","3600","(31100078,1,31020005,15,31010058,4,31000061,1)","960","0","5","(31090501,1,31102508,1,31090502,2)","39000079","80","(76991146,76991147,76991148,76991149)"
"157001780","4","4","90203967","91290637","3600","4000","(31100078,1,31020005,15,31010058,4,31000061,1)","1080","0","5","(31090501,1,31102513,1,31090502,2)","39000079","80","(76991146,76991147,76991148,76991149)"
"157001781","4","4","90203968","91290638","4000","4400","(31100078,1,31020005,15,31010058,4,31000061,1)","1200","0","5","(31090501,1,31102518,1,31090502,2)","39000079","80","(76991146,76991147,76991148,76991149)"
"157001782","4","4","90203969","91290639","4400","4800","(31100078,1,31020005,15,31010058,4,31000061,1)","1320","0","5","(31090501,1,31102523,1,31090502,2)","39000079","80","(76991146,76991147,76991148,76991149)"
"157001783","4","4","90203970","91290640","4800","5300","(31100079,1,31020005,21,31010058,5,31000061,1)","1440","90203636","5","(31090501,1,31102209,1,31090502,2)","39000080","65","(76991150,76991151,76991152,76991153)"
"157001784","4","4","90203971","91290641","5300","5800","(31100079,1,31020005,21,31010058,5,31000061,1)","1590","0","5","(31090501,1,31102219,1,31090502,2)","39000080","65","(76991150,76991151,76991152,76991153)"
"157001785","4","4","90203972","91290642","5800","6300","(31100079,1,31020005,21,31010058,5,31000061,1)","1740","0","5","(31090501,1,31102229,1,31090502,2)","39000080","65","(76991150,76991151,76991152,76991153)"
"157001786","4","4","90203973","91290643","6300","6800","(31100079,1,31020005,21,31010058,5,31000061,1)","1890","0","5","(31090501,1,31102239,1,31090502,2)","39000080","65","(76991150,76991151,76991152,76991153)"
"157001787","4","4","90203974","91290644","6800","7300","(31100079,1,31020005,21,31010058,5,31000061,1)","2040","0","5","(31090501,1,31102249,1,31090502,2)","39000080","65","(76991150,76991151,76991152,76991153)"
"157001788","4","4","90203975","91290645","7300","7900","(31100080,1,31020005,30,31010058,6,31000061,1)","2190","90203637","5","(31090501,1,31102504,1,31000166,3)","39000081","50","(76991154,76991155,76991156,76991157)"
"157001789","4","4","90203976","91290646","7900","8500","(31100080,1,31020005,30,31010058,6,31000061,1)","2370","0","5","(31090501,1,31102509,1,31000166,3)","39000081","50","(76991154,76991155,76991156,76991157)"
"157001790","4","4","90203977","91290647","8500","9200","(31100080,1,31020005,30,31010058,6,31000061,1)","2550","0","5","(31090501,1,31102514,1,31000166,3)","39000081","50","(76991154,76991155,76991156,76991157)"
"157001791","4","4","90203978","91290648","9200","10000","(31100080,1,31020005,30,31010058,6,31000061,1)","2760","0","5","(31090501,1,31102519,1,31000166,3)","39000081","50","(76991154,76991155,76991156,76991157)"
"157001792","4","4","90203979","91290649","10000","999999","(31100080,1,31020005,30,31010058,6,31000061,1)","3000","0","5","(31090501,1,31102524,1,31000166,3)","39000081","50","(76991154,76991155,76991156,76991157)"
"157001793","4","5","90203952","91290622","0","100","(31020005,6,31010058,1,31000061,1)","0","90203632","5","(31140133,1,31102501,1,31090502,1)","0","100","(76991134,76991135,76991136,76991137)"
"157001794","4","5","90203953","91290623","100","200","(31020005,6,31010058,1,31000061,1)","0","0","5","(31140133,1,31102511,1,31090502,1)","0","100","(76991134,76991135,76991136,76991137)"
"157001795","4","5","90203954","91290624","200","300","(31020005,6,31010058,1,31000061,1)","0","0","5","(31140133,1,31102521,1,31090502,1)","0","100","(76991134,76991135,76991136,76991137)"
"157001796","4","5","90203955","91290625","300","500","(31020005,9,31010058,2,31000061,1)","90","90203633","5","(31140134,1,31102502,1,31090502,1)","0","100","(76991138,76991139,76991140,76991141)"
"157001797","4","5","90203956","91290626","500","700","(31020005,9,31010058,2,31000061,1)","150","0","5","(31140134,1,31102507,1,31090502,1)","0","100","(76991138,76991139,76991140,76991141)"
"157001798","4","5","90203957","91290627","700","900","(31020005,9,31010058,2,31000061,1)","210","0","5","(31140134,1,31102512,1,31090502,1)","0","100","(76991138,76991139,76991140,76991141)"
"157001799","4","5","90203958","91290628","900","1100","(31020005,9,31010058,2,31000061,1)","270","0","5","(31140134,1,31102517,1,31090502,1)","0","100","(76991138,76991139,76991140,76991141)"
"157001800","4","5","90203959","91290629","1100","1300","(31020005,9,31010058,2,31000061,1)","330","0","5","(31140134,1,31102522,1,31090502,1)","0","100","(76991138,76991139,76991140,76991141)"
"157001801","4","5","90203960","91290630","1300","1600","(31020005,15,31010058,3,31000061,1)","390","90203634","5","(31090501,1,31102208,1,31090502,1)","0","100","(76991142,76991143,76991144,76991145)"
"157001802","4","5","90203961","91290631","1600","1900","(31020005,15,31010058,3,31000061,1)","480","0","5","(31090501,1,31102218,1,31090502,1)","0","100","(76991142,76991143,76991144,76991145)"
"157001803","4","5","90203962","91290632","1900","2200","(31020005,15,31010058,3,31000061,1)","570","0","5","(31090501,1,31102228,1,31090502,1)","0","100","(76991142,76991143,76991144,76991145)"
"157001804","4","5","90203963","91290633","2200","2500","(31020005,15,31010058,3,31000061,1)","660","0","5","(31090501,1,31102238,1,31090502,1)","0","100","(76991142,76991143,76991144,76991145)"
"157001805","4","5","90203964","91290634","2500","2800","(31020005,15,31010058,3,31000061,1)","750","0","5","(31090501,1,31102248,1,31090502,1)","0","100","(76991142,76991143,76991144,76991145)"
"157001806","4","5","90203965","91290635","2800","3200","(31100078,1,31020005,15,31010058,4,31000061,1)","840","90203635","5","(31090501,1,31102503,1,31090502,2)","39000079","80","(76991146,76991147,76991148,76991149)"
"157001807","4","5","90203966","91290636","3200","3600","(31100078,1,31020005,15,31010058,4,31000061,1)","960","0","5","(31090501,1,31102508,1,31090502,2)","39000079","80","(76991146,76991147,76991148,76991149)"
"157001808","4","5","90203967","91290637","3600","4000","(31100078,1,31020005,15,31010058,4,31000061,1)","1080","0","5","(31090501,1,31102513,1,31090502,2)","39000079","80","(76991146,76991147,76991148,76991149)"
"157001809","4","5","90203968","91290638","4000","4400","(31100078,1,31020005,15,31010058,4,31000061,1)","1200","0","5","(31090501,1,31102518,1,31090502,2)","39000079","80","(76991146,76991147,76991148,76991149)"
"157001810","4","5","90203969","91290639","4400","4800","(31100078,1,31020005,15,31010058,4,31000061,1)","1320","0","5","(31090501,1,31102523,1,31090502,2)","39000079","80","(76991146,76991147,76991148,76991149)"
"157001811","4","5","90203970","91290640","4800","5300","(31100079,1,31020005,21,31010058,5,31000061,1)","1440","90203636","5","(31090501,1,31102209,1,31090502,2)","39000080","65","(76991150,76991151,76991152,76991153)"
"157001812","4","5","90203971","91290641","5300","5800","(31100079,1,31020005,21,31010058,5,31000061,1)","1590","0","5","(31090501,1,31102219,1,31090502,2)","39000080","65","(76991150,76991151,76991152,76991153)"
"157001813","4","5","90203972","91290642","5800","6300","(31100079,1,31020005,21,31010058,5,31000061,1)","1740","0","5","(31090501,1,31102229,1,31090502,2)","39000080","65","(76991150,76991151,76991152,76991153)"
"157001814","4","5","90203973","91290643","6300","6800","(31100079,1,31020005,21,31010058,5,31000061,1)","1890","0","5","(31090501,1,31102239,1,31090502,2)","39000080","65","(76991150,76991151,76991152,76991153)"
"157001815","4","5","90203974","91290644","6800","7300","(31100079,1,31020005,21,31010058,5,31000061,1)","2040","0","5","(31090501,1,31102249,1,31090502,2)","39000080","65","(76991150,76991151,76991152,76991153)"
"157001816","4","5","90203975","91290645","7300","7900","(31100080,1,31020005,30,31010058,6,31000061,1)","2190","90203637","5","(31090501,1,31102504,1,31000166,3)","39000081","50","(76991154,76991155,76991156,76991157)"
"157001817","4","5","90203976","91290646","7900","8500","(31100080,1,31020005,30,31010058,6,31000061,1)","2370","0","5","(31090501,1,31102509,1,31000166,3)","39000081","50","(76991154,76991155,76991156,76991157)"
"157001818","4","5","90203977","91290647","8500","9200","(31100080,1,31020005,30,31010058,6,31000061,1)","2550","0","5","(31090501,1,31102514,1,31000166,3)","39000081","50","(76991154,76991155,76991156,76991157)"
"157001819","4","5","90203978","91290648","9200","10000","(31100080,1,31020005,30,31010058,6,31000061,1)","2760","0","5","(31090501,1,31102519,1,31000166,3)","39000081","50","(76991154,76991155,76991156,76991157)"
"157001820","4","5","90203979","91290649","10000","999999","(31100080,1,31020005,30,31010058,6,31000061,1)","3000","0","5","(31090501,1,31102524,1,31000166,3)","39000081","50","(76991154,76991155,76991156,76991157)"
"157001821","4","6","90203952","91290622","0","100","(31020005,6,31010058,1,31000061,1)","0","90203632","5","(31140133,1,31102501,1,31090502,1)","0","100","(76991134,76991135,76991136,76991137)"
"157001822","4","6","90203953","91290623","100","200","(31020005,6,31010058,1,31000061,1)","0","0","5","(31140133,1,31102511,1,31090502,1)","0","100","(76991134,76991135,76991136,76991137)"
"157001823","4","6","90203954","91290624","200","300","(31020005,6,31010058,1,31000061,1)","0","0","5","(31140133,1,31102521,1,31090502,1)","0","100","(76991134,76991135,76991136,76991137)"
"157001824","4","6","90203955","91290625","300","500","(31020005,9,31010058,2,31000061,1)","90","90203633","5","(31140134,1,31102502,1,31090502,1)","0","100","(76991138,76991139,76991140,76991141)"
"157001825","4","6","90203956","91290626","500","700","(31020005,9,31010058,2,31000061,1)","150","0","5","(31140134,1,31102507,1,31090502,1)","0","100","(76991138,76991139,76991140,76991141)"
"157001826","4","6","90203957","91290627","700","900","(31020005,9,31010058,2,31000061,1)","210","0","5","(31140134,1,31102512,1,31090502,1)","0","100","(76991138,76991139,76991140,76991141)"
"157001827","4","6","90203958","91290628","900","1100","(31020005,9,31010058,2,31000061,1)","270","0","5","(31140134,1,31102517,1,31090502,1)","0","100","(76991138,76991139,76991140,76991141)"
"157001828","4","6","90203959","91290629","1100","1300","(31020005,9,31010058,2,31000061,1)","330","0","5","(31140134,1,31102522,1,31090502,1)","0","100","(76991138,76991139,76991140,76991141)"
"157001829","4","6","90203960","91290630","1300","1600","(31020005,15,31010058,3,31000061,1)","390","90203634","5","(31090501,1,31102208,1,31090502,1)","0","100","(76991142,76991143,76991144,76991145)"
"157001830","4","6","90203961","91290631","1600","1900","(31020005,15,31010058,3,31000061,1)","480","0","5","(31090501,1,31102218,1,31090502,1)","0","100","(76991142,76991143,76991144,76991145)"
"157001831","4","6","90203962","91290632","1900","2200","(31020005,15,31010058,3,31000061,1)","570","0","5","(31090501,1,31102228,1,31090502,1)","0","100","(76991142,76991143,76991144,76991145)"
"157001832","4","6","90203963","91290633","2200","2500","(31020005,15,31010058,3,31000061,1)","660","0","5","(31090501,1,31102238,1,31090502,1)","0","100","(76991142,76991143,76991144,76991145)"
"157001833","4","6","90203964","91290634","2500","2800","(31020005,15,31010058,3,31000061,1)","750","0","5","(31090501,1,31102248,1,31090502,1)","0","100","(76991142,76991143,76991144,76991145)"
"157001834","4","6","90203965","91290635","2800","3200","(31100078,1,31020005,15,31010058,4,31000061,1)","840","90203635","5","(31090501,1,31102503,1,31090502,2)","39000079","80","(76991146,76991147,76991148,76991149)"
"157001835","4","6","90203966","91290636","3200","3600","(31100078,1,31020005,15,31010058,4,31000061,1)","960","0","5","(31090501,1,31102508,1,31090502,2)","39000079","80","(76991146,76991147,76991148,76991149)"
"157001836","4","6","90203967","91290637","3600","4000","(31100078,1,31020005,15,31010058,4,31000061,1)","1080","0","5","(31090501,1,31102513,1,31090502,2)","39000079","80","(76991146,76991147,76991148,76991149)"
"157001837","4","6","90203968","91290638","4000","4400","(31100078,1,31020005,15,31010058,4,31000061,1)","1200","0","5","(31090501,1,31102518,1,31090502,2)","39000079","80","(76991146,76991147,76991148,76991149)"
"157001838","4","6","90203969","91290639","4400","4800","(31100078,1,31020005,15,31010058,4,31000061,1)","1320","0","5","(31090501,1,31102523,1,31090502,2)","39000079","80","(76991146,76991147,76991148,76991149)"
"157001839","4","6","90203970","91290640","4800","5300","(31100079,1,31020005,21,31010058,5,31000061,1)","1440","90203636","5","(31090501,1,31102209,1,31090502,2)","39000080","65","(76991150,76991151,76991152,76991153)"
"157001840","4","6","90203971","91290641","5300","5800","(31100079,1,31020005,21,31010058,5,31000061,1)","1590","0","5","(31090501,1,31102219,1,31090502,2)","39000080","65","(76991150,76991151,76991152,76991153)"
"157001841","4","6","90203972","91290642","5800","6300","(31100079,1,31020005,21,31010058,5,31000061,1)","1740","0","5","(31090501,1,31102229,1,31090502,2)","39000080","65","(76991150,76991151,76991152,76991153)"
"157001842","4","6","90203973","91290643","6300","6800","(31100079,1,31020005,21,31010058,5,31000061,1)","1890","0","5","(31090501,1,31102239,1,31090502,2)","39000080","65","(76991150,76991151,76991152,76991153)"
"157001843","4","6","90203974","91290644","6800","7300","(31100079,1,31020005,21,31010058,5,31000061,1)","2040","0","5","(31090501,1,31102249,1,31090502,2)","39000080","65","(76991150,76991151,76991152,76991153)"
"157001844","4","6","90203975","91290645","7300","7900","(31100080,1,31020005,30,31010058,6,31000061,1)","2190","90203637","5","(31090501,1,31102504,1,31000166,3)","39000081","50","(76991154,76991155,76991156,76991157)"
"157001845","4","6","90203976","91290646","7900","8500","(31100080,1,31020005,30,31010058,6,31000061,1)","2370","0","5","(31090501,1,31102509,1,31000166,3)","39000081","50","(76991154,76991155,76991156,76991157)"
"157001846","4","6","90203977","91290647","8500","9200","(31100080,1,31020005,30,31010058,6,31000061,1)","2550","0","5","(31090501,1,31102514,1,31000166,3)","39000081","50","(76991154,76991155,76991156,76991157)"
"157001847","4","6","90203978","91290648","9200","10000","(31100080,1,31020005,30,31010058,6,31000061,1)","2760","0","5","(31090501,1,31102519,1,31000166,3)","39000081","50","(76991154,76991155,76991156,76991157)"
"157001848","4","6","90203979","91290649","10000","999999","(31100080,1,31020005,30,31010058,6,31000061,1)","3000","0","5","(31090501,1,31102524,1,31000166,3)","39000081","50","(76991154,76991155,76991156,76991157)"
"157001849","4","7","90203952","91290622","0","100","(31020005,6,31010058,1,31000061,1)","0","90203632","5","(31140133,1,31102501,1,31090502,1)","0","100","(76991134,76991135,76991136,76991137)"
"157001850","4","7","90203953","91290623","100","200","(31020005,6,31010058,1,31000061,1)","0","0","5","(31140133,1,31102511,1,31090502,1)","0","100","(76991134,76991135,76991136,76991137)"
"157001851","4","7","90203954","91290624","200","300","(31020005,6,31010058,1,31000061,1)","0","0","5","(31140133,1,31102521,1,31090502,1)","0","100","(76991134,76991135,76991136,76991137)"
"157001852","4","7","90203955","91290625","300","500","(31020005,9,31010058,2,31000061,1)","90","90203633","5","(31140134,1,31102502,1,31090502,1)","0","100","(76991138,76991139,76991140,76991141)"
"157001853","4","7","90203956","91290626","500","700","(31020005,9,31010058,2,31000061,1)","150","0","5","(31140134,1,31102507,1,31090502,1)","0","100","(76991138,76991139,76991140,76991141)"
"157001854","4","7","90203957","91290627","700","900","(31020005,9,31010058,2,31000061,1)","210","0","5","(31140134,1,31102512,1,31090502,1)","0","100","(76991138,76991139,76991140,76991141)"
"157001855","4","7","90203958","91290628","900","1100","(31020005,9,31010058,2,31000061,1)","270","0","5","(31140134,1,31102517,1,31090502,1)","0","100","(76991138,76991139,76991140,76991141)"
"157001856","4","7","90203959","91290629","1100","1300","(31020005,9,31010058,2,31000061,1)","330","0","5","(31140134,1,31102522,1,31090502,1)","0","100","(76991138,76991139,76991140,76991141)"
"157001857","4","7","90203960","91290630","1300","1600","(31020005,15,31010058,3,31000061,1)","390","90203634","5","(31090501,1,31102208,1,31090502,1)","0","100","(76991142,76991143,76991144,76991145)"
"157001858","4","7","90203961","91290631","1600","1900","(31020005,15,31010058,3,31000061,1)","480","0","5","(31090501,1,31102218,1,31090502,1)","0","100","(76991142,76991143,76991144,76991145)"
"157001859","4","7","90203962","91290632","1900","2200","(31020005,15,31010058,3,31000061,1)","570","0","5","(31090501,1,31102228,1,31090502,1)","0","100","(76991142,76991143,76991144,76991145)"
"157001860","4","7","90203963","91290633","2200","2500","(31020005,15,31010058,3,31000061,1)","660","0","5","(31090501,1,31102238,1,31090502,1)","0","100","(76991142,76991143,76991144,76991145)"
"157001861","4","7","90203964","91290634","2500","2800","(31020005,15,31010058,3,31000061,1)","750","0","5","(31090501,1,31102248,1,31090502,1)","0","100","(76991142,76991143,76991144,76991145)"
"157001862","4","7","90203965","91290635","2800","3200","(31100078,1,31020005,15,31010058,4,31000061,1)","840","90203635","5","(31090501,1,31102503,1,31090502,2)","39000079","80","(76991146,76991147,76991148,76991149)"
"157001863","4","7","90203966","91290636","3200","3600","(31100078,1,31020005,15,31010058,4,31000061,1)","960","0","5","(31090501,1,31102508,1,31090502,2)","39000079","80","(76991146,76991147,76991148,76991149)"
"157001864","4","7","90203967","91290637","3600","4000","(31100078,1,31020005,15,31010058,4,31000061,1)","1080","0","5","(31090501,1,31102513,1,31090502,2)","39000079","80","(76991146,76991147,76991148,76991149)"
"157001865","4","7","90203968","91290638","4000","4400","(31100078,1,31020005,15,31010058,4,31000061,1)","1200","0","5","(31090501,1,31102518,1,31090502,2)","39000079","80","(76991146,76991147,76991148,76991149)"
"157001866","4","7","90203969","91290639","4400","4800","(31100078,1,31020005,15,31010058,4,31000061,1)","1320","0","5","(31090501,1,31102523,1,31090502,2)","39000079","80","(76991146,76991147,76991148,76991149)"
"157001867","4","7","90203970","91290640","4800","5300","(31100079,1,31020005,21,31010058,5,31000061,1)","1440","90203636","5","(31090501,1,31102209,1,31090502,2)","39000080","65","(76991150,76991151,76991152,76991153)"
"157001868","4","7","90203971","91290641","5300","5800","(31100079,1,31020005,21,31010058,5,31000061,1)","1590","0","5","(31090501,1,31102219,1,31090502,2)","39000080","65","(76991150,76991151,76991152,76991153)"
"157001869","4","7","90203972","91290642","5800","6300","(31100079,1,31020005,21,31010058,5,31000061,1)","1740","0","5","(31090501,1,31102229,1,31090502,2)","39000080","65","(76991150,76991151,76991152,76991153)"
"157001870","4","7","90203973","91290643","6300","6800","(31100079,1,31020005,21,31010058,5,31000061,1)","1890","0","5","(31090501,1,31102239,1,31090502,2)","39000080","65","(76991150,76991151,76991152,76991153)"
"157001871","4","7","90203974","91290644","6800","7300","(31100079,1,31020005,21,31010058,5,31000061,1)","2040","0","5","(31090501,1,31102249,1,31090502,2)","39000080","65","(76991150,76991151,76991152,76991153)"
"157001872","4","7","90203975","91290645","7300","7900","(31100080,1,31020005,30,31010058,6,31000061,1)","2190","90203637","5","(31090501,1,31102504,1,31000166,3)","39000081","50","(76991154,76991155,76991156,76991157)"
"157001873","4","7","90203976","91290646","7900","8500","(31100080,1,31020005,30,31010058,6,31000061,1)","2370","0","5","(31090501,1,31102509,1,31000166,3)","39000081","50","(76991154,76991155,76991156,76991157)"
"157001874","4","7","90203977","91290647","8500","9200","(31100080,1,31020005,30,31010058,6,31000061,1)","2550","0","5","(31090501,1,31102514,1,31000166,3)","39000081","50","(76991154,76991155,76991156,76991157)"
"157001875","4","7","90203978","91290648","9200","10000","(31100080,1,31020005,30,31010058,6,31000061,1)","2760","0","5","(31090501,1,31102519,1,31000166,3)","39000081","50","(76991154,76991155,76991156,76991157)"
"157001876","4","7","90203979","91290649","10000","999999","(31100080,1,31020005,30,31010058,6,31000061,1)","3000","0","5","(31090501,1,31102524,1,31000166,3)","39000081","50","(76991154,76991155,76991156,76991157)"
"157001877","4","8","90203952","91290622","0","100","(31020005,6,31010058,1,31000061,1)","0","90203632","5","(31140133,1,31102501,1,31090502,1)","0","100","(76991134,76991135,76991136,76991137)"
"157001878","4","8","90203953","91290623","100","200","(31020005,6,31010058,1,31000061,1)","0","0","5","(31140133,1,31102511,1,31090502,1)","0","100","(76991134,76991135,76991136,76991137)"
"157001879","4","8","90203954","91290624","200","300","(31020005,6,31010058,1,31000061,1)","0","0","5","(31140133,1,31102521,1,31090502,1)","0","100","(76991134,76991135,76991136,76991137)"
"157001880","4","8","90203955","91290625","300","500","(31020005,9,31010058,2,31000061,1)","90","90203633","5","(31140134,1,31102502,1,31090502,1)","0","100","(76991138,76991139,76991140,76991141)"
"157001881","4","8","90203956","91290626","500","700","(31020005,9,31010058,2,31000061,1)","150","0","5","(31140134,1,31102507,1,31090502,1)","0","100","(76991138,76991139,76991140,76991141)"
"157001882","4","8","90203957","91290627","700","900","(31020005,9,31010058,2,31000061,1)","210","0","5","(31140134,1,31102512,1,31090502,1)","0","100","(76991138,76991139,76991140,76991141)"
"157001883","4","8","90203958","91290628","900","1100","(31020005,9,31010058,2,31000061,1)","270","0","5","(31140134,1,31102517,1,31090502,1)","0","100","(76991138,76991139,76991140,76991141)"
"157001884","4","8","90203959","91290629","1100","1300","(31020005,9,31010058,2,31000061,1)","330","0","5","(31140134,1,31102522,1,31090502,1)","0","100","(76991138,76991139,76991140,76991141)"
"157001885","4","8","90203960","91290630","1300","1600","(31020005,15,31010058,3,31000061,1)","390","90203634","5","(31090501,1,31102208,1,31090502,1)","0","100","(76991142,76991143,76991144,76991145)"
"157001886","4","8","90203961","91290631","1600","1900","(31020005,15,31010058,3,31000061,1)","480","0","5","(31090501,1,31102218,1,31090502,1)","0","100","(76991142,76991143,76991144,76991145)"
"157001887","4","8","90203962","91290632","1900","2200","(31020005,15,31010058,3,31000061,1)","570","0","5","(31090501,1,31102228,1,31090502,1)","0","100","(76991142,76991143,76991144,76991145)"
"157001888","4","8","90203963","91290633","2200","2500","(31020005,15,31010058,3,31000061,1)","660","0","5","(31090501,1,31102238,1,31090502,1)","0","100","(76991142,76991143,76991144,76991145)"
"157001889","4","8","90203964","91290634","2500","2800","(31020005,15,31010058,3,31000061,1)","750","0","5","(31090501,1,31102248,1,31090502,1)","0","100","(76991142,76991143,76991144,76991145)"
"157001890","4","8","90203965","91290635","2800","3200","(31100078,1,31020005,15,31010058,4,31000061,1)","840","90203635","5","(31090501,1,31102503,1,31090502,2)","39000079","80","(76991146,76991147,76991148,76991149)"
"157001891","4","8","90203966","91290636","3200","3600","(31100078,1,31020005,15,31010058,4,31000061,1)","960","0","5","(31090501,1,31102508,1,31090502,2)","39000079","80","(76991146,76991147,76991148,76991149)"
"157001892","4","8","90203967","91290637","3600","4000","(31100078,1,31020005,15,31010058,4,31000061,1)","1080","0","5","(31090501,1,31102513,1,31090502,2)","39000079","80","(76991146,76991147,76991148,76991149)"
"157001893","4","8","90203968","91290638","4000","4400","(31100078,1,31020005,15,31010058,4,31000061,1)","1200","0","5","(31090501,1,31102518,1,31090502,2)","39000079","80","(76991146,76991147,76991148,76991149)"
"157001894","4","8","90203969","91290639","4400","4800","(31100078,1,31020005,15,31010058,4,31000061,1)","1320","0","5","(31090501,1,31102523,1,31090502,2)","39000079","80","(76991146,76991147,76991148,76991149)"
"157001895","4","8","90203970","91290640","4800","5300","(31100079,1,31020005,21,31010058,5,31000061,1)","1440","90203636","5","(31090501,1,31102209,1,31090502,2)","39000080","65","(76991150,76991151,76991152,76991153)"
"157001896","4","8","90203971","91290641","5300","5800","(31100079,1,31020005,21,31010058,5,31000061,1)","1590","0","5","(31090501,1,31102219,1,31090502,2)","39000080","65","(76991150,76991151,76991152,76991153)"
"157001897","4","8","90203972","91290642","5800","6300","(31100079,1,31020005,21,31010058,5,31000061,1)","1740","0","5","(31090501,1,31102229,1,31090502,2)","39000080","65","(76991150,76991151,76991152,76991153)"
"157001898","4","8","90203973","91290643","6300","6800","(31100079,1,31020005,21,31010058,5,31000061,1)","1890","0","5","(31090501,1,31102239,1,31090502,2)","39000080","65","(76991150,76991151,76991152,76991153)"
"157001899","4","8","90203974","91290644","6800","7300","(31100079,1,31020005,21,31010058,5,31000061,1)","2040","0","5","(31090501,1,31102249,1,31090502,2)","39000080","65","(76991150,76991151,76991152,76991153)"
"157001900","4","8","90203975","91290645","7300","7900","(31100080,1,31020005,30,31010058,6,31000061,1)","2190","90203637","5","(31090501,1,31102504,1,31000166,3)","39000081","50","(76991154,76991155,76991156,76991157)"
"157001901","4","8","90203976","91290646","7900","8500","(31100080,1,31020005,30,31010058,6,31000061,1)","2370","0","5","(31090501,1,31102509,1,31000166,3)","39000081","50","(76991154,76991155,76991156,76991157)"
"157001902","4","8","90203977","91290647","8500","9200","(31100080,1,31020005,30,31010058,6,31000061,1)","2550","0","5","(31090501,1,31102514,1,31000166,3)","39000081","50","(76991154,76991155,76991156,76991157)"
"157001903","4","8","90203978","91290648","9200","10000","(31100080,1,31020005,30,31010058,6,31000061,1)","2760","0","5","(31090501,1,31102519,1,31000166,3)","39000081","50","(76991154,76991155,76991156,76991157)"
"157001904","4","8","90203979","91290649","10000","999999","(31100080,1,31020005,30,31010058,6,31000061,1)","3000","0","5","(31090501,1,31102524,1,31000166,3)","39000081","50","(76991154,76991155,76991156,76991157)"
"157001905","4","9","90203952","91290622","0","100","(31020005,6,31010058,1,31000061,1)","0","90203632","5","(31140133,1,31102501,1,31090502,1)","0","100","(76991134,76991135,76991136,76991137)"
"157001906","4","9","90203953","91290623","100","200","(31020005,6,31010058,1,31000061,1)","0","0","5","(31140133,1,31102511,1,31090502,1)","0","100","(76991134,76991135,76991136,76991137)"
"157001907","4","9","90203954","91290624","200","300","(31020005,6,31010058,1,31000061,1)","0","0","5","(31140133,1,31102521,1,31090502,1)","0","100","(76991134,76991135,76991136,76991137)"
"157001908","4","9","90203955","91290625","300","500","(31020005,9,31010058,2,31000061,1)","90","90203633","5","(31140134,1,31102502,1,31090502,1)","0","100","(76991138,76991139,76991140,76991141)"
"157001909","4","9","90203956","91290626","500","700","(31020005,9,31010058,2,31000061,1)","150","0","5","(31140134,1,31102507,1,31090502,1)","0","100","(76991138,76991139,76991140,76991141)"
"157001910","4","9","90203957","91290627","700","900","(31020005,9,31010058,2,31000061,1)","210","0","5","(31140134,1,31102512,1,31090502,1)","0","100","(76991138,76991139,76991140,76991141)"
"157001911","4","9","90203958","91290628","900","1100","(31020005,9,31010058,2,31000061,1)","270","0","5","(31140134,1,31102517,1,31090502,1)","0","100","(76991138,76991139,76991140,76991141)"
"157001912","4","9","90203959","91290629","1100","1300","(31020005,9,31010058,2,31000061,1)","330","0","5","(31140134,1,31102522,1,31090502,1)","0","100","(76991138,76991139,76991140,76991141)"
"157001913","4","9","90203960","91290630","1300","1600","(31020005,15,31010058,3,31000061,1)","390","90203634","5","(31090501,1,31102208,1,31090502,1)","0","100","(76991142,76991143,76991144,76991145)"
"157001914","4","9","90203961","91290631","1600","1900","(31020005,15,31010058,3,31000061,1)","480","0","5","(31090501,1,31102218,1,31090502,1)","0","100","(76991142,76991143,76991144,76991145)"
"157001915","4","9","90203962","91290632","1900","2200","(31020005,15,31010058,3,31000061,1)","570","0","5","(31090501,1,31102228,1,31090502,1)","0","100","(76991142,76991143,76991144,76991145)"
"157001916","4","9","90203963","91290633","2200","2500","(31020005,15,31010058,3,31000061,1)","660","0","5","(31090501,1,31102238,1,31090502,1)","0","100","(76991142,76991143,76991144,76991145)"
"157001917","4","9","90203964","91290634","2500","2800","(31020005,15,31010058,3,31000061,1)","750","0","5","(31090501,1,31102248,1,31090502,1)","0","100","(76991142,76991143,76991144,76991145)"
"157001918","4","9","90203965","91290635","2800","3200","(31100078,1,31020005,15,31010058,4,31000061,1)","840","90203635","5","(31090501,1,31102503,1,31090502,2)","39000079","80","(76991146,76991147,76991148,76991149)"
"157001919","4","9","90203966","91290636","3200","3600","(31100078,1,31020005,15,31010058,4,31000061,1)","960","0","5","(31090501,1,31102508,1,31090502,2)","39000079","80","(76991146,76991147,76991148,76991149)"
"157001920","4","9","90203967","91290637","3600","4000","(31100078,1,31020005,15,31010058,4,31000061,1)","1080","0","5","(31090501,1,31102513,1,31090502,2)","39000079","80","(76991146,76991147,76991148,76991149)"
"157001921","4","9","90203968","91290638","4000","4400","(31100078,1,31020005,15,31010058,4,31000061,1)","1200","0","5","(31090501,1,31102518,1,31090502,2)","39000079","80","(76991146,76991147,76991148,76991149)"
"157001922","4","9","90203969","91290639","4400","4800","(31100078,1,31020005,15,31010058,4,31000061,1)","1320","0","5","(31090501,1,31102523,1,31090502,2)","39000079","80","(76991146,76991147,76991148,76991149)"
"157001923","4","9","90203970","91290640","4800","5300","(31100079,1,31020005,21,31010058,5,31000061,1)","1440","90203636","5","(31090501,1,31102209,1,31090502,2)","39000080","65","(76991150,76991151,76991152,76991153)"
"157001924","4","9","90203971","91290641","5300","5800","(31100079,1,31020005,21,31010058,5,31000061,1)","1590","0","5","(31090501,1,31102219,1,31090502,2)","39000080","65","(76991150,76991151,76991152,76991153)"
"157001925","4","9","90203972","91290642","5800","6300","(31100079,1,31020005,21,31010058,5,31000061,1)","1740","0","5","(31090501,1,31102229,1,31090502,2)","39000080","65","(76991150,76991151,76991152,76991153)"
"157001926","4","9","90203973","91290643","6300","6800","(31100079,1,31020005,21,31010058,5,31000061,1)","1890","0","5","(31090501,1,31102239,1,31090502,2)","39000080","65","(76991150,76991151,76991152,76991153)"
"157001927","4","9","90203974","91290644","6800","7300","(31100079,1,31020005,21,31010058,5,31000061,1)","2040","0","5","(31090501,1,31102249,1,31090502,2)","39000080","65","(76991150,76991151,76991152,76991153)"
"157001928","4","9","90203975","91290645","7300","7900","(31100080,1,31020005,30,31010058,6,31000061,1)","2190","90203637","5","(31090501,1,31102504,1,31000166,3)","39000081","50","(76991154,76991155,76991156,76991157)"
"157001929","4","9","90203976","91290646","7900","8500","(31100080,1,31020005,30,31010058,6,31000061,1)","2370","0","5","(31090501,1,31102509,1,31000166,3)","39000081","50","(76991154,76991155,76991156,76991157)"
"157001930","4","9","90203977","91290647","8500","9200","(31100080,1,31020005,30,31010058,6,31000061,1)","2550","0","5","(31090501,1,31102514,1,31000166,3)","39000081","50","(76991154,76991155,76991156,76991157)"
"157001931","4","9","90203978","91290648","9200","10000","(31100080,1,31020005,30,31010058,6,31000061,1)","2760","0","5","(31090501,1,31102519,1,31000166,3)","39000081","50","(76991154,76991155,76991156,76991157)"
"157001932","4","9","90203979","91290649","10000","999999","(31100080,1,31020005,30,31010058,6,31000061,1)","3000","0","5","(31090501,1,31102524,1,31000166,3)","39000081","50","(76991154,76991155,76991156,76991157)"
"157001933","4","10","90203952","91290622","0","100","(31020005,6,31010058,1,31000061,1)","0","90203632","5","(31140133,1,31102501,1,31090502,1)","0","100","(76991134,76991135,76991136,76991137)"
"157001934","4","10","90203953","91290623","100","200","(31020005,6,31010058,1,31000061,1)","0","0","5","(31140133,1,31102511,1,31090502,1)","0","100","(76991134,76991135,76991136,76991137)"
"157001935","4","10","90203954","91290624","200","300","(31020005,6,31010058,1,31000061,1)","0","0","5","(31140133,1,31102521,1,31090502,1)","0","100","(76991134,76991135,76991136,76991137)"
"157001936","4","10","90203955","91290625","300","500","(31020005,9,31010058,2,31000061,1)","90","90203633","5","(31140134,1,31102502,1,31090502,1)","0","100","(76991138,76991139,76991140,76991141)"
"157001937","4","10","90203956","91290626","500","700","(31020005,9,31010058,2,31000061,1)","150","0","5","(31140134,1,31102507,1,31090502,1)","0","100","(76991138,76991139,76991140,76991141)"
"157001938","4","10","90203957","91290627","700","900","(31020005,9,31010058,2,31000061,1)","210","0","5","(31140134,1,31102512,1,31090502,1)","0","100","(76991138,76991139,76991140,76991141)"
"157001939","4","10","90203958","91290628","900","1100","(31020005,9,31010058,2,31000061,1)","270","0","5","(31140134,1,31102517,1,31090502,1)","0","100","(76991138,76991139,76991140,76991141)"
"157001940","4","10","90203959","91290629","1100","1300","(31020005,9,31010058,2,31000061,1)","330","0","5","(31140134,1,31102522,1,31090502,1)","0","100","(76991138,76991139,76991140,76991141)"
"157001941","4","10","90203960","91290630","1300","1600","(31020005,15,31010058,3,31000061,1)","390","90203634","5","(31090501,1,31102208,1,31090502,1)","0","100","(76991142,76991143,76991144,76991145)"
"157001942","4","10","90203961","91290631","1600","1900","(31020005,15,31010058,3,31000061,1)","480","0","5","(31090501,1,31102218,1,31090502,1)","0","100","(76991142,76991143,76991144,76991145)"
"157001943","4","10","90203962","91290632","1900","2200","(31020005,15,31010058,3,31000061,1)","570","0","5","(31090501,1,31102228,1,31090502,1)","0","100","(76991142,76991143,76991144,76991145)"
"157001944","4","10","90203963","91290633","2200","2500","(31020005,15,31010058,3,31000061,1)","660","0","5","(31090501,1,31102238,1,31090502,1)","0","100","(76991142,76991143,76991144,76991145)"
"157001945","4","10","90203964","91290634","2500","2800","(31020005,15,31010058,3,31000061,1)","750","0","5","(31090501,1,31102248,1,31090502,1)","0","100","(76991142,76991143,76991144,76991145)"
"157001946","4","10","90203965","91290635","2800","3200","(31100078,1,31020005,15,31010058,4,31000061,1)","840","90203635","5","(31090501,1,31102503,1,31090502,2)","39000079","80","(76991146,76991147,76991148,76991149)"
"157001947","4","10","90203966","91290636","3200","3600","(31100078,1,31020005,15,31010058,4,31000061,1)","960","0","5","(31090501,1,31102508,1,31090502,2)","39000079","80","(76991146,76991147,76991148,76991149)"
"157001948","4","10","90203967","91290637","3600","4000","(31100078,1,31020005,15,31010058,4,31000061,1)","1080","0","5","(31090501,1,31102513,1,31090502,2)","39000079","80","(76991146,76991147,76991148,76991149)"
"157001949","4","10","90203968","91290638","4000","4400","(31100078,1,31020005,15,31010058,4,31000061,1)","1200","0","5","(31090501,1,31102518,1,31090502,2)","39000079","80","(76991146,76991147,76991148,76991149)"
"157001950","4","10","90203969","91290639","4400","4800","(31100078,1,31020005,15,31010058,4,31000061,1)","1320","0","5","(31090501,1,31102523,1,31090502,2)","39000079","80","(76991146,76991147,76991148,76991149)"
"157001951","4","10","90203970","91290640","4800","5300","(31100079,1,31020005,21,31010058,5,31000061,1)","1440","90203636","5","(31090501,1,31102209,1,31090502,2)","39000080","65","(76991150,76991151,76991152,76991153)"
"157001952","4","10","90203971","91290641","5300","5800","(31100079,1,31020005,21,31010058,5,31000061,1)","1590","0","5","(31090501,1,31102219,1,31090502,2)","39000080","65","(76991150,76991151,76991152,76991153)"
"157001953","4","10","90203972","91290642","5800","6300","(31100079,1,31020005,21,31010058,5,31000061,1)","1740","0","5","(31090501,1,31102229,1,31090502,2)","39000080","65","(76991150,76991151,76991152,76991153)"
"157001954","4","10","90203973","91290643","6300","6800","(31100079,1,31020005,21,31010058,5,31000061,1)","1890","0","5","(31090501,1,31102239,1,31090502,2)","39000080","65","(76991150,76991151,76991152,76991153)"
"157001955","4","10","90203974","91290644","6800","7300","(31100079,1,31020005,21,31010058,5,31000061,1)","2040","0","5","(31090501,1,31102249,1,31090502,2)","39000080","65","(76991150,76991151,76991152,76991153)"
"157001956","4","10","90203975","91290645","7300","7900","(31100080,1,31020005,30,31010058,6,31000061,1)","2190","90203637","5","(31090501,1,31102504,1,31000166,3)","39000081","50","(76991154,76991155,76991156,76991157)"
"157001957","4","10","90203976","91290646","7900","8500","(31100080,1,31020005,30,31010058,6,31000061,1)","2370","0","5","(31090501,1,31102509,1,31000166,3)","39000081","50","(76991154,76991155,76991156,76991157)"
"157001958","4","10","90203977","91290647","8500","9200","(31100080,1,31020005,30,31010058,6,31000061,1)","2550","0","5","(31090501,1,31102514,1,31000166,3)","39000081","50","(76991154,76991155,76991156,76991157)"
"157001959","4","10","90203978","91290648","9200","10000","(31100080,1,31020005,30,31010058,6,31000061,1)","2760","0","5","(31090501,1,31102519,1,31000166,3)","39000081","50","(76991154,76991155,76991156,76991157)"
"157001960","4","10","90203979","91290649","10000","999999","(31100080,1,31020005,30,31010058,6,31000061,1)","3000","0","5","(31090501,1,31102524,1,31000166,3)","39000081","50","(76991154,76991155,76991156,76991157)"
"157001961","4","11","90203952","91290622","0","100","(31020005,6,31010058,1,31000061,1)","0","90203632","5","(31140133,1,31102501,1,31090502,1)","0","100","(76991134,76991135,76991136,76991137)"
"157001962","4","11","90203953","91290623","100","200","(31020005,6,31010058,1,31000061,1)","0","0","5","(31140133,1,31102511,1,31090502,1)","0","100","(76991134,76991135,76991136,76991137)"
"157001963","4","11","90203954","91290624","200","300","(31020005,6,31010058,1,31000061,1)","0","0","5","(31140133,1,31102521,1,31090502,1)","0","100","(76991134,76991135,76991136,76991137)"
"157001964","4","11","90203955","91290625","300","500","(31020005,9,31010058,2,31000061,1)","90","90203633","5","(31140134,1,31102502,1,31090502,1)","0","100","(76991138,76991139,76991140,76991141)"
"157001965","4","11","90203956","91290626","500","700","(31020005,9,31010058,2,31000061,1)","150","0","5","(31140134,1,31102507,1,31090502,1)","0","100","(76991138,76991139,76991140,76991141)"
"157001966","4","11","90203957","91290627","700","900","(31020005,9,31010058,2,31000061,1)","210","0","5","(31140134,1,31102512,1,31090502,1)","0","100","(76991138,76991139,76991140,76991141)"
"157001967","4","11","90203958","91290628","900","1100","(31020005,9,31010058,2,31000061,1)","270","0","5","(31140134,1,31102517,1,31090502,1)","0","100","(76991138,76991139,76991140,76991141)"
"157001968","4","11","90203959","91290629","1100","1300","(31020005,9,31010058,2,31000061,1)","330","0","5","(31140134,1,31102522,1,31090502,1)","0","100","(76991138,76991139,76991140,76991141)"
"157001969","4","11","90203960","91290630","1300","1600","(31020005,15,31010058,3,31000061,1)","390","90203634","5","(31090501,1,31102208,1,31090502,1)","0","100","(76991142,76991143,76991144,76991145)"
"157001970","4","11","90203961","91290631","1600","1900","(31020005,15,31010058,3,31000061,1)","480","0","5","(31090501,1,31102218,1,31090502,1)","0","100","(76991142,76991143,76991144,76991145)"
"157001971","4","11","90203962","91290632","1900","2200","(31020005,15,31010058,3,31000061,1)","570","0","5","(31090501,1,31102228,1,31090502,1)","0","100","(76991142,76991143,76991144,76991145)"
"157001972","4","11","90203963","91290633","2200","2500","(31020005,15,31010058,3,31000061,1)","660","0","5","(31090501,1,31102238,1,31090502,1)","0","100","(76991142,76991143,76991144,76991145)"
"157001973","4","11","90203964","91290634","2500","2800","(31020005,15,31010058,3,31000061,1)","750","0","5","(31090501,1,31102248,1,31090502,1)","0","100","(76991142,76991143,76991144,76991145)"
"157001974","4","11","90203965","91290635","2800","3200","(31100078,1,31020005,15,31010058,4,31000061,1)","840","90203635","5","(31090501,1,31102503,1,31090502,2)","39000079","80","(76991146,76991147,76991148,76991149)"
"157001975","4","11","90203966","91290636","3200","3600","(31100078,1,31020005,15,31010058,4,31000061,1)","960","0","5","(31090501,1,31102508,1,31090502,2)","39000079","80","(76991146,76991147,76991148,76991149)"
"157001976","4","11","90203967","91290637","3600","4000","(31100078,1,31020005,15,31010058,4,31000061,1)","1080","0","5","(31090501,1,31102513,1,31090502,2)","39000079","80","(76991146,76991147,76991148,76991149)"
"157001977","4","11","90203968","91290638","4000","4400","(31100078,1,31020005,15,31010058,4,31000061,1)","1200","0","5","(31090501,1,31102518,1,31090502,2)","39000079","80","(76991146,76991147,76991148,76991149)"
"157001978","4","11","90203969","91290639","4400","4800","(31100078,1,31020005,15,31010058,4,31000061,1)","1320","0","5","(31090501,1,31102523,1,31090502,2)","39000079","80","(76991146,76991147,76991148,76991149)"
"157001979","4","11","90203970","91290640","4800","5300","(31100079,1,31020005,21,31010058,5,31000061,1)","1440","90203636","5","(31090501,1,31102209,1,31090502,2)","39000080","65","(76991150,76991151,76991152,76991153)"
"157001980","4","11","90203971","91290641","5300","5800","(31100079,1,31020005,21,31010058,5,31000061,1)","1590","0","5","(31090501,1,31102219,1,31090502,2)","39000080","65","(76991150,76991151,76991152,76991153)"
"157001981","4","11","90203972","91290642","5800","6300","(31100079,1,31020005,21,31010058,5,31000061,1)","1740","0","5","(31090501,1,31102229,1,31090502,2)","39000080","65","(76991150,76991151,76991152,76991153)"
"157001982","4","11","90203973","91290643","6300","6800","(31100079,1,31020005,21,31010058,5,31000061,1)","1890","0","5","(31090501,1,31102239,1,31090502,2)","39000080","65","(76991150,76991151,76991152,76991153)"
"157001983","4","11","90203974","91290644","6800","7300","(31100079,1,31020005,21,31010058,5,31000061,1)","2040","0","5","(31090501,1,31102249,1,31090502,2)","39000080","65","(76991150,76991151,76991152,76991153)"
"157001984","4","11","90203975","91290645","7300","7900","(31100080,1,31020005,30,31010058,6,31000061,1)","2190","90203637","5","(31090501,1,31102504,1,31000166,3)","39000081","50","(76991154,76991155,76991156,76991157)"
"157001985","4","11","90203976","91290646","7900","8500","(31100080,1,31020005,30,31010058,6,31000061,1)","2370","0","5","(31090501,1,31102509,1,31000166,3)","39000081","50","(76991154,76991155,76991156,76991157)"
"157001986","4","11","90203977","91290647","8500","9200","(31100080,1,31020005,30,31010058,6,31000061,1)","2550","0","5","(31090501,1,31102514,1,31000166,3)","39000081","50","(76991154,76991155,76991156,76991157)"
"157001987","4","11","90203978","91290648","9200","10000","(31100080,1,31020005,30,31010058,6,31000061,1)","2760","0","5","(31090501,1,31102519,1,31000166,3)","39000081","50","(76991154,76991155,76991156,76991157)"
"157001988","4","11","90203979","91290649","10000","999999","(31100080,1,31020005,30,31010058,6,31000061,1)","3000","0","5","(31090501,1,31102524,1,31000166,3)","39000081","50","(76991154,76991155,76991156,76991157)"
"157001989","4","12","90203952","91290622","0","100","(31020005,6,31010058,1,31000061,1)","0","90203632","5","(31140133,1,31102501,1,31090502,1)","0","100","(76991134,76991135,76991136,76991137)"
"157001990","4","12","90203953","91290623","100","200","(31020005,6,31010058,1,31000061,1)","0","0","5","(31140133,1,31102511,1,31090502,1)","0","100","(76991134,76991135,76991136,76991137)"
"157001991","4","12","90203954","91290624","200","300","(31020005,6,31010058,1,31000061,1)","0","0","5","(31140133,1,31102521,1,31090502,1)","0","100","(76991134,76991135,76991136,76991137)"
"157001992","4","12","90203955","91290625","300","500","(31020005,9,31010058,2,31000061,1)","90","90203633","5","(31140134,1,31102502,1,31090502,1)","0","100","(76991138,76991139,76991140,76991141)"
"157001993","4","12","90203956","91290626","500","700","(31020005,9,31010058,2,31000061,1)","150","0","5","(31140134,1,31102507,1,31090502,1)","0","100","(76991138,76991139,76991140,76991141)"
"157001994","4","12","90203957","91290627","700","900","(31020005,9,31010058,2,31000061,1)","210","0","5","(31140134,1,31102512,1,31090502,1)","0","100","(76991138,76991139,76991140,76991141)"
"157001995","4","12","90203958","91290628","900","1100","(31020005,9,31010058,2,31000061,1)","270","0","5","(31140134,1,31102517,1,31090502,1)","0","100","(76991138,76991139,76991140,76991141)"
"157001996","4","12","90203959","91290629","1100","1300","(31020005,9,31010058,2,31000061,1)","330","0","5","(31140134,1,31102522,1,31090502,1)","0","100","(76991138,76991139,76991140,76991141)"
"157001997","4","12","90203960","91290630","1300","1600","(31020005,15,31010058,3,31000061,1)","390","90203634","5","(31090501,1,31102208,1,31090502,1)","0","100","(76991142,76991143,76991144,76991145)"
"157001998","4","12","90203961","91290631","1600","1900","(31020005,15,31010058,3,31000061,1)","480","0","5","(31090501,1,31102218,1,31090502,1)","0","100","(76991142,76991143,76991144,76991145)"
"157001999","4","12","90203962","91290632","1900","2200","(31020005,15,31010058,3,31000061,1)","570","0","5","(31090501,1,31102228,1,31090502,1)","0","100","(76991142,76991143,76991144,76991145)"
"157002000","4","12","90203963","91290633","2200","2500","(31020005,15,31010058,3,31000061,1)","660","0","5","(31090501,1,31102238,1,31090502,1)","0","100","(76991142,76991143,76991144,76991145)"
"157002001","4","12","90203964","91290634","2500","2800","(31020005,15,31010058,3,31000061,1)","750","0","5","(31090501,1,31102248,1,31090502,1)","0","100","(76991142,76991143,76991144,76991145)"
"157002002","4","12","90203965","91290635","2800","3200","(31100078,1,31020005,15,31010058,4,31000061,1)","840","90203635","5","(31090501,1,31102503,1,31090502,2)","39000079","80","(76991146,76991147,76991148,76991149)"
"157002003","4","12","90203966","91290636","3200","3600","(31100078,1,31020005,15,31010058,4,31000061,1)","960","0","5","(31090501,1,31102508,1,31090502,2)","39000079","80","(76991146,76991147,76991148,76991149)"
"157002004","4","12","90203967","91290637","3600","4000","(31100078,1,31020005,15,31010058,4,31000061,1)","1080","0","5","(31090501,1,31102513,1,31090502,2)","39000079","80","(76991146,76991147,76991148,76991149)"
"157002005","4","12","90203968","91290638","4000","4400","(31100078,1,31020005,15,31010058,4,31000061,1)","1200","0","5","(31090501,1,31102518,1,31090502,2)","39000079","80","(76991146,76991147,76991148,76991149)"
"157002006","4","12","90203969","91290639","4400","4800","(31100078,1,31020005,15,31010058,4,31000061,1)","1320","0","5","(31090501,1,31102523,1,31090502,2)","39000079","80","(76991146,76991147,76991148,76991149)"
"157002007","4","12","90203970","91290640","4800","5300","(31100079,1,31020005,21,31010058,5,31000061,1)","1440","90203636","5","(31090501,1,31102209,1,31090502,2)","39000080","65","(76991150,76991151,76991152,76991153)"
"157002008","4","12","90203971","91290641","5300","5800","(31100079,1,31020005,21,31010058,5,31000061,1)","1590","0","5","(31090501,1,31102219,1,31090502,2)","39000080","65","(76991150,76991151,76991152,76991153)"
"157002009","4","12","90203972","91290642","5800","6300","(31100079,1,31020005,21,31010058,5,31000061,1)","1740","0","5","(31090501,1,31102229,1,31090502,2)","39000080","65","(76991150,76991151,76991152,76991153)"
"157002010","4","12","90203973","91290643","6300","6800","(31100079,1,31020005,21,31010058,5,31000061,1)","1890","0","5","(31090501,1,31102239,1,31090502,2)","39000080","65","(76991150,76991151,76991152,76991153)"
"157002011","4","12","90203974","91290644","6800","7300","(31100079,1,31020005,21,31010058,5,31000061,1)","2040","0","5","(31090501,1,31102249,1,31090502,2)","39000080","65","(76991150,76991151,76991152,76991153)"
"157002012","4","12","90203975","91290645","7300","7900","(31100080,1,31020005,30,31010058,6,31000061,1)","2190","90203637","5","(31090501,1,31102504,1,31000166,3)","39000081","50","(76991154,76991155,76991156,76991157)"
"157002013","4","12","90203976","91290646","7900","8500","(31100080,1,31020005,30,31010058,6,31000061,1)","2370","0","5","(31090501,1,31102509,1,31000166,3)","39000081","50","(76991154,76991155,76991156,76991157)"
"157002014","4","12","90203977","91290647","8500","9200","(31100080,1,31020005,30,31010058,6,31000061,1)","2550","0","5","(31090501,1,31102514,1,31000166,3)","39000081","50","(76991154,76991155,76991156,76991157)"
"157002015","4","12","90203978","91290648","9200","10000","(31100080,1,31020005,30,31010058,6,31000061,1)","2760","0","5","(31090501,1,31102519,1,31000166,3)","39000081","50","(76991154,76991155,76991156,76991157)"
"157002016","4","12","90203979","91290649","10000","999999","(31100080,1,31020005,30,31010058,6,31000061,1)","3000","0","5","(31090501,1,31102524,1,31000166,3)","39000081","50","(76991154,76991155,76991156,76991157)"
"157002017","4","13","90203952","91290622","0","100","(31020005,6,31010058,1,31000061,1)","0","90203632","5","(31140133,1,31102501,1,31090502,1)","0","100","(76991134,76991135,76991136,76991137)"
"157002018","4","13","90203953","91290623","100","200","(31020005,6,31010058,1,31000061,1)","0","0","5","(31140133,1,31102511,1,31090502,1)","0","100","(76991134,76991135,76991136,76991137)"
"157002019","4","13","90203954","91290624","200","300","(31020005,6,31010058,1,31000061,1)","0","0","5","(31140133,1,31102521,1,31090502,1)","0","100","(76991134,76991135,76991136,76991137)"
"157002020","4","13","90203955","91290625","300","500","(31020005,9,31010058,2,31000061,1)","90","90203633","5","(31140134,1,31102502,1,31090502,1)","0","100","(76991138,76991139,76991140,76991141)"
"157002021","4","13","90203956","91290626","500","700","(31020005,9,31010058,2,31000061,1)","150","0","5","(31140134,1,31102507,1,31090502,1)","0","100","(76991138,76991139,76991140,76991141)"
"157002022","4","13","90203957","91290627","700","900","(31020005,9,31010058,2,31000061,1)","210","0","5","(31140134,1,31102512,1,31090502,1)","0","100","(76991138,76991139,76991140,76991141)"
"157002023","4","13","90203958","91290628","900","1100","(31020005,9,31010058,2,31000061,1)","270","0","5","(31140134,1,31102517,1,31090502,1)","0","100","(76991138,76991139,76991140,76991141)"
"157002024","4","13","90203959","91290629","1100","1300","(31020005,9,31010058,2,31000061,1)","330","0","5","(31140134,1,31102522,1,31090502,1)","0","100","(76991138,76991139,76991140,76991141)"
"157002025","4","13","90203960","91290630","1300","1600","(31020005,15,31010058,3,31000061,1)","390","90203634","5","(31090501,1,31102208,1,31090502,1)","0","100","(76991142,76991143,76991144,76991145)"
"157002026","4","13","90203961","91290631","1600","1900","(31020005,15,31010058,3,31000061,1)","480","0","5","(31090501,1,31102218,1,31090502,1)","0","100","(76991142,76991143,76991144,76991145)"
"157002027","4","13","90203962","91290632","1900","2200","(31020005,15,31010058,3,31000061,1)","570","0","5","(31090501,1,31102228,1,31090502,1)","0","100","(76991142,76991143,76991144,76991145)"
"157002028","4","13","90203963","91290633","2200","2500","(31020005,15,31010058,3,31000061,1)","660","0","5","(31090501,1,31102238,1,31090502,1)","0","100","(76991142,76991143,76991144,76991145)"
"157002029","4","13","90203964","91290634","2500","2800","(31020005,15,31010058,3,31000061,1)","750","0","5","(31090501,1,31102248,1,31090502,1)","0","100","(76991142,76991143,76991144,76991145)"
"157002030","4","13","90203965","91290635","2800","3200","(31100078,1,31020005,15,31010058,4,31000061,1)","840","90203635","5","(31090501,1,31102503,1,31090502,2)","39000079","80","(76991146,76991147,76991148,76991149)"
"157002031","4","13","90203966","91290636","3200","3600","(31100078,1,31020005,15,31010058,4,31000061,1)","960","0","5","(31090501,1,31102508,1,31090502,2)","39000079","80","(76991146,76991147,76991148,76991149)"
"157002032","4","13","90203967","91290637","3600","4000","(31100078,1,31020005,15,31010058,4,31000061,1)","1080","0","5","(31090501,1,31102513,1,31090502,2)","39000079","80","(76991146,76991147,76991148,76991149)"
"157002033","4","13","90203968","91290638","4000","4400","(31100078,1,31020005,15,31010058,4,31000061,1)","1200","0","5","(31090501,1,31102518,1,31090502,2)","39000079","80","(76991146,76991147,76991148,76991149)"
"157002034","4","13","90203969","91290639","4400","4800","(31100078,1,31020005,15,31010058,4,31000061,1)","1320","0","5","(31090501,1,31102523,1,31090502,2)","39000079","80","(76991146,76991147,76991148,76991149)"
"157002035","4","13","90203970","91290640","4800","5300","(31100079,1,31020005,21,31010058,5,31000061,1)","1440","90203636","5","(31090501,1,31102209,1,31090502,2)","39000080","65","(76991150,76991151,76991152,76991153)"
"157002036","4","13","90203971","91290641","5300","5800","(31100079,1,31020005,21,31010058,5,31000061,1)","1590","0","5","(31090501,1,31102219,1,31090502,2)","39000080","65","(76991150,76991151,76991152,76991153)"
"157002037","4","13","90203972","91290642","5800","6300","(31100079,1,31020005,21,31010058,5,31000061,1)","1740","0","5","(31090501,1,31102229,1,31090502,2)","39000080","65","(76991150,76991151,76991152,76991153)"
"157002038","4","13","90203973","91290643","6300","6800","(31100079,1,31020005,21,31010058,5,31000061,1)","1890","0","5","(31090501,1,31102239,1,31090502,2)","39000080","65","(76991150,76991151,76991152,76991153)"
"157002039","4","13","90203974","91290644","6800","7300","(31100079,1,31020005,21,31010058,5,31000061,1)","2040","0","5","(31090501,1,31102249,1,31090502,2)","39000080","65","(76991150,76991151,76991152,76991153)"
"157002040","4","13","90203975","91290645","7300","7900","(31100080,1,31020005,30,31010058,6,31000061,1)","2190","90203637","5","(31090501,1,31102504,1,31000166,3)","39000081","50","(76991154,76991155,76991156,76991157)"
"157002041","4","13","90203976","91290646","7900","8500","(31100080,1,31020005,30,31010058,6,31000061,1)","2370","0","5","(31090501,1,31102509,1,31000166,3)","39000081","50","(76991154,76991155,76991156,76991157)"
"157002042","4","13","90203977","91290647","8500","9200","(31100080,1,31020005,30,31010058,6,31000061,1)","2550","0","5","(31090501,1,31102514,1,31000166,3)","39000081","50","(76991154,76991155,76991156,76991157)"
"157002043","4","13","90203978","91290648","9200","10000","(31100080,1,31020005,30,31010058,6,31000061,1)","2760","0","5","(31090501,1,31102519,1,31000166,3)","39000081","50","(76991154,76991155,76991156,76991157)"
"157002044","4","13","90203979","91290649","10000","999999","(31100080,1,31020005,30,31010058,6,31000061,1)","3000","0","5","(31090501,1,31102524,1,31000166,3)","39000081","50","(76991154,76991155,76991156,76991157)"
"157002045","4","14","90203952","91290622","0","100","(31020005,6,31010058,1,31000061,1)","0","90203632","5","(31140133,1,31102501,1,31090502,1)","0","100","(76991134,76991135,76991136,76991137)"
"157002046","4","14","90203953","91290623","100","200","(31020005,6,31010058,1,31000061,1)","0","0","5","(31140133,1,31102511,1,31090502,1)","0","100","(76991134,76991135,76991136,76991137)"
"157002047","4","14","90203954","91290624","200","300","(31020005,6,31010058,1,31000061,1)","0","0","5","(31140133,1,31102521,1,31090502,1)","0","100","(76991134,76991135,76991136,76991137)"
"157002048","4","14","90203955","91290625","300","500","(31020005,9,31010058,2,31000061,1)","90","90203633","5","(31140134,1,31102502,1,31090502,1)","0","100","(76991138,76991139,76991140,76991141)"
"157002049","4","14","90203956","91290626","500","700","(31020005,9,31010058,2,31000061,1)","150","0","5","(31140134,1,31102507,1,31090502,1)","0","100","(76991138,76991139,76991140,76991141)"
"157002050","4","14","90203957","91290627","700","900","(31020005,9,31010058,2,31000061,1)","210","0","5","(31140134,1,31102512,1,31090502,1)","0","100","(76991138,76991139,76991140,76991141)"
"157002051","4","14","90203958","91290628","900","1100","(31020005,9,31010058,2,31000061,1)","270","0","5","(31140134,1,31102517,1,31090502,1)","0","100","(76991138,76991139,76991140,76991141)"
"157002052","4","14","90203959","91290629","1100","1300","(31020005,9,31010058,2,31000061,1)","330","0","5","(31140134,1,31102522,1,31090502,1)","0","100","(76991138,76991139,76991140,76991141)"
"157002053","4","14","90203960","91290630","1300","1600","(31020005,15,31010058,3,31000061,1)","390","90203634","5","(31090501,1,31102208,1,31090502,1)","0","100","(76991142,76991143,76991144,76991145)"
"157002054","4","14","90203961","91290631","1600","1900","(31020005,15,31010058,3,31000061,1)","480","0","5","(31090501,1,31102218,1,31090502,1)","0","100","(76991142,76991143,76991144,76991145)"
"157002055","4","14","90203962","91290632","1900","2200","(31020005,15,31010058,3,31000061,1)","570","0","5","(31090501,1,31102228,1,31090502,1)","0","100","(76991142,76991143,76991144,76991145)"
"157002056","4","14","90203963","91290633","2200","2500","(31020005,15,31010058,3,31000061,1)","660","0","5","(31090501,1,31102238,1,31090502,1)","0","100","(76991142,76991143,76991144,76991145)"
"157002057","4","14","90203964","91290634","2500","2800","(31020005,15,31010058,3,31000061,1)","750","0","5","(31090501,1,31102248,1,31090502,1)","0","100","(76991142,76991143,76991144,76991145)"
"157002058","4","14","90203965","91290635","2800","3200","(31100078,1,31020005,15,31010058,4,31000061,1)","840","90203635","5","(31090501,1,31102503,1,31090502,2)","39000079","80","(76991146,76991147,76991148,76991149)"
"157002059","4","14","90203966","91290636","3200","3600","(31100078,1,31020005,15,31010058,4,31000061,1)","960","0","5","(31090501,1,31102508,1,31090502,2)","39000079","80","(76991146,76991147,76991148,76991149)"
"157002060","4","14","90203967","91290637","3600","4000","(31100078,1,31020005,15,31010058,4,31000061,1)","1080","0","5","(31090501,1,31102513,1,31090502,2)","39000079","80","(76991146,76991147,76991148,76991149)"
"157002061","4","14","90203968","91290638","4000","4400","(31100078,1,31020005,15,31010058,4,31000061,1)","1200","0","5","(31090501,1,31102518,1,31090502,2)","39000079","80","(76991146,76991147,76991148,76991149)"
"157002062","4","14","90203969","91290639","4400","4800","(31100078,1,31020005,15,31010058,4,31000061,1)","1320","0","5","(31090501,1,31102523,1,31090502,2)","39000079","80","(76991146,76991147,76991148,76991149)"
"157002063","4","14","90203970","91290640","4800","5300","(31100079,1,31020005,21,31010058,5,31000061,1)","1440","90203636","5","(31090501,1,31102209,1,31090502,2)","39000080","65","(76991150,76991151,76991152,76991153)"
"157002064","4","14","90203971","91290641","5300","5800","(31100079,1,31020005,21,31010058,5,31000061,1)","1590","0","5","(31090501,1,31102219,1,31090502,2)","39000080","65","(76991150,76991151,76991152,76991153)"
"157002065","4","14","90203972","91290642","5800","6300","(31100079,1,31020005,21,31010058,5,31000061,1)","1740","0","5","(31090501,1,31102229,1,31090502,2)","39000080","65","(76991150,76991151,76991152,76991153)"
"157002066","4","14","90203973","91290643","6300","6800","(31100079,1,31020005,21,31010058,5,31000061,1)","1890","0","5","(31090501,1,31102239,1,31090502,2)","39000080","65","(76991150,76991151,76991152,76991153)"
"157002067","4","14","90203974","91290644","6800","7300","(31100079,1,31020005,21,31010058,5,31000061,1)","2040","0","5","(31090501,1,31102249,1,31090502,2)","39000080","65","(76991150,76991151,76991152,76991153)"
"157002068","4","14","90203975","91290645","7300","7900","(31100080,1,31020005,30,31010058,6,31000061,1)","2190","90203637","5","(31090501,1,31102504,1,31000166,3)","39000081","50","(76991154,76991155,76991156,76991157)"
"157002069","4","14","90203976","91290646","7900","8500","(31100080,1,31020005,30,31010058,6,31000061,1)","2370","0","5","(31090501,1,31102509,1,31000166,3)","39000081","50","(76991154,76991155,76991156,76991157)"
"157002070","4","14","90203977","91290647","8500","9200","(31100080,1,31020005,30,31010058,6,31000061,1)","2550","0","5","(31090501,1,31102514,1,31000166,3)","39000081","50","(76991154,76991155,76991156,76991157)"
"157002071","4","14","90203978","91290648","9200","10000","(31100080,1,31020005,30,31010058,6,31000061,1)","2760","0","5","(31090501,1,31102519,1,31000166,3)","39000081","50","(76991154,76991155,76991156,76991157)"
"157002072","4","14","90203979","91290649","10000","999999","(31100080,1,31020005,30,31010058,6,31000061,1)","3000","0","5","(31090501,1,31102524,1,31000166,3)","39000081","50","(76991154,76991155,76991156,76991157)"
"157002073","4","15","90203952","91290622","0","100","(31020005,6,31010058,1,31000061,1)","0","90203632","5","(31140133,1,31102501,1,31090502,1)","0","100","(76991134,76991135,76991136,76991137)"
"157002074","4","15","90203953","91290623","100","200","(31020005,6,31010058,1,31000061,1)","0","0","5","(31140133,1,31102511,1,31090502,1)","0","100","(76991134,76991135,76991136,76991137)"
"157002075","4","15","90203954","91290624","200","300","(31020005,6,31010058,1,31000061,1)","0","0","5","(31140133,1,31102521,1,31090502,1)","0","100","(76991134,76991135,76991136,76991137)"
"157002076","4","15","90203955","91290625","300","500","(31020005,9,31010058,2,31000061,1)","90","90203633","5","(31140134,1,31102502,1,31090502,1)","0","100","(76991138,76991139,76991140,76991141)"
"157002077","4","15","90203956","91290626","500","700","(31020005,9,31010058,2,31000061,1)","150","0","5","(31140134,1,31102507,1,31090502,1)","0","100","(76991138,76991139,76991140,76991141)"
"157002078","4","15","90203957","91290627","700","900","(31020005,9,31010058,2,31000061,1)","210","0","5","(31140134,1,31102512,1,31090502,1)","0","100","(76991138,76991139,76991140,76991141)"
"157002079","4","15","90203958","91290628","900","1100","(31020005,9,31010058,2,31000061,1)","270","0","5","(31140134,1,31102517,1,31090502,1)","0","100","(76991138,76991139,76991140,76991141)"
"157002080","4","15","90203959","91290629","1100","1300","(31020005,9,31010058,2,31000061,1)","330","0","5","(31140134,1,31102522,1,31090502,1)","0","100","(76991138,76991139,76991140,76991141)"
"157002081","4","15","90203960","91290630","1300","1600","(31020005,15,31010058,3,31000061,1)","390","90203634","5","(31090501,1,31102208,1,31090502,1)","0","100","(76991142,76991143,76991144,76991145)"
"157002082","4","15","90203961","91290631","1600","1900","(31020005,15,31010058,3,31000061,1)","480","0","5","(31090501,1,31102218,1,31090502,1)","0","100","(76991142,76991143,76991144,76991145)"
"157002083","4","15","90203962","91290632","1900","2200","(31020005,15,31010058,3,31000061,1)","570","0","5","(31090501,1,31102228,1,31090502,1)","0","100","(76991142,76991143,76991144,76991145)"
"157002084","4","15","90203963","91290633","2200","2500","(31020005,15,31010058,3,31000061,1)","660","0","5","(31090501,1,31102238,1,31090502,1)","0","100","(76991142,76991143,76991144,76991145)"
"157002085","4","15","90203964","91290634","2500","2800","(31020005,15,31010058,3,31000061,1)","750","0","5","(31090501,1,31102248,1,31090502,1)","0","100","(76991142,76991143,76991144,76991145)"
"157002086","4","15","90203965","91290635","2800","3200","(31100078,1,31020005,15,31010058,4,31000061,1)","840","90203635","5","(31090501,1,31102503,1,31090502,2)","39000079","80","(76991146,76991147,76991148,76991149)"
"157002087","4","15","90203966","91290636","3200","3600","(31100078,1,31020005,15,31010058,4,31000061,1)","960","0","5","(31090501,1,31102508,1,31090502,2)","39000079","80","(76991146,76991147,76991148,76991149)"
"157002088","4","15","90203967","91290637","3600","4000","(31100078,1,31020005,15,31010058,4,31000061,1)","1080","0","5","(31090501,1,31102513,1,31090502,2)","39000079","80","(76991146,76991147,76991148,76991149)"
"157002089","4","15","90203968","91290638","4000","4400","(31100078,1,31020005,15,31010058,4,31000061,1)","1200","0","5","(31090501,1,31102518,1,31090502,2)","39000079","80","(76991146,76991147,76991148,76991149)"
"157002090","4","15","90203969","91290639","4400","4800","(31100078,1,31020005,15,31010058,4,31000061,1)","1320","0","5","(31090501,1,31102523,1,31090502,2)","39000079","80","(76991146,76991147,76991148,76991149)"
"157002091","4","15","90203970","91290640","4800","5300","(31100079,1,31020005,21,31010058,5,31000061,1)","1440","90203636","5","(31090501,1,31102209,1,31090502,2)","39000080","65","(76991150,76991151,76991152,76991153)"
"157002092","4","15","90203971","91290641","5300","5800","(31100079,1,31020005,21,31010058,5,31000061,1)","1590","0","5","(31090501,1,31102219,1,31090502,2)","39000080","65","(76991150,76991151,76991152,76991153)"
"157002093","4","15","90203972","91290642","5800","6300","(31100079,1,31020005,21,31010058,5,31000061,1)","1740","0","5","(31090501,1,31102229,1,31090502,2)","39000080","65","(76991150,76991151,76991152,76991153)"
"157002094","4","15","90203973","91290643","6300","6800","(31100079,1,31020005,21,31010058,5,31000061,1)","1890","0","5","(31090501,1,31102239,1,31090502,2)","39000080","65","(76991150,76991151,76991152,76991153)"
"157002095","4","15","90203974","91290644","6800","7300","(31100079,1,31020005,21,31010058,5,31000061,1)","2040","0","5","(31090501,1,31102249,1,31090502,2)","39000080","65","(76991150,76991151,76991152,76991153)"
"157002096","4","15","90203975","91290645","7300","7900","(31100080,1,31020005,30,31010058,6,31000061,1)","2190","90203637","5","(31090501,1,31102504,1,31000166,3)","39000081","50","(76991154,76991155,76991156,76991157)"
"157002097","4","15","90203976","91290646","7900","8500","(31100080,1,31020005,30,31010058,6,31000061,1)","2370","0","5","(31090501,1,31102509,1,31000166,3)","39000081","50","(76991154,76991155,76991156,76991157)"
"157002098","4","15","90203977","91290647","8500","9200","(31100080,1,31020005,30,31010058,6,31000061,1)","2550","0","5","(31090501,1,31102514,1,31000166,3)","39000081","50","(76991154,76991155,76991156,76991157)"
"157002099","4","15","90203978","91290648","9200","10000","(31100080,1,31020005,30,31010058,6,31000061,1)","2760","0","5","(31090501,1,31102519,1,31000166,3)","39000081","50","(76991154,76991155,76991156,76991157)"
"157002100","4","15","90203979","91290649","10000","999999","(31100080,1,31020005,30,31010058,6,31000061,1)","3000","0","5","(31090501,1,31102524,1,31000166,3)","39000081","50","(76991154,76991155,76991156,76991157)"
"157002101","5","1","90203952","91290622","0","100","(31020005,6,31010058,1,31000061,1)","0","90203632","5","(31140133,1,31102501,1,31090502,1)","0","100","(76991134,76991135,76991136,76991137)"
"157002102","5","1","90203953","91290623","100","200","(31020005,6,31010058,1,31000061,1)","0","0","5","(31140133,1,31102511,1,31090502,1)","0","100","(76991134,76991135,76991136,76991137)"
"157002103","5","1","90203954","91290624","200","300","(31020005,6,31010058,1,31000061,1)","0","0","5","(31140133,1,31102521,1,31090502,1)","0","100","(76991134,76991135,76991136,76991137)"
"157002104","5","1","90203955","91290625","300","500","(31020005,9,31010058,2,31000061,1)","90","90203633","5","(31140134,1,31102502,1,31090502,1)","0","100","(76991138,76991139,76991140,76991141)"
"157002105","5","1","90203956","91290626","500","700","(31020005,9,31010058,2,31000061,1)","150","0","5","(31140134,1,31102507,1,31090502,1)","0","100","(76991138,76991139,76991140,76991141)"
"157002106","5","1","90203957","91290627","700","900","(31020005,9,31010058,2,31000061,1)","210","0","5","(31140134,1,31102512,1,31090502,1)","0","100","(76991138,76991139,76991140,76991141)"
"157002107","5","1","90203958","91290628","900","1100","(31020005,9,31010058,2,31000061,1)","270","0","5","(31140134,1,31102517,1,31090502,1)","0","100","(76991138,76991139,76991140,76991141)"
"157002108","5","1","90203959","91290629","1100","1300","(31020005,9,31010058,2,31000061,1)","330","0","5","(31140134,1,31102522,1,31090502,1)","0","100","(76991138,76991139,76991140,76991141)"
"157002109","5","1","90203960","91290630","1300","1600","(31020005,15,31010058,3,31000061,1)","390","90203634","5","(31090501,1,31102208,1,31090502,1)","0","100","(76991142,76991143,76991144,76991145)"
"157002110","5","1","90203961","91290631","1600","1900","(31020005,15,31010058,3,31000061,1)","480","0","5","(31090501,1,31102218,1,31090502,1)","0","100","(76991142,76991143,76991144,76991145)"
"157002111","5","1","90203962","91290632","1900","2200","(31020005,15,31010058,3,31000061,1)","570","0","5","(31090501,1,31102228,1,31090502,1)","0","100","(76991142,76991143,76991144,76991145)"
"157002112","5","1","90203963","91290633","2200","2500","(31020005,15,31010058,3,31000061,1)","660","0","5","(31090501,1,31102238,1,31090502,1)","0","100","(76991142,76991143,76991144,76991145)"
"157002113","5","1","90203964","91290634","2500","2800","(31020005,15,31010058,3,31000061,1)","750","0","5","(31090501,1,31102248,1,31090502,1)","0","100","(76991142,76991143,76991144,76991145)"
"157002114","5","1","90203965","91290635","2800","3200","(31100078,1,31020005,15,31010058,4,31000061,1)","840","90203635","5","(31090501,1,31102503,1,31090502,2)","39000079","80","(76991146,76991147,76991148,76991149)"
"157002115","5","1","90203966","91290636","3200","3600","(31100078,1,31020005,15,31010058,4,31000061,1)","960","0","5","(31090501,1,31102508,1,31090502,2)","39000079","80","(76991146,76991147,76991148,76991149)"
"157002116","5","1","90203967","91290637","3600","4000","(31100078,1,31020005,15,31010058,4,31000061,1)","1080","0","5","(31090501,1,31102513,1,31090502,2)","39000079","80","(76991146,76991147,76991148,76991149)"
"157002117","5","1","90203968","91290638","4000","4400","(31100078,1,31020005,15,31010058,4,31000061,1)","1200","0","5","(31090501,1,31102518,1,31090502,2)","39000079","80","(76991146,76991147,76991148,76991149)"
"157002118","5","1","90203969","91290639","4400","4800","(31100078,1,31020005,15,31010058,4,31000061,1)","1320","0","5","(31090501,1,31102523,1,31090502,2)","39000079","80","(76991146,76991147,76991148,76991149)"
"157002119","5","1","90203970","91290640","4800","5300","(31100079,1,31020005,21,31010058,5,31000061,1)","1440","90203636","5","(31090501,1,31102209,1,31090502,2)","39000080","65","(76991150,76991151,76991152,76991153)"
"157002120","5","1","90203971","91290641","5300","5800","(31100079,1,31020005,21,31010058,5,31000061,1)","1590","0","5","(31090501,1,31102219,1,31090502,2)","39000080","65","(76991150,76991151,76991152,76991153)"
"157002121","5","1","90203972","91290642","5800","6300","(31100079,1,31020005,21,31010058,5,31000061,1)","1740","0","5","(31090501,1,31102229,1,31090502,2)","39000080","65","(76991150,76991151,76991152,76991153)"
"157002122","5","1","90203973","91290643","6300","6800","(31100079,1,31020005,21,31010058,5,31000061,1)","1890","0","5","(31090501,1,31102239,1,31090502,2)","39000080","65","(76991150,76991151,76991152,76991153)"
"157002123","5","1","90203974","91290644","6800","7300","(31100079,1,31020005,21,31010058,5,31000061,1)","2040","0","5","(31090501,1,31102249,1,31090502,2)","39000080","65","(76991150,76991151,76991152,76991153)"
"157002124","5","1","90203975","91290645","7300","7900","(31100080,1,31020005,30,31010058,6,31000061,1)","2190","90203637","5","(31090501,1,31102504,1,31000166,3)","39000081","50","(76991154,76991155,76991156,76991157)"
"157002125","5","1","90203976","91290646","7900","8500","(31100080,1,31020005,30,31010058,6,31000061,1)","2370","0","5","(31090501,1,31102509,1,31000166,3)","39000081","50","(76991154,76991155,76991156,76991157)"
"157002126","5","1","90203977","91290647","8500","9200","(31100080,1,31020005,30,31010058,6,31000061,1)","2550","0","5","(31090501,1,31102514,1,31000166,3)","39000081","50","(76991154,76991155,76991156,76991157)"
"157002127","5","1","90203978","91290648","9200","10000","(31100080,1,31020005,30,31010058,6,31000061,1)","2760","0","5","(31090501,1,31102519,1,31000166,3)","39000081","50","(76991154,76991155,76991156,76991157)"
"157002128","5","1","90203979","91290649","10000","999999","(31100080,1,31020005,30,31010058,6,31000061,1)","3000","0","5","(31090501,1,31102524,1,31000166,3)","39000081","50","(76991154,76991155,76991156,76991157)"
"157002129","5","2","90203952","91290622","0","100","(31020005,6,31010058,1,31000061,1)","0","90203632","5","(31140133,1,31102501,1,31090502,1)","0","100","(76991134,76991135,76991136,76991137)"
"157002130","5","2","90203953","91290623","100","200","(31020005,6,31010058,1,31000061,1)","0","0","5","(31140133,1,31102511,1,31090502,1)","0","100","(76991134,76991135,76991136,76991137)"
"157002131","5","2","90203954","91290624","200","300","(31020005,6,31010058,1,31000061,1)","0","0","5","(31140133,1,31102521,1,31090502,1)","0","100","(76991134,76991135,76991136,76991137)"
"157002132","5","2","90203955","91290625","300","500","(31020005,9,31010058,2,31000061,1)","90","90203633","5","(31140134,1,31102502,1,31090502,1)","0","100","(76991138,76991139,76991140,76991141)"
"157002133","5","2","90203956","91290626","500","700","(31020005,9,31010058,2,31000061,1)","150","0","5","(31140134,1,31102507,1,31090502,1)","0","100","(76991138,76991139,76991140,76991141)"
"157002134","5","2","90203957","91290627","700","900","(31020005,9,31010058,2,31000061,1)","210","0","5","(31140134,1,31102512,1,31090502,1)","0","100","(76991138,76991139,76991140,76991141)"
"157002135","5","2","90203958","91290628","900","1100","(31020005,9,31010058,2,31000061,1)","270","0","5","(31140134,1,31102517,1,31090502,1)","0","100","(76991138,76991139,76991140,76991141)"
"157002136","5","2","90203959","91290629","1100","1300","(31020005,9,31010058,2,31000061,1)","330","0","5","(31140134,1,31102522,1,31090502,1)","0","100","(76991138,76991139,76991140,76991141)"
"157002137","5","2","90203960","91290630","1300","1600","(31020005,15,31010058,3,31000061,1)","390","90203634","5","(31090501,1,31102208,1,31090502,1)","0","100","(76991142,76991143,76991144,76991145)"
"157002138","5","2","90203961","91290631","1600","1900","(31020005,15,31010058,3,31000061,1)","480","0","5","(31090501,1,31102218,1,31090502,1)","0","100","(76991142,76991143,76991144,76991145)"
"157002139","5","2","90203962","91290632","1900","2200","(31020005,15,31010058,3,31000061,1)","570","0","5","(31090501,1,31102228,1,31090502,1)","0","100","(76991142,76991143,76991144,76991145)"
"157002140","5","2","90203963","91290633","2200","2500","(31020005,15,31010058,3,31000061,1)","660","0","5","(31090501,1,31102238,1,31090502,1)","0","100","(76991142,76991143,76991144,76991145)"
"157002141","5","2","90203964","91290634","2500","2800","(31020005,15,31010058,3,31000061,1)","750","0","5","(31090501,1,31102248,1,31090502,1)","0","100","(76991142,76991143,76991144,76991145)"
"157002142","5","2","90203965","91290635","2800","3200","(31100078,1,31020005,15,31010058,4,31000061,1)","840","90203635","5","(31090501,1,31102503,1,31090502,2)","39000079","80","(76991146,76991147,76991148,76991149)"
"157002143","5","2","90203966","91290636","3200","3600","(31100078,1,31020005,15,31010058,4,31000061,1)","960","0","5","(31090501,1,31102508,1,31090502,2)","39000079","80","(76991146,76991147,76991148,76991149)"
"157002144","5","2","90203967","91290637","3600","4000","(31100078,1,31020005,15,31010058,4,31000061,1)","1080","0","5","(31090501,1,31102513,1,31090502,2)","39000079","80","(76991146,76991147,76991148,76991149)"
"157002145","5","2","90203968","91290638","4000","4400","(31100078,1,31020005,15,31010058,4,31000061,1)","1200","0","5","(31090501,1,31102518,1,31090502,2)","39000079","80","(76991146,76991147,76991148,76991149)"
"157002146","5","2","90203969","91290639","4400","4800","(31100078,1,31020005,15,31010058,4,31000061,1)","1320","0","5","(31090501,1,31102523,1,31090502,2)","39000079","80","(76991146,76991147,76991148,76991149)"
"157002147","5","2","90203970","91290640","4800","5300","(31100079,1,31020005,21,31010058,5,31000061,1)","1440","90203636","5","(31090501,1,31102209,1,31090502,2)","39000080","65","(76991150,76991151,76991152,76991153)"
"157002148","5","2","90203971","91290641","5300","5800","(31100079,1,31020005,21,31010058,5,31000061,1)","1590","0","5","(31090501,1,31102219,1,31090502,2)","39000080","65","(76991150,76991151,76991152,76991153)"
"157002149","5","2","90203972","91290642","5800","6300","(31100079,1,31020005,21,31010058,5,31000061,1)","1740","0","5","(31090501,1,31102229,1,31090502,2)","39000080","65","(76991150,76991151,76991152,76991153)"
"157002150","5","2","90203973","91290643","6300","6800","(31100079,1,31020005,21,31010058,5,31000061,1)","1890","0","5","(31090501,1,31102239,1,31090502,2)","39000080","65","(76991150,76991151,76991152,76991153)"
"157002151","5","2","90203974","91290644","6800","7300","(31100079,1,31020005,21,31010058,5,31000061,1)","2040","0","5","(31090501,1,31102249,1,31090502,2)","39000080","65","(76991150,76991151,76991152,76991153)"
"157002152","5","2","90203975","91290645","7300","7900","(31100080,1,31020005,30,31010058,6,31000061,1)","2190","90203637","5","(31090501,1,31102504,1,31000166,3)","39000081","50","(76991154,76991155,76991156,76991157)"
"157002153","5","2","90203976","91290646","7900","8500","(31100080,1,31020005,30,31010058,6,31000061,1)","2370","0","5","(31090501,1,31102509,1,31000166,3)","39000081","50","(76991154,76991155,76991156,76991157)"
"157002154","5","2","90203977","91290647","8500","9200","(31100080,1,31020005,30,31010058,6,31000061,1)","2550","0","5","(31090501,1,31102514,1,31000166,3)","39000081","50","(76991154,76991155,76991156,76991157)"
"157002155","5","2","90203978","91290648","9200","10000","(31100080,1,31020005,30,31010058,6,31000061,1)","2760","0","5","(31090501,1,31102519,1,31000166,3)","39000081","50","(76991154,76991155,76991156,76991157)"
"157002156","5","2","90203979","91290649","10000","999999","(31100080,1,31020005,30,31010058,6,31000061,1)","3000","0","5","(31090501,1,31102524,1,31000166,3)","39000081","50","(76991154,76991155,76991156,76991157)"
"157002157","5","3","90203952","91290622","0","100","(31020005,6,31010058,1,31000061,1)","0","90203632","5","(31140133,1,31102501,1,31090502,1)","0","100","(76991134,76991135,76991136,76991137)"
"157002158","5","3","90203953","91290623","100","200","(31020005,6,31010058,1,31000061,1)","0","0","5","(31140133,1,31102511,1,31090502,1)","0","100","(76991134,76991135,76991136,76991137)"
"157002159","5","3","90203954","91290624","200","300","(31020005,6,31010058,1,31000061,1)","0","0","5","(31140133,1,31102521,1,31090502,1)","0","100","(76991134,76991135,76991136,76991137)"
"157002160","5","3","90203955","91290625","300","500","(31020005,9,31010058,2,31000061,1)","90","90203633","5","(31140134,1,31102502,1,31090502,1)","0","100","(76991138,76991139,76991140,76991141)"
"157002161","5","3","90203956","91290626","500","700","(31020005,9,31010058,2,31000061,1)","150","0","5","(31140134,1,31102507,1,31090502,1)","0","100","(76991138,76991139,76991140,76991141)"
"157002162","5","3","90203957","91290627","700","900","(31020005,9,31010058,2,31000061,1)","210","0","5","(31140134,1,31102512,1,31090502,1)","0","100","(76991138,76991139,76991140,76991141)"
"157002163","5","3","90203958","91290628","900","1100","(31020005,9,31010058,2,31000061,1)","270","0","5","(31140134,1,31102517,1,31090502,1)","0","100","(76991138,76991139,76991140,76991141)"
"157002164","5","3","90203959","91290629","1100","1300","(31020005,9,31010058,2,31000061,1)","330","0","5","(31140134,1,31102522,1,31090502,1)","0","100","(76991138,76991139,76991140,76991141)"
"157002165","5","3","90203960","91290630","1300","1600","(31020005,15,31010058,3,31000061,1)","390","90203634","5","(31090501,1,31102208,1,31090502,1)","0","100","(76991142,76991143,76991144,76991145)"
"157002166","5","3","90203961","91290631","1600","1900","(31020005,15,31010058,3,31000061,1)","480","0","5","(31090501,1,31102218,1,31090502,1)","0","100","(76991142,76991143,76991144,76991145)"
"157002167","5","3","90203962","91290632","1900","2200","(31020005,15,31010058,3,31000061,1)","570","0","5","(31090501,1,31102228,1,31090502,1)","0","100","(76991142,76991143,76991144,76991145)"
"157002168","5","3","90203963","91290633","2200","2500","(31020005,15,31010058,3,31000061,1)","660","0","5","(31090501,1,31102238,1,31090502,1)","0","100","(76991142,76991143,76991144,76991145)"
"157002169","5","3","90203964","91290634","2500","2800","(31020005,15,31010058,3,31000061,1)","750","0","5","(31090501,1,31102248,1,31090502,1)","0","100","(76991142,76991143,76991144,76991145)"
"157002170","5","3","90203965","91290635","2800","3200","(31100078,1,31020005,15,31010058,4,31000061,1)","840","90203635","5","(31090501,1,31102503,1,31090502,2)","39000079","80","(76991146,76991147,76991148,76991149)"
"157002171","5","3","90203966","91290636","3200","3600","(31100078,1,31020005,15,31010058,4,31000061,1)","960","0","5","(31090501,1,31102508,1,31090502,2)","39000079","80","(76991146,76991147,76991148,76991149)"
"157002172","5","3","90203967","91290637","3600","4000","(31100078,1,31020005,15,31010058,4,31000061,1)","1080","0","5","(31090501,1,31102513,1,31090502,2)","39000079","80","(76991146,76991147,76991148,76991149)"
"157002173","5","3","90203968","91290638","4000","4400","(31100078,1,31020005,15,31010058,4,31000061,1)","1200","0","5","(31090501,1,31102518,1,31090502,2)","39000079","80","(76991146,76991147,76991148,76991149)"
"157002174","5","3","90203969","91290639","4400","4800","(31100078,1,31020005,15,31010058,4,31000061,1)","1320","0","5","(31090501,1,31102523,1,31090502,2)","39000079","80","(76991146,76991147,76991148,76991149)"
"157002175","5","3","90203970","91290640","4800","5300","(31100079,1,31020005,21,31010058,5,31000061,1)","1440","90203636","5","(31090501,1,31102209,1,31090502,2)","39000080","65","(76991150,76991151,76991152,76991153)"
"157002176","5","3","90203971","91290641","5300","5800","(31100079,1,31020005,21,31010058,5,31000061,1)","1590","0","5","(31090501,1,31102219,1,31090502,2)","39000080","65","(76991150,76991151,76991152,76991153)"
"157002177","5","3","90203972","91290642","5800","6300","(31100079,1,31020005,21,31010058,5,31000061,1)","1740","0","5","(31090501,1,31102229,1,31090502,2)","39000080","65","(76991150,76991151,76991152,76991153)"
"157002178","5","3","90203973","91290643","6300","6800","(31100079,1,31020005,21,31010058,5,31000061,1)","1890","0","5","(31090501,1,31102239,1,31090502,2)","39000080","65","(76991150,76991151,76991152,76991153)"
"157002179","5","3","90203974","91290644","6800","7300","(31100079,1,31020005,21,31010058,5,31000061,1)","2040","0","5","(31090501,1,31102249,1,31090502,2)","39000080","65","(76991150,76991151,76991152,76991153)"
"157002180","5","3","90203975","91290645","7300","7900","(31100080,1,31020005,30,31010058,6,31000061,1)","2190","90203637","5","(31090501,1,31102504,1,31000166,3)","39000081","50","(76991154,76991155,76991156,76991157)"
"157002181","5","3","90203976","91290646","7900","8500","(31100080,1,31020005,30,31010058,6,31000061,1)","2370","0","5","(31090501,1,31102509,1,31000166,3)","39000081","50","(76991154,76991155,76991156,76991157)"
"157002182","5","3","90203977","91290647","8500","9200","(31100080,1,31020005,30,31010058,6,31000061,1)","2550","0","5","(31090501,1,31102514,1,31000166,3)","39000081","50","(76991154,76991155,76991156,76991157)"
"157002183","5","3","90203978","91290648","9200","10000","(31100080,1,31020005,30,31010058,6,31000061,1)","2760","0","5","(31090501,1,31102519,1,31000166,3)","39000081","50","(76991154,76991155,76991156,76991157)"
"157002184","5","3","90203979","91290649","10000","999999","(31100080,1,31020005,30,31010058,6,31000061,1)","3000","0","5","(31090501,1,31102524,1,31000166,3)","39000081","50","(76991154,76991155,76991156,76991157)"
"157002185","5","4","90203952","91290622","0","100","(31020005,6,31010058,1,31000061,1)","0","90203632","5","(31140133,1,31102501,1,31090502,1)","0","100","(76991134,76991135,76991136,76991137)"
"157002186","5","4","90203953","91290623","100","200","(31020005,6,31010058,1,31000061,1)","0","0","5","(31140133,1,31102511,1,31090502,1)","0","100","(76991134,76991135,76991136,76991137)"
"157002187","5","4","90203954","91290624","200","300","(31020005,6,31010058,1,31000061,1)","0","0","5","(31140133,1,31102521,1,31090502,1)","0","100","(76991134,76991135,76991136,76991137)"
"157002188","5","4","90203955","91290625","300","500","(31020005,9,31010058,2,31000061,1)","90","90203633","5","(31140134,1,31102502,1,31090502,1)","0","100","(76991138,76991139,76991140,76991141)"
"157002189","5","4","90203956","91290626","500","700","(31020005,9,31010058,2,31000061,1)","150","0","5","(31140134,1,31102507,1,31090502,1)","0","100","(76991138,76991139,76991140,76991141)"
"157002190","5","4","90203957","91290627","700","900","(31020005,9,31010058,2,31000061,1)","210","0","5","(31140134,1,31102512,1,31090502,1)","0","100","(76991138,76991139,76991140,76991141)"
"157002191","5","4","90203958","91290628","900","1100","(31020005,9,31010058,2,31000061,1)","270","0","5","(31140134,1,31102517,1,31090502,1)","0","100","(76991138,76991139,76991140,76991141)"
"157002192","5","4","90203959","91290629","1100","1300","(31020005,9,31010058,2,31000061,1)","330","0","5","(31140134,1,31102522,1,31090502,1)","0","100","(76991138,76991139,76991140,76991141)"
"157002193","5","4","90203960","91290630","1300","1600","(31020005,15,31010058,3,31000061,1)","390","90203634","5","(31090501,1,31102208,1,31090502,1)","0","100","(76991142,76991143,76991144,76991145)"
"157002194","5","4","90203961","91290631","1600","1900","(31020005,15,31010058,3,31000061,1)","480","0","5","(31090501,1,31102218,1,31090502,1)","0","100","(76991142,76991143,76991144,76991145)"
"157002195","5","4","90203962","91290632","1900","2200","(31020005,15,31010058,3,31000061,1)","570","0","5","(31090501,1,31102228,1,31090502,1)","0","100","(76991142,76991143,76991144,76991145)"
"157002196","5","4","90203963","91290633","2200","2500","(31020005,15,31010058,3,31000061,1)","660","0","5","(31090501,1,31102238,1,31090502,1)","0","100","(76991142,76991143,76991144,76991145)"
"157002197","5","4","90203964","91290634","2500","2800","(31020005,15,31010058,3,31000061,1)","750","0","5","(31090501,1,31102248,1,31090502,1)","0","100","(76991142,76991143,76991144,76991145)"
"157002198","5","4","90203965","91290635","2800","3200","(31100078,1,31020005,15,31010058,4,31000061,1)","840","90203635","5","(31090501,1,31102503,1,31090502,2)","39000079","80","(76991146,76991147,76991148,76991149)"
"157002199","5","4","90203966","91290636","3200","3600","(31100078,1,31020005,15,31010058,4,31000061,1)","960","0","5","(31090501,1,31102508,1,31090502,2)","39000079","80","(76991146,76991147,76991148,76991149)"
"157002200","5","4","90203967","91290637","3600","4000","(31100078,1,31020005,15,31010058,4,31000061,1)","1080","0","5","(31090501,1,31102513,1,31090502,2)","39000079","80","(76991146,76991147,76991148,76991149)"
"157002201","5","4","90203968","91290638","4000","4400","(31100078,1,31020005,15,31010058,4,31000061,1)","1200","0","5","(31090501,1,31102518,1,31090502,2)","39000079","80","(76991146,76991147,76991148,76991149)"
"157002202","5","4","90203969","91290639","4400","4800","(31100078,1,31020005,15,31010058,4,31000061,1)","1320","0","5","(31090501,1,31102523,1,31090502,2)","39000079","80","(76991146,76991147,76991148,76991149)"
"157002203","5","4","90203970","91290640","4800","5300","(31100079,1,31020005,21,31010058,5,31000061,1)","1440","90203636","5","(31090501,1,31102209,1,31090502,2)","39000080","65","(76991150,76991151,76991152,76991153)"
"157002204","5","4","90203971","91290641","5300","5800","(31100079,1,31020005,21,31010058,5,31000061,1)","1590","0","5","(31090501,1,31102219,1,31090502,2)","39000080","65","(76991150,76991151,76991152,76991153)"
"157002205","5","4","90203972","91290642","5800","6300","(31100079,1,31020005,21,31010058,5,31000061,1)","1740","0","5","(31090501,1,31102229,1,31090502,2)","39000080","65","(76991150,76991151,76991152,76991153)"
"157002206","5","4","90203973","91290643","6300","6800","(31100079,1,31020005,21,31010058,5,31000061,1)","1890","0","5","(31090501,1,31102239,1,31090502,2)","39000080","65","(76991150,76991151,76991152,76991153)"
"157002207","5","4","90203974","91290644","6800","7300","(31100079,1,31020005,21,31010058,5,31000061,1)","2040","0","5","(31090501,1,31102249,1,31090502,2)","39000080","65","(76991150,76991151,76991152,76991153)"
"157002208","5","4","90203975","91290645","7300","7900","(31100080,1,31020005,30,31010058,6,31000061,1)","2190","90203637","5","(31090501,1,31102504,1,31000166,3)","39000081","50","(76991154,76991155,76991156,76991157)"
"157002209","5","4","90203976","91290646","7900","8500","(31100080,1,31020005,30,31010058,6,31000061,1)","2370","0","5","(31090501,1,31102509,1,31000166,3)","39000081","50","(76991154,76991155,76991156,76991157)"
"157002210","5","4","90203977","91290647","8500","9200","(31100080,1,31020005,30,31010058,6,31000061,1)","2550","0","5","(31090501,1,31102514,1,31000166,3)","39000081","50","(76991154,76991155,76991156,76991157)"
"157002211","5","4","90203978","91290648","9200","10000","(31100080,1,31020005,30,31010058,6,31000061,1)","2760","0","5","(31090501,1,31102519,1,31000166,3)","39000081","50","(76991154,76991155,76991156,76991157)"
"157002212","5","4","90203979","91290649","10000","999999","(31100080,1,31020005,30,31010058,6,31000061,1)","3000","0","5","(31090501,1,31102524,1,31000166,3)","39000081","50","(76991154,76991155,76991156,76991157)"
"157002213","5","5","90203952","91290622","0","100","(31020005,6,31010058,1,31000061,1)","0","90203632","5","(31140133,1,31102501,1,31090502,1)","0","100","(76991134,76991135,76991136,76991137)"
"157002214","5","5","90203953","91290623","100","200","(31020005,6,31010058,1,31000061,1)","0","0","5","(31140133,1,31102511,1,31090502,1)","0","100","(76991134,76991135,76991136,76991137)"
"157002215","5","5","90203954","91290624","200","300","(31020005,6,31010058,1,31000061,1)","0","0","5","(31140133,1,31102521,1,31090502,1)","0","100","(76991134,76991135,76991136,76991137)"
"157002216","5","5","90203955","91290625","300","500","(31020005,9,31010058,2,31000061,1)","90","90203633","5","(31140134,1,31102502,1,31090502,1)","0","100","(76991138,76991139,76991140,76991141)"
"157002217","5","5","90203956","91290626","500","700","(31020005,9,31010058,2,31000061,1)","150","0","5","(31140134,1,31102507,1,31090502,1)","0","100","(76991138,76991139,76991140,76991141)"
"157002218","5","5","90203957","91290627","700","900","(31020005,9,31010058,2,31000061,1)","210","0","5","(31140134,1,31102512,1,31090502,1)","0","100","(76991138,76991139,76991140,76991141)"
"157002219","5","5","90203958","91290628","900","1100","(31020005,9,31010058,2,31000061,1)","270","0","5","(31140134,1,31102517,1,31090502,1)","0","100","(76991138,76991139,76991140,76991141)"
"157002220","5","5","90203959","91290629","1100","1300","(31020005,9,31010058,2,31000061,1)","330","0","5","(31140134,1,31102522,1,31090502,1)","0","100","(76991138,76991139,76991140,76991141)"
"157002221","5","5","90203960","91290630","1300","1600","(31020005,15,31010058,3,31000061,1)","390","90203634","5","(31090501,1,31102208,1,31090502,1)","0","100","(76991142,76991143,76991144,76991145)"
"157002222","5","5","90203961","91290631","1600","1900","(31020005,15,31010058,3,31000061,1)","480","0","5","(31090501,1,31102218,1,31090502,1)","0","100","(76991142,76991143,76991144,76991145)"
"157002223","5","5","90203962","91290632","1900","2200","(31020005,15,31010058,3,31000061,1)","570","0","5","(31090501,1,31102228,1,31090502,1)","0","100","(76991142,76991143,76991144,76991145)"
"157002224","5","5","90203963","91290633","2200","2500","(31020005,15,31010058,3,31000061,1)","660","0","5","(31090501,1,31102238,1,31090502,1)","0","100","(76991142,76991143,76991144,76991145)"
"157002225","5","5","90203964","91290634","2500","2800","(31020005,15,31010058,3,31000061,1)","750","0","5","(31090501,1,31102248,1,31090502,1)","0","100","(76991142,76991143,76991144,76991145)"
"157002226","5","5","90203965","91290635","2800","3200","(31100078,1,31020005,15,31010058,4,31000061,1)","840","90203635","5","(31090501,1,31102503,1,31090502,2)","39000079","80","(76991146,76991147,76991148,76991149)"
"157002227","5","5","90203966","91290636","3200","3600","(31100078,1,31020005,15,31010058,4,31000061,1)","960","0","5","(31090501,1,31102508,1,31090502,2)","39000079","80","(76991146,76991147,76991148,76991149)"
"157002228","5","5","90203967","91290637","3600","4000","(31100078,1,31020005,15,31010058,4,31000061,1)","1080","0","5","(31090501,1,31102513,1,31090502,2)","39000079","80","(76991146,76991147,76991148,76991149)"
"157002229","5","5","90203968","91290638","4000","4400","(31100078,1,31020005,15,31010058,4,31000061,1)","1200","0","5","(31090501,1,31102518,1,31090502,2)","39000079","80","(76991146,76991147,76991148,76991149)"
"157002230","5","5","90203969","91290639","4400","4800","(31100078,1,31020005,15,31010058,4,31000061,1)","1320","0","5","(31090501,1,31102523,1,31090502,2)","39000079","80","(76991146,76991147,76991148,76991149)"
"157002231","5","5","90203970","91290640","4800","5300","(31100079,1,31020005,21,31010058,5,31000061,1)","1440","90203636","5","(31090501,1,31102209,1,31090502,2)","39000080","65","(76991150,76991151,76991152,76991153)"
"157002232","5","5","90203971","91290641","5300","5800","(31100079,1,31020005,21,31010058,5,31000061,1)","1590","0","5","(31090501,1,31102219,1,31090502,2)","39000080","65","(76991150,76991151,76991152,76991153)"
"157002233","5","5","90203972","91290642","5800","6300","(31100079,1,31020005,21,31010058,5,31000061,1)","1740","0","5","(31090501,1,31102229,1,31090502,2)","39000080","65","(76991150,76991151,76991152,76991153)"
"157002234","5","5","90203973","91290643","6300","6800","(31100079,1,31020005,21,31010058,5,31000061,1)","1890","0","5","(31090501,1,31102239,1,31090502,2)","39000080","65","(76991150,76991151,76991152,76991153)"
"157002235","5","5","90203974","91290644","6800","7300","(31100079,1,31020005,21,31010058,5,31000061,1)","2040","0","5","(31090501,1,31102249,1,31090502,2)","39000080","65","(76991150,76991151,76991152,76991153)"
"157002236","5","5","90203975","91290645","7300","7900","(31100080,1,31020005,30,31010058,6,31000061,1)","2190","90203637","5","(31090501,1,31102504,1,31000166,3)","39000081","50","(76991154,76991155,76991156,76991157)"
"157002237","5","5","90203976","91290646","7900","8500","(31100080,1,31020005,30,31010058,6,31000061,1)","2370","0","5","(31090501,1,31102509,1,31000166,3)","39000081","50","(76991154,76991155,76991156,76991157)"
"157002238","5","5","90203977","91290647","8500","9200","(31100080,1,31020005,30,31010058,6,31000061,1)","2550","0","5","(31090501,1,31102514,1,31000166,3)","39000081","50","(76991154,76991155,76991156,76991157)"
"157002239","5","5","90203978","91290648","9200","10000","(31100080,1,31020005,30,31010058,6,31000061,1)","2760","0","5","(31090501,1,31102519,1,31000166,3)","39000081","50","(76991154,76991155,76991156,76991157)"
"157002240","5","5","90203979","91290649","10000","999999","(31100080,1,31020005,30,31010058,6,31000061,1)","3000","0","5","(31090501,1,31102524,1,31000166,3)","39000081","50","(76991154,76991155,76991156,76991157)"
"157002241","5","6","90203952","91290622","0","100","(31020005,6,31010058,1,31000061,1)","0","90203632","5","(31140133,1,31102501,1,31090502,1)","0","100","(76991134,76991135,76991136,76991137)"
"157002242","5","6","90203953","91290623","100","200","(31020005,6,31010058,1,31000061,1)","0","0","5","(31140133,1,31102511,1,31090502,1)","0","100","(76991134,76991135,76991136,76991137)"
"157002243","5","6","90203954","91290624","200","300","(31020005,6,31010058,1,31000061,1)","0","0","5","(31140133,1,31102521,1,31090502,1)","0","100","(76991134,76991135,76991136,76991137)"
"157002244","5","6","90203955","91290625","300","500","(31020005,9,31010058,2,31000061,1)","90","90203633","5","(31140134,1,31102502,1,31090502,1)","0","100","(76991138,76991139,76991140,76991141)"
"157002245","5","6","90203956","91290626","500","700","(31020005,9,31010058,2,31000061,1)","150","0","5","(31140134,1,31102507,1,31090502,1)","0","100","(76991138,76991139,76991140,76991141)"
"157002246","5","6","90203957","91290627","700","900","(31020005,9,31010058,2,31000061,1)","210","0","5","(31140134,1,31102512,1,31090502,1)","0","100","(76991138,76991139,76991140,76991141)"
"157002247","5","6","90203958","91290628","900","1100","(31020005,9,31010058,2,31000061,1)","270","0","5","(31140134,1,31102517,1,31090502,1)","0","100","(76991138,76991139,76991140,76991141)"
"157002248","5","6","90203959","91290629","1100","1300","(31020005,9,31010058,2,31000061,1)","330","0","5","(31140134,1,31102522,1,31090502,1)","0","100","(76991138,76991139,76991140,76991141)"
"157002249","5","6","90203960","91290630","1300","1600","(31020005,15,31010058,3,31000061,1)","390","90203634","5","(31090501,1,31102208,1,31090502,1)","0","100","(76991142,76991143,76991144,76991145)"
"157002250","5","6","90203961","91290631","1600","1900","(31020005,15,31010058,3,31000061,1)","480","0","5","(31090501,1,31102218,1,31090502,1)","0","100","(76991142,76991143,76991144,76991145)"
"157002251","5","6","90203962","91290632","1900","2200","(31020005,15,31010058,3,31000061,1)","570","0","5","(31090501,1,31102228,1,31090502,1)","0","100","(76991142,76991143,76991144,76991145)"
"157002252","5","6","90203963","91290633","2200","2500","(31020005,15,31010058,3,31000061,1)","660","0","5","(31090501,1,31102238,1,31090502,1)","0","100","(76991142,76991143,76991144,76991145)"
"157002253","5","6","90203964","91290634","2500","2800","(31020005,15,31010058,3,31000061,1)","750","0","5","(31090501,1,31102248,1,31090502,1)","0","100","(76991142,76991143,76991144,76991145)"
"157002254","5","6","90203965","91290635","2800","3200","(31100078,1,31020005,15,31010058,4,31000061,1)","840","90203635","5","(31090501,1,31102503,1,31090502,2)","39000079","80","(76991146,76991147,76991148,76991149)"
"157002255","5","6","90203966","91290636","3200","3600","(31100078,1,31020005,15,31010058,4,31000061,1)","960","0","5","(31090501,1,31102508,1,31090502,2)","39000079","80","(76991146,76991147,76991148,76991149)"
"157002256","5","6","90203967","91290637","3600","4000","(31100078,1,31020005,15,31010058,4,31000061,1)","1080","0","5","(31090501,1,31102513,1,31090502,2)","39000079","80","(76991146,76991147,76991148,76991149)"
"157002257","5","6","90203968","91290638","4000","4400","(31100078,1,31020005,15,31010058,4,31000061,1)","1200","0","5","(31090501,1,31102518,1,31090502,2)","39000079","80","(76991146,76991147,76991148,76991149)"
"157002258","5","6","90203969","91290639","4400","4800","(31100078,1,31020005,15,31010058,4,31000061,1)","1320","0","5","(31090501,1,31102523,1,31090502,2)","39000079","80","(76991146,76991147,76991148,76991149)"
"157002259","5","6","90203970","91290640","4800","5300","(31100079,1,31020005,21,31010058,5,31000061,1)","1440","90203636","5","(31090501,1,31102209,1,31090502,2)","39000080","65","(76991150,76991151,76991152,76991153)"
"157002260","5","6","90203971","91290641","5300","5800","(31100079,1,31020005,21,31010058,5,31000061,1)","1590","0","5","(31090501,1,31102219,1,31090502,2)","39000080","65","(76991150,76991151,76991152,76991153)"
"157002261","5","6","90203972","91290642","5800","6300","(31100079,1,31020005,21,31010058,5,31000061,1)","1740","0","5","(31090501,1,31102229,1,31090502,2)","39000080","65","(76991150,76991151,76991152,76991153)"
"157002262","5","6","90203973","91290643","6300","6800","(31100079,1,31020005,21,31010058,5,31000061,1)","1890","0","5","(31090501,1,31102239,1,31090502,2)","39000080","65","(76991150,76991151,76991152,76991153)"
"157002263","5","6","90203974","91290644","6800","7300","(31100079,1,31020005,21,31010058,5,31000061,1)","2040","0","5","(31090501,1,31102249,1,31090502,2)","39000080","65","(76991150,76991151,76991152,76991153)"
"157002264","5","6","90203975","91290645","7300","7900","(31100080,1,31020005,30,31010058,6,31000061,1)","2190","90203637","5","(31090501,1,31102504,1,31000166,3)","39000081","50","(76991154,76991155,76991156,76991157)"
"157002265","5","6","90203976","91290646","7900","8500","(31100080,1,31020005,30,31010058,6,31000061,1)","2370","0","5","(31090501,1,31102509,1,31000166,3)","39000081","50","(76991154,76991155,76991156,76991157)"
"157002266","5","6","90203977","91290647","8500","9200","(31100080,1,31020005,30,31010058,6,31000061,1)","2550","0","5","(31090501,1,31102514,1,31000166,3)","39000081","50","(76991154,76991155,76991156,76991157)"
"157002267","5","6","90203978","91290648","9200","10000","(31100080,1,31020005,30,31010058,6,31000061,1)","2760","0","5","(31090501,1,31102519,1,31000166,3)","39000081","50","(76991154,76991155,76991156,76991157)"
"157002268","5","6","90203979","91290649","10000","999999","(31100080,1,31020005,30,31010058,6,31000061,1)","3000","0","5","(31090501,1,31102524,1,31000166,3)","39000081","50","(76991154,76991155,76991156,76991157)"
"157002269","5","7","90203952","91290622","0","100","(31020005,6,31010058,1,31000061,1)","0","90203632","5","(31140133,1,31102501,1,31090502,1)","0","100","(76991134,76991135,76991136,76991137)"
"157002270","5","7","90203953","91290623","100","200","(31020005,6,31010058,1,31000061,1)","0","0","5","(31140133,1,31102511,1,31090502,1)","0","100","(76991134,76991135,76991136,76991137)"
"157002271","5","7","90203954","91290624","200","300","(31020005,6,31010058,1,31000061,1)","0","0","5","(31140133,1,31102521,1,31090502,1)","0","100","(76991134,76991135,76991136,76991137)"
"157002272","5","7","90203955","91290625","300","500","(31020005,9,31010058,2,31000061,1)","90","90203633","5","(31140134,1,31102502,1,31090502,1)","0","100","(76991138,76991139,76991140,76991141)"
"157002273","5","7","90203956","91290626","500","700","(31020005,9,31010058,2,31000061,1)","150","0","5","(31140134,1,31102507,1,31090502,1)","0","100","(76991138,76991139,76991140,76991141)"
"157002274","5","7","90203957","91290627","700","900","(31020005,9,31010058,2,31000061,1)","210","0","5","(31140134,1,31102512,1,31090502,1)","0","100","(76991138,76991139,76991140,76991141)"
"157002275","5","7","90203958","91290628","900","1100","(31020005,9,31010058,2,31000061,1)","270","0","5","(31140134,1,31102517,1,31090502,1)","0","100","(76991138,76991139,76991140,76991141)"
"157002276","5","7","90203959","91290629","1100","1300","(31020005,9,31010058,2,31000061,1)","330","0","5","(31140134,1,31102522,1,31090502,1)","0","100","(76991138,76991139,76991140,76991141)"
"157002277","5","7","90203960","91290630","1300","1600","(31020005,15,31010058,3,31000061,1)","390","90203634","5","(31090501,1,31102208,1,31090502,1)","0","100","(76991142,76991143,76991144,76991145)"
"157002278","5","7","90203961","91290631","1600","1900","(31020005,15,31010058,3,31000061,1)","480","0","5","(31090501,1,31102218,1,31090502,1)","0","100","(76991142,76991143,76991144,76991145)"
"157002279","5","7","90203962","91290632","1900","2200","(31020005,15,31010058,3,31000061,1)","570","0","5","(31090501,1,31102228,1,31090502,1)","0","100","(76991142,76991143,76991144,76991145)"
"157002280","5","7","90203963","91290633","2200","2500","(31020005,15,31010058,3,31000061,1)","660","0","5","(31090501,1,31102238,1,31090502,1)","0","100","(76991142,76991143,76991144,76991145)"
"157002281","5","7","90203964","91290634","2500","2800","(31020005,15,31010058,3,31000061,1)","750","0","5","(31090501,1,31102248,1,31090502,1)","0","100","(76991142,76991143,76991144,76991145)"
"157002282","5","7","90203965","91290635","2800","3200","(31100078,1,31020005,15,31010058,4,31000061,1)","840","90203635","5","(31090501,1,31102503,1,31090502,2)","39000079","80","(76991146,76991147,76991148,76991149)"
"157002283","5","7","90203966","91290636","3200","3600","(31100078,1,31020005,15,31010058,4,31000061,1)","960","0","5","(31090501,1,31102508,1,31090502,2)","39000079","80","(76991146,76991147,76991148,76991149)"
"157002284","5","7","90203967","91290637","3600","4000","(31100078,1,31020005,15,31010058,4,31000061,1)","1080","0","5","(31090501,1,31102513,1,31090502,2)","39000079","80","(76991146,76991147,76991148,76991149)"
"157002285","5","7","90203968","91290638","4000","4400","(31100078,1,31020005,15,31010058,4,31000061,1)","1200","0","5","(31090501,1,31102518,1,31090502,2)","39000079","80","(76991146,76991147,76991148,76991149)"
"157002286","5","7","90203969","91290639","4400","4800","(31100078,1,31020005,15,31010058,4,31000061,1)","1320","0","5","(31090501,1,31102523,1,31090502,2)","39000079","80","(76991146,76991147,76991148,76991149)"
"157002287","5","7","90203970","91290640","4800","5300","(31100079,1,31020005,21,31010058,5,31000061,1)","1440","90203636","5","(31090501,1,31102209,1,31090502,2)","39000080","65","(76991150,76991151,76991152,76991153)"
"157002288","5","7","90203971","91290641","5300","5800","(31100079,1,31020005,21,31010058,5,31000061,1)","1590","0","5","(31090501,1,31102219,1,31090502,2)","39000080","65","(76991150,76991151,76991152,76991153)"
"157002289","5","7","90203972","91290642","5800","6300","(31100079,1,31020005,21,31010058,5,31000061,1)","1740","0","5","(31090501,1,31102229,1,31090502,2)","39000080","65","(76991150,76991151,76991152,76991153)"
"157002290","5","7","90203973","91290643","6300","6800","(31100079,1,31020005,21,31010058,5,31000061,1)","1890","0","5","(31090501,1,31102239,1,31090502,2)","39000080","65","(76991150,76991151,76991152,76991153)"
"157002291","5","7","90203974","91290644","6800","7300","(31100079,1,31020005,21,31010058,5,31000061,1)","2040","0","5","(31090501,1,31102249,1,31090502,2)","39000080","65","(76991150,76991151,76991152,76991153)"
"157002292","5","7","90203975","91290645","7300","7900","(31100080,1,31020005,30,31010058,6,31000061,1)","2190","90203637","5","(31090501,1,31102504,1,31000166,3)","39000081","50","(76991154,76991155,76991156,76991157)"
"157002293","5","7","90203976","91290646","7900","8500","(31100080,1,31020005,30,31010058,6,31000061,1)","2370","0","5","(31090501,1,31102509,1,31000166,3)","39000081","50","(76991154,76991155,76991156,76991157)"
"157002294","5","7","90203977","91290647","8500","9200","(31100080,1,31020005,30,31010058,6,31000061,1)","2550","0","5","(31090501,1,31102514,1,31000166,3)","39000081","50","(76991154,76991155,76991156,76991157)"
"157002295","5","7","90203978","91290648","9200","10000","(31100080,1,31020005,30,31010058,6,31000061,1)","2760","0","5","(31090501,1,31102519,1,31000166,3)","39000081","50","(76991154,76991155,76991156,76991157)"
"157002296","5","7","90203979","91290649","10000","999999","(31100080,1,31020005,30,31010058,6,31000061,1)","3000","0","5","(31090501,1,31102524,1,31000166,3)","39000081","50","(76991154,76991155,76991156,76991157)"
"157002297","5","8","90203952","91290622","0","100","(31020005,6,31010058,1,31000061,1)","0","90203632","5","(31140133,1,31102501,1,31090502,1)","0","100","(76991134,76991135,76991136,76991137)"
"157002298","5","8","90203953","91290623","100","200","(31020005,6,31010058,1,31000061,1)","0","0","5","(31140133,1,31102511,1,31090502,1)","0","100","(76991134,76991135,76991136,76991137)"
"157002299","5","8","90203954","91290624","200","300","(31020005,6,31010058,1,31000061,1)","0","0","5","(31140133,1,31102521,1,31090502,1)","0","100","(76991134,76991135,76991136,76991137)"
"157002300","5","8","90203955","91290625","300","500","(31020005,9,31010058,2,31000061,1)","90","90203633","5","(31140134,1,31102502,1,31090502,1)","0","100","(76991138,76991139,76991140,76991141)"
"157002301","5","8","90203956","91290626","500","700","(31020005,9,31010058,2,31000061,1)","150","0","5","(31140134,1,31102507,1,31090502,1)","0","100","(76991138,76991139,76991140,76991141)"
"157002302","5","8","90203957","91290627","700","900","(31020005,9,31010058,2,31000061,1)","210","0","5","(31140134,1,31102512,1,31090502,1)","0","100","(76991138,76991139,76991140,76991141)"
"157002303","5","8","90203958","91290628","900","1100","(31020005,9,31010058,2,31000061,1)","270","0","5","(31140134,1,31102517,1,31090502,1)","0","100","(76991138,76991139,76991140,76991141)"
"157002304","5","8","90203959","91290629","1100","1300","(31020005,9,31010058,2,31000061,1)","330","0","5","(31140134,1,31102522,1,31090502,1)","0","100","(76991138,76991139,76991140,76991141)"
"157002305","5","8","90203960","91290630","1300","1600","(31020005,15,31010058,3,31000061,1)","390","90203634","5","(31090501,1,31102208,1,31090502,1)","0","100","(76991142,76991143,76991144,76991145)"
"157002306","5","8","90203961","91290631","1600","1900","(31020005,15,31010058,3,31000061,1)","480","0","5","(31090501,1,31102218,1,31090502,1)","0","100","(76991142,76991143,76991144,76991145)"
"157002307","5","8","90203962","91290632","1900","2200","(31020005,15,31010058,3,31000061,1)","570","0","5","(31090501,1,31102228,1,31090502,1)","0","100","(76991142,76991143,76991144,76991145)"
"157002308","5","8","90203963","91290633","2200","2500","(31020005,15,31010058,3,31000061,1)","660","0","5","(31090501,1,31102238,1,31090502,1)","0","100","(76991142,76991143,76991144,76991145)"
"157002309","5","8","90203964","91290634","2500","2800","(31020005,15,31010058,3,31000061,1)","750","0","5","(31090501,1,31102248,1,31090502,1)","0","100","(76991142,76991143,76991144,76991145)"
"157002310","5","8","90203965","91290635","2800","3200","(31100078,1,31020005,15,31010058,4,31000061,1)","840","90203635","5","(31090501,1,31102503,1,31090502,2)","39000079","80","(76991146,76991147,76991148,76991149)"
"157002311","5","8","90203966","91290636","3200","3600","(31100078,1,31020005,15,31010058,4,31000061,1)","960","0","5","(31090501,1,31102508,1,31090502,2)","39000079","80","(76991146,76991147,76991148,76991149)"
"157002312","5","8","90203967","91290637","3600","4000","(31100078,1,31020005,15,31010058,4,31000061,1)","1080","0","5","(31090501,1,31102513,1,31090502,2)","39000079","80","(76991146,76991147,76991148,76991149)"
"157002313","5","8","90203968","91290638","4000","4400","(31100078,1,31020005,15,31010058,4,31000061,1)","1200","0","5","(31090501,1,31102518,1,31090502,2)","39000079","80","(76991146,76991147,76991148,76991149)"
"157002314","5","8","90203969","91290639","4400","4800","(31100078,1,31020005,15,31010058,4,31000061,1)","1320","0","5","(31090501,1,31102523,1,31090502,2)","39000079","80","(76991146,76991147,76991148,76991149)"
"157002315","5","8","90203970","91290640","4800","5300","(31100079,1,31020005,21,31010058,5,31000061,1)","1440","90203636","5","(31090501,1,31102209,1,31090502,2)","39000080","65","(76991150,76991151,76991152,76991153)"
"157002316","5","8","90203971","91290641","5300","5800","(31100079,1,31020005,21,31010058,5,31000061,1)","1590","0","5","(31090501,1,31102219,1,31090502,2)","39000080","65","(76991150,76991151,76991152,76991153)"
"157002317","5","8","90203972","91290642","5800","6300","(31100079,1,31020005,21,31010058,5,31000061,1)","1740","0","5","(31090501,1,31102229,1,31090502,2)","39000080","65","(76991150,76991151,76991152,76991153)"
"157002318","5","8","90203973","91290643","6300","6800","(31100079,1,31020005,21,31010058,5,31000061,1)","1890","0","5","(31090501,1,31102239,1,31090502,2)","39000080","65","(76991150,76991151,76991152,76991153)"
"157002319","5","8","90203974","91290644","6800","7300","(31100079,1,31020005,21,31010058,5,31000061,1)","2040","0","5","(31090501,1,31102249,1,31090502,2)","39000080","65","(76991150,76991151,76991152,76991153)"
"157002320","5","8","90203975","91290645","7300","7900","(31100080,1,31020005,30,31010058,6,31000061,1)","2190","90203637","5","(31090501,1,31102504,1,31000166,3)","39000081","50","(76991154,76991155,76991156,76991157)"
"157002321","5","8","90203976","91290646","7900","8500","(31100080,1,31020005,30,31010058,6,31000061,1)","2370","0","5","(31090501,1,31102509,1,31000166,3)","39000081","50","(76991154,76991155,76991156,76991157)"
"157002322","5","8","90203977","91290647","8500","9200","(31100080,1,31020005,30,31010058,6,31000061,1)","2550","0","5","(31090501,1,31102514,1,31000166,3)","39000081","50","(76991154,76991155,76991156,76991157)"
"157002323","5","8","90203978","91290648","9200","10000","(31100080,1,31020005,30,31010058,6,31000061,1)","2760","0","5","(31090501,1,31102519,1,31000166,3)","39000081","50","(76991154,76991155,76991156,76991157)"
"157002324","5","8","90203979","91290649","10000","999999","(31100080,1,31020005,30,31010058,6,31000061,1)","3000","0","5","(31090501,1,31102524,1,31000166,3)","39000081","50","(76991154,76991155,76991156,76991157)"
"157002325","5","9","90203952","91290622","0","100","(31020005,6,31010058,1,31000061,1)","0","90203632","5","(31140133,1,31102501,1,31090502,1)","0","100","(76991134,76991135,76991136,76991137)"
"157002326","5","9","90203953","91290623","100","200","(31020005,6,31010058,1,31000061,1)","0","0","5","(31140133,1,31102511,1,31090502,1)","0","100","(76991134,76991135,76991136,76991137)"
"157002327","5","9","90203954","91290624","200","300","(31020005,6,31010058,1,31000061,1)","0","0","5","(31140133,1,31102521,1,31090502,1)","0","100","(76991134,76991135,76991136,76991137)"
"157002328","5","9","90203955","91290625","300","500","(31020005,9,31010058,2,31000061,1)","90","90203633","5","(31140134,1,31102502,1,31090502,1)","0","100","(76991138,76991139,76991140,76991141)"
"157002329","5","9","90203956","91290626","500","700","(31020005,9,31010058,2,31000061,1)","150","0","5","(31140134,1,31102507,1,31090502,1)","0","100","(76991138,76991139,76991140,76991141)"
"157002330","5","9","90203957","91290627","700","900","(31020005,9,31010058,2,31000061,1)","210","0","5","(31140134,1,31102512,1,31090502,1)","0","100","(76991138,76991139,76991140,76991141)"
"157002331","5","9","90203958","91290628","900","1100","(31020005,9,31010058,2,31000061,1)","270","0","5","(31140134,1,31102517,1,31090502,1)","0","100","(76991138,76991139,76991140,76991141)"
"157002332","5","9","90203959","91290629","1100","1300","(31020005,9,31010058,2,31000061,1)","330","0","5","(31140134,1,31102522,1,31090502,1)","0","100","(76991138,76991139,76991140,76991141)"
"157002333","5","9","90203960","91290630","1300","1600","(31020005,15,31010058,3,31000061,1)","390","90203634","5","(31090501,1,31102208,1,31090502,1)","0","100","(76991142,76991143,76991144,76991145)"
"157002334","5","9","90203961","91290631","1600","1900","(31020005,15,31010058,3,31000061,1)","480","0","5","(31090501,1,31102218,1,31090502,1)","0","100","(76991142,76991143,76991144,76991145)"
"157002335","5","9","90203962","91290632","1900","2200","(31020005,15,31010058,3,31000061,1)","570","0","5","(31090501,1,31102228,1,31090502,1)","0","100","(76991142,76991143,76991144,76991145)"
"157002336","5","9","90203963","91290633","2200","2500","(31020005,15,31010058,3,31000061,1)","660","0","5","(31090501,1,31102238,1,31090502,1)","0","100","(76991142,76991143,76991144,76991145)"
"157002337","5","9","90203964","91290634","2500","2800","(31020005,15,31010058,3,31000061,1)","750","0","5","(31090501,1,31102248,1,31090502,1)","0","100","(76991142,76991143,76991144,76991145)"
"157002338","5","9","90203965","91290635","2800","3200","(31100078,1,31020005,15,31010058,4,31000061,1)","840","90203635","5","(31090501,1,31102503,1,31090502,2)","39000079","80","(76991146,76991147,76991148,76991149)"
"157002339","5","9","90203966","91290636","3200","3600","(31100078,1,31020005,15,31010058,4,31000061,1)","960","0","5","(31090501,1,31102508,1,31090502,2)","39000079","80","(76991146,76991147,76991148,76991149)"
"157002340","5","9","90203967","91290637","3600","4000","(31100078,1,31020005,15,31010058,4,31000061,1)","1080","0","5","(31090501,1,31102513,1,31090502,2)","39000079","80","(76991146,76991147,76991148,76991149)"
"157002341","5","9","90203968","91290638","4000","4400","(31100078,1,31020005,15,31010058,4,31000061,1)","1200","0","5","(31090501,1,31102518,1,31090502,2)","39000079","80","(76991146,76991147,76991148,76991149)"
"157002342","5","9","90203969","91290639","4400","4800","(31100078,1,31020005,15,31010058,4,31000061,1)","1320","0","5","(31090501,1,31102523,1,31090502,2)","39000079","80","(76991146,76991147,76991148,76991149)"
"157002343","5","9","90203970","91290640","4800","5300","(31100079,1,31020005,21,31010058,5,31000061,1)","1440","90203636","5","(31090501,1,31102209,1,31090502,2)","39000080","65","(76991150,76991151,76991152,76991153)"
"157002344","5","9","90203971","91290641","5300","5800","(31100079,1,31020005,21,31010058,5,31000061,1)","1590","0","5","(31090501,1,31102219,1,31090502,2)","39000080","65","(76991150,76991151,76991152,76991153)"
"157002345","5","9","90203972","91290642","5800","6300","(31100079,1,31020005,21,31010058,5,31000061,1)","1740","0","5","(31090501,1,31102229,1,31090502,2)","39000080","65","(76991150,76991151,76991152,76991153)"
"157002346","5","9","90203973","91290643","6300","6800","(31100079,1,31020005,21,31010058,5,31000061,1)","1890","0","5","(31090501,1,31102239,1,31090502,2)","39000080","65","(76991150,76991151,76991152,76991153)"
"157002347","5","9","90203974","91290644","6800","7300","(31100079,1,31020005,21,31010058,5,31000061,1)","2040","0","5","(31090501,1,31102249,1,31090502,2)","39000080","65","(76991150,76991151,76991152,76991153)"
"157002348","5","9","90203975","91290645","7300","7900","(31100080,1,31020005,30,31010058,6,31000061,1)","2190","90203637","5","(31090501,1,31102504,1,31000166,3)","39000081","50","(76991154,76991155,76991156,76991157)"
"157002349","5","9","90203976","91290646","7900","8500","(31100080,1,31020005,30,31010058,6,31000061,1)","2370","0","5","(31090501,1,31102509,1,31000166,3)","39000081","50","(76991154,76991155,76991156,76991157)"
"157002350","5","9","90203977","91290647","8500","9200","(31100080,1,31020005,30,31010058,6,31000061,1)","2550","0","5","(31090501,1,31102514,1,31000166,3)","39000081","50","(76991154,76991155,76991156,76991157)"
"157002351","5","9","90203978","91290648","9200","10000","(31100080,1,31020005,30,31010058,6,31000061,1)","2760","0","5","(31090501,1,31102519,1,31000166,3)","39000081","50","(76991154,76991155,76991156,76991157)"
"157002352","5","9","90203979","91290649","10000","999999","(31100080,1,31020005,30,31010058,6,31000061,1)","3000","0","5","(31090501,1,31102524,1,31000166,3)","39000081","50","(76991154,76991155,76991156,76991157)"
"157002353","5","10","90203952","91290622","0","100","(31020005,6,31010058,1,31000061,1)","0","90203632","5","(31140133,1,31102501,1,31090502,1)","0","100","(76991134,76991135,76991136,76991137)"
"157002354","5","10","90203953","91290623","100","200","(31020005,6,31010058,1,31000061,1)","0","0","5","(31140133,1,31102511,1,31090502,1)","0","100","(76991134,76991135,76991136,76991137)"
"157002355","5","10","90203954","91290624","200","300","(31020005,6,31010058,1,31000061,1)","0","0","5","(31140133,1,31102521,1,31090502,1)","0","100","(76991134,76991135,76991136,76991137)"
"157002356","5","10","90203955","91290625","300","500","(31020005,9,31010058,2,31000061,1)","90","90203633","5","(31140134,1,31102502,1,31090502,1)","0","100","(76991138,76991139,76991140,76991141)"
"157002357","5","10","90203956","91290626","500","700","(31020005,9,31010058,2,31000061,1)","150","0","5","(31140134,1,31102507,1,31090502,1)","0","100","(76991138,76991139,76991140,76991141)"
"157002358","5","10","90203957","91290627","700","900","(31020005,9,31010058,2,31000061,1)","210","0","5","(31140134,1,31102512,1,31090502,1)","0","100","(76991138,76991139,76991140,76991141)"
"157002359","5","10","90203958","91290628","900","1100","(31020005,9,31010058,2,31000061,1)","270","0","5","(31140134,1,31102517,1,31090502,1)","0","100","(76991138,76991139,76991140,76991141)"
"157002360","5","10","90203959","91290629","1100","1300","(31020005,9,31010058,2,31000061,1)","330","0","5","(31140134,1,31102522,1,31090502,1)","0","100","(76991138,76991139,76991140,76991141)"
"157002361","5","10","90203960","91290630","1300","1600","(31020005,15,31010058,3,31000061,1)","390","90203634","5","(31090501,1,31102208,1,31090502,1)","0","100","(76991142,76991143,76991144,76991145)"
"157002362","5","10","90203961","91290631","1600","1900","(31020005,15,31010058,3,31000061,1)","480","0","5","(31090501,1,31102218,1,31090502,1)","0","100","(76991142,76991143,76991144,76991145)"
"157002363","5","10","90203962","91290632","1900","2200","(31020005,15,31010058,3,31000061,1)","570","0","5","(31090501,1,31102228,1,31090502,1)","0","100","(76991142,76991143,76991144,76991145)"
"157002364","5","10","90203963","91290633","2200","2500","(31020005,15,31010058,3,31000061,1)","660","0","5","(31090501,1,31102238,1,31090502,1)","0","100","(76991142,76991143,76991144,76991145)"
"157002365","5","10","90203964","91290634","2500","2800","(31020005,15,31010058,3,31000061,1)","750","0","5","(31090501,1,31102248,1,31090502,1)","0","100","(76991142,76991143,76991144,76991145)"
"157002366","5","10","90203965","91290635","2800","3200","(31100078,1,31020005,15,31010058,4,31000061,1)","840","90203635","5","(31090501,1,31102503,1,31090502,2)","39000079","80","(76991146,76991147,76991148,76991149)"
"157002367","5","10","90203966","91290636","3200","3600","(31100078,1,31020005,15,31010058,4,31000061,1)","960","0","5","(31090501,1,31102508,1,31090502,2)","39000079","80","(76991146,76991147,76991148,76991149)"
"157002368","5","10","90203967","91290637","3600","4000","(31100078,1,31020005,15,31010058,4,31000061,1)","1080","0","5","(31090501,1,31102513,1,31090502,2)","39000079","80","(76991146,76991147,76991148,76991149)"
"157002369","5","10","90203968","91290638","4000","4400","(31100078,1,31020005,15,31010058,4,31000061,1)","1200","0","5","(31090501,1,31102518,1,31090502,2)","39000079","80","(76991146,76991147,76991148,76991149)"
"157002370","5","10","90203969","91290639","4400","4800","(31100078,1,31020005,15,31010058,4,31000061,1)","1320","0","5","(31090501,1,31102523,1,31090502,2)","39000079","80","(76991146,76991147,76991148,76991149)"
"157002371","5","10","90203970","91290640","4800","5300","(31100079,1,31020005,21,31010058,5,31000061,1)","1440","90203636","5","(31090501,1,31102209,1,31090502,2)","39000080","65","(76991150,76991151,76991152,76991153)"
"157002372","5","10","90203971","91290641","5300","5800","(31100079,1,31020005,21,31010058,5,31000061,1)","1590","0","5","(31090501,1,31102219,1,31090502,2)","39000080","65","(76991150,76991151,76991152,76991153)"
"157002373","5","10","90203972","91290642","5800","6300","(31100079,1,31020005,21,31010058,5,31000061,1)","1740","0","5","(31090501,1,31102229,1,31090502,2)","39000080","65","(76991150,76991151,76991152,76991153)"
"157002374","5","10","90203973","91290643","6300","6800","(31100079,1,31020005,21,31010058,5,31000061,1)","1890","0","5","(31090501,1,31102239,1,31090502,2)","39000080","65","(76991150,76991151,76991152,76991153)"
"157002375","5","10","90203974","91290644","6800","7300","(31100079,1,31020005,21,31010058,5,31000061,1)","2040","0","5","(31090501,1,31102249,1,31090502,2)","39000080","65","(76991150,76991151,76991152,76991153)"
"157002376","5","10","90203975","91290645","7300","7900","(31100080,1,31020005,30,31010058,6,31000061,1)","2190","90203637","5","(31090501,1,31102504,1,31000166,3)","39000081","50","(76991154,76991155,76991156,76991157)"
"157002377","5","10","90203976","91290646","7900","8500","(31100080,1,31020005,30,31010058,6,31000061,1)","2370","0","5","(31090501,1,31102509,1,31000166,3)","39000081","50","(76991154,76991155,76991156,76991157)"
"157002378","5","10","90203977","91290647","8500","9200","(31100080,1,31020005,30,31010058,6,31000061,1)","2550","0","5","(31090501,1,31102514,1,31000166,3)","39000081","50","(76991154,76991155,76991156,76991157)"
"157002379","5","10","90203978","91290648","9200","10000","(31100080,1,31020005,30,31010058,6,31000061,1)","2760","0","5","(31090501,1,31102519,1,31000166,3)","39000081","50","(76991154,76991155,76991156,76991157)"
"157002380","5","10","90203979","91290649","10000","999999","(31100080,1,31020005,30,31010058,6,31000061,1)","3000","0","5","(31090501,1,31102524,1,31000166,3)","39000081","50","(76991154,76991155,76991156,76991157)"
"157002381","5","11","90203952","91290622","0","100","(31020005,6,31010058,1,31000061,1)","0","90203632","5","(31140133,1,31102501,1,31090502,1)","0","100","(76991134,76991135,76991136,76991137)"
"157002382","5","11","90203953","91290623","100","200","(31020005,6,31010058,1,31000061,1)","0","0","5","(31140133,1,31102511,1,31090502,1)","0","100","(76991134,76991135,76991136,76991137)"
"157002383","5","11","90203954","91290624","200","300","(31020005,6,31010058,1,31000061,1)","0","0","5","(31140133,1,31102521,1,31090502,1)","0","100","(76991134,76991135,76991136,76991137)"
"157002384","5","11","90203955","91290625","300","500","(31020005,9,31010058,2,31000061,1)","90","90203633","5","(31140134,1,31102502,1,31090502,1)","0","100","(76991138,76991139,76991140,76991141)"
"157002385","5","11","90203956","91290626","500","700","(31020005,9,31010058,2,31000061,1)","150","0","5","(31140134,1,31102507,1,31090502,1)","0","100","(76991138,76991139,76991140,76991141)"
"157002386","5","11","90203957","91290627","700","900","(31020005,9,31010058,2,31000061,1)","210","0","5","(31140134,1,31102512,1,31090502,1)","0","100","(76991138,76991139,76991140,76991141)"
"157002387","5","11","90203958","91290628","900","1100","(31020005,9,31010058,2,31000061,1)","270","0","5","(31140134,1,31102517,1,31090502,1)","0","100","(76991138,76991139,76991140,76991141)"
"157002388","5","11","90203959","91290629","1100","1300","(31020005,9,31010058,2,31000061,1)","330","0","5","(31140134,1,31102522,1,31090502,1)","0","100","(76991138,76991139,76991140,76991141)"
"157002389","5","11","90203960","91290630","1300","1600","(31020005,15,31010058,3,31000061,1)","390","90203634","5","(31090501,1,31102208,1,31090502,1)","0","100","(76991142,76991143,76991144,76991145)"
"157002390","5","11","90203961","91290631","1600","1900","(31020005,15,31010058,3,31000061,1)","480","0","5","(31090501,1,31102218,1,31090502,1)","0","100","(76991142,76991143,76991144,76991145)"
"157002391","5","11","90203962","91290632","1900","2200","(31020005,15,31010058,3,31000061,1)","570","0","5","(31090501,1,31102228,1,31090502,1)","0","100","(76991142,76991143,76991144,76991145)"
"157002392","5","11","90203963","91290633","2200","2500","(31020005,15,31010058,3,31000061,1)","660","0","5","(31090501,1,31102238,1,31090502,1)","0","100","(76991142,76991143,76991144,76991145)"
"157002393","5","11","90203964","91290634","2500","2800","(31020005,15,31010058,3,31000061,1)","750","0","5","(31090501,1,31102248,1,31090502,1)","0","100","(76991142,76991143,76991144,76991145)"
"157002394","5","11","90203965","91290635","2800","3200","(31100078,1,31020005,15,31010058,4,31000061,1)","840","90203635","5","(31090501,1,31102503,1,31090502,2)","39000079","80","(76991146,76991147,76991148,76991149)"
"157002395","5","11","90203966","91290636","3200","3600","(31100078,1,31020005,15,31010058,4,31000061,1)","960","0","5","(31090501,1,31102508,1,31090502,2)","39000079","80","(76991146,76991147,76991148,76991149)"
"157002396","5","11","90203967","91290637","3600","4000","(31100078,1,31020005,15,31010058,4,31000061,1)","1080","0","5","(31090501,1,31102513,1,31090502,2)","39000079","80","(76991146,76991147,76991148,76991149)"
"157002397","5","11","90203968","91290638","4000","4400","(31100078,1,31020005,15,31010058,4,31000061,1)","1200","0","5","(31090501,1,31102518,1,31090502,2)","39000079","80","(76991146,76991147,76991148,76991149)"
"157002398","5","11","90203969","91290639","4400","4800","(31100078,1,31020005,15,31010058,4,31000061,1)","1320","0","5","(31090501,1,31102523,1,31090502,2)","39000079","80","(76991146,76991147,76991148,76991149)"
"157002399","5","11","90203970","91290640","4800","5300","(31100079,1,31020005,21,31010058,5,31000061,1)","1440","90203636","5","(31090501,1,31102209,1,31090502,2)","39000080","65","(76991150,76991151,76991152,76991153)"
"157002400","5","11","90203971","91290641","5300","5800","(31100079,1,31020005,21,31010058,5,31000061,1)","1590","0","5","(31090501,1,31102219,1,31090502,2)","39000080","65","(76991150,76991151,76991152,76991153)"
"157002401","5","11","90203972","91290642","5800","6300","(31100079,1,31020005,21,31010058,5,31000061,1)","1740","0","5","(31090501,1,31102229,1,31090502,2)","39000080","65","(76991150,76991151,76991152,76991153)"
"157002402","5","11","90203973","91290643","6300","6800","(31100079,1,31020005,21,31010058,5,31000061,1)","1890","0","5","(31090501,1,31102239,1,31090502,2)","39000080","65","(76991150,76991151,76991152,76991153)"
"157002403","5","11","90203974","91290644","6800","7300","(31100079,1,31020005,21,31010058,5,31000061,1)","2040","0","5","(31090501,1,31102249,1,31090502,2)","39000080","65","(76991150,76991151,76991152,76991153)"
"157002404","5","11","90203975","91290645","7300","7900","(31100080,1,31020005,30,31010058,6,31000061,1)","2190","90203637","5","(31090501,1,31102504,1,31000166,3)","39000081","50","(76991154,76991155,76991156,76991157)"
"157002405","5","11","90203976","91290646","7900","8500","(31100080,1,31020005,30,31010058,6,31000061,1)","2370","0","5","(31090501,1,31102509,1,31000166,3)","39000081","50","(76991154,76991155,76991156,76991157)"
"157002406","5","11","90203977","91290647","8500","9200","(31100080,1,31020005,30,31010058,6,31000061,1)","2550","0","5","(31090501,1,31102514,1,31000166,3)","39000081","50","(76991154,76991155,76991156,76991157)"
"157002407","5","11","90203978","91290648","9200","10000","(31100080,1,31020005,30,31010058,6,31000061,1)","2760","0","5","(31090501,1,31102519,1,31000166,3)","39000081","50","(76991154,76991155,76991156,76991157)"
"157002408","5","11","90203979","91290649","10000","999999","(31100080,1,31020005,30,31010058,6,31000061,1)","3000","0","5","(31090501,1,31102524,1,31000166,3)","39000081","50","(76991154,76991155,76991156,76991157)"
"157002409","5","12","90203952","91290622","0","100","(31020005,6,31010058,1,31000061,1)","0","90203632","5","(31140133,1,31102501,1,31090502,1)","0","100","(76991134,76991135,76991136,76991137)"
"157002410","5","12","90203953","91290623","100","200","(31020005,6,31010058,1,31000061,1)","0","0","5","(31140133,1,31102511,1,31090502,1)","0","100","(76991134,76991135,76991136,76991137)"
"157002411","5","12","90203954","91290624","200","300","(31020005,6,31010058,1,31000061,1)","0","0","5","(31140133,1,31102521,1,31090502,1)","0","100","(76991134,76991135,76991136,76991137)"
"157002412","5","12","90203955","91290625","300","500","(31020005,9,31010058,2,31000061,1)","90","90203633","5","(31140134,1,31102502,1,31090502,1)","0","100","(76991138,76991139,76991140,76991141)"
"157002413","5","12","90203956","91290626","500","700","(31020005,9,31010058,2,31000061,1)","150","0","5","(31140134,1,31102507,1,31090502,1)","0","100","(76991138,76991139,76991140,76991141)"
"157002414","5","12","90203957","91290627","700","900","(31020005,9,31010058,2,31000061,1)","210","0","5","(31140134,1,31102512,1,31090502,1)","0","100","(76991138,76991139,76991140,76991141)"
"157002415","5","12","90203958","91290628","900","1100","(31020005,9,31010058,2,31000061,1)","270","0","5","(31140134,1,31102517,1,31090502,1)","0","100","(76991138,76991139,76991140,76991141)"
"157002416","5","12","90203959","91290629","1100","1300","(31020005,9,31010058,2,31000061,1)","330","0","5","(31140134,1,31102522,1,31090502,1)","0","100","(76991138,76991139,76991140,76991141)"
"157002417","5","12","90203960","91290630","1300","1600","(31020005,15,31010058,3,31000061,1)","390","90203634","5","(31090501,1,31102208,1,31090502,1)","0","100","(76991142,76991143,76991144,76991145)"
"157002418","5","12","90203961","91290631","1600","1900","(31020005,15,31010058,3,31000061,1)","480","0","5","(31090501,1,31102218,1,31090502,1)","0","100","(76991142,76991143,76991144,76991145)"
"157002419","5","12","90203962","91290632","1900","2200","(31020005,15,31010058,3,31000061,1)","570","0","5","(31090501,1,31102228,1,31090502,1)","0","100","(76991142,76991143,76991144,76991145)"
"157002420","5","12","90203963","91290633","2200","2500","(31020005,15,31010058,3,31000061,1)","660","0","5","(31090501,1,31102238,1,31090502,1)","0","100","(76991142,76991143,76991144,76991145)"
"157002421","5","12","90203964","91290634","2500","2800","(31020005,15,31010058,3,31000061,1)","750","0","5","(31090501,1,31102248,1,31090502,1)","0","100","(76991142,76991143,76991144,76991145)"
"157002422","5","12","90203965","91290635","2800","3200","(31100078,1,31020005,15,31010058,4,31000061,1)","840","90203635","5","(31090501,1,31102503,1,31090502,2)","39000079","80","(76991146,76991147,76991148,76991149)"
"157002423","5","12","90203966","91290636","3200","3600","(31100078,1,31020005,15,31010058,4,31000061,1)","960","0","5","(31090501,1,31102508,1,31090502,2)","39000079","80","(76991146,76991147,76991148,76991149)"
"157002424","5","12","90203967","91290637","3600","4000","(31100078,1,31020005,15,31010058,4,31000061,1)","1080","0","5","(31090501,1,31102513,1,31090502,2)","39000079","80","(76991146,76991147,76991148,76991149)"
"157002425","5","12","90203968","91290638","4000","4400","(31100078,1,31020005,15,31010058,4,31000061,1)","1200","0","5","(31090501,1,31102518,1,31090502,2)","39000079","80","(76991146,76991147,76991148,76991149)"
"157002426","5","12","90203969","91290639","4400","4800","(31100078,1,31020005,15,31010058,4,31000061,1)","1320","0","5","(31090501,1,31102523,1,31090502,2)","39000079","80","(76991146,76991147,76991148,76991149)"
"157002427","5","12","90203970","91290640","4800","5300","(31100079,1,31020005,21,31010058,5,31000061,1)","1440","90203636","5","(31090501,1,31102209,1,31090502,2)","39000080","65","(76991150,76991151,76991152,76991153)"
"157002428","5","12","90203971","91290641","5300","5800","(31100079,1,31020005,21,31010058,5,31000061,1)","1590","0","5","(31090501,1,31102219,1,31090502,2)","39000080","65","(76991150,76991151,76991152,76991153)"
"157002429","5","12","90203972","91290642","5800","6300","(31100079,1,31020005,21,31010058,5,31000061,1)","1740","0","5","(31090501,1,31102229,1,31090502,2)","39000080","65","(76991150,76991151,76991152,76991153)"
"157002430","5","12","90203973","91290643","6300","6800","(31100079,1,31020005,21,31010058,5,31000061,1)","1890","0","5","(31090501,1,31102239,1,31090502,2)","39000080","65","(76991150,76991151,76991152,76991153)"
"157002431","5","12","90203974","91290644","6800","7300","(31100079,1,31020005,21,31010058,5,31000061,1)","2040","0","5","(31090501,1,31102249,1,31090502,2)","39000080","65","(76991150,76991151,76991152,76991153)"
"157002432","5","12","90203975","91290645","7300","7900","(31100080,1,31020005,30,31010058,6,31000061,1)","2190","90203637","5","(31090501,1,31102504,1,31000166,3)","39000081","50","(76991154,76991155,76991156,76991157)"
"157002433","5","12","90203976","91290646","7900","8500","(31100080,1,31020005,30,31010058,6,31000061,1)","2370","0","5","(31090501,1,31102509,1,31000166,3)","39000081","50","(76991154,76991155,76991156,76991157)"
"157002434","5","12","90203977","91290647","8500","9200","(31100080,1,31020005,30,31010058,6,31000061,1)","2550","0","5","(31090501,1,31102514,1,31000166,3)","39000081","50","(76991154,76991155,76991156,76991157)"
"157002435","5","12","90203978","91290648","9200","10000","(31100080,1,31020005,30,31010058,6,31000061,1)","2760","0","5","(31090501,1,31102519,1,31000166,3)","39000081","50","(76991154,76991155,76991156,76991157)"
"157002436","5","12","90203979","91290649","10000","999999","(31100080,1,31020005,30,31010058,6,31000061,1)","3000","0","5","(31090501,1,31102524,1,31000166,3)","39000081","50","(76991154,76991155,76991156,76991157)"
"157002437","5","13","90203952","91290622","0","100","(31020005,6,31010058,1,31000061,1)","0","90203632","5","(31140133,1,31102501,1,31090502,1)","0","100","(76991134,76991135,76991136,76991137)"
"157002438","5","13","90203953","91290623","100","200","(31020005,6,31010058,1,31000061,1)","0","0","5","(31140133,1,31102511,1,31090502,1)","0","100","(76991134,76991135,76991136,76991137)"
"157002439","5","13","90203954","91290624","200","300","(31020005,6,31010058,1,31000061,1)","0","0","5","(31140133,1,31102521,1,31090502,1)","0","100","(76991134,76991135,76991136,76991137)"
"157002440","5","13","90203955","91290625","300","500","(31020005,9,31010058,2,31000061,1)","90","90203633","5","(31140134,1,31102502,1,31090502,1)","0","100","(76991138,76991139,76991140,76991141)"
"157002441","5","13","90203956","91290626","500","700","(31020005,9,31010058,2,31000061,1)","150","0","5","(31140134,1,31102507,1,31090502,1)","0","100","(76991138,76991139,76991140,76991141)"
"157002442","5","13","90203957","91290627","700","900","(31020005,9,31010058,2,31000061,1)","210","0","5","(31140134,1,31102512,1,31090502,1)","0","100","(76991138,76991139,76991140,76991141)"
"157002443","5","13","90203958","91290628","900","1100","(31020005,9,31010058,2,31000061,1)","270","0","5","(31140134,1,31102517,1,31090502,1)","0","100","(76991138,76991139,76991140,76991141)"
"157002444","5","13","90203959","91290629","1100","1300","(31020005,9,31010058,2,31000061,1)","330","0","5","(31140134,1,31102522,1,31090502,1)","0","100","(76991138,76991139,76991140,76991141)"
"157002445","5","13","90203960","91290630","1300","1600","(31020005,15,31010058,3,31000061,1)","390","90203634","5","(31090501,1,31102208,1,31090502,1)","0","100","(76991142,76991143,76991144,76991145)"
"157002446","5","13","90203961","91290631","1600","1900","(31020005,15,31010058,3,31000061,1)","480","0","5","(31090501,1,31102218,1,31090502,1)","0","100","(76991142,76991143,76991144,76991145)"
"157002447","5","13","90203962","91290632","1900","2200","(31020005,15,31010058,3,31000061,1)","570","0","5","(31090501,1,31102228,1,31090502,1)","0","100","(76991142,76991143,76991144,76991145)"
"157002448","5","13","90203963","91290633","2200","2500","(31020005,15,31010058,3,31000061,1)","660","0","5","(31090501,1,31102238,1,31090502,1)","0","100","(76991142,76991143,76991144,76991145)"
"157002449","5","13","90203964","91290634","2500","2800","(31020005,15,31010058,3,31000061,1)","750","0","5","(31090501,1,31102248,1,31090502,1)","0","100","(76991142,76991143,76991144,76991145)"
"157002450","5","13","90203965","91290635","2800","3200","(31100078,1,31020005,15,31010058,4,31000061,1)","840","90203635","5","(31090501,1,31102503,1,31090502,2)","39000079","80","(76991146,76991147,76991148,76991149)"
"157002451","5","13","90203966","91290636","3200","3600","(31100078,1,31020005,15,31010058,4,31000061,1)","960","0","5","(31090501,1,31102508,1,31090502,2)","39000079","80","(76991146,76991147,76991148,76991149)"
"157002452","5","13","90203967","91290637","3600","4000","(31100078,1,31020005,15,31010058,4,31000061,1)","1080","0","5","(31090501,1,31102513,1,31090502,2)","39000079","80","(76991146,76991147,76991148,76991149)"
"157002453","5","13","90203968","91290638","4000","4400","(31100078,1,31020005,15,31010058,4,31000061,1)","1200","0","5","(31090501,1,31102518,1,31090502,2)","39000079","80","(76991146,76991147,76991148,76991149)"
"157002454","5","13","90203969","91290639","4400","4800","(31100078,1,31020005,15,31010058,4,31000061,1)","1320","0","5","(31090501,1,31102523,1,31090502,2)","39000079","80","(76991146,76991147,76991148,76991149)"
"157002455","5","13","90203970","91290640","4800","5300","(31100079,1,31020005,21,31010058,5,31000061,1)","1440","90203636","5","(31090501,1,31102209,1,31090502,2)","39000080","65","(76991150,76991151,76991152,76991153)"
"157002456","5","13","90203971","91290641","5300","5800","(31100079,1,31020005,21,31010058,5,31000061,1)","1590","0","5","(31090501,1,31102219,1,31090502,2)","39000080","65","(76991150,76991151,76991152,76991153)"
"157002457","5","13","90203972","91290642","5800","6300","(31100079,1,31020005,21,31010058,5,31000061,1)","1740","0","5","(31090501,1,31102229,1,31090502,2)","39000080","65","(76991150,76991151,76991152,76991153)"
"157002458","5","13","90203973","91290643","6300","6800","(31100079,1,31020005,21,31010058,5,31000061,1)","1890","0","5","(31090501,1,31102239,1,31090502,2)","39000080","65","(76991150,76991151,76991152,76991153)"
"157002459","5","13","90203974","91290644","6800","7300","(31100079,1,31020005,21,31010058,5,31000061,1)","2040","0","5","(31090501,1,31102249,1,31090502,2)","39000080","65","(76991150,76991151,76991152,76991153)"
"157002460","5","13","90203975","91290645","7300","7900","(31100080,1,31020005,30,31010058,6,31000061,1)","2190","90203637","5","(31090501,1,31102504,1,31000166,3)","39000081","50","(76991154,76991155,76991156,76991157)"
"157002461","5","13","90203976","91290646","7900","8500","(31100080,1,31020005,30,31010058,6,31000061,1)","2370","0","5","(31090501,1,31102509,1,31000166,3)","39000081","50","(76991154,76991155,76991156,76991157)"
"157002462","5","13","90203977","91290647","8500","9200","(31100080,1,31020005,30,31010058,6,31000061,1)","2550","0","5","(31090501,1,31102514,1,31000166,3)","39000081","50","(76991154,76991155,76991156,76991157)"
"157002463","5","13","90203978","91290648","9200","10000","(31100080,1,31020005,30,31010058,6,31000061,1)","2760","0","5","(31090501,1,31102519,1,31000166,3)","39000081","50","(76991154,76991155,76991156,76991157)"
"157002464","5","13","90203979","91290649","10000","999999","(31100080,1,31020005,30,31010058,6,31000061,1)","3000","0","5","(31090501,1,31102524,1,31000166,3)","39000081","50","(76991154,76991155,76991156,76991157)"
"157002465","5","14","90203952","91290622","0","100","(31020005,6,31010058,1,31000061,1)","0","90203632","5","(31140133,1,31102501,1,31090502,1)","0","100","(76991134,76991135,76991136,76991137)"
"157002466","5","14","90203953","91290623","100","200","(31020005,6,31010058,1,31000061,1)","0","0","5","(31140133,1,31102511,1,31090502,1)","0","100","(76991134,76991135,76991136,76991137)"
"157002467","5","14","90203954","91290624","200","300","(31020005,6,31010058,1,31000061,1)","0","0","5","(31140133,1,31102521,1,31090502,1)","0","100","(76991134,76991135,76991136,76991137)"
"157002468","5","14","90203955","91290625","300","500","(31020005,9,31010058,2,31000061,1)","90","90203633","5","(31140134,1,31102502,1,31090502,1)","0","100","(76991138,76991139,76991140,76991141)"
"157002469","5","14","90203956","91290626","500","700","(31020005,9,31010058,2,31000061,1)","150","0","5","(31140134,1,31102507,1,31090502,1)","0","100","(76991138,76991139,76991140,76991141)"
"157002470","5","14","90203957","91290627","700","900","(31020005,9,31010058,2,31000061,1)","210","0","5","(31140134,1,31102512,1,31090502,1)","0","100","(76991138,76991139,76991140,76991141)"
"157002471","5","14","90203958","91290628","900","1100","(31020005,9,31010058,2,31000061,1)","270","0","5","(31140134,1,31102517,1,31090502,1)","0","100","(76991138,76991139,76991140,76991141)"
"157002472","5","14","90203959","91290629","1100","1300","(31020005,9,31010058,2,31000061,1)","330","0","5","(31140134,1,31102522,1,31090502,1)","0","100","(76991138,76991139,76991140,76991141)"
"157002473","5","14","90203960","91290630","1300","1600","(31020005,15,31010058,3,31000061,1)","390","90203634","5","(31090501,1,31102208,1,31090502,1)","0","100","(76991142,76991143,76991144,76991145)"
"157002474","5","14","90203961","91290631","1600","1900","(31020005,15,31010058,3,31000061,1)","480","0","5","(31090501,1,31102218,1,31090502,1)","0","100","(76991142,76991143,76991144,76991145)"
"157002475","5","14","90203962","91290632","1900","2200","(31020005,15,31010058,3,31000061,1)","570","0","5","(31090501,1,31102228,1,31090502,1)","0","100","(76991142,76991143,76991144,76991145)"
"157002476","5","14","90203963","91290633","2200","2500","(31020005,15,31010058,3,31000061,1)","660","0","5","(31090501,1,31102238,1,31090502,1)","0","100","(76991142,76991143,76991144,76991145)"
"157002477","5","14","90203964","91290634","2500","2800","(31020005,15,31010058,3,31000061,1)","750","0","5","(31090501,1,31102248,1,31090502,1)","0","100","(76991142,76991143,76991144,76991145)"
"157002478","5","14","90203965","91290635","2800","3200","(31100078,1,31020005,15,31010058,4,31000061,1)","840","90203635","5","(31090501,1,31102503,1,31090502,2)","39000079","80","(76991146,76991147,76991148,76991149)"
"157002479","5","14","90203966","91290636","3200","3600","(31100078,1,31020005,15,31010058,4,31000061,1)","960","0","5","(31090501,1,31102508,1,31090502,2)","39000079","80","(76991146,76991147,76991148,76991149)"
"157002480","5","14","90203967","91290637","3600","4000","(31100078,1,31020005,15,31010058,4,31000061,1)","1080","0","5","(31090501,1,31102513,1,31090502,2)","39000079","80","(76991146,76991147,76991148,76991149)"
"157002481","5","14","90203968","91290638","4000","4400","(31100078,1,31020005,15,31010058,4,31000061,1)","1200","0","5","(31090501,1,31102518,1,31090502,2)","39000079","80","(76991146,76991147,76991148,76991149)"
"157002482","5","14","90203969","91290639","4400","4800","(31100078,1,31020005,15,31010058,4,31000061,1)","1320","0","5","(31090501,1,31102523,1,31090502,2)","39000079","80","(76991146,76991147,76991148,76991149)"
"157002483","5","14","90203970","91290640","4800","5300","(31100079,1,31020005,21,31010058,5,31000061,1)","1440","90203636","5","(31090501,1,31102209,1,31090502,2)","39000080","65","(76991150,76991151,76991152,76991153)"
"157002484","5","14","90203971","91290641","5300","5800","(31100079,1,31020005,21,31010058,5,31000061,1)","1590","0","5","(31090501,1,31102219,1,31090502,2)","39000080","65","(76991150,76991151,76991152,76991153)"
"157002485","5","14","90203972","91290642","5800","6300","(31100079,1,31020005,21,31010058,5,31000061,1)","1740","0","5","(31090501,1,31102229,1,31090502,2)","39000080","65","(76991150,76991151,76991152,76991153)"
"157002486","5","14","90203973","91290643","6300","6800","(31100079,1,31020005,21,31010058,5,31000061,1)","1890","0","5","(31090501,1,31102239,1,31090502,2)","39000080","65","(76991150,76991151,76991152,76991153)"
"157002487","5","14","90203974","91290644","6800","7300","(31100079,1,31020005,21,31010058,5,31000061,1)","2040","0","5","(31090501,1,31102249,1,31090502,2)","39000080","65","(76991150,76991151,76991152,76991153)"
"157002488","5","14","90203975","91290645","7300","7900","(31100080,1,31020005,30,31010058,6,31000061,1)","2190","90203637","5","(31090501,1,31102504,1,31000166,3)","39000081","50","(76991154,76991155,76991156,76991157)"
"157002489","5","14","90203976","91290646","7900","8500","(31100080,1,31020005,30,31010058,6,31000061,1)","2370","0","5","(31090501,1,31102509,1,31000166,3)","39000081","50","(76991154,76991155,76991156,76991157)"
"157002490","5","14","90203977","91290647","8500","9200","(31100080,1,31020005,30,31010058,6,31000061,1)","2550","0","5","(31090501,1,31102514,1,31000166,3)","39000081","50","(76991154,76991155,76991156,76991157)"
"157002491","5","14","90203978","91290648","9200","10000","(31100080,1,31020005,30,31010058,6,31000061,1)","2760","0","5","(31090501,1,31102519,1,31000166,3)","39000081","50","(76991154,76991155,76991156,76991157)"
"157002492","5","14","90203979","91290649","10000","999999","(31100080,1,31020005,30,31010058,6,31000061,1)","3000","0","5","(31090501,1,31102524,1,31000166,3)","39000081","50","(76991154,76991155,76991156,76991157)"
"157002493","5","15","90203952","91290622","0","100","(31020005,6,31010058,1,31000061,1)","0","90203632","5","(31140133,1,31102501,1,31090502,1)","0","100","(76991134,76991135,76991136,76991137)"
"157002494","5","15","90203953","91290623","100","200","(31020005,6,31010058,1,31000061,1)","0","0","5","(31140133,1,31102511,1,31090502,1)","0","100","(76991134,76991135,76991136,76991137)"
"157002495","5","15","90203954","91290624","200","300","(31020005,6,31010058,1,31000061,1)","0","0","5","(31140133,1,31102521,1,31090502,1)","0","100","(76991134,76991135,76991136,76991137)"
"157002496","5","15","90203955","91290625","300","500","(31020005,9,31010058,2,31000061,1)","90","90203633","5","(31140134,1,31102502,1,31090502,1)","0","100","(76991138,76991139,76991140,76991141)"
"157002497","5","15","90203956","91290626","500","700","(31020005,9,31010058,2,31000061,1)","150","0","5","(31140134,1,31102507,1,31090502,1)","0","100","(76991138,76991139,76991140,76991141)"
"157002498","5","15","90203957","91290627","700","900","(31020005,9,31010058,2,31000061,1)","210","0","5","(31140134,1,31102512,1,31090502,1)","0","100","(76991138,76991139,76991140,76991141)"
"157002499","5","15","90203958","91290628","900","1100","(31020005,9,31010058,2,31000061,1)","270","0","5","(31140134,1,31102517,1,31090502,1)","0","100","(76991138,76991139,76991140,76991141)"
"157002500","5","15","90203959","91290629","1100","1300","(31020005,9,31010058,2,31000061,1)","330","0","5","(31140134,1,31102522,1,31090502,1)","0","100","(76991138,76991139,76991140,76991141)"
"157002501","5","15","90203960","91290630","1300","1600","(31020005,15,31010058,3,31000061,1)","390","90203634","5","(31090501,1,31102208,1,31090502,1)","0","100","(76991142,76991143,76991144,76991145)"
"157002502","5","15","90203961","91290631","1600","1900","(31020005,15,31010058,3,31000061,1)","480","0","5","(31090501,1,31102218,1,31090502,1)","0","100","(76991142,76991143,76991144,76991145)"
"157002503","5","15","90203962","91290632","1900","2200","(31020005,15,31010058,3,31000061,1)","570","0","5","(31090501,1,31102228,1,31090502,1)","0","100","(76991142,76991143,76991144,76991145)"
"157002504","5","15","90203963","91290633","2200","2500","(31020005,15,31010058,3,31000061,1)","660","0","5","(31090501,1,31102238,1,31090502,1)","0","100","(76991142,76991143,76991144,76991145)"
"157002505","5","15","90203964","91290634","2500","2800","(31020005,15,31010058,3,31000061,1)","750","0","5","(31090501,1,31102248,1,31090502,1)","0","100","(76991142,76991143,76991144,76991145)"
"157002506","5","15","90203965","91290635","2800","3200","(31100078,1,31020005,15,31010058,4,31000061,1)","840","90203635","5","(31090501,1,31102503,1,31090502,2)","39000079","80","(76991146,76991147,76991148,76991149)"
"157002507","5","15","90203966","91290636","3200","3600","(31100078,1,31020005,15,31010058,4,31000061,1)","960","0","5","(31090501,1,31102508,1,31090502,2)","39000079","80","(76991146,76991147,76991148,76991149)"
"157002508","5","15","90203967","91290637","3600","4000","(31100078,1,31020005,15,31010058,4,31000061,1)","1080","0","5","(31090501,1,31102513,1,31090502,2)","39000079","80","(76991146,76991147,76991148,76991149)"
"157002509","5","15","90203968","91290638","4000","4400","(31100078,1,31020005,15,31010058,4,31000061,1)","1200","0","5","(31090501,1,31102518,1,31090502,2)","39000079","80","(76991146,76991147,76991148,76991149)"
"157002510","5","15","90203969","91290639","4400","4800","(31100078,1,31020005,15,31010058,4,31000061,1)","1320","0","5","(31090501,1,31102523,1,31090502,2)","39000079","80","(76991146,76991147,76991148,76991149)"
"157002511","5","15","90203970","91290640","4800","5300","(31100079,1,31020005,21,31010058,5,31000061,1)","1440","90203636","5","(31090501,1,31102209,1,31090502,2)","39000080","65","(76991150,76991151,76991152,76991153)"
"157002512","5","15","90203971","91290641","5300","5800","(31100079,1,31020005,21,31010058,5,31000061,1)","1590","0","5","(31090501,1,31102219,1,31090502,2)","39000080","65","(76991150,76991151,76991152,76991153)"
"157002513","5","15","90203972","91290642","5800","6300","(31100079,1,31020005,21,31010058,5,31000061,1)","1740","0","5","(31090501,1,31102229,1,31090502,2)","39000080","65","(76991150,76991151,76991152,76991153)"
"157002514","5","15","90203973","91290643","6300","6800","(31100079,1,31020005,21,31010058,5,31000061,1)","1890","0","5","(31090501,1,31102239,1,31090502,2)","39000080","65","(76991150,76991151,76991152,76991153)"
"157002515","5","15","90203974","91290644","6800","7300","(31100079,1,31020005,21,31010058,5,31000061,1)","2040","0","5","(31090501,1,31102249,1,31090502,2)","39000080","65","(76991150,76991151,76991152,76991153)"
"157002516","5","15","90203975","91290645","7300","7900","(31100080,1,31020005,30,31010058,6,31000061,1)","2190","90203637","5","(31090501,1,31102504,1,31000166,3)","39000081","50","(76991154,76991155,76991156,76991157)"
"157002517","5","15","90203976","91290646","7900","8500","(31100080,1,31020005,30,31010058,6,31000061,1)","2370","0","5","(31090501,1,31102509,1,31000166,3)","39000081","50","(76991154,76991155,76991156,76991157)"
"157002518","5","15","90203977","91290647","8500","9200","(31100080,1,31020005,30,31010058,6,31000061,1)","2550","0","5","(31090501,1,31102514,1,31000166,3)","39000081","50","(76991154,76991155,76991156,76991157)"
"157002519","5","15","90203978","91290648","9200","10000","(31100080,1,31020005,30,31010058,6,31000061,1)","2760","0","5","(31090501,1,31102519,1,31000166,3)","39000081","50","(76991154,76991155,76991156,76991157)"
"157002520","5","15","90203979","91290649","10000","999999","(31100080,1,31020005,30,31010058,6,31000061,1)","3000","0","5","(31090501,1,31102524,1,31000166,3)","39000081","50","(76991154,76991155,76991156,76991157)"
"157002521","6","1","90203952","91290622","0","100","(31020005,6,31010058,1,31000061,1)","0","90203632","5","(31140133,1,31102501,1,31090502,1)","0","100","(76991134,76991135,76991136,76991137)"
"157002522","6","1","90203953","91290623","100","200","(31020005,6,31010058,1,31000061,1)","0","0","5","(31140133,1,31102511,1,31090502,1)","0","100","(76991134,76991135,76991136,76991137)"
"157002523","6","1","90203954","91290624","200","300","(31020005,6,31010058,1,31000061,1)","0","0","5","(31140133,1,31102521,1,31090502,1)","0","100","(76991134,76991135,76991136,76991137)"
"157002524","6","1","90203955","91290625","300","500","(31020005,9,31010058,2,31000061,1)","90","90203633","5","(31140134,1,31102502,1,31090502,1)","0","100","(76991138,76991139,76991140,76991141)"
"157002525","6","1","90203956","91290626","500","700","(31020005,9,31010058,2,31000061,1)","150","0","5","(31140134,1,31102507,1,31090502,1)","0","100","(76991138,76991139,76991140,76991141)"
"157002526","6","1","90203957","91290627","700","900","(31020005,9,31010058,2,31000061,1)","210","0","5","(31140134,1,31102512,1,31090502,1)","0","100","(76991138,76991139,76991140,76991141)"
"157002527","6","1","90203958","91290628","900","1100","(31020005,9,31010058,2,31000061,1)","270","0","5","(31140134,1,31102517,1,31090502,1)","0","100","(76991138,76991139,76991140,76991141)"
"157002528","6","1","90203959","91290629","1100","1300","(31020005,9,31010058,2,31000061,1)","330","0","5","(31140134,1,31102522,1,31090502,1)","0","100","(76991138,76991139,76991140,76991141)"
"157002529","6","1","90203960","91290630","1300","1600","(31020005,15,31010058,3,31000061,1)","390","90203634","5","(31090501,1,31102208,1,31090502,1)","0","100","(76991142,76991143,76991144,76991145)"
"157002530","6","1","90203961","91290631","1600","1900","(31020005,15,31010058,3,31000061,1)","480","0","5","(31090501,1,31102218,1,31090502,1)","0","100","(76991142,76991143,76991144,76991145)"
"157002531","6","1","90203962","91290632","1900","2200","(31020005,15,31010058,3,31000061,1)","570","0","5","(31090501,1,31102228,1,31090502,1)","0","100","(76991142,76991143,76991144,76991145)"
"157002532","6","1","90203963","91290633","2200","2500","(31020005,15,31010058,3,31000061,1)","660","0","5","(31090501,1,31102238,1,31090502,1)","0","100","(76991142,76991143,76991144,76991145)"
"157002533","6","1","90203964","91290634","2500","2800","(31020005,15,31010058,3,31000061,1)","750","0","5","(31090501,1,31102248,1,31090502,1)","0","100","(76991142,76991143,76991144,76991145)"
"157002534","6","1","90203965","91290635","2800","3200","(31100078,1,31020005,15,31010058,4,31000061,1)","840","90203635","5","(31090501,1,31102503,1,31090502,2)","39000079","80","(76991146,76991147,76991148,76991149)"
"157002535","6","1","90203966","91290636","3200","3600","(31100078,1,31020005,15,31010058,4,31000061,1)","960","0","5","(31090501,1,31102508,1,31090502,2)","39000079","80","(76991146,76991147,76991148,76991149)"
"157002536","6","1","90203967","91290637","3600","4000","(31100078,1,31020005,15,31010058,4,31000061,1)","1080","0","5","(31090501,1,31102513,1,31090502,2)","39000079","80","(76991146,76991147,76991148,76991149)"
"157002537","6","1","90203968","91290638","4000","4400","(31100078,1,31020005,15,31010058,4,31000061,1)","1200","0","5","(31090501,1,31102518,1,31090502,2)","39000079","80","(76991146,76991147,76991148,76991149)"
"157002538","6","1","90203969","91290639","4400","4800","(31100078,1,31020005,15,31010058,4,31000061,1)","1320","0","5","(31090501,1,31102523,1,31090502,2)","39000079","80","(76991146,76991147,76991148,76991149)"
"157002539","6","1","90203970","91290640","4800","5300","(31100079,1,31020005,21,31010058,5,31000061,1)","1440","90203636","5","(31090501,1,31102209,1,31090502,2)","39000080","65","(76991150,76991151,76991152,76991153)"
"157002540","6","1","90203971","91290641","5300","5800","(31100079,1,31020005,21,31010058,5,31000061,1)","1590","0","5","(31090501,1,31102219,1,31090502,2)","39000080","65","(76991150,76991151,76991152,76991153)"
"157002541","6","1","90203972","91290642","5800","6300","(31100079,1,31020005,21,31010058,5,31000061,1)","1740","0","5","(31090501,1,31102229,1,31090502,2)","39000080","65","(76991150,76991151,76991152,76991153)"
"157002542","6","1","90203973","91290643","6300","6800","(31100079,1,31020005,21,31010058,5,31000061,1)","1890","0","5","(31090501,1,31102239,1,31090502,2)","39000080","65","(76991150,76991151,76991152,76991153)"
"157002543","6","1","90203974","91290644","6800","7300","(31100079,1,31020005,21,31010058,5,31000061,1)","2040","0","5","(31090501,1,31102249,1,31090502,2)","39000080","65","(76991150,76991151,76991152,76991153)"
"157002544","6","1","90203975","91290645","7300","7900","(31100080,1,31020005,30,31010058,6,31000061,1)","2190","90203637","5","(31090501,1,31102504,1,31000166,3)","39000081","50","(76991154,76991155,76991156,76991157)"
"157002545","6","1","90203976","91290646","7900","8500","(31100080,1,31020005,30,31010058,6,31000061,1)","2370","0","5","(31090501,1,31102509,1,31000166,3)","39000081","50","(76991154,76991155,76991156,76991157)"
"157002546","6","1","90203977","91290647","8500","9200","(31100080,1,31020005,30,31010058,6,31000061,1)","2550","0","5","(31090501,1,31102514,1,31000166,3)","39000081","50","(76991154,76991155,76991156,76991157)"
"157002547","6","1","90203978","91290648","9200","10000","(31100080,1,31020005,30,31010058,6,31000061,1)","2760","0","5","(31090501,1,31102519,1,31000166,3)","39000081","50","(76991154,76991155,76991156,76991157)"
"157002548","6","1","90203979","91290649","10000","999999","(31100080,1,31020005,30,31010058,6,31000061,1)","3000","0","5","(31090501,1,31102524,1,31000166,3)","39000081","50","(76991154,76991155,76991156,76991157)"
"157002549","6","2","90203952","91290622","0","100","(31020005,6,31010058,1,31000061,1)","0","90203632","5","(31140133,1,31102501,1,31090502,1)","0","100","(76991134,76991135,76991136,76991137)"
"157002550","6","2","90203953","91290623","100","200","(31020005,6,31010058,1,31000061,1)","0","0","5","(31140133,1,31102511,1,31090502,1)","0","100","(76991134,76991135,76991136,76991137)"
"157002551","6","2","90203954","91290624","200","300","(31020005,6,31010058,1,31000061,1)","0","0","5","(31140133,1,31102521,1,31090502,1)","0","100","(76991134,76991135,76991136,76991137)"
"157002552","6","2","90203955","91290625","300","500","(31020005,9,31010058,2,31000061,1)","90","90203633","5","(31140134,1,31102502,1,31090502,1)","0","100","(76991138,76991139,76991140,76991141)"
"157002553","6","2","90203956","91290626","500","700","(31020005,9,31010058,2,31000061,1)","150","0","5","(31140134,1,31102507,1,31090502,1)","0","100","(76991138,76991139,76991140,76991141)"
"157002554","6","2","90203957","91290627","700","900","(31020005,9,31010058,2,31000061,1)","210","0","5","(31140134,1,31102512,1,31090502,1)","0","100","(76991138,76991139,76991140,76991141)"
"157002555","6","2","90203958","91290628","900","1100","(31020005,9,31010058,2,31000061,1)","270","0","5","(31140134,1,31102517,1,31090502,1)","0","100","(76991138,76991139,76991140,76991141)"
"157002556","6","2","90203959","91290629","1100","1300","(31020005,9,31010058,2,31000061,1)","330","0","5","(31140134,1,31102522,1,31090502,1)","0","100","(76991138,76991139,76991140,76991141)"
"157002557","6","2","90203960","91290630","1300","1600","(31020005,15,31010058,3,31000061,1)","390","90203634","5","(31090501,1,31102208,1,31090502,1)","0","100","(76991142,76991143,76991144,76991145)"
"157002558","6","2","90203961","91290631","1600","1900","(31020005,15,31010058,3,31000061,1)","480","0","5","(31090501,1,31102218,1,31090502,1)","0","100","(76991142,76991143,76991144,76991145)"
"157002559","6","2","90203962","91290632","1900","2200","(31020005,15,31010058,3,31000061,1)","570","0","5","(31090501,1,31102228,1,31090502,1)","0","100","(76991142,76991143,76991144,76991145)"
"157002560","6","2","90203963","91290633","2200","2500","(31020005,15,31010058,3,31000061,1)","660","0","5","(31090501,1,31102238,1,31090502,1)","0","100","(76991142,76991143,76991144,76991145)"
"157002561","6","2","90203964","91290634","2500","2800","(31020005,15,31010058,3,31000061,1)","750","0","5","(31090501,1,31102248,1,31090502,1)","0","100","(76991142,76991143,76991144,76991145)"
"157002562","6","2","90203965","91290635","2800","3200","(31100078,1,31020005,15,31010058,4,31000061,1)","840","90203635","5","(31090501,1,31102503,1,31090502,2)","39000079","80","(76991146,76991147,76991148,76991149)"
"157002563","6","2","90203966","91290636","3200","3600","(31100078,1,31020005,15,31010058,4,31000061,1)","960","0","5","(31090501,1,31102508,1,31090502,2)","39000079","80","(76991146,76991147,76991148,76991149)"
"157002564","6","2","90203967","91290637","3600","4000","(31100078,1,31020005,15,31010058,4,31000061,1)","1080","0","5","(31090501,1,31102513,1,31090502,2)","39000079","80","(76991146,76991147,76991148,76991149)"
"157002565","6","2","90203968","91290638","4000","4400","(31100078,1,31020005,15,31010058,4,31000061,1)","1200","0","5","(31090501,1,31102518,1,31090502,2)","39000079","80","(76991146,76991147,76991148,76991149)"
"157002566","6","2","90203969","91290639","4400","4800","(31100078,1,31020005,15,31010058,4,31000061,1)","1320","0","5","(31090501,1,31102523,1,31090502,2)","39000079","80","(76991146,76991147,76991148,76991149)"
"157002567","6","2","90203970","91290640","4800","5300","(31100079,1,31020005,21,31010058,5,31000061,1)","1440","90203636","5","(31090501,1,31102209,1,31090502,2)","39000080","65","(76991150,76991151,76991152,76991153)"
"157002568","6","2","90203971","91290641","5300","5800","(31100079,1,31020005,21,31010058,5,31000061,1)","1590","0","5","(31090501,1,31102219,1,31090502,2)","39000080","65","(76991150,76991151,76991152,76991153)"
"157002569","6","2","90203972","91290642","5800","6300","(31100079,1,31020005,21,31010058,5,31000061,1)","1740","0","5","(31090501,1,31102229,1,31090502,2)","39000080","65","(76991150,76991151,76991152,76991153)"
"157002570","6","2","90203973","91290643","6300","6800","(31100079,1,31020005,21,31010058,5,31000061,1)","1890","0","5","(31090501,1,31102239,1,31090502,2)","39000080","65","(76991150,76991151,76991152,76991153)"
"157002571","6","2","90203974","91290644","6800","7300","(31100079,1,31020005,21,31010058,5,31000061,1)","2040","0","5","(31090501,1,31102249,1,31090502,2)","39000080","65","(76991150,76991151,76991152,76991153)"
"157002572","6","2","90203975","91290645","7300","7900","(31100080,1,31020005,30,31010058,6,31000061,1)","2190","90203637","5","(31090501,1,31102504,1,31000166,3)","39000081","50","(76991154,76991155,76991156,76991157)"
"157002573","6","2","90203976","91290646","7900","8500","(31100080,1,31020005,30,31010058,6,31000061,1)","2370","0","5","(31090501,1,31102509,1,31000166,3)","39000081","50","(76991154,76991155,76991156,76991157)"
"157002574","6","2","90203977","91290647","8500","9200","(31100080,1,31020005,30,31010058,6,31000061,1)","2550","0","5","(31090501,1,31102514,1,31000166,3)","39000081","50","(76991154,76991155,76991156,76991157)"
"157002575","6","2","90203978","91290648","9200","10000","(31100080,1,31020005,30,31010058,6,31000061,1)","2760","0","5","(31090501,1,31102519,1,31000166,3)","39000081","50","(76991154,76991155,76991156,76991157)"
"157002576","6","2","90203979","91290649","10000","999999","(31100080,1,31020005,30,31010058,6,31000061,1)","3000","0","5","(31090501,1,31102524,1,31000166,3)","39000081","50","(76991154,76991155,76991156,76991157)"
"157002577","6","3","90203952","91290622","0","100","(31020005,6,31010058,1,31000061,1)","0","90203632","5","(31140133,1,31102501,1,31090502,1)","0","100","(76991134,76991135,76991136,76991137)"
"157002578","6","3","90203953","91290623","100","200","(31020005,6,31010058,1,31000061,1)","0","0","5","(31140133,1,31102511,1,31090502,1)","0","100","(76991134,76991135,76991136,76991137)"
"157002579","6","3","90203954","91290624","200","300","(31020005,6,31010058,1,31000061,1)","0","0","5","(31140133,1,31102521,1,31090502,1)","0","100","(76991134,76991135,76991136,76991137)"
"157002580","6","3","90203955","91290625","300","500","(31020005,9,31010058,2,31000061,1)","90","90203633","5","(31140134,1,31102502,1,31090502,1)","0","100","(76991138,76991139,76991140,76991141)"
"157002581","6","3","90203956","91290626","500","700","(31020005,9,31010058,2,31000061,1)","150","0","5","(31140134,1,31102507,1,31090502,1)","0","100","(76991138,76991139,76991140,76991141)"
"157002582","6","3","90203957","91290627","700","900","(31020005,9,31010058,2,31000061,1)","210","0","5","(31140134,1,31102512,1,31090502,1)","0","100","(76991138,76991139,76991140,76991141)"
"157002583","6","3","90203958","91290628","900","1100","(31020005,9,31010058,2,31000061,1)","270","0","5","(31140134,1,31102517,1,31090502,1)","0","100","(76991138,76991139,76991140,76991141)"
"157002584","6","3","90203959","91290629","1100","1300","(31020005,9,31010058,2,31000061,1)","330","0","5","(31140134,1,31102522,1,31090502,1)","0","100","(76991138,76991139,76991140,76991141)"
"157002585","6","3","90203960","91290630","1300","1600","(31020005,15,31010058,3,31000061,1)","390","90203634","5","(31090501,1,31102208,1,31090502,1)","0","100","(76991142,76991143,76991144,76991145)"
"157002586","6","3","90203961","91290631","1600","1900","(31020005,15,31010058,3,31000061,1)","480","0","5","(31090501,1,31102218,1,31090502,1)","0","100","(76991142,76991143,76991144,76991145)"
"157002587","6","3","90203962","91290632","1900","2200","(31020005,15,31010058,3,31000061,1)","570","0","5","(31090501,1,31102228,1,31090502,1)","0","100","(76991142,76991143,76991144,76991145)"
"157002588","6","3","90203963","91290633","2200","2500","(31020005,15,31010058,3,31000061,1)","660","0","5","(31090501,1,31102238,1,31090502,1)","0","100","(76991142,76991143,76991144,76991145)"
"157002589","6","3","90203964","91290634","2500","2800","(31020005,15,31010058,3,31000061,1)","750","0","5","(31090501,1,31102248,1,31090502,1)","0","100","(76991142,76991143,76991144,76991145)"
"157002590","6","3","90203965","91290635","2800","3200","(31100078,1,31020005,15,31010058,4,31000061,1)","840","90203635","5","(31090501,1,31102503,1,31090502,2)","39000079","80","(76991146,76991147,76991148,76991149)"
"157002591","6","3","90203966","91290636","3200","3600","(31100078,1,31020005,15,31010058,4,31000061,1)","960","0","5","(31090501,1,31102508,1,31090502,2)","39000079","80","(76991146,76991147,76991148,76991149)"
"157002592","6","3","90203967","91290637","3600","4000","(31100078,1,31020005,15,31010058,4,31000061,1)","1080","0","5","(31090501,1,31102513,1,31090502,2)","39000079","80","(76991146,76991147,76991148,76991149)"
"157002593","6","3","90203968","91290638","4000","4400","(31100078,1,31020005,15,31010058,4,31000061,1)","1200","0","5","(31090501,1,31102518,1,31090502,2)","39000079","80","(76991146,76991147,76991148,76991149)"
"157002594","6","3","90203969","91290639","4400","4800","(31100078,1,31020005,15,31010058,4,31000061,1)","1320","0","5","(31090501,1,31102523,1,31090502,2)","39000079","80","(76991146,76991147,76991148,76991149)"
"157002595","6","3","90203970","91290640","4800","5300","(31100079,1,31020005,21,31010058,5,31000061,1)","1440","90203636","5","(31090501,1,31102209,1,31090502,2)","39000080","65","(76991150,76991151,76991152,76991153)"
"157002596","6","3","90203971","91290641","5300","5800","(31100079,1,31020005,21,31010058,5,31000061,1)","1590","0","5","(31090501,1,31102219,1,31090502,2)","39000080","65","(76991150,76991151,76991152,76991153)"
"157002597","6","3","90203972","91290642","5800","6300","(31100079,1,31020005,21,31010058,5,31000061,1)","1740","0","5","(31090501,1,31102229,1,31090502,2)","39000080","65","(76991150,76991151,76991152,76991153)"
"157002598","6","3","90203973","91290643","6300","6800","(31100079,1,31020005,21,31010058,5,31000061,1)","1890","0","5","(31090501,1,31102239,1,31090502,2)","39000080","65","(76991150,76991151,76991152,76991153)"
"157002599","6","3","90203974","91290644","6800","7300","(31100079,1,31020005,21,31010058,5,31000061,1)","2040","0","5","(31090501,1,31102249,1,31090502,2)","39000080","65","(76991150,76991151,76991152,76991153)"
"157002600","6","3","90203975","91290645","7300","7900","(31100080,1,31020005,30,31010058,6,31000061,1)","2190","90203637","5","(31090501,1,31102504,1,31000166,3)","39000081","50","(76991154,76991155,76991156,76991157)"
"157002601","6","3","90203976","91290646","7900","8500","(31100080,1,31020005,30,31010058,6,31000061,1)","2370","0","5","(31090501,1,31102509,1,31000166,3)","39000081","50","(76991154,76991155,76991156,76991157)"
"157002602","6","3","90203977","91290647","8500","9200","(31100080,1,31020005,30,31010058,6,31000061,1)","2550","0","5","(31090501,1,31102514,1,31000166,3)","39000081","50","(76991154,76991155,76991156,76991157)"
"157002603","6","3","90203978","91290648","9200","10000","(31100080,1,31020005,30,31010058,6,31000061,1)","2760","0","5","(31090501,1,31102519,1,31000166,3)","39000081","50","(76991154,76991155,76991156,76991157)"
"157002604","6","3","90203979","91290649","10000","999999","(31100080,1,31020005,30,31010058,6,31000061,1)","3000","0","5","(31090501,1,31102524,1,31000166,3)","39000081","50","(76991154,76991155,76991156,76991157)"
"157002605","6","4","90203952","91290622","0","100","(31020005,6,31010058,1,31000061,1)","0","90203632","5","(31140133,1,31102501,1,31090502,1)","0","100","(76991134,76991135,76991136,76991137)"
"157002606","6","4","90203953","91290623","100","200","(31020005,6,31010058,1,31000061,1)","0","0","5","(31140133,1,31102511,1,31090502,1)","0","100","(76991134,76991135,76991136,76991137)"
"157002607","6","4","90203954","91290624","200","300","(31020005,6,31010058,1,31000061,1)","0","0","5","(31140133,1,31102521,1,31090502,1)","0","100","(76991134,76991135,76991136,76991137)"
"157002608","6","4","90203955","91290625","300","500","(31020005,9,31010058,2,31000061,1)","90","90203633","5","(31140134,1,31102502,1,31090502,1)","0","100","(76991138,76991139,76991140,76991141)"
"157002609","6","4","90203956","91290626","500","700","(31020005,9,31010058,2,31000061,1)","150","0","5","(31140134,1,31102507,1,31090502,1)","0","100","(76991138,76991139,76991140,76991141)"
"157002610","6","4","90203957","91290627","700","900","(31020005,9,31010058,2,31000061,1)","210","0","5","(31140134,1,31102512,1,31090502,1)","0","100","(76991138,76991139,76991140,76991141)"
"157002611","6","4","90203958","91290628","900","1100","(31020005,9,31010058,2,31000061,1)","270","0","5","(31140134,1,31102517,1,31090502,1)","0","100","(76991138,76991139,76991140,76991141)"
"157002612","6","4","90203959","91290629","1100","1300","(31020005,9,31010058,2,31000061,1)","330","0","5","(31140134,1,31102522,1,31090502,1)","0","100","(76991138,76991139,76991140,76991141)"
"157002613","6","4","90203960","91290630","1300","1600","(31020005,15,31010058,3,31000061,1)","390","90203634","5","(31090501,1,31102208,1,31090502,1)","0","100","(76991142,76991143,76991144,76991145)"
"157002614","6","4","90203961","91290631","1600","1900","(31020005,15,31010058,3,31000061,1)","480","0","5","(31090501,1,31102218,1,31090502,1)","0","100","(76991142,76991143,76991144,76991145)"
"157002615","6","4","90203962","91290632","1900","2200","(31020005,15,31010058,3,31000061,1)","570","0","5","(31090501,1,31102228,1,31090502,1)","0","100","(76991142,76991143,76991144,76991145)"
"157002616","6","4","90203963","91290633","2200","2500","(31020005,15,31010058,3,31000061,1)","660","0","5","(31090501,1,31102238,1,31090502,1)","0","100","(76991142,76991143,76991144,76991145)"
"157002617","6","4","90203964","91290634","2500","2800","(31020005,15,31010058,3,31000061,1)","750","0","5","(31090501,1,31102248,1,31090502,1)","0","100","(76991142,76991143,76991144,76991145)"
"157002618","6","4","90203965","91290635","2800","3200","(31100078,1,31020005,15,31010058,4,31000061,1)","840","90203635","5","(31090501,1,31102503,1,31090502,2)","39000079","80","(76991146,76991147,76991148,76991149)"
"157002619","6","4","90203966","91290636","3200","3600","(31100078,1,31020005,15,31010058,4,31000061,1)","960","0","5","(31090501,1,31102508,1,31090502,2)","39000079","80","(76991146,76991147,76991148,76991149)"
"157002620","6","4","90203967","91290637","3600","4000","(31100078,1,31020005,15,31010058,4,31000061,1)","1080","0","5","(31090501,1,31102513,1,31090502,2)","39000079","80","(76991146,76991147,76991148,76991149)"
"157002621","6","4","90203968","91290638","4000","4400","(31100078,1,31020005,15,31010058,4,31000061,1)","1200","0","5","(31090501,1,31102518,1,31090502,2)","39000079","80","(76991146,76991147,76991148,76991149)"
"157002622","6","4","90203969","91290639","4400","4800","(31100078,1,31020005,15,31010058,4,31000061,1)","1320","0","5","(31090501,1,31102523,1,31090502,2)","39000079","80","(76991146,76991147,76991148,76991149)"
"157002623","6","4","90203970","91290640","4800","5300","(31100079,1,31020005,21,31010058,5,31000061,1)","1440","90203636","5","(31090501,1,31102209,1,31090502,2)","39000080","65","(76991150,76991151,76991152,76991153)"
"157002624","6","4","90203971","91290641","5300","5800","(31100079,1,31020005,21,31010058,5,31000061,1)","1590","0","5","(31090501,1,31102219,1,31090502,2)","39000080","65","(76991150,76991151,76991152,76991153)"
"157002625","6","4","90203972","91290642","5800","6300","(31100079,1,31020005,21,31010058,5,31000061,1)","1740","0","5","(31090501,1,31102229,1,31090502,2)","39000080","65","(76991150,76991151,76991152,76991153)"
"157002626","6","4","90203973","91290643","6300","6800","(31100079,1,31020005,21,31010058,5,31000061,1)","1890","0","5","(31090501,1,31102239,1,31090502,2)","39000080","65","(76991150,76991151,76991152,76991153)"
"157002627","6","4","90203974","91290644","6800","7300","(31100079,1,31020005,21,31010058,5,31000061,1)","2040","0","5","(31090501,1,31102249,1,31090502,2)","39000080","65","(76991150,76991151,76991152,76991153)"
"157002628","6","4","90203975","91290645","7300","7900","(31100080,1,31020005,30,31010058,6,31000061,1)","2190","90203637","5","(31090501,1,31102504,1,31000166,3)","39000081","50","(76991154,76991155,76991156,76991157)"
"157002629","6","4","90203976","91290646","7900","8500","(31100080,1,31020005,30,31010058,6,31000061,1)","2370","0","5","(31090501,1,31102509,1,31000166,3)","39000081","50","(76991154,76991155,76991156,76991157)"
"157002630","6","4","90203977","91290647","8500","9200","(31100080,1,31020005,30,31010058,6,31000061,1)","2550","0","5","(31090501,1,31102514,1,31000166,3)","39000081","50","(76991154,76991155,76991156,76991157)"
"157002631","6","4","90203978","91290648","9200","10000","(31100080,1,31020005,30,31010058,6,31000061,1)","2760","0","5","(31090501,1,31102519,1,31000166,3)","39000081","50","(76991154,76991155,76991156,76991157)"
"157002632","6","4","90203979","91290649","10000","999999","(31100080,1,31020005,30,31010058,6,31000061,1)","3000","0","5","(31090501,1,31102524,1,31000166,3)","39000081","50","(76991154,76991155,76991156,76991157)"
"157002633","6","5","90203952","91290622","0","100","(31020005,6,31010058,1,31000061,1)","0","90203632","5","(31140133,1,31102501,1,31090502,1)","0","100","(76991134,76991135,76991136,76991137)"
"157002634","6","5","90203953","91290623","100","200","(31020005,6,31010058,1,31000061,1)","0","0","5","(31140133,1,31102511,1,31090502,1)","0","100","(76991134,76991135,76991136,76991137)"
"157002635","6","5","90203954","91290624","200","300","(31020005,6,31010058,1,31000061,1)","0","0","5","(31140133,1,31102521,1,31090502,1)","0","100","(76991134,76991135,76991136,76991137)"
"157002636","6","5","90203955","91290625","300","500","(31020005,9,31010058,2,31000061,1)","90","90203633","5","(31140134,1,31102502,1,31090502,1)","0","100","(76991138,76991139,76991140,76991141)"
"157002637","6","5","90203956","91290626","500","700","(31020005,9,31010058,2,31000061,1)","150","0","5","(31140134,1,31102507,1,31090502,1)","0","100","(76991138,76991139,76991140,76991141)"
"157002638","6","5","90203957","91290627","700","900","(31020005,9,31010058,2,31000061,1)","210","0","5","(31140134,1,31102512,1,31090502,1)","0","100","(76991138,76991139,76991140,76991141)"
"157002639","6","5","90203958","91290628","900","1100","(31020005,9,31010058,2,31000061,1)","270","0","5","(31140134,1,31102517,1,31090502,1)","0","100","(76991138,76991139,76991140,76991141)"
"157002640","6","5","90203959","91290629","1100","1300","(31020005,9,31010058,2,31000061,1)","330","0","5","(31140134,1,31102522,1,31090502,1)","0","100","(76991138,76991139,76991140,76991141)"
"157002641","6","5","90203960","91290630","1300","1600","(31020005,15,31010058,3,31000061,1)","390","90203634","5","(31090501,1,31102208,1,31090502,1)","0","100","(76991142,76991143,76991144,76991145)"
"157002642","6","5","90203961","91290631","1600","1900","(31020005,15,31010058,3,31000061,1)","480","0","5","(31090501,1,31102218,1,31090502,1)","0","100","(76991142,76991143,76991144,76991145)"
"157002643","6","5","90203962","91290632","1900","2200","(31020005,15,31010058,3,31000061,1)","570","0","5","(31090501,1,31102228,1,31090502,1)","0","100","(76991142,76991143,76991144,76991145)"
"157002644","6","5","90203963","91290633","2200","2500","(31020005,15,31010058,3,31000061,1)","660","0","5","(31090501,1,31102238,1,31090502,1)","0","100","(76991142,76991143,76991144,76991145)"
"157002645","6","5","90203964","91290634","2500","2800","(31020005,15,31010058,3,31000061,1)","750","0","5","(31090501,1,31102248,1,31090502,1)","0","100","(76991142,76991143,76991144,76991145)"
"157002646","6","5","90203965","91290635","2800","3200","(31100078,1,31020005,15,31010058,4,31000061,1)","840","90203635","5","(31090501,1,31102503,1,31090502,2)","39000079","80","(76991146,76991147,76991148,76991149)"
"157002647","6","5","90203966","91290636","3200","3600","(31100078,1,31020005,15,31010058,4,31000061,1)","960","0","5","(31090501,1,31102508,1,31090502,2)","39000079","80","(76991146,76991147,76991148,76991149)"
"157002648","6","5","90203967","91290637","3600","4000","(31100078,1,31020005,15,31010058,4,31000061,1)","1080","0","5","(31090501,1,31102513,1,31090502,2)","39000079","80","(76991146,76991147,76991148,76991149)"
"157002649","6","5","90203968","91290638","4000","4400","(31100078,1,31020005,15,31010058,4,31000061,1)","1200","0","5","(31090501,1,31102518,1,31090502,2)","39000079","80","(76991146,76991147,76991148,76991149)"
"157002650","6","5","90203969","91290639","4400","4800","(31100078,1,31020005,15,31010058,4,31000061,1)","1320","0","5","(31090501,1,31102523,1,31090502,2)","39000079","80","(76991146,76991147,76991148,76991149)"
"157002651","6","5","90203970","91290640","4800","5300","(31100079,1,31020005,21,31010058,5,31000061,1)","1440","90203636","5","(31090501,1,31102209,1,31090502,2)","39000080","65","(76991150,76991151,76991152,76991153)"
"157002652","6","5","90203971","91290641","5300","5800","(31100079,1,31020005,21,31010058,5,31000061,1)","1590","0","5","(31090501,1,31102219,1,31090502,2)","39000080","65","(76991150,76991151,76991152,76991153)"
"157002653","6","5","90203972","91290642","5800","6300","(31100079,1,31020005,21,31010058,5,31000061,1)","1740","0","5","(31090501,1,31102229,1,31090502,2)","39000080","65","(76991150,76991151,76991152,76991153)"
"157002654","6","5","90203973","91290643","6300","6800","(31100079,1,31020005,21,31010058,5,31000061,1)","1890","0","5","(31090501,1,31102239,1,31090502,2)","39000080","65","(76991150,76991151,76991152,76991153)"
"157002655","6","5","90203974","91290644","6800","7300","(31100079,1,31020005,21,31010058,5,31000061,1)","2040","0","5","(31090501,1,31102249,1,31090502,2)","39000080","65","(76991150,76991151,76991152,76991153)"
"157002656","6","5","90203975","91290645","7300","7900","(31100080,1,31020005,30,31010058,6,31000061,1)","2190","90203637","5","(31090501,1,31102504,1,31000166,3)","39000081","50","(76991154,76991155,76991156,76991157)"
"157002657","6","5","90203976","91290646","7900","8500","(31100080,1,31020005,30,31010058,6,31000061,1)","2370","0","5","(31090501,1,31102509,1,31000166,3)","39000081","50","(76991154,76991155,76991156,76991157)"
"157002658","6","5","90203977","91290647","8500","9200","(31100080,1,31020005,30,31010058,6,31000061,1)","2550","0","5","(31090501,1,31102514,1,31000166,3)","39000081","50","(76991154,76991155,76991156,76991157)"
"157002659","6","5","90203978","91290648","9200","10000","(31100080,1,31020005,30,31010058,6,31000061,1)","2760","0","5","(31090501,1,31102519,1,31000166,3)","39000081","50","(76991154,76991155,76991156,76991157)"
"157002660","6","5","90203979","91290649","10000","999999","(31100080,1,31020005,30,31010058,6,31000061,1)","3000","0","5","(31090501,1,31102524,1,31000166,3)","39000081","50","(76991154,76991155,76991156,76991157)"
"157002661","6","6","90203952","91290622","0","100","(31020005,6,31010058,1,31000061,1)","0","90203632","5","(31140133,1,31102501,1,31090502,1)","0","100","(76991134,76991135,76991136,76991137)"
"157002662","6","6","90203953","91290623","100","200","(31020005,6,31010058,1,31000061,1)","0","0","5","(31140133,1,31102511,1,31090502,1)","0","100","(76991134,76991135,76991136,76991137)"
"157002663","6","6","90203954","91290624","200","300","(31020005,6,31010058,1,31000061,1)","0","0","5","(31140133,1,31102521,1,31090502,1)","0","100","(76991134,76991135,76991136,76991137)"
"157002664","6","6","90203955","91290625","300","500","(31020005,9,31010058,2,31000061,1)","90","90203633","5","(31140134,1,31102502,1,31090502,1)","0","100","(76991138,76991139,76991140,76991141)"
"157002665","6","6","90203956","91290626","500","700","(31020005,9,31010058,2,31000061,1)","150","0","5","(31140134,1,31102507,1,31090502,1)","0","100","(76991138,76991139,76991140,76991141)"
"157002666","6","6","90203957","91290627","700","900","(31020005,9,31010058,2,31000061,1)","210","0","5","(31140134,1,31102512,1,31090502,1)","0","100","(76991138,76991139,76991140,76991141)"
"157002667","6","6","90203958","91290628","900","1100","(31020005,9,31010058,2,31000061,1)","270","0","5","(31140134,1,31102517,1,31090502,1)","0","100","(76991138,76991139,76991140,76991141)"
"157002668","6","6","90203959","91290629","1100","1300","(31020005,9,31010058,2,31000061,1)","330","0","5","(31140134,1,31102522,1,31090502,1)","0","100","(76991138,76991139,76991140,76991141)"
"157002669","6","6","90203960","91290630","1300","1600","(31020005,15,31010058,3,31000061,1)","390","90203634","5","(31090501,1,31102208,1,31090502,1)","0","100","(76991142,76991143,76991144,76991145)"
"157002670","6","6","90203961","91290631","1600","1900","(31020005,15,31010058,3,31000061,1)","480","0","5","(31090501,1,31102218,1,31090502,1)","0","100","(76991142,76991143,76991144,76991145)"
"157002671","6","6","90203962","91290632","1900","2200","(31020005,15,31010058,3,31000061,1)","570","0","5","(31090501,1,31102228,1,31090502,1)","0","100","(76991142,76991143,76991144,76991145)"
"157002672","6","6","90203963","91290633","2200","2500","(31020005,15,31010058,3,31000061,1)","660","0","5","(31090501,1,31102238,1,31090502,1)","0","100","(76991142,76991143,76991144,76991145)"
"157002673","6","6","90203964","91290634","2500","2800","(31020005,15,31010058,3,31000061,1)","750","0","5","(31090501,1,31102248,1,31090502,1)","0","100","(76991142,76991143,76991144,76991145)"
"157002674","6","6","90203965","91290635","2800","3200","(31100078,1,31020005,15,31010058,4,31000061,1)","840","90203635","5","(31090501,1,31102503,1,31090502,2)","39000079","80","(76991146,76991147,76991148,76991149)"
"157002675","6","6","90203966","91290636","3200","3600","(31100078,1,31020005,15,31010058,4,31000061,1)","960","0","5","(31090501,1,31102508,1,31090502,2)","39000079","80","(76991146,76991147,76991148,76991149)"
"157002676","6","6","90203967","91290637","3600","4000","(31100078,1,31020005,15,31010058,4,31000061,1)","1080","0","5","(31090501,1,31102513,1,31090502,2)","39000079","80","(76991146,76991147,76991148,76991149)"
"157002677","6","6","90203968","91290638","4000","4400","(31100078,1,31020005,15,31010058,4,31000061,1)","1200","0","5","(31090501,1,31102518,1,31090502,2)","39000079","80","(76991146,76991147,76991148,76991149)"
"157002678","6","6","90203969","91290639","4400","4800","(31100078,1,31020005,15,31010058,4,31000061,1)","1320","0","5","(31090501,1,31102523,1,31090502,2)","39000079","80","(76991146,76991147,76991148,76991149)"
"157002679","6","6","90203970","91290640","4800","5300","(31100079,1,31020005,21,31010058,5,31000061,1)","1440","90203636","5","(31090501,1,31102209,1,31090502,2)","39000080","65","(76991150,76991151,76991152,76991153)"
"157002680","6","6","90203971","91290641","5300","5800","(31100079,1,31020005,21,31010058,5,31000061,1)","1590","0","5","(31090501,1,31102219,1,31090502,2)","39000080","65","(76991150,76991151,76991152,76991153)"
"157002681","6","6","90203972","91290642","5800","6300","(31100079,1,31020005,21,31010058,5,31000061,1)","1740","0","5","(31090501,1,31102229,1,31090502,2)","39000080","65","(76991150,76991151,76991152,76991153)"
"157002682","6","6","90203973","91290643","6300","6800","(31100079,1,31020005,21,31010058,5,31000061,1)","1890","0","5","(31090501,1,31102239,1,31090502,2)","39000080","65","(76991150,76991151,76991152,76991153)"
"157002683","6","6","90203974","91290644","6800","7300","(31100079,1,31020005,21,31010058,5,31000061,1)","2040","0","5","(31090501,1,31102249,1,31090502,2)","39000080","65","(76991150,76991151,76991152,76991153)"
"157002684","6","6","90203975","91290645","7300","7900","(31100080,1,31020005,30,31010058,6,31000061,1)","2190","90203637","5","(31090501,1,31102504,1,31000166,3)","39000081","50","(76991154,76991155,76991156,76991157)"
"157002685","6","6","90203976","91290646","7900","8500","(31100080,1,31020005,30,31010058,6,31000061,1)","2370","0","5","(31090501,1,31102509,1,31000166,3)","39000081","50","(76991154,76991155,76991156,76991157)"
"157002686","6","6","90203977","91290647","8500","9200","(31100080,1,31020005,30,31010058,6,31000061,1)","2550","0","5","(31090501,1,31102514,1,31000166,3)","39000081","50","(76991154,76991155,76991156,76991157)"
"157002687","6","6","90203978","91290648","9200","10000","(31100080,1,31020005,30,31010058,6,31000061,1)","2760","0","5","(31090501,1,31102519,1,31000166,3)","39000081","50","(76991154,76991155,76991156,76991157)"
"157002688","6","6","90203979","91290649","10000","999999","(31100080,1,31020005,30,31010058,6,31000061,1)","3000","0","5","(31090501,1,31102524,1,31000166,3)","39000081","50","(76991154,76991155,76991156,76991157)"
"157002689","6","7","90203952","91290622","0","100","(31020005,6,31010058,1,31000061,1)","0","90203632","5","(31140133,1,31102501,1,31090502,1)","0","100","(76991134,76991135,76991136,76991137)"
"157002690","6","7","90203953","91290623","100","200","(31020005,6,31010058,1,31000061,1)","0","0","5","(31140133,1,31102511,1,31090502,1)","0","100","(76991134,76991135,76991136,76991137)"
"157002691","6","7","90203954","91290624","200","300","(31020005,6,31010058,1,31000061,1)","0","0","5","(31140133,1,31102521,1,31090502,1)","0","100","(76991134,76991135,76991136,76991137)"
"157002692","6","7","90203955","91290625","300","500","(31020005,9,31010058,2,31000061,1)","90","90203633","5","(31140134,1,31102502,1,31090502,1)","0","100","(76991138,76991139,76991140,76991141)"
"157002693","6","7","90203956","91290626","500","700","(31020005,9,31010058,2,31000061,1)","150","0","5","(31140134,1,31102507,1,31090502,1)","0","100","(76991138,76991139,76991140,76991141)"
"157002694","6","7","90203957","91290627","700","900","(31020005,9,31010058,2,31000061,1)","210","0","5","(31140134,1,31102512,1,31090502,1)","0","100","(76991138,76991139,76991140,76991141)"
"157002695","6","7","90203958","91290628","900","1100","(31020005,9,31010058,2,31000061,1)","270","0","5","(31140134,1,31102517,1,31090502,1)","0","100","(76991138,76991139,76991140,76991141)"
"157002696","6","7","90203959","91290629","1100","1300","(31020005,9,31010058,2,31000061,1)","330","0","5","(31140134,1,31102522,1,31090502,1)","0","100","(76991138,76991139,76991140,76991141)"
"157002697","6","7","90203960","91290630","1300","1600","(31020005,15,31010058,3,31000061,1)","390","90203634","5","(31090501,1,31102208,1,31090502,1)","0","100","(76991142,76991143,76991144,76991145)"
"157002698","6","7","90203961","91290631","1600","1900","(31020005,15,31010058,3,31000061,1)","480","0","5","(31090501,1,31102218,1,31090502,1)","0","100","(76991142,76991143,76991144,76991145)"
"157002699","6","7","90203962","91290632","1900","2200","(31020005,15,31010058,3,31000061,1)","570","0","5","(31090501,1,31102228,1,31090502,1)","0","100","(76991142,76991143,76991144,76991145)"
"157002700","6","7","90203963","91290633","2200","2500","(31020005,15,31010058,3,31000061,1)","660","0","5","(31090501,1,31102238,1,31090502,1)","0","100","(76991142,76991143,76991144,76991145)"
"157002701","6","7","90203964","91290634","2500","2800","(31020005,15,31010058,3,31000061,1)","750","0","5","(31090501,1,31102248,1,31090502,1)","0","100","(76991142,76991143,76991144,76991145)"
"157002702","6","7","90203965","91290635","2800","3200","(31100078,1,31020005,15,31010058,4,31000061,1)","840","90203635","5","(31090501,1,31102503,1,31090502,2)","39000079","80","(76991146,76991147,76991148,76991149)"
"157002703","6","7","90203966","91290636","3200","3600","(31100078,1,31020005,15,31010058,4,31000061,1)","960","0","5","(31090501,1,31102508,1,31090502,2)","39000079","80","(76991146,76991147,76991148,76991149)"
"157002704","6","7","90203967","91290637","3600","4000","(31100078,1,31020005,15,31010058,4,31000061,1)","1080","0","5","(31090501,1,31102513,1,31090502,2)","39000079","80","(76991146,76991147,76991148,76991149)"
"157002705","6","7","90203968","91290638","4000","4400","(31100078,1,31020005,15,31010058,4,31000061,1)","1200","0","5","(31090501,1,31102518,1,31090502,2)","39000079","80","(76991146,76991147,76991148,76991149)"
"157002706","6","7","90203969","91290639","4400","4800","(31100078,1,31020005,15,31010058,4,31000061,1)","1320","0","5","(31090501,1,31102523,1,31090502,2)","39000079","80","(76991146,76991147,76991148,76991149)"
"157002707","6","7","90203970","91290640","4800","5300","(31100079,1,31020005,21,31010058,5,31000061,1)","1440","90203636","5","(31090501,1,31102209,1,31090502,2)","39000080","65","(76991150,76991151,76991152,76991153)"
"157002708","6","7","90203971","91290641","5300","5800","(31100079,1,31020005,21,31010058,5,31000061,1)","1590","0","5","(31090501,1,31102219,1,31090502,2)","39000080","65","(76991150,76991151,76991152,76991153)"
"157002709","6","7","90203972","91290642","5800","6300","(31100079,1,31020005,21,31010058,5,31000061,1)","1740","0","5","(31090501,1,31102229,1,31090502,2)","39000080","65","(76991150,76991151,76991152,76991153)"
"157002710","6","7","90203973","91290643","6300","6800","(31100079,1,31020005,21,31010058,5,31000061,1)","1890","0","5","(31090501,1,31102239,1,31090502,2)","39000080","65","(76991150,76991151,76991152,76991153)"
"157002711","6","7","90203974","91290644","6800","7300","(31100079,1,31020005,21,31010058,5,31000061,1)","2040","0","5","(31090501,1,31102249,1,31090502,2)","39000080","65","(76991150,76991151,76991152,76991153)"
"157002712","6","7","90203975","91290645","7300","7900","(31100080,1,31020005,30,31010058,6,31000061,1)","2190","90203637","5","(31090501,1,31102504,1,31000166,3)","39000081","50","(76991154,76991155,76991156,76991157)"
"157002713","6","7","90203976","91290646","7900","8500","(31100080,1,31020005,30,31010058,6,31000061,1)","2370","0","5","(31090501,1,31102509,1,31000166,3)","39000081","50","(76991154,76991155,76991156,76991157)"
"157002714","6","7","90203977","91290647","8500","9200","(31100080,1,31020005,30,31010058,6,31000061,1)","2550","0","5","(31090501,1,31102514,1,31000166,3)","39000081","50","(76991154,76991155,76991156,76991157)"
"157002715","6","7","90203978","91290648","9200","10000","(31100080,1,31020005,30,31010058,6,31000061,1)","2760","0","5","(31090501,1,31102519,1,31000166,3)","39000081","50","(76991154,76991155,76991156,76991157)"
"157002716","6","7","90203979","91290649","10000","999999","(31100080,1,31020005,30,31010058,6,31000061,1)","3000","0","5","(31090501,1,31102524,1,31000166,3)","39000081","50","(76991154,76991155,76991156,76991157)"
"157002717","6","8","90203952","91290622","0","100","(31020005,6,31010058,1,31000061,1)","0","90203632","5","(31140133,1,31102501,1,31090502,1)","0","100","(76991134,76991135,76991136,76991137)"
"157002718","6","8","90203953","91290623","100","200","(31020005,6,31010058,1,31000061,1)","0","0","5","(31140133,1,31102511,1,31090502,1)","0","100","(76991134,76991135,76991136,76991137)"
"157002719","6","8","90203954","91290624","200","300","(31020005,6,31010058,1,31000061,1)","0","0","5","(31140133,1,31102521,1,31090502,1)","0","100","(76991134,76991135,76991136,76991137)"
"157002720","6","8","90203955","91290625","300","500","(31020005,9,31010058,2,31000061,1)","90","90203633","5","(31140134,1,31102502,1,31090502,1)","0","100","(76991138,76991139,76991140,76991141)"
"157002721","6","8","90203956","91290626","500","700","(31020005,9,31010058,2,31000061,1)","150","0","5","(31140134,1,31102507,1,31090502,1)","0","100","(76991138,76991139,76991140,76991141)"
"157002722","6","8","90203957","91290627","700","900","(31020005,9,31010058,2,31000061,1)","210","0","5","(31140134,1,31102512,1,31090502,1)","0","100","(76991138,76991139,76991140,76991141)"
"157002723","6","8","90203958","91290628","900","1100","(31020005,9,31010058,2,31000061,1)","270","0","5","(31140134,1,31102517,1,31090502,1)","0","100","(76991138,76991139,76991140,76991141)"
"157002724","6","8","90203959","91290629","1100","1300","(31020005,9,31010058,2,31000061,1)","330","0","5","(31140134,1,31102522,1,31090502,1)","0","100","(76991138,76991139,76991140,76991141)"
"157002725","6","8","90203960","91290630","1300","1600","(31020005,15,31010058,3,31000061,1)","390","90203634","5","(31090501,1,31102208,1,31090502,1)","0","100","(76991142,76991143,76991144,76991145)"
"157002726","6","8","90203961","91290631","1600","1900","(31020005,15,31010058,3,31000061,1)","480","0","5","(31090501,1,31102218,1,31090502,1)","0","100","(76991142,76991143,76991144,76991145)"
"157002727","6","8","90203962","91290632","1900","2200","(31020005,15,31010058,3,31000061,1)","570","0","5","(31090501,1,31102228,1,31090502,1)","0","100","(76991142,76991143,76991144,76991145)"
"157002728","6","8","90203963","91290633","2200","2500","(31020005,15,31010058,3,31000061,1)","660","0","5","(31090501,1,31102238,1,31090502,1)","0","100","(76991142,76991143,76991144,76991145)"
"157002729","6","8","90203964","91290634","2500","2800","(31020005,15,31010058,3,31000061,1)","750","0","5","(31090501,1,31102248,1,31090502,1)","0","100","(76991142,76991143,76991144,76991145)"
"157002730","6","8","90203965","91290635","2800","3200","(31100078,1,31020005,15,31010058,4,31000061,1)","840","90203635","5","(31090501,1,31102503,1,31090502,2)","39000079","80","(76991146,76991147,76991148,76991149)"
"157002731","6","8","90203966","91290636","3200","3600","(31100078,1,31020005,15,31010058,4,31000061,1)","960","0","5","(31090501,1,31102508,1,31090502,2)","39000079","80","(76991146,76991147,76991148,76991149)"
"157002732","6","8","90203967","91290637","3600","4000","(31100078,1,31020005,15,31010058,4,31000061,1)","1080","0","5","(31090501,1,31102513,1,31090502,2)","39000079","80","(76991146,76991147,76991148,76991149)"
"157002733","6","8","90203968","91290638","4000","4400","(31100078,1,31020005,15,31010058,4,31000061,1)","1200","0","5","(31090501,1,31102518,1,31090502,2)","39000079","80","(76991146,76991147,76991148,76991149)"
"157002734","6","8","90203969","91290639","4400","4800","(31100078,1,31020005,15,31010058,4,31000061,1)","1320","0","5","(31090501,1,31102523,1,31090502,2)","39000079","80","(76991146,76991147,76991148,76991149)"
"157002735","6","8","90203970","91290640","4800","5300","(31100079,1,31020005,21,31010058,5,31000061,1)","1440","90203636","5","(31090501,1,31102209,1,31090502,2)","39000080","65","(76991150,76991151,76991152,76991153)"
"157002736","6","8","90203971","91290641","5300","5800","(31100079,1,31020005,21,31010058,5,31000061,1)","1590","0","5","(31090501,1,31102219,1,31090502,2)","39000080","65","(76991150,76991151,76991152,76991153)"
"157002737","6","8","90203972","91290642","5800","6300","(31100079,1,31020005,21,31010058,5,31000061,1)","1740","0","5","(31090501,1,31102229,1,31090502,2)","39000080","65","(76991150,76991151,76991152,76991153)"
"157002738","6","8","90203973","91290643","6300","6800","(31100079,1,31020005,21,31010058,5,31000061,1)","1890","0","5","(31090501,1,31102239,1,31090502,2)","39000080","65","(76991150,76991151,76991152,76991153)"
"157002739","6","8","90203974","91290644","6800","7300","(31100079,1,31020005,21,31010058,5,31000061,1)","2040","0","5","(31090501,1,31102249,1,31090502,2)","39000080","65","(76991150,76991151,76991152,76991153)"
"157002740","6","8","90203975","91290645","7300","7900","(31100080,1,31020005,30,31010058,6,31000061,1)","2190","90203637","5","(31090501,1,31102504,1,31000166,3)","39000081","50","(76991154,76991155,76991156,76991157)"
"157002741","6","8","90203976","91290646","7900","8500","(31100080,1,31020005,30,31010058,6,31000061,1)","2370","0","5","(31090501,1,31102509,1,31000166,3)","39000081","50","(76991154,76991155,76991156,76991157)"
"157002742","6","8","90203977","91290647","8500","9200","(31100080,1,31020005,30,31010058,6,31000061,1)","2550","0","5","(31090501,1,31102514,1,31000166,3)","39000081","50","(76991154,76991155,76991156,76991157)"
"157002743","6","8","90203978","91290648","9200","10000","(31100080,1,31020005,30,31010058,6,31000061,1)","2760","0","5","(31090501,1,31102519,1,31000166,3)","39000081","50","(76991154,76991155,76991156,76991157)"
"157002744","6","8","90203979","91290649","10000","999999","(31100080,1,31020005,30,31010058,6,31000061,1)","3000","0","5","(31090501,1,31102524,1,31000166,3)","39000081","50","(76991154,76991155,76991156,76991157)"
"157002745","6","9","90203952","91290622","0","100","(31020005,6,31010058,1,31000061,1)","0","90203632","5","(31140133,1,31102501,1,31090502,1)","0","100","(76991134,76991135,76991136,76991137)"
"157002746","6","9","90203953","91290623","100","200","(31020005,6,31010058,1,31000061,1)","0","0","5","(31140133,1,31102511,1,31090502,1)","0","100","(76991134,76991135,76991136,76991137)"
"157002747","6","9","90203954","91290624","200","300","(31020005,6,31010058,1,31000061,1)","0","0","5","(31140133,1,31102521,1,31090502,1)","0","100","(76991134,76991135,76991136,76991137)"
"157002748","6","9","90203955","91290625","300","500","(31020005,9,31010058,2,31000061,1)","90","90203633","5","(31140134,1,31102502,1,31090502,1)","0","100","(76991138,76991139,76991140,76991141)"
"157002749","6","9","90203956","91290626","500","700","(31020005,9,31010058,2,31000061,1)","150","0","5","(31140134,1,31102507,1,31090502,1)","0","100","(76991138,76991139,76991140,76991141)"
"157002750","6","9","90203957","91290627","700","900","(31020005,9,31010058,2,31000061,1)","210","0","5","(31140134,1,31102512,1,31090502,1)","0","100","(76991138,76991139,76991140,76991141)"
"157002751","6","9","90203958","91290628","900","1100","(31020005,9,31010058,2,31000061,1)","270","0","5","(31140134,1,31102517,1,31090502,1)","0","100","(76991138,76991139,76991140,76991141)"
"157002752","6","9","90203959","91290629","1100","1300","(31020005,9,31010058,2,31000061,1)","330","0","5","(31140134,1,31102522,1,31090502,1)","0","100","(76991138,76991139,76991140,76991141)"
"157002753","6","9","90203960","91290630","1300","1600","(31020005,15,31010058,3,31000061,1)","390","90203634","5","(31090501,1,31102208,1,31090502,1)","0","100","(76991142,76991143,76991144,76991145)"
"157002754","6","9","90203961","91290631","1600","1900","(31020005,15,31010058,3,31000061,1)","480","0","5","(31090501,1,31102218,1,31090502,1)","0","100","(76991142,76991143,76991144,76991145)"
"157002755","6","9","90203962","91290632","1900","2200","(31020005,15,31010058,3,31000061,1)","570","0","5","(31090501,1,31102228,1,31090502,1)","0","100","(76991142,76991143,76991144,76991145)"
"157002756","6","9","90203963","91290633","2200","2500","(31020005,15,31010058,3,31000061,1)","660","0","5","(31090501,1,31102238,1,31090502,1)","0","100","(76991142,76991143,76991144,76991145)"
"157002757","6","9","90203964","91290634","2500","2800","(31020005,15,31010058,3,31000061,1)","750","0","5","(31090501,1,31102248,1,31090502,1)","0","100","(76991142,76991143,76991144,76991145)"
"157002758","6","9","90203965","91290635","2800","3200","(31100078,1,31020005,15,31010058,4,31000061,1)","840","90203635","5","(31090501,1,31102503,1,31090502,2)","39000079","80","(76991146,76991147,76991148,76991149)"
"157002759","6","9","90203966","91290636","3200","3600","(31100078,1,31020005,15,31010058,4,31000061,1)","960","0","5","(31090501,1,31102508,1,31090502,2)","39000079","80","(76991146,76991147,76991148,76991149)"
"157002760","6","9","90203967","91290637","3600","4000","(31100078,1,31020005,15,31010058,4,31000061,1)","1080","0","5","(31090501,1,31102513,1,31090502,2)","39000079","80","(76991146,76991147,76991148,76991149)"
"157002761","6","9","90203968","91290638","4000","4400","(31100078,1,31020005,15,31010058,4,31000061,1)","1200","0","5","(31090501,1,31102518,1,31090502,2)","39000079","80","(76991146,76991147,76991148,76991149)"
"157002762","6","9","90203969","91290639","4400","4800","(31100078,1,31020005,15,31010058,4,31000061,1)","1320","0","5","(31090501,1,31102523,1,31090502,2)","39000079","80","(76991146,76991147,76991148,76991149)"
"157002763","6","9","90203970","91290640","4800","5300","(31100079,1,31020005,21,31010058,5,31000061,1)","1440","90203636","5","(31090501,1,31102209,1,31090502,2)","39000080","65","(76991150,76991151,76991152,76991153)"
"157002764","6","9","90203971","91290641","5300","5800","(31100079,1,31020005,21,31010058,5,31000061,1)","1590","0","5","(31090501,1,31102219,1,31090502,2)","39000080","65","(76991150,76991151,76991152,76991153)"
"157002765","6","9","90203972","91290642","5800","6300","(31100079,1,31020005,21,31010058,5,31000061,1)","1740","0","5","(31090501,1,31102229,1,31090502,2)","39000080","65","(76991150,76991151,76991152,76991153)"
"157002766","6","9","90203973","91290643","6300","6800","(31100079,1,31020005,21,31010058,5,31000061,1)","1890","0","5","(31090501,1,31102239,1,31090502,2)","39000080","65","(76991150,76991151,76991152,76991153)"
"157002767","6","9","90203974","91290644","6800","7300","(31100079,1,31020005,21,31010058,5,31000061,1)","2040","0","5","(31090501,1,31102249,1,31090502,2)","39000080","65","(76991150,76991151,76991152,76991153)"
"157002768","6","9","90203975","91290645","7300","7900","(31100080,1,31020005,30,31010058,6,31000061,1)","2190","90203637","5","(31090501,1,31102504,1,31000166,3)","39000081","50","(76991154,76991155,76991156,76991157)"
"157002769","6","9","90203976","91290646","7900","8500","(31100080,1,31020005,30,31010058,6,31000061,1)","2370","0","5","(31090501,1,31102509,1,31000166,3)","39000081","50","(76991154,76991155,76991156,76991157)"
"157002770","6","9","90203977","91290647","8500","9200","(31100080,1,31020005,30,31010058,6,31000061,1)","2550","0","5","(31090501,1,31102514,1,31000166,3)","39000081","50","(76991154,76991155,76991156,76991157)"
"157002771","6","9","90203978","91290648","9200","10000","(31100080,1,31020005,30,31010058,6,31000061,1)","2760","0","5","(31090501,1,31102519,1,31000166,3)","39000081","50","(76991154,76991155,76991156,76991157)"
"157002772","6","9","90203979","91290649","10000","999999","(31100080,1,31020005,30,31010058,6,31000061,1)","3000","0","5","(31090501,1,31102524,1,31000166,3)","39000081","50","(76991154,76991155,76991156,76991157)"
"157002773","6","10","90203952","91290622","0","100","(31020005,6,31010058,1,31000061,1)","0","90203632","5","(31140133,1,31102501,1,31090502,1)","0","100","(76991134,76991135,76991136,76991137)"
"157002774","6","10","90203953","91290623","100","200","(31020005,6,31010058,1,31000061,1)","0","0","5","(31140133,1,31102511,1,31090502,1)","0","100","(76991134,76991135,76991136,76991137)"
"157002775","6","10","90203954","91290624","200","300","(31020005,6,31010058,1,31000061,1)","0","0","5","(31140133,1,31102521,1,31090502,1)","0","100","(76991134,76991135,76991136,76991137)"
"157002776","6","10","90203955","91290625","300","500","(31020005,9,31010058,2,31000061,1)","90","90203633","5","(31140134,1,31102502,1,31090502,1)","0","100","(76991138,76991139,76991140,76991141)"
"157002777","6","10","90203956","91290626","500","700","(31020005,9,31010058,2,31000061,1)","150","0","5","(31140134,1,31102507,1,31090502,1)","0","100","(76991138,76991139,76991140,76991141)"
"157002778","6","10","90203957","91290627","700","900","(31020005,9,31010058,2,31000061,1)","210","0","5","(31140134,1,31102512,1,31090502,1)","0","100","(76991138,76991139,76991140,76991141)"
"157002779","6","10","90203958","91290628","900","1100","(31020005,9,31010058,2,31000061,1)","270","0","5","(31140134,1,31102517,1,31090502,1)","0","100","(76991138,76991139,76991140,76991141)"
"157002780","6","10","90203959","91290629","1100","1300","(31020005,9,31010058,2,31000061,1)","330","0","5","(31140134,1,31102522,1,31090502,1)","0","100","(76991138,76991139,76991140,76991141)"
"157002781","6","10","90203960","91290630","1300","1600","(31020005,15,31010058,3,31000061,1)","390","90203634","5","(31090501,1,31102208,1,31090502,1)","0","100","(76991142,76991143,76991144,76991145)"
"157002782","6","10","90203961","91290631","1600","1900","(31020005,15,31010058,3,31000061,1)","480","0","5","(31090501,1,31102218,1,31090502,1)","0","100","(76991142,76991143,76991144,76991145)"
"157002783","6","10","90203962","91290632","1900","2200","(31020005,15,31010058,3,31000061,1)","570","0","5","(31090501,1,31102228,1,31090502,1)","0","100","(76991142,76991143,76991144,76991145)"
"157002784","6","10","90203963","91290633","2200","2500","(31020005,15,31010058,3,31000061,1)","660","0","5","(31090501,1,31102238,1,31090502,1)","0","100","(76991142,76991143,76991144,76991145)"
"157002785","6","10","90203964","91290634","2500","2800","(31020005,15,31010058,3,31000061,1)","750","0","5","(31090501,1,31102248,1,31090502,1)","0","100","(76991142,76991143,76991144,76991145)"
"157002786","6","10","90203965","91290635","2800","3200","(31100078,1,31020005,15,31010058,4,31000061,1)","840","90203635","5","(31090501,1,31102503,1,31090502,2)","39000079","80","(76991146,76991147,76991148,76991149)"
"157002787","6","10","90203966","91290636","3200","3600","(31100078,1,31020005,15,31010058,4,31000061,1)","960","0","5","(31090501,1,31102508,1,31090502,2)","39000079","80","(76991146,76991147,76991148,76991149)"
"157002788","6","10","90203967","91290637","3600","4000","(31100078,1,31020005,15,31010058,4,31000061,1)","1080","0","5","(31090501,1,31102513,1,31090502,2)","39000079","80","(76991146,76991147,76991148,76991149)"
"157002789","6","10","90203968","91290638","4000","4400","(31100078,1,31020005,15,31010058,4,31000061,1)","1200","0","5","(31090501,1,31102518,1,31090502,2)","39000079","80","(76991146,76991147,76991148,76991149)"
"157002790","6","10","90203969","91290639","4400","4800","(31100078,1,31020005,15,31010058,4,31000061,1)","1320","0","5","(31090501,1,31102523,1,31090502,2)","39000079","80","(76991146,76991147,76991148,76991149)"
"157002791","6","10","90203970","91290640","4800","5300","(31100079,1,31020005,21,31010058,5,31000061,1)","1440","90203636","5","(31090501,1,31102209,1,31090502,2)","39000080","65","(76991150,76991151,76991152,76991153)"
"157002792","6","10","90203971","91290641","5300","5800","(31100079,1,31020005,21,31010058,5,31000061,1)","1590","0","5","(31090501,1,31102219,1,31090502,2)","39000080","65","(76991150,76991151,76991152,76991153)"
"157002793","6","10","90203972","91290642","5800","6300","(31100079,1,31020005,21,31010058,5,31000061,1)","1740","0","5","(31090501,1,31102229,1,31090502,2)","39000080","65","(76991150,76991151,76991152,76991153)"
"157002794","6","10","90203973","91290643","6300","6800","(31100079,1,31020005,21,31010058,5,31000061,1)","1890","0","5","(31090501,1,31102239,1,31090502,2)","39000080","65","(76991150,76991151,76991152,76991153)"
"157002795","6","10","90203974","91290644","6800","7300","(31100079,1,31020005,21,31010058,5,31000061,1)","2040","0","5","(31090501,1,31102249,1,31090502,2)","39000080","65","(76991150,76991151,76991152,76991153)"
"157002796","6","10","90203975","91290645","7300","7900","(31100080,1,31020005,30,31010058,6,31000061,1)","2190","90203637","5","(31090501,1,31102504,1,31000166,3)","39000081","50","(76991154,76991155,76991156,76991157)"
"157002797","6","10","90203976","91290646","7900","8500","(31100080,1,31020005,30,31010058,6,31000061,1)","2370","0","5","(31090501,1,31102509,1,31000166,3)","39000081","50","(76991154,76991155,76991156,76991157)"
"157002798","6","10","90203977","91290647","8500","9200","(31100080,1,31020005,30,31010058,6,31000061,1)","2550","0","5","(31090501,1,31102514,1,31000166,3)","39000081","50","(76991154,76991155,76991156,76991157)"
"157002799","6","10","90203978","91290648","9200","10000","(31100080,1,31020005,30,31010058,6,31000061,1)","2760","0","5","(31090501,1,31102519,1,31000166,3)","39000081","50","(76991154,76991155,76991156,76991157)"
"157002800","6","10","90203979","91290649","10000","999999","(31100080,1,31020005,30,31010058,6,31000061,1)","3000","0","5","(31090501,1,31102524,1,31000166,3)","39000081","50","(76991154,76991155,76991156,76991157)"
"157002801","6","11","90203952","91290622","0","100","(31020005,6,31010058,1,31000061,1)","0","90203632","5","(31140133,1,31102501,1,31090502,1)","0","100","(76991134,76991135,76991136,76991137)"
"157002802","6","11","90203953","91290623","100","200","(31020005,6,31010058,1,31000061,1)","0","0","5","(31140133,1,31102511,1,31090502,1)","0","100","(76991134,76991135,76991136,76991137)"
"157002803","6","11","90203954","91290624","200","300","(31020005,6,31010058,1,31000061,1)","0","0","5","(31140133,1,31102521,1,31090502,1)","0","100","(76991134,76991135,76991136,76991137)"
"157002804","6","11","90203955","91290625","300","500","(31020005,9,31010058,2,31000061,1)","90","90203633","5","(31140134,1,31102502,1,31090502,1)","0","100","(76991138,76991139,76991140,76991141)"
"157002805","6","11","90203956","91290626","500","700","(31020005,9,31010058,2,31000061,1)","150","0","5","(31140134,1,31102507,1,31090502,1)","0","100","(76991138,76991139,76991140,76991141)"
"157002806","6","11","90203957","91290627","700","900","(31020005,9,31010058,2,31000061,1)","210","0","5","(31140134,1,31102512,1,31090502,1)","0","100","(76991138,76991139,76991140,76991141)"
"157002807","6","11","90203958","91290628","900","1100","(31020005,9,31010058,2,31000061,1)","270","0","5","(31140134,1,31102517,1,31090502,1)","0","100","(76991138,76991139,76991140,76991141)"
"157002808","6","11","90203959","91290629","1100","1300","(31020005,9,31010058,2,31000061,1)","330","0","5","(31140134,1,31102522,1,31090502,1)","0","100","(76991138,76991139,76991140,76991141)"
"157002809","6","11","90203960","91290630","1300","1600","(31020005,15,31010058,3,31000061,1)","390","90203634","5","(31090501,1,31102208,1,31090502,1)","0","100","(76991142,76991143,76991144,76991145)"
"157002810","6","11","90203961","91290631","1600","1900","(31020005,15,31010058,3,31000061,1)","480","0","5","(31090501,1,31102218,1,31090502,1)","0","100","(76991142,76991143,76991144,76991145)"
"157002811","6","11","90203962","91290632","1900","2200","(31020005,15,31010058,3,31000061,1)","570","0","5","(31090501,1,31102228,1,31090502,1)","0","100","(76991142,76991143,76991144,76991145)"
"157002812","6","11","90203963","91290633","2200","2500","(31020005,15,31010058,3,31000061,1)","660","0","5","(31090501,1,31102238,1,31090502,1)","0","100","(76991142,76991143,76991144,76991145)"
"157002813","6","11","90203964","91290634","2500","2800","(31020005,15,31010058,3,31000061,1)","750","0","5","(31090501,1,31102248,1,31090502,1)","0","100","(76991142,76991143,76991144,76991145)"
"157002814","6","11","90203965","91290635","2800","3200","(31100078,1,31020005,15,31010058,4,31000061,1)","840","90203635","5","(31090501,1,31102503,1,31090502,2)","39000079","80","(76991146,76991147,76991148,76991149)"
"157002815","6","11","90203966","91290636","3200","3600","(31100078,1,31020005,15,31010058,4,31000061,1)","960","0","5","(31090501,1,31102508,1,31090502,2)","39000079","80","(76991146,76991147,76991148,76991149)"
"157002816","6","11","90203967","91290637","3600","4000","(31100078,1,31020005,15,31010058,4,31000061,1)","1080","0","5","(31090501,1,31102513,1,31090502,2)","39000079","80","(76991146,76991147,76991148,76991149)"
"157002817","6","11","90203968","91290638","4000","4400","(31100078,1,31020005,15,31010058,4,31000061,1)","1200","0","5","(31090501,1,31102518,1,31090502,2)","39000079","80","(76991146,76991147,76991148,76991149)"
"157002818","6","11","90203969","91290639","4400","4800","(31100078,1,31020005,15,31010058,4,31000061,1)","1320","0","5","(31090501,1,31102523,1,31090502,2)","39000079","80","(76991146,76991147,76991148,76991149)"
"157002819","6","11","90203970","91290640","4800","5300","(31100079,1,31020005,21,31010058,5,31000061,1)","1440","90203636","5","(31090501,1,31102209,1,31090502,2)","39000080","65","(76991150,76991151,76991152,76991153)"
"157002820","6","11","90203971","91290641","5300","5800","(31100079,1,31020005,21,31010058,5,31000061,1)","1590","0","5","(31090501,1,31102219,1,31090502,2)","39000080","65","(76991150,76991151,76991152,76991153)"
"157002821","6","11","90203972","91290642","5800","6300","(31100079,1,31020005,21,31010058,5,31000061,1)","1740","0","5","(31090501,1,31102229,1,31090502,2)","39000080","65","(76991150,76991151,76991152,76991153)"
"157002822","6","11","90203973","91290643","6300","6800","(31100079,1,31020005,21,31010058,5,31000061,1)","1890","0","5","(31090501,1,31102239,1,31090502,2)","39000080","65","(76991150,76991151,76991152,76991153)"
"157002823","6","11","90203974","91290644","6800","7300","(31100079,1,31020005,21,31010058,5,31000061,1)","2040","0","5","(31090501,1,31102249,1,31090502,2)","39000080","65","(76991150,76991151,76991152,76991153)"
"157002824","6","11","90203975","91290645","7300","7900","(31100080,1,31020005,30,31010058,6,31000061,1)","2190","90203637","5","(31090501,1,31102504,1,31000166,3)","39000081","50","(76991154,76991155,76991156,76991157)"
"157002825","6","11","90203976","91290646","7900","8500","(31100080,1,31020005,30,31010058,6,31000061,1)","2370","0","5","(31090501,1,31102509,1,31000166,3)","39000081","50","(76991154,76991155,76991156,76991157)"
"157002826","6","11","90203977","91290647","8500","9200","(31100080,1,31020005,30,31010058,6,31000061,1)","2550","0","5","(31090501,1,31102514,1,31000166,3)","39000081","50","(76991154,76991155,76991156,76991157)"
"157002827","6","11","90203978","91290648","9200","10000","(31100080,1,31020005,30,31010058,6,31000061,1)","2760","0","5","(31090501,1,31102519,1,31000166,3)","39000081","50","(76991154,76991155,76991156,76991157)"
"157002828","6","11","90203979","91290649","10000","999999","(31100080,1,31020005,30,31010058,6,31000061,1)","3000","0","5","(31090501,1,31102524,1,31000166,3)","39000081","50","(76991154,76991155,76991156,76991157)"
"157002829","6","12","90203952","91290622","0","100","(31020005,6,31010058,1,31000061,1)","0","90203632","5","(31140133,1,31102501,1,31090502,1)","0","100","(76991134,76991135,76991136,76991137)"
"157002830","6","12","90203953","91290623","100","200","(31020005,6,31010058,1,31000061,1)","0","0","5","(31140133,1,31102511,1,31090502,1)","0","100","(76991134,76991135,76991136,76991137)"
"157002831","6","12","90203954","91290624","200","300","(31020005,6,31010058,1,31000061,1)","0","0","5","(31140133,1,31102521,1,31090502,1)","0","100","(76991134,76991135,76991136,76991137)"
"157002832","6","12","90203955","91290625","300","500","(31020005,9,31010058,2,31000061,1)","90","90203633","5","(31140134,1,31102502,1,31090502,1)","0","100","(76991138,76991139,76991140,76991141)"
"157002833","6","12","90203956","91290626","500","700","(31020005,9,31010058,2,31000061,1)","150","0","5","(31140134,1,31102507,1,31090502,1)","0","100","(76991138,76991139,76991140,76991141)"
"157002834","6","12","90203957","91290627","700","900","(31020005,9,31010058,2,31000061,1)","210","0","5","(31140134,1,31102512,1,31090502,1)","0","100","(76991138,76991139,76991140,76991141)"
"157002835","6","12","90203958","91290628","900","1100","(31020005,9,31010058,2,31000061,1)","270","0","5","(31140134,1,31102517,1,31090502,1)","0","100","(76991138,76991139,76991140,76991141)"
"157002836","6","12","90203959","91290629","1100","1300","(31020005,9,31010058,2,31000061,1)","330","0","5","(31140134,1,31102522,1,31090502,1)","0","100","(76991138,76991139,76991140,76991141)"
"157002837","6","12","90203960","91290630","1300","1600","(31020005,15,31010058,3,31000061,1)","390","90203634","5","(31090501,1,31102208,1,31090502,1)","0","100","(76991142,76991143,76991144,76991145)"
"157002838","6","12","90203961","91290631","1600","1900","(31020005,15,31010058,3,31000061,1)","480","0","5","(31090501,1,31102218,1,31090502,1)","0","100","(76991142,76991143,76991144,76991145)"
"157002839","6","12","90203962","91290632","1900","2200","(31020005,15,31010058,3,31000061,1)","570","0","5","(31090501,1,31102228,1,31090502,1)","0","100","(76991142,76991143,76991144,76991145)"
"157002840","6","12","90203963","91290633","2200","2500","(31020005,15,31010058,3,31000061,1)","660","0","5","(31090501,1,31102238,1,31090502,1)","0","100","(76991142,76991143,76991144,76991145)"
"157002841","6","12","90203964","91290634","2500","2800","(31020005,15,31010058,3,31000061,1)","750","0","5","(31090501,1,31102248,1,31090502,1)","0","100","(76991142,76991143,76991144,76991145)"
"157002842","6","12","90203965","91290635","2800","3200","(31100078,1,31020005,15,31010058,4,31000061,1)","840","90203635","5","(31090501,1,31102503,1,31090502,2)","39000079","80","(76991146,76991147,76991148,76991149)"
"157002843","6","12","90203966","91290636","3200","3600","(31100078,1,31020005,15,31010058,4,31000061,1)","960","0","5","(31090501,1,31102508,1,31090502,2)","39000079","80","(76991146,76991147,76991148,76991149)"
"157002844","6","12","90203967","91290637","3600","4000","(31100078,1,31020005,15,31010058,4,31000061,1)","1080","0","5","(31090501,1,31102513,1,31090502,2)","39000079","80","(76991146,76991147,76991148,76991149)"
"157002845","6","12","90203968","91290638","4000","4400","(31100078,1,31020005,15,31010058,4,31000061,1)","1200","0","5","(31090501,1,31102518,1,31090502,2)","39000079","80","(76991146,76991147,76991148,76991149)"
"157002846","6","12","90203969","91290639","4400","4800","(31100078,1,31020005,15,31010058,4,31000061,1)","1320","0","5","(31090501,1,31102523,1,31090502,2)","39000079","80","(76991146,76991147,76991148,76991149)"
"157002847","6","12","90203970","91290640","4800","5300","(31100079,1,31020005,21,31010058,5,31000061,1)","1440","90203636","5","(31090501,1,31102209,1,31090502,2)","39000080","65","(76991150,76991151,76991152,76991153)"
"157002848","6","12","90203971","91290641","5300","5800","(31100079,1,31020005,21,31010058,5,31000061,1)","1590","0","5","(31090501,1,31102219,1,31090502,2)","39000080","65","(76991150,76991151,76991152,76991153)"
"157002849","6","12","90203972","91290642","5800","6300","(31100079,1,31020005,21,31010058,5,31000061,1)","1740","0","5","(31090501,1,31102229,1,31090502,2)","39000080","65","(76991150,76991151,76991152,76991153)"
"157002850","6","12","90203973","91290643","6300","6800","(31100079,1,31020005,21,31010058,5,31000061,1)","1890","0","5","(31090501,1,31102239,1,31090502,2)","39000080","65","(76991150,76991151,76991152,76991153)"
"157002851","6","12","90203974","91290644","6800","7300","(31100079,1,31020005,21,31010058,5,31000061,1)","2040","0","5","(31090501,1,31102249,1,31090502,2)","39000080","65","(76991150,76991151,76991152,76991153)"
"157002852","6","12","90203975","91290645","7300","7900","(31100080,1,31020005,30,31010058,6,31000061,1)","2190","90203637","5","(31090501,1,31102504,1,31000166,3)","39000081","50","(76991154,76991155,76991156,76991157)"
"157002853","6","12","90203976","91290646","7900","8500","(31100080,1,31020005,30,31010058,6,31000061,1)","2370","0","5","(31090501,1,31102509,1,31000166,3)","39000081","50","(76991154,76991155,76991156,76991157)"
"157002854","6","12","90203977","91290647","8500","9200","(31100080,1,31020005,30,31010058,6,31000061,1)","2550","0","5","(31090501,1,31102514,1,31000166,3)","39000081","50","(76991154,76991155,76991156,76991157)"
"157002855","6","12","90203978","91290648","9200","10000","(31100080,1,31020005,30,31010058,6,31000061,1)","2760","0","5","(31090501,1,31102519,1,31000166,3)","39000081","50","(76991154,76991155,76991156,76991157)"
"157002856","6","12","90203979","91290649","10000","999999","(31100080,1,31020005,30,31010058,6,31000061,1)","3000","0","5","(31090501,1,31102524,1,31000166,3)","39000081","50","(76991154,76991155,76991156,76991157)"
"157002857","6","13","90203952","91290622","0","100","(31020005,6,31010058,1,31000061,1)","0","90203632","5","(31140133,1,31102501,1,31090502,1)","0","100","(76991134,76991135,76991136,76991137)"
"157002858","6","13","90203953","91290623","100","200","(31020005,6,31010058,1,31000061,1)","0","0","5","(31140133,1,31102511,1,31090502,1)","0","100","(76991134,76991135,76991136,76991137)"
"157002859","6","13","90203954","91290624","200","300","(31020005,6,31010058,1,31000061,1)","0","0","5","(31140133,1,31102521,1,31090502,1)","0","100","(76991134,76991135,76991136,76991137)"
"157002860","6","13","90203955","91290625","300","500","(31020005,9,31010058,2,31000061,1)","90","90203633","5","(31140134,1,31102502,1,31090502,1)","0","100","(76991138,76991139,76991140,76991141)"
"157002861","6","13","90203956","91290626","500","700","(31020005,9,31010058,2,31000061,1)","150","0","5","(31140134,1,31102507,1,31090502,1)","0","100","(76991138,76991139,76991140,76991141)"
"157002862","6","13","90203957","91290627","700","900","(31020005,9,31010058,2,31000061,1)","210","0","5","(31140134,1,31102512,1,31090502,1)","0","100","(76991138,76991139,76991140,76991141)"
"157002863","6","13","90203958","91290628","900","1100","(31020005,9,31010058,2,31000061,1)","270","0","5","(31140134,1,31102517,1,31090502,1)","0","100","(76991138,76991139,76991140,76991141)"
"157002864","6","13","90203959","91290629","1100","1300","(31020005,9,31010058,2,31000061,1)","330","0","5","(31140134,1,31102522,1,31090502,1)","0","100","(76991138,76991139,76991140,76991141)"
"157002865","6","13","90203960","91290630","1300","1600","(31020005,15,31010058,3,31000061,1)","390","90203634","5","(31090501,1,31102208,1,31090502,1)","0","100","(76991142,76991143,76991144,76991145)"
"157002866","6","13","90203961","91290631","1600","1900","(31020005,15,31010058,3,31000061,1)","480","0","5","(31090501,1,31102218,1,31090502,1)","0","100","(76991142,76991143,76991144,76991145)"
"157002867","6","13","90203962","91290632","1900","2200","(31020005,15,31010058,3,31000061,1)","570","0","5","(31090501,1,31102228,1,31090502,1)","0","100","(76991142,76991143,76991144,76991145)"
"157002868","6","13","90203963","91290633","2200","2500","(31020005,15,31010058,3,31000061,1)","660","0","5","(31090501,1,31102238,1,31090502,1)","0","100","(76991142,76991143,76991144,76991145)"
"157002869","6","13","90203964","91290634","2500","2800","(31020005,15,31010058,3,31000061,1)","750","0","5","(31090501,1,31102248,1,31090502,1)","0","100","(76991142,76991143,76991144,76991145)"
"157002870","6","13","90203965","91290635","2800","3200","(31100078,1,31020005,15,31010058,4,31000061,1)","840","90203635","5","(31090501,1,31102503,1,31090502,2)","39000079","80","(76991146,76991147,76991148,76991149)"
"157002871","6","13","90203966","91290636","3200","3600","(31100078,1,31020005,15,31010058,4,31000061,1)","960","0","5","(31090501,1,31102508,1,31090502,2)","39000079","80","(76991146,76991147,76991148,76991149)"
"157002872","6","13","90203967","91290637","3600","4000","(31100078,1,31020005,15,31010058,4,31000061,1)","1080","0","5","(31090501,1,31102513,1,31090502,2)","39000079","80","(76991146,76991147,76991148,76991149)"
"157002873","6","13","90203968","91290638","4000","4400","(31100078,1,31020005,15,31010058,4,31000061,1)","1200","0","5","(31090501,1,31102518,1,31090502,2)","39000079","80","(76991146,76991147,76991148,76991149)"
"157002874","6","13","90203969","91290639","4400","4800","(31100078,1,31020005,15,31010058,4,31000061,1)","1320","0","5","(31090501,1,31102523,1,31090502,2)","39000079","80","(76991146,76991147,76991148,76991149)"
"157002875","6","13","90203970","91290640","4800","5300","(31100079,1,31020005,21,31010058,5,31000061,1)","1440","90203636","5","(31090501,1,31102209,1,31090502,2)","39000080","65","(76991150,76991151,76991152,76991153)"
"157002876","6","13","90203971","91290641","5300","5800","(31100079,1,31020005,21,31010058,5,31000061,1)","1590","0","5","(31090501,1,31102219,1,31090502,2)","39000080","65","(76991150,76991151,76991152,76991153)"
"157002877","6","13","90203972","91290642","5800","6300","(31100079,1,31020005,21,31010058,5,31000061,1)","1740","0","5","(31090501,1,31102229,1,31090502,2)","39000080","65","(76991150,76991151,76991152,76991153)"
"157002878","6","13","90203973","91290643","6300","6800","(31100079,1,31020005,21,31010058,5,31000061,1)","1890","0","5","(31090501,1,31102239,1,31090502,2)","39000080","65","(76991150,76991151,76991152,76991153)"
"157002879","6","13","90203974","91290644","6800","7300","(31100079,1,31020005,21,31010058,5,31000061,1)","2040","0","5","(31090501,1,31102249,1,31090502,2)","39000080","65","(76991150,76991151,76991152,76991153)"
"157002880","6","13","90203975","91290645","7300","7900","(31100080,1,31020005,30,31010058,6,31000061,1)","2190","90203637","5","(31090501,1,31102504,1,31000166,3)","39000081","50","(76991154,76991155,76991156,76991157)"
"157002881","6","13","90203976","91290646","7900","8500","(31100080,1,31020005,30,31010058,6,31000061,1)","2370","0","5","(31090501,1,31102509,1,31000166,3)","39000081","50","(76991154,76991155,76991156,76991157)"
"157002882","6","13","90203977","91290647","8500","9200","(31100080,1,31020005,30,31010058,6,31000061,1)","2550","0","5","(31090501,1,31102514,1,31000166,3)","39000081","50","(76991154,76991155,76991156,76991157)"
"157002883","6","13","90203978","91290648","9200","10000","(31100080,1,31020005,30,31010058,6,31000061,1)","2760","0","5","(31090501,1,31102519,1,31000166,3)","39000081","50","(76991154,76991155,76991156,76991157)"
"157002884","6","13","90203979","91290649","10000","999999","(31100080,1,31020005,30,31010058,6,31000061,1)","3000","0","5","(31090501,1,31102524,1,31000166,3)","39000081","50","(76991154,76991155,76991156,76991157)"
"157002885","6","14","90203952","91290622","0","100","(31020005,6,31010058,1,31000061,1)","0","90203632","5","(31140133,1,31102501,1,31090502,1)","0","100","(76991134,76991135,76991136,76991137)"
"157002886","6","14","90203953","91290623","100","200","(31020005,6,31010058,1,31000061,1)","0","0","5","(31140133,1,31102511,1,31090502,1)","0","100","(76991134,76991135,76991136,76991137)"
"157002887","6","14","90203954","91290624","200","300","(31020005,6,31010058,1,31000061,1)","0","0","5","(31140133,1,31102521,1,31090502,1)","0","100","(76991134,76991135,76991136,76991137)"
"157002888","6","14","90203955","91290625","300","500","(31020005,9,31010058,2,31000061,1)","90","90203633","5","(31140134,1,31102502,1,31090502,1)","0","100","(76991138,76991139,76991140,76991141)"
"157002889","6","14","90203956","91290626","500","700","(31020005,9,31010058,2,31000061,1)","150","0","5","(31140134,1,31102507,1,31090502,1)","0","100","(76991138,76991139,76991140,76991141)"
"157002890","6","14","90203957","91290627","700","900","(31020005,9,31010058,2,31000061,1)","210","0","5","(31140134,1,31102512,1,31090502,1)","0","100","(76991138,76991139,76991140,76991141)"
"157002891","6","14","90203958","91290628","900","1100","(31020005,9,31010058,2,31000061,1)","270","0","5","(31140134,1,31102517,1,31090502,1)","0","100","(76991138,76991139,76991140,76991141)"
"157002892","6","14","90203959","91290629","1100","1300","(31020005,9,31010058,2,31000061,1)","330","0","5","(31140134,1,31102522,1,31090502,1)","0","100","(76991138,76991139,76991140,76991141)"
"157002893","6","14","90203960","91290630","1300","1600","(31020005,15,31010058,3,31000061,1)","390","90203634","5","(31090501,1,31102208,1,31090502,1)","0","100","(76991142,76991143,76991144,76991145)"
"157002894","6","14","90203961","91290631","1600","1900","(31020005,15,31010058,3,31000061,1)","480","0","5","(31090501,1,31102218,1,31090502,1)","0","100","(76991142,76991143,76991144,76991145)"
"157002895","6","14","90203962","91290632","1900","2200","(31020005,15,31010058,3,31000061,1)","570","0","5","(31090501,1,31102228,1,31090502,1)","0","100","(76991142,76991143,76991144,76991145)"
"157002896","6","14","90203963","91290633","2200","2500","(31020005,15,31010058,3,31000061,1)","660","0","5","(31090501,1,31102238,1,31090502,1)","0","100","(76991142,76991143,76991144,76991145)"
"157002897","6","14","90203964","91290634","2500","2800","(31020005,15,31010058,3,31000061,1)","750","0","5","(31090501,1,31102248,1,31090502,1)","0","100","(76991142,76991143,76991144,76991145)"
"157002898","6","14","90203965","91290635","2800","3200","(31100078,1,31020005,15,31010058,4,31000061,1)","840","90203635","5","(31090501,1,31102503,1,31090502,2)","39000079","80","(76991146,76991147,76991148,76991149)"
"157002899","6","14","90203966","91290636","3200","3600","(31100078,1,31020005,15,31010058,4,31000061,1)","960","0","5","(31090501,1,31102508,1,31090502,2)","39000079","80","(76991146,76991147,76991148,76991149)"
"157002900","6","14","90203967","91290637","3600","4000","(31100078,1,31020005,15,31010058,4,31000061,1)","1080","0","5","(31090501,1,31102513,1,31090502,2)","39000079","80","(76991146,76991147,76991148,76991149)"
"157002901","6","14","90203968","91290638","4000","4400","(31100078,1,31020005,15,31010058,4,31000061,1)","1200","0","5","(31090501,1,31102518,1,31090502,2)","39000079","80","(76991146,76991147,76991148,76991149)"
"157002902","6","14","90203969","91290639","4400","4800","(31100078,1,31020005,15,31010058,4,31000061,1)","1320","0","5","(31090501,1,31102523,1,31090502,2)","39000079","80","(76991146,76991147,76991148,76991149)"
"157002903","6","14","90203970","91290640","4800","5300","(31100079,1,31020005,21,31010058,5,31000061,1)","1440","90203636","5","(31090501,1,31102209,1,31090502,2)","39000080","65","(76991150,76991151,76991152,76991153)"
"157002904","6","14","90203971","91290641","5300","5800","(31100079,1,31020005,21,31010058,5,31000061,1)","1590","0","5","(31090501,1,31102219,1,31090502,2)","39000080","65","(76991150,76991151,76991152,76991153)"
"157002905","6","14","90203972","91290642","5800","6300","(31100079,1,31020005,21,31010058,5,31000061,1)","1740","0","5","(31090501,1,31102229,1,31090502,2)","39000080","65","(76991150,76991151,76991152,76991153)"
"157002906","6","14","90203973","91290643","6300","6800","(31100079,1,31020005,21,31010058,5,31000061,1)","1890","0","5","(31090501,1,31102239,1,31090502,2)","39000080","65","(76991150,76991151,76991152,76991153)"
"157002907","6","14","90203974","91290644","6800","7300","(31100079,1,31020005,21,31010058,5,31000061,1)","2040","0","5","(31090501,1,31102249,1,31090502,2)","39000080","65","(76991150,76991151,76991152,76991153)"
"157002908","6","14","90203975","91290645","7300","7900","(31100080,1,31020005,30,31010058,6,31000061,1)","2190","90203637","5","(31090501,1,31102504,1,31000166,3)","39000081","50","(76991154,76991155,76991156,76991157)"
"157002909","6","14","90203976","91290646","7900","8500","(31100080,1,31020005,30,31010058,6,31000061,1)","2370","0","5","(31090501,1,31102509,1,31000166,3)","39000081","50","(76991154,76991155,76991156,76991157)"
"157002910","6","14","90203977","91290647","8500","9200","(31100080,1,31020005,30,31010058,6,31000061,1)","2550","0","5","(31090501,1,31102514,1,31000166,3)","39000081","50","(76991154,76991155,76991156,76991157)"
"157002911","6","14","90203978","91290648","9200","10000","(31100080,1,31020005,30,31010058,6,31000061,1)","2760","0","5","(31090501,1,31102519,1,31000166,3)","39000081","50","(76991154,76991155,76991156,76991157)"
"157002912","6","14","90203979","91290649","10000","999999","(31100080,1,31020005,30,31010058,6,31000061,1)","3000","0","5","(31090501,1,31102524,1,31000166,3)","39000081","50","(76991154,76991155,76991156,76991157)"
"157002913","6","15","90203952","91290622","0","100","(31020005,6,31010058,1,31000061,1)","0","90203632","5","(31140133,1,31102501,1,31090502,1)","0","100","(76991134,76991135,76991136,76991137)"
"157002914","6","15","90203953","91290623","100","200","(31020005,6,31010058,1,31000061,1)","0","0","5","(31140133,1,31102511,1,31090502,1)","0","100","(76991134,76991135,76991136,76991137)"
"157002915","6","15","90203954","91290624","200","300","(31020005,6,31010058,1,31000061,1)","0","0","5","(31140133,1,31102521,1,31090502,1)","0","100","(76991134,76991135,76991136,76991137)"
"157002916","6","15","90203955","91290625","300","500","(31020005,9,31010058,2,31000061,1)","90","90203633","5","(31140134,1,31102502,1,31090502,1)","0","100","(76991138,76991139,76991140,76991141)"
"157002917","6","15","90203956","91290626","500","700","(31020005,9,31010058,2,31000061,1)","150","0","5","(31140134,1,31102507,1,31090502,1)","0","100","(76991138,76991139,76991140,76991141)"
"157002918","6","15","90203957","91290627","700","900","(31020005,9,31010058,2,31000061,1)","210","0","5","(31140134,1,31102512,1,31090502,1)","0","100","(76991138,76991139,76991140,76991141)"
"157002919","6","15","90203958","91290628","900","1100","(31020005,9,31010058,2,31000061,1)","270","0","5","(31140134,1,31102517,1,31090502,1)","0","100","(76991138,76991139,76991140,76991141)"
"157002920","6","15","90203959","91290629","1100","1300","(31020005,9,31010058,2,31000061,1)","330","0","5","(31140134,1,31102522,1,31090502,1)","0","100","(76991138,76991139,76991140,76991141)"
"157002921","6","15","90203960","91290630","1300","1600","(31020005,15,31010058,3,31000061,1)","390","90203634","5","(31090501,1,31102208,1,31090502,1)","0","100","(76991142,76991143,76991144,76991145)"
"157002922","6","15","90203961","91290631","1600","1900","(31020005,15,31010058,3,31000061,1)","480","0","5","(31090501,1,31102218,1,31090502,1)","0","100","(76991142,76991143,76991144,76991145)"
"157002923","6","15","90203962","91290632","1900","2200","(31020005,15,31010058,3,31000061,1)","570","0","5","(31090501,1,31102228,1,31090502,1)","0","100","(76991142,76991143,76991144,76991145)"
"157002924","6","15","90203963","91290633","2200","2500","(31020005,15,31010058,3,31000061,1)","660","0","5","(31090501,1,31102238,1,31090502,1)","0","100","(76991142,76991143,76991144,76991145)"
"157002925","6","15","90203964","91290634","2500","2800","(31020005,15,31010058,3,31000061,1)","750","0","5","(31090501,1,31102248,1,31090502,1)","0","100","(76991142,76991143,76991144,76991145)"
"157002926","6","15","90203965","91290635","2800","3200","(31100078,1,31020005,15,31010058,4,31000061,1)","840","90203635","5","(31090501,1,31102503,1,31090502,2)","39000079","80","(76991146,76991147,76991148,76991149)"
"157002927","6","15","90203966","91290636","3200","3600","(31100078,1,31020005,15,31010058,4,31000061,1)","960","0","5","(31090501,1,31102508,1,31090502,2)","39000079","80","(76991146,76991147,76991148,76991149)"
"157002928","6","15","90203967","91290637","3600","4000","(31100078,1,31020005,15,31010058,4,31000061,1)","1080","0","5","(31090501,1,31102513,1,31090502,2)","39000079","80","(76991146,76991147,76991148,76991149)"
"157002929","6","15","90203968","91290638","4000","4400","(31100078,1,31020005,15,31010058,4,31000061,1)","1200","0","5","(31090501,1,31102518,1,31090502,2)","39000079","80","(76991146,76991147,76991148,76991149)"
"157002930","6","15","90203969","91290639","4400","4800","(31100078,1,31020005,15,31010058,4,31000061,1)","1320","0","5","(31090501,1,31102523,1,31090502,2)","39000079","80","(76991146,76991147,76991148,76991149)"
"157002931","6","15","90203970","91290640","4800","5300","(31100079,1,31020005,21,31010058,5,31000061,1)","1440","90203636","5","(31090501,1,31102209,1,31090502,2)","39000080","65","(76991150,76991151,76991152,76991153)"
"157002932","6","15","90203971","91290641","5300","5800","(31100079,1,31020005,21,31010058,5,31000061,1)","1590","0","5","(31090501,1,31102219,1,31090502,2)","39000080","65","(76991150,76991151,76991152,76991153)"
"157002933","6","15","90203972","91290642","5800","6300","(31100079,1,31020005,21,31010058,5,31000061,1)","1740","0","5","(31090501,1,31102229,1,31090502,2)","39000080","65","(76991150,76991151,76991152,76991153)"
"157002934","6","15","90203973","91290643","6300","6800","(31100079,1,31020005,21,31010058,5,31000061,1)","1890","0","5","(31090501,1,31102239,1,31090502,2)","39000080","65","(76991150,76991151,76991152,76991153)"
"157002935","6","15","90203974","91290644","6800","7300","(31100079,1,31020005,21,31010058,5,31000061,1)","2040","0","5","(31090501,1,31102249,1,31090502,2)","39000080","65","(76991150,76991151,76991152,76991153)"
"157002936","6","15","90203975","91290645","7300","7900","(31100080,1,31020005,30,31010058,6,31000061,1)","2190","90203637","5","(31090501,1,31102504,1,31000166,3)","39000081","50","(76991154,76991155,76991156,76991157)"
"157002937","6","15","90203976","91290646","7900","8500","(31100080,1,31020005,30,31010058,6,31000061,1)","2370","0","5","(31090501,1,31102509,1,31000166,3)","39000081","50","(76991154,76991155,76991156,76991157)"
"157002938","6","15","90203977","91290647","8500","9200","(31100080,1,31020005,30,31010058,6,31000061,1)","2550","0","5","(31090501,1,31102514,1,31000166,3)","39000081","50","(76991154,76991155,76991156,76991157)"
"157002939","6","15","90203978","91290648","9200","10000","(31100080,1,31020005,30,31010058,6,31000061,1)","2760","0","5","(31090501,1,31102519,1,31000166,3)","39000081","50","(76991154,76991155,76991156,76991157)"
"157002940","6","15","90203979","91290649","10000","999999","(31100080,1,31020005,30,31010058,6,31000061,1)","3000","0","5","(31090501,1,31102524,1,31000166,3)","39000081","50","(76991154,76991155,76991156,76991157)"
"157002941","1","16","90203952","91290622","0","100","(31020005,6,31010058,1,31000061,1)","0","90203632","5","(31140133,1,31102501,1,31090502,1)","0","100","(76991134,76991135,76991136,76991137)"
"157002942","1","16","90203953","91290623","100","200","(31020005,6,31010058,1,31000061,1)","0","0","5","(31140133,1,31102511,1,31090502,1)","0","100","(76991134,76991135,76991136,76991137)"
"157002943","1","16","90203954","91290624","200","300","(31020005,6,31010058,1,31000061,1)","0","0","5","(31140133,1,31102521,1,31090502,1)","0","100","(76991134,76991135,76991136,76991137)"
"157002944","1","16","90203955","91290625","300","500","(31020005,9,31010058,2,31000061,1)","90","90203633","5","(31140134,1,31102502,1,31090502,1)","0","100","(76991138,76991139,76991140,76991141)"
"157002945","1","16","90203956","91290626","500","700","(31020005,9,31010058,2,31000061,1)","150","0","5","(31140134,1,31102507,1,31090502,1)","0","100","(76991138,76991139,76991140,76991141)"
"157002946","1","16","90203957","91290627","700","900","(31020005,9,31010058,2,31000061,1)","210","0","5","(31140134,1,31102512,1,31090502,1)","0","100","(76991138,76991139,76991140,76991141)"
"157002947","1","16","90203958","91290628","900","1100","(31020005,9,31010058,2,31000061,1)","270","0","5","(31140134,1,31102517,1,31090502,1)","0","100","(76991138,76991139,76991140,76991141)"
"157002948","1","16","90203959","91290629","1100","1300","(31020005,9,31010058,2,31000061,1)","330","0","5","(31140134,1,31102522,1,31090502,1)","0","100","(76991138,76991139,76991140,76991141)"
"157002949","1","16","90203960","91290630","1300","1600","(31020005,15,31010058,3,31000061,1)","390","90203634","5","(31090501,1,31102208,1,31090502,1)","0","100","(76991142,76991143,76991144,76991145)"
"157002950","1","16","90203961","91290631","1600","1900","(31020005,15,31010058,3,31000061,1)","480","0","5","(31090501,1,31102218,1,31090502,1)","0","100","(76991142,76991143,76991144,76991145)"
"157002951","1","16","90203962","91290632","1900","2200","(31020005,15,31010058,3,31000061,1)","570","0","5","(31090501,1,31102228,1,31090502,1)","0","100","(76991142,76991143,76991144,76991145)"
"157002952","1","16","90203963","91290633","2200","2500","(31020005,15,31010058,3,31000061,1)","660","0","5","(31090501,1,31102238,1,31090502,1)","0","100","(76991142,76991143,76991144,76991145)"
"157002953","1","16","90203964","91290634","2500","2800","(31020005,15,31010058,3,31000061,1)","750","0","5","(31090501,1,31102248,1,31090502,1)","0","100","(76991142,76991143,76991144,76991145)"
"157002954","1","16","90203965","91290635","2800","3200","(31100078,1,31020005,15,31010058,4,31000061,1)","840","90203635","5","(31090501,1,31102503,1,31090502,2)","39000079","80","(76991146,76991147,76991148,76991149)"
"157002955","1","16","90203966","91290636","3200","3600","(31100078,1,31020005,15,31010058,4,31000061,1)","960","0","5","(31090501,1,31102508,1,31090502,2)","39000079","80","(76991146,76991147,76991148,76991149)"
"157002956","1","16","90203967","91290637","3600","4000","(31100078,1,31020005,15,31010058,4,31000061,1)","1080","0","5","(31090501,1,31102513,1,31090502,2)","39000079","80","(76991146,76991147,76991148,76991149)"
"157002957","1","16","90203968","91290638","4000","4400","(31100078,1,31020005,15,31010058,4,31000061,1)","1200","0","5","(31090501,1,31102518,1,31090502,2)","39000079","80","(76991146,76991147,76991148,76991149)"
"157002958","1","16","90203969","91290639","4400","4800","(31100078,1,31020005,15,31010058,4,31000061,1)","1320","0","5","(31090501,1,31102523,1,31090502,2)","39000079","80","(76991146,76991147,76991148,76991149)"
"157002959","1","16","90203970","91290640","4800","5300","(31100079,1,31020005,21,31010058,5,31000061,1)","1440","90203636","5","(31090501,1,31102209,1,31090502,2)","39000080","65","(76991150,76991151,76991152,76991153)"
"157002960","1","16","90203971","91290641","5300","5800","(31100079,1,31020005,21,31010058,5,31000061,1)","1590","0","5","(31090501,1,31102219,1,31090502,2)","39000080","65","(76991150,76991151,76991152,76991153)"
"157002961","1","16","90203972","91290642","5800","6300","(31100079,1,31020005,21,31010058,5,31000061,1)","1740","0","5","(31090501,1,31102229,1,31090502,2)","39000080","65","(76991150,76991151,76991152,76991153)"
"157002962","1","16","90203973","91290643","6300","6800","(31100079,1,31020005,21,31010058,5,31000061,1)","1890","0","5","(31090501,1,31102239,1,31090502,2)","39000080","65","(76991150,76991151,76991152,76991153)"
"157002963","1","16","90203974","91290644","6800","7300","(31100079,1,31020005,21,31010058,5,31000061,1)","2040","0","5","(31090501,1,31102249,1,31090502,2)","39000080","65","(76991150,76991151,76991152,76991153)"
"157002964","1","16","90203975","91290645","7300","7900","(31100080,1,31020005,30,31010058,6,31000061,1)","2190","90203637","5","(31090501,1,31102504,1,31000166,3)","39000081","50","(76991154,76991155,76991156,76991157)"
"157002965","1","16","90203976","91290646","7900","8500","(31100080,1,31020005,30,31010058,6,31000061,1)","2370","0","5","(31090501,1,31102509,1,31000166,3)","39000081","50","(76991154,76991155,76991156,76991157)"
"157002966","1","16","90203977","91290647","8500","9200","(31100080,1,31020005,30,31010058,6,31000061,1)","2550","0","5","(31090501,1,31102514,1,31000166,3)","39000081","50","(76991154,76991155,76991156,76991157)"
"157002967","1","16","90203978","91290648","9200","10000","(31100080,1,31020005,30,31010058,6,31000061,1)","2760","0","5","(31090501,1,31102519,1,31000166,3)","39000081","50","(76991154,76991155,76991156,76991157)"
"157002968","1","16","90203979","91290649","10000","999999","(31100080,1,31020005,30,31010058,6,31000061,1)","3000","0","5","(31090501,1,31102524,1,31000166,3)","39000081","50","(76991154,76991155,76991156,76991157)"
"157002969","1","17","90203952","91290622","0","100","(31020005,6,31010058,1,31000061,1)","0","90203632","5","(31140133,1,31102501,1,31090502,1)","0","100","(76991134,76991135,76991136,76991137)"
"157002970","1","17","90203953","91290623","100","200","(31020005,6,31010058,1,31000061,1)","0","0","5","(31140133,1,31102511,1,31090502,1)","0","100","(76991134,76991135,76991136,76991137)"
"157002971","1","17","90203954","91290624","200","300","(31020005,6,31010058,1,31000061,1)","0","0","5","(31140133,1,31102521,1,31090502,1)","0","100","(76991134,76991135,76991136,76991137)"
"157002972","1","17","90203955","91290625","300","500","(31020005,9,31010058,2,31000061,1)","90","90203633","5","(31140134,1,31102502,1,31090502,1)","0","100","(76991138,76991139,76991140,76991141)"
"157002973","1","17","90203956","91290626","500","700","(31020005,9,31010058,2,31000061,1)","150","0","5","(31140134,1,31102507,1,31090502,1)","0","100","(76991138,76991139,76991140,76991141)"
"157002974","1","17","90203957","91290627","700","900","(31020005,9,31010058,2,31000061,1)","210","0","5","(31140134,1,31102512,1,31090502,1)","0","100","(76991138,76991139,76991140,76991141)"
"157002975","1","17","90203958","91290628","900","1100","(31020005,9,31010058,2,31000061,1)","270","0","5","(31140134,1,31102517,1,31090502,1)","0","100","(76991138,76991139,76991140,76991141)"
"157002976","1","17","90203959","91290629","1100","1300","(31020005,9,31010058,2,31000061,1)","330","0","5","(31140134,1,31102522,1,31090502,1)","0","100","(76991138,76991139,76991140,76991141)"
"157002977","1","17","90203960","91290630","1300","1600","(31020005,15,31010058,3,31000061,1)","390","90203634","5","(31090501,1,31102208,1,31090502,1)","0","100","(76991142,76991143,76991144,76991145)"
"157002978","1","17","90203961","91290631","1600","1900","(31020005,15,31010058,3,31000061,1)","480","0","5","(31090501,1,31102218,1,31090502,1)","0","100","(76991142,76991143,76991144,76991145)"
"157002979","1","17","90203962","91290632","1900","2200","(31020005,15,31010058,3,31000061,1)","570","0","5","(31090501,1,31102228,1,31090502,1)","0","100","(76991142,76991143,76991144,76991145)"
"157002980","1","17","90203963","91290633","2200","2500","(31020005,15,31010058,3,31000061,1)","660","0","5","(31090501,1,31102238,1,31090502,1)","0","100","(76991142,76991143,76991144,76991145)"
"157002981","1","17","90203964","91290634","2500","2800","(31020005,15,31010058,3,31000061,1)","750","0","5","(31090501,1,31102248,1,31090502,1)","0","100","(76991142,76991143,76991144,76991145)"
"157002982","1","17","90203965","91290635","2800","3200","(31100078,1,31020005,15,31010058,4,31000061,1)","840","90203635","5","(31090501,1,31102503,1,31090502,2)","39000079","80","(76991146,76991147,76991148,76991149)"
"157002983","1","17","90203966","91290636","3200","3600","(31100078,1,31020005,15,31010058,4,31000061,1)","960","0","5","(31090501,1,31102508,1,31090502,2)","39000079","80","(76991146,76991147,76991148,76991149)"
"157002984","1","17","90203967","91290637","3600","4000","(31100078,1,31020005,15,31010058,4,31000061,1)","1080","0","5","(31090501,1,31102513,1,31090502,2)","39000079","80","(76991146,76991147,76991148,76991149)"
"157002985","1","17","90203968","91290638","4000","4400","(31100078,1,31020005,15,31010058,4,31000061,1)","1200","0","5","(31090501,1,31102518,1,31090502,2)","39000079","80","(76991146,76991147,76991148,76991149)"
"157002986","1","17","90203969","91290639","4400","4800","(31100078,1,31020005,15,31010058,4,31000061,1)","1320","0","5","(31090501,1,31102523,1,31090502,2)","39000079","80","(76991146,76991147,76991148,76991149)"
"157002987","1","17","90203970","91290640","4800","5300","(31100079,1,31020005,21,31010058,5,31000061,1)","1440","90203636","5","(31090501,1,31102209,1,31090502,2)","39000080","65","(76991150,76991151,76991152,76991153)"
"157002988","1","17","90203971","91290641","5300","5800","(31100079,1,31020005,21,31010058,5,31000061,1)","1590","0","5","(31090501,1,31102219,1,31090502,2)","39000080","65","(76991150,76991151,76991152,76991153)"
"157002989","1","17","90203972","91290642","5800","6300","(31100079,1,31020005,21,31010058,5,31000061,1)","1740","0","5","(31090501,1,31102229,1,31090502,2)","39000080","65","(76991150,76991151,76991152,76991153)"
"157002990","1","17","90203973","91290643","6300","6800","(31100079,1,31020005,21,31010058,5,31000061,1)","1890","0","5","(31090501,1,31102239,1,31090502,2)","39000080","65","(76991150,76991151,76991152,76991153)"
"157002991","1","17","90203974","91290644","6800","7300","(31100079,1,31020005,21,31010058,5,31000061,1)","2040","0","5","(31090501,1,31102249,1,31090502,2)","39000080","65","(76991150,76991151,76991152,76991153)"
"157002992","1","17","90203975","91290645","7300","7900","(31100080,1,31020005,30,31010058,6,31000061,1)","2190","90203637","5","(31090501,1,31102504,1,31000166,3)","39000081","50","(76991154,76991155,76991156,76991157)"
"157002993","1","17","90203976","91290646","7900","8500","(31100080,1,31020005,30,31010058,6,31000061,1)","2370","0","5","(31090501,1,31102509,1,31000166,3)","39000081","50","(76991154,76991155,76991156,76991157)"
"157002994","1","17","90203977","91290647","8500","9200","(31100080,1,31020005,30,31010058,6,31000061,1)","2550","0","5","(31090501,1,31102514,1,31000166,3)","39000081","50","(76991154,76991155,76991156,76991157)"
"157002995","1","17","90203978","91290648","9200","10000","(31100080,1,31020005,30,31010058,6,31000061,1)","2760","0","5","(31090501,1,31102519,1,31000166,3)","39000081","50","(76991154,76991155,76991156,76991157)"
"157002996","1","17","90203979","91290649","10000","999999","(31100080,1,31020005,30,31010058,6,31000061,1)","3000","0","5","(31090501,1,31102524,1,31000166,3)","39000081","50","(76991154,76991155,76991156,76991157)"
"157002997","1","18","90203952","91290622","0","100","(31020005,6,31010058,1,31000061,1)","0","90203632","5","(31140133,1,31102501,1,31090502,1)","0","100","(76991134,76991135,76991136,76991137)"
"157002998","1","18","90203953","91290623","100","200","(31020005,6,31010058,1,31000061,1)","0","0","5","(31140133,1,31102511,1,31090502,1)","0","100","(76991134,76991135,76991136,76991137)"
"157002999","1","18","90203954","91290624","200","300","(31020005,6,31010058,1,31000061,1)","0","0","5","(31140133,1,31102521,1,31090502,1)","0","100","(76991134,76991135,76991136,76991137)"
"157003000","1","18","90203955","91290625","300","500","(31020005,9,31010058,2,31000061,1)","90","90203633","5","(31140134,1,31102502,1,31090502,1)","0","100","(76991138,76991139,76991140,76991141)"
"157003001","1","18","90203956","91290626","500","700","(31020005,9,31010058,2,31000061,1)","150","0","5","(31140134,1,31102507,1,31090502,1)","0","100","(76991138,76991139,76991140,76991141)"
"157003002","1","18","90203957","91290627","700","900","(31020005,9,31010058,2,31000061,1)","210","0","5","(31140134,1,31102512,1,31090502,1)","0","100","(76991138,76991139,76991140,76991141)"
"157003003","1","18","90203958","91290628","900","1100","(31020005,9,31010058,2,31000061,1)","270","0","5","(31140134,1,31102517,1,31090502,1)","0","100","(76991138,76991139,76991140,76991141)"
"157003004","1","18","90203959","91290629","1100","1300","(31020005,9,31010058,2,31000061,1)","330","0","5","(31140134,1,31102522,1,31090502,1)","0","100","(76991138,76991139,76991140,76991141)"
"157003005","1","18","90203960","91290630","1300","1600","(31020005,15,31010058,3,31000061,1)","390","90203634","5","(31090501,1,31102208,1,31090502,1)","0","100","(76991142,76991143,76991144,76991145)"
"157003006","1","18","90203961","91290631","1600","1900","(31020005,15,31010058,3,31000061,1)","480","0","5","(31090501,1,31102218,1,31090502,1)","0","100","(76991142,76991143,76991144,76991145)"
"157003007","1","18","90203962","91290632","1900","2200","(31020005,15,31010058,3,31000061,1)","570","0","5","(31090501,1,31102228,1,31090502,1)","0","100","(76991142,76991143,76991144,76991145)"
"157003008","1","18","90203963","91290633","2200","2500","(31020005,15,31010058,3,31000061,1)","660","0","5","(31090501,1,31102238,1,31090502,1)","0","100","(76991142,76991143,76991144,76991145)"
"157003009","1","18","90203964","91290634","2500","2800","(31020005,15,31010058,3,31000061,1)","750","0","5","(31090501,1,31102248,1,31090502,1)","0","100","(76991142,76991143,76991144,76991145)"
"157003010","1","18","90203965","91290635","2800","3200","(31100078,1,31020005,15,31010058,4,31000061,1)","840","90203635","5","(31090501,1,31102503,1,31090502,2)","39000079","80","(76991146,76991147,76991148,76991149)"
"157003011","1","18","90203966","91290636","3200","3600","(31100078,1,31020005,15,31010058,4,31000061,1)","960","0","5","(31090501,1,31102508,1,31090502,2)","39000079","80","(76991146,76991147,76991148,76991149)"
"157003012","1","18","90203967","91290637","3600","4000","(31100078,1,31020005,15,31010058,4,31000061,1)","1080","0","5","(31090501,1,31102513,1,31090502,2)","39000079","80","(76991146,76991147,76991148,76991149)"
"157003013","1","18","90203968","91290638","4000","4400","(31100078,1,31020005,15,31010058,4,31000061,1)","1200","0","5","(31090501,1,31102518,1,31090502,2)","39000079","80","(76991146,76991147,76991148,76991149)"
"157003014","1","18","90203969","91290639","4400","4800","(31100078,1,31020005,15,31010058,4,31000061,1)","1320","0","5","(31090501,1,31102523,1,31090502,2)","39000079","80","(76991146,76991147,76991148,76991149)"
"157003015","1","18","90203970","91290640","4800","5300","(31100079,1,31020005,21,31010058,5,31000061,1)","1440","90203636","5","(31090501,1,31102209,1,31090502,2)","39000080","65","(76991150,76991151,76991152,76991153)"
"157003016","1","18","90203971","91290641","5300","5800","(31100079,1,31020005,21,31010058,5,31000061,1)","1590","0","5","(31090501,1,31102219,1,31090502,2)","39000080","65","(76991150,76991151,76991152,76991153)"
"157003017","1","18","90203972","91290642","5800","6300","(31100079,1,31020005,21,31010058,5,31000061,1)","1740","0","5","(31090501,1,31102229,1,31090502,2)","39000080","65","(76991150,76991151,76991152,76991153)"
"157003018","1","18","90203973","91290643","6300","6800","(31100079,1,31020005,21,31010058,5,31000061,1)","1890","0","5","(31090501,1,31102239,1,31090502,2)","39000080","65","(76991150,76991151,76991152,76991153)"
"157003019","1","18","90203974","91290644","6800","7300","(31100079,1,31020005,21,31010058,5,31000061,1)","2040","0","5","(31090501,1,31102249,1,31090502,2)","39000080","65","(76991150,76991151,76991152,76991153)"
"157003020","1","18","90203975","91290645","7300","7900","(31100080,1,31020005,30,31010058,6,31000061,1)","2190","90203637","5","(31090501,1,31102504,1,31000166,3)","39000081","50","(76991154,76991155,76991156,76991157)"
"157003021","1","18","90203976","91290646","7900","8500","(31100080,1,31020005,30,31010058,6,31000061,1)","2370","0","5","(31090501,1,31102509,1,31000166,3)","39000081","50","(76991154,76991155,76991156,76991157)"
"157003022","1","18","90203977","91290647","8500","9200","(31100080,1,31020005,30,31010058,6,31000061,1)","2550","0","5","(31090501,1,31102514,1,31000166,3)","39000081","50","(76991154,76991155,76991156,76991157)"
"157003023","1","18","90203978","91290648","9200","10000","(31100080,1,31020005,30,31010058,6,31000061,1)","2760","0","5","(31090501,1,31102519,1,31000166,3)","39000081","50","(76991154,76991155,76991156,76991157)"
"157003024","1","18","90203979","91290649","10000","999999","(31100080,1,31020005,30,31010058,6,31000061,1)","3000","0","5","(31090501,1,31102524,1,31000166,3)","39000081","50","(76991154,76991155,76991156,76991157)"
"157003025","1","19","90203952","91290622","0","100","(31020005,6,31010058,1,31000061,1)","0","90203632","5","(31140133,1,31102501,1,31090502,1)","0","100","(76991134,76991135,76991136,76991137)"
"157003026","1","19","90203953","91290623","100","200","(31020005,6,31010058,1,31000061,1)","0","0","5","(31140133,1,31102511,1,31090502,1)","0","100","(76991134,76991135,76991136,76991137)"
"157003027","1","19","90203954","91290624","200","300","(31020005,6,31010058,1,31000061,1)","0","0","5","(31140133,1,31102521,1,31090502,1)","0","100","(76991134,76991135,76991136,76991137)"
"157003028","1","19","90203955","91290625","300","500","(31020005,9,31010058,2,31000061,1)","90","90203633","5","(31140134,1,31102502,1,31090502,1)","0","100","(76991138,76991139,76991140,76991141)"
"157003029","1","19","90203956","91290626","500","700","(31020005,9,31010058,2,31000061,1)","150","0","5","(31140134,1,31102507,1,31090502,1)","0","100","(76991138,76991139,76991140,76991141)"
"157003030","1","19","90203957","91290627","700","900","(31020005,9,31010058,2,31000061,1)","210","0","5","(31140134,1,31102512,1,31090502,1)","0","100","(76991138,76991139,76991140,76991141)"
"157003031","1","19","90203958","91290628","900","1100","(31020005,9,31010058,2,31000061,1)","270","0","5","(31140134,1,31102517,1,31090502,1)","0","100","(76991138,76991139,76991140,76991141)"
"157003032","1","19","90203959","91290629","1100","1300","(31020005,9,31010058,2,31000061,1)","330","0","5","(31140134,1,31102522,1,31090502,1)","0","100","(76991138,76991139,76991140,76991141)"
"157003033","1","19","90203960","91290630","1300","1600","(31020005,15,31010058,3,31000061,1)","390","90203634","5","(31090501,1,31102208,1,31090502,1)","0","100","(76991142,76991143,76991144,76991145)"
"157003034","1","19","90203961","91290631","1600","1900","(31020005,15,31010058,3,31000061,1)","480","0","5","(31090501,1,31102218,1,31090502,1)","0","100","(76991142,76991143,76991144,76991145)"
"157003035","1","19","90203962","91290632","1900","2200","(31020005,15,31010058,3,31000061,1)","570","0","5","(31090501,1,31102228,1,31090502,1)","0","100","(76991142,76991143,76991144,76991145)"
"157003036","1","19","90203963","91290633","2200","2500","(31020005,15,31010058,3,31000061,1)","660","0","5","(31090501,1,31102238,1,31090502,1)","0","100","(76991142,76991143,76991144,76991145)"
"157003037","1","19","90203964","91290634","2500","2800","(31020005,15,31010058,3,31000061,1)","750","0","5","(31090501,1,31102248,1,31090502,1)","0","100","(76991142,76991143,76991144,76991145)"
"157003038","1","19","90203965","91290635","2800","3200","(31100078,1,31020005,15,31010058,4,31000061,1)","840","90203635","5","(31090501,1,31102503,1,31090502,2)","39000079","80","(76991146,76991147,76991148,76991149)"
"157003039","1","19","90203966","91290636","3200","3600","(31100078,1,31020005,15,31010058,4,31000061,1)","960","0","5","(31090501,1,31102508,1,31090502,2)","39000079","80","(76991146,76991147,76991148,76991149)"
"157003040","1","19","90203967","91290637","3600","4000","(31100078,1,31020005,15,31010058,4,31000061,1)","1080","0","5","(31090501,1,31102513,1,31090502,2)","39000079","80","(76991146,76991147,76991148,76991149)"
"157003041","1","19","90203968","91290638","4000","4400","(31100078,1,31020005,15,31010058,4,31000061,1)","1200","0","5","(31090501,1,31102518,1,31090502,2)","39000079","80","(76991146,76991147,76991148,76991149)"
"157003042","1","19","90203969","91290639","4400","4800","(31100078,1,31020005,15,31010058,4,31000061,1)","1320","0","5","(31090501,1,31102523,1,31090502,2)","39000079","80","(76991146,76991147,76991148,76991149)"
"157003043","1","19","90203970","91290640","4800","5300","(31100079,1,31020005,21,31010058,5,31000061,1)","1440","90203636","5","(31090501,1,31102209,1,31090502,2)","39000080","65","(76991150,76991151,76991152,76991153)"
"157003044","1","19","90203971","91290641","5300","5800","(31100079,1,31020005,21,31010058,5,31000061,1)","1590","0","5","(31090501,1,31102219,1,31090502,2)","39000080","65","(76991150,76991151,76991152,76991153)"
"157003045","1","19","90203972","91290642","5800","6300","(31100079,1,31020005,21,31010058,5,31000061,1)","1740","0","5","(31090501,1,31102229,1,31090502,2)","39000080","65","(76991150,76991151,76991152,76991153)"
"157003046","1","19","90203973","91290643","6300","6800","(31100079,1,31020005,21,31010058,5,31000061,1)","1890","0","5","(31090501,1,31102239,1,31090502,2)","39000080","65","(76991150,76991151,76991152,76991153)"
"157003047","1","19","90203974","91290644","6800","7300","(31100079,1,31020005,21,31010058,5,31000061,1)","2040","0","5","(31090501,1,31102249,1,31090502,2)","39000080","65","(76991150,76991151,76991152,76991153)"
"157003048","1","19","90203975","91290645","7300","7900","(31100080,1,31020005,30,31010058,6,31000061,1)","2190","90203637","5","(31090501,1,31102504,1,31000166,3)","39000081","50","(76991154,76991155,76991156,76991157)"
"157003049","1","19","90203976","91290646","7900","8500","(31100080,1,31020005,30,31010058,6,31000061,1)","2370","0","5","(31090501,1,31102509,1,31000166,3)","39000081","50","(76991154,76991155,76991156,76991157)"
"157003050","1","19","90203977","91290647","8500","9200","(31100080,1,31020005,30,31010058,6,31000061,1)","2550","0","5","(31090501,1,31102514,1,31000166,3)","39000081","50","(76991154,76991155,76991156,76991157)"
"157003051","1","19","90203978","91290648","9200","10000","(31100080,1,31020005,30,31010058,6,31000061,1)","2760","0","5","(31090501,1,31102519,1,31000166,3)","39000081","50","(76991154,76991155,76991156,76991157)"
"157003052","1","19","90203979","91290649","10000","999999","(31100080,1,31020005,30,31010058,6,31000061,1)","3000","0","5","(31090501,1,31102524,1,31000166,3)","39000081","50","(76991154,76991155,76991156,76991157)"
"157003053","1","20","90203952","91290622","0","100","(31020005,6,31010058,1,31000061,1)","0","90203632","5","(31140133,1,31102501,1,31090502,1)","0","100","(76991134,76991135,76991136,76991137)"
"157003054","1","20","90203953","91290623","100","200","(31020005,6,31010058,1,31000061,1)","0","0","5","(31140133,1,31102511,1,31090502,1)","0","100","(76991134,76991135,76991136,76991137)"
"157003055","1","20","90203954","91290624","200","300","(31020005,6,31010058,1,31000061,1)","0","0","5","(31140133,1,31102521,1,31090502,1)","0","100","(76991134,76991135,76991136,76991137)"
"157003056","1","20","90203955","91290625","300","500","(31020005,9,31010058,2,31000061,1)","90","90203633","5","(31140134,1,31102502,1,31090502,1)","0","100","(76991138,76991139,76991140,76991141)"
"157003057","1","20","90203956","91290626","500","700","(31020005,9,31010058,2,31000061,1)","150","0","5","(31140134,1,31102507,1,31090502,1)","0","100","(76991138,76991139,76991140,76991141)"
"157003058","1","20","90203957","91290627","700","900","(31020005,9,31010058,2,31000061,1)","210","0","5","(31140134,1,31102512,1,31090502,1)","0","100","(76991138,76991139,76991140,76991141)"
"157003059","1","20","90203958","91290628","900","1100","(31020005,9,31010058,2,31000061,1)","270","0","5","(31140134,1,31102517,1,31090502,1)","0","100","(76991138,76991139,76991140,76991141)"
"157003060","1","20","90203959","91290629","1100","1300","(31020005,9,31010058,2,31000061,1)","330","0","5","(31140134,1,31102522,1,31090502,1)","0","100","(76991138,76991139,76991140,76991141)"
"157003061","1","20","90203960","91290630","1300","1600","(31020005,15,31010058,3,31000061,1)","390","90203634","5","(31090501,1,31102208,1,31090502,1)","0","100","(76991142,76991143,76991144,76991145)"
"157003062","1","20","90203961","91290631","1600","1900","(31020005,15,31010058,3,31000061,1)","480","0","5","(31090501,1,31102218,1,31090502,1)","0","100","(76991142,76991143,76991144,76991145)"
"157003063","1","20","90203962","91290632","1900","2200","(31020005,15,31010058,3,31000061,1)","570","0","5","(31090501,1,31102228,1,31090502,1)","0","100","(76991142,76991143,76991144,76991145)"
"157003064","1","20","90203963","91290633","2200","2500","(31020005,15,31010058,3,31000061,1)","660","0","5","(31090501,1,31102238,1,31090502,1)","0","100","(76991142,76991143,76991144,76991145)"
"157003065","1","20","90203964","91290634","2500","2800","(31020005,15,31010058,3,31000061,1)","750","0","5","(31090501,1,31102248,1,31090502,1)","0","100","(76991142,76991143,76991144,76991145)"
"157003066","1","20","90203965","91290635","2800","3200","(31100078,1,31020005,15,31010058,4,31000061,1)","840","90203635","5","(31090501,1,31102503,1,31090502,2)","39000079","80","(76991146,76991147,76991148,76991149)"
"157003067","1","20","90203966","91290636","3200","3600","(31100078,1,31020005,15,31010058,4,31000061,1)","960","0","5","(31090501,1,31102508,1,31090502,2)","39000079","80","(76991146,76991147,76991148,76991149)"
"157003068","1","20","90203967","91290637","3600","4000","(31100078,1,31020005,15,31010058,4,31000061,1)","1080","0","5","(31090501,1,31102513,1,31090502,2)","39000079","80","(76991146,76991147,76991148,76991149)"
"157003069","1","20","90203968","91290638","4000","4400","(31100078,1,31020005,15,31010058,4,31000061,1)","1200","0","5","(31090501,1,31102518,1,31090502,2)","39000079","80","(76991146,76991147,76991148,76991149)"
"157003070","1","20","90203969","91290639","4400","4800","(31100078,1,31020005,15,31010058,4,31000061,1)","1320","0","5","(31090501,1,31102523,1,31090502,2)","39000079","80","(76991146,76991147,76991148,76991149)"
"157003071","1","20","90203970","91290640","4800","5300","(31100079,1,31020005,21,31010058,5,31000061,1)","1440","90203636","5","(31090501,1,31102209,1,31090502,2)","39000080","65","(76991150,76991151,76991152,76991153)"
"157003072","1","20","90203971","91290641","5300","5800","(31100079,1,31020005,21,31010058,5,31000061,1)","1590","0","5","(31090501,1,31102219,1,31090502,2)","39000080","65","(76991150,76991151,76991152,76991153)"
"157003073","1","20","90203972","91290642","5800","6300","(31100079,1,31020005,21,31010058,5,31000061,1)","1740","0","5","(31090501,1,31102229,1,31090502,2)","39000080","65","(76991150,76991151,76991152,76991153)"
"157003074","1","20","90203973","91290643","6300","6800","(31100079,1,31020005,21,31010058,5,31000061,1)","1890","0","5","(31090501,1,31102239,1,31090502,2)","39000080","65","(76991150,76991151,76991152,76991153)"
"157003075","1","20","90203974","91290644","6800","7300","(31100079,1,31020005,21,31010058,5,31000061,1)","2040","0","5","(31090501,1,31102249,1,31090502,2)","39000080","65","(76991150,76991151,76991152,76991153)"
"157003076","1","20","90203975","91290645","7300","7900","(31100080,1,31020005,30,31010058,6,31000061,1)","2190","90203637","5","(31090501,1,31102504,1,31000166,3)","39000081","50","(76991154,76991155,76991156,76991157)"
"157003077","1","20","90203976","91290646","7900","8500","(31100080,1,31020005,30,31010058,6,31000061,1)","2370","0","5","(31090501,1,31102509,1,31000166,3)","39000081","50","(76991154,76991155,76991156,76991157)"
"157003078","1","20","90203977","91290647","8500","9200","(31100080,1,31020005,30,31010058,6,31000061,1)","2550","0","5","(31090501,1,31102514,1,31000166,3)","39000081","50","(76991154,76991155,76991156,76991157)"
"157003079","1","20","90203978","91290648","9200","10000","(31100080,1,31020005,30,31010058,6,31000061,1)","2760","0","5","(31090501,1,31102519,1,31000166,3)","39000081","50","(76991154,76991155,76991156,76991157)"
"157003080","1","20","90203979","91290649","10000","999999","(31100080,1,31020005,30,31010058,6,31000061,1)","3000","0","5","(31090501,1,31102524,1,31000166,3)","39000081","50","(76991154,76991155,76991156,76991157)"
"157003081","1","21","90203952","91290622","0","100","(31020005,6,31010058,1,31000061,1)","0","90203632","5","(31140133,1,31102501,1,31090502,1)","0","100","(76991134,76991135,76991136,76991137)"
"157003082","1","21","90203953","91290623","100","200","(31020005,6,31010058,1,31000061,1)","0","0","5","(31140133,1,31102511,1,31090502,1)","0","100","(76991134,76991135,76991136,76991137)"
"157003083","1","21","90203954","91290624","200","300","(31020005,6,31010058,1,31000061,1)","0","0","5","(31140133,1,31102521,1,31090502,1)","0","100","(76991134,76991135,76991136,76991137)"
"157003084","1","21","90203955","91290625","300","500","(31020005,9,31010058,2,31000061,1)","90","90203633","5","(31140134,1,31102502,1,31090502,1)","0","100","(76991138,76991139,76991140,76991141)"
"157003085","1","21","90203956","91290626","500","700","(31020005,9,31010058,2,31000061,1)","150","0","5","(31140134,1,31102507,1,31090502,1)","0","100","(76991138,76991139,76991140,76991141)"
"157003086","1","21","90203957","91290627","700","900","(31020005,9,31010058,2,31000061,1)","210","0","5","(31140134,1,31102512,1,31090502,1)","0","100","(76991138,76991139,76991140,76991141)"
"157003087","1","21","90203958","91290628","900","1100","(31020005,9,31010058,2,31000061,1)","270","0","5","(31140134,1,31102517,1,31090502,1)","0","100","(76991138,76991139,76991140,76991141)"
"157003088","1","21","90203959","91290629","1100","1300","(31020005,9,31010058,2,31000061,1)","330","0","5","(31140134,1,31102522,1,31090502,1)","0","100","(76991138,76991139,76991140,76991141)"
"157003089","1","21","90203960","91290630","1300","1600","(31020005,15,31010058,3,31000061,1)","390","90203634","5","(31090501,1,31102208,1,31090502,1)","0","100","(76991142,76991143,76991144,76991145)"
"157003090","1","21","90203961","91290631","1600","1900","(31020005,15,31010058,3,31000061,1)","480","0","5","(31090501,1,31102218,1,31090502,1)","0","100","(76991142,76991143,76991144,76991145)"
"157003091","1","21","90203962","91290632","1900","2200","(31020005,15,31010058,3,31000061,1)","570","0","5","(31090501,1,31102228,1,31090502,1)","0","100","(76991142,76991143,76991144,76991145)"
"157003092","1","21","90203963","91290633","2200","2500","(31020005,15,31010058,3,31000061,1)","660","0","5","(31090501,1,31102238,1,31090502,1)","0","100","(76991142,76991143,76991144,76991145)"
"157003093","1","21","90203964","91290634","2500","2800","(31020005,15,31010058,3,31000061,1)","750","0","5","(31090501,1,31102248,1,31090502,1)","0","100","(76991142,76991143,76991144,76991145)"
"157003094","1","21","90203965","91290635","2800","3200","(31100078,1,31020005,15,31010058,4,31000061,1)","840","90203635","5","(31090501,1,31102503,1,31090502,2)","39000079","80","(76991146,76991147,76991148,76991149)"
"157003095","1","21","90203966","91290636","3200","3600","(31100078,1,31020005,15,31010058,4,31000061,1)","960","0","5","(31090501,1,31102508,1,31090502,2)","39000079","80","(76991146,76991147,76991148,76991149)"
"157003096","1","21","90203967","91290637","3600","4000","(31100078,1,31020005,15,31010058,4,31000061,1)","1080","0","5","(31090501,1,31102513,1,31090502,2)","39000079","80","(76991146,76991147,76991148,76991149)"
"157003097","1","21","90203968","91290638","4000","4400","(31100078,1,31020005,15,31010058,4,31000061,1)","1200","0","5","(31090501,1,31102518,1,31090502,2)","39000079","80","(76991146,76991147,76991148,76991149)"
"157003098","1","21","90203969","91290639","4400","4800","(31100078,1,31020005,15,31010058,4,31000061,1)","1320","0","5","(31090501,1,31102523,1,31090502,2)","39000079","80","(76991146,76991147,76991148,76991149)"
"157003099","1","21","90203970","91290640","4800","5300","(31100079,1,31020005,21,31010058,5,31000061,1)","1440","90203636","5","(31090501,1,31102209,1,31090502,2)","39000080","65","(76991150,76991151,76991152,76991153)"
"157003100","1","21","90203971","91290641","5300","5800","(31100079,1,31020005,21,31010058,5,31000061,1)","1590","0","5","(31090501,1,31102219,1,31090502,2)","39000080","65","(76991150,76991151,76991152,76991153)"
"157003101","1","21","90203972","91290642","5800","6300","(31100079,1,31020005,21,31010058,5,31000061,1)","1740","0","5","(31090501,1,31102229,1,31090502,2)","39000080","65","(76991150,76991151,76991152,76991153)"
"157003102","1","21","90203973","91290643","6300","6800","(31100079,1,31020005,21,31010058,5,31000061,1)","1890","0","5","(31090501,1,31102239,1,31090502,2)","39000080","65","(76991150,76991151,76991152,76991153)"
"157003103","1","21","90203974","91290644","6800","7300","(31100079,1,31020005,21,31010058,5,31000061,1)","2040","0","5","(31090501,1,31102249,1,31090502,2)","39000080","65","(76991150,76991151,76991152,76991153)"
"157003104","1","21","90203975","91290645","7300","7900","(31100080,1,31020005,30,31010058,6,31000061,1)","2190","90203637","5","(31090501,1,31102504,1,31000166,3)","39000081","50","(76991154,76991155,76991156,76991157)"
"157003105","1","21","90203976","91290646","7900","8500","(31100080,1,31020005,30,31010058,6,31000061,1)","2370","0","5","(31090501,1,31102509,1,31000166,3)","39000081","50","(76991154,76991155,76991156,76991157)"
"157003106","1","21","90203977","91290647","8500","9200","(31100080,1,31020005,30,31010058,6,31000061,1)","2550","0","5","(31090501,1,31102514,1,31000166,3)","39000081","50","(76991154,76991155,76991156,76991157)"
"157003107","1","21","90203978","91290648","9200","10000","(31100080,1,31020005,30,31010058,6,31000061,1)","2760","0","5","(31090501,1,31102519,1,31000166,3)","39000081","50","(76991154,76991155,76991156,76991157)"
"157003108","1","21","90203979","91290649","10000","999999","(31100080,1,31020005,30,31010058,6,31000061,1)","3000","0","5","(31090501,1,31102524,1,31000166,3)","39000081","50","(76991154,76991155,76991156,76991157)"
"157003109","1","22","90203952","91290622","0","100","(31020005,6,31010058,1,31000061,1)","0","90203632","5","(31140133,1,31102501,1,31090502,1)","0","100","(76991134,76991135,76991136,76991137)"
"157003110","1","22","90203953","91290623","100","200","(31020005,6,31010058,1,31000061,1)","0","0","5","(31140133,1,31102511,1,31090502,1)","0","100","(76991134,76991135,76991136,76991137)"
"157003111","1","22","90203954","91290624","200","300","(31020005,6,31010058,1,31000061,1)","0","0","5","(31140133,1,31102521,1,31090502,1)","0","100","(76991134,76991135,76991136,76991137)"
"157003112","1","22","90203955","91290625","300","500","(31020005,9,31010058,2,31000061,1)","90","90203633","5","(31140134,1,31102502,1,31090502,1)","0","100","(76991138,76991139,76991140,76991141)"
"157003113","1","22","90203956","91290626","500","700","(31020005,9,31010058,2,31000061,1)","150","0","5","(31140134,1,31102507,1,31090502,1)","0","100","(76991138,76991139,76991140,76991141)"
"157003114","1","22","90203957","91290627","700","900","(31020005,9,31010058,2,31000061,1)","210","0","5","(31140134,1,31102512,1,31090502,1)","0","100","(76991138,76991139,76991140,76991141)"
"157003115","1","22","90203958","91290628","900","1100","(31020005,9,31010058,2,31000061,1)","270","0","5","(31140134,1,31102517,1,31090502,1)","0","100","(76991138,76991139,76991140,76991141)"
"157003116","1","22","90203959","91290629","1100","1300","(31020005,9,31010058,2,31000061,1)","330","0","5","(31140134,1,31102522,1,31090502,1)","0","100","(76991138,76991139,76991140,76991141)"
"157003117","1","22","90203960","91290630","1300","1600","(31020005,15,31010058,3,31000061,1)","390","90203634","5","(31090501,1,31102208,1,31090502,1)","0","100","(76991142,76991143,76991144,76991145)"
"157003118","1","22","90203961","91290631","1600","1900","(31020005,15,31010058,3,31000061,1)","480","0","5","(31090501,1,31102218,1,31090502,1)","0","100","(76991142,76991143,76991144,76991145)"
"157003119","1","22","90203962","91290632","1900","2200","(31020005,15,31010058,3,31000061,1)","570","0","5","(31090501,1,31102228,1,31090502,1)","0","100","(76991142,76991143,76991144,76991145)"
"157003120","1","22","90203963","91290633","2200","2500","(31020005,15,31010058,3,31000061,1)","660","0","5","(31090501,1,31102238,1,31090502,1)","0","100","(76991142,76991143,76991144,76991145)"
"157003121","1","22","90203964","91290634","2500","2800","(31020005,15,31010058,3,31000061,1)","750","0","5","(31090501,1,31102248,1,31090502,1)","0","100","(76991142,76991143,76991144,76991145)"
"157003122","1","22","90203965","91290635","2800","3200","(31100078,1,31020005,15,31010058,4,31000061,1)","840","90203635","5","(31090501,1,31102503,1,31090502,2)","39000079","80","(76991146,76991147,76991148,76991149)"
"157003123","1","22","90203966","91290636","3200","3600","(31100078,1,31020005,15,31010058,4,31000061,1)","960","0","5","(31090501,1,31102508,1,31090502,2)","39000079","80","(76991146,76991147,76991148,76991149)"
"157003124","1","22","90203967","91290637","3600","4000","(31100078,1,31020005,15,31010058,4,31000061,1)","1080","0","5","(31090501,1,31102513,1,31090502,2)","39000079","80","(76991146,76991147,76991148,76991149)"
"157003125","1","22","90203968","91290638","4000","4400","(31100078,1,31020005,15,31010058,4,31000061,1)","1200","0","5","(31090501,1,31102518,1,31090502,2)","39000079","80","(76991146,76991147,76991148,76991149)"
"157003126","1","22","90203969","91290639","4400","4800","(31100078,1,31020005,15,31010058,4,31000061,1)","1320","0","5","(31090501,1,31102523,1,31090502,2)","39000079","80","(76991146,76991147,76991148,76991149)"
"157003127","1","22","90203970","91290640","4800","5300","(31100079,1,31020005,21,31010058,5,31000061,1)","1440","90203636","5","(31090501,1,31102209,1,31090502,2)","39000080","65","(76991150,76991151,76991152,76991153)"
"157003128","1","22","90203971","91290641","5300","5800","(31100079,1,31020005,21,31010058,5,31000061,1)","1590","0","5","(31090501,1,31102219,1,31090502,2)","39000080","65","(76991150,76991151,76991152,76991153)"
"157003129","1","22","90203972","91290642","5800","6300","(31100079,1,31020005,21,31010058,5,31000061,1)","1740","0","5","(31090501,1,31102229,1,31090502,2)","39000080","65","(76991150,76991151,76991152,76991153)"
"157003130","1","22","90203973","91290643","6300","6800","(31100079,1,31020005,21,31010058,5,31000061,1)","1890","0","5","(31090501,1,31102239,1,31090502,2)","39000080","65","(76991150,76991151,76991152,76991153)"
"157003131","1","22","90203974","91290644","6800","7300","(31100079,1,31020005,21,31010058,5,31000061,1)","2040","0","5","(31090501,1,31102249,1,31090502,2)","39000080","65","(76991150,76991151,76991152,76991153)"
"157003132","1","22","90203975","91290645","7300","7900","(31100080,1,31020005,30,31010058,6,31000061,1)","2190","90203637","5","(31090501,1,31102504,1,31000166,3)","39000081","50","(76991154,76991155,76991156,76991157)"
"157003133","1","22","90203976","91290646","7900","8500","(31100080,1,31020005,30,31010058,6,31000061,1)","2370","0","5","(31090501,1,31102509,1,31000166,3)","39000081","50","(76991154,76991155,76991156,76991157)"
"157003134","1","22","90203977","91290647","8500","9200","(31100080,1,31020005,30,31010058,6,31000061,1)","2550","0","5","(31090501,1,31102514,1,31000166,3)","39000081","50","(76991154,76991155,76991156,76991157)"
"157003135","1","22","90203978","91290648","9200","10000","(31100080,1,31020005,30,31010058,6,31000061,1)","2760","0","5","(31090501,1,31102519,1,31000166,3)","39000081","50","(76991154,76991155,76991156,76991157)"
"157003136","1","22","90203979","91290649","10000","999999","(31100080,1,31020005,30,31010058,6,31000061,1)","3000","0","5","(31090501,1,31102524,1,31000166,3)","39000081","50","(76991154,76991155,76991156,76991157)"
"157003137","1","23","90203952","91290622","0","100","(31020005,6,31010058,1,31000061,1)","0","90203632","5","(31140133,1,31102501,1,31090502,1)","0","100","(76991134,76991135,76991136,76991137)"
"157003138","1","23","90203953","91290623","100","200","(31020005,6,31010058,1,31000061,1)","0","0","5","(31140133,1,31102511,1,31090502,1)","0","100","(76991134,76991135,76991136,76991137)"
"157003139","1","23","90203954","91290624","200","300","(31020005,6,31010058,1,31000061,1)","0","0","5","(31140133,1,31102521,1,31090502,1)","0","100","(76991134,76991135,76991136,76991137)"
"157003140","1","23","90203955","91290625","300","500","(31020005,9,31010058,2,31000061,1)","90","90203633","5","(31140134,1,31102502,1,31090502,1)","0","100","(76991138,76991139,76991140,76991141)"
"157003141","1","23","90203956","91290626","500","700","(31020005,9,31010058,2,31000061,1)","150","0","5","(31140134,1,31102507,1,31090502,1)","0","100","(76991138,76991139,76991140,76991141)"
"157003142","1","23","90203957","91290627","700","900","(31020005,9,31010058,2,31000061,1)","210","0","5","(31140134,1,31102512,1,31090502,1)","0","100","(76991138,76991139,76991140,76991141)"
"157003143","1","23","90203958","91290628","900","1100","(31020005,9,31010058,2,31000061,1)","270","0","5","(31140134,1,31102517,1,31090502,1)","0","100","(76991138,76991139,76991140,76991141)"
"157003144","1","23","90203959","91290629","1100","1300","(31020005,9,31010058,2,31000061,1)","330","0","5","(31140134,1,31102522,1,31090502,1)","0","100","(76991138,76991139,76991140,76991141)"
"157003145","1","23","90203960","91290630","1300","1600","(31020005,15,31010058,3,31000061,1)","390","90203634","5","(31090501,1,31102208,1,31090502,1)","0","100","(76991142,76991143,76991144,76991145)"
"157003146","1","23","90203961","91290631","1600","1900","(31020005,15,31010058,3,31000061,1)","480","0","5","(31090501,1,31102218,1,31090502,1)","0","100","(76991142,76991143,76991144,76991145)"
"157003147","1","23","90203962","91290632","1900","2200","(31020005,15,31010058,3,31000061,1)","570","0","5","(31090501,1,31102228,1,31090502,1)","0","100","(76991142,76991143,76991144,76991145)"
"157003148","1","23","90203963","91290633","2200","2500","(31020005,15,31010058,3,31000061,1)","660","0","5","(31090501,1,31102238,1,31090502,1)","0","100","(76991142,76991143,76991144,76991145)"
"157003149","1","23","90203964","91290634","2500","2800","(31020005,15,31010058,3,31000061,1)","750","0","5","(31090501,1,31102248,1,31090502,1)","0","100","(76991142,76991143,76991144,76991145)"
"157003150","1","23","90203965","91290635","2800","3200","(31100078,1,31020005,15,31010058,4,31000061,1)","840","90203635","5","(31090501,1,31102503,1,31090502,2)","39000079","80","(76991146,76991147,76991148,76991149)"
"157003151","1","23","90203966","91290636","3200","3600","(31100078,1,31020005,15,31010058,4,31000061,1)","960","0","5","(31090501,1,31102508,1,31090502,2)","39000079","80","(76991146,76991147,76991148,76991149)"
"157003152","1","23","90203967","91290637","3600","4000","(31100078,1,31020005,15,31010058,4,31000061,1)","1080","0","5","(31090501,1,31102513,1,31090502,2)","39000079","80","(76991146,76991147,76991148,76991149)"
"157003153","1","23","90203968","91290638","4000","4400","(31100078,1,31020005,15,31010058,4,31000061,1)","1200","0","5","(31090501,1,31102518,1,31090502,2)","39000079","80","(76991146,76991147,76991148,76991149)"
"157003154","1","23","90203969","91290639","4400","4800","(31100078,1,31020005,15,31010058,4,31000061,1)","1320","0","5","(31090501,1,31102523,1,31090502,2)","39000079","80","(76991146,76991147,76991148,76991149)"
"157003155","1","23","90203970","91290640","4800","5300","(31100079,1,31020005,21,31010058,5,31000061,1)","1440","90203636","5","(31090501,1,31102209,1,31090502,2)","39000080","65","(76991150,76991151,76991152,76991153)"
"157003156","1","23","90203971","91290641","5300","5800","(31100079,1,31020005,21,31010058,5,31000061,1)","1590","0","5","(31090501,1,31102219,1,31090502,2)","39000080","65","(76991150,76991151,76991152,76991153)"
"157003157","1","23","90203972","91290642","5800","6300","(31100079,1,31020005,21,31010058,5,31000061,1)","1740","0","5","(31090501,1,31102229,1,31090502,2)","39000080","65","(76991150,76991151,76991152,76991153)"
"157003158","1","23","90203973","91290643","6300","6800","(31100079,1,31020005,21,31010058,5,31000061,1)","1890","0","5","(31090501,1,31102239,1,31090502,2)","39000080","65","(76991150,76991151,76991152,76991153)"
"157003159","1","23","90203974","91290644","6800","7300","(31100079,1,31020005,21,31010058,5,31000061,1)","2040","0","5","(31090501,1,31102249,1,31090502,2)","39000080","65","(76991150,76991151,76991152,76991153)"
"157003160","1","23","90203975","91290645","7300","7900","(31100080,1,31020005,30,31010058,6,31000061,1)","2190","90203637","5","(31090501,1,31102504,1,31000166,3)","39000081","50","(76991154,76991155,76991156,76991157)"
"157003161","1","23","90203976","91290646","7900","8500","(31100080,1,31020005,30,31010058,6,31000061,1)","2370","0","5","(31090501,1,31102509,1,31000166,3)","39000081","50","(76991154,76991155,76991156,76991157)"
"157003162","1","23","90203977","91290647","8500","9200","(31100080,1,31020005,30,31010058,6,31000061,1)","2550","0","5","(31090501,1,31102514,1,31000166,3)","39000081","50","(76991154,76991155,76991156,76991157)"
"157003163","1","23","90203978","91290648","9200","10000","(31100080,1,31020005,30,31010058,6,31000061,1)","2760","0","5","(31090501,1,31102519,1,31000166,3)","39000081","50","(76991154,76991155,76991156,76991157)"
"157003164","1","23","90203979","91290649","10000","999999","(31100080,1,31020005,30,31010058,6,31000061,1)","3000","0","5","(31090501,1,31102524,1,31000166,3)","39000081","50","(76991154,76991155,76991156,76991157)"
"157003165","1","24","90203952","91290622","0","100","(31020005,6,31010058,1,31000061,1)","0","90203632","5","(31140133,1,31102501,1,31090502,1)","0","100","(76991134,76991135,76991136,76991137)"
"157003166","1","24","90203953","91290623","100","200","(31020005,6,31010058,1,31000061,1)","0","0","5","(31140133,1,31102511,1,31090502,1)","0","100","(76991134,76991135,76991136,76991137)"
"157003167","1","24","90203954","91290624","200","300","(31020005,6,31010058,1,31000061,1)","0","0","5","(31140133,1,31102521,1,31090502,1)","0","100","(76991134,76991135,76991136,76991137)"
"157003168","1","24","90203955","91290625","300","500","(31020005,9,31010058,2,31000061,1)","90","90203633","5","(31140134,1,31102502,1,31090502,1)","0","100","(76991138,76991139,76991140,76991141)"
"157003169","1","24","90203956","91290626","500","700","(31020005,9,31010058,2,31000061,1)","150","0","5","(31140134,1,31102507,1,31090502,1)","0","100","(76991138,76991139,76991140,76991141)"
"157003170","1","24","90203957","91290627","700","900","(31020005,9,31010058,2,31000061,1)","210","0","5","(31140134,1,31102512,1,31090502,1)","0","100","(76991138,76991139,76991140,76991141)"
"157003171","1","24","90203958","91290628","900","1100","(31020005,9,31010058,2,31000061,1)","270","0","5","(31140134,1,31102517,1,31090502,1)","0","100","(76991138,76991139,76991140,76991141)"
"157003172","1","24","90203959","91290629","1100","1300","(31020005,9,31010058,2,31000061,1)","330","0","5","(31140134,1,31102522,1,31090502,1)","0","100","(76991138,76991139,76991140,76991141)"
"157003173","1","24","90203960","91290630","1300","1600","(31020005,15,31010058,3,31000061,1)","390","90203634","5","(31090501,1,31102208,1,31090502,1)","0","100","(76991142,76991143,76991144,76991145)"
"157003174","1","24","90203961","91290631","1600","1900","(31020005,15,31010058,3,31000061,1)","480","0","5","(31090501,1,31102218,1,31090502,1)","0","100","(76991142,76991143,76991144,76991145)"
"157003175","1","24","90203962","91290632","1900","2200","(31020005,15,31010058,3,31000061,1)","570","0","5","(31090501,1,31102228,1,31090502,1)","0","100","(76991142,76991143,76991144,76991145)"
"157003176","1","24","90203963","91290633","2200","2500","(31020005,15,31010058,3,31000061,1)","660","0","5","(31090501,1,31102238,1,31090502,1)","0","100","(76991142,76991143,76991144,76991145)"
"157003177","1","24","90203964","91290634","2500","2800","(31020005,15,31010058,3,31000061,1)","750","0","5","(31090501,1,31102248,1,31090502,1)","0","100","(76991142,76991143,76991144,76991145)"
"157003178","1","24","90203965","91290635","2800","3200","(31100078,1,31020005,15,31010058,4,31000061,1)","840","90203635","5","(31090501,1,31102503,1,31090502,2)","39000079","80","(76991146,76991147,76991148,76991149)"
"157003179","1","24","90203966","91290636","3200","3600","(31100078,1,31020005,15,31010058,4,31000061,1)","960","0","5","(31090501,1,31102508,1,31090502,2)","39000079","80","(76991146,76991147,76991148,76991149)"
"157003180","1","24","90203967","91290637","3600","4000","(31100078,1,31020005,15,31010058,4,31000061,1)","1080","0","5","(31090501,1,31102513,1,31090502,2)","39000079","80","(76991146,76991147,76991148,76991149)"
"157003181","1","24","90203968","91290638","4000","4400","(31100078,1,31020005,15,31010058,4,31000061,1)","1200","0","5","(31090501,1,31102518,1,31090502,2)","39000079","80","(76991146,76991147,76991148,76991149)"
"157003182","1","24","90203969","91290639","4400","4800","(31100078,1,31020005,15,31010058,4,31000061,1)","1320","0","5","(31090501,1,31102523,1,31090502,2)","39000079","80","(76991146,76991147,76991148,76991149)"
"157003183","1","24","90203970","91290640","4800","5300","(31100079,1,31020005,21,31010058,5,31000061,1)","1440","90203636","5","(31090501,1,31102209,1,31090502,2)","39000080","65","(76991150,76991151,76991152,76991153)"
"157003184","1","24","90203971","91290641","5300","5800","(31100079,1,31020005,21,31010058,5,31000061,1)","1590","0","5","(31090501,1,31102219,1,31090502,2)","39000080","65","(76991150,76991151,76991152,76991153)"
"157003185","1","24","90203972","91290642","5800","6300","(31100079,1,31020005,21,31010058,5,31000061,1)","1740","0","5","(31090501,1,31102229,1,31090502,2)","39000080","65","(76991150,76991151,76991152,76991153)"
"157003186","1","24","90203973","91290643","6300","6800","(31100079,1,31020005,21,31010058,5,31000061,1)","1890","0","5","(31090501,1,31102239,1,31090502,2)","39000080","65","(76991150,76991151,76991152,76991153)"
"157003187","1","24","90203974","91290644","6800","7300","(31100079,1,31020005,21,31010058,5,31000061,1)","2040","0","5","(31090501,1,31102249,1,31090502,2)","39000080","65","(76991150,76991151,76991152,76991153)"
"157003188","1","24","90203975","91290645","7300","7900","(31100080,1,31020005,30,31010058,6,31000061,1)","2190","90203637","5","(31090501,1,31102504,1,31000166,3)","39000081","50","(76991154,76991155,76991156,76991157)"
"157003189","1","24","90203976","91290646","7900","8500","(31100080,1,31020005,30,31010058,6,31000061,1)","2370","0","5","(31090501,1,31102509,1,31000166,3)","39000081","50","(76991154,76991155,76991156,76991157)"
"157003190","1","24","90203977","91290647","8500","9200","(31100080,1,31020005,30,31010058,6,31000061,1)","2550","0","5","(31090501,1,31102514,1,31000166,3)","39000081","50","(76991154,76991155,76991156,76991157)"
"157003191","1","24","90203978","91290648","9200","10000","(31100080,1,31020005,30,31010058,6,31000061,1)","2760","0","5","(31090501,1,31102519,1,31000166,3)","39000081","50","(76991154,76991155,76991156,76991157)"
"157003192","1","24","90203979","91290649","10000","999999","(31100080,1,31020005,30,31010058,6,31000061,1)","3000","0","5","(31090501,1,31102524,1,31000166,3)","39000081","50","(76991154,76991155,76991156,76991157)"
"157003193","1","25","90203952","91290622","0","100","(31020005,6,31010058,1,31000061,1)","0","90203632","5","(31140133,1,31102501,1,31090502,1)","0","100","(76991134,76991135,76991136,76991137)"
"157003194","1","25","90203953","91290623","100","200","(31020005,6,31010058,1,31000061,1)","0","0","5","(31140133,1,31102511,1,31090502,1)","0","100","(76991134,76991135,76991136,76991137)"
"157003195","1","25","90203954","91290624","200","300","(31020005,6,31010058,1,31000061,1)","0","0","5","(31140133,1,31102521,1,31090502,1)","0","100","(76991134,76991135,76991136,76991137)"
"157003196","1","25","90203955","91290625","300","500","(31020005,9,31010058,2,31000061,1)","90","90203633","5","(31140134,1,31102502,1,31090502,1)","0","100","(76991138,76991139,76991140,76991141)"
"157003197","1","25","90203956","91290626","500","700","(31020005,9,31010058,2,31000061,1)","150","0","5","(31140134,1,31102507,1,31090502,1)","0","100","(76991138,76991139,76991140,76991141)"
"157003198","1","25","90203957","91290627","700","900","(31020005,9,31010058,2,31000061,1)","210","0","5","(31140134,1,31102512,1,31090502,1)","0","100","(76991138,76991139,76991140,76991141)"
"157003199","1","25","90203958","91290628","900","1100","(31020005,9,31010058,2,31000061,1)","270","0","5","(31140134,1,31102517,1,31090502,1)","0","100","(76991138,76991139,76991140,76991141)"
"157003200","1","25","90203959","91290629","1100","1300","(31020005,9,31010058,2,31000061,1)","330","0","5","(31140134,1,31102522,1,31090502,1)","0","100","(76991138,76991139,76991140,76991141)"
"157003201","1","25","90203960","91290630","1300","1600","(31020005,15,31010058,3,31000061,1)","390","90203634","5","(31090501,1,31102208,1,31090502,1)","0","100","(76991142,76991143,76991144,76991145)"
"157003202","1","25","90203961","91290631","1600","1900","(31020005,15,31010058,3,31000061,1)","480","0","5","(31090501,1,31102218,1,31090502,1)","0","100","(76991142,76991143,76991144,76991145)"
"157003203","1","25","90203962","91290632","1900","2200","(31020005,15,31010058,3,31000061,1)","570","0","5","(31090501,1,31102228,1,31090502,1)","0","100","(76991142,76991143,76991144,76991145)"
"157003204","1","25","90203963","91290633","2200","2500","(31020005,15,31010058,3,31000061,1)","660","0","5","(31090501,1,31102238,1,31090502,1)","0","100","(76991142,76991143,76991144,76991145)"
"157003205","1","25","90203964","91290634","2500","2800","(31020005,15,31010058,3,31000061,1)","750","0","5","(31090501,1,31102248,1,31090502,1)","0","100","(76991142,76991143,76991144,76991145)"
"157003206","1","25","90203965","91290635","2800","3200","(31100078,1,31020005,15,31010058,4,31000061,1)","840","90203635","5","(31090501,1,31102503,1,31090502,2)","39000079","80","(76991146,76991147,76991148,76991149)"
"157003207","1","25","90203966","91290636","3200","3600","(31100078,1,31020005,15,31010058,4,31000061,1)","960","0","5","(31090501,1,31102508,1,31090502,2)","39000079","80","(76991146,76991147,76991148,76991149)"
"157003208","1","25","90203967","91290637","3600","4000","(31100078,1,31020005,15,31010058,4,31000061,1)","1080","0","5","(31090501,1,31102513,1,31090502,2)","39000079","80","(76991146,76991147,76991148,76991149)"
"157003209","1","25","90203968","91290638","4000","4400","(31100078,1,31020005,15,31010058,4,31000061,1)","1200","0","5","(31090501,1,31102518,1,31090502,2)","39000079","80","(76991146,76991147,76991148,76991149)"
"157003210","1","25","90203969","91290639","4400","4800","(31100078,1,31020005,15,31010058,4,31000061,1)","1320","0","5","(31090501,1,31102523,1,31090502,2)","39000079","80","(76991146,76991147,76991148,76991149)"
"157003211","1","25","90203970","91290640","4800","5300","(31100079,1,31020005,21,31010058,5,31000061,1)","1440","90203636","5","(31090501,1,31102209,1,31090502,2)","39000080","65","(76991150,76991151,76991152,76991153)"
"157003212","1","25","90203971","91290641","5300","5800","(31100079,1,31020005,21,31010058,5,31000061,1)","1590","0","5","(31090501,1,31102219,1,31090502,2)","39000080","65","(76991150,76991151,76991152,76991153)"
"157003213","1","25","90203972","91290642","5800","6300","(31100079,1,31020005,21,31010058,5,31000061,1)","1740","0","5","(31090501,1,31102229,1,31090502,2)","39000080","65","(76991150,76991151,76991152,76991153)"
"157003214","1","25","90203973","91290643","6300","6800","(31100079,1,31020005,21,31010058,5,31000061,1)","1890","0","5","(31090501,1,31102239,1,31090502,2)","39000080","65","(76991150,76991151,76991152,76991153)"
"157003215","1","25","90203974","91290644","6800","7300","(31100079,1,31020005,21,31010058,5,31000061,1)","2040","0","5","(31090501,1,31102249,1,31090502,2)","39000080","65","(76991150,76991151,76991152,76991153)"
"157003216","1","25","90203975","91290645","7300","7900","(31100080,1,31020005,30,31010058,6,31000061,1)","2190","90203637","5","(31090501,1,31102504,1,31000166,3)","39000081","50","(76991154,76991155,76991156,76991157)"
"157003217","1","25","90203976","91290646","7900","8500","(31100080,1,31020005,30,31010058,6,31000061,1)","2370","0","5","(31090501,1,31102509,1,31000166,3)","39000081","50","(76991154,76991155,76991156,76991157)"
"157003218","1","25","90203977","91290647","8500","9200","(31100080,1,31020005,30,31010058,6,31000061,1)","2550","0","5","(31090501,1,31102514,1,31000166,3)","39000081","50","(76991154,76991155,76991156,76991157)"
"157003219","1","25","90203978","91290648","9200","10000","(31100080,1,31020005,30,31010058,6,31000061,1)","2760","0","5","(31090501,1,31102519,1,31000166,3)","39000081","50","(76991154,76991155,76991156,76991157)"
"157003220","1","25","90203979","91290649","10000","999999","(31100080,1,31020005,30,31010058,6,31000061,1)","3000","0","5","(31090501,1,31102524,1,31000166,3)","39000081","50","(76991154,76991155,76991156,76991157)"
"157003221","1","26","90203952","91290622","0","100","(31020005,6,31010058,1,31000061,1)","0","90203632","5","(31140133,1,31102501,1,31090502,1)","0","100","(76991134,76991135,76991136,76991137)"
"157003222","1","26","90203953","91290623","100","200","(31020005,6,31010058,1,31000061,1)","0","0","5","(31140133,1,31102511,1,31090502,1)","0","100","(76991134,76991135,76991136,76991137)"
"157003223","1","26","90203954","91290624","200","300","(31020005,6,31010058,1,31000061,1)","0","0","5","(31140133,1,31102521,1,31090502,1)","0","100","(76991134,76991135,76991136,76991137)"
"157003224","1","26","90203955","91290625","300","500","(31020005,9,31010058,2,31000061,1)","90","90203633","5","(31140134,1,31102502,1,31090502,1)","0","100","(76991138,76991139,76991140,76991141)"
"157003225","1","26","90203956","91290626","500","700","(31020005,9,31010058,2,31000061,1)","150","0","5","(31140134,1,31102507,1,31090502,1)","0","100","(76991138,76991139,76991140,76991141)"
"157003226","1","26","90203957","91290627","700","900","(31020005,9,31010058,2,31000061,1)","210","0","5","(31140134,1,31102512,1,31090502,1)","0","100","(76991138,76991139,76991140,76991141)"
"157003227","1","26","90203958","91290628","900","1100","(31020005,9,31010058,2,31000061,1)","270","0","5","(31140134,1,31102517,1,31090502,1)","0","100","(76991138,76991139,76991140,76991141)"
"157003228","1","26","90203959","91290629","1100","1300","(31020005,9,31010058,2,31000061,1)","330","0","5","(31140134,1,31102522,1,31090502,1)","0","100","(76991138,76991139,76991140,76991141)"
"157003229","1","26","90203960","91290630","1300","1600","(31020005,15,31010058,3,31000061,1)","390","90203634","5","(31090501,1,31102208,1,31090502,1)","0","100","(76991142,76991143,76991144,76991145)"
"157003230","1","26","90203961","91290631","1600","1900","(31020005,15,31010058,3,31000061,1)","480","0","5","(31090501,1,31102218,1,31090502,1)","0","100","(76991142,76991143,76991144,76991145)"
"157003231","1","26","90203962","91290632","1900","2200","(31020005,15,31010058,3,31000061,1)","570","0","5","(31090501,1,31102228,1,31090502,1)","0","100","(76991142,76991143,76991144,76991145)"
"157003232","1","26","90203963","91290633","2200","2500","(31020005,15,31010058,3,31000061,1)","660","0","5","(31090501,1,31102238,1,31090502,1)","0","100","(76991142,76991143,76991144,76991145)"
"157003233","1","26","90203964","91290634","2500","2800","(31020005,15,31010058,3,31000061,1)","750","0","5","(31090501,1,31102248,1,31090502,1)","0","100","(76991142,76991143,76991144,76991145)"
"157003234","1","26","90203965","91290635","2800","3200","(31100078,1,31020005,15,31010058,4,31000061,1)","840","90203635","5","(31090501,1,31102503,1,31090502,2)","39000079","80","(76991146,76991147,76991148,76991149)"
"157003235","1","26","90203966","91290636","3200","3600","(31100078,1,31020005,15,31010058,4,31000061,1)","960","0","5","(31090501,1,31102508,1,31090502,2)","39000079","80","(76991146,76991147,76991148,76991149)"
"157003236","1","26","90203967","91290637","3600","4000","(31100078,1,31020005,15,31010058,4,31000061,1)","1080","0","5","(31090501,1,31102513,1,31090502,2)","39000079","80","(76991146,76991147,76991148,76991149)"
"157003237","1","26","90203968","91290638","4000","4400","(31100078,1,31020005,15,31010058,4,31000061,1)","1200","0","5","(31090501,1,31102518,1,31090502,2)","39000079","80","(76991146,76991147,76991148,76991149)"
"157003238","1","26","90203969","91290639","4400","4800","(31100078,1,31020005,15,31010058,4,31000061,1)","1320","0","5","(31090501,1,31102523,1,31090502,2)","39000079","80","(76991146,76991147,76991148,76991149)"
"157003239","1","26","90203970","91290640","4800","5300","(31100079,1,31020005,21,31010058,5,31000061,1)","1440","90203636","5","(31090501,1,31102209,1,31090502,2)","39000080","65","(76991150,76991151,76991152,76991153)"
"157003240","1","26","90203971","91290641","5300","5800","(31100079,1,31020005,21,31010058,5,31000061,1)","1590","0","5","(31090501,1,31102219,1,31090502,2)","39000080","65","(76991150,76991151,76991152,76991153)"
"157003241","1","26","90203972","91290642","5800","6300","(31100079,1,31020005,21,31010058,5,31000061,1)","1740","0","5","(31090501,1,31102229,1,31090502,2)","39000080","65","(76991150,76991151,76991152,76991153)"
"157003242","1","26","90203973","91290643","6300","6800","(31100079,1,31020005,21,31010058,5,31000061,1)","1890","0","5","(31090501,1,31102239,1,31090502,2)","39000080","65","(76991150,76991151,76991152,76991153)"
"157003243","1","26","90203974","91290644","6800","7300","(31100079,1,31020005,21,31010058,5,31000061,1)","2040","0","5","(31090501,1,31102249,1,31090502,2)","39000080","65","(76991150,76991151,76991152,76991153)"
"157003244","1","26","90203975","91290645","7300","7900","(31100080,1,31020005,30,31010058,6,31000061,1)","2190","90203637","5","(31090501,1,31102504,1,31000166,3)","39000081","50","(76991154,76991155,76991156,76991157)"
"157003245","1","26","90203976","91290646","7900","8500","(31100080,1,31020005,30,31010058,6,31000061,1)","2370","0","5","(31090501,1,31102509,1,31000166,3)","39000081","50","(76991154,76991155,76991156,76991157)"
"157003246","1","26","90203977","91290647","8500","9200","(31100080,1,31020005,30,31010058,6,31000061,1)","2550","0","5","(31090501,1,31102514,1,31000166,3)","39000081","50","(76991154,76991155,76991156,76991157)"
"157003247","1","26","90203978","91290648","9200","10000","(31100080,1,31020005,30,31010058,6,31000061,1)","2760","0","5","(31090501,1,31102519,1,31000166,3)","39000081","50","(76991154,76991155,76991156,76991157)"
"157003248","1","26","90203979","91290649","10000","999999","(31100080,1,31020005,30,31010058,6,31000061,1)","3000","0","5","(31090501,1,31102524,1,31000166,3)","39000081","50","(76991154,76991155,76991156,76991157)"
"157003249","1","27","90203952","91290622","0","100","(31020005,6,31010058,1,31000061,1)","0","90203632","5","(31140133,1,31102501,1,31090502,1)","0","100","(76991134,76991135,76991136,76991137)"
"157003250","1","27","90203953","91290623","100","200","(31020005,6,31010058,1,31000061,1)","0","0","5","(31140133,1,31102511,1,31090502,1)","0","100","(76991134,76991135,76991136,76991137)"
"157003251","1","27","90203954","91290624","200","300","(31020005,6,31010058,1,31000061,1)","0","0","5","(31140133,1,31102521,1,31090502,1)","0","100","(76991134,76991135,76991136,76991137)"
"157003252","1","27","90203955","91290625","300","500","(31020005,9,31010058,2,31000061,1)","90","90203633","5","(31140134,1,31102502,1,31090502,1)","0","100","(76991138,76991139,76991140,76991141)"
"157003253","1","27","90203956","91290626","500","700","(31020005,9,31010058,2,31000061,1)","150","0","5","(31140134,1,31102507,1,31090502,1)","0","100","(76991138,76991139,76991140,76991141)"
"157003254","1","27","90203957","91290627","700","900","(31020005,9,31010058,2,31000061,1)","210","0","5","(31140134,1,31102512,1,31090502,1)","0","100","(76991138,76991139,76991140,76991141)"
"157003255","1","27","90203958","91290628","900","1100","(31020005,9,31010058,2,31000061,1)","270","0","5","(31140134,1,31102517,1,31090502,1)","0","100","(76991138,76991139,76991140,76991141)"
"157003256","1","27","90203959","91290629","1100","1300","(31020005,9,31010058,2,31000061,1)","330","0","5","(31140134,1,31102522,1,31090502,1)","0","100","(76991138,76991139,76991140,76991141)"
"157003257","1","27","90203960","91290630","1300","1600","(31020005,15,31010058,3,31000061,1)","390","90203634","5","(31090501,1,31102208,1,31090502,1)","0","100","(76991142,76991143,76991144,76991145)"
"157003258","1","27","90203961","91290631","1600","1900","(31020005,15,31010058,3,31000061,1)","480","0","5","(31090501,1,31102218,1,31090502,1)","0","100","(76991142,76991143,76991144,76991145)"
"157003259","1","27","90203962","91290632","1900","2200","(31020005,15,31010058,3,31000061,1)","570","0","5","(31090501,1,31102228,1,31090502,1)","0","100","(76991142,76991143,76991144,76991145)"
"157003260","1","27","90203963","91290633","2200","2500","(31020005,15,31010058,3,31000061,1)","660","0","5","(31090501,1,31102238,1,31090502,1)","0","100","(76991142,76991143,76991144,76991145)"
"157003261","1","27","90203964","91290634","2500","2800","(31020005,15,31010058,3,31000061,1)","750","0","5","(31090501,1,31102248,1,31090502,1)","0","100","(76991142,76991143,76991144,76991145)"
"157003262","1","27","90203965","91290635","2800","3200","(31100078,1,31020005,15,31010058,4,31000061,1)","840","90203635","5","(31090501,1,31102503,1,31090502,2)","39000079","80","(76991146,76991147,76991148,76991149)"
"157003263","1","27","90203966","91290636","3200","3600","(31100078,1,31020005,15,31010058,4,31000061,1)","960","0","5","(31090501,1,31102508,1,31090502,2)","39000079","80","(76991146,76991147,76991148,76991149)"
"157003264","1","27","90203967","91290637","3600","4000","(31100078,1,31020005,15,31010058,4,31000061,1)","1080","0","5","(31090501,1,31102513,1,31090502,2)","39000079","80","(76991146,76991147,76991148,76991149)"
"157003265","1","27","90203968","91290638","4000","4400","(31100078,1,31020005,15,31010058,4,31000061,1)","1200","0","5","(31090501,1,31102518,1,31090502,2)","39000079","80","(76991146,76991147,76991148,76991149)"
"157003266","1","27","90203969","91290639","4400","4800","(31100078,1,31020005,15,31010058,4,31000061,1)","1320","0","5","(31090501,1,31102523,1,31090502,2)","39000079","80","(76991146,76991147,76991148,76991149)"
"157003267","1","27","90203970","91290640","4800","5300","(31100079,1,31020005,21,31010058,5,31000061,1)","1440","90203636","5","(31090501,1,31102209,1,31090502,2)","39000080","65","(76991150,76991151,76991152,76991153)"
"157003268","1","27","90203971","91290641","5300","5800","(31100079,1,31020005,21,31010058,5,31000061,1)","1590","0","5","(31090501,1,31102219,1,31090502,2)","39000080","65","(76991150,76991151,76991152,76991153)"
"157003269","1","27","90203972","91290642","5800","6300","(31100079,1,31020005,21,31010058,5,31000061,1)","1740","0","5","(31090501,1,31102229,1,31090502,2)","39000080","65","(76991150,76991151,76991152,76991153)"
"157003270","1","27","90203973","91290643","6300","6800","(31100079,1,31020005,21,31010058,5,31000061,1)","1890","0","5","(31090501,1,31102239,1,31090502,2)","39000080","65","(76991150,76991151,76991152,76991153)"
"157003271","1","27","90203974","91290644","6800","7300","(31100079,1,31020005,21,31010058,5,31000061,1)","2040","0","5","(31090501,1,31102249,1,31090502,2)","39000080","65","(76991150,76991151,76991152,76991153)"
"157003272","1","27","90203975","91290645","7300","7900","(31100080,1,31020005,30,31010058,6,31000061,1)","2190","90203637","5","(31090501,1,31102504,1,31000166,3)","39000081","50","(76991154,76991155,76991156,76991157)"
"157003273","1","27","90203976","91290646","7900","8500","(31100080,1,31020005,30,31010058,6,31000061,1)","2370","0","5","(31090501,1,31102509,1,31000166,3)","39000081","50","(76991154,76991155,76991156,76991157)"
"157003274","1","27","90203977","91290647","8500","9200","(31100080,1,31020005,30,31010058,6,31000061,1)","2550","0","5","(31090501,1,31102514,1,31000166,3)","39000081","50","(76991154,76991155,76991156,76991157)"
"157003275","1","27","90203978","91290648","9200","10000","(31100080,1,31020005,30,31010058,6,31000061,1)","2760","0","5","(31090501,1,31102519,1,31000166,3)","39000081","50","(76991154,76991155,76991156,76991157)"
"157003276","1","27","90203979","91290649","10000","999999","(31100080,1,31020005,30,31010058,6,31000061,1)","3000","0","5","(31090501,1,31102524,1,31000166,3)","39000081","50","(76991154,76991155,76991156,76991157)"
"157003277","1","28","90203952","91290622","0","100","(31020005,6,31010058,1,31000061,1)","0","90203632","5","(31140133,1,31102501,1,31090502,1)","0","100","(76991134,76991135,76991136,76991137)"
"157003278","1","28","90203953","91290623","100","200","(31020005,6,31010058,1,31000061,1)","0","0","5","(31140133,1,31102511,1,31090502,1)","0","100","(76991134,76991135,76991136,76991137)"
"157003279","1","28","90203954","91290624","200","300","(31020005,6,31010058,1,31000061,1)","0","0","5","(31140133,1,31102521,1,31090502,1)","0","100","(76991134,76991135,76991136,76991137)"
"157003280","1","28","90203955","91290625","300","500","(31020005,9,31010058,2,31000061,1)","90","90203633","5","(31140134,1,31102502,1,31090502,1)","0","100","(76991138,76991139,76991140,76991141)"
"157003281","1","28","90203956","91290626","500","700","(31020005,9,31010058,2,31000061,1)","150","0","5","(31140134,1,31102507,1,31090502,1)","0","100","(76991138,76991139,76991140,76991141)"
"157003282","1","28","90203957","91290627","700","900","(31020005,9,31010058,2,31000061,1)","210","0","5","(31140134,1,31102512,1,31090502,1)","0","100","(76991138,76991139,76991140,76991141)"
"157003283","1","28","90203958","91290628","900","1100","(31020005,9,31010058,2,31000061,1)","270","0","5","(31140134,1,31102517,1,31090502,1)","0","100","(76991138,76991139,76991140,76991141)"
"157003284","1","28","90203959","91290629","1100","1300","(31020005,9,31010058,2,31000061,1)","330","0","5","(31140134,1,31102522,1,31090502,1)","0","100","(76991138,76991139,76991140,76991141)"
"157003285","1","28","90203960","91290630","1300","1600","(31020005,15,31010058,3,31000061,1)","390","90203634","5","(31090501,1,31102208,1,31090502,1)","0","100","(76991142,76991143,76991144,76991145)"
"157003286","1","28","90203961","91290631","1600","1900","(31020005,15,31010058,3,31000061,1)","480","0","5","(31090501,1,31102218,1,31090502,1)","0","100","(76991142,76991143,76991144,76991145)"
"157003287","1","28","90203962","91290632","1900","2200","(31020005,15,31010058,3,31000061,1)","570","0","5","(31090501,1,31102228,1,31090502,1)","0","100","(76991142,76991143,76991144,76991145)"
"157003288","1","28","90203963","91290633","2200","2500","(31020005,15,31010058,3,31000061,1)","660","0","5","(31090501,1,31102238,1,31090502,1)","0","100","(76991142,76991143,76991144,76991145)"
"157003289","1","28","90203964","91290634","2500","2800","(31020005,15,31010058,3,31000061,1)","750","0","5","(31090501,1,31102248,1,31090502,1)","0","100","(76991142,76991143,76991144,76991145)"
"157003290","1","28","90203965","91290635","2800","3200","(31100078,1,31020005,15,31010058,4,31000061,1)","840","90203635","5","(31090501,1,31102503,1,31090502,2)","39000079","80","(76991146,76991147,76991148,76991149)"
"157003291","1","28","90203966","91290636","3200","3600","(31100078,1,31020005,15,31010058,4,31000061,1)","960","0","5","(31090501,1,31102508,1,31090502,2)","39000079","80","(76991146,76991147,76991148,76991149)"
"157003292","1","28","90203967","91290637","3600","4000","(31100078,1,31020005,15,31010058,4,31000061,1)","1080","0","5","(31090501,1,31102513,1,31090502,2)","39000079","80","(76991146,76991147,76991148,76991149)"
"157003293","1","28","90203968","91290638","4000","4400","(31100078,1,31020005,15,31010058,4,31000061,1)","1200","0","5","(31090501,1,31102518,1,31090502,2)","39000079","80","(76991146,76991147,76991148,76991149)"
"157003294","1","28","90203969","91290639","4400","4800","(31100078,1,31020005,15,31010058,4,31000061,1)","1320","0","5","(31090501,1,31102523,1,31090502,2)","39000079","80","(76991146,76991147,76991148,76991149)"
"157003295","1","28","90203970","91290640","4800","5300","(31100079,1,31020005,21,31010058,5,31000061,1)","1440","90203636","5","(31090501,1,31102209,1,31090502,2)","39000080","65","(76991150,76991151,76991152,76991153)"
"157003296","1","28","90203971","91290641","5300","5800","(31100079,1,31020005,21,31010058,5,31000061,1)","1590","0","5","(31090501,1,31102219,1,31090502,2)","39000080","65","(76991150,76991151,76991152,76991153)"
"157003297","1","28","90203972","91290642","5800","6300","(31100079,1,31020005,21,31010058,5,31000061,1)","1740","0","5","(31090501,1,31102229,1,31090502,2)","39000080","65","(76991150,76991151,76991152,76991153)"
"157003298","1","28","90203973","91290643","6300","6800","(31100079,1,31020005,21,31010058,5,31000061,1)","1890","0","5","(31090501,1,31102239,1,31090502,2)","39000080","65","(76991150,76991151,76991152,76991153)"
"157003299","1","28","90203974","91290644","6800","7300","(31100079,1,31020005,21,31010058,5,31000061,1)","2040","0","5","(31090501,1,31102249,1,31090502,2)","39000080","65","(76991150,76991151,76991152,76991153)"
"157003300","1","28","90203975","91290645","7300","7900","(31100080,1,31020005,30,31010058,6,31000061,1)","2190","90203637","5","(31090501,1,31102504,1,31000166,3)","39000081","50","(76991154,76991155,76991156,76991157)"
"157003301","1","28","90203976","91290646","7900","8500","(31100080,1,31020005,30,31010058,6,31000061,1)","2370","0","5","(31090501,1,31102509,1,31000166,3)","39000081","50","(76991154,76991155,76991156,76991157)"
"157003302","1","28","90203977","91290647","8500","9200","(31100080,1,31020005,30,31010058,6,31000061,1)","2550","0","5","(31090501,1,31102514,1,31000166,3)","39000081","50","(76991154,76991155,76991156,76991157)"
"157003303","1","28","90203978","91290648","9200","10000","(31100080,1,31020005,30,31010058,6,31000061,1)","2760","0","5","(31090501,1,31102519,1,31000166,3)","39000081","50","(76991154,76991155,76991156,76991157)"
"157003304","1","28","90203979","91290649","10000","999999","(31100080,1,31020005,30,31010058,6,31000061,1)","3000","0","5","(31090501,1,31102524,1,31000166,3)","39000081","50","(76991154,76991155,76991156,76991157)"
"157003305","1","29","90203952","91290622","0","100","(31020005,6,31010058,1,31000061,1)","0","90203632","5","(31140133,1,31102501,1,31090502,1)","0","100","(76991134,76991135,76991136,76991137)"
"157003306","1","29","90203953","91290623","100","200","(31020005,6,31010058,1,31000061,1)","0","0","5","(31140133,1,31102511,1,31090502,1)","0","100","(76991134,76991135,76991136,76991137)"
"157003307","1","29","90203954","91290624","200","300","(31020005,6,31010058,1,31000061,1)","0","0","5","(31140133,1,31102521,1,31090502,1)","0","100","(76991134,76991135,76991136,76991137)"
"157003308","1","29","90203955","91290625","300","500","(31020005,9,31010058,2,31000061,1)","90","90203633","5","(31140134,1,31102502,1,31090502,1)","0","100","(76991138,76991139,76991140,76991141)"
"157003309","1","29","90203956","91290626","500","700","(31020005,9,31010058,2,31000061,1)","150","0","5","(31140134,1,31102507,1,31090502,1)","0","100","(76991138,76991139,76991140,76991141)"
"157003310","1","29","90203957","91290627","700","900","(31020005,9,31010058,2,31000061,1)","210","0","5","(31140134,1,31102512,1,31090502,1)","0","100","(76991138,76991139,76991140,76991141)"
"157003311","1","29","90203958","91290628","900","1100","(31020005,9,31010058,2,31000061,1)","270","0","5","(31140134,1,31102517,1,31090502,1)","0","100","(76991138,76991139,76991140,76991141)"
"157003312","1","29","90203959","91290629","1100","1300","(31020005,9,31010058,2,31000061,1)","330","0","5","(31140134,1,31102522,1,31090502,1)","0","100","(76991138,76991139,76991140,76991141)"
"157003313","1","29","90203960","91290630","1300","1600","(31020005,15,31010058,3,31000061,1)","390","90203634","5","(31090501,1,31102208,1,31090502,1)","0","100","(76991142,76991143,76991144,76991145)"
"157003314","1","29","90203961","91290631","1600","1900","(31020005,15,31010058,3,31000061,1)","480","0","5","(31090501,1,31102218,1,31090502,1)","0","100","(76991142,76991143,76991144,76991145)"
"157003315","1","29","90203962","91290632","1900","2200","(31020005,15,31010058,3,31000061,1)","570","0","5","(31090501,1,31102228,1,31090502,1)","0","100","(76991142,76991143,76991144,76991145)"
"157003316","1","29","90203963","91290633","2200","2500","(31020005,15,31010058,3,31000061,1)","660","0","5","(31090501,1,31102238,1,31090502,1)","0","100","(76991142,76991143,76991144,76991145)"
"157003317","1","29","90203964","91290634","2500","2800","(31020005,15,31010058,3,31000061,1)","750","0","5","(31090501,1,31102248,1,31090502,1)","0","100","(76991142,76991143,76991144,76991145)"
"157003318","1","29","90203965","91290635","2800","3200","(31100078,1,31020005,15,31010058,4,31000061,1)","840","90203635","5","(31090501,1,31102503,1,31090502,2)","39000079","80","(76991146,76991147,76991148,76991149)"
"157003319","1","29","90203966","91290636","3200","3600","(31100078,1,31020005,15,31010058,4,31000061,1)","960","0","5","(31090501,1,31102508,1,31090502,2)","39000079","80","(76991146,76991147,76991148,76991149)"
"157003320","1","29","90203967","91290637","3600","4000","(31100078,1,31020005,15,31010058,4,31000061,1)","1080","0","5","(31090501,1,31102513,1,31090502,2)","39000079","80","(76991146,76991147,76991148,76991149)"
"157003321","1","29","90203968","91290638","4000","4400","(31100078,1,31020005,15,31010058,4,31000061,1)","1200","0","5","(31090501,1,31102518,1,31090502,2)","39000079","80","(76991146,76991147,76991148,76991149)"
"157003322","1","29","90203969","91290639","4400","4800","(31100078,1,31020005,15,31010058,4,31000061,1)","1320","0","5","(31090501,1,31102523,1,31090502,2)","39000079","80","(76991146,76991147,76991148,76991149)"
"157003323","1","29","90203970","91290640","4800","5300","(31100079,1,31020005,21,31010058,5,31000061,1)","1440","90203636","5","(31090501,1,31102209,1,31090502,2)","39000080","65","(76991150,76991151,76991152,76991153)"
"157003324","1","29","90203971","91290641","5300","5800","(31100079,1,31020005,21,31010058,5,31000061,1)","1590","0","5","(31090501,1,31102219,1,31090502,2)","39000080","65","(76991150,76991151,76991152,76991153)"
"157003325","1","29","90203972","91290642","5800","6300","(31100079,1,31020005,21,31010058,5,31000061,1)","1740","0","5","(31090501,1,31102229,1,31090502,2)","39000080","65","(76991150,76991151,76991152,76991153)"
"157003326","1","29","90203973","91290643","6300","6800","(31100079,1,31020005,21,31010058,5,31000061,1)","1890","0","5","(31090501,1,31102239,1,31090502,2)","39000080","65","(76991150,76991151,76991152,76991153)"
"157003327","1","29","90203974","91290644","6800","7300","(31100079,1,31020005,21,31010058,5,31000061,1)","2040","0","5","(31090501,1,31102249,1,31090502,2)","39000080","65","(76991150,76991151,76991152,76991153)"
"157003328","1","29","90203975","91290645","7300","7900","(31100080,1,31020005,30,31010058,6,31000061,1)","2190","90203637","5","(31090501,1,31102504,1,31000166,3)","39000081","50","(76991154,76991155,76991156,76991157)"
"157003329","1","29","90203976","91290646","7900","8500","(31100080,1,31020005,30,31010058,6,31000061,1)","2370","0","5","(31090501,1,31102509,1,31000166,3)","39000081","50","(76991154,76991155,76991156,76991157)"
"157003330","1","29","90203977","91290647","8500","9200","(31100080,1,31020005,30,31010058,6,31000061,1)","2550","0","5","(31090501,1,31102514,1,31000166,3)","39000081","50","(76991154,76991155,76991156,76991157)"
"157003331","1","29","90203978","91290648","9200","10000","(31100080,1,31020005,30,31010058,6,31000061,1)","2760","0","5","(31090501,1,31102519,1,31000166,3)","39000081","50","(76991154,76991155,76991156,76991157)"
"157003332","1","29","90203979","91290649","10000","999999","(31100080,1,31020005,30,31010058,6,31000061,1)","3000","0","5","(31090501,1,31102524,1,31000166,3)","39000081","50","(76991154,76991155,76991156,76991157)"
"157003333","1","30","90203952","91290622","0","100","(31020005,6,31010058,1,31000061,1)","0","90203632","5","(31140133,1,31102501,1,31090502,1)","0","100","(76991134,76991135,76991136,76991137)"
"157003334","1","30","90203953","91290623","100","200","(31020005,6,31010058,1,31000061,1)","0","0","5","(31140133,1,31102511,1,31090502,1)","0","100","(76991134,76991135,76991136,76991137)"
"157003335","1","30","90203954","91290624","200","300","(31020005,6,31010058,1,31000061,1)","0","0","5","(31140133,1,31102521,1,31090502,1)","0","100","(76991134,76991135,76991136,76991137)"
"157003336","1","30","90203955","91290625","300","500","(31020005,9,31010058,2,31000061,1)","90","90203633","5","(31140134,1,31102502,1,31090502,1)","0","100","(76991138,76991139,76991140,76991141)"
"157003337","1","30","90203956","91290626","500","700","(31020005,9,31010058,2,31000061,1)","150","0","5","(31140134,1,31102507,1,31090502,1)","0","100","(76991138,76991139,76991140,76991141)"
"157003338","1","30","90203957","91290627","700","900","(31020005,9,31010058,2,31000061,1)","210","0","5","(31140134,1,31102512,1,31090502,1)","0","100","(76991138,76991139,76991140,76991141)"
"157003339","1","30","90203958","91290628","900","1100","(31020005,9,31010058,2,31000061,1)","270","0","5","(31140134,1,31102517,1,31090502,1)","0","100","(76991138,76991139,76991140,76991141)"
"157003340","1","30","90203959","91290629","1100","1300","(31020005,9,31010058,2,31000061,1)","330","0","5","(31140134,1,31102522,1,31090502,1)","0","100","(76991138,76991139,76991140,76991141)"
"157003341","1","30","90203960","91290630","1300","1600","(31020005,15,31010058,3,31000061,1)","390","90203634","5","(31090501,1,31102208,1,31090502,1)","0","100","(76991142,76991143,76991144,76991145)"
"157003342","1","30","90203961","91290631","1600","1900","(31020005,15,31010058,3,31000061,1)","480","0","5","(31090501,1,31102218,1,31090502,1)","0","100","(76991142,76991143,76991144,76991145)"
"157003343","1","30","90203962","91290632","1900","2200","(31020005,15,31010058,3,31000061,1)","570","0","5","(31090501,1,31102228,1,31090502,1)","0","100","(76991142,76991143,76991144,76991145)"
"157003344","1","30","90203963","91290633","2200","2500","(31020005,15,31010058,3,31000061,1)","660","0","5","(31090501,1,31102238,1,31090502,1)","0","100","(76991142,76991143,76991144,76991145)"
"157003345","1","30","90203964","91290634","2500","2800","(31020005,15,31010058,3,31000061,1)","750","0","5","(31090501,1,31102248,1,31090502,1)","0","100","(76991142,76991143,76991144,76991145)"
"157003346","1","30","90203965","91290635","2800","3200","(31100078,1,31020005,15,31010058,4,31000061,1)","840","90203635","5","(31090501,1,31102503,1,31090502,2)","39000079","80","(76991146,76991147,76991148,76991149)"
"157003347","1","30","90203966","91290636","3200","3600","(31100078,1,31020005,15,31010058,4,31000061,1)","960","0","5","(31090501,1,31102508,1,31090502,2)","39000079","80","(76991146,76991147,76991148,76991149)"
"157003348","1","30","90203967","91290637","3600","4000","(31100078,1,31020005,15,31010058,4,31000061,1)","1080","0","5","(31090501,1,31102513,1,31090502,2)","39000079","80","(76991146,76991147,76991148,76991149)"
"157003349","1","30","90203968","91290638","4000","4400","(31100078,1,31020005,15,31010058,4,31000061,1)","1200","0","5","(31090501,1,31102518,1,31090502,2)","39000079","80","(76991146,76991147,76991148,76991149)"
"157003350","1","30","90203969","91290639","4400","4800","(31100078,1,31020005,15,31010058,4,31000061,1)","1320","0","5","(31090501,1,31102523,1,31090502,2)","39000079","80","(76991146,76991147,76991148,76991149)"
"157003351","1","30","90203970","91290640","4800","5300","(31100079,1,31020005,21,31010058,5,31000061,1)","1440","90203636","5","(31090501,1,31102209,1,31090502,2)","39000080","65","(76991150,76991151,76991152,76991153)"
"157003352","1","30","90203971","91290641","5300","5800","(31100079,1,31020005,21,31010058,5,31000061,1)","1590","0","5","(31090501,1,31102219,1,31090502,2)","39000080","65","(76991150,76991151,76991152,76991153)"
"157003353","1","30","90203972","91290642","5800","6300","(31100079,1,31020005,21,31010058,5,31000061,1)","1740","0","5","(31090501,1,31102229,1,31090502,2)","39000080","65","(76991150,76991151,76991152,76991153)"
"157003354","1","30","90203973","91290643","6300","6800","(31100079,1,31020005,21,31010058,5,31000061,1)","1890","0","5","(31090501,1,31102239,1,31090502,2)","39000080","65","(76991150,76991151,76991152,76991153)"
"157003355","1","30","90203974","91290644","6800","7300","(31100079,1,31020005,21,31010058,5,31000061,1)","2040","0","5","(31090501,1,31102249,1,31090502,2)","39000080","65","(76991150,76991151,76991152,76991153)"
"157003356","1","30","90203975","91290645","7300","7900","(31100080,1,31020005,30,31010058,6,31000061,1)","2190","90203637","5","(31090501,1,31102504,1,31000166,3)","39000081","50","(76991154,76991155,76991156,76991157)"
"157003357","1","30","90203976","91290646","7900","8500","(31100080,1,31020005,30,31010058,6,31000061,1)","2370","0","5","(31090501,1,31102509,1,31000166,3)","39000081","50","(76991154,76991155,76991156,76991157)"
"157003358","1","30","90203977","91290647","8500","9200","(31100080,1,31020005,30,31010058,6,31000061,1)","2550","0","5","(31090501,1,31102514,1,31000166,3)","39000081","50","(76991154,76991155,76991156,76991157)"
"157003359","1","30","90203978","91290648","9200","10000","(31100080,1,31020005,30,31010058,6,31000061,1)","2760","0","5","(31090501,1,31102519,1,31000166,3)","39000081","50","(76991154,76991155,76991156,76991157)"
"157003360","1","30","90203979","91290649","10000","999999","(31100080,1,31020005,30,31010058,6,31000061,1)","3000","0","5","(31090501,1,31102524,1,31000166,3)","39000081","50","(76991154,76991155,76991156,76991157)"
"157003361","3","16","90203952","91290622","0","100","(31020005,6,31010058,1,31000061,1)","0","90203632","5","(31140133,1,31102501,1,31090502,1)","0","100","(76991134,76991135,76991136,76991137)"
"157003362","3","16","90203953","91290623","100","200","(31020005,6,31010058,1,31000061,1)","0","0","5","(31140133,1,31102511,1,31090502,1)","0","100","(76991134,76991135,76991136,76991137)"
"157003363","3","16","90203954","91290624","200","300","(31020005,6,31010058,1,31000061,1)","0","0","5","(31140133,1,31102521,1,31090502,1)","0","100","(76991134,76991135,76991136,76991137)"
"157003364","3","16","90203955","91290625","300","500","(31020005,9,31010058,2,31000061,1)","90","90203633","5","(31140134,1,31102502,1,31090502,1)","0","100","(76991138,76991139,76991140,76991141)"
"157003365","3","16","90203956","91290626","500","700","(31020005,9,31010058,2,31000061,1)","150","0","5","(31140134,1,31102507,1,31090502,1)","0","100","(76991138,76991139,76991140,76991141)"
"157003366","3","16","90203957","91290627","700","900","(31020005,9,31010058,2,31000061,1)","210","0","5","(31140134,1,31102512,1,31090502,1)","0","100","(76991138,76991139,76991140,76991141)"
"157003367","3","16","90203958","91290628","900","1100","(31020005,9,31010058,2,31000061,1)","270","0","5","(31140134,1,31102517,1,31090502,1)","0","100","(76991138,76991139,76991140,76991141)"
"157003368","3","16","90203959","91290629","1100","1300","(31020005,9,31010058,2,31000061,1)","330","0","5","(31140134,1,31102522,1,31090502,1)","0","100","(76991138,76991139,76991140,76991141)"
"157003369","3","16","90203960","91290630","1300","1600","(31020005,15,31010058,3,31000061,1)","390","90203634","5","(31090501,1,31102208,1,31090502,1)","0","100","(76991142,76991143,76991144,76991145)"
"157003370","3","16","90203961","91290631","1600","1900","(31020005,15,31010058,3,31000061,1)","480","0","5","(31090501,1,31102218,1,31090502,1)","0","100","(76991142,76991143,76991144,76991145)"
"157003371","3","16","90203962","91290632","1900","2200","(31020005,15,31010058,3,31000061,1)","570","0","5","(31090501,1,31102228,1,31090502,1)","0","100","(76991142,76991143,76991144,76991145)"
"157003372","3","16","90203963","91290633","2200","2500","(31020005,15,31010058,3,31000061,1)","660","0","5","(31090501,1,31102238,1,31090502,1)","0","100","(76991142,76991143,76991144,76991145)"
"157003373","3","16","90203964","91290634","2500","2800","(31020005,15,31010058,3,31000061,1)","750","0","5","(31090501,1,31102248,1,31090502,1)","0","100","(76991142,76991143,76991144,76991145)"
"157003374","3","16","90203965","91290635","2800","3200","(31100078,1,31020005,15,31010058,4,31000061,1)","840","90203635","5","(31090501,1,31102503,1,31090502,2)","39000079","80","(76991146,76991147,76991148,76991149)"
"157003375","3","16","90203966","91290636","3200","3600","(31100078,1,31020005,15,31010058,4,31000061,1)","960","0","5","(31090501,1,31102508,1,31090502,2)","39000079","80","(76991146,76991147,76991148,76991149)"
"157003376","3","16","90203967","91290637","3600","4000","(31100078,1,31020005,15,31010058,4,31000061,1)","1080","0","5","(31090501,1,31102513,1,31090502,2)","39000079","80","(76991146,76991147,76991148,76991149)"
"157003377","3","16","90203968","91290638","4000","4400","(31100078,1,31020005,15,31010058,4,31000061,1)","1200","0","5","(31090501,1,31102518,1,31090502,2)","39000079","80","(76991146,76991147,76991148,76991149)"
"157003378","3","16","90203969","91290639","4400","4800","(31100078,1,31020005,15,31010058,4,31000061,1)","1320","0","5","(31090501,1,31102523,1,31090502,2)","39000079","80","(76991146,76991147,76991148,76991149)"
"157003379","3","16","90203970","91290640","4800","5300","(31100079,1,31020005,21,31010058,5,31000061,1)","1440","90203636","5","(31090501,1,31102209,1,31090502,2)","39000080","65","(76991150,76991151,76991152,76991153)"
"157003380","3","16","90203971","91290641","5300","5800","(31100079,1,31020005,21,31010058,5,31000061,1)","1590","0","5","(31090501,1,31102219,1,31090502,2)","39000080","65","(76991150,76991151,76991152,76991153)"
"157003381","3","16","90203972","91290642","5800","6300","(31100079,1,31020005,21,31010058,5,31000061,1)","1740","0","5","(31090501,1,31102229,1,31090502,2)","39000080","65","(76991150,76991151,76991152,76991153)"
"157003382","3","16","90203973","91290643","6300","6800","(31100079,1,31020005,21,31010058,5,31000061,1)","1890","0","5","(31090501,1,31102239,1,31090502,2)","39000080","65","(76991150,76991151,76991152,76991153)"
"157003383","3","16","90203974","91290644","6800","7300","(31100079,1,31020005,21,31010058,5,31000061,1)","2040","0","5","(31090501,1,31102249,1,31090502,2)","39000080","65","(76991150,76991151,76991152,76991153)"
"157003384","3","16","90203975","91290645","7300","7900","(31100080,1,31020005,30,31010058,6,31000061,1)","2190","90203637","5","(31090501,1,31102504,1,31000166,3)","39000081","50","(76991154,76991155,76991156,76991157)"
"157003385","3","16","90203976","91290646","7900","8500","(31100080,1,31020005,30,31010058,6,31000061,1)","2370","0","5","(31090501,1,31102509,1,31000166,3)","39000081","50","(76991154,76991155,76991156,76991157)"
"157003386","3","16","90203977","91290647","8500","9200","(31100080,1,31020005,30,31010058,6,31000061,1)","2550","0","5","(31090501,1,31102514,1,31000166,3)","39000081","50","(76991154,76991155,76991156,76991157)"
"157003387","3","16","90203978","91290648","9200","10000","(31100080,1,31020005,30,31010058,6,31000061,1)","2760","0","5","(31090501,1,31102519,1,31000166,3)","39000081","50","(76991154,76991155,76991156,76991157)"
"157003388","3","16","90203979","91290649","10000","999999","(31100080,1,31020005,30,31010058,6,31000061,1)","3000","0","5","(31090501,1,31102524,1,31000166,3)","39000081","50","(76991154,76991155,76991156,76991157)"
"157003389","3","17","90203952","91290622","0","100","(31020005,6,31010058,1,31000061,1)","0","90203632","5","(31140133,1,31102501,1,31090502,1)","0","100","(76991134,76991135,76991136,76991137)"
"157003390","3","17","90203953","91290623","100","200","(31020005,6,31010058,1,31000061,1)","0","0","5","(31140133,1,31102511,1,31090502,1)","0","100","(76991134,76991135,76991136,76991137)"
"157003391","3","17","90203954","91290624","200","300","(31020005,6,31010058,1,31000061,1)","0","0","5","(31140133,1,31102521,1,31090502,1)","0","100","(76991134,76991135,76991136,76991137)"
"157003392","3","17","90203955","91290625","300","500","(31020005,9,31010058,2,31000061,1)","90","90203633","5","(31140134,1,31102502,1,31090502,1)","0","100","(76991138,76991139,76991140,76991141)"
"157003393","3","17","90203956","91290626","500","700","(31020005,9,31010058,2,31000061,1)","150","0","5","(31140134,1,31102507,1,31090502,1)","0","100","(76991138,76991139,76991140,76991141)"
"157003394","3","17","90203957","91290627","700","900","(31020005,9,31010058,2,31000061,1)","210","0","5","(31140134,1,31102512,1,31090502,1)","0","100","(76991138,76991139,76991140,76991141)"
"157003395","3","17","90203958","91290628","900","1100","(31020005,9,31010058,2,31000061,1)","270","0","5","(31140134,1,31102517,1,31090502,1)","0","100","(76991138,76991139,76991140,76991141)"
"157003396","3","17","90203959","91290629","1100","1300","(31020005,9,31010058,2,31000061,1)","330","0","5","(31140134,1,31102522,1,31090502,1)","0","100","(76991138,76991139,76991140,76991141)"
"157003397","3","17","90203960","91290630","1300","1600","(31020005,15,31010058,3,31000061,1)","390","90203634","5","(31090501,1,31102208,1,31090502,1)","0","100","(76991142,76991143,76991144,76991145)"
"157003398","3","17","90203961","91290631","1600","1900","(31020005,15,31010058,3,31000061,1)","480","0","5","(31090501,1,31102218,1,31090502,1)","0","100","(76991142,76991143,76991144,76991145)"
"157003399","3","17","90203962","91290632","1900","2200","(31020005,15,31010058,3,31000061,1)","570","0","5","(31090501,1,31102228,1,31090502,1)","0","100","(76991142,76991143,76991144,76991145)"
"157003400","3","17","90203963","91290633","2200","2500","(31020005,15,31010058,3,31000061,1)","660","0","5","(31090501,1,31102238,1,31090502,1)","0","100","(76991142,76991143,76991144,76991145)"
"157003401","3","17","90203964","91290634","2500","2800","(31020005,15,31010058,3,31000061,1)","750","0","5","(31090501,1,31102248,1,31090502,1)","0","100","(76991142,76991143,76991144,76991145)"
"157003402","3","17","90203965","91290635","2800","3200","(31100078,1,31020005,15,31010058,4,31000061,1)","840","90203635","5","(31090501,1,31102503,1,31090502,2)","39000079","80","(76991146,76991147,76991148,76991149)"
"157003403","3","17","90203966","91290636","3200","3600","(31100078,1,31020005,15,31010058,4,31000061,1)","960","0","5","(31090501,1,31102508,1,31090502,2)","39000079","80","(76991146,76991147,76991148,76991149)"
"157003404","3","17","90203967","91290637","3600","4000","(31100078,1,31020005,15,31010058,4,31000061,1)","1080","0","5","(31090501,1,31102513,1,31090502,2)","39000079","80","(76991146,76991147,76991148,76991149)"
"157003405","3","17","90203968","91290638","4000","4400","(31100078,1,31020005,15,31010058,4,31000061,1)","1200","0","5","(31090501,1,31102518,1,31090502,2)","39000079","80","(76991146,76991147,76991148,76991149)"
"157003406","3","17","90203969","91290639","4400","4800","(31100078,1,31020005,15,31010058,4,31000061,1)","1320","0","5","(31090501,1,31102523,1,31090502,2)","39000079","80","(76991146,76991147,76991148,76991149)"
"157003407","3","17","90203970","91290640","4800","5300","(31100079,1,31020005,21,31010058,5,31000061,1)","1440","90203636","5","(31090501,1,31102209,1,31090502,2)","39000080","65","(76991150,76991151,76991152,76991153)"
"157003408","3","17","90203971","91290641","5300","5800","(31100079,1,31020005,21,31010058,5,31000061,1)","1590","0","5","(31090501,1,31102219,1,31090502,2)","39000080","65","(76991150,76991151,76991152,76991153)"
"157003409","3","17","90203972","91290642","5800","6300","(31100079,1,31020005,21,31010058,5,31000061,1)","1740","0","5","(31090501,1,31102229,1,31090502,2)","39000080","65","(76991150,76991151,76991152,76991153)"
"157003410","3","17","90203973","91290643","6300","6800","(31100079,1,31020005,21,31010058,5,31000061,1)","1890","0","5","(31090501,1,31102239,1,31090502,2)","39000080","65","(76991150,76991151,76991152,76991153)"
"157003411","3","17","90203974","91290644","6800","7300","(31100079,1,31020005,21,31010058,5,31000061,1)","2040","0","5","(31090501,1,31102249,1,31090502,2)","39000080","65","(76991150,76991151,76991152,76991153)"
"157003412","3","17","90203975","91290645","7300","7900","(31100080,1,31020005,30,31010058,6,31000061,1)","2190","90203637","5","(31090501,1,31102504,1,31000166,3)","39000081","50","(76991154,76991155,76991156,76991157)"
"157003413","3","17","90203976","91290646","7900","8500","(31100080,1,31020005,30,31010058,6,31000061,1)","2370","0","5","(31090501,1,31102509,1,31000166,3)","39000081","50","(76991154,76991155,76991156,76991157)"
"157003414","3","17","90203977","91290647","8500","9200","(31100080,1,31020005,30,31010058,6,31000061,1)","2550","0","5","(31090501,1,31102514,1,31000166,3)","39000081","50","(76991154,76991155,76991156,76991157)"
"157003415","3","17","90203978","91290648","9200","10000","(31100080,1,31020005,30,31010058,6,31000061,1)","2760","0","5","(31090501,1,31102519,1,31000166,3)","39000081","50","(76991154,76991155,76991156,76991157)"
"157003416","3","17","90203979","91290649","10000","999999","(31100080,1,31020005,30,31010058,6,31000061,1)","3000","0","5","(31090501,1,31102524,1,31000166,3)","39000081","50","(76991154,76991155,76991156,76991157)"
"157003417","3","18","90203952","91290622","0","100","(31020005,6,31010058,1,31000061,1)","0","90203632","5","(31140133,1,31102501,1,31090502,1)","0","100","(76991134,76991135,76991136,76991137)"
"157003418","3","18","90203953","91290623","100","200","(31020005,6,31010058,1,31000061,1)","0","0","5","(31140133,1,31102511,1,31090502,1)","0","100","(76991134,76991135,76991136,76991137)"
"157003419","3","18","90203954","91290624","200","300","(31020005,6,31010058,1,31000061,1)","0","0","5","(31140133,1,31102521,1,31090502,1)","0","100","(76991134,76991135,76991136,76991137)"
"157003420","3","18","90203955","91290625","300","500","(31020005,9,31010058,2,31000061,1)","90","90203633","5","(31140134,1,31102502,1,31090502,1)","0","100","(76991138,76991139,76991140,76991141)"
"157003421","3","18","90203956","91290626","500","700","(31020005,9,31010058,2,31000061,1)","150","0","5","(31140134,1,31102507,1,31090502,1)","0","100","(76991138,76991139,76991140,76991141)"
"157003422","3","18","90203957","91290627","700","900","(31020005,9,31010058,2,31000061,1)","210","0","5","(31140134,1,31102512,1,31090502,1)","0","100","(76991138,76991139,76991140,76991141)"
"157003423","3","18","90203958","91290628","900","1100","(31020005,9,31010058,2,31000061,1)","270","0","5","(31140134,1,31102517,1,31090502,1)","0","100","(76991138,76991139,76991140,76991141)"
"157003424","3","18","90203959","91290629","1100","1300","(31020005,9,31010058,2,31000061,1)","330","0","5","(31140134,1,31102522,1,31090502,1)","0","100","(76991138,76991139,76991140,76991141)"
"157003425","3","18","90203960","91290630","1300","1600","(31020005,15,31010058,3,31000061,1)","390","90203634","5","(31090501,1,31102208,1,31090502,1)","0","100","(76991142,76991143,76991144,76991145)"
"157003426","3","18","90203961","91290631","1600","1900","(31020005,15,31010058,3,31000061,1)","480","0","5","(31090501,1,31102218,1,31090502,1)","0","100","(76991142,76991143,76991144,76991145)"
"157003427","3","18","90203962","91290632","1900","2200","(31020005,15,31010058,3,31000061,1)","570","0","5","(31090501,1,31102228,1,31090502,1)","0","100","(76991142,76991143,76991144,76991145)"
"157003428","3","18","90203963","91290633","2200","2500","(31020005,15,31010058,3,31000061,1)","660","0","5","(31090501,1,31102238,1,31090502,1)","0","100","(76991142,76991143,76991144,76991145)"
"157003429","3","18","90203964","91290634","2500","2800","(31020005,15,31010058,3,31000061,1)","750","0","5","(31090501,1,31102248,1,31090502,1)","0","100","(76991142,76991143,76991144,76991145)"
"157003430","3","18","90203965","91290635","2800","3200","(31100078,1,31020005,15,31010058,4,31000061,1)","840","90203635","5","(31090501,1,31102503,1,31090502,2)","39000079","80","(76991146,76991147,76991148,76991149)"
"157003431","3","18","90203966","91290636","3200","3600","(31100078,1,31020005,15,31010058,4,31000061,1)","960","0","5","(31090501,1,31102508,1,31090502,2)","39000079","80","(76991146,76991147,76991148,76991149)"
"157003432","3","18","90203967","91290637","3600","4000","(31100078,1,31020005,15,31010058,4,31000061,1)","1080","0","5","(31090501,1,31102513,1,31090502,2)","39000079","80","(76991146,76991147,76991148,76991149)"
"157003433","3","18","90203968","91290638","4000","4400","(31100078,1,31020005,15,31010058,4,31000061,1)","1200","0","5","(31090501,1,31102518,1,31090502,2)","39000079","80","(76991146,76991147,76991148,76991149)"
"157003434","3","18","90203969","91290639","4400","4800","(31100078,1,31020005,15,31010058,4,31000061,1)","1320","0","5","(31090501,1,31102523,1,31090502,2)","39000079","80","(76991146,76991147,76991148,76991149)"
"157003435","3","18","90203970","91290640","4800","5300","(31100079,1,31020005,21,31010058,5,31000061,1)","1440","90203636","5","(31090501,1,31102209,1,31090502,2)","39000080","65","(76991150,76991151,76991152,76991153)"
"157003436","3","18","90203971","91290641","5300","5800","(31100079,1,31020005,21,31010058,5,31000061,1)","1590","0","5","(31090501,1,31102219,1,31090502,2)","39000080","65","(76991150,76991151,76991152,76991153)"
"157003437","3","18","90203972","91290642","5800","6300","(31100079,1,31020005,21,31010058,5,31000061,1)","1740","0","5","(31090501,1,31102229,1,31090502,2)","39000080","65","(76991150,76991151,76991152,76991153)"
"157003438","3","18","90203973","91290643","6300","6800","(31100079,1,31020005,21,31010058,5,31000061,1)","1890","0","5","(31090501,1,31102239,1,31090502,2)","39000080","65","(76991150,76991151,76991152,76991153)"
"157003439","3","18","90203974","91290644","6800","7300","(31100079,1,31020005,21,31010058,5,31000061,1)","2040","0","5","(31090501,1,31102249,1,31090502,2)","39000080","65","(76991150,76991151,76991152,76991153)"
"157003440","3","18","90203975","91290645","7300","7900","(31100080,1,31020005,30,31010058,6,31000061,1)","2190","90203637","5","(31090501,1,31102504,1,31000166,3)","39000081","50","(76991154,76991155,76991156,76991157)"
"157003441","3","18","90203976","91290646","7900","8500","(31100080,1,31020005,30,31010058,6,31000061,1)","2370","0","5","(31090501,1,31102509,1,31000166,3)","39000081","50","(76991154,76991155,76991156,76991157)"
"157003442","3","18","90203977","91290647","8500","9200","(31100080,1,31020005,30,31010058,6,31000061,1)","2550","0","5","(31090501,1,31102514,1,31000166,3)","39000081","50","(76991154,76991155,76991156,76991157)"
"157003443","3","18","90203978","91290648","9200","10000","(31100080,1,31020005,30,31010058,6,31000061,1)","2760","0","5","(31090501,1,31102519,1,31000166,3)","39000081","50","(76991154,76991155,76991156,76991157)"
"157003444","3","18","90203979","91290649","10000","999999","(31100080,1,31020005,30,31010058,6,31000061,1)","3000","0","5","(31090501,1,31102524,1,31000166,3)","39000081","50","(76991154,76991155,76991156,76991157)"
"157003445","3","19","90203952","91290622","0","100","(31020005,6,31010058,1,31000061,1)","0","90203632","5","(31140133,1,31102501,1,31090502,1)","0","100","(76991134,76991135,76991136,76991137)"
"157003446","3","19","90203953","91290623","100","200","(31020005,6,31010058,1,31000061,1)","0","0","5","(31140133,1,31102511,1,31090502,1)","0","100","(76991134,76991135,76991136,76991137)"
"157003447","3","19","90203954","91290624","200","300","(31020005,6,31010058,1,31000061,1)","0","0","5","(31140133,1,31102521,1,31090502,1)","0","100","(76991134,76991135,76991136,76991137)"
"157003448","3","19","90203955","91290625","300","500","(31020005,9,31010058,2,31000061,1)","90","90203633","5","(31140134,1,31102502,1,31090502,1)","0","100","(76991138,76991139,76991140,76991141)"
"157003449","3","19","90203956","91290626","500","700","(31020005,9,31010058,2,31000061,1)","150","0","5","(31140134,1,31102507,1,31090502,1)","0","100","(76991138,76991139,76991140,76991141)"
"157003450","3","19","90203957","91290627","700","900","(31020005,9,31010058,2,31000061,1)","210","0","5","(31140134,1,31102512,1,31090502,1)","0","100","(76991138,76991139,76991140,76991141)"
"157003451","3","19","90203958","91290628","900","1100","(31020005,9,31010058,2,31000061,1)","270","0","5","(31140134,1,31102517,1,31090502,1)","0","100","(76991138,76991139,76991140,76991141)"
"157003452","3","19","90203959","91290629","1100","1300","(31020005,9,31010058,2,31000061,1)","330","0","5","(31140134,1,31102522,1,31090502,1)","0","100","(76991138,76991139,76991140,76991141)"
"157003453","3","19","90203960","91290630","1300","1600","(31020005,15,31010058,3,31000061,1)","390","90203634","5","(31090501,1,31102208,1,31090502,1)","0","100","(76991142,76991143,76991144,76991145)"
"157003454","3","19","90203961","91290631","1600","1900","(31020005,15,31010058,3,31000061,1)","480","0","5","(31090501,1,31102218,1,31090502,1)","0","100","(76991142,76991143,76991144,76991145)"
"157003455","3","19","90203962","91290632","1900","2200","(31020005,15,31010058,3,31000061,1)","570","0","5","(31090501,1,31102228,1,31090502,1)","0","100","(76991142,76991143,76991144,76991145)"
"157003456","3","19","90203963","91290633","2200","2500","(31020005,15,31010058,3,31000061,1)","660","0","5","(31090501,1,31102238,1,31090502,1)","0","100","(76991142,76991143,76991144,76991145)"
"157003457","3","19","90203964","91290634","2500","2800","(31020005,15,31010058,3,31000061,1)","750","0","5","(31090501,1,31102248,1,31090502,1)","0","100","(76991142,76991143,76991144,76991145)"
"157003458","3","19","90203965","91290635","2800","3200","(31100078,1,31020005,15,31010058,4,31000061,1)","840","90203635","5","(31090501,1,31102503,1,31090502,2)","39000079","80","(76991146,76991147,76991148,76991149)"
"157003459","3","19","90203966","91290636","3200","3600","(31100078,1,31020005,15,31010058,4,31000061,1)","960","0","5","(31090501,1,31102508,1,31090502,2)","39000079","80","(76991146,76991147,76991148,76991149)"
"157003460","3","19","90203967","91290637","3600","4000","(31100078,1,31020005,15,31010058,4,31000061,1)","1080","0","5","(31090501,1,31102513,1,31090502,2)","39000079","80","(76991146,76991147,76991148,76991149)"
"157003461","3","19","90203968","91290638","4000","4400","(31100078,1,31020005,15,31010058,4,31000061,1)","1200","0","5","(31090501,1,31102518,1,31090502,2)","39000079","80","(76991146,76991147,76991148,76991149)"
"157003462","3","19","90203969","91290639","4400","4800","(31100078,1,31020005,15,31010058,4,31000061,1)","1320","0","5","(31090501,1,31102523,1,31090502,2)","39000079","80","(76991146,76991147,76991148,76991149)"
"157003463","3","19","90203970","91290640","4800","5300","(31100079,1,31020005,21,31010058,5,31000061,1)","1440","90203636","5","(31090501,1,31102209,1,31090502,2)","39000080","65","(76991150,76991151,76991152,76991153)"
"157003464","3","19","90203971","91290641","5300","5800","(31100079,1,31020005,21,31010058,5,31000061,1)","1590","0","5","(31090501,1,31102219,1,31090502,2)","39000080","65","(76991150,76991151,76991152,76991153)"
"157003465","3","19","90203972","91290642","5800","6300","(31100079,1,31020005,21,31010058,5,31000061,1)","1740","0","5","(31090501,1,31102229,1,31090502,2)","39000080","65","(76991150,76991151,76991152,76991153)"
"157003466","3","19","90203973","91290643","6300","6800","(31100079,1,31020005,21,31010058,5,31000061,1)","1890","0","5","(31090501,1,31102239,1,31090502,2)","39000080","65","(76991150,76991151,76991152,76991153)"
"157003467","3","19","90203974","91290644","6800","7300","(31100079,1,31020005,21,31010058,5,31000061,1)","2040","0","5","(31090501,1,31102249,1,31090502,2)","39000080","65","(76991150,76991151,76991152,76991153)"
"157003468","3","19","90203975","91290645","7300","7900","(31100080,1,31020005,30,31010058,6,31000061,1)","2190","90203637","5","(31090501,1,31102504,1,31000166,3)","39000081","50","(76991154,76991155,76991156,76991157)"
"157003469","3","19","90203976","91290646","7900","8500","(31100080,1,31020005,30,31010058,6,31000061,1)","2370","0","5","(31090501,1,31102509,1,31000166,3)","39000081","50","(76991154,76991155,76991156,76991157)"
"157003470","3","19","90203977","91290647","8500","9200","(31100080,1,31020005,30,31010058,6,31000061,1)","2550","0","5","(31090501,1,31102514,1,31000166,3)","39000081","50","(76991154,76991155,76991156,76991157)"
"157003471","3","19","90203978","91290648","9200","10000","(31100080,1,31020005,30,31010058,6,31000061,1)","2760","0","5","(31090501,1,31102519,1,31000166,3)","39000081","50","(76991154,76991155,76991156,76991157)"
"157003472","3","19","90203979","91290649","10000","999999","(31100080,1,31020005,30,31010058,6,31000061,1)","3000","0","5","(31090501,1,31102524,1,31000166,3)","39000081","50","(76991154,76991155,76991156,76991157)"
"157003473","3","20","90203952","91290622","0","100","(31020005,6,31010058,1,31000061,1)","0","90203632","5","(31140133,1,31102501,1,31090502,1)","0","100","(76991134,76991135,76991136,76991137)"
"157003474","3","20","90203953","91290623","100","200","(31020005,6,31010058,1,31000061,1)","0","0","5","(31140133,1,31102511,1,31090502,1)","0","100","(76991134,76991135,76991136,76991137)"
"157003475","3","20","90203954","91290624","200","300","(31020005,6,31010058,1,31000061,1)","0","0","5","(31140133,1,31102521,1,31090502,1)","0","100","(76991134,76991135,76991136,76991137)"
"157003476","3","20","90203955","91290625","300","500","(31020005,9,31010058,2,31000061,1)","90","90203633","5","(31140134,1,31102502,1,31090502,1)","0","100","(76991138,76991139,76991140,76991141)"
"157003477","3","20","90203956","91290626","500","700","(31020005,9,31010058,2,31000061,1)","150","0","5","(31140134,1,31102507,1,31090502,1)","0","100","(76991138,76991139,76991140,76991141)"
"157003478","3","20","90203957","91290627","700","900","(31020005,9,31010058,2,31000061,1)","210","0","5","(31140134,1,31102512,1,31090502,1)","0","100","(76991138,76991139,76991140,76991141)"
"157003479","3","20","90203958","91290628","900","1100","(31020005,9,31010058,2,31000061,1)","270","0","5","(31140134,1,31102517,1,31090502,1)","0","100","(76991138,76991139,76991140,76991141)"
"157003480","3","20","90203959","91290629","1100","1300","(31020005,9,31010058,2,31000061,1)","330","0","5","(31140134,1,31102522,1,31090502,1)","0","100","(76991138,76991139,76991140,76991141)"
"157003481","3","20","90203960","91290630","1300","1600","(31020005,15,31010058,3,31000061,1)","390","90203634","5","(31090501,1,31102208,1,31090502,1)","0","100","(76991142,76991143,76991144,76991145)"
"157003482","3","20","90203961","91290631","1600","1900","(31020005,15,31010058,3,31000061,1)","480","0","5","(31090501,1,31102218,1,31090502,1)","0","100","(76991142,76991143,76991144,76991145)"
"157003483","3","20","90203962","91290632","1900","2200","(31020005,15,31010058,3,31000061,1)","570","0","5","(31090501,1,31102228,1,31090502,1)","0","100","(76991142,76991143,76991144,76991145)"
"157003484","3","20","90203963","91290633","2200","2500","(31020005,15,31010058,3,31000061,1)","660","0","5","(31090501,1,31102238,1,31090502,1)","0","100","(76991142,76991143,76991144,76991145)"
"157003485","3","20","90203964","91290634","2500","2800","(31020005,15,31010058,3,31000061,1)","750","0","5","(31090501,1,31102248,1,31090502,1)","0","100","(76991142,76991143,76991144,76991145)"
"157003486","3","20","90203965","91290635","2800","3200","(31100078,1,31020005,15,31010058,4,31000061,1)","840","90203635","5","(31090501,1,31102503,1,31090502,2)","39000079","80","(76991146,76991147,76991148,76991149)"
"157003487","3","20","90203966","91290636","3200","3600","(31100078,1,31020005,15,31010058,4,31000061,1)","960","0","5","(31090501,1,31102508,1,31090502,2)","39000079","80","(76991146,76991147,76991148,76991149)"
"157003488","3","20","90203967","91290637","3600","4000","(31100078,1,31020005,15,31010058,4,31000061,1)","1080","0","5","(31090501,1,31102513,1,31090502,2)","39000079","80","(76991146,76991147,76991148,76991149)"
"157003489","3","20","90203968","91290638","4000","4400","(31100078,1,31020005,15,31010058,4,31000061,1)","1200","0","5","(31090501,1,31102518,1,31090502,2)","39000079","80","(76991146,76991147,76991148,76991149)"
"157003490","3","20","90203969","91290639","4400","4800","(31100078,1,31020005,15,31010058,4,31000061,1)","1320","0","5","(31090501,1,31102523,1,31090502,2)","39000079","80","(76991146,76991147,76991148,76991149)"
"157003491","3","20","90203970","91290640","4800","5300","(31100079,1,31020005,21,31010058,5,31000061,1)","1440","90203636","5","(31090501,1,31102209,1,31090502,2)","39000080","65","(76991150,76991151,76991152,76991153)"
"157003492","3","20","90203971","91290641","5300","5800","(31100079,1,31020005,21,31010058,5,31000061,1)","1590","0","5","(31090501,1,31102219,1,31090502,2)","39000080","65","(76991150,76991151,76991152,76991153)"
"157003493","3","20","90203972","91290642","5800","6300","(31100079,1,31020005,21,31010058,5,31000061,1)","1740","0","5","(31090501,1,31102229,1,31090502,2)","39000080","65","(76991150,76991151,76991152,76991153)"
"157003494","3","20","90203973","91290643","6300","6800","(31100079,1,31020005,21,31010058,5,31000061,1)","1890","0","5","(31090501,1,31102239,1,31090502,2)","39000080","65","(76991150,76991151,76991152,76991153)"
"157003495","3","20","90203974","91290644","6800","7300","(31100079,1,31020005,21,31010058,5,31000061,1)","2040","0","5","(31090501,1,31102249,1,31090502,2)","39000080","65","(76991150,76991151,76991152,76991153)"
"157003496","3","20","90203975","91290645","7300","7900","(31100080,1,31020005,30,31010058,6,31000061,1)","2190","90203637","5","(31090501,1,31102504,1,31000166,3)","39000081","50","(76991154,76991155,76991156,76991157)"
"157003497","3","20","90203976","91290646","7900","8500","(31100080,1,31020005,30,31010058,6,31000061,1)","2370","0","5","(31090501,1,31102509,1,31000166,3)","39000081","50","(76991154,76991155,76991156,76991157)"
"157003498","3","20","90203977","91290647","8500","9200","(31100080,1,31020005,30,31010058,6,31000061,1)","2550","0","5","(31090501,1,31102514,1,31000166,3)","39000081","50","(76991154,76991155,76991156,76991157)"
"157003499","3","20","90203978","91290648","9200","10000","(31100080,1,31020005,30,31010058,6,31000061,1)","2760","0","5","(31090501,1,31102519,1,31000166,3)","39000081","50","(76991154,76991155,76991156,76991157)"
"157003500","3","20","90203979","91290649","10000","999999","(31100080,1,31020005,30,31010058,6,31000061,1)","3000","0","5","(31090501,1,31102524,1,31000166,3)","39000081","50","(76991154,76991155,76991156,76991157)"
"157003501","3","21","90203952","91290622","0","100","(31020005,6,31010058,1,31000061,1)","0","90203632","5","(31140133,1,31102501,1,31090502,1)","0","100","(76991134,76991135,76991136,76991137)"
"157003502","3","21","90203953","91290623","100","200","(31020005,6,31010058,1,31000061,1)","0","0","5","(31140133,1,31102511,1,31090502,1)","0","100","(76991134,76991135,76991136,76991137)"
"157003503","3","21","90203954","91290624","200","300","(31020005,6,31010058,1,31000061,1)","0","0","5","(31140133,1,31102521,1,31090502,1)","0","100","(76991134,76991135,76991136,76991137)"
"157003504","3","21","90203955","91290625","300","500","(31020005,9,31010058,2,31000061,1)","90","90203633","5","(31140134,1,31102502,1,31090502,1)","0","100","(76991138,76991139,76991140,76991141)"
"157003505","3","21","90203956","91290626","500","700","(31020005,9,31010058,2,31000061,1)","150","0","5","(31140134,1,31102507,1,31090502,1)","0","100","(76991138,76991139,76991140,76991141)"
"157003506","3","21","90203957","91290627","700","900","(31020005,9,31010058,2,31000061,1)","210","0","5","(31140134,1,31102512,1,31090502,1)","0","100","(76991138,76991139,76991140,76991141)"
"157003507","3","21","90203958","91290628","900","1100","(31020005,9,31010058,2,31000061,1)","270","0","5","(31140134,1,31102517,1,31090502,1)","0","100","(76991138,76991139,76991140,76991141)"
"157003508","3","21","90203959","91290629","1100","1300","(31020005,9,31010058,2,31000061,1)","330","0","5","(31140134,1,31102522,1,31090502,1)","0","100","(76991138,76991139,76991140,76991141)"
"157003509","3","21","90203960","91290630","1300","1600","(31020005,15,31010058,3,31000061,1)","390","90203634","5","(31090501,1,31102208,1,31090502,1)","0","100","(76991142,76991143,76991144,76991145)"
"157003510","3","21","90203961","91290631","1600","1900","(31020005,15,31010058,3,31000061,1)","480","0","5","(31090501,1,31102218,1,31090502,1)","0","100","(76991142,76991143,76991144,76991145)"
"157003511","3","21","90203962","91290632","1900","2200","(31020005,15,31010058,3,31000061,1)","570","0","5","(31090501,1,31102228,1,31090502,1)","0","100","(76991142,76991143,76991144,76991145)"
"157003512","3","21","90203963","91290633","2200","2500","(31020005,15,31010058,3,31000061,1)","660","0","5","(31090501,1,31102238,1,31090502,1)","0","100","(76991142,76991143,76991144,76991145)"
"157003513","3","21","90203964","91290634","2500","2800","(31020005,15,31010058,3,31000061,1)","750","0","5","(31090501,1,31102248,1,31090502,1)","0","100","(76991142,76991143,76991144,76991145)"
"157003514","3","21","90203965","91290635","2800","3200","(31100078,1,31020005,15,31010058,4,31000061,1)","840","90203635","5","(31090501,1,31102503,1,31090502,2)","39000079","80","(76991146,76991147,76991148,76991149)"
"157003515","3","21","90203966","91290636","3200","3600","(31100078,1,31020005,15,31010058,4,31000061,1)","960","0","5","(31090501,1,31102508,1,31090502,2)","39000079","80","(76991146,76991147,76991148,76991149)"
"157003516","3","21","90203967","91290637","3600","4000","(31100078,1,31020005,15,31010058,4,31000061,1)","1080","0","5","(31090501,1,31102513,1,31090502,2)","39000079","80","(76991146,76991147,76991148,76991149)"
"157003517","3","21","90203968","91290638","4000","4400","(31100078,1,31020005,15,31010058,4,31000061,1)","1200","0","5","(31090501,1,31102518,1,31090502,2)","39000079","80","(76991146,76991147,76991148,76991149)"
"157003518","3","21","90203969","91290639","4400","4800","(31100078,1,31020005,15,31010058,4,31000061,1)","1320","0","5","(31090501,1,31102523,1,31090502,2)","39000079","80","(76991146,76991147,76991148,76991149)"
"157003519","3","21","90203970","91290640","4800","5300","(31100079,1,31020005,21,31010058,5,31000061,1)","1440","90203636","5","(31090501,1,31102209,1,31090502,2)","39000080","65","(76991150,76991151,76991152,76991153)"
"157003520","3","21","90203971","91290641","5300","5800","(31100079,1,31020005,21,31010058,5,31000061,1)","1590","0","5","(31090501,1,31102219,1,31090502,2)","39000080","65","(76991150,76991151,76991152,76991153)"
"157003521","3","21","90203972","91290642","5800","6300","(31100079,1,31020005,21,31010058,5,31000061,1)","1740","0","5","(31090501,1,31102229,1,31090502,2)","39000080","65","(76991150,76991151,76991152,76991153)"
"157003522","3","21","90203973","91290643","6300","6800","(31100079,1,31020005,21,31010058,5,31000061,1)","1890","0","5","(31090501,1,31102239,1,31090502,2)","39000080","65","(76991150,76991151,76991152,76991153)"
"157003523","3","21","90203974","91290644","6800","7300","(31100079,1,31020005,21,31010058,5,31000061,1)","2040","0","5","(31090501,1,31102249,1,31090502,2)","39000080","65","(76991150,76991151,76991152,76991153)"
"157003524","3","21","90203975","91290645","7300","7900","(31100080,1,31020005,30,31010058,6,31000061,1)","2190","90203637","5","(31090501,1,31102504,1,31000166,3)","39000081","50","(76991154,76991155,76991156,76991157)"
"157003525","3","21","90203976","91290646","7900","8500","(31100080,1,31020005,30,31010058,6,31000061,1)","2370","0","5","(31090501,1,31102509,1,31000166,3)","39000081","50","(76991154,76991155,76991156,76991157)"
"157003526","3","21","90203977","91290647","8500","9200","(31100080,1,31020005,30,31010058,6,31000061,1)","2550","0","5","(31090501,1,31102514,1,31000166,3)","39000081","50","(76991154,76991155,76991156,76991157)"
"157003527","3","21","90203978","91290648","9200","10000","(31100080,1,31020005,30,31010058,6,31000061,1)","2760","0","5","(31090501,1,31102519,1,31000166,3)","39000081","50","(76991154,76991155,76991156,76991157)"
"157003528","3","21","90203979","91290649","10000","999999","(31100080,1,31020005,30,31010058,6,31000061,1)","3000","0","5","(31090501,1,31102524,1,31000166,3)","39000081","50","(76991154,76991155,76991156,76991157)"
"157003529","3","22","90203952","91290622","0","100","(31020005,6,31010058,1,31000061,1)","0","90203632","5","(31140133,1,31102501,1,31090502,1)","0","100","(76991134,76991135,76991136,76991137)"
"157003530","3","22","90203953","91290623","100","200","(31020005,6,31010058,1,31000061,1)","0","0","5","(31140133,1,31102511,1,31090502,1)","0","100","(76991134,76991135,76991136,76991137)"
"157003531","3","22","90203954","91290624","200","300","(31020005,6,31010058,1,31000061,1)","0","0","5","(31140133,1,31102521,1,31090502,1)","0","100","(76991134,76991135,76991136,76991137)"
"157003532","3","22","90203955","91290625","300","500","(31020005,9,31010058,2,31000061,1)","90","90203633","5","(31140134,1,31102502,1,31090502,1)","0","100","(76991138,76991139,76991140,76991141)"
"157003533","3","22","90203956","91290626","500","700","(31020005,9,31010058,2,31000061,1)","150","0","5","(31140134,1,31102507,1,31090502,1)","0","100","(76991138,76991139,76991140,76991141)"
"157003534","3","22","90203957","91290627","700","900","(31020005,9,31010058,2,31000061,1)","210","0","5","(31140134,1,31102512,1,31090502,1)","0","100","(76991138,76991139,76991140,76991141)"
"157003535","3","22","90203958","91290628","900","1100","(31020005,9,31010058,2,31000061,1)","270","0","5","(31140134,1,31102517,1,31090502,1)","0","100","(76991138,76991139,76991140,76991141)"
"157003536","3","22","90203959","91290629","1100","1300","(31020005,9,31010058,2,31000061,1)","330","0","5","(31140134,1,31102522,1,31090502,1)","0","100","(76991138,76991139,76991140,76991141)"
"157003537","3","22","90203960","91290630","1300","1600","(31020005,15,31010058,3,31000061,1)","390","90203634","5","(31090501,1,31102208,1,31090502,1)","0","100","(76991142,76991143,76991144,76991145)"
"157003538","3","22","90203961","91290631","1600","1900","(31020005,15,31010058,3,31000061,1)","480","0","5","(31090501,1,31102218,1,31090502,1)","0","100","(76991142,76991143,76991144,76991145)"
"157003539","3","22","90203962","91290632","1900","2200","(31020005,15,31010058,3,31000061,1)","570","0","5","(31090501,1,31102228,1,31090502,1)","0","100","(76991142,76991143,76991144,76991145)"
"157003540","3","22","90203963","91290633","2200","2500","(31020005,15,31010058,3,31000061,1)","660","0","5","(31090501,1,31102238,1,31090502,1)","0","100","(76991142,76991143,76991144,76991145)"
"157003541","3","22","90203964","91290634","2500","2800","(31020005,15,31010058,3,31000061,1)","750","0","5","(31090501,1,31102248,1,31090502,1)","0","100","(76991142,76991143,76991144,76991145)"
"157003542","3","22","90203965","91290635","2800","3200","(31100078,1,31020005,15,31010058,4,31000061,1)","840","90203635","5","(31090501,1,31102503,1,31090502,2)","39000079","80","(76991146,76991147,76991148,76991149)"
"157003543","3","22","90203966","91290636","3200","3600","(31100078,1,31020005,15,31010058,4,31000061,1)","960","0","5","(31090501,1,31102508,1,31090502,2)","39000079","80","(76991146,76991147,76991148,76991149)"
"157003544","3","22","90203967","91290637","3600","4000","(31100078,1,31020005,15,31010058,4,31000061,1)","1080","0","5","(31090501,1,31102513,1,31090502,2)","39000079","80","(76991146,76991147,76991148,76991149)"
"157003545","3","22","90203968","91290638","4000","4400","(31100078,1,31020005,15,31010058,4,31000061,1)","1200","0","5","(31090501,1,31102518,1,31090502,2)","39000079","80","(76991146,76991147,76991148,76991149)"
"157003546","3","22","90203969","91290639","4400","4800","(31100078,1,31020005,15,31010058,4,31000061,1)","1320","0","5","(31090501,1,31102523,1,31090502,2)","39000079","80","(76991146,76991147,76991148,76991149)"
"157003547","3","22","90203970","91290640","4800","5300","(31100079,1,31020005,21,31010058,5,31000061,1)","1440","90203636","5","(31090501,1,31102209,1,31090502,2)","39000080","65","(76991150,76991151,76991152,76991153)"
"157003548","3","22","90203971","91290641","5300","5800","(31100079,1,31020005,21,31010058,5,31000061,1)","1590","0","5","(31090501,1,31102219,1,31090502,2)","39000080","65","(76991150,76991151,76991152,76991153)"
"157003549","3","22","90203972","91290642","5800","6300","(31100079,1,31020005,21,31010058,5,31000061,1)","1740","0","5","(31090501,1,31102229,1,31090502,2)","39000080","65","(76991150,76991151,76991152,76991153)"
"157003550","3","22","90203973","91290643","6300","6800","(31100079,1,31020005,21,31010058,5,31000061,1)","1890","0","5","(31090501,1,31102239,1,31090502,2)","39000080","65","(76991150,76991151,76991152,76991153)"
"157003551","3","22","90203974","91290644","6800","7300","(31100079,1,31020005,21,31010058,5,31000061,1)","2040","0","5","(31090501,1,31102249,1,31090502,2)","39000080","65","(76991150,76991151,76991152,76991153)"
"157003552","3","22","90203975","91290645","7300","7900","(31100080,1,31020005,30,31010058,6,31000061,1)","2190","90203637","5","(31090501,1,31102504,1,31000166,3)","39000081","50","(76991154,76991155,76991156,76991157)"
"157003553","3","22","90203976","91290646","7900","8500","(31100080,1,31020005,30,31010058,6,31000061,1)","2370","0","5","(31090501,1,31102509,1,31000166,3)","39000081","50","(76991154,76991155,76991156,76991157)"
"157003554","3","22","90203977","91290647","8500","9200","(31100080,1,31020005,30,31010058,6,31000061,1)","2550","0","5","(31090501,1,31102514,1,31000166,3)","39000081","50","(76991154,76991155,76991156,76991157)"
"157003555","3","22","90203978","91290648","9200","10000","(31100080,1,31020005,30,31010058,6,31000061,1)","2760","0","5","(31090501,1,31102519,1,31000166,3)","39000081","50","(76991154,76991155,76991156,76991157)"
"157003556","3","22","90203979","91290649","10000","999999","(31100080,1,31020005,30,31010058,6,31000061,1)","3000","0","5","(31090501,1,31102524,1,31000166,3)","39000081","50","(76991154,76991155,76991156,76991157)"
"157003557","3","23","90203952","91290622","0","100","(31020005,6,31010058,1,31000061,1)","0","90203632","5","(31140133,1,31102501,1,31090502,1)","0","100","(76991134,76991135,76991136,76991137)"
"157003558","3","23","90203953","91290623","100","200","(31020005,6,31010058,1,31000061,1)","0","0","5","(31140133,1,31102511,1,31090502,1)","0","100","(76991134,76991135,76991136,76991137)"
"157003559","3","23","90203954","91290624","200","300","(31020005,6,31010058,1,31000061,1)","0","0","5","(31140133,1,31102521,1,31090502,1)","0","100","(76991134,76991135,76991136,76991137)"
"157003560","3","23","90203955","91290625","300","500","(31020005,9,31010058,2,31000061,1)","90","90203633","5","(31140134,1,31102502,1,31090502,1)","0","100","(76991138,76991139,76991140,76991141)"
"157003561","3","23","90203956","91290626","500","700","(31020005,9,31010058,2,31000061,1)","150","0","5","(31140134,1,31102507,1,31090502,1)","0","100","(76991138,76991139,76991140,76991141)"
"157003562","3","23","90203957","91290627","700","900","(31020005,9,31010058,2,31000061,1)","210","0","5","(31140134,1,31102512,1,31090502,1)","0","100","(76991138,76991139,76991140,76991141)"
"157003563","3","23","90203958","91290628","900","1100","(31020005,9,31010058,2,31000061,1)","270","0","5","(31140134,1,31102517,1,31090502,1)","0","100","(76991138,76991139,76991140,76991141)"
"157003564","3","23","90203959","91290629","1100","1300","(31020005,9,31010058,2,31000061,1)","330","0","5","(31140134,1,31102522,1,31090502,1)","0","100","(76991138,76991139,76991140,76991141)"
"157003565","3","23","90203960","91290630","1300","1600","(31020005,15,31010058,3,31000061,1)","390","90203634","5","(31090501,1,31102208,1,31090502,1)","0","100","(76991142,76991143,76991144,76991145)"
"157003566","3","23","90203961","91290631","1600","1900","(31020005,15,31010058,3,31000061,1)","480","0","5","(31090501,1,31102218,1,31090502,1)","0","100","(76991142,76991143,76991144,76991145)"
"157003567","3","23","90203962","91290632","1900","2200","(31020005,15,31010058,3,31000061,1)","570","0","5","(31090501,1,31102228,1,31090502,1)","0","100","(76991142,76991143,76991144,76991145)"
"157003568","3","23","90203963","91290633","2200","2500","(31020005,15,31010058,3,31000061,1)","660","0","5","(31090501,1,31102238,1,31090502,1)","0","100","(76991142,76991143,76991144,76991145)"
"157003569","3","23","90203964","91290634","2500","2800","(31020005,15,31010058,3,31000061,1)","750","0","5","(31090501,1,31102248,1,31090502,1)","0","100","(76991142,76991143,76991144,76991145)"
"157003570","3","23","90203965","91290635","2800","3200","(31100078,1,31020005,15,31010058,4,31000061,1)","840","90203635","5","(31090501,1,31102503,1,31090502,2)","39000079","80","(76991146,76991147,76991148,76991149)"
"157003571","3","23","90203966","91290636","3200","3600","(31100078,1,31020005,15,31010058,4,31000061,1)","960","0","5","(31090501,1,31102508,1,31090502,2)","39000079","80","(76991146,76991147,76991148,76991149)"
"157003572","3","23","90203967","91290637","3600","4000","(31100078,1,31020005,15,31010058,4,31000061,1)","1080","0","5","(31090501,1,31102513,1,31090502,2)","39000079","80","(76991146,76991147,76991148,76991149)"
"157003573","3","23","90203968","91290638","4000","4400","(31100078,1,31020005,15,31010058,4,31000061,1)","1200","0","5","(31090501,1,31102518,1,31090502,2)","39000079","80","(76991146,76991147,76991148,76991149)"
"157003574","3","23","90203969","91290639","4400","4800","(31100078,1,31020005,15,31010058,4,31000061,1)","1320","0","5","(31090501,1,31102523,1,31090502,2)","39000079","80","(76991146,76991147,76991148,76991149)"
"157003575","3","23","90203970","91290640","4800","5300","(31100079,1,31020005,21,31010058,5,31000061,1)","1440","90203636","5","(31090501,1,31102209,1,31090502,2)","39000080","65","(76991150,76991151,76991152,76991153)"
"157003576","3","23","90203971","91290641","5300","5800","(31100079,1,31020005,21,31010058,5,31000061,1)","1590","0","5","(31090501,1,31102219,1,31090502,2)","39000080","65","(76991150,76991151,76991152,76991153)"
"157003577","3","23","90203972","91290642","5800","6300","(31100079,1,31020005,21,31010058,5,31000061,1)","1740","0","5","(31090501,1,31102229,1,31090502,2)","39000080","65","(76991150,76991151,76991152,76991153)"
"157003578","3","23","90203973","91290643","6300","6800","(31100079,1,31020005,21,31010058,5,31000061,1)","1890","0","5","(31090501,1,31102239,1,31090502,2)","39000080","65","(76991150,76991151,76991152,76991153)"
"157003579","3","23","90203974","91290644","6800","7300","(31100079,1,31020005,21,31010058,5,31000061,1)","2040","0","5","(31090501,1,31102249,1,31090502,2)","39000080","65","(76991150,76991151,76991152,76991153)"
"157003580","3","23","90203975","91290645","7300","7900","(31100080,1,31020005,30,31010058,6,31000061,1)","2190","90203637","5","(31090501,1,31102504,1,31000166,3)","39000081","50","(76991154,76991155,76991156,76991157)"
"157003581","3","23","90203976","91290646","7900","8500","(31100080,1,31020005,30,31010058,6,31000061,1)","2370","0","5","(31090501,1,31102509,1,31000166,3)","39000081","50","(76991154,76991155,76991156,76991157)"
"157003582","3","23","90203977","91290647","8500","9200","(31100080,1,31020005,30,31010058,6,31000061,1)","2550","0","5","(31090501,1,31102514,1,31000166,3)","39000081","50","(76991154,76991155,76991156,76991157)"
"157003583","3","23","90203978","91290648","9200","10000","(31100080,1,31020005,30,31010058,6,31000061,1)","2760","0","5","(31090501,1,31102519,1,31000166,3)","39000081","50","(76991154,76991155,76991156,76991157)"
"157003584","3","23","90203979","91290649","10000","999999","(31100080,1,31020005,30,31010058,6,31000061,1)","3000","0","5","(31090501,1,31102524,1,31000166,3)","39000081","50","(76991154,76991155,76991156,76991157)"
"157003585","3","24","90203952","91290622","0","100","(31020005,6,31010058,1,31000061,1)","0","90203632","5","(31140133,1,31102501,1,31090502,1)","0","100","(76991134,76991135,76991136,76991137)"
"157003586","3","24","90203953","91290623","100","200","(31020005,6,31010058,1,31000061,1)","0","0","5","(31140133,1,31102511,1,31090502,1)","0","100","(76991134,76991135,76991136,76991137)"
"157003587","3","24","90203954","91290624","200","300","(31020005,6,31010058,1,31000061,1)","0","0","5","(31140133,1,31102521,1,31090502,1)","0","100","(76991134,76991135,76991136,76991137)"
"157003588","3","24","90203955","91290625","300","500","(31020005,9,31010058,2,31000061,1)","90","90203633","5","(31140134,1,31102502,1,31090502,1)","0","100","(76991138,76991139,76991140,76991141)"
"157003589","3","24","90203956","91290626","500","700","(31020005,9,31010058,2,31000061,1)","150","0","5","(31140134,1,31102507,1,31090502,1)","0","100","(76991138,76991139,76991140,76991141)"
"157003590","3","24","90203957","91290627","700","900","(31020005,9,31010058,2,31000061,1)","210","0","5","(31140134,1,31102512,1,31090502,1)","0","100","(76991138,76991139,76991140,76991141)"
"157003591","3","24","90203958","91290628","900","1100","(31020005,9,31010058,2,31000061,1)","270","0","5","(31140134,1,31102517,1,31090502,1)","0","100","(76991138,76991139,76991140,76991141)"
"157003592","3","24","90203959","91290629","1100","1300","(31020005,9,31010058,2,31000061,1)","330","0","5","(31140134,1,31102522,1,31090502,1)","0","100","(76991138,76991139,76991140,76991141)"
"157003593","3","24","90203960","91290630","1300","1600","(31020005,15,31010058,3,31000061,1)","390","90203634","5","(31090501,1,31102208,1,31090502,1)","0","100","(76991142,76991143,76991144,76991145)"
"157003594","3","24","90203961","91290631","1600","1900","(31020005,15,31010058,3,31000061,1)","480","0","5","(31090501,1,31102218,1,31090502,1)","0","100","(76991142,76991143,76991144,76991145)"
"157003595","3","24","90203962","91290632","1900","2200","(31020005,15,31010058,3,31000061,1)","570","0","5","(31090501,1,31102228,1,31090502,1)","0","100","(76991142,76991143,76991144,76991145)"
"157003596","3","24","90203963","91290633","2200","2500","(31020005,15,31010058,3,31000061,1)","660","0","5","(31090501,1,31102238,1,31090502,1)","0","100","(76991142,76991143,76991144,76991145)"
"157003597","3","24","90203964","91290634","2500","2800","(31020005,15,31010058,3,31000061,1)","750","0","5","(31090501,1,31102248,1,31090502,1)","0","100","(76991142,76991143,76991144,76991145)"
"157003598","3","24","90203965","91290635","2800","3200","(31100078,1,31020005,15,31010058,4,31000061,1)","840","90203635","5","(31090501,1,31102503,1,31090502,2)","39000079","80","(76991146,76991147,76991148,76991149)"
"157003599","3","24","90203966","91290636","3200","3600","(31100078,1,31020005,15,31010058,4,31000061,1)","960","0","5","(31090501,1,31102508,1,31090502,2)","39000079","80","(76991146,76991147,76991148,76991149)"
"157003600","3","24","90203967","91290637","3600","4000","(31100078,1,31020005,15,31010058,4,31000061,1)","1080","0","5","(31090501,1,31102513,1,31090502,2)","39000079","80","(76991146,76991147,76991148,76991149)"
"157003601","3","24","90203968","91290638","4000","4400","(31100078,1,31020005,15,31010058,4,31000061,1)","1200","0","5","(31090501,1,31102518,1,31090502,2)","39000079","80","(76991146,76991147,76991148,76991149)"
"157003602","3","24","90203969","91290639","4400","4800","(31100078,1,31020005,15,31010058,4,31000061,1)","1320","0","5","(31090501,1,31102523,1,31090502,2)","39000079","80","(76991146,76991147,76991148,76991149)"
"157003603","3","24","90203970","91290640","4800","5300","(31100079,1,31020005,21,31010058,5,31000061,1)","1440","90203636","5","(31090501,1,31102209,1,31090502,2)","39000080","65","(76991150,76991151,76991152,76991153)"
"157003604","3","24","90203971","91290641","5300","5800","(31100079,1,31020005,21,31010058,5,31000061,1)","1590","0","5","(31090501,1,31102219,1,31090502,2)","39000080","65","(76991150,76991151,76991152,76991153)"
"157003605","3","24","90203972","91290642","5800","6300","(31100079,1,31020005,21,31010058,5,31000061,1)","1740","0","5","(31090501,1,31102229,1,31090502,2)","39000080","65","(76991150,76991151,76991152,76991153)"
"157003606","3","24","90203973","91290643","6300","6800","(31100079,1,31020005,21,31010058,5,31000061,1)","1890","0","5","(31090501,1,31102239,1,31090502,2)","39000080","65","(76991150,76991151,76991152,76991153)"
"157003607","3","24","90203974","91290644","6800","7300","(31100079,1,31020005,21,31010058,5,31000061,1)","2040","0","5","(31090501,1,31102249,1,31090502,2)","39000080","65","(76991150,76991151,76991152,76991153)"
"157003608","3","24","90203975","91290645","7300","7900","(31100080,1,31020005,30,31010058,6,31000061,1)","2190","90203637","5","(31090501,1,31102504,1,31000166,3)","39000081","50","(76991154,76991155,76991156,76991157)"
"157003609","3","24","90203976","91290646","7900","8500","(31100080,1,31020005,30,31010058,6,31000061,1)","2370","0","5","(31090501,1,31102509,1,31000166,3)","39000081","50","(76991154,76991155,76991156,76991157)"
"157003610","3","24","90203977","91290647","8500","9200","(31100080,1,31020005,30,31010058,6,31000061,1)","2550","0","5","(31090501,1,31102514,1,31000166,3)","39000081","50","(76991154,76991155,76991156,76991157)"
"157003611","3","24","90203978","91290648","9200","10000","(31100080,1,31020005,30,31010058,6,31000061,1)","2760","0","5","(31090501,1,31102519,1,31000166,3)","39000081","50","(76991154,76991155,76991156,76991157)"
"157003612","3","24","90203979","91290649","10000","999999","(31100080,1,31020005,30,31010058,6,31000061,1)","3000","0","5","(31090501,1,31102524,1,31000166,3)","39000081","50","(76991154,76991155,76991156,76991157)"
"157003613","3","25","90203952","91290622","0","100","(31020005,6,31010058,1,31000061,1)","0","90203632","5","(31140133,1,31102501,1,31090502,1)","0","100","(76991134,76991135,76991136,76991137)"
"157003614","3","25","90203953","91290623","100","200","(31020005,6,31010058,1,31000061,1)","0","0","5","(31140133,1,31102511,1,31090502,1)","0","100","(76991134,76991135,76991136,76991137)"
"157003615","3","25","90203954","91290624","200","300","(31020005,6,31010058,1,31000061,1)","0","0","5","(31140133,1,31102521,1,31090502,1)","0","100","(76991134,76991135,76991136,76991137)"
"157003616","3","25","90203955","91290625","300","500","(31020005,9,31010058,2,31000061,1)","90","90203633","5","(31140134,1,31102502,1,31090502,1)","0","100","(76991138,76991139,76991140,76991141)"
"157003617","3","25","90203956","91290626","500","700","(31020005,9,31010058,2,31000061,1)","150","0","5","(31140134,1,31102507,1,31090502,1)","0","100","(76991138,76991139,76991140,76991141)"
"157003618","3","25","90203957","91290627","700","900","(31020005,9,31010058,2,31000061,1)","210","0","5","(31140134,1,31102512,1,31090502,1)","0","100","(76991138,76991139,76991140,76991141)"
"157003619","3","25","90203958","91290628","900","1100","(31020005,9,31010058,2,31000061,1)","270","0","5","(31140134,1,31102517,1,31090502,1)","0","100","(76991138,76991139,76991140,76991141)"
"157003620","3","25","90203959","91290629","1100","1300","(31020005,9,31010058,2,31000061,1)","330","0","5","(31140134,1,31102522,1,31090502,1)","0","100","(76991138,76991139,76991140,76991141)"
"157003621","3","25","90203960","91290630","1300","1600","(31020005,15,31010058,3,31000061,1)","390","90203634","5","(31090501,1,31102208,1,31090502,1)","0","100","(76991142,76991143,76991144,76991145)"
"157003622","3","25","90203961","91290631","1600","1900","(31020005,15,31010058,3,31000061,1)","480","0","5","(31090501,1,31102218,1,31090502,1)","0","100","(76991142,76991143,76991144,76991145)"
"157003623","3","25","90203962","91290632","1900","2200","(31020005,15,31010058,3,31000061,1)","570","0","5","(31090501,1,31102228,1,31090502,1)","0","100","(76991142,76991143,76991144,76991145)"
"157003624","3","25","90203963","91290633","2200","2500","(31020005,15,31010058,3,31000061,1)","660","0","5","(31090501,1,31102238,1,31090502,1)","0","100","(76991142,76991143,76991144,76991145)"
"157003625","3","25","90203964","91290634","2500","2800","(31020005,15,31010058,3,31000061,1)","750","0","5","(31090501,1,31102248,1,31090502,1)","0","100","(76991142,76991143,76991144,76991145)"
"157003626","3","25","90203965","91290635","2800","3200","(31100078,1,31020005,15,31010058,4,31000061,1)","840","90203635","5","(31090501,1,31102503,1,31090502,2)","39000079","80","(76991146,76991147,76991148,76991149)"
"157003627","3","25","90203966","91290636","3200","3600","(31100078,1,31020005,15,31010058,4,31000061,1)","960","0","5","(31090501,1,31102508,1,31090502,2)","39000079","80","(76991146,76991147,76991148,76991149)"
"157003628","3","25","90203967","91290637","3600","4000","(31100078,1,31020005,15,31010058,4,31000061,1)","1080","0","5","(31090501,1,31102513,1,31090502,2)","39000079","80","(76991146,76991147,76991148,76991149)"
"157003629","3","25","90203968","91290638","4000","4400","(31100078,1,31020005,15,31010058,4,31000061,1)","1200","0","5","(31090501,1,31102518,1,31090502,2)","39000079","80","(76991146,76991147,76991148,76991149)"
"157003630","3","25","90203969","91290639","4400","4800","(31100078,1,31020005,15,31010058,4,31000061,1)","1320","0","5","(31090501,1,31102523,1,31090502,2)","39000079","80","(76991146,76991147,76991148,76991149)"
"157003631","3","25","90203970","91290640","4800","5300","(31100079,1,31020005,21,31010058,5,31000061,1)","1440","90203636","5","(31090501,1,31102209,1,31090502,2)","39000080","65","(76991150,76991151,76991152,76991153)"
"157003632","3","25","90203971","91290641","5300","5800","(31100079,1,31020005,21,31010058,5,31000061,1)","1590","0","5","(31090501,1,31102219,1,31090502,2)","39000080","65","(76991150,76991151,76991152,76991153)"
"157003633","3","25","90203972","91290642","5800","6300","(31100079,1,31020005,21,31010058,5,31000061,1)","1740","0","5","(31090501,1,31102229,1,31090502,2)","39000080","65","(76991150,76991151,76991152,76991153)"
"157003634","3","25","90203973","91290643","6300","6800","(31100079,1,31020005,21,31010058,5,31000061,1)","1890","0","5","(31090501,1,31102239,1,31090502,2)","39000080","65","(76991150,76991151,76991152,76991153)"
"157003635","3","25","90203974","91290644","6800","7300","(31100079,1,31020005,21,31010058,5,31000061,1)","2040","0","5","(31090501,1,31102249,1,31090502,2)","39000080","65","(76991150,76991151,76991152,76991153)"
"157003636","3","25","90203975","91290645","7300","7900","(31100080,1,31020005,30,31010058,6,31000061,1)","2190","90203637","5","(31090501,1,31102504,1,31000166,3)","39000081","50","(76991154,76991155,76991156,76991157)"
"157003637","3","25","90203976","91290646","7900","8500","(31100080,1,31020005,30,31010058,6,31000061,1)","2370","0","5","(31090501,1,31102509,1,31000166,3)","39000081","50","(76991154,76991155,76991156,76991157)"
"157003638","3","25","90203977","91290647","8500","9200","(31100080,1,31020005,30,31010058,6,31000061,1)","2550","0","5","(31090501,1,31102514,1,31000166,3)","39000081","50","(76991154,76991155,76991156,76991157)"
"157003639","3","25","90203978","91290648","9200","10000","(31100080,1,31020005,30,31010058,6,31000061,1)","2760","0","5","(31090501,1,31102519,1,31000166,3)","39000081","50","(76991154,76991155,76991156,76991157)"
"157003640","3","25","90203979","91290649","10000","999999","(31100080,1,31020005,30,31010058,6,31000061,1)","3000","0","5","(31090501,1,31102524,1,31000166,3)","39000081","50","(76991154,76991155,76991156,76991157)"
"157003641","3","26","90203952","91290622","0","100","(31020005,6,31010058,1,31000061,1)","0","90203632","5","(31140133,1,31102501,1,31090502,1)","0","100","(76991134,76991135,76991136,76991137)"
"157003642","3","26","90203953","91290623","100","200","(31020005,6,31010058,1,31000061,1)","0","0","5","(31140133,1,31102511,1,31090502,1)","0","100","(76991134,76991135,76991136,76991137)"
"157003643","3","26","90203954","91290624","200","300","(31020005,6,31010058,1,31000061,1)","0","0","5","(31140133,1,31102521,1,31090502,1)","0","100","(76991134,76991135,76991136,76991137)"
"157003644","3","26","90203955","91290625","300","500","(31020005,9,31010058,2,31000061,1)","90","90203633","5","(31140134,1,31102502,1,31090502,1)","0","100","(76991138,76991139,76991140,76991141)"
"157003645","3","26","90203956","91290626","500","700","(31020005,9,31010058,2,31000061,1)","150","0","5","(31140134,1,31102507,1,31090502,1)","0","100","(76991138,76991139,76991140,76991141)"
"157003646","3","26","90203957","91290627","700","900","(31020005,9,31010058,2,31000061,1)","210","0","5","(31140134,1,31102512,1,31090502,1)","0","100","(76991138,76991139,76991140,76991141)"
"157003647","3","26","90203958","91290628","900","1100","(31020005,9,31010058,2,31000061,1)","270","0","5","(31140134,1,31102517,1,31090502,1)","0","100","(76991138,76991139,76991140,76991141)"
"157003648","3","26","90203959","91290629","1100","1300","(31020005,9,31010058,2,31000061,1)","330","0","5","(31140134,1,31102522,1,31090502,1)","0","100","(76991138,76991139,76991140,76991141)"
"157003649","3","26","90203960","91290630","1300","1600","(31020005,15,31010058,3,31000061,1)","390","90203634","5","(31090501,1,31102208,1,31090502,1)","0","100","(76991142,76991143,76991144,76991145)"
"157003650","3","26","90203961","91290631","1600","1900","(31020005,15,31010058,3,31000061,1)","480","0","5","(31090501,1,31102218,1,31090502,1)","0","100","(76991142,76991143,76991144,76991145)"
"157003651","3","26","90203962","91290632","1900","2200","(31020005,15,31010058,3,31000061,1)","570","0","5","(31090501,1,31102228,1,31090502,1)","0","100","(76991142,76991143,76991144,76991145)"
"157003652","3","26","90203963","91290633","2200","2500","(31020005,15,31010058,3,31000061,1)","660","0","5","(31090501,1,31102238,1,31090502,1)","0","100","(76991142,76991143,76991144,76991145)"
"157003653","3","26","90203964","91290634","2500","2800","(31020005,15,31010058,3,31000061,1)","750","0","5","(31090501,1,31102248,1,31090502,1)","0","100","(76991142,76991143,76991144,76991145)"
"157003654","3","26","90203965","91290635","2800","3200","(31100078,1,31020005,15,31010058,4,31000061,1)","840","90203635","5","(31090501,1,31102503,1,31090502,2)","39000079","80","(76991146,76991147,76991148,76991149)"
"157003655","3","26","90203966","91290636","3200","3600","(31100078,1,31020005,15,31010058,4,31000061,1)","960","0","5","(31090501,1,31102508,1,31090502,2)","39000079","80","(76991146,76991147,76991148,76991149)"
"157003656","3","26","90203967","91290637","3600","4000","(31100078,1,31020005,15,31010058,4,31000061,1)","1080","0","5","(31090501,1,31102513,1,31090502,2)","39000079","80","(76991146,76991147,76991148,76991149)"
"157003657","3","26","90203968","91290638","4000","4400","(31100078,1,31020005,15,31010058,4,31000061,1)","1200","0","5","(31090501,1,31102518,1,31090502,2)","39000079","80","(76991146,76991147,76991148,76991149)"
"157003658","3","26","90203969","91290639","4400","4800","(31100078,1,31020005,15,31010058,4,31000061,1)","1320","0","5","(31090501,1,31102523,1,31090502,2)","39000079","80","(76991146,76991147,76991148,76991149)"
"157003659","3","26","90203970","91290640","4800","5300","(31100079,1,31020005,21,31010058,5,31000061,1)","1440","90203636","5","(31090501,1,31102209,1,31090502,2)","39000080","65","(76991150,76991151,76991152,76991153)"
"157003660","3","26","90203971","91290641","5300","5800","(31100079,1,31020005,21,31010058,5,31000061,1)","1590","0","5","(31090501,1,31102219,1,31090502,2)","39000080","65","(76991150,76991151,76991152,76991153)"
"157003661","3","26","90203972","91290642","5800","6300","(31100079,1,31020005,21,31010058,5,31000061,1)","1740","0","5","(31090501,1,31102229,1,31090502,2)","39000080","65","(76991150,76991151,76991152,76991153)"
"157003662","3","26","90203973","91290643","6300","6800","(31100079,1,31020005,21,31010058,5,31000061,1)","1890","0","5","(31090501,1,31102239,1,31090502,2)","39000080","65","(76991150,76991151,76991152,76991153)"
"157003663","3","26","90203974","91290644","6800","7300","(31100079,1,31020005,21,31010058,5,31000061,1)","2040","0","5","(31090501,1,31102249,1,31090502,2)","39000080","65","(76991150,76991151,76991152,76991153)"
"157003664","3","26","90203975","91290645","7300","7900","(31100080,1,31020005,30,31010058,6,31000061,1)","2190","90203637","5","(31090501,1,31102504,1,31000166,3)","39000081","50","(76991154,76991155,76991156,76991157)"
"157003665","3","26","90203976","91290646","7900","8500","(31100080,1,31020005,30,31010058,6,31000061,1)","2370","0","5","(31090501,1,31102509,1,31000166,3)","39000081","50","(76991154,76991155,76991156,76991157)"
"157003666","3","26","90203977","91290647","8500","9200","(31100080,1,31020005,30,31010058,6,31000061,1)","2550","0","5","(31090501,1,31102514,1,31000166,3)","39000081","50","(76991154,76991155,76991156,76991157)"
"157003667","3","26","90203978","91290648","9200","10000","(31100080,1,31020005,30,31010058,6,31000061,1)","2760","0","5","(31090501,1,31102519,1,31000166,3)","39000081","50","(76991154,76991155,76991156,76991157)"
"157003668","3","26","90203979","91290649","10000","999999","(31100080,1,31020005,30,31010058,6,31000061,1)","3000","0","5","(31090501,1,31102524,1,31000166,3)","39000081","50","(76991154,76991155,76991156,76991157)"
"157003669","3","27","90203952","91290622","0","100","(31020005,6,31010058,1,31000061,1)","0","90203632","5","(31140133,1,31102501,1,31090502,1)","0","100","(76991134,76991135,76991136,76991137)"
"157003670","3","27","90203953","91290623","100","200","(31020005,6,31010058,1,31000061,1)","0","0","5","(31140133,1,31102511,1,31090502,1)","0","100","(76991134,76991135,76991136,76991137)"
"157003671","3","27","90203954","91290624","200","300","(31020005,6,31010058,1,31000061,1)","0","0","5","(31140133,1,31102521,1,31090502,1)","0","100","(76991134,76991135,76991136,76991137)"
"157003672","3","27","90203955","91290625","300","500","(31020005,9,31010058,2,31000061,1)","90","90203633","5","(31140134,1,31102502,1,31090502,1)","0","100","(76991138,76991139,76991140,76991141)"
"157003673","3","27","90203956","91290626","500","700","(31020005,9,31010058,2,31000061,1)","150","0","5","(31140134,1,31102507,1,31090502,1)","0","100","(76991138,76991139,76991140,76991141)"
"157003674","3","27","90203957","91290627","700","900","(31020005,9,31010058,2,31000061,1)","210","0","5","(31140134,1,31102512,1,31090502,1)","0","100","(76991138,76991139,76991140,76991141)"
"157003675","3","27","90203958","91290628","900","1100","(31020005,9,31010058,2,31000061,1)","270","0","5","(31140134,1,31102517,1,31090502,1)","0","100","(76991138,76991139,76991140,76991141)"
"157003676","3","27","90203959","91290629","1100","1300","(31020005,9,31010058,2,31000061,1)","330","0","5","(31140134,1,31102522,1,31090502,1)","0","100","(76991138,76991139,76991140,76991141)"
"157003677","3","27","90203960","91290630","1300","1600","(31020005,15,31010058,3,31000061,1)","390","90203634","5","(31090501,1,31102208,1,31090502,1)","0","100","(76991142,76991143,76991144,76991145)"
"157003678","3","27","90203961","91290631","1600","1900","(31020005,15,31010058,3,31000061,1)","480","0","5","(31090501,1,31102218,1,31090502,1)","0","100","(76991142,76991143,76991144,76991145)"
"157003679","3","27","90203962","91290632","1900","2200","(31020005,15,31010058,3,31000061,1)","570","0","5","(31090501,1,31102228,1,31090502,1)","0","100","(76991142,76991143,76991144,76991145)"
"157003680","3","27","90203963","91290633","2200","2500","(31020005,15,31010058,3,31000061,1)","660","0","5","(31090501,1,31102238,1,31090502,1)","0","100","(76991142,76991143,76991144,76991145)"
"157003681","3","27","90203964","91290634","2500","2800","(31020005,15,31010058,3,31000061,1)","750","0","5","(31090501,1,31102248,1,31090502,1)","0","100","(76991142,76991143,76991144,76991145)"
"157003682","3","27","90203965","91290635","2800","3200","(31100078,1,31020005,15,31010058,4,31000061,1)","840","90203635","5","(31090501,1,31102503,1,31090502,2)","39000079","80","(76991146,76991147,76991148,76991149)"
"157003683","3","27","90203966","91290636","3200","3600","(31100078,1,31020005,15,31010058,4,31000061,1)","960","0","5","(31090501,1,31102508,1,31090502,2)","39000079","80","(76991146,76991147,76991148,76991149)"
"157003684","3","27","90203967","91290637","3600","4000","(31100078,1,31020005,15,31010058,4,31000061,1)","1080","0","5","(31090501,1,31102513,1,31090502,2)","39000079","80","(76991146,76991147,76991148,76991149)"
"157003685","3","27","90203968","91290638","4000","4400","(31100078,1,31020005,15,31010058,4,31000061,1)","1200","0","5","(31090501,1,31102518,1,31090502,2)","39000079","80","(76991146,76991147,76991148,76991149)"
"157003686","3","27","90203969","91290639","4400","4800","(31100078,1,31020005,15,31010058,4,31000061,1)","1320","0","5","(31090501,1,31102523,1,31090502,2)","39000079","80","(76991146,76991147,76991148,76991149)"
"157003687","3","27","90203970","91290640","4800","5300","(31100079,1,31020005,21,31010058,5,31000061,1)","1440","90203636","5","(31090501,1,31102209,1,31090502,2)","39000080","65","(76991150,76991151,76991152,76991153)"
"157003688","3","27","90203971","91290641","5300","5800","(31100079,1,31020005,21,31010058,5,31000061,1)","1590","0","5","(31090501,1,31102219,1,31090502,2)","39000080","65","(76991150,76991151,76991152,76991153)"
"157003689","3","27","90203972","91290642","5800","6300","(31100079,1,31020005,21,31010058,5,31000061,1)","1740","0","5","(31090501,1,31102229,1,31090502,2)","39000080","65","(76991150,76991151,76991152,76991153)"
"157003690","3","27","90203973","91290643","6300","6800","(31100079,1,31020005,21,31010058,5,31000061,1)","1890","0","5","(31090501,1,31102239,1,31090502,2)","39000080","65","(76991150,76991151,76991152,76991153)"
"157003691","3","27","90203974","91290644","6800","7300","(31100079,1,31020005,21,31010058,5,31000061,1)","2040","0","5","(31090501,1,31102249,1,31090502,2)","39000080","65","(76991150,76991151,76991152,76991153)"
"157003692","3","27","90203975","91290645","7300","7900","(31100080,1,31020005,30,31010058,6,31000061,1)","2190","90203637","5","(31090501,1,31102504,1,31000166,3)","39000081","50","(76991154,76991155,76991156,76991157)"
"157003693","3","27","90203976","91290646","7900","8500","(31100080,1,31020005,30,31010058,6,31000061,1)","2370","0","5","(31090501,1,31102509,1,31000166,3)","39000081","50","(76991154,76991155,76991156,76991157)"
"157003694","3","27","90203977","91290647","8500","9200","(31100080,1,31020005,30,31010058,6,31000061,1)","2550","0","5","(31090501,1,31102514,1,31000166,3)","39000081","50","(76991154,76991155,76991156,76991157)"
"157003695","3","27","90203978","91290648","9200","10000","(31100080,1,31020005,30,31010058,6,31000061,1)","2760","0","5","(31090501,1,31102519,1,31000166,3)","39000081","50","(76991154,76991155,76991156,76991157)"
"157003696","3","27","90203979","91290649","10000","999999","(31100080,1,31020005,30,31010058,6,31000061,1)","3000","0","5","(31090501,1,31102524,1,31000166,3)","39000081","50","(76991154,76991155,76991156,76991157)"
"157003697","3","28","90203952","91290622","0","100","(31020005,6,31010058,1,31000061,1)","0","90203632","5","(31140133,1,31102501,1,31090502,1)","0","100","(76991134,76991135,76991136,76991137)"
"157003698","3","28","90203953","91290623","100","200","(31020005,6,31010058,1,31000061,1)","0","0","5","(31140133,1,31102511,1,31090502,1)","0","100","(76991134,76991135,76991136,76991137)"
"157003699","3","28","90203954","91290624","200","300","(31020005,6,31010058,1,31000061,1)","0","0","5","(31140133,1,31102521,1,31090502,1)","0","100","(76991134,76991135,76991136,76991137)"
"157003700","3","28","90203955","91290625","300","500","(31020005,9,31010058,2,31000061,1)","90","90203633","5","(31140134,1,31102502,1,31090502,1)","0","100","(76991138,76991139,76991140,76991141)"
"157003701","3","28","90203956","91290626","500","700","(31020005,9,31010058,2,31000061,1)","150","0","5","(31140134,1,31102507,1,31090502,1)","0","100","(76991138,76991139,76991140,76991141)"
"157003702","3","28","90203957","91290627","700","900","(31020005,9,31010058,2,31000061,1)","210","0","5","(31140134,1,31102512,1,31090502,1)","0","100","(76991138,76991139,76991140,76991141)"
"157003703","3","28","90203958","91290628","900","1100","(31020005,9,31010058,2,31000061,1)","270","0","5","(31140134,1,31102517,1,31090502,1)","0","100","(76991138,76991139,76991140,76991141)"
"157003704","3","28","90203959","91290629","1100","1300","(31020005,9,31010058,2,31000061,1)","330","0","5","(31140134,1,31102522,1,31090502,1)","0","100","(76991138,76991139,76991140,76991141)"
"157003705","3","28","90203960","91290630","1300","1600","(31020005,15,31010058,3,31000061,1)","390","90203634","5","(31090501,1,31102208,1,31090502,1)","0","100","(76991142,76991143,76991144,76991145)"
"157003706","3","28","90203961","91290631","1600","1900","(31020005,15,31010058,3,31000061,1)","480","0","5","(31090501,1,31102218,1,31090502,1)","0","100","(76991142,76991143,76991144,76991145)"
"157003707","3","28","90203962","91290632","1900","2200","(31020005,15,31010058,3,31000061,1)","570","0","5","(31090501,1,31102228,1,31090502,1)","0","100","(76991142,76991143,76991144,76991145)"
"157003708","3","28","90203963","91290633","2200","2500","(31020005,15,31010058,3,31000061,1)","660","0","5","(31090501,1,31102238,1,31090502,1)","0","100","(76991142,76991143,76991144,76991145)"
"157003709","3","28","90203964","91290634","2500","2800","(31020005,15,31010058,3,31000061,1)","750","0","5","(31090501,1,31102248,1,31090502,1)","0","100","(76991142,76991143,76991144,76991145)"
"157003710","3","28","90203965","91290635","2800","3200","(31100078,1,31020005,15,31010058,4,31000061,1)","840","90203635","5","(31090501,1,31102503,1,31090502,2)","39000079","80","(76991146,76991147,76991148,76991149)"
"157003711","3","28","90203966","91290636","3200","3600","(31100078,1,31020005,15,31010058,4,31000061,1)","960","0","5","(31090501,1,31102508,1,31090502,2)","39000079","80","(76991146,76991147,76991148,76991149)"
"157003712","3","28","90203967","91290637","3600","4000","(31100078,1,31020005,15,31010058,4,31000061,1)","1080","0","5","(31090501,1,31102513,1,31090502,2)","39000079","80","(76991146,76991147,76991148,76991149)"
"157003713","3","28","90203968","91290638","4000","4400","(31100078,1,31020005,15,31010058,4,31000061,1)","1200","0","5","(31090501,1,31102518,1,31090502,2)","39000079","80","(76991146,76991147,76991148,76991149)"
"157003714","3","28","90203969","91290639","4400","4800","(31100078,1,31020005,15,31010058,4,31000061,1)","1320","0","5","(31090501,1,31102523,1,31090502,2)","39000079","80","(76991146,76991147,76991148,76991149)"
"157003715","3","28","90203970","91290640","4800","5300","(31100079,1,31020005,21,31010058,5,31000061,1)","1440","90203636","5","(31090501,1,31102209,1,31090502,2)","39000080","65","(76991150,76991151,76991152,76991153)"
"157003716","3","28","90203971","91290641","5300","5800","(31100079,1,31020005,21,31010058,5,31000061,1)","1590","0","5","(31090501,1,31102219,1,31090502,2)","39000080","65","(76991150,76991151,76991152,76991153)"
"157003717","3","28","90203972","91290642","5800","6300","(31100079,1,31020005,21,31010058,5,31000061,1)","1740","0","5","(31090501,1,31102229,1,31090502,2)","39000080","65","(76991150,76991151,76991152,76991153)"
"157003718","3","28","90203973","91290643","6300","6800","(31100079,1,31020005,21,31010058,5,31000061,1)","1890","0","5","(31090501,1,31102239,1,31090502,2)","39000080","65","(76991150,76991151,76991152,76991153)"
"157003719","3","28","90203974","91290644","6800","7300","(31100079,1,31020005,21,31010058,5,31000061,1)","2040","0","5","(31090501,1,31102249,1,31090502,2)","39000080","65","(76991150,76991151,76991152,76991153)"
"157003720","3","28","90203975","91290645","7300","7900","(31100080,1,31020005,30,31010058,6,31000061,1)","2190","90203637","5","(31090501,1,31102504,1,31000166,3)","39000081","50","(76991154,76991155,76991156,76991157)"
"157003721","3","28","90203976","91290646","7900","8500","(31100080,1,31020005,30,31010058,6,31000061,1)","2370","0","5","(31090501,1,31102509,1,31000166,3)","39000081","50","(76991154,76991155,76991156,76991157)"
"157003722","3","28","90203977","91290647","8500","9200","(31100080,1,31020005,30,31010058,6,31000061,1)","2550","0","5","(31090501,1,31102514,1,31000166,3)","39000081","50","(76991154,76991155,76991156,76991157)"
"157003723","3","28","90203978","91290648","9200","10000","(31100080,1,31020005,30,31010058,6,31000061,1)","2760","0","5","(31090501,1,31102519,1,31000166,3)","39000081","50","(76991154,76991155,76991156,76991157)"
"157003724","3","28","90203979","91290649","10000","999999","(31100080,1,31020005,30,31010058,6,31000061,1)","3000","0","5","(31090501,1,31102524,1,31000166,3)","39000081","50","(76991154,76991155,76991156,76991157)"
"157003725","3","29","90203952","91290622","0","100","(31020005,6,31010058,1,31000061,1)","0","90203632","5","(31140133,1,31102501,1,31090502,1)","0","100","(76991134,76991135,76991136,76991137)"
"157003726","3","29","90203953","91290623","100","200","(31020005,6,31010058,1,31000061,1)","0","0","5","(31140133,1,31102511,1,31090502,1)","0","100","(76991134,76991135,76991136,76991137)"
"157003727","3","29","90203954","91290624","200","300","(31020005,6,31010058,1,31000061,1)","0","0","5","(31140133,1,31102521,1,31090502,1)","0","100","(76991134,76991135,76991136,76991137)"
"157003728","3","29","90203955","91290625","300","500","(31020005,9,31010058,2,31000061,1)","90","90203633","5","(31140134,1,31102502,1,31090502,1)","0","100","(76991138,76991139,76991140,76991141)"
"157003729","3","29","90203956","91290626","500","700","(31020005,9,31010058,2,31000061,1)","150","0","5","(31140134,1,31102507,1,31090502,1)","0","100","(76991138,76991139,76991140,76991141)"
"157003730","3","29","90203957","91290627","700","900","(31020005,9,31010058,2,31000061,1)","210","0","5","(31140134,1,31102512,1,31090502,1)","0","100","(76991138,76991139,76991140,76991141)"
"157003731","3","29","90203958","91290628","900","1100","(31020005,9,31010058,2,31000061,1)","270","0","5","(31140134,1,31102517,1,31090502,1)","0","100","(76991138,76991139,76991140,76991141)"
"157003732","3","29","90203959","91290629","1100","1300","(31020005,9,31010058,2,31000061,1)","330","0","5","(31140134,1,31102522,1,31090502,1)","0","100","(76991138,76991139,76991140,76991141)"
"157003733","3","29","90203960","91290630","1300","1600","(31020005,15,31010058,3,31000061,1)","390","90203634","5","(31090501,1,31102208,1,31090502,1)","0","100","(76991142,76991143,76991144,76991145)"
"157003734","3","29","90203961","91290631","1600","1900","(31020005,15,31010058,3,31000061,1)","480","0","5","(31090501,1,31102218,1,31090502,1)","0","100","(76991142,76991143,76991144,76991145)"
"157003735","3","29","90203962","91290632","1900","2200","(31020005,15,31010058,3,31000061,1)","570","0","5","(31090501,1,31102228,1,31090502,1)","0","100","(76991142,76991143,76991144,76991145)"
"157003736","3","29","90203963","91290633","2200","2500","(31020005,15,31010058,3,31000061,1)","660","0","5","(31090501,1,31102238,1,31090502,1)","0","100","(76991142,76991143,76991144,76991145)"
"157003737","3","29","90203964","91290634","2500","2800","(31020005,15,31010058,3,31000061,1)","750","0","5","(31090501,1,31102248,1,31090502,1)","0","100","(76991142,76991143,76991144,76991145)"
"157003738","3","29","90203965","91290635","2800","3200","(31100078,1,31020005,15,31010058,4,31000061,1)","840","90203635","5","(31090501,1,31102503,1,31090502,2)","39000079","80","(76991146,76991147,76991148,76991149)"
"157003739","3","29","90203966","91290636","3200","3600","(31100078,1,31020005,15,31010058,4,31000061,1)","960","0","5","(31090501,1,31102508,1,31090502,2)","39000079","80","(76991146,76991147,76991148,76991149)"
"157003740","3","29","90203967","91290637","3600","4000","(31100078,1,31020005,15,31010058,4,31000061,1)","1080","0","5","(31090501,1,31102513,1,31090502,2)","39000079","80","(76991146,76991147,76991148,76991149)"
"157003741","3","29","90203968","91290638","4000","4400","(31100078,1,31020005,15,31010058,4,31000061,1)","1200","0","5","(31090501,1,31102518,1,31090502,2)","39000079","80","(76991146,76991147,76991148,76991149)"
"157003742","3","29","90203969","91290639","4400","4800","(31100078,1,31020005,15,31010058,4,31000061,1)","1320","0","5","(31090501,1,31102523,1,31090502,2)","39000079","80","(76991146,76991147,76991148,76991149)"
"157003743","3","29","90203970","91290640","4800","5300","(31100079,1,31020005,21,31010058,5,31000061,1)","1440","90203636","5","(31090501,1,31102209,1,31090502,2)","39000080","65","(76991150,76991151,76991152,76991153)"
"157003744","3","29","90203971","91290641","5300","5800","(31100079,1,31020005,21,31010058,5,31000061,1)","1590","0","5","(31090501,1,31102219,1,31090502,2)","39000080","65","(76991150,76991151,76991152,76991153)"
"157003745","3","29","90203972","91290642","5800","6300","(31100079,1,31020005,21,31010058,5,31000061,1)","1740","0","5","(31090501,1,31102229,1,31090502,2)","39000080","65","(76991150,76991151,76991152,76991153)"
"157003746","3","29","90203973","91290643","6300","6800","(31100079,1,31020005,21,31010058,5,31000061,1)","1890","0","5","(31090501,1,31102239,1,31090502,2)","39000080","65","(76991150,76991151,76991152,76991153)"
"157003747","3","29","90203974","91290644","6800","7300","(31100079,1,31020005,21,31010058,5,31000061,1)","2040","0","5","(31090501,1,31102249,1,31090502,2)","39000080","65","(76991150,76991151,76991152,76991153)"
"157003748","3","29","90203975","91290645","7300","7900","(31100080,1,31020005,30,31010058,6,31000061,1)","2190","90203637","5","(31090501,1,31102504,1,31000166,3)","39000081","50","(76991154,76991155,76991156,76991157)"
"157003749","3","29","90203976","91290646","7900","8500","(31100080,1,31020005,30,31010058,6,31000061,1)","2370","0","5","(31090501,1,31102509,1,31000166,3)","39000081","50","(76991154,76991155,76991156,76991157)"
"157003750","3","29","90203977","91290647","8500","9200","(31100080,1,31020005,30,31010058,6,31000061,1)","2550","0","5","(31090501,1,31102514,1,31000166,3)","39000081","50","(76991154,76991155,76991156,76991157)"
"157003751","3","29","90203978","91290648","9200","10000","(31100080,1,31020005,30,31010058,6,31000061,1)","2760","0","5","(31090501,1,31102519,1,31000166,3)","39000081","50","(76991154,76991155,76991156,76991157)"
"157003752","3","29","90203979","91290649","10000","999999","(31100080,1,31020005,30,31010058,6,31000061,1)","3000","0","5","(31090501,1,31102524,1,31000166,3)","39000081","50","(76991154,76991155,76991156,76991157)"
"157003753","3","30","90203952","91290622","0","100","(31020005,6,31010058,1,31000061,1)","0","90203632","5","(31140133,1,31102501,1,31090502,1)","0","100","(76991134,76991135,76991136,76991137)"
"157003754","3","30","90203953","91290623","100","200","(31020005,6,31010058,1,31000061,1)","0","0","5","(31140133,1,31102511,1,31090502,1)","0","100","(76991134,76991135,76991136,76991137)"
"157003755","3","30","90203954","91290624","200","300","(31020005,6,31010058,1,31000061,1)","0","0","5","(31140133,1,31102521,1,31090502,1)","0","100","(76991134,76991135,76991136,76991137)"
"157003756","3","30","90203955","91290625","300","500","(31020005,9,31010058,2,31000061,1)","90","90203633","5","(31140134,1,31102502,1,31090502,1)","0","100","(76991138,76991139,76991140,76991141)"
"157003757","3","30","90203956","91290626","500","700","(31020005,9,31010058,2,31000061,1)","150","0","5","(31140134,1,31102507,1,31090502,1)","0","100","(76991138,76991139,76991140,76991141)"
"157003758","3","30","90203957","91290627","700","900","(31020005,9,31010058,2,31000061,1)","210","0","5","(31140134,1,31102512,1,31090502,1)","0","100","(76991138,76991139,76991140,76991141)"
"157003759","3","30","90203958","91290628","900","1100","(31020005,9,31010058,2,31000061,1)","270","0","5","(31140134,1,31102517,1,31090502,1)","0","100","(76991138,76991139,76991140,76991141)"
"157003760","3","30","90203959","91290629","1100","1300","(31020005,9,31010058,2,31000061,1)","330","0","5","(31140134,1,31102522,1,31090502,1)","0","100","(76991138,76991139,76991140,76991141)"
"157003761","3","30","90203960","91290630","1300","1600","(31020005,15,31010058,3,31000061,1)","390","90203634","5","(31090501,1,31102208,1,31090502,1)","0","100","(76991142,76991143,76991144,76991145)"
"157003762","3","30","90203961","91290631","1600","1900","(31020005,15,31010058,3,31000061,1)","480","0","5","(31090501,1,31102218,1,31090502,1)","0","100","(76991142,76991143,76991144,76991145)"
"157003763","3","30","90203962","91290632","1900","2200","(31020005,15,31010058,3,31000061,1)","570","0","5","(31090501,1,31102228,1,31090502,1)","0","100","(76991142,76991143,76991144,76991145)"
"157003764","3","30","90203963","91290633","2200","2500","(31020005,15,31010058,3,31000061,1)","660","0","5","(31090501,1,31102238,1,31090502,1)","0","100","(76991142,76991143,76991144,76991145)"
"157003765","3","30","90203964","91290634","2500","2800","(31020005,15,31010058,3,31000061,1)","750","0","5","(31090501,1,31102248,1,31090502,1)","0","100","(76991142,76991143,76991144,76991145)"
"157003766","3","30","90203965","91290635","2800","3200","(31100078,1,31020005,15,31010058,4,31000061,1)","840","90203635","5","(31090501,1,31102503,1,31090502,2)","39000079","80","(76991146,76991147,76991148,76991149)"
"157003767","3","30","90203966","91290636","3200","3600","(31100078,1,31020005,15,31010058,4,31000061,1)","960","0","5","(31090501,1,31102508,1,31090502,2)","39000079","80","(76991146,76991147,76991148,76991149)"
"157003768","3","30","90203967","91290637","3600","4000","(31100078,1,31020005,15,31010058,4,31000061,1)","1080","0","5","(31090501,1,31102513,1,31090502,2)","39000079","80","(76991146,76991147,76991148,76991149)"
"157003769","3","30","90203968","91290638","4000","4400","(31100078,1,31020005,15,31010058,4,31000061,1)","1200","0","5","(31090501,1,31102518,1,31090502,2)","39000079","80","(76991146,76991147,76991148,76991149)"
"157003770","3","30","90203969","91290639","4400","4800","(31100078,1,31020005,15,31010058,4,31000061,1)","1320","0","5","(31090501,1,31102523,1,31090502,2)","39000079","80","(76991146,76991147,76991148,76991149)"
"157003771","3","30","90203970","91290640","4800","5300","(31100079,1,31020005,21,31010058,5,31000061,1)","1440","90203636","5","(31090501,1,31102209,1,31090502,2)","39000080","65","(76991150,76991151,76991152,76991153)"
"157003772","3","30","90203971","91290641","5300","5800","(31100079,1,31020005,21,31010058,5,31000061,1)","1590","0","5","(31090501,1,31102219,1,31090502,2)","39000080","65","(76991150,76991151,76991152,76991153)"
"157003773","3","30","90203972","91290642","5800","6300","(31100079,1,31020005,21,31010058,5,31000061,1)","1740","0","5","(31090501,1,31102229,1,31090502,2)","39000080","65","(76991150,76991151,76991152,76991153)"
"157003774","3","30","90203973","91290643","6300","6800","(31100079,1,31020005,21,31010058,5,31000061,1)","1890","0","5","(31090501,1,31102239,1,31090502,2)","39000080","65","(76991150,76991151,76991152,76991153)"
"157003775","3","30","90203974","91290644","6800","7300","(31100079,1,31020005,21,31010058,5,31000061,1)","2040","0","5","(31090501,1,31102249,1,31090502,2)","39000080","65","(76991150,76991151,76991152,76991153)"
"157003776","3","30","90203975","91290645","7300","7900","(31100080,1,31020005,30,31010058,6,31000061,1)","2190","90203637","5","(31090501,1,31102504,1,31000166,3)","39000081","50","(76991154,76991155,76991156,76991157)"
"157003777","3","30","90203976","91290646","7900","8500","(31100080,1,31020005,30,31010058,6,31000061,1)","2370","0","5","(31090501,1,31102509,1,31000166,3)","39000081","50","(76991154,76991155,76991156,76991157)"
"157003778","3","30","90203977","91290647","8500","9200","(31100080,1,31020005,30,31010058,6,31000061,1)","2550","0","5","(31090501,1,31102514,1,31000166,3)","39000081","50","(76991154,76991155,76991156,76991157)"
"157003779","3","30","90203978","91290648","9200","10000","(31100080,1,31020005,30,31010058,6,31000061,1)","2760","0","5","(31090501,1,31102519,1,31000166,3)","39000081","50","(76991154,76991155,76991156,76991157)"
"157003780","3","30","90203979","91290649","10000","999999","(31100080,1,31020005,30,31010058,6,31000061,1)","3000","0","5","(31090501,1,31102524,1,31000166,3)","39000081","50","(76991154,76991155,76991156,76991157)"
"157003781","8","1","90203952","91290622","0","100","(31020005,6,31010058,1,31000061,1)","0","90203632","5","(31140133,1,31102501,1,31090502,1)","0","100","(76991134,76991135,76991136,76991137)"
"157003782","8","1","90203953","91290623","100","200","(31020005,6,31010058,1,31000061,1)","0","0","5","(31140133,1,31102511,1,31090502,1)","0","100","(76991134,76991135,76991136,76991137)"
"157003783","8","1","90203954","91290624","200","300","(31020005,6,31010058,1,31000061,1)","0","0","5","(31140133,1,31102521,1,31090502,1)","0","100","(76991134,76991135,76991136,76991137)"
"157003784","8","1","90203955","91290625","300","500","(31020005,9,31010058,2,31000061,1)","90","90203633","5","(31140134,1,31102502,1,31090502,1)","0","100","(76991138,76991139,76991140,76991141)"
"157003785","8","1","90203956","91290626","500","700","(31020005,9,31010058,2,31000061,1)","150","0","5","(31140134,1,31102507,1,31090502,1)","0","100","(76991138,76991139,76991140,76991141)"
"157003786","8","1","90203957","91290627","700","900","(31020005,9,31010058,2,31000061,1)","210","0","5","(31140134,1,31102512,1,31090502,1)","0","100","(76991138,76991139,76991140,76991141)"
"157003787","8","1","90203958","91290628","900","1100","(31020005,9,31010058,2,31000061,1)","270","0","5","(31140134,1,31102517,1,31090502,1)","0","100","(76991138,76991139,76991140,76991141)"
"157003788","8","1","90203959","91290629","1100","1300","(31020005,9,31010058,2,31000061,1)","330","0","5","(31140134,1,31102522,1,31090502,1)","0","100","(76991138,76991139,76991140,76991141)"
"157003789","8","1","90203960","91290630","1300","1600","(31020005,15,31010058,3,31000061,1)","390","90203634","5","(31090501,1,31102208,1,31090502,1)","0","100","(76991142,76991143,76991144,76991145)"
"157003790","8","1","90203961","91290631","1600","1900","(31020005,15,31010058,3,31000061,1)","480","0","5","(31090501,1,31102218,1,31090502,1)","0","100","(76991142,76991143,76991144,76991145)"
"157003791","8","1","90203962","91290632","1900","2200","(31020005,15,31010058,3,31000061,1)","570","0","5","(31090501,1,31102228,1,31090502,1)","0","100","(76991142,76991143,76991144,76991145)"
"157003792","8","1","90203963","91290633","2200","2500","(31020005,15,31010058,3,31000061,1)","660","0","5","(31090501,1,31102238,1,31090502,1)","0","100","(76991142,76991143,76991144,76991145)"
"157003793","8","1","90203964","91290634","2500","2800","(31020005,15,31010058,3,31000061,1)","750","0","5","(31090501,1,31102248,1,31090502,1)","0","100","(76991142,76991143,76991144,76991145)"
"157003794","8","1","90203965","91290635","2800","3200","(31100078,1,31020005,15,31010058,4,31000061,1)","840","90203635","5","(31090501,1,31102503,1,31090502,2)","39000079","80","(76991146,76991147,76991148,76991149)"
"157003795","8","1","90203966","91290636","3200","3600","(31100078,1,31020005,15,31010058,4,31000061,1)","960","0","5","(31090501,1,31102508,1,31090502,2)","39000079","80","(76991146,76991147,76991148,76991149)"
"157003796","8","1","90203967","91290637","3600","4000","(31100078,1,31020005,15,31010058,4,31000061,1)","1080","0","5","(31090501,1,31102513,1,31090502,2)","39000079","80","(76991146,76991147,76991148,76991149)"
"157003797","8","1","90203968","91290638","4000","4400","(31100078,1,31020005,15,31010058,4,31000061,1)","1200","0","5","(31090501,1,31102518,1,31090502,2)","39000079","80","(76991146,76991147,76991148,76991149)"
"157003798","8","1","90203969","91290639","4400","4800","(31100078,1,31020005,15,31010058,4,31000061,1)","1320","0","5","(31090501,1,31102523,1,31090502,2)","39000079","80","(76991146,76991147,76991148,76991149)"
"157003799","8","1","90203970","91290640","4800","5300","(31100079,1,31020005,21,31010058,5,31000061,1)","1440","90203636","5","(31090501,1,31102209,1,31090502,2)","39000080","65","(76991150,76991151,76991152,76991153)"
"157003800","8","1","90203971","91290641","5300","5800","(31100079,1,31020005,21,31010058,5,31000061,1)","1590","0","5","(31090501,1,31102219,1,31090502,2)","39000080","65","(76991150,76991151,76991152,76991153)"
"157003801","8","1","90203972","91290642","5800","6300","(31100079,1,31020005,21,31010058,5,31000061,1)","1740","0","5","(31090501,1,31102229,1,31090502,2)","39000080","65","(76991150,76991151,76991152,76991153)"
"157003802","8","1","90203973","91290643","6300","6800","(31100079,1,31020005,21,31010058,5,31000061,1)","1890","0","5","(31090501,1,31102239,1,31090502,2)","39000080","65","(76991150,76991151,76991152,76991153)"
"157003803","8","1","90203974","91290644","6800","7300","(31100079,1,31020005,21,31010058,5,31000061,1)","2040","0","5","(31090501,1,31102249,1,31090502,2)","39000080","65","(76991150,76991151,76991152,76991153)"
"157003804","8","1","90203975","91290645","7300","7900","(31100080,1,31020005,30,31010058,6,31000061,1)","2190","90203637","5","(31090501,1,31102504,1,31000166,3)","39000081","50","(76991154,76991155,76991156,76991157)"
"157003805","8","1","90203976","91290646","7900","8500","(31100080,1,31020005,30,31010058,6,31000061,1)","2370","0","5","(31090501,1,31102509,1,31000166,3)","39000081","50","(76991154,76991155,76991156,76991157)"
"157003806","8","1","90203977","91290647","8500","9200","(31100080,1,31020005,30,31010058,6,31000061,1)","2550","0","5","(31090501,1,31102514,1,31000166,3)","39000081","50","(76991154,76991155,76991156,76991157)"
"157003807","8","1","90203978","91290648","9200","10000","(31100080,1,31020005,30,31010058,6,31000061,1)","2760","0","5","(31090501,1,31102519,1,31000166,3)","39000081","50","(76991154,76991155,76991156,76991157)"
"157003808","8","1","90203979","91290649","10000","999999","(31100080,1,31020005,30,31010058,6,31000061,1)","3000","0","5","(31090501,1,31102524,1,31000166,3)","39000081","50","(76991154,76991155,76991156,76991157)"
"157003809","8","2","90203952","91290622","0","100","(31020005,6,31010058,1,31000061,1)","0","90203632","5","(31140133,1,31102501,1,31090502,1)","0","100","(76991134,76991135,76991136,76991137)"
"157003810","8","2","90203953","91290623","100","200","(31020005,6,31010058,1,31000061,1)","0","0","5","(31140133,1,31102511,1,31090502,1)","0","100","(76991134,76991135,76991136,76991137)"
"157003811","8","2","90203954","91290624","200","300","(31020005,6,31010058,1,31000061,1)","0","0","5","(31140133,1,31102521,1,31090502,1)","0","100","(76991134,76991135,76991136,76991137)"
"157003812","8","2","90203955","91290625","300","500","(31020005,9,31010058,2,31000061,1)","90","90203633","5","(31140134,1,31102502,1,31090502,1)","0","100","(76991138,76991139,76991140,76991141)"
"157003813","8","2","90203956","91290626","500","700","(31020005,9,31010058,2,31000061,1)","150","0","5","(31140134,1,31102507,1,31090502,1)","0","100","(76991138,76991139,76991140,76991141)"
"157003814","8","2","90203957","91290627","700","900","(31020005,9,31010058,2,31000061,1)","210","0","5","(31140134,1,31102512,1,31090502,1)","0","100","(76991138,76991139,76991140,76991141)"
"157003815","8","2","90203958","91290628","900","1100","(31020005,9,31010058,2,31000061,1)","270","0","5","(31140134,1,31102517,1,31090502,1)","0","100","(76991138,76991139,76991140,76991141)"
"157003816","8","2","90203959","91290629","1100","1300","(31020005,9,31010058,2,31000061,1)","330","0","5","(31140134,1,31102522,1,31090502,1)","0","100","(76991138,76991139,76991140,76991141)"
"157003817","8","2","90203960","91290630","1300","1600","(31020005,15,31010058,3,31000061,1)","390","90203634","5","(31090501,1,31102208,1,31090502,1)","0","100","(76991142,76991143,76991144,76991145)"
"157003818","8","2","90203961","91290631","1600","1900","(31020005,15,31010058,3,31000061,1)","480","0","5","(31090501,1,31102218,1,31090502,1)","0","100","(76991142,76991143,76991144,76991145)"
"157003819","8","2","90203962","91290632","1900","2200","(31020005,15,31010058,3,31000061,1)","570","0","5","(31090501,1,31102228,1,31090502,1)","0","100","(76991142,76991143,76991144,76991145)"
"157003820","8","2","90203963","91290633","2200","2500","(31020005,15,31010058,3,31000061,1)","660","0","5","(31090501,1,31102238,1,31090502,1)","0","100","(76991142,76991143,76991144,76991145)"
"157003821","8","2","90203964","91290634","2500","2800","(31020005,15,31010058,3,31000061,1)","750","0","5","(31090501,1,31102248,1,31090502,1)","0","100","(76991142,76991143,76991144,76991145)"
"157003822","8","2","90203965","91290635","2800","3200","(31100078,1,31020005,15,31010058,4,31000061,1)","840","90203635","5","(31090501,1,31102503,1,31090502,2)","39000079","80","(76991146,76991147,76991148,76991149)"
"157003823","8","2","90203966","91290636","3200","3600","(31100078,1,31020005,15,31010058,4,31000061,1)","960","0","5","(31090501,1,31102508,1,31090502,2)","39000079","80","(76991146,76991147,76991148,76991149)"
"157003824","8","2","90203967","91290637","3600","4000","(31100078,1,31020005,15,31010058,4,31000061,1)","1080","0","5","(31090501,1,31102513,1,31090502,2)","39000079","80","(76991146,76991147,76991148,76991149)"
"157003825","8","2","90203968","91290638","4000","4400","(31100078,1,31020005,15,31010058,4,31000061,1)","1200","0","5","(31090501,1,31102518,1,31090502,2)","39000079","80","(76991146,76991147,76991148,76991149)"
"157003826","8","2","90203969","91290639","4400","4800","(31100078,1,31020005,15,31010058,4,31000061,1)","1320","0","5","(31090501,1,31102523,1,31090502,2)","39000079","80","(76991146,76991147,76991148,76991149)"
"157003827","8","2","90203970","91290640","4800","5300","(31100079,1,31020005,21,31010058,5,31000061,1)","1440","90203636","5","(31090501,1,31102209,1,31090502,2)","39000080","65","(76991150,76991151,76991152,76991153)"
"157003828","8","2","90203971","91290641","5300","5800","(31100079,1,31020005,21,31010058,5,31000061,1)","1590","0","5","(31090501,1,31102219,1,31090502,2)","39000080","65","(76991150,76991151,76991152,76991153)"
"157003829","8","2","90203972","91290642","5800","6300","(31100079,1,31020005,21,31010058,5,31000061,1)","1740","0","5","(31090501,1,31102229,1,31090502,2)","39000080","65","(76991150,76991151,76991152,76991153)"
"157003830","8","2","90203973","91290643","6300","6800","(31100079,1,31020005,21,31010058,5,31000061,1)","1890","0","5","(31090501,1,31102239,1,31090502,2)","39000080","65","(76991150,76991151,76991152,76991153)"
"157003831","8","2","90203974","91290644","6800","7300","(31100079,1,31020005,21,31010058,5,31000061,1)","2040","0","5","(31090501,1,31102249,1,31090502,2)","39000080","65","(76991150,76991151,76991152,76991153)"
"157003832","8","2","90203975","91290645","7300","7900","(31100080,1,31020005,30,31010058,6,31000061,1)","2190","90203637","5","(31090501,1,31102504,1,31000166,3)","39000081","50","(76991154,76991155,76991156,76991157)"
"157003833","8","2","90203976","91290646","7900","8500","(31100080,1,31020005,30,31010058,6,31000061,1)","2370","0","5","(31090501,1,31102509,1,31000166,3)","39000081","50","(76991154,76991155,76991156,76991157)"
"157003834","8","2","90203977","91290647","8500","9200","(31100080,1,31020005,30,31010058,6,31000061,1)","2550","0","5","(31090501,1,31102514,1,31000166,3)","39000081","50","(76991154,76991155,76991156,76991157)"
"157003835","8","2","90203978","91290648","9200","10000","(31100080,1,31020005,30,31010058,6,31000061,1)","2760","0","5","(31090501,1,31102519,1,31000166,3)","39000081","50","(76991154,76991155,76991156,76991157)"
"157003836","8","2","90203979","91290649","10000","999999","(31100080,1,31020005,30,31010058,6,31000061,1)","3000","0","5","(31090501,1,31102524,1,31000166,3)","39000081","50","(76991154,76991155,76991156,76991157)"
"157003837","8","3","90203952","91290622","0","100","(31020005,6,31010058,1,31000061,1)","0","90203632","5","(31140133,1,31102501,1,31090502,1)","0","100","(76991134,76991135,76991136,76991137)"
"157003838","8","3","90203953","91290623","100","200","(31020005,6,31010058,1,31000061,1)","0","0","5","(31140133,1,31102511,1,31090502,1)","0","100","(76991134,76991135,76991136,76991137)"
"157003839","8","3","90203954","91290624","200","300","(31020005,6,31010058,1,31000061,1)","0","0","5","(31140133,1,31102521,1,31090502,1)","0","100","(76991134,76991135,76991136,76991137)"
"157003840","8","3","90203955","91290625","300","500","(31020005,9,31010058,2,31000061,1)","90","90203633","5","(31140134,1,31102502,1,31090502,1)","0","100","(76991138,76991139,76991140,76991141)"
"157003841","8","3","90203956","91290626","500","700","(31020005,9,31010058,2,31000061,1)","150","0","5","(31140134,1,31102507,1,31090502,1)","0","100","(76991138,76991139,76991140,76991141)"
"157003842","8","3","90203957","91290627","700","900","(31020005,9,31010058,2,31000061,1)","210","0","5","(31140134,1,31102512,1,31090502,1)","0","100","(76991138,76991139,76991140,76991141)"
"157003843","8","3","90203958","91290628","900","1100","(31020005,9,31010058,2,31000061,1)","270","0","5","(31140134,1,31102517,1,31090502,1)","0","100","(76991138,76991139,76991140,76991141)"
"157003844","8","3","90203959","91290629","1100","1300","(31020005,9,31010058,2,31000061,1)","330","0","5","(31140134,1,31102522,1,31090502,1)","0","100","(76991138,76991139,76991140,76991141)"
"157003845","8","3","90203960","91290630","1300","1600","(31020005,15,31010058,3,31000061,1)","390","90203634","5","(31090501,1,31102208,1,31090502,1)","0","100","(76991142,76991143,76991144,76991145)"
"157003846","8","3","90203961","91290631","1600","1900","(31020005,15,31010058,3,31000061,1)","480","0","5","(31090501,1,31102218,1,31090502,1)","0","100","(76991142,76991143,76991144,76991145)"
"157003847","8","3","90203962","91290632","1900","2200","(31020005,15,31010058,3,31000061,1)","570","0","5","(31090501,1,31102228,1,31090502,1)","0","100","(76991142,76991143,76991144,76991145)"
"157003848","8","3","90203963","91290633","2200","2500","(31020005,15,31010058,3,31000061,1)","660","0","5","(31090501,1,31102238,1,31090502,1)","0","100","(76991142,76991143,76991144,76991145)"
"157003849","8","3","90203964","91290634","2500","2800","(31020005,15,31010058,3,31000061,1)","750","0","5","(31090501,1,31102248,1,31090502,1)","0","100","(76991142,76991143,76991144,76991145)"
"157003850","8","3","90203965","91290635","2800","3200","(31100078,1,31020005,15,31010058,4,31000061,1)","840","90203635","5","(31090501,1,31102503,1,31090502,2)","39000079","80","(76991146,76991147,76991148,76991149)"
"157003851","8","3","90203966","91290636","3200","3600","(31100078,1,31020005,15,31010058,4,31000061,1)","960","0","5","(31090501,1,31102508,1,31090502,2)","39000079","80","(76991146,76991147,76991148,76991149)"
"157003852","8","3","90203967","91290637","3600","4000","(31100078,1,31020005,15,31010058,4,31000061,1)","1080","0","5","(31090501,1,31102513,1,31090502,2)","39000079","80","(76991146,76991147,76991148,76991149)"
"157003853","8","3","90203968","91290638","4000","4400","(31100078,1,31020005,15,31010058,4,31000061,1)","1200","0","5","(31090501,1,31102518,1,31090502,2)","39000079","80","(76991146,76991147,76991148,76991149)"
"157003854","8","3","90203969","91290639","4400","4800","(31100078,1,31020005,15,31010058,4,31000061,1)","1320","0","5","(31090501,1,31102523,1,31090502,2)","39000079","80","(76991146,76991147,76991148,76991149)"
"157003855","8","3","90203970","91290640","4800","5300","(31100079,1,31020005,21,31010058,5,31000061,1)","1440","90203636","5","(31090501,1,31102209,1,31090502,2)","39000080","65","(76991150,76991151,76991152,76991153)"
"157003856","8","3","90203971","91290641","5300","5800","(31100079,1,31020005,21,31010058,5,31000061,1)","1590","0","5","(31090501,1,31102219,1,31090502,2)","39000080","65","(76991150,76991151,76991152,76991153)"
"157003857","8","3","90203972","91290642","5800","6300","(31100079,1,31020005,21,31010058,5,31000061,1)","1740","0","5","(31090501,1,31102229,1,31090502,2)","39000080","65","(76991150,76991151,76991152,76991153)"
"157003858","8","3","90203973","91290643","6300","6800","(31100079,1,31020005,21,31010058,5,31000061,1)","1890","0","5","(31090501,1,31102239,1,31090502,2)","39000080","65","(76991150,76991151,76991152,76991153)"
"157003859","8","3","90203974","91290644","6800","7300","(31100079,1,31020005,21,31010058,5,31000061,1)","2040","0","5","(31090501,1,31102249,1,31090502,2)","39000080","65","(76991150,76991151,76991152,76991153)"
"157003860","8","3","90203975","91290645","7300","7900","(31100080,1,31020005,30,31010058,6,31000061,1)","2190","90203637","5","(31090501,1,31102504,1,31000166,3)","39000081","50","(76991154,76991155,76991156,76991157)"
"157003861","8","3","90203976","91290646","7900","8500","(31100080,1,31020005,30,31010058,6,31000061,1)","2370","0","5","(31090501,1,31102509,1,31000166,3)","39000081","50","(76991154,76991155,76991156,76991157)"
"157003862","8","3","90203977","91290647","8500","9200","(31100080,1,31020005,30,31010058,6,31000061,1)","2550","0","5","(31090501,1,31102514,1,31000166,3)","39000081","50","(76991154,76991155,76991156,76991157)"
"157003863","8","3","90203978","91290648","9200","10000","(31100080,1,31020005,30,31010058,6,31000061,1)","2760","0","5","(31090501,1,31102519,1,31000166,3)","39000081","50","(76991154,76991155,76991156,76991157)"
"157003864","8","3","90203979","91290649","10000","999999","(31100080,1,31020005,30,31010058,6,31000061,1)","3000","0","5","(31090501,1,31102524,1,31000166,3)","39000081","50","(76991154,76991155,76991156,76991157)"
"157003865","8","4","90203952","91290622","0","100","(31020005,6,31010058,1,31000061,1)","0","90203632","5","(31140133,1,31102501,1,31090502,1)","0","100","(76991134,76991135,76991136,76991137)"
"157003866","8","4","90203953","91290623","100","200","(31020005,6,31010058,1,31000061,1)","0","0","5","(31140133,1,31102511,1,31090502,1)","0","100","(76991134,76991135,76991136,76991137)"
"157003867","8","4","90203954","91290624","200","300","(31020005,6,31010058,1,31000061,1)","0","0","5","(31140133,1,31102521,1,31090502,1)","0","100","(76991134,76991135,76991136,76991137)"
"157003868","8","4","90203955","91290625","300","500","(31020005,9,31010058,2,31000061,1)","90","90203633","5","(31140134,1,31102502,1,31090502,1)","0","100","(76991138,76991139,76991140,76991141)"
"157003869","8","4","90203956","91290626","500","700","(31020005,9,31010058,2,31000061,1)","150","0","5","(31140134,1,31102507,1,31090502,1)","0","100","(76991138,76991139,76991140,76991141)"
"157003870","8","4","90203957","91290627","700","900","(31020005,9,31010058,2,31000061,1)","210","0","5","(31140134,1,31102512,1,31090502,1)","0","100","(76991138,76991139,76991140,76991141)"
"157003871","8","4","90203958","91290628","900","1100","(31020005,9,31010058,2,31000061,1)","270","0","5","(31140134,1,31102517,1,31090502,1)","0","100","(76991138,76991139,76991140,76991141)"
"157003872","8","4","90203959","91290629","1100","1300","(31020005,9,31010058,2,31000061,1)","330","0","5","(31140134,1,31102522,1,31090502,1)","0","100","(76991138,76991139,76991140,76991141)"
"157003873","8","4","90203960","91290630","1300","1600","(31020005,15,31010058,3,31000061,1)","390","90203634","5","(31090501,1,31102208,1,31090502,1)","0","100","(76991142,76991143,76991144,76991145)"
"157003874","8","4","90203961","91290631","1600","1900","(31020005,15,31010058,3,31000061,1)","480","0","5","(31090501,1,31102218,1,31090502,1)","0","100","(76991142,76991143,76991144,76991145)"
"157003875","8","4","90203962","91290632","1900","2200","(31020005,15,31010058,3,31000061,1)","570","0","5","(31090501,1,31102228,1,31090502,1)","0","100","(76991142,76991143,76991144,76991145)"
"157003876","8","4","90203963","91290633","2200","2500","(31020005,15,31010058,3,31000061,1)","660","0","5","(31090501,1,31102238,1,31090502,1)","0","100","(76991142,76991143,76991144,76991145)"
"157003877","8","4","90203964","91290634","2500","2800","(31020005,15,31010058,3,31000061,1)","750","0","5","(31090501,1,31102248,1,31090502,1)","0","100","(76991142,76991143,76991144,76991145)"
"157003878","8","4","90203965","91290635","2800","3200","(31100078,1,31020005,15,31010058,4,31000061,1)","840","90203635","5","(31090501,1,31102503,1,31090502,2)","39000079","80","(76991146,76991147,76991148,76991149)"
"157003879","8","4","90203966","91290636","3200","3600","(31100078,1,31020005,15,31010058,4,31000061,1)","960","0","5","(31090501,1,31102508,1,31090502,2)","39000079","80","(76991146,76991147,76991148,76991149)"
"157003880","8","4","90203967","91290637","3600","4000","(31100078,1,31020005,15,31010058,4,31000061,1)","1080","0","5","(31090501,1,31102513,1,31090502,2)","39000079","80","(76991146,76991147,76991148,76991149)"
"157003881","8","4","90203968","91290638","4000","4400","(31100078,1,31020005,15,31010058,4,31000061,1)","1200","0","5","(31090501,1,31102518,1,31090502,2)","39000079","80","(76991146,76991147,76991148,76991149)"
"157003882","8","4","90203969","91290639","4400","4800","(31100078,1,31020005,15,31010058,4,31000061,1)","1320","0","5","(31090501,1,31102523,1,31090502,2)","39000079","80","(76991146,76991147,76991148,76991149)"
"157003883","8","4","90203970","91290640","4800","5300","(31100079,1,31020005,21,31010058,5,31000061,1)","1440","90203636","5","(31090501,1,31102209,1,31090502,2)","39000080","65","(76991150,76991151,76991152,76991153)"
"157003884","8","4","90203971","91290641","5300","5800","(31100079,1,31020005,21,31010058,5,31000061,1)","1590","0","5","(31090501,1,31102219,1,31090502,2)","39000080","65","(76991150,76991151,76991152,76991153)"
"157003885","8","4","90203972","91290642","5800","6300","(31100079,1,31020005,21,31010058,5,31000061,1)","1740","0","5","(31090501,1,31102229,1,31090502,2)","39000080","65","(76991150,76991151,76991152,76991153)"
"157003886","8","4","90203973","91290643","6300","6800","(31100079,1,31020005,21,31010058,5,31000061,1)","1890","0","5","(31090501,1,31102239,1,31090502,2)","39000080","65","(76991150,76991151,76991152,76991153)"
"157003887","8","4","90203974","91290644","6800","7300","(31100079,1,31020005,21,31010058,5,31000061,1)","2040","0","5","(31090501,1,31102249,1,31090502,2)","39000080","65","(76991150,76991151,76991152,76991153)"
"157003888","8","4","90203975","91290645","7300","7900","(31100080,1,31020005,30,31010058,6,31000061,1)","2190","90203637","5","(31090501,1,31102504,1,31000166,3)","39000081","50","(76991154,76991155,76991156,76991157)"
"157003889","8","4","90203976","91290646","7900","8500","(31100080,1,31020005,30,31010058,6,31000061,1)","2370","0","5","(31090501,1,31102509,1,31000166,3)","39000081","50","(76991154,76991155,76991156,76991157)"
"157003890","8","4","90203977","91290647","8500","9200","(31100080,1,31020005,30,31010058,6,31000061,1)","2550","0","5","(31090501,1,31102514,1,31000166,3)","39000081","50","(76991154,76991155,76991156,76991157)"
"157003891","8","4","90203978","91290648","9200","10000","(31100080,1,31020005,30,31010058,6,31000061,1)","2760","0","5","(31090501,1,31102519,1,31000166,3)","39000081","50","(76991154,76991155,76991156,76991157)"
"157003892","8","4","90203979","91290649","10000","999999","(31100080,1,31020005,30,31010058,6,31000061,1)","3000","0","5","(31090501,1,31102524,1,31000166,3)","39000081","50","(76991154,76991155,76991156,76991157)"
"157003893","8","5","90203952","91290622","0","100","(31020005,6,31010058,1,31000061,1)","0","90203632","5","(31140133,1,31102501,1,31090502,1)","0","100","(76991134,76991135,76991136,76991137)"
"157003894","8","5","90203953","91290623","100","200","(31020005,6,31010058,1,31000061,1)","0","0","5","(31140133,1,31102511,1,31090502,1)","0","100","(76991134,76991135,76991136,76991137)"
"157003895","8","5","90203954","91290624","200","300","(31020005,6,31010058,1,31000061,1)","0","0","5","(31140133,1,31102521,1,31090502,1)","0","100","(76991134,76991135,76991136,76991137)"
"157003896","8","5","90203955","91290625","300","500","(31020005,9,31010058,2,31000061,1)","90","90203633","5","(31140134,1,31102502,1,31090502,1)","0","100","(76991138,76991139,76991140,76991141)"
"157003897","8","5","90203956","91290626","500","700","(31020005,9,31010058,2,31000061,1)","150","0","5","(31140134,1,31102507,1,31090502,1)","0","100","(76991138,76991139,76991140,76991141)"
"157003898","8","5","90203957","91290627","700","900","(31020005,9,31010058,2,31000061,1)","210","0","5","(31140134,1,31102512,1,31090502,1)","0","100","(76991138,76991139,76991140,76991141)"
"157003899","8","5","90203958","91290628","900","1100","(31020005,9,31010058,2,31000061,1)","270","0","5","(31140134,1,31102517,1,31090502,1)","0","100","(76991138,76991139,76991140,76991141)"
"157003900","8","5","90203959","91290629","1100","1300","(31020005,9,31010058,2,31000061,1)","330","0","5","(31140134,1,31102522,1,31090502,1)","0","100","(76991138,76991139,76991140,76991141)"
"157003901","8","5","90203960","91290630","1300","1600","(31020005,15,31010058,3,31000061,1)","390","90203634","5","(31090501,1,31102208,1,31090502,1)","0","100","(76991142,76991143,76991144,76991145)"
"157003902","8","5","90203961","91290631","1600","1900","(31020005,15,31010058,3,31000061,1)","480","0","5","(31090501,1,31102218,1,31090502,1)","0","100","(76991142,76991143,76991144,76991145)"
"157003903","8","5","90203962","91290632","1900","2200","(31020005,15,31010058,3,31000061,1)","570","0","5","(31090501,1,31102228,1,31090502,1)","0","100","(76991142,76991143,76991144,76991145)"
"157003904","8","5","90203963","91290633","2200","2500","(31020005,15,31010058,3,31000061,1)","660","0","5","(31090501,1,31102238,1,31090502,1)","0","100","(76991142,76991143,76991144,76991145)"
"157003905","8","5","90203964","91290634","2500","2800","(31020005,15,31010058,3,31000061,1)","750","0","5","(31090501,1,31102248,1,31090502,1)","0","100","(76991142,76991143,76991144,76991145)"
"157003906","8","5","90203965","91290635","2800","3200","(31100078,1,31020005,15,31010058,4,31000061,1)","840","90203635","5","(31090501,1,31102503,1,31090502,2)","39000079","80","(76991146,76991147,76991148,76991149)"
"157003907","8","5","90203966","91290636","3200","3600","(31100078,1,31020005,15,31010058,4,31000061,1)","960","0","5","(31090501,1,31102508,1,31090502,2)","39000079","80","(76991146,76991147,76991148,76991149)"
"157003908","8","5","90203967","91290637","3600","4000","(31100078,1,31020005,15,31010058,4,31000061,1)","1080","0","5","(31090501,1,31102513,1,31090502,2)","39000079","80","(76991146,76991147,76991148,76991149)"
"157003909","8","5","90203968","91290638","4000","4400","(31100078,1,31020005,15,31010058,4,31000061,1)","1200","0","5","(31090501,1,31102518,1,31090502,2)","39000079","80","(76991146,76991147,76991148,76991149)"
"157003910","8","5","90203969","91290639","4400","4800","(31100078,1,31020005,15,31010058,4,31000061,1)","1320","0","5","(31090501,1,31102523,1,31090502,2)","39000079","80","(76991146,76991147,76991148,76991149)"
"157003911","8","5","90203970","91290640","4800","5300","(31100079,1,31020005,21,31010058,5,31000061,1)","1440","90203636","5","(31090501,1,31102209,1,31090502,2)","39000080","65","(76991150,76991151,76991152,76991153)"
"157003912","8","5","90203971","91290641","5300","5800","(31100079,1,31020005,21,31010058,5,31000061,1)","1590","0","5","(31090501,1,31102219,1,31090502,2)","39000080","65","(76991150,76991151,76991152,76991153)"
"157003913","8","5","90203972","91290642","5800","6300","(31100079,1,31020005,21,31010058,5,31000061,1)","1740","0","5","(31090501,1,31102229,1,31090502,2)","39000080","65","(76991150,76991151,76991152,76991153)"
"157003914","8","5","90203973","91290643","6300","6800","(31100079,1,31020005,21,31010058,5,31000061,1)","1890","0","5","(31090501,1,31102239,1,31090502,2)","39000080","65","(76991150,76991151,76991152,76991153)"
"157003915","8","5","90203974","91290644","6800","7300","(31100079,1,31020005,21,31010058,5,31000061,1)","2040","0","5","(31090501,1,31102249,1,31090502,2)","39000080","65","(76991150,76991151,76991152,76991153)"
"157003916","8","5","90203975","91290645","7300","7900","(31100080,1,31020005,30,31010058,6,31000061,1)","2190","90203637","5","(31090501,1,31102504,1,31000166,3)","39000081","50","(76991154,76991155,76991156,76991157)"
"157003917","8","5","90203976","91290646","7900","8500","(31100080,1,31020005,30,31010058,6,31000061,1)","2370","0","5","(31090501,1,31102509,1,31000166,3)","39000081","50","(76991154,76991155,76991156,76991157)"
"157003918","8","5","90203977","91290647","8500","9200","(31100080,1,31020005,30,31010058,6,31000061,1)","2550","0","5","(31090501,1,31102514,1,31000166,3)","39000081","50","(76991154,76991155,76991156,76991157)"
"157003919","8","5","90203978","91290648","9200","10000","(31100080,1,31020005,30,31010058,6,31000061,1)","2760","0","5","(31090501,1,31102519,1,31000166,3)","39000081","50","(76991154,76991155,76991156,76991157)"
"157003920","8","5","90203979","91290649","10000","999999","(31100080,1,31020005,30,31010058,6,31000061,1)","3000","0","5","(31090501,1,31102524,1,31000166,3)","39000081","50","(76991154,76991155,76991156,76991157)"
"157003921","8","6","90203952","91290622","0","100","(31020005,6,31010058,1,31000061,1)","0","90203632","5","(31140133,1,31102501,1,31090502,1)","0","100","(76991134,76991135,76991136,76991137)"
"157003922","8","6","90203953","91290623","100","200","(31020005,6,31010058,1,31000061,1)","0","0","5","(31140133,1,31102511,1,31090502,1)","0","100","(76991134,76991135,76991136,76991137)"
"157003923","8","6","90203954","91290624","200","300","(31020005,6,31010058,1,31000061,1)","0","0","5","(31140133,1,31102521,1,31090502,1)","0","100","(76991134,76991135,76991136,76991137)"
"157003924","8","6","90203955","91290625","300","500","(31020005,9,31010058,2,31000061,1)","90","90203633","5","(31140134,1,31102502,1,31090502,1)","0","100","(76991138,76991139,76991140,76991141)"
"157003925","8","6","90203956","91290626","500","700","(31020005,9,31010058,2,31000061,1)","150","0","5","(31140134,1,31102507,1,31090502,1)","0","100","(76991138,76991139,76991140,76991141)"
"157003926","8","6","90203957","91290627","700","900","(31020005,9,31010058,2,31000061,1)","210","0","5","(31140134,1,31102512,1,31090502,1)","0","100","(76991138,76991139,76991140,76991141)"
"157003927","8","6","90203958","91290628","900","1100","(31020005,9,31010058,2,31000061,1)","270","0","5","(31140134,1,31102517,1,31090502,1)","0","100","(76991138,76991139,76991140,76991141)"
"157003928","8","6","90203959","91290629","1100","1300","(31020005,9,31010058,2,31000061,1)","330","0","5","(31140134,1,31102522,1,31090502,1)","0","100","(76991138,76991139,76991140,76991141)"
"157003929","8","6","90203960","91290630","1300","1600","(31020005,15,31010058,3,31000061,1)","390","90203634","5","(31090501,1,31102208,1,31090502,1)","0","100","(76991142,76991143,76991144,76991145)"
"157003930","8","6","90203961","91290631","1600","1900","(31020005,15,31010058,3,31000061,1)","480","0","5","(31090501,1,31102218,1,31090502,1)","0","100","(76991142,76991143,76991144,76991145)"
"157003931","8","6","90203962","91290632","1900","2200","(31020005,15,31010058,3,31000061,1)","570","0","5","(31090501,1,31102228,1,31090502,1)","0","100","(76991142,76991143,76991144,76991145)"
"157003932","8","6","90203963","91290633","2200","2500","(31020005,15,31010058,3,31000061,1)","660","0","5","(31090501,1,31102238,1,31090502,1)","0","100","(76991142,76991143,76991144,76991145)"
"157003933","8","6","90203964","91290634","2500","2800","(31020005,15,31010058,3,31000061,1)","750","0","5","(31090501,1,31102248,1,31090502,1)","0","100","(76991142,76991143,76991144,76991145)"
"157003934","8","6","90203965","91290635","2800","3200","(31100078,1,31020005,15,31010058,4,31000061,1)","840","90203635","5","(31090501,1,31102503,1,31090502,2)","39000079","80","(76991146,76991147,76991148,76991149)"
"157003935","8","6","90203966","91290636","3200","3600","(31100078,1,31020005,15,31010058,4,31000061,1)","960","0","5","(31090501,1,31102508,1,31090502,2)","39000079","80","(76991146,76991147,76991148,76991149)"
"157003936","8","6","90203967","91290637","3600","4000","(31100078,1,31020005,15,31010058,4,31000061,1)","1080","0","5","(31090501,1,31102513,1,31090502,2)","39000079","80","(76991146,76991147,76991148,76991149)"
"157003937","8","6","90203968","91290638","4000","4400","(31100078,1,31020005,15,31010058,4,31000061,1)","1200","0","5","(31090501,1,31102518,1,31090502,2)","39000079","80","(76991146,76991147,76991148,76991149)"
"157003938","8","6","90203969","91290639","4400","4800","(31100078,1,31020005,15,31010058,4,31000061,1)","1320","0","5","(31090501,1,31102523,1,31090502,2)","39000079","80","(76991146,76991147,76991148,76991149)"
"157003939","8","6","90203970","91290640","4800","5300","(31100079,1,31020005,21,31010058,5,31000061,1)","1440","90203636","5","(31090501,1,31102209,1,31090502,2)","39000080","65","(76991150,76991151,76991152,76991153)"
"157003940","8","6","90203971","91290641","5300","5800","(31100079,1,31020005,21,31010058,5,31000061,1)","1590","0","5","(31090501,1,31102219,1,31090502,2)","39000080","65","(76991150,76991151,76991152,76991153)"
"157003941","8","6","90203972","91290642","5800","6300","(31100079,1,31020005,21,31010058,5,31000061,1)","1740","0","5","(31090501,1,31102229,1,31090502,2)","39000080","65","(76991150,76991151,76991152,76991153)"
"157003942","8","6","90203973","91290643","6300","6800","(31100079,1,31020005,21,31010058,5,31000061,1)","1890","0","5","(31090501,1,31102239,1,31090502,2)","39000080","65","(76991150,76991151,76991152,76991153)"
"157003943","8","6","90203974","91290644","6800","7300","(31100079,1,31020005,21,31010058,5,31000061,1)","2040","0","5","(31090501,1,31102249,1,31090502,2)","39000080","65","(76991150,76991151,76991152,76991153)"
"157003944","8","6","90203975","91290645","7300","7900","(31100080,1,31020005,30,31010058,6,31000061,1)","2190","90203637","5","(31090501,1,31102504,1,31000166,3)","39000081","50","(76991154,76991155,76991156,76991157)"
"157003945","8","6","90203976","91290646","7900","8500","(31100080,1,31020005,30,31010058,6,31000061,1)","2370","0","5","(31090501,1,31102509,1,31000166,3)","39000081","50","(76991154,76991155,76991156,76991157)"
"157003946","8","6","90203977","91290647","8500","9200","(31100080,1,31020005,30,31010058,6,31000061,1)","2550","0","5","(31090501,1,31102514,1,31000166,3)","39000081","50","(76991154,76991155,76991156,76991157)"
"157003947","8","6","90203978","91290648","9200","10000","(31100080,1,31020005,30,31010058,6,31000061,1)","2760","0","5","(31090501,1,31102519,1,31000166,3)","39000081","50","(76991154,76991155,76991156,76991157)"
"157003948","8","6","90203979","91290649","10000","999999","(31100080,1,31020005,30,31010058,6,31000061,1)","3000","0","5","(31090501,1,31102524,1,31000166,3)","39000081","50","(76991154,76991155,76991156,76991157)"
"157003949","8","7","90203952","91290622","0","100","(31020005,6,31010058,1,31000061,1)","0","90203632","5","(31140133,1,31102501,1,31090502,1)","0","100","(76991134,76991135,76991136,76991137)"
"157003950","8","7","90203953","91290623","100","200","(31020005,6,31010058,1,31000061,1)","0","0","5","(31140133,1,31102511,1,31090502,1)","0","100","(76991134,76991135,76991136,76991137)"
"157003951","8","7","90203954","91290624","200","300","(31020005,6,31010058,1,31000061,1)","0","0","5","(31140133,1,31102521,1,31090502,1)","0","100","(76991134,76991135,76991136,76991137)"
"157003952","8","7","90203955","91290625","300","500","(31020005,9,31010058,2,31000061,1)","90","90203633","5","(31140134,1,31102502,1,31090502,1)","0","100","(76991138,76991139,76991140,76991141)"
"157003953","8","7","90203956","91290626","500","700","(31020005,9,31010058,2,31000061,1)","150","0","5","(31140134,1,31102507,1,31090502,1)","0","100","(76991138,76991139,76991140,76991141)"
"157003954","8","7","90203957","91290627","700","900","(31020005,9,31010058,2,31000061,1)","210","0","5","(31140134,1,31102512,1,31090502,1)","0","100","(76991138,76991139,76991140,76991141)"
"157003955","8","7","90203958","91290628","900","1100","(31020005,9,31010058,2,31000061,1)","270","0","5","(31140134,1,31102517,1,31090502,1)","0","100","(76991138,76991139,76991140,76991141)"
"157003956","8","7","90203959","91290629","1100","1300","(31020005,9,31010058,2,31000061,1)","330","0","5","(31140134,1,31102522,1,31090502,1)","0","100","(76991138,76991139,76991140,76991141)"
"157003957","8","7","90203960","91290630","1300","1600","(31020005,15,31010058,3,31000061,1)","390","90203634","5","(31090501,1,31102208,1,31090502,1)","0","100","(76991142,76991143,76991144,76991145)"
"157003958","8","7","90203961","91290631","1600","1900","(31020005,15,31010058,3,31000061,1)","480","0","5","(31090501,1,31102218,1,31090502,1)","0","100","(76991142,76991143,76991144,76991145)"
"157003959","8","7","90203962","91290632","1900","2200","(31020005,15,31010058,3,31000061,1)","570","0","5","(31090501,1,31102228,1,31090502,1)","0","100","(76991142,76991143,76991144,76991145)"
"157003960","8","7","90203963","91290633","2200","2500","(31020005,15,31010058,3,31000061,1)","660","0","5","(31090501,1,31102238,1,31090502,1)","0","100","(76991142,76991143,76991144,76991145)"
"157003961","8","7","90203964","91290634","2500","2800","(31020005,15,31010058,3,31000061,1)","750","0","5","(31090501,1,31102248,1,31090502,1)","0","100","(76991142,76991143,76991144,76991145)"
"157003962","8","7","90203965","91290635","2800","3200","(31100078,1,31020005,15,31010058,4,31000061,1)","840","90203635","5","(31090501,1,31102503,1,31090502,2)","39000079","80","(76991146,76991147,76991148,76991149)"
"157003963","8","7","90203966","91290636","3200","3600","(31100078,1,31020005,15,31010058,4,31000061,1)","960","0","5","(31090501,1,31102508,1,31090502,2)","39000079","80","(76991146,76991147,76991148,76991149)"
"157003964","8","7","90203967","91290637","3600","4000","(31100078,1,31020005,15,31010058,4,31000061,1)","1080","0","5","(31090501,1,31102513,1,31090502,2)","39000079","80","(76991146,76991147,76991148,76991149)"
"157003965","8","7","90203968","91290638","4000","4400","(31100078,1,31020005,15,31010058,4,31000061,1)","1200","0","5","(31090501,1,31102518,1,31090502,2)","39000079","80","(76991146,76991147,76991148,76991149)"
"157003966","8","7","90203969","91290639","4400","4800","(31100078,1,31020005,15,31010058,4,31000061,1)","1320","0","5","(31090501,1,31102523,1,31090502,2)","39000079","80","(76991146,76991147,76991148,76991149)"
"157003967","8","7","90203970","91290640","4800","5300","(31100079,1,31020005,21,31010058,5,31000061,1)","1440","90203636","5","(31090501,1,31102209,1,31090502,2)","39000080","65","(76991150,76991151,76991152,76991153)"
"157003968","8","7","90203971","91290641","5300","5800","(31100079,1,31020005,21,31010058,5,31000061,1)","1590","0","5","(31090501,1,31102219,1,31090502,2)","39000080","65","(76991150,76991151,76991152,76991153)"
"157003969","8","7","90203972","91290642","5800","6300","(31100079,1,31020005,21,31010058,5,31000061,1)","1740","0","5","(31090501,1,31102229,1,31090502,2)","39000080","65","(76991150,76991151,76991152,76991153)"
"157003970","8","7","90203973","91290643","6300","6800","(31100079,1,31020005,21,31010058,5,31000061,1)","1890","0","5","(31090501,1,31102239,1,31090502,2)","39000080","65","(76991150,76991151,76991152,76991153)"
"157003971","8","7","90203974","91290644","6800","7300","(31100079,1,31020005,21,31010058,5,31000061,1)","2040","0","5","(31090501,1,31102249,1,31090502,2)","39000080","65","(76991150,76991151,76991152,76991153)"
"157003972","8","7","90203975","91290645","7300","7900","(31100080,1,31020005,30,31010058,6,31000061,1)","2190","90203637","5","(31090501,1,31102504,1,31000166,3)","39000081","50","(76991154,76991155,76991156,76991157)"
"157003973","8","7","90203976","91290646","7900","8500","(31100080,1,31020005,30,31010058,6,31000061,1)","2370","0","5","(31090501,1,31102509,1,31000166,3)","39000081","50","(76991154,76991155,76991156,76991157)"
"157003974","8","7","90203977","91290647","8500","9200","(31100080,1,31020005,30,31010058,6,31000061,1)","2550","0","5","(31090501,1,31102514,1,31000166,3)","39000081","50","(76991154,76991155,76991156,76991157)"
"157003975","8","7","90203978","91290648","9200","10000","(31100080,1,31020005,30,31010058,6,31000061,1)","2760","0","5","(31090501,1,31102519,1,31000166,3)","39000081","50","(76991154,76991155,76991156,76991157)"
"157003976","8","7","90203979","91290649","10000","999999","(31100080,1,31020005,30,31010058,6,31000061,1)","3000","0","5","(31090501,1,31102524,1,31000166,3)","39000081","50","(76991154,76991155,76991156,76991157)"
"157003977","8","8","90203952","91290622","0","100","(31020005,6,31010058,1,31000061,1)","0","90203632","5","(31140133,1,31102501,1,31090502,1)","0","100","(76991134,76991135,76991136,76991137)"
"157003978","8","8","90203953","91290623","100","200","(31020005,6,31010058,1,31000061,1)","0","0","5","(31140133,1,31102511,1,31090502,1)","0","100","(76991134,76991135,76991136,76991137)"
"157003979","8","8","90203954","91290624","200","300","(31020005,6,31010058,1,31000061,1)","0","0","5","(31140133,1,31102521,1,31090502,1)","0","100","(76991134,76991135,76991136,76991137)"
"157003980","8","8","90203955","91290625","300","500","(31020005,9,31010058,2,31000061,1)","90","90203633","5","(31140134,1,31102502,1,31090502,1)","0","100","(76991138,76991139,76991140,76991141)"
"157003981","8","8","90203956","91290626","500","700","(31020005,9,31010058,2,31000061,1)","150","0","5","(31140134,1,31102507,1,31090502,1)","0","100","(76991138,76991139,76991140,76991141)"
"157003982","8","8","90203957","91290627","700","900","(31020005,9,31010058,2,31000061,1)","210","0","5","(31140134,1,31102512,1,31090502,1)","0","100","(76991138,76991139,76991140,76991141)"
"157003983","8","8","90203958","91290628","900","1100","(31020005,9,31010058,2,31000061,1)","270","0","5","(31140134,1,31102517,1,31090502,1)","0","100","(76991138,76991139,76991140,76991141)"
"157003984","8","8","90203959","91290629","1100","1300","(31020005,9,31010058,2,31000061,1)","330","0","5","(31140134,1,31102522,1,31090502,1)","0","100","(76991138,76991139,76991140,76991141)"
"157003985","8","8","90203960","91290630","1300","1600","(31020005,15,31010058,3,31000061,1)","390","90203634","5","(31090501,1,31102208,1,31090502,1)","0","100","(76991142,76991143,76991144,76991145)"
"157003986","8","8","90203961","91290631","1600","1900","(31020005,15,31010058,3,31000061,1)","480","0","5","(31090501,1,31102218,1,31090502,1)","0","100","(76991142,76991143,76991144,76991145)"
"157003987","8","8","90203962","91290632","1900","2200","(31020005,15,31010058,3,31000061,1)","570","0","5","(31090501,1,31102228,1,31090502,1)","0","100","(76991142,76991143,76991144,76991145)"
"157003988","8","8","90203963","91290633","2200","2500","(31020005,15,31010058,3,31000061,1)","660","0","5","(31090501,1,31102238,1,31090502,1)","0","100","(76991142,76991143,76991144,76991145)"
"157003989","8","8","90203964","91290634","2500","2800","(31020005,15,31010058,3,31000061,1)","750","0","5","(31090501,1,31102248,1,31090502,1)","0","100","(76991142,76991143,76991144,76991145)"
"157003990","8","8","90203965","91290635","2800","3200","(31100078,1,31020005,15,31010058,4,31000061,1)","840","90203635","5","(31090501,1,31102503,1,31090502,2)","39000079","80","(76991146,76991147,76991148,76991149)"
"157003991","8","8","90203966","91290636","3200","3600","(31100078,1,31020005,15,31010058,4,31000061,1)","960","0","5","(31090501,1,31102508,1,31090502,2)","39000079","80","(76991146,76991147,76991148,76991149)"
"157003992","8","8","90203967","91290637","3600","4000","(31100078,1,31020005,15,31010058,4,31000061,1)","1080","0","5","(31090501,1,31102513,1,31090502,2)","39000079","80","(76991146,76991147,76991148,76991149)"
"157003993","8","8","90203968","91290638","4000","4400","(31100078,1,31020005,15,31010058,4,31000061,1)","1200","0","5","(31090501,1,31102518,1,31090502,2)","39000079","80","(76991146,76991147,76991148,76991149)"
"157003994","8","8","90203969","91290639","4400","4800","(31100078,1,31020005,15,31010058,4,31000061,1)","1320","0","5","(31090501,1,31102523,1,31090502,2)","39000079","80","(76991146,76991147,76991148,76991149)"
"157003995","8","8","90203970","91290640","4800","5300","(31100079,1,31020005,21,31010058,5,31000061,1)","1440","90203636","5","(31090501,1,31102209,1,31090502,2)","39000080","65","(76991150,76991151,76991152,76991153)"
"157003996","8","8","90203971","91290641","5300","5800","(31100079,1,31020005,21,31010058,5,31000061,1)","1590","0","5","(31090501,1,31102219,1,31090502,2)","39000080","65","(76991150,76991151,76991152,76991153)"
"157003997","8","8","90203972","91290642","5800","6300","(31100079,1,31020005,21,31010058,5,31000061,1)","1740","0","5","(31090501,1,31102229,1,31090502,2)","39000080","65","(76991150,76991151,76991152,76991153)"
"157003998","8","8","90203973","91290643","6300","6800","(31100079,1,31020005,21,31010058,5,31000061,1)","1890","0","5","(31090501,1,31102239,1,31090502,2)","39000080","65","(76991150,76991151,76991152,76991153)"
"157003999","8","8","90203974","91290644","6800","7300","(31100079,1,31020005,21,31010058,5,31000061,1)","2040","0","5","(31090501,1,31102249,1,31090502,2)","39000080","65","(76991150,76991151,76991152,76991153)"
"157004000","8","8","90203975","91290645","7300","7900","(31100080,1,31020005,30,31010058,6,31000061,1)","2190","90203637","5","(31090501,1,31102504,1,31000166,3)","39000081","50","(76991154,76991155,76991156,76991157)"
"157004001","8","8","90203976","91290646","7900","8500","(31100080,1,31020005,30,31010058,6,31000061,1)","2370","0","5","(31090501,1,31102509,1,31000166,3)","39000081","50","(76991154,76991155,76991156,76991157)"
"157004002","8","8","90203977","91290647","8500","9200","(31100080,1,31020005,30,31010058,6,31000061,1)","2550","0","5","(31090501,1,31102514,1,31000166,3)","39000081","50","(76991154,76991155,76991156,76991157)"
"157004003","8","8","90203978","91290648","9200","10000","(31100080,1,31020005,30,31010058,6,31000061,1)","2760","0","5","(31090501,1,31102519,1,31000166,3)","39000081","50","(76991154,76991155,76991156,76991157)"
"157004004","8","8","90203979","91290649","10000","999999","(31100080,1,31020005,30,31010058,6,31000061,1)","3000","0","5","(31090501,1,31102524,1,31000166,3)","39000081","50","(76991154,76991155,76991156,76991157)"
"157004005","8","9","90203952","91290622","0","100","(31020005,6,31010058,1,31000061,1)","0","90203632","5","(31140133,1,31102501,1,31090502,1)","0","100","(76991134,76991135,76991136,76991137)"
"157004006","8","9","90203953","91290623","100","200","(31020005,6,31010058,1,31000061,1)","0","0","5","(31140133,1,31102511,1,31090502,1)","0","100","(76991134,76991135,76991136,76991137)"
"157004007","8","9","90203954","91290624","200","300","(31020005,6,31010058,1,31000061,1)","0","0","5","(31140133,1,31102521,1,31090502,1)","0","100","(76991134,76991135,76991136,76991137)"
"157004008","8","9","90203955","91290625","300","500","(31020005,9,31010058,2,31000061,1)","90","90203633","5","(31140134,1,31102502,1,31090502,1)","0","100","(76991138,76991139,76991140,76991141)"
"157004009","8","9","90203956","91290626","500","700","(31020005,9,31010058,2,31000061,1)","150","0","5","(31140134,1,31102507,1,31090502,1)","0","100","(76991138,76991139,76991140,76991141)"
"157004010","8","9","90203957","91290627","700","900","(31020005,9,31010058,2,31000061,1)","210","0","5","(31140134,1,31102512,1,31090502,1)","0","100","(76991138,76991139,76991140,76991141)"
"157004011","8","9","90203958","91290628","900","1100","(31020005,9,31010058,2,31000061,1)","270","0","5","(31140134,1,31102517,1,31090502,1)","0","100","(76991138,76991139,76991140,76991141)"
"157004012","8","9","90203959","91290629","1100","1300","(31020005,9,31010058,2,31000061,1)","330","0","5","(31140134,1,31102522,1,31090502,1)","0","100","(76991138,76991139,76991140,76991141)"
"157004013","8","9","90203960","91290630","1300","1600","(31020005,15,31010058,3,31000061,1)","390","90203634","5","(31090501,1,31102208,1,31090502,1)","0","100","(76991142,76991143,76991144,76991145)"
"157004014","8","9","90203961","91290631","1600","1900","(31020005,15,31010058,3,31000061,1)","480","0","5","(31090501,1,31102218,1,31090502,1)","0","100","(76991142,76991143,76991144,76991145)"
"157004015","8","9","90203962","91290632","1900","2200","(31020005,15,31010058,3,31000061,1)","570","0","5","(31090501,1,31102228,1,31090502,1)","0","100","(76991142,76991143,76991144,76991145)"
"157004016","8","9","90203963","91290633","2200","2500","(31020005,15,31010058,3,31000061,1)","660","0","5","(31090501,1,31102238,1,31090502,1)","0","100","(76991142,76991143,76991144,76991145)"
"157004017","8","9","90203964","91290634","2500","2800","(31020005,15,31010058,3,31000061,1)","750","0","5","(31090501,1,31102248,1,31090502,1)","0","100","(76991142,76991143,76991144,76991145)"
"157004018","8","9","90203965","91290635","2800","3200","(31100078,1,31020005,15,31010058,4,31000061,1)","840","90203635","5","(31090501,1,31102503,1,31090502,2)","39000079","80","(76991146,76991147,76991148,76991149)"
"157004019","8","9","90203966","91290636","3200","3600","(31100078,1,31020005,15,31010058,4,31000061,1)","960","0","5","(31090501,1,31102508,1,31090502,2)","39000079","80","(76991146,76991147,76991148,76991149)"
"157004020","8","9","90203967","91290637","3600","4000","(31100078,1,31020005,15,31010058,4,31000061,1)","1080","0","5","(31090501,1,31102513,1,31090502,2)","39000079","80","(76991146,76991147,76991148,76991149)"
"157004021","8","9","90203968","91290638","4000","4400","(31100078,1,31020005,15,31010058,4,31000061,1)","1200","0","5","(31090501,1,31102518,1,31090502,2)","39000079","80","(76991146,76991147,76991148,76991149)"
"157004022","8","9","90203969","91290639","4400","4800","(31100078,1,31020005,15,31010058,4,31000061,1)","1320","0","5","(31090501,1,31102523,1,31090502,2)","39000079","80","(76991146,76991147,76991148,76991149)"
"157004023","8","9","90203970","91290640","4800","5300","(31100079,1,31020005,21,31010058,5,31000061,1)","1440","90203636","5","(31090501,1,31102209,1,31090502,2)","39000080","65","(76991150,76991151,76991152,76991153)"
"157004024","8","9","90203971","91290641","5300","5800","(31100079,1,31020005,21,31010058,5,31000061,1)","1590","0","5","(31090501,1,31102219,1,31090502,2)","39000080","65","(76991150,76991151,76991152,76991153)"
"157004025","8","9","90203972","91290642","5800","6300","(31100079,1,31020005,21,31010058,5,31000061,1)","1740","0","5","(31090501,1,31102229,1,31090502,2)","39000080","65","(76991150,76991151,76991152,76991153)"
"157004026","8","9","90203973","91290643","6300","6800","(31100079,1,31020005,21,31010058,5,31000061,1)","1890","0","5","(31090501,1,31102239,1,31090502,2)","39000080","65","(76991150,76991151,76991152,76991153)"
"157004027","8","9","90203974","91290644","6800","7300","(31100079,1,31020005,21,31010058,5,31000061,1)","2040","0","5","(31090501,1,31102249,1,31090502,2)","39000080","65","(76991150,76991151,76991152,76991153)"
"157004028","8","9","90203975","91290645","7300","7900","(31100080,1,31020005,30,31010058,6,31000061,1)","2190","90203637","5","(31090501,1,31102504,1,31000166,3)","39000081","50","(76991154,76991155,76991156,76991157)"
"157004029","8","9","90203976","91290646","7900","8500","(31100080,1,31020005,30,31010058,6,31000061,1)","2370","0","5","(31090501,1,31102509,1,31000166,3)","39000081","50","(76991154,76991155,76991156,76991157)"
"157004030","8","9","90203977","91290647","8500","9200","(31100080,1,31020005,30,31010058,6,31000061,1)","2550","0","5","(31090501,1,31102514,1,31000166,3)","39000081","50","(76991154,76991155,76991156,76991157)"
"157004031","8","9","90203978","91290648","9200","10000","(31100080,1,31020005,30,31010058,6,31000061,1)","2760","0","5","(31090501,1,31102519,1,31000166,3)","39000081","50","(76991154,76991155,76991156,76991157)"
"157004032","8","9","90203979","91290649","10000","999999","(31100080,1,31020005,30,31010058,6,31000061,1)","3000","0","5","(31090501,1,31102524,1,31000166,3)","39000081","50","(76991154,76991155,76991156,76991157)"
"157004033","8","10","90203952","91290622","0","100","(31020005,6,31010058,1,31000061,1)","0","90203632","5","(31140133,1,31102501,1,31090502,1)","0","100","(76991134,76991135,76991136,76991137)"
"157004034","8","10","90203953","91290623","100","200","(31020005,6,31010058,1,31000061,1)","0","0","5","(31140133,1,31102511,1,31090502,1)","0","100","(76991134,76991135,76991136,76991137)"
"157004035","8","10","90203954","91290624","200","300","(31020005,6,31010058,1,31000061,1)","0","0","5","(31140133,1,31102521,1,31090502,1)","0","100","(76991134,76991135,76991136,76991137)"
"157004036","8","10","90203955","91290625","300","500","(31020005,9,31010058,2,31000061,1)","90","90203633","5","(31140134,1,31102502,1,31090502,1)","0","100","(76991138,76991139,76991140,76991141)"
"157004037","8","10","90203956","91290626","500","700","(31020005,9,31010058,2,31000061,1)","150","0","5","(31140134,1,31102507,1,31090502,1)","0","100","(76991138,76991139,76991140,76991141)"
"157004038","8","10","90203957","91290627","700","900","(31020005,9,31010058,2,31000061,1)","210","0","5","(31140134,1,31102512,1,31090502,1)","0","100","(76991138,76991139,76991140,76991141)"
"157004039","8","10","90203958","91290628","900","1100","(31020005,9,31010058,2,31000061,1)","270","0","5","(31140134,1,31102517,1,31090502,1)","0","100","(76991138,76991139,76991140,76991141)"
"157004040","8","10","90203959","91290629","1100","1300","(31020005,9,31010058,2,31000061,1)","330","0","5","(31140134,1,31102522,1,31090502,1)","0","100","(76991138,76991139,76991140,76991141)"
"157004041","8","10","90203960","91290630","1300","1600","(31020005,15,31010058,3,31000061,1)","390","90203634","5","(31090501,1,31102208,1,31090502,1)","0","100","(76991142,76991143,76991144,76991145)"
"157004042","8","10","90203961","91290631","1600","1900","(31020005,15,31010058,3,31000061,1)","480","0","5","(31090501,1,31102218,1,31090502,1)","0","100","(76991142,76991143,76991144,76991145)"
"157004043","8","10","90203962","91290632","1900","2200","(31020005,15,31010058,3,31000061,1)","570","0","5","(31090501,1,31102228,1,31090502,1)","0","100","(76991142,76991143,76991144,76991145)"
"157004044","8","10","90203963","91290633","2200","2500","(31020005,15,31010058,3,31000061,1)","660","0","5","(31090501,1,31102238,1,31090502,1)","0","100","(76991142,76991143,76991144,76991145)"
"157004045","8","10","90203964","91290634","2500","2800","(31020005,15,31010058,3,31000061,1)","750","0","5","(31090501,1,31102248,1,31090502,1)","0","100","(76991142,76991143,76991144,76991145)"
"157004046","8","10","90203965","91290635","2800","3200","(31100078,1,31020005,15,31010058,4,31000061,1)","840","90203635","5","(31090501,1,31102503,1,31090502,2)","39000079","80","(76991146,76991147,76991148,76991149)"
"157004047","8","10","90203966","91290636","3200","3600","(31100078,1,31020005,15,31010058,4,31000061,1)","960","0","5","(31090501,1,31102508,1,31090502,2)","39000079","80","(76991146,76991147,76991148,76991149)"
"157004048","8","10","90203967","91290637","3600","4000","(31100078,1,31020005,15,31010058,4,31000061,1)","1080","0","5","(31090501,1,31102513,1,31090502,2)","39000079","80","(76991146,76991147,76991148,76991149)"
"157004049","8","10","90203968","91290638","4000","4400","(31100078,1,31020005,15,31010058,4,31000061,1)","1200","0","5","(31090501,1,31102518,1,31090502,2)","39000079","80","(76991146,76991147,76991148,76991149)"
"157004050","8","10","90203969","91290639","4400","4800","(31100078,1,31020005,15,31010058,4,31000061,1)","1320","0","5","(31090501,1,31102523,1,31090502,2)","39000079","80","(76991146,76991147,76991148,76991149)"
"157004051","8","10","90203970","91290640","4800","5300","(31100079,1,31020005,21,31010058,5,31000061,1)","1440","90203636","5","(31090501,1,31102209,1,31090502,2)","39000080","65","(76991150,76991151,76991152,76991153)"
"157004052","8","10","90203971","91290641","5300","5800","(31100079,1,31020005,21,31010058,5,31000061,1)","1590","0","5","(31090501,1,31102219,1,31090502,2)","39000080","65","(76991150,76991151,76991152,76991153)"
"157004053","8","10","90203972","91290642","5800","6300","(31100079,1,31020005,21,31010058,5,31000061,1)","1740","0","5","(31090501,1,31102229,1,31090502,2)","39000080","65","(76991150,76991151,76991152,76991153)"
"157004054","8","10","90203973","91290643","6300","6800","(31100079,1,31020005,21,31010058,5,31000061,1)","1890","0","5","(31090501,1,31102239,1,31090502,2)","39000080","65","(76991150,76991151,76991152,76991153)"
"157004055","8","10","90203974","91290644","6800","7300","(31100079,1,31020005,21,31010058,5,31000061,1)","2040","0","5","(31090501,1,31102249,1,31090502,2)","39000080","65","(76991150,76991151,76991152,76991153)"
"157004056","8","10","90203975","91290645","7300","7900","(31100080,1,31020005,30,31010058,6,31000061,1)","2190","90203637","5","(31090501,1,31102504,1,31000166,3)","39000081","50","(76991154,76991155,76991156,76991157)"
"157004057","8","10","90203976","91290646","7900","8500","(31100080,1,31020005,30,31010058,6,31000061,1)","2370","0","5","(31090501,1,31102509,1,31000166,3)","39000081","50","(76991154,76991155,76991156,76991157)"
"157004058","8","10","90203977","91290647","8500","9200","(31100080,1,31020005,30,31010058,6,31000061,1)","2550","0","5","(31090501,1,31102514,1,31000166,3)","39000081","50","(76991154,76991155,76991156,76991157)"
"157004059","8","10","90203978","91290648","9200","10000","(31100080,1,31020005,30,31010058,6,31000061,1)","2760","0","5","(31090501,1,31102519,1,31000166,3)","39000081","50","(76991154,76991155,76991156,76991157)"
"157004060","8","10","90203979","91290649","10000","999999","(31100080,1,31020005,30,31010058,6,31000061,1)","3000","0","5","(31090501,1,31102524,1,31000166,3)","39000081","50","(76991154,76991155,76991156,76991157)"
"157004061","8","11","90203952","91290622","0","100","(31020005,6,31010058,1,31000061,1)","0","90203632","5","(31140133,1,31102501,1,31090502,1)","0","100","(76991134,76991135,76991136,76991137)"
"157004062","8","11","90203953","91290623","100","200","(31020005,6,31010058,1,31000061,1)","0","0","5","(31140133,1,31102511,1,31090502,1)","0","100","(76991134,76991135,76991136,76991137)"
"157004063","8","11","90203954","91290624","200","300","(31020005,6,31010058,1,31000061,1)","0","0","5","(31140133,1,31102521,1,31090502,1)","0","100","(76991134,76991135,76991136,76991137)"
"157004064","8","11","90203955","91290625","300","500","(31020005,9,31010058,2,31000061,1)","90","90203633","5","(31140134,1,31102502,1,31090502,1)","0","100","(76991138,76991139,76991140,76991141)"
"157004065","8","11","90203956","91290626","500","700","(31020005,9,31010058,2,31000061,1)","150","0","5","(31140134,1,31102507,1,31090502,1)","0","100","(76991138,76991139,76991140,76991141)"
"157004066","8","11","90203957","91290627","700","900","(31020005,9,31010058,2,31000061,1)","210","0","5","(31140134,1,31102512,1,31090502,1)","0","100","(76991138,76991139,76991140,76991141)"
"157004067","8","11","90203958","91290628","900","1100","(31020005,9,31010058,2,31000061,1)","270","0","5","(31140134,1,31102517,1,31090502,1)","0","100","(76991138,76991139,76991140,76991141)"
"157004068","8","11","90203959","91290629","1100","1300","(31020005,9,31010058,2,31000061,1)","330","0","5","(31140134,1,31102522,1,31090502,1)","0","100","(76991138,76991139,76991140,76991141)"
"157004069","8","11","90203960","91290630","1300","1600","(31020005,15,31010058,3,31000061,1)","390","90203634","5","(31090501,1,31102208,1,31090502,1)","0","100","(76991142,76991143,76991144,76991145)"
"157004070","8","11","90203961","91290631","1600","1900","(31020005,15,31010058,3,31000061,1)","480","0","5","(31090501,1,31102218,1,31090502,1)","0","100","(76991142,76991143,76991144,76991145)"
"157004071","8","11","90203962","91290632","1900","2200","(31020005,15,31010058,3,31000061,1)","570","0","5","(31090501,1,31102228,1,31090502,1)","0","100","(76991142,76991143,76991144,76991145)"
"157004072","8","11","90203963","91290633","2200","2500","(31020005,15,31010058,3,31000061,1)","660","0","5","(31090501,1,31102238,1,31090502,1)","0","100","(76991142,76991143,76991144,76991145)"
"157004073","8","11","90203964","91290634","2500","2800","(31020005,15,31010058,3,31000061,1)","750","0","5","(31090501,1,31102248,1,31090502,1)","0","100","(76991142,76991143,76991144,76991145)"
"157004074","8","11","90203965","91290635","2800","3200","(31100078,1,31020005,15,31010058,4,31000061,1)","840","90203635","5","(31090501,1,31102503,1,31090502,2)","39000079","80","(76991146,76991147,76991148,76991149)"
"157004075","8","11","90203966","91290636","3200","3600","(31100078,1,31020005,15,31010058,4,31000061,1)","960","0","5","(31090501,1,31102508,1,31090502,2)","39000079","80","(76991146,76991147,76991148,76991149)"
"157004076","8","11","90203967","91290637","3600","4000","(31100078,1,31020005,15,31010058,4,31000061,1)","1080","0","5","(31090501,1,31102513,1,31090502,2)","39000079","80","(76991146,76991147,76991148,76991149)"
"157004077","8","11","90203968","91290638","4000","4400","(31100078,1,31020005,15,31010058,4,31000061,1)","1200","0","5","(31090501,1,31102518,1,31090502,2)","39000079","80","(76991146,76991147,76991148,76991149)"
"157004078","8","11","90203969","91290639","4400","4800","(31100078,1,31020005,15,31010058,4,31000061,1)","1320","0","5","(31090501,1,31102523,1,31090502,2)","39000079","80","(76991146,76991147,76991148,76991149)"
"157004079","8","11","90203970","91290640","4800","5300","(31100079,1,31020005,21,31010058,5,31000061,1)","1440","90203636","5","(31090501,1,31102209,1,31090502,2)","39000080","65","(76991150,76991151,76991152,76991153)"
"157004080","8","11","90203971","91290641","5300","5800","(31100079,1,31020005,21,31010058,5,31000061,1)","1590","0","5","(31090501,1,31102219,1,31090502,2)","39000080","65","(76991150,76991151,76991152,76991153)"
"157004081","8","11","90203972","91290642","5800","6300","(31100079,1,31020005,21,31010058,5,31000061,1)","1740","0","5","(31090501,1,31102229,1,31090502,2)","39000080","65","(76991150,76991151,76991152,76991153)"
"157004082","8","11","90203973","91290643","6300","6800","(31100079,1,31020005,21,31010058,5,31000061,1)","1890","0","5","(31090501,1,31102239,1,31090502,2)","39000080","65","(76991150,76991151,76991152,76991153)"
"157004083","8","11","90203974","91290644","6800","7300","(31100079,1,31020005,21,31010058,5,31000061,1)","2040","0","5","(31090501,1,31102249,1,31090502,2)","39000080","65","(76991150,76991151,76991152,76991153)"
"157004084","8","11","90203975","91290645","7300","7900","(31100080,1,31020005,30,31010058,6,31000061,1)","2190","90203637","5","(31090501,1,31102504,1,31000166,3)","39000081","50","(76991154,76991155,76991156,76991157)"
"157004085","8","11","90203976","91290646","7900","8500","(31100080,1,31020005,30,31010058,6,31000061,1)","2370","0","5","(31090501,1,31102509,1,31000166,3)","39000081","50","(76991154,76991155,76991156,76991157)"
"157004086","8","11","90203977","91290647","8500","9200","(31100080,1,31020005,30,31010058,6,31000061,1)","2550","0","5","(31090501,1,31102514,1,31000166,3)","39000081","50","(76991154,76991155,76991156,76991157)"
"157004087","8","11","90203978","91290648","9200","10000","(31100080,1,31020005,30,31010058,6,31000061,1)","2760","0","5","(31090501,1,31102519,1,31000166,3)","39000081","50","(76991154,76991155,76991156,76991157)"
"157004088","8","11","90203979","91290649","10000","999999","(31100080,1,31020005,30,31010058,6,31000061,1)","3000","0","5","(31090501,1,31102524,1,31000166,3)","39000081","50","(76991154,76991155,76991156,76991157)"
"157004089","8","12","90203952","91290622","0","100","(31020005,6,31010058,1,31000061,1)","0","90203632","5","(31140133,1,31102501,1,31090502,1)","0","100","(76991134,76991135,76991136,76991137)"
"157004090","8","12","90203953","91290623","100","200","(31020005,6,31010058,1,31000061,1)","0","0","5","(31140133,1,31102511,1,31090502,1)","0","100","(76991134,76991135,76991136,76991137)"
"157004091","8","12","90203954","91290624","200","300","(31020005,6,31010058,1,31000061,1)","0","0","5","(31140133,1,31102521,1,31090502,1)","0","100","(76991134,76991135,76991136,76991137)"
"157004092","8","12","90203955","91290625","300","500","(31020005,9,31010058,2,31000061,1)","90","90203633","5","(31140134,1,31102502,1,31090502,1)","0","100","(76991138,76991139,76991140,76991141)"
"157004093","8","12","90203956","91290626","500","700","(31020005,9,31010058,2,31000061,1)","150","0","5","(31140134,1,31102507,1,31090502,1)","0","100","(76991138,76991139,76991140,76991141)"
"157004094","8","12","90203957","91290627","700","900","(31020005,9,31010058,2,31000061,1)","210","0","5","(31140134,1,31102512,1,31090502,1)","0","100","(76991138,76991139,76991140,76991141)"
"157004095","8","12","90203958","91290628","900","1100","(31020005,9,31010058,2,31000061,1)","270","0","5","(31140134,1,31102517,1,31090502,1)","0","100","(76991138,76991139,76991140,76991141)"
"157004096","8","12","90203959","91290629","1100","1300","(31020005,9,31010058,2,31000061,1)","330","0","5","(31140134,1,31102522,1,31090502,1)","0","100","(76991138,76991139,76991140,76991141)"
"157004097","8","12","90203960","91290630","1300","1600","(31020005,15,31010058,3,31000061,1)","390","90203634","5","(31090501,1,31102208,1,31090502,1)","0","100","(76991142,76991143,76991144,76991145)"
"157004098","8","12","90203961","91290631","1600","1900","(31020005,15,31010058,3,31000061,1)","480","0","5","(31090501,1,31102218,1,31090502,1)","0","100","(76991142,76991143,76991144,76991145)"
"157004099","8","12","90203962","91290632","1900","2200","(31020005,15,31010058,3,31000061,1)","570","0","5","(31090501,1,31102228,1,31090502,1)","0","100","(76991142,76991143,76991144,76991145)"
"157004100","8","12","90203963","91290633","2200","2500","(31020005,15,31010058,3,31000061,1)","660","0","5","(31090501,1,31102238,1,31090502,1)","0","100","(76991142,76991143,76991144,76991145)"
"157004101","8","12","90203964","91290634","2500","2800","(31020005,15,31010058,3,31000061,1)","750","0","5","(31090501,1,31102248,1,31090502,1)","0","100","(76991142,76991143,76991144,76991145)"
"157004102","8","12","90203965","91290635","2800","3200","(31100078,1,31020005,15,31010058,4,31000061,1)","840","90203635","5","(31090501,1,31102503,1,31090502,2)","39000079","80","(76991146,76991147,76991148,76991149)"
"157004103","8","12","90203966","91290636","3200","3600","(31100078,1,31020005,15,31010058,4,31000061,1)","960","0","5","(31090501,1,31102508,1,31090502,2)","39000079","80","(76991146,76991147,76991148,76991149)"
"157004104","8","12","90203967","91290637","3600","4000","(31100078,1,31020005,15,31010058,4,31000061,1)","1080","0","5","(31090501,1,31102513,1,31090502,2)","39000079","80","(76991146,76991147,76991148,76991149)"
"157004105","8","12","90203968","91290638","4000","4400","(31100078,1,31020005,15,31010058,4,31000061,1)","1200","0","5","(31090501,1,31102518,1,31090502,2)","39000079","80","(76991146,76991147,76991148,76991149)"
"157004106","8","12","90203969","91290639","4400","4800","(31100078,1,31020005,15,31010058,4,31000061,1)","1320","0","5","(31090501,1,31102523,1,31090502,2)","39000079","80","(76991146,76991147,76991148,76991149)"
"157004107","8","12","90203970","91290640","4800","5300","(31100079,1,31020005,21,31010058,5,31000061,1)","1440","90203636","5","(31090501,1,31102209,1,31090502,2)","39000080","65","(76991150,76991151,76991152,76991153)"
"157004108","8","12","90203971","91290641","5300","5800","(31100079,1,31020005,21,31010058,5,31000061,1)","1590","0","5","(31090501,1,31102219,1,31090502,2)","39000080","65","(76991150,76991151,76991152,76991153)"
"157004109","8","12","90203972","91290642","5800","6300","(31100079,1,31020005,21,31010058,5,31000061,1)","1740","0","5","(31090501,1,31102229,1,31090502,2)","39000080","65","(76991150,76991151,76991152,76991153)"
"157004110","8","12","90203973","91290643","6300","6800","(31100079,1,31020005,21,31010058,5,31000061,1)","1890","0","5","(31090501,1,31102239,1,31090502,2)","39000080","65","(76991150,76991151,76991152,76991153)"
"157004111","8","12","90203974","91290644","6800","7300","(31100079,1,31020005,21,31010058,5,31000061,1)","2040","0","5","(31090501,1,31102249,1,31090502,2)","39000080","65","(76991150,76991151,76991152,76991153)"
"157004112","8","12","90203975","91290645","7300","7900","(31100080,1,31020005,30,31010058,6,31000061,1)","2190","90203637","5","(31090501,1,31102504,1,31000166,3)","39000081","50","(76991154,76991155,76991156,76991157)"
"157004113","8","12","90203976","91290646","7900","8500","(31100080,1,31020005,30,31010058,6,31000061,1)","2370","0","5","(31090501,1,31102509,1,31000166,3)","39000081","50","(76991154,76991155,76991156,76991157)"
"157004114","8","12","90203977","91290647","8500","9200","(31100080,1,31020005,30,31010058,6,31000061,1)","2550","0","5","(31090501,1,31102514,1,31000166,3)","39000081","50","(76991154,76991155,76991156,76991157)"
"157004115","8","12","90203978","91290648","9200","10000","(31100080,1,31020005,30,31010058,6,31000061,1)","2760","0","5","(31090501,1,31102519,1,31000166,3)","39000081","50","(76991154,76991155,76991156,76991157)"
"157004116","8","12","90203979","91290649","10000","999999","(31100080,1,31020005,30,31010058,6,31000061,1)","3000","0","5","(31090501,1,31102524,1,31000166,3)","39000081","50","(76991154,76991155,76991156,76991157)"
"157004117","8","13","90203952","91290622","0","100","(31020005,6,31010058,1,31000061,1)","0","90203632","5","(31140133,1,31102501,1,31090502,1)","0","100","(76991134,76991135,76991136,76991137)"
"157004118","8","13","90203953","91290623","100","200","(31020005,6,31010058,1,31000061,1)","0","0","5","(31140133,1,31102511,1,31090502,1)","0","100","(76991134,76991135,76991136,76991137)"
"157004119","8","13","90203954","91290624","200","300","(31020005,6,31010058,1,31000061,1)","0","0","5","(31140133,1,31102521,1,31090502,1)","0","100","(76991134,76991135,76991136,76991137)"
"157004120","8","13","90203955","91290625","300","500","(31020005,9,31010058,2,31000061,1)","90","90203633","5","(31140134,1,31102502,1,31090502,1)","0","100","(76991138,76991139,76991140,76991141)"
"157004121","8","13","90203956","91290626","500","700","(31020005,9,31010058,2,31000061,1)","150","0","5","(31140134,1,31102507,1,31090502,1)","0","100","(76991138,76991139,76991140,76991141)"
"157004122","8","13","90203957","91290627","700","900","(31020005,9,31010058,2,31000061,1)","210","0","5","(31140134,1,31102512,1,31090502,1)","0","100","(76991138,76991139,76991140,76991141)"
"157004123","8","13","90203958","91290628","900","1100","(31020005,9,31010058,2,31000061,1)","270","0","5","(31140134,1,31102517,1,31090502,1)","0","100","(76991138,76991139,76991140,76991141)"
"157004124","8","13","90203959","91290629","1100","1300","(31020005,9,31010058,2,31000061,1)","330","0","5","(31140134,1,31102522,1,31090502,1)","0","100","(76991138,76991139,76991140,76991141)"
"157004125","8","13","90203960","91290630","1300","1600","(31020005,15,31010058,3,31000061,1)","390","90203634","5","(31090501,1,31102208,1,31090502,1)","0","100","(76991142,76991143,76991144,76991145)"
"157004126","8","13","90203961","91290631","1600","1900","(31020005,15,31010058,3,31000061,1)","480","0","5","(31090501,1,31102218,1,31090502,1)","0","100","(76991142,76991143,76991144,76991145)"
"157004127","8","13","90203962","91290632","1900","2200","(31020005,15,31010058,3,31000061,1)","570","0","5","(31090501,1,31102228,1,31090502,1)","0","100","(76991142,76991143,76991144,76991145)"
"157004128","8","13","90203963","91290633","2200","2500","(31020005,15,31010058,3,31000061,1)","660","0","5","(31090501,1,31102238,1,31090502,1)","0","100","(76991142,76991143,76991144,76991145)"
"157004129","8","13","90203964","91290634","2500","2800","(31020005,15,31010058,3,31000061,1)","750","0","5","(31090501,1,31102248,1,31090502,1)","0","100","(76991142,76991143,76991144,76991145)"
"157004130","8","13","90203965","91290635","2800","3200","(31100078,1,31020005,15,31010058,4,31000061,1)","840","90203635","5","(31090501,1,31102503,1,31090502,2)","39000079","80","(76991146,76991147,76991148,76991149)"
"157004131","8","13","90203966","91290636","3200","3600","(31100078,1,31020005,15,31010058,4,31000061,1)","960","0","5","(31090501,1,31102508,1,31090502,2)","39000079","80","(76991146,76991147,76991148,76991149)"
"157004132","8","13","90203967","91290637","3600","4000","(31100078,1,31020005,15,31010058,4,31000061,1)","1080","0","5","(31090501,1,31102513,1,31090502,2)","39000079","80","(76991146,76991147,76991148,76991149)"
"157004133","8","13","90203968","91290638","4000","4400","(31100078,1,31020005,15,31010058,4,31000061,1)","1200","0","5","(31090501,1,31102518,1,31090502,2)","39000079","80","(76991146,76991147,76991148,76991149)"
"157004134","8","13","90203969","91290639","4400","4800","(31100078,1,31020005,15,31010058,4,31000061,1)","1320","0","5","(31090501,1,31102523,1,31090502,2)","39000079","80","(76991146,76991147,76991148,76991149)"
"157004135","8","13","90203970","91290640","4800","5300","(31100079,1,31020005,21,31010058,5,31000061,1)","1440","90203636","5","(31090501,1,31102209,1,31090502,2)","39000080","65","(76991150,76991151,76991152,76991153)"
"157004136","8","13","90203971","91290641","5300","5800","(31100079,1,31020005,21,31010058,5,31000061,1)","1590","0","5","(31090501,1,31102219,1,31090502,2)","39000080","65","(76991150,76991151,76991152,76991153)"
"157004137","8","13","90203972","91290642","5800","6300","(31100079,1,31020005,21,31010058,5,31000061,1)","1740","0","5","(31090501,1,31102229,1,31090502,2)","39000080","65","(76991150,76991151,76991152,76991153)"
"157004138","8","13","90203973","91290643","6300","6800","(31100079,1,31020005,21,31010058,5,31000061,1)","1890","0","5","(31090501,1,31102239,1,31090502,2)","39000080","65","(76991150,76991151,76991152,76991153)"
"157004139","8","13","90203974","91290644","6800","7300","(31100079,1,31020005,21,31010058,5,31000061,1)","2040","0","5","(31090501,1,31102249,1,31090502,2)","39000080","65","(76991150,76991151,76991152,76991153)"
"157004140","8","13","90203975","91290645","7300","7900","(31100080,1,31020005,30,31010058,6,31000061,1)","2190","90203637","5","(31090501,1,31102504,1,31000166,3)","39000081","50","(76991154,76991155,76991156,76991157)"
"157004141","8","13","90203976","91290646","7900","8500","(31100080,1,31020005,30,31010058,6,31000061,1)","2370","0","5","(31090501,1,31102509,1,31000166,3)","39000081","50","(76991154,76991155,76991156,76991157)"
"157004142","8","13","90203977","91290647","8500","9200","(31100080,1,31020005,30,31010058,6,31000061,1)","2550","0","5","(31090501,1,31102514,1,31000166,3)","39000081","50","(76991154,76991155,76991156,76991157)"
"157004143","8","13","90203978","91290648","9200","10000","(31100080,1,31020005,30,31010058,6,31000061,1)","2760","0","5","(31090501,1,31102519,1,31000166,3)","39000081","50","(76991154,76991155,76991156,76991157)"
"157004144","8","13","90203979","91290649","10000","999999","(31100080,1,31020005,30,31010058,6,31000061,1)","3000","0","5","(31090501,1,31102524,1,31000166,3)","39000081","50","(76991154,76991155,76991156,76991157)"
"157004145","8","14","90203952","91290622","0","100","(31020005,6,31010058,1,31000061,1)","0","90203632","5","(31140133,1,31102501,1,31090502,1)","0","100","(76991134,76991135,76991136,76991137)"
"157004146","8","14","90203953","91290623","100","200","(31020005,6,31010058,1,31000061,1)","0","0","5","(31140133,1,31102511,1,31090502,1)","0","100","(76991134,76991135,76991136,76991137)"
"157004147","8","14","90203954","91290624","200","300","(31020005,6,31010058,1,31000061,1)","0","0","5","(31140133,1,31102521,1,31090502,1)","0","100","(76991134,76991135,76991136,76991137)"
"157004148","8","14","90203955","91290625","300","500","(31020005,9,31010058,2,31000061,1)","90","90203633","5","(31140134,1,31102502,1,31090502,1)","0","100","(76991138,76991139,76991140,76991141)"
"157004149","8","14","90203956","91290626","500","700","(31020005,9,31010058,2,31000061,1)","150","0","5","(31140134,1,31102507,1,31090502,1)","0","100","(76991138,76991139,76991140,76991141)"
"157004150","8","14","90203957","91290627","700","900","(31020005,9,31010058,2,31000061,1)","210","0","5","(31140134,1,31102512,1,31090502,1)","0","100","(76991138,76991139,76991140,76991141)"
"157004151","8","14","90203958","91290628","900","1100","(31020005,9,31010058,2,31000061,1)","270","0","5","(31140134,1,31102517,1,31090502,1)","0","100","(76991138,76991139,76991140,76991141)"
"157004152","8","14","90203959","91290629","1100","1300","(31020005,9,31010058,2,31000061,1)","330","0","5","(31140134,1,31102522,1,31090502,1)","0","100","(76991138,76991139,76991140,76991141)"
"157004153","8","14","90203960","91290630","1300","1600","(31020005,15,31010058,3,31000061,1)","390","90203634","5","(31090501,1,31102208,1,31090502,1)","0","100","(76991142,76991143,76991144,76991145)"
"157004154","8","14","90203961","91290631","1600","1900","(31020005,15,31010058,3,31000061,1)","480","0","5","(31090501,1,31102218,1,31090502,1)","0","100","(76991142,76991143,76991144,76991145)"
"157004155","8","14","90203962","91290632","1900","2200","(31020005,15,31010058,3,31000061,1)","570","0","5","(31090501,1,31102228,1,31090502,1)","0","100","(76991142,76991143,76991144,76991145)"
"157004156","8","14","90203963","91290633","2200","2500","(31020005,15,31010058,3,31000061,1)","660","0","5","(31090501,1,31102238,1,31090502,1)","0","100","(76991142,76991143,76991144,76991145)"
"157004157","8","14","90203964","91290634","2500","2800","(31020005,15,31010058,3,31000061,1)","750","0","5","(31090501,1,31102248,1,31090502,1)","0","100","(76991142,76991143,76991144,76991145)"
"157004158","8","14","90203965","91290635","2800","3200","(31100078,1,31020005,15,31010058,4,31000061,1)","840","90203635","5","(31090501,1,31102503,1,31090502,2)","39000079","80","(76991146,76991147,76991148,76991149)"
"157004159","8","14","90203966","91290636","3200","3600","(31100078,1,31020005,15,31010058,4,31000061,1)","960","0","5","(31090501,1,31102508,1,31090502,2)","39000079","80","(76991146,76991147,76991148,76991149)"
"157004160","8","14","90203967","91290637","3600","4000","(31100078,1,31020005,15,31010058,4,31000061,1)","1080","0","5","(31090501,1,31102513,1,31090502,2)","39000079","80","(76991146,76991147,76991148,76991149)"
"157004161","8","14","90203968","91290638","4000","4400","(31100078,1,31020005,15,31010058,4,31000061,1)","1200","0","5","(31090501,1,31102518,1,31090502,2)","39000079","80","(76991146,76991147,76991148,76991149)"
"157004162","8","14","90203969","91290639","4400","4800","(31100078,1,31020005,15,31010058,4,31000061,1)","1320","0","5","(31090501,1,31102523,1,31090502,2)","39000079","80","(76991146,76991147,76991148,76991149)"
"157004163","8","14","90203970","91290640","4800","5300","(31100079,1,31020005,21,31010058,5,31000061,1)","1440","90203636","5","(31090501,1,31102209,1,31090502,2)","39000080","65","(76991150,76991151,76991152,76991153)"
"157004164","8","14","90203971","91290641","5300","5800","(31100079,1,31020005,21,31010058,5,31000061,1)","1590","0","5","(31090501,1,31102219,1,31090502,2)","39000080","65","(76991150,76991151,76991152,76991153)"
"157004165","8","14","90203972","91290642","5800","6300","(31100079,1,31020005,21,31010058,5,31000061,1)","1740","0","5","(31090501,1,31102229,1,31090502,2)","39000080","65","(76991150,76991151,76991152,76991153)"
"157004166","8","14","90203973","91290643","6300","6800","(31100079,1,31020005,21,31010058,5,31000061,1)","1890","0","5","(31090501,1,31102239,1,31090502,2)","39000080","65","(76991150,76991151,76991152,76991153)"
"157004167","8","14","90203974","91290644","6800","7300","(31100079,1,31020005,21,31010058,5,31000061,1)","2040","0","5","(31090501,1,31102249,1,31090502,2)","39000080","65","(76991150,76991151,76991152,76991153)"
"157004168","8","14","90203975","91290645","7300","7900","(31100080,1,31020005,30,31010058,6,31000061,1)","2190","90203637","5","(31090501,1,31102504,1,31000166,3)","39000081","50","(76991154,76991155,76991156,76991157)"
"157004169","8","14","90203976","91290646","7900","8500","(31100080,1,31020005,30,31010058,6,31000061,1)","2370","0","5","(31090501,1,31102509,1,31000166,3)","39000081","50","(76991154,76991155,76991156,76991157)"
"157004170","8","14","90203977","91290647","8500","9200","(31100080,1,31020005,30,31010058,6,31000061,1)","2550","0","5","(31090501,1,31102514,1,31000166,3)","39000081","50","(76991154,76991155,76991156,76991157)"
"157004171","8","14","90203978","91290648","9200","10000","(31100080,1,31020005,30,31010058,6,31000061,1)","2760","0","5","(31090501,1,31102519,1,31000166,3)","39000081","50","(76991154,76991155,76991156,76991157)"
"157004172","8","14","90203979","91290649","10000","999999","(31100080,1,31020005,30,31010058,6,31000061,1)","3000","0","5","(31090501,1,31102524,1,31000166,3)","39000081","50","(76991154,76991155,76991156,76991157)"
"157004173","8","15","90203952","91290622","0","100","(31020005,6,31010058,1,31000061,1)","0","90203632","5","(31140133,1,31102501,1,31090502,1)","0","100","(76991134,76991135,76991136,76991137)"
"157004174","8","15","90203953","91290623","100","200","(31020005,6,31010058,1,31000061,1)","0","0","5","(31140133,1,31102511,1,31090502,1)","0","100","(76991134,76991135,76991136,76991137)"
"157004175","8","15","90203954","91290624","200","300","(31020005,6,31010058,1,31000061,1)","0","0","5","(31140133,1,31102521,1,31090502,1)","0","100","(76991134,76991135,76991136,76991137)"
"157004176","8","15","90203955","91290625","300","500","(31020005,9,31010058,2,31000061,1)","90","90203633","5","(31140134,1,31102502,1,31090502,1)","0","100","(76991138,76991139,76991140,76991141)"
"157004177","8","15","90203956","91290626","500","700","(31020005,9,31010058,2,31000061,1)","150","0","5","(31140134,1,31102507,1,31090502,1)","0","100","(76991138,76991139,76991140,76991141)"
"157004178","8","15","90203957","91290627","700","900","(31020005,9,31010058,2,31000061,1)","210","0","5","(31140134,1,31102512,1,31090502,1)","0","100","(76991138,76991139,76991140,76991141)"
"157004179","8","15","90203958","91290628","900","1100","(31020005,9,31010058,2,31000061,1)","270","0","5","(31140134,1,31102517,1,31090502,1)","0","100","(76991138,76991139,76991140,76991141)"
"157004180","8","15","90203959","91290629","1100","1300","(31020005,9,31010058,2,31000061,1)","330","0","5","(31140134,1,31102522,1,31090502,1)","0","100","(76991138,76991139,76991140,76991141)"
"157004181","8","15","90203960","91290630","1300","1600","(31020005,15,31010058,3,31000061,1)","390","90203634","5","(31090501,1,31102208,1,31090502,1)","0","100","(76991142,76991143,76991144,76991145)"
"157004182","8","15","90203961","91290631","1600","1900","(31020005,15,31010058,3,31000061,1)","480","0","5","(31090501,1,31102218,1,31090502,1)","0","100","(76991142,76991143,76991144,76991145)"
"157004183","8","15","90203962","91290632","1900","2200","(31020005,15,31010058,3,31000061,1)","570","0","5","(31090501,1,31102228,1,31090502,1)","0","100","(76991142,76991143,76991144,76991145)"
"157004184","8","15","90203963","91290633","2200","2500","(31020005,15,31010058,3,31000061,1)","660","0","5","(31090501,1,31102238,1,31090502,1)","0","100","(76991142,76991143,76991144,76991145)"
"157004185","8","15","90203964","91290634","2500","2800","(31020005,15,31010058,3,31000061,1)","750","0","5","(31090501,1,31102248,1,31090502,1)","0","100","(76991142,76991143,76991144,76991145)"
"157004186","8","15","90203965","91290635","2800","3200","(31100078,1,31020005,15,31010058,4,31000061,1)","840","90203635","5","(31090501,1,31102503,1,31090502,2)","39000079","80","(76991146,76991147,76991148,76991149)"
"157004187","8","15","90203966","91290636","3200","3600","(31100078,1,31020005,15,31010058,4,31000061,1)","960","0","5","(31090501,1,31102508,1,31090502,2)","39000079","80","(76991146,76991147,76991148,76991149)"
"157004188","8","15","90203967","91290637","3600","4000","(31100078,1,31020005,15,31010058,4,31000061,1)","1080","0","5","(31090501,1,31102513,1,31090502,2)","39000079","80","(76991146,76991147,76991148,76991149)"
"157004189","8","15","90203968","91290638","4000","4400","(31100078,1,31020005,15,31010058,4,31000061,1)","1200","0","5","(31090501,1,31102518,1,31090502,2)","39000079","80","(76991146,76991147,76991148,76991149)"
"157004190","8","15","90203969","91290639","4400","4800","(31100078,1,31020005,15,31010058,4,31000061,1)","1320","0","5","(31090501,1,31102523,1,31090502,2)","39000079","80","(76991146,76991147,76991148,76991149)"
"157004191","8","15","90203970","91290640","4800","5300","(31100079,1,31020005,21,31010058,5,31000061,1)","1440","90203636","5","(31090501,1,31102209,1,31090502,2)","39000080","65","(76991150,76991151,76991152,76991153)"
"157004192","8","15","90203971","91290641","5300","5800","(31100079,1,31020005,21,31010058,5,31000061,1)","1590","0","5","(31090501,1,31102219,1,31090502,2)","39000080","65","(76991150,76991151,76991152,76991153)"
"157004193","8","15","90203972","91290642","5800","6300","(31100079,1,31020005,21,31010058,5,31000061,1)","1740","0","5","(31090501,1,31102229,1,31090502,2)","39000080","65","(76991150,76991151,76991152,76991153)"
"157004194","8","15","90203973","91290643","6300","6800","(31100079,1,31020005,21,31010058,5,31000061,1)","1890","0","5","(31090501,1,31102239,1,31090502,2)","39000080","65","(76991150,76991151,76991152,76991153)"
"157004195","8","15","90203974","91290644","6800","7300","(31100079,1,31020005,21,31010058,5,31000061,1)","2040","0","5","(31090501,1,31102249,1,31090502,2)","39000080","65","(76991150,76991151,76991152,76991153)"
"157004196","8","15","90203975","91290645","7300","7900","(31100080,1,31020005,30,31010058,6,31000061,1)","2190","90203637","5","(31090501,1,31102504,1,31000166,3)","39000081","50","(76991154,76991155,76991156,76991157)"
"157004197","8","15","90203976","91290646","7900","8500","(31100080,1,31020005,30,31010058,6,31000061,1)","2370","0","5","(31090501,1,31102509,1,31000166,3)","39000081","50","(76991154,76991155,76991156,76991157)"
"157004198","8","15","90203977","91290647","8500","9200","(31100080,1,31020005,30,31010058,6,31000061,1)","2550","0","5","(31090501,1,31102514,1,31000166,3)","39000081","50","(76991154,76991155,76991156,76991157)"
"157004199","8","15","90203978","91290648","9200","10000","(31100080,1,31020005,30,31010058,6,31000061,1)","2760","0","5","(31090501,1,31102519,1,31000166,3)","39000081","50","(76991154,76991155,76991156,76991157)"
"157004200","8","15","90203979","91290649","10000","999999","(31100080,1,31020005,30,31010058,6,31000061,1)","3000","0","5","(31090501,1,31102524,1,31000166,3)","39000081","50","(76991154,76991155,76991156,76991157)"
