"AttributeId","GuideType","NextGuideID","TriggerNextGuideType","LiveTime","OperateType","NeedMoveDistance","NeedRotateAngle","TargetPointType","TargetPointPos","MovementState","MaskBtn","MaskBtnArray","NeedShieldBlackCloth","IsHaveBorder","IsHaveArrow","ArrowPosX","ArrowPosY","ArrowRotation","IsFlip","IsHaveGuideText","RoleHeadId","GuideText","GuideTextPosX","GuideTextPosY","FuncName","FuctionTitle","FuctionWord","FuctionImage","OpenSkillType","AnimPlayCount","AnimID","AnimAdpapter","CinematicAnimationLevelScene","CinematicAnimationPosArr","HideWidgetTag","IsJumpGuide","IgnoreUserInput","IgnoreUIInput","TopJoyStick","HiddenOtherPlayer","CloseAutoMission","OpenAutoMission","NeedUpdateUI","SpecialDoType","CanEnd","CameraCfg","AutoNextLostTime","GuideSoundId","GuideEndSoundIsNotCLose","GuideShineFrameAdjust","GuideOpenUI","BeginNeedShowOperate","NeedShowOperate","TargetLocation","OnMount","GuideEndOpenUi","NotPassCloseGuide","CloseGuideData","BroadcastEvent","NeedShowFaishon"
"100000000","4","0","3","","","","","","","","","","","0","0","0","0","0","0","0","91232699","0","0","0","","","","0","","","","","Level_Demonstration","(18465,32714,10000)","","0","1","0","0","","1","0","","","0","","","","","","","","","","","","","","",""
"100000001","3","0","2","","","","","","","","MainMissionBtn","","","1","1","0","0","0","0","1","91232699","90069001","750","500","","","","0","","","","","","","","0","1","0","0","","","","","","1","","","","","","","","","","","","","","",""
"100000110","2","100000111","0","2","","","","","","","","","","0","0","0","0","0","0","0","91232699","0","0","0","","90069612","90069391","0","1","1","FuncGet_Head","","","","","0","0","1","0","","1","","","","0","","","","","","","","","","","","","","Skill1",""
"100000111","2","100000112","3","","","","","","","","","","","0","0","0","0","0","0","0","91232699","0","0","0","","","90069391","0","1","1","FuncFly_SKill_1","2","","","","0","0","1","0","","","","","","0","","","","","","","","","","","","","","",""
"100000112","3","0","2","","","","","","","","GuideMaskButtonSkill1","","","1","1","0","0","0","0","1","91232699","90069396","1000","600","","","","","","","","","","","","0","0","0","0","","","1","1","","0","","","91925038","1","","","","","","","","","","",""
"100000120","2","100000121","0","2","","","","","","","","","","0","0","0","0","0","0","0","91232699","0","0","0","","90069612","90069392","0","2","1","FuncGet_Head","","","","","0","0","0","0","","1","","","","0","","","91925039","1","","","","","","","","","","Skill2",""
"100000121","2","0","3","","","","","","","","","","","0","0","0","0","0","0","0","91232699","0","0","0","","","90069392","0","2","1","FuncFly_SKill_2","2","","","","0","0","0","0","","","0","","","0","","","","","","","","","","","","","","",""
"100000130","2","100000131","0","2","","","","","","","","","","0","0","0","0","0","0","0","91232699","0","0","0","","90069612","90069393","0","3","1","FuncGet_Head","","","","","0","0","0","0","","1","","","","0","","","91925040","1","","","","","","","","","","Skill3",""
"100000131","2","0","3","","","","","","","","","","","0","0","0","0","0","0","0","91232699","0","0","0","","","90069393","0","3","1","FuncFly_SKill_3","2","","","","0","0","0","0","","","0","","","0","","","","","","","","","","","","","","",""
"100000170","2","100000171","0","2","","","","","","","","","","0","0","0","0","0","0","0","91232699","0","0","0","","90069553","90069554","91232434","","1","FuncGet_Head","","","","","1","0","1","0","","1","","","","0","","","91925288","1","","","","","","","","","","",""
"100000171","2","100000172","3","","","","","","","","","","","0","0","0","0","0","0","0","91232699","0","0","0","","","90069554","91232434","","1","FuncFly_FuBen","","","","","1","0","1","0","","","","","","0","","","","","","","","","","","","","","",""
"100000172","3","100000173","2","","","","","","","","OpenMustDoWidgetBtn","","","1","1","0","0","0","0","1","91232699","90067173","500","700","","","","","","","","","","","","1","1","0","0","","","","","","0","","","91925321","","","","","","","","","","","",""
"100000173","3","100000175","2","","","","","","","","MustDoLineGotoButton17","","","1","1","0","0","0","0","1","91232699","90067171","1100","500","","","","","","","","","","","","1","1","0","0","","","","","11","1","","","","","","","","","","","","","","",""
"100000174","3","100000175","2","","","","","","","","DailyRaidCardButton3","","","1","1","0","0","0","0","1","91232699","90069875","500","700","","","","","","","","","","","","1","1","0","0","","","","","","0","","","91925291","","","","","","","","","","","",""
"100000175","3","0","2","","","","","","","","TeamPlatformButton26","","","1","0","0","0","0","0","1","91232699","90069873","500","700","","","","","","","","","","","","1","1","0","0","","","0","","","0","","","91925096","1","","","","","","","","","","",""
"100000180","2","100000181","0","2","","","","","","","","","","0","0","0","0","0","0","0","91232699","0","0","0","","90069510","90069119","91232429","","1","FuncGet_Head","","","","(""MPWidgetRaidButtonPanel"")","1","0","1","0","","1","","","","0","","","91925057","1","","","","","","","","","","",""
"100000181","2","100000182","3","","","","","","","","","","","0","0","0","0","0","0","0","91232699","0","0","0","","","90069119","91232429","","1","FuncFly_FuBen","","","","(""MPWidgetRaidButtonPanel"")","1","0","1","0","","","","","","0","","","","","","","","","","","","","","",""
"100000182","3","100000183","2","","","","","","","","OpenMustDoWidgetBtn","","","1","1","0","0","0","0","1","91232699","90067173","500","700","","","","","","","","","","","","1","1","0","0","","","","","","0","","","91925321","","","","","","","","","","","",""
"100000183","3","100000184","2","","","","","","","","MustDoLineGotoButton6","","","1","1","0","0","0","0","1","91232699","90067164","1100","500","","","","","","","","","","","","1","1","0","0","","","","","11","1","","","","","","","","","","","","","","",""
"100000184","3","100000185","2","","","","","","","","DramaRaidCardButton1","","","1","1","0","0","0","0","1","91232699","90069478","500","700","","","","","","","","","","","","1","1","0","0","","","","","","0","","","91925059","","","","","","","","","","","",""
"100000185","3","0","2","","","","","","","","EnterRaidBtn","","","1","1","0","0","0","0","1","91232699","90069264","500","700","","","","","","","","","","","","1","1","0","0","","","0","","","0","","","91925060","1","","","","","","","","","","",""
"100000195","3","0","1","","","","","","","","TeamPlatformButton","","","1","0","0","0","0","0","1","91232699","90069469","500","700","","","","","","","","","","","","1","1","0","0","","","0","","","0","","","91925280","1","","","","","","","","","","",""
"100000210","2","100000211","0","2","","","","","","","","","","0","0","0","0","0","0","0","91232699","0","0","0","","90069513","90069108","91232459","","1","FuncGet_Head","","","","","1","1","1","0","","1","","","","0","","","91925117","1","","","","","","","","","","",""
"100000211","2","100000212","3","","","","","","","","","","","0","0","0","0","0","0","0","91232699","0","0","0","","","90069108","91232459","","1","FuncFly_FuBen","","","","","1","1","1","0","","","","","","0","","","","","","","","","","","","","","",""
"100000212","3","100000213","2","","","","","","","","OpenMustDoWidgetBtn","","","1","1","0","0","0","0","1","91232699","90067173","500","700","","","","","","","","","","","","1","1","0","0","","","","","","0","","","91925321","","","","","","","","","","","",""
"100000213","3","100000214","2","","","","","","","","MustDoLineGotoButton11","","","1","1","0","0","0","0","1","91232699","90067168","1100","500","","","","","","","","","","","","1","1","0","0","","","","","11","1","","","","","","","","","","","","","","",""
"100000214","3","100000215","1","","","","","","","","DemonsTowerEnterBtn","","","1","0","0","0","90","1","1","91232699","90069266","700","700","","","","","","","","","","","","1","1","0","0","","","","","","0","","","91925121","1","","","","","","","","","","",""
"100000215","3","0","2","","","","","","","","DemonsTowerMoppingUpBtn","","","1","0","0","0","90","1","1","91232699","90069265","700","700","","","","","","","","","","","","1","1","0","0","","","0","","","0","","","91925120","","","","","","","","","","","",""
"100000220","2","100000221","0","2","","","","","","","","","","0","0","0","0","0","0","0","91232699","0","0","0","","90069555","90069556","91232434","","1","FuncGet_Head","","","","","1","1","1","0","","1","","","","0","","","91925287","1","","","","","","","","","","",""
"100000221","2","100000222","3","","","","","","","","","","","0","0","0","0","0","0","0","91232699","0","0","0","","","90069556","91232434","","1","FuncFly_FuBen","","","","","1","1","1","0","","","","","","0","","","","","","","","","","","","","","",""
"100000222","3","100000223","2","","","","","","","","OpenMustDoWidgetBtn","","","1","1","0","0","0","0","1","91232699","90067173","1300","700","","","","","","","","","","","","1","1","0","0","","","","","","0","","","91925321","","","","","","","","","","","",""
"100000223","3","100000225","2","","","","","","","","MustDoLineGotoButton9","","","1","1","0","0","0","0","1","91232699","90067165","1100","500","","","","","","","","","","","","1","1","0","0","","","","","11","1","","","","","","","","","","","","","","",""
"100000224","3","100000225","2","","","","","","","","DailyRaidCardButton2","","","1","1","0","0","0","0","1","91232699","90069874","500","700","","","","","","","","","","","","1","1","0","0","","","","","","0","","","91925294","","","","","","","","","","","",""
"100000225","3","0","2","","","","","","","","TeamPlatformButton25","","","1","0","0","0","0","0","1","91232699","90069873","500","700","","","","","","","","","","","","1","1","0","0","","","0","","","0","","","91925290","1","","","","","","","","","","",""
"100000240","2","100000241","0","2","","","","","","","","","","0","0","0","0","0","0","0","91232699","0","0","0","","90069520","90069102","91232408","","1","FuncGet_Head","","","","(""MPWidgetUpgradeEquipButtonPanel"")","1","1","1","0","","1","","","","0","","","91925043","1","","","","","","","","","","",""
"100000241","2","100000243","3","","","","","","","","","","","0","0","0","0","0","0","0","91232699","0","0","0","","","90069102","91232408","","1","FuncFly_Head","2","","","(""MPWidgetUpgradeEquipButtonPanel"")","1","1","1","0","","","","","","0","","","","","","","","1","","","","","","",""
"100000242","3","100000243","2","","","","","","","","ShowOperateWidgetBtn","","","1","1","0","0","0","0","0","91232699","0","0","0","","","","0","","","","","","","","1","1","0","0","","","","","","0","","","","","","","","","","","","","","",""
"100000243","3","100000245","2","","","","","","","","OpenItemUpgradeWidgetBtn","","","1","1","0","0","0","0","1","91232699","90069269","900","400","","","","0","","","","","","","","1","1","0","0","","","","","","0","","","91925295","","","","","","","","","","","",""
"100000244","3","100000245","1","","","","","","","","UpgradeSSelectedItemEntry1","","","1","1","0","0","0","1","1","91232699","90069270","600","550","","","","0","","","","","","","","1","1","0","0","","","","","","0","","","91925044","","","","","","","","","","","",""
"100000245","3","100000246","2","","","","","","","","ItemIntensifyBtn","","","1","1","0","0","90","1","1","91232699","90069406","600","550","","","","0","","","","","","","","1","1","0","0","","","","","","1","","","91925045","","","","","","","","","","","",""
"100000246","3","100000247","2","","","","","","","","ItemIntensifyBtn","","","1","1","0","0","90","1","0","91232699","0","0","0","","","","0","","","","","","","","1","1","0","0","","","","","","0","","","","","","","","","","","","","","",""
"100000247","3","100000249","2","","","","","","","","ItemIntensifyBtn","","","1","1","0","0","90","1","0","91232699","0","0","0","","","","0","","","","","","","","1","1","0","0","","","","","","0","","","","","","","","","","","","","","",""
"100000248","3","100000249","2","","","","","","","","ItemIntensifyBtn","","","1","1","0","0","90","1","0","91232699","0","0","0","","","","0","","","","","","","","1","1","0","0","","","","","","0","","","","","","","","","","","","","","",""
"100000249","","0","1","","","","","","","","","","","0","0","0","0","0","0","0","","0","","","","","","","","","","","","","","","","","","","","0","","","","","","91925046","1","","","","","","","","","","",""
"100000250","2","100000251","0","2","","","","","","","","","","0","0","0","0","0","0","0","91232699","0","0","0","","90069521","90069103","91232458","","1","FuncGet_Head","","","","","1","1","1","0","","1","","","","0","","","91925108","1","","","","","","","","","","",""
"100000251","2","100000253","3","","","","","","","","","","","0","0","0","0","0","0","0","91232699","0","0","0","","","90069103","91232458","","1","FuncFly_Head","2","","","","1","1","1","0","","","","","","0","","","","","","","","1","","","","","","",""
"100000252","3","100000253","2","","","","","","","","ShowOperateWidgetBtn","","","1","1","0","0","0","0","0","91232699","0","0","0","","","","0","","","","","","","","1","1","0","0","","","","","","0","","","","","","","","","","","","","","",""
"100000253","3","100000254","2","","","","","","","","OpenItemUpgradeWidgetBtn","","","1","1","0","0","0","0","1","91232699","90069472","1100","700","","","","0","","","","","","","","1","1","0","0","","","","","","0","","","91925296","","","","","","","","","","","",""
"100000254","3","100000255","2","","","","","","","","SwitchToItemAddonWidgetBtn","","","1","1","0","0","0","0","1","91232699","90069271","500","700","","","","0","","","","","","","","1","1","0","0","","","","","","0","","","91925110","","","","","","","","","","","",""
"100000255","3","100000256","1","","","","","","","","AddonSSelectedItemEntry1","","","1","1","0","0","0","1","1","91232699","90069272","500","550","","","","0","","","","","","","","1","1","0","0","","","","","","0","","","91925111","","","","","","","","","","","",""
"100000256","3","100000257","2","","","","","","","","ItemAddonBtn","","","1","1","0","0","90","1","1","91232699","90069407","500","550","","","","0","","","","","","","","1","1","0","0","","","","","","1","","","91925112","1","","","","","","","","","","",""
"100000257","3","100000258","2","","","","","","","","ItemAddonBtn","","","1","1","0","0","90","1","0","91232699","0","0","0","","","","0","","","","","","","","1","1","0","0","","","","","","0","","","","","","","","","","","","","","",""
"100000258","3","0","2","","","","","","","","ItemAddonBtn","","","1","1","0","0","90","1","0","91232699","0","0","0","","","","0","","","","","","","","1","1","0","0","","","0","","","0","","","","","","","","","","","","","","",""
"100000259","3","0","2","","","","","","","","ItemAddonWidgetCloseBtn","","","1","1","0","0","0","0","0","91232699","0","0","0","","","","0","","","","","","","","1","1","0","0","","","","","","0","","","","","-25","","","","","","","","","",""
"100000260","3","100000261","2","","","","","","","","ShowOperateWidgetBtn","","","1","1","0","0","0","0","0","91232699","0","0","0","","","","0","","","","","","","","1","1","0","0","","1","","","","0","","","","","","","","","","","","","","",""
"100000261","3","100000262","2","","","","","","","","OpenCompositWidgetBtn","","","1","1","0","0","0","0","1","91232699","90069471","1100","500","","","","0","","","","","","","","1","1","0","0","","","","","","0","","","91925297","","","","1","","","","","","","",""
"100000262","3","100000263","2","","","","","","","","SwitchToItemAdvanceWidgetBtn","","","1","1","0","0","0","0","1","91232699","90069273","500","700","","","","0","","","","","","","","1","1","0","0","","","","","","1","","","91925102","","","","","","","","","","","",""
"100000263","3","0","1","","","","","","","","EquipmentListScroller","","","1","0","0","0","0","0","1","91232699","90069274","500","550","","","","","","","","","","","","1","1","0","0","","","0","","","0","","","91925103","1","","","","","","","","","","",""
"100000270","2","100000271","0","2","","","","","","","","","","0","0","0","0","0","0","0","91232699","0","0","0","","90069523","90069122","91232464","","1","FuncGet_Head","","","","","1","1","1","0","","1","","","","0","","","91925135","1","","","","","","","","","","",""
"100000271","2","100000273","3","","","","","","","","","","","0","0","0","0","0","0","0","91232699","0","0","0","","","90069122","91232464","","1","FuncFly_Head","2","","","","1","1","1","0","","","","","","0","","","","","","","","1","","","","","","",""
"100000272","3","100000273","2","","","","","","","","ShowOperateWidgetBtn","","","1","1","0","0","0","0","0","91232699","0","0","0","","","","0","","","","","","","","1","1","0","0","","","","","","0","","","","","","","","","","","","","","",""
"100000273","3","100000274","2","","","","","","","","OpenItemUpgradeWidgetBtn","","","1","1","0","0","0","0","1","91232699","90069475","1100","700","","","","0","","","","","","","","1","1","0","0","","","","","","0","","","91925298","","","","","","","","","","","",""
"100000274","3","100000275","2","","","","","","","","SwitchToItemSuccintWidgetBtn","","","1","1","0","0","0","0","1","91232699","90069275","500","700","","","","0","","","","","","","","1","1","0","0","","","","","","1","","","91925137","","","","","","","","","","","",""
"100000275","0","0","1","","","","","","","","","","","0","0","0","0","0","0","1","91232699","90069276","500","700","","","","","","","","","","","","1","1","0","0","","","0","","","0","","","91925138","1","","","","","","","","","","",""
"100000290","2","100000291","0","2","","","","","","","","","","0","0","0","0","0","0","0","91232699","0","0","0","","90069608","90069114","91232425","","1","FuncGet_Head","","","","","1","1","1","0","","1","","","","0","","","91925104","1","","","","","","","","","","",""
"100000291","2","100000293","3","","","","","","","","","","","0","0","0","0","0","0","0","91232699","0","0","0","","","90069114","91232425","","1","FuncFly_ZhuanZhi","","","","","1","1","1","0","","","","","","0","","","","","","","","1","","","","","","",""
"100000292","3","100000293","2","","","","","","","","ShowOperateWidgetBtn","","","1","1","0","0","0","0","0","91232699","0","0","0","","","","0","","","","","","","","1","1","0","0","","","","","","1","","","","","","","","","","","","","","",""
"100000293","3","100000294","2","","","","","","","","OpenActivityWidgetBtn","","","1","1","0","0","0","0","1","91232699","90069277","1100","500","","","","","","","","","","","","1","1","0","0","","","","","","1","","","91925260","","","","","","","","","","","",""
"100000294","3","100000295","2","","","","","","","","OpenDailyActivityWidgetBtn","","","1","1","0","0","0","0","1","91232699","90069279","500","700","","","","","","","","","","","","1","1","0","0","","","","","","0","","","91925106","","","","","","","","","","","",""
"100000295","0","0","1","","","","","","","","","","","0","0","0","0","0","0","1","91232699","90069278","500","700","","","","","","","","","","","","1","1","0","0","","","0","","","0","","","91925107","1","","","","","","","","","","",""
"100000340","2","100000341","0","2","","","","","","","","","","0","0","0","0","0","0","0","91232699","0","0","0","","90069506","90069299","91232468","","1","FuncGet_Head","","","","","0","1","1","0","","1","","","","0","","","91925131","1","","","","","","","","","","",""
"100000341","2","100000342","3","","","","","","","","","","","0","0","0","0","0","0","0","91232699","0","0","0","","","90069299","91232468","","1","FuncFly_ZhuanZhi","","","","","0","1","1","0","","","","","","0","","","","","","","","","","","","","","",""
"100000342","3","100000343","2","","","","","","","","OpenMustDoWidgetBtn","","","1","1","0","0","0","0","1","91232699","90067173","500","700","","","","","","","","","","","","1","1","0","0","","","","","","0","","","91925321","","","","","","","","","","","",""
"100000343","3","100000345","2","","","","","","","","MustDoLineGotoButton3","","","1","1","0","0","0","0","1","91232699","90067170","1100","500","","","","","","","","","","","","1","1","0","0","","","","","11","1","","","","","","","","","","","","","","",""
"100000344","3","100000345","2","","","","","","","","OpenZhanChangWidgetBtn","","","1","1","0","0","0","0","1","91232699","90069282","500","700","","","","","","","","","","","","1","1","0","0","","","","","","0","","","91925133","","","","","","","","","","","",""
"100000345","3","0","2","","","","","","","","ImmediatelyGoToBtn","","","1","0","0","0","0","0","1","91232699","90069283","500","700","","","","","","","","","","","","1","1","0","0","","","0","","","0","","","91925134","1","","","","","","","","","","",""
"100000351","2","100000352","0","2","","","","","","","","","","0","0","0","0","0","0","0","91232699","0","0","0","","90069527","90069107","91232457","","1","FuncGet_Head","","","","(""MPWidgetWingButtonPanel"")","1","1","1","0","","1","","","","0","","","91925126","1","","","","","","","","","","",""
"100000352","2","100000354","3","","","","","","","","","","","0","0","0","0","0","0","0","91232699","0","0","0","","","90069107","91232457","","1","FuncFly_Head","2","","","(""MPWidgetWingButtonPanel"")","1","1","1","0","","","","","","0","","","","","","","","1","","","","","","",""
"100000353","3","100000354","2","","","","","","","","ShowOperateWidgetBtn","","","1","1","0","0","0","0","0","91232699","","","","","","","0","","","","","","","","1","1","0","0","","","","","","0","","","","","","","","","","","","","","",""
"100000354","3","100000355","2","","","","","","","","OpenWingWidgetBtn","","","1","1","0","0","0","0","1","91232699","90069310","900","700","","","","0","","","","","","","","1","1","0","0","","","","","","0","","","91925000","","","","","","","","","","","",""
"100000355","3","0","2","","","","","","","","WingAddStarBtn","","","1","1","0","0","90","1","1","91232699","90069311","500","700","","","","0","","","","","","","","1","1","0","0","","","0","","","1","","","91925127","1","","","","","","","","","","",""
"100000356","3","0","2","","","","","","","","WingWidgetCloseBtn","","","1","1","0","0","0","0","1","91232699","90069312","500","700","","","","0","","","","","","","","1","1","0","0","","","","","","0","","","91925300","","-25","","","","","","","","","",""
"100000380","2","100000381","0","2","","","","","","","","","","0","0","0","0","0","0","0","91232699","0","0","0","","90069571","90069125","91232465","","1","FuncGet_Head","","","","","0","0","1","0","","1","","","","0","","","","","","","","","","","","","","",""
"100000381","2","100000383","3","","","","","","","","","","","0","0","0","0","0","0","0","91232699","0","0","0","","","90069125","91232465","","1","FuncFly_Head","2","","","","0","0","1","0","","","","","","0","","","","","","","","1","","","","","","",""
"100000382","3","100000383","2","","","","","","","","ShowOperateWidgetBtn","","","1","1","0","0","0","0","0","91232699","0","0","0","","","","0","","","","","","","","1","1","0","0","","","","","","1","","","","","","","","","","","","","","",""
"100000383","3","100000384","2","","","","","","","","WingFeatherButton","","","1","1","0","0","0","0","1","91232699","90068096","1100","400","","","","0","","","","","","","","1","1","0","0","","","","","","0","","","","","","","","","","","","","","",""
"100000384","3","100000385","1","","","","","","","","FeatherUnlockButton","","","1","0","0","0","0","0","1","91232699","90068097","500","700","","","","0","","","","","","","","1","1","0","0","","","","","","0","","","","","","","","","","","","","","",""
"100000385","3","0","1","","","","","","","","FeatherSkillPanel","","","1","0","0","0","0","0","1","91232699","90068098","500","700","","","","","","","","","","","","1","1","0","0","","","0","","","0","","","","","","","","","","","","","","",""
"100000400","2","100000401","0","2","","","","","","","","","","0","0","0","0","0","0","0","91232699","0","0","0","","90069540","90069105","91232407","","1","FuncGet_Head","","","","(""MPWidgetAchievementButtonPanel"")","1","1","1","0","","1","","","","0","","","","","","","","","","","","","","",""
"100000401","2","100000403","3","","","","","","","","","","","0","0","0","0","0","0","0","91232699","0","0","0","","","90069105","91232407","","1","FuncFly_Head","2","","","(""MPWidgetAchievementButtonPanel"")","1","1","1","0","","","","","","0","","","","","","","","1","","","","","","",""
"100000402","3","100000403","2","","","","","","","","ShowOperateWidgetBtn","","","1","1","0","0","0","0","0","91232699","0","0","0","","","","0","","","","","","","","1","1","0","0","","","","","","0","","","","","","","","","","","","","","",""
"100000403","3","100000404","2","","","","","","","","OpenAchievementWidgetBtn","","","1","1","0","0","0","0","0","91232699","0","0","0","","","","0","","","","","","","","1","1","0","0","","","","","","1","","","","","","","","","","","","","","",""
"100000404","3","0","2","","","","","","","","","","","1","1","0","0","90","1","0","91232699","0","0","0","","","","0","","","","","","","","1","1","0","0","","","0","","","0","","","","","","","","","","","","","","",""
"100000410","2","100000411","0","2","","","","","","","","","","0","0","0","0","0","0","0","91232699","0","0","0","","90069535","90069109","91232419","","1","FuncGet_Head","","","","","1","0","1","0","","1","","","","0","","","91925097","1","","","","","","","","","","",""
"100000411","2","100000412","3","","","","","","","","","","","0","0","0","0","0","0","0","91232699","0","0","0","","","90069109","91232419","","1","FuncFly_Head","2","","","","1","0","1","0","","","","","","0","","","","","","","","1","","","","","","",""
"100000412","3","100000413","2","","","","","","","","MPBtnChange","","","1","1","0","0","0","0","0","91232699","0","0","0","","","","0","","","","","","","","1","1","0","0","","","","","","0","","","","","","","","","","","","","","",""
"100000413","3","0","1","","","","","","","","","","","1","1","0","0","0","0","1","91232699","90069470","500","500","","","","0","","","","","","","","1","1","0","0","","","0","","","1","","","91925099","1","","","","","","","","","","",""
"100000420","2","100000421","0","2.5","","","","","","","","","","0","0","0","0","0","0","0","91232699","0","0","0","","90069533","90069115","91232410","","1","FuncGet_Head","","","","","1","1","1","0","","1","","","","0","","","91925064","1","","","","","","","","","","",""
"100000421","2","100000423","3","","","","","","","","","","","0","0","0","0","0","0","0","91232699","0","0","0","","","90069115","91232410","","1","FuncFly_Legion","3","","","","1","1","1","0","","","","","","0","","","","","","","","","","","","","","",""
"100000422","3","100000423","2","","","","","","","","ShowOperateWidgetBtn","","","1","1","0","0","0","0","0","91232699","0","0","0","","","","0","","","","","","","","1","1","0","0","","","","","","0","","","","","","","","","","","","","","",""
"100000423","3","100000424","2","","","","","","","","OpenLegionWidgetBtn","","","1","1","0","0","90","1","1","91232699","90069467","500","700","","","","0","","","","","","","","1","1","0","0","","","","","","1","","","","","","","","","","","","","","",""
"100000424","3","100000425","1","","","","","","","","CreateLegionBtn","","","1","0","0","0","0","0","1","91232699","90069206","500","700","","","","","","","","","","","","1","1","0","0","","","","","","1","","","91925066","","","","","","","","","","","",""
"100000425","3","0","2","","","","","","","","ConvenientJoinLegionBtn","","","1","0","0","0","0","0","1","91232699","90069207","500","700","","","","","","","","","","","","1","1","0","0","","","0","","","0","","","91925067","1","","","","","","","","","","",""
"100000430","2","100000431","0","2","","","","","","","","","","0","0","0","0","0","0","0","91232699","0","0","0","","90069531","90069116","91232418","","1","FuncGet_Head","","","","","1","1","1","0","","1","","","","0","","","91925077","1","","","","","","","","","","",""
"100000431","2","100000433","3","","","","","","","","","","","0","0","0","0","0","0","0","91232699","0","0","0","","","90069116","91232418","","1","FuncFly_Head","2","","","","1","1","1","0","","","","","","0","","","","","","","","1","","","","","","",""
"100000432","3","100000433","2","","","","","","","","ShowOperateWidgetBtn","","","1","1","0","0","0","0","0","91232699","0","0","0","","","","0","","","","","","","","1","1","0","0","","","","","","0","","","","","","","","","","","","","","",""
"100000433","3","100000434","2","","","","","","","","OpenCompositWidgetBtn","","","1","1","0","0","0","0","0","91232699","0","0","0","","","","0","","","","","","","","1","1","0","0","","","","","","0","","","","","","","","","","","","","","",""
"100000434","3","0","2","","","","","","","","CompositBtn","","","1","1","0","0","90","1","1","91232699","90069215","500","700","","","","0","","","","","","","","1","1","0","0","","","0","","","1","","","91925078","1","","","","","","","","","","",""
"100000435","3","0","2","","","","","","","","CompositWidgetCloseBtn","","","1","1","0","0","0","0","0","91232699","0","0","0","","","","0","","","","","","","","1","1","0","0","","","","","","0","","","","","-25","","","","","","","","","",""
"100000450","2","100000451","0","2","","","","","","","","","","0","0","0","0","0","0","0","91232699","0","0","0","","90069516","90069126","91232417","","1","FuncGet_Head","","","","(""MPWidgetMustDoButtonPanel"")","1","1","1","0","","1","","","","0","","","91925089","1","","","","","","","","","","",""
"100000451","2","100000452","3","","","","","","","","","","","0","0","0","0","0","0","0","91232699","0","0","0","","","90069126","91232417","","1","FuncFly_ZhuanZhi","","","","(""MPWidgetMustDoButtonPanel"")","1","1","1","0","","","","","","0","","","","","","","","","","","","","","",""
"100000452","3","100000453","2","","","","","","","","OpenMustDoWidgetBtn","","","1","1","0","0","0","0","1","91232699","90069289","1100","300","","","","","","","","","","","","1","1","0","0","","","","","","1","","","91925303","","","","","","","","","","","",""
"100000453","0","0","1","","","","","","","","","","","0","0","0","0","0","0","1","91232699","90069290","600","700","","","","","","","","","","","","1","1","0","0","","","","","","1","","","91925091","","","","","","","","","","","",""
"100000455","3","100000456","2","","","","","","","","ResourceBackBtn","","","1","1","0","0","0","0","1","91232699","90069452","600","700","","","","","","","","","","","","1","1","0","0","","","","","","1","","","91925189","","","","","","","","","","","",""
"100000456","3","100000457","1","","","","","","","","BackDoLineList","","","1","0","0","0","0","0","1","91232699","90069453","600","700","","","","","","","","","","","","1","1","0","0","","","","","","1","","","91925190","","","","","","","","","","","",""
"100000457","3","100000458","1","","","","","","","","SiliverFindBackAllButton","","","1","0","0","0","0","0","1","91232699","90069454","600","700","","","","","","","","","","","","1","1","0","0","","","","","","1","","","91925191","","","","","","","","","","","",""
"100000458","3","0","1","","","","","","","","DiamondFindBackAllButton","","","1","0","0","0","0","0","1","91232699","90069455","600","700","","","","","","","","","","","","1","1","0","0","","","0","","","1","","","91925192","1","","","","","","","","","","",""
"100000460","2","100000461","0","2","","","","","","","","","","0","0","0","0","0","0","0","91232699","0","0","0","","90069529","90069130","91232482","","1","FuncGet_Head","","","","","1","0","1","0","","1","","","","0","","","91925113","1","","","","","","","","","","",""
"100000461","2","100000463","3","","","","","","","","","","","0","0","0","0","0","0","0","91232699","0","0","0","","","90069130","91232482","","1","FuncFly_Head","2","","","","1","0","1","0","","","","","","0","","","","","","","","1","","","","","","",""
"100000462","3","100000463","2","","","","","","","","ShowOperateWidgetBtn","","","1","1","0","0","0","0","0","91232699","0","","","","","","","","","","","","","","1","0","0","0","","","","","","0","","","","","","","","","","","","","","",""
"100000463","3","100000464","2","","","","","","","","MPWidgetElementHeartButton","","","1","1","0","0","0","0","1","91232699","90069326","1100","300","","","","","","","","","","","","1","0","0","0","","","","","","0","","","91925000","","","","","","","","","","","",""
"100000464","3","100000465","2","","","","","","","","ElementEquip_0","","","1","1","0","0","0","0","1","91232699","90069327","500","700","","","","","","","","","","","","1","0","0","0","","","","","","1","","","91925114","","","","","","","","","","","",""
"100000465","3","100000466","1","","","","","","","","ELEquipOnButton","","","1","1","0","0","0","0","1","91232699","90067208","500","700","","","","","","","","","","","","1","0","0","0","","","","","","1","","","","","","","","","","","","","","",""
"100000466","3","100000467","1","","","","","","","","ToRecoveryButton_0","","","1","0","0","0","0","0","1","91232699","90069440","500","700","","","","","","","","","","","","1","0","0","0","","","","","","0","","","91925304","","","","","","","","","","","",""
"100000467","3","0","1","","","","","","","","ELELevelUpElButton","","","1","0","0","0","0","0","1","91232699","90069328","500","700","","","","","","","","","","","","1","0","0","0","","","0","","","0","","","91925116","1","","","","","","","","","","",""
"100000470","2","100000471","0","2","","","","","","","","","","0","0","0","0","0","0","0","91232699","0","0","0","","90069534","90069128","91232414","","1","FuncGet_Head","","","","","1","1","1","0","","1","","","","0","","","91925128","1","","","","","","","","","","",""
"100000471","2","100000473","3","","","","","","","","","","","0","0","0","0","0","0","0","91232699","0","0","0","","","90069128","91232414","","1","FuncFly_Head","2","","","","1","1","1","0","","","","","","0","","","","","","","","1","","","","","","",""
"100000472","3","100000473","2","","","","","","","","ShowOperateWidgetBtn","","","1","1","0","0","0","0","0","91232699","0","0","0","","","","0","","","","","","","","1","1","0","0","","","","","","0","","","","","","","","","","","","","","",""
"100000473","3","100000474","2","","","","","","","","OpenBeliefWidgetBtn","","","1","1","0","0","0","0","1","91232699","90069341","1100","300","","","","","","","","","","","","1","1","0","0","","","","","","1","","","91925000","","","","","","","","","","","",""
"100000474","3","100000475","2","","","","","","","","ActivationButton","","","1","1","0","0","0","0","1","91232699","90069342","500","700","","","","","","","","","","","","1","1","0","0","","","","","","1","","","91925129","","","","","","","","","","","",""
"100000475","3","100000476","2","","","","","","","","ItemUpgradeBtn","","","1","1","0","0","0","0","1","91232699","90069435","500","700","","","","","","","","","","","","1","1","0","0","","","","","","1","","","91925305","","","","","","","","","","","",""
"100000476","3","0","1","","","","","","","","Button_ToRight","","","1","0","0","0","0","0","1","91232699","90069343","500","700","","","","","","","","","","","","1","1","0","0","","","0","","","1","","","91925130","","","","","","","","","","","",""
"100000480","2","100000481","0","2","","","","","","","","","","0","0","0","0","0","0","0","91232699","0","0","0","","90069532","90069133","91232412","","1","FuncGet_Head","","","","","1","0","0","0","","1","","","","0","","","","","","","","","","","","","","",""
"100000481","2","0","3","","","","","","","","","","","0","0","0","0","0","0","0","91232699","0","0","0","","","90069133","91232412","","1","FuncFly_Head","2","","","","1","0","0","0","","","0","","","0","","","","","","","","","","","","","","",""
"100000510","2","100000511","0","2","","","","","","","","","","0","0","0","0","0","0","0","91232699","0","0","0","","90069501","90069131","91232423","","1","FuncGet_Head","","","","(""MPWidgetArenaButtonPanel"")","1","1","1","0","","1","","","","0","","","91925092","1","","","","","","","","","","",""
"100000511","2","100000512","3","","","","","","","","","","","0","0","0","0","0","0","0","91232699","0","0","0","","","90069131","91232423","","1","FuncFly_TongYong","","","","(""MPWidgetArenaButtonPanel"")","1","1","1","0","","","","","","0","","","","","","","","","","","","","","",""
"100000512","3","100000513","2","","","","","","","","OpenMustDoWidgetBtn","","","1","1","0","0","0","0","1","91232699","90067173","500","700","","","","","","","","","","","","1","1","0","0","","","","","","0","","","91925321","","","","","","","","","","","",""
"100000513","3","100000514","2","","","","","","","","MustDoLineGotoButton14","","","1","1","0","0","0","0","1","91232699","90067167","1100","500","","","","","","","","","","","","1","1","0","0","","","","","11","1","","","","","","","","","","","","","","",""
"100000514","3","100000515","1","","","","","","","","RefreshMatchListButton","","","1","0","0","0","0","1","1","91232699","90069308","1000","500","","","","","","","","","","","","1","1","0","0","","","","","","0","","","91925093","","","","","","","","","","","",""
"100000515","3","0","2","","","","","","","","ArenaFightBtnNew","","","1","0","0","0","90","1","1","91232699","90069285","1000","700","","","","","","","","","","","","1","1","0","0","","","0","","","0","","","91925094","1","","","","","","","","","","",""
"100000520","2","100000521","0","2","","","","","","","","","","0","0","0","0","0","0","0","91232699","0","0","0","","90069514","90069132","91232432","","1","FuncGet_Head","","","","","1","1","1","0","","1","","","","0","","","91925257","1","","","","","","","","","","",""
"100000521","2","100000523","3","","","","","","","","","","","0","0","0","0","0","0","0","91232699","0","0","0","","","90069132","91232432","","1","FuncFly_Head","2","","","","1","1","1","0","","","","","","0","","","","","","","","1","","","","","","",""
"100000522","3","100000523","2","","","","","","","","ShowOperateWidgetBtn","","","1","1","0","0","0","0","1","91232699","90069314","1100","400","","","","0","","","","","","","","1","1","0","0","","","","","","0","","","","","","","","","","","","","","",""
"100000523","3","100000524","2","","","","","","","","MeditationPanelBtn","","","1","1","0","0","0","0","1","91232699","90069315","800","700","","","","0","","","","","","","","1","1","0","0","","","","","","1","","","","","","","","","","","","","","",""
"100000524","0","0","1","","","","","","","","","","","0","1","0","0","90","1","1","91232699","90069316","500","700","","","","","","","","","","","","1","1","0","0","","","0","","","1","","","91925259","1","","","","","","","","","","",""
"100000550","4","0","3","","","","","","","","","","","0","0","0","0","0","0","0","91232699","0","0","0","","","","0","","","","","DongHua_ZhangJie1_4","(15320,19700,2130)","","0","1","0","0","","1","","","","1","","","","","","","","","","","","","","",""
"100000551","3","0","2","","","","","","","","MPMountPanel","","","1","1","0","0","0","0","1","91232699","90067972","500","700","","","","","","","","","","","","1","1","0","0","","1","","","","1","","","","","","","","","","","","","","",""
"100000600","3","100000601","2","","","","","","","","OpenDailyHuntWidgetBtn","","","1","1","0","0","0","0","1","91232699","90069291","500","700","","","","","","","","","","","","1","1","0","0","","","","","","0","","","91925313","","","","","","","","","","","",""
"100000601","0","0","1","","","","","","","","","","","0","0","0","0","0","0","0","91232699","0","0","0","","","","","","","","","","","","1","1","0","0","","","","","","0","","","","","","","","","","","","","","",""
"100000640","2","100000641","0","2","","","","","","","","","","0","0","0","0","0","0","0","91232699","0","0","0","","90069609","90069216","91232487","","1","FuncGet_Head","","","","","0","1","1","0","","1","","","","0","","","91925041","1","","","","","","","","","","",""
"100000641","2","0","3","","","","","","","","","","","0","0","0","0","0","0","0","91232699","0","0","0","","","90069216","91232487","","1","FuncFly_Fuli","","","","","0","1","1","0","","","","","","1","","","","","","","","","","","","","","",""
"100000642","3","100000643","2","","","","","","","","OpenWelfareWidgetBtn","","","1","1","0","0","0","0","1","91232699","90069364","900","300","","","","","","","","","","","","1","1","0","0","","","","","","0","","","91925314","","","","","","","","","","","",""
"100000643","3","100000644","2","","","","","","","","RechargeRewardButton","","","1","1","0","0","0","0","1","91232699","90069367","500","700","","","","","","","","","","","","1","1","0","0","","","","","","1","","","91925315","","","","","","","","","","","",""
"100000644","3","100000645","2","","","","","","","","RechargeGetButton","","","1","1","0","0","0","0","1","91232699","90069368","500","700","","","","","","","","","","","","1","1","0","0","","","","","","0","","","91925042","1","","","","","","","","","","",""
"100000645","3","0","2","","","","","","","","WelfareCloseButton","","","1","1","0","0","0","0","0","91232699","0","0","0","","","","","","","","","","","","1","1","0","0","","","0","","","1","","","","","-25","","","","","","","","","",""
"100000650","2","100000651","0","2","","","","","","","","","","0","0","0","0","0","0","0","91232699","0","0","0","","90068003","90068004","91232491","","1","FuncGet_Head","","","","(""TotalLoginTimePanel"")","0","1","1","0","","1","","","","0","","","91925055","1","","","","","","","","","","",""
"100000651","2","100000652","3","","","","","","","","","","","0","0","0","0","0","0","0","91232699","0","0","0","","","90068004","91232491","","1","FuncFly_LeiJiDengLu","","","","(""TotalLoginTimePanel"")","0","1","1","0","","","","","","0","","","","","","","","1","","","","","","",""
"100000652","3","100000653","2","","","","","","","","TotalLoginTimeButton","","","1","1","0","0","0","0","1","91232699","90069322","1200","300","","","","","","","","","","","","0","1","0","0","","","","","","0","","","","","","","","","","","","","","",""
"100000653","3","0","2","","","","","","","","WelfareBtnGet1","","","1","1","0","0","0","0","1","91232699","90069365","600","300","","","","","","","","","","","","1","1","0","0","","","0","","","1","","","91925056","","","","","","","","","","","",""
"100000654","3","100000653","2","","","","","","","","ActivityPushButton","","","1","1","0","0","0","0","1","91232699","","","","","","","","","","","","","","","0","1","0","0","","","","","","0","","","91925316","","","","","","","","","","","",""
"100000680","2","100000681","0","2","","","","","","","","","","","","","","","","","91232699","","","","","90069563","90069346","91232476","","1","FuncGet_Head","","","","","0","1","1","0","","1","","","","0","","","91925139","1","","","","","","","","","","",""
"100000681","2","100000683","3","","","","","","","","","","","","","","","","","","91232699","","","","","","90069346","91232476","","1","FuncFly_Head","2","","","","0","1","1","0","","","","","","0","","","","","","","","1","","","","","","",""
"100000682","3","100000683","2","","","","","","","","ShowOperateWidgetBtn","","","1","1","0","0","0","0","","91232699","","","","","0","0","0","","","","","","","","1","1","0","0","","","","","","0","","","","","","","","","","","","","","",""
"100000683","3","100000684","2","","","","","","","","OpenMountWidgetBtn","","","1","1","","","","","1","91232699","90069476","1200","800","","","","","","","","","","","","0","1","0","0","","","","","1","0","","","","","","","","","","","","","","",""
"100000684","3","100000685","2","","","","","","","","ChangeOneBtn","","","1","1","","","","","1","91232699","90069347","900","400","","","","","","","","","","","","0","1","0","0","","","","","","1","","","","","","","","","","","","","","",""
"100000685","3","0","1","","","","","","","","MountUnlockButton","","","1","1","","","","","1","91232699","90069348","500","700","","","","","","","","","","","","1","1","0","0","","","0","","","1","","","","","","","","","","","","","","",""
"100000710","2","100000711","0","2","","","","","","","","","","","","","","","","","91232699","","","","","90069524","90069413","91232418","","1","FuncGet_Head","","","","","0","1","1","0","","1","","","","1","","","","1","","","","","","","","","","",""
"100000711","2","100000713","3","","","","","","","","","","","","","","","","","","91232699","","","","","","90069413","91232418","","1","FuncFly_Head","2","","","","0","1","1","0","","","","","","0","","","","","","","","1","","","","","","",""
"100000712","3","100000713","2","","","","","","","","ShowOperateWidgetBtn","","","1","1","0","0","0","0","1","91232699","90068083","500","400","","","","0","","","","","","","","1","1","0","0","","","","","","0","","","","","","","","","","","","","","",""
"100000713","3","100000714","2","","","","","","","","OpenCompositWidgetBtn","","","1","1","0","0","0","0","0","91232699","","0","0","","","","0","","","","","","","","1","1","0","0","","","","","","0","","","","","","","","","","","","","","",""
"100000714","3","100000715","2","","","","","","","","GodAssemblyButtonP","","","1","1","0","0","90","1","1","91232699","90068084","900","700","","","","0","","","","","","","","1","1","0","0","","","","","","1","","","","","","","","","","","","","","",""
"100000715","3","100000716","1","","","","","","","","AssemblyBtn","","","1","0","0","0","","","1","91232699","90068085","900","700","","","","","","","","","","","","1","1","0","0","","","","","","","","","","","","","","","","","","","","",""
"100000716","3","0","1","","","","","","","","SCostMoneyPanel","","","1","0","0","0","","","1","91232699","90068086","500","700","","","","","","","","","","","","1","1","0","0","","","0","","","","","","","","","","","","","","","","","",""
"100000740","2","100000741","0","2","","","","","","","","","","","","","","","","0","91232699","","","","","90069545","90069338","91232480","","1","FuncGet_Head","","","","(""DailyPanel"")","0","1","1","0","","1","","","6","0","","","91925263","1","","","","","","","","","","",""
"100000741","2","100000742","3","","","","","","","","","","","","","","","","","0","91232699","","","","","","90069338","91232480","","1","FuncFly_Richang","1","","","(""DailyPanel"")","0","1","1","0","","","","","","0","","","","","","","","","","","","","","",""
"100000742","3","0","1","","","","","","","","DailyMissionButton","","","1","","0","0","0","0","1","91232699","90067174","1000","500","","","","","","","","","","","","1","1","0","0","","","","","","0","","","91925321","","","","","","","","","","","",""
"100000743","3","0","2","","","","","","","","MustDoLineGotoButton1","","","1","1","0","0","0","0","1","91232699","","1100","500","","","","","","","","","","","","1","1","0","0","","","","","11","1","","","","","","","","","","","","","","",""
"100000744","3","0","2","","","","","","","","MissionGoBtn","","","1","1","","","","","1","91232699","90069444","600","800","","","","","","","","","","","","1","1","0","0","","","0","","","0","","","","","","","","","","","","","","",""
"100000760","2","100000761","0","2","","","","","","","","","","","","","","","","","91232699","","","","","90069591","90069344","91232484","","1","FuncGet_Head","","","","","0","1","1","0","","1","","","","0","","","91925143","1","","","","","","","","","","",""
"100000761","2","100000763","3","","","","","","","","","","","","","","","","","","91232699","","","","","","90069344","91232484","","1","FuncFly_Head","2","","","","1","1","1","0","","","","","","1","","","","","","","","1","","","","","","",""
"100000762","3","100000763","2","","","","","","","","ShowOperateWidgetBtn","","","1","1","0","0","0","0","1","91232699","90069381","1100","500","","","","0","","","","","","","","1","1","0","0","","","","","","0","","","","","","","","","","","","","","",""
"100000763","3","100000764","2","","","","","","","","OpenBGSkillWidgetBtn","","","1","1","0","0","0","0","1","91232699","90069477","500","500","","","","0","","","","","","","","1","1","0","0","","","","","","0","","","","","","","","","","","","","","",""
"100000764","3","100000765","2","","","","","","","","SkillPlusButton","","","1","1","","","","","1","91232699","90069382","700","700","","","","","","","","","","","","1","1","0","0","","","","","","0","","","91925145","","","","","","","","","","","",""
"100000765","3","100000766","1","","","","","","","","TalentPanel0","","","1","0","","","","","1","91232699","90069383","500","700","","","","","","","","","","","","1","1","0","0","","","","","","1","","","91925146","","","","","","","","","","","",""
"100000766","3","0","1","","","","","","","","TalentLevelUpBtn","","","1","0","","","","","1","91232699","90069384","1100","700","","","","","","","","","","","","1","1","0","0","","","0","","","0","","","91925147","1","","","","","","","","","","",""
"100000767","3","100000768","2","","","","","","","","","","","1","1","","","","","1","91232699","90069385","500","700","","","","","","","","","","","","1","1","0","0","","","","","","0","","","91925319","","","","","","","","","","","",""
"100000768","3","0","1","","","","","","","","","","","0","1","","","","","1","91232699","90069386","500","700","","","","","","","","","","","","1","1","0","0","","","0","","","0","","","91925320","","","","","","","","","","","",""
"100000790","2","100000791","0","2","","","","","","","","","","0","0","0","0","0","0","0","91232699","0","0","0","","90069551","90069354","91232460","","1","FuncGet_Head","","","","","0","1","1","0","","1","","","","0","","","91925281","1","","","","","","","","","","",""
"100000791","2","100000792","3","","","","","","","","","","","0","0","0","0","0","0","0","91232699","0","0","0","","","90069354","91232460","","1","FuncFly_FuBen","","","","","0","1","1","0","","","","","","0","","","","","","","","","","","","","","",""
"100000792","3","100000793","2","","","","","","","","OpenMustDoWidgetBtn","","","1","1","0","0","0","0","1","91232699","90067173","500","700","","","","","","","","","","","","1","1","0","0","","","","","","0","","","91925321","","","","","","","","","","","",""
"100000793","3","100000795","2","","","","","","","","MustDoLineGotoButton4","","","1","1","0","0","0","0","1","91232699","90067166","1100","500","","","","","","","","","","","","1","1","0","0","","","","","11","1","","","","","","","","","","","","","","",""
"100000794","3","100000795","2","","","","","","","","DailyRaidCardButton4","","","1","1","0","0","0","0","0","91232699","","","","","","","","","","","","","","","1","1","0","0","","","","","8","0","","","","","","","","","","","","","","",""
"100000795","3","0","2","","","","","","","","TeamPlatformButton8","","","1","0","0","0","0","0","1","91232699","90069262","500","700","","","","","","","","","","","","1","1","0","0","","","0","","","0","","","91925282","1","","","","","","","","","","",""
"100000820","3","100000821","2","","","","","","","","MPWidgetStoreButton","","","1","1","0","0","0","0","1","91232699","90069369","500","700","","","","","","","","","","","","1","1","0","0","","1","","","","0","","","91925079","1","","","","","","","","","","",""
"100000821","3","100000822","2","","","","","","","","MagicCrystalButton","","","1","1","0","0","0","0","1","91232699","90069370","500","700","","","","","","","","","","","","0","1","0","0","","","","","","0","","","91925000","","","","","","","","","","","",""
"100000822","3","100000823","2","","","","","","","","StoreGood2","","","1","1","0","0","0","0","1","91232699","90069373","500","700","","","","","","","","","","","","0","1","0","0","","","","","","0","","","91925082","","","","","","","","","","","",""
"100000823","3","0","2","","","","","","","","PurchaseButton","","","1","1","0","0","0","0","1","91232699","90069374","500","700","","","","","","","","","","","","0","1","0","0","","","0","","","1","","","91925083","1","","","","","","","","","","",""
"100000840","3","100000841","2","","","","","","","","MissionFireBtn","","","1","1","","","","","1","91232699","90068057","700","600","","","","","","","","","","","","0","1","0","0","","1","","","10","0","","","","","","","","","","","","","","",""
"100000841","3","100000842","2","","","","","","","","UIBreakBtnSmallWidget_1","","","1","1","0","0","0","0","1","91232699","90068058","800","700","","","","","","","","","","","","0","1","0","0","","","","","","0","","","","","","","","","","","","","","",""
"100000842","3","100000843","1","","","","","","","","ZhuanJiNengBtn","","","1","0","0","0","0","0","1","91232699","90068059","800","700","","","","","","","","","","","","1","1","0","0","","","","","","0","","","","","","","","","","","","","","",""
"100000843","3","100000844","2","","","","","","","","ChooseSkill_Close","","","1","1","0","0","0","0","1","91232699","90068060","800","700","","","","","","","","","","","","1","1","0","0","","","","","","1","","","","","","","","","","","","","","",""
"100000844","3","100000845","1","","","","","","","","CanvasPanel_Condition","","","1","0","0","0","0","0","1","91232699","90068061","800","650","","","","","","","","","","","","1","1","0","0","","","","","","0","","","","","","","","","","","","","","",""
"100000845","3","100000846","2","","","","","","","","ReturnToPokedexButton","","","1","1","0","0","0","0","1","91232699","90068062","500","500","","","","","","","","","","","","1","1","0","0","","","","","","0","","","","","","","","","","","","","","",""
"100000846","3","0","2","","","","","","","","GradeUpMissionBtn","","","1","0","0","0","0","0","1","91232699","90068063","700","600","","","","","","","","","","","","1","1","0","0","","","0","","","1","","","","","","","","","","","","","","",""
"100000879","3","100000880","1","","","","","","","","OpenRecoryButton","","","1","0","0","0","0","0","1","91232699","90069359","600","700","","","","","","","","","","","","1","1","0","0","","","","","","1","","","91925053","","","","","","","","","","","",""
"100000880","3","100000881","1","","","","","","","","LevelUpButton","","","1","0","0","0","0","0","1","91232699","90069360","600","700","","","","","","","","","","","","1","1","0","0","","","","","","1","","","91925054","1","","","","","","","","","","",""
"100000890","3","0","2","","","","","","","","UIPatronSaintSkillButton","","","1","1","0","0","0","0","1","91232699","90069321","1000","500","","","","","","","","","","","","1","1","0","0","","","1","","","0","","","91925024","1","","","","","","","","","","",""
"100001040","2","100001041","0","2","","","","","","","","","","0","0","0","0","0","0","0","91232699","0","0","0","","90069557","90069558","91232434","","1","FuncGet_Head","","","","","0","1","1","0","","1","","","","0","","","91925289","1","","","","","","","","","","",""
"100001041","2","100001042","3","","","","","","","","","","","0","0","0","0","0","0","0","91232699","0","0","0","","","90069558","91232434","","1","FuncFly_FuBen","","","","","0","1","1","0","","","","","","0","","","","","","","","","","","","","","",""
"100001042","3","100001043","2","","","","","","","","OpenMustDoWidgetBtn","","","1","1","0","0","0","0","1","91232699","90067173","500","700","","","","","","","","","","","","1","1","0","0","","","","","","0","","","91925321","","","","","","","","","","","",""
"100001043","3","100001045","2","","","","","","","","MustDoLineGotoButton8","","","1","1","0","0","0","0","1","91232699","90067175","1100","500","","","","","","","","","","","","1","1","0","0","","","","","11","1","","","","","","","","","","","","","","",""
"100001044","3","100001045","2","","","","","","","","DailyRaidCardButton5","","","1","1","0","0","0","0","1","91232699","90069876","500","700","","","","","","","","","","","","1","1","0","0","","","","","9","0","","","91925339","","","","","","","","","","","",""
"100001045","3","0","2","","","","","","","","TeamPlatformButton24","","","1","0","0","0","0","0","1","91232699","90069873","500","700","","","","","","","","","","","","1","1","0","0","","","0","","","0","","","91925096","1","","","","","","","","","","",""
"100001070","2","100001071","0","2","","","","","","","","","","0","0","0","0","0","0","0","91232699","0","0","0","","90069722","90069439","91232434","","1","FuncGet_Head","","","","","0","1","1","0","","1","","","","0","","","91925285","1","","","","","","","","","","",""
"100001071","2","100001072","3","","","","","","","","","","","0","0","0","0","0","0","0","91232699","0","0","0","","","90069439","91232434","","1","FuncFly_FuBen","","","","","0","1","1","0","","","","","","0","","","","","","","","","","","","","","",""
"100001072","3","100001073","2","","","","","","","","OpenMustDoWidgetBtn","","","1","1","0","0","0","0","1","91232699","90067173","500","700","","","","","","","","","","","","1","1","0","0","","","","","","0","","","91925321","","","","","","","","","","","",""
"100001073","3","100001075","2","","","","","","","","MustDoLineGotoButton7","","","1","1","0","0","0","0","1","91232699","90067169","1100","500","","","","","","","","","","","","1","1","0","0","","","","","11","1","","","","","","","","","","","","","","",""
"100001074","3","100001075","2","","","","","","","","DailyRaidCardButton6","","","1","1","0","0","0","0","1","91232699","90069869","500","700","","","","","","","","","","","","1","1","0","0","","","","","9","0","","","91925340","","","","","","","","","","","",""
"100001075","3","0","2","","","","","","","","TeamPlatformButton28","","","1","0","0","0","0","0","1","91232699","90069869","500","700","","","","","","","","","","","","1","1","0","0","","","0","","","0","","","91925340","1","","","","","","","","","","",""
"100001080","3","100001081","2","","","","","","","","ShowOperateWidgetBtn","","","1","1","0","0","0","0","1","91232699","90069445","500","500","","","","0","","","","","","","","1","1","0","0","","1","","","","0","","","91925341","","","","","","","","","","","",""
"100001081","3","100001082","2","","","","","","","","OpenMountWidgetBtn","","","1","1","0","0","0","0","1","91232699","90069446","500","400","","","","0","","","","","","","","1","1","0","0","","","","","","0","","","91925342","","","","","","","","","","","",""
"100001082","3","0","2","","","","","","","","MountUnlockButton","","","1","1","0","0","90","1","1","91232699","90069447","500","700","","","","0","","","","","","","","1","1","0","0","","","0","","","1","","","91925343","","","","","","","","","","","",""
"100001090","2","100001091","0","2","","","","","","","","","","0","0","0","0","0","0","0","91232699","0","0","0","","90069526","90069242","91232433","","1","FuncGet_Head","","","","(""MPMountPanel"")","0","0","1","0","","1","","","","0","","","91925214","1","","","","","","","","","","",""
"100001091","2","100001341","3","","","","","","","","","","","0","0","0","0","0","0","0","91232699","0","0","0","","","90069449","91232433","","1","FuncFly_ZuoQiIcon","2","","","(""MPMountPanel"")","0","1","1","0","","","","","","0","","","","","","","","1","","","","","","",""
"100001092","3","0","2","","","","","","","","MainMissionBtn","","","1","1","0","0","0","0","1","91232699","90069004","750","350","","","","","","","","","","","","1","1","0","0","","","1","","","1","","","91925000","","","","","","","","","","","",""
"100001100","3","100001101","2","","","","","","","","MPBagBtn","","","1","1","0","0","0","0","1","91232699","90069457","500","700","","0","0","0","","","","","","","","1","1","0","0","","1","","","","0","","","91925186","","","","","","","","","","","",""
"100001101","3","100001102","2","","","","","","","","BagItemTargetTag","","","1","1","0","0","0","0","0","91232699","","","","","0","0","0","","","","","","","","1","1","0","0","","","","","4","0","","","91925187","","","","","","","","","","","",""
"100001102","3","100001103","2","","","","","","","","MiniInfoUseBtn","","","1","1","0","0","0","0","1","91232699","90069458","500","700","","0","0","0","","","","","","","","1","1","0","0","","","","","","1","","","91925344","","","","","","","","","","","",""
"100001103","0","0","1","","","","","","","","","","","0","0","0","0","0","0","1","91232699","90069459","500","700","","0","0","0","","","","","","","","1","1","0","0","","","0","","","0","","","91925188","","","","","","","","","","","",""
"100001120","2","100001121","0","2","","","","","","","","","","","","0","0","","","","91232699","","","","","90069465","90069466","91232456","","1","FuncGet_Head","","","","","0","1","1","0","","1","","","","0","","","91925207","1","","","","","","","","","","",""
"100001121","2","0","3","","","","","","","","","","","","","","","","","","91232699","","","","","","90069466","91232456","","1","FuncFly_Haoyou","","","","","1","1","1","0","","","1","","","1","","","","","","","","","","","","","","",""
"100001130","0","0","1","","","","","","","","","","","","","","","","","1","91232699","90067158","400","900","","","","","","","","","","","","1","1","0","0","","1","1","","","1","","","","","","","","","","","","","","",""
"100001140","0","0","1","","","","","","","","","","","","","","","","","1","91232699","90067156","400","900","","","","","","","","","","","","1","1","0","0","","1","1","","","1","","","","","","","","","","","","","","",""
"100001150","0","0","1","","","","","","","","","","","","","","","","","1","91232699","90067157","400","900","","","","","","","","","","","","1","1","0","0","","1","1","","","1","","","","","","","","","","","","","","",""
"100001160","0","0","1","","","","","","","","","","","","","","","","","1","91232699","90067160","400","900","","","","","","","","","","","","1","1","0","0","","1","1","","","1","","","","","","","","","","","","","","",""
"100001170","0","0","1","","","","","","","","","","","","","","","","","1","91232699","90067159","400","900","","","","","","","","","","","","1","1","0","0","","1","1","","","1","","","","","","","","","","","","","","",""
"100001180","0","0","1","","","","","","","","","","","","","","","","","1","91232699","90069484","400","900","","","","","","","","","","","","1","1","0","0","","1","1","","","1","","","91925178","1","","","","","","","","","","",""
"100001280","0","0","1","","","","","","","","","","","","","","","","","1","91232699","90067155","400","900","","","","","","","","","","","","1","1","0","0","","1","1","","","1","","","","1","","","","","","","","","","",""
"100001290","3","100001291","2","","","","","","","","MPBagBtn","","","1","1","0","0","0","0","1","91232699","90069493","500","700","","0","0","0","","","","","","","","1","1","0","0","","1","","","","0","","","91925241","","","","","","","","","","","",""
"100001291","3","100001292","2","","","","","","","","VIPCardTargetTag","","","1","1","0","0","0","0","0","91232699","90069845","500","700","","0","0","0","","","","","","","","1","1","0","0","","","","","4","0","","","91925242","","","","","","","","","","","",""
"100001292","3","100001293","2","","","","","","","","MiniInfoUseBtn","","","1","1","0","0","0","0","1","91232699","90069494","500","700","","0","0","0","","","","","","","","1","1","0","0","","","","","","1","","","91925243","","","","","","","","","","","",""
"100001293","0","0","1","","","","","","","","","","","0","0","0","0","0","0","1","91232699","90069495","500","700","","0","0","0","","","","","","","","1","1","0","0","","","0","","","0","","","91925244","1","","","","","","","","","","",""
"100001300","3","0","2","","","","","","","","OpenMustDoWidgetBtn","","","1","1","0","0","0","0","1","91232699","90069497","1100","300","","0","0","0","","","","","","","","1","1","0","0","","1","","","","1","","","91925240","1","","","","","","","","","","",""
"100001310","2","100001311","0","2","","","","","","","","","","","","","","","","","","","","","","90090808","90096048","91231308","","1","FuncGet_Head","","","","","0","1","1","0","","1","","","","","","","","","","","","","","","","","","",""
"100001311","2","100001313","3","","","","","","","","","","","","","","","","","","","","","","","","90096048","91231308","","1","FuncFly_Head","2","","","","0","1","1","0","","","","","","","","","","","","","","1","","","","","","",""
"100001312","3","100001313","2","","","","","","","","ShowOperateWidgetBtn","","","1","1","","","","","1","91232699","90068045","1100","300","","","","","","","","","","","","0","1","0","0","","","","","","","","","91925218","1","","","","","","","","","","",""
"100001313","3","100001314","2","","","","","","","","OpenFireWidgetBtn","","","1","1","","","","","","","","","","","","","","","","","","","","","0","1","0","0","","","","","","","","","","","","","","","","","","","","",""
"100001314","3","100001315","2","","","","","","","","FireUnlockButton","","","1","1","","","","","1","91232699","90068046","500","700","","","","","","","","","","","","0","1","0","0","","","","","","1","","","91925345","","","","","","","","","","","",""
"100001315","0","0","1","","","","","","","","","","","","","","","","","","","","","","","","","","","","","","","","","","","","","","","","","","","","","","","","","","","","","","","","PatronSaint",""
"100001320","3","100001321","1","","","","","","","","TinderShouHuJiBtn","","","1","0","","","","","1","91232699","90069818","500","700","","","","","","","","","","","","1","1","0","0","","1","","","","1","","","91925346","","","","","","","","","","","ClosePatronSaint",""
"100001321","3","0","2","","","","","","","","FireUpgradeButton","","","1","1","","","","","1","91232699","90069819","500","700","","","","","","","","","","","","1","1","0","0","","","0","","","","","","91925347","","","","","","","","","","","",""
"100001330","2","100001331","0","2","","","","","","","","","","","","","","","","","","","","","","90069820","90069821","91232485","","1","FuncGet_Head","","","","","0","1","1","0","","1","","","","","","","","","","","","","","","","","","",""
"100001331","2","0","3","","","","","","","","","","","","","","","","","","","","","","","","90069821","91232485","","1","FuncFly_Head","2","","","","0","1","1","0","","","0","","","","","","","","","","","","","","","","","",""
"100001332","3","100001333","2","","","","","","","","ShowOperateWidgetBtn","","","1","1","","","","","1","91232699","90069310","1100","300","","","","","","","","","","","","0","1","0","0","","","","","","","","","91925000","","","","","","","","","","","",""
"100001333","3","100001334","2","","","","","","","","Button_BGNature","","","1","1","","","","","1","91232699","90069822","900","500","","","","","","","","","","","","0","1","0","0","","","","","","1","","","91925222","","","","","","","","","","","",""
"100001334","3","100001335","2","","","","","","","","SeniorAttributePanel","","","1","1","","","","","1","91232699","90069823","600","700","","","","","","","","","","","","1","1","0","0","","","","","","","","","91925223","","","","","","","","","","","",""
"100001335","3","100001336","2","","","","","","","","AutoChangeBtn","","","1","1","","","","","1","91232699","90069824","600","700","","","","","","","","","","","","1","1","0","0","","","","","","","","","91925224","","","","","","","","","","","",""
"100001336","3","0","2","","","","","","","","AutoChangeBtn","","","1","1","","","","","1","91232699","90069825","600","700","","","","","","","","","","","","1","1","0","0","","","0","","","","","","91925225","1","","","","","","","","","","",""
"100001340","3","100001341","2","","","","","","","","ShowOperateWidgetBtn","","","1","1","0","0","0","0","0","91232699","","","","","","","0","","","","","","","","0","1","0","0","","","","","","0","","","","","","","","","","","","","","",""
"100001341","3","100001344","2","","","","","","","","OpenMountWidgetBtn","","","1","1","0","0","0","0","1","91232699","90069257","900","500","","","","0","","","","","","","","1","1","0","0","","","","","1","0","","","91925269","","","","","","","","","","","",""
"100001342","3","100001343","2","","","","","","","","MountUnlockButton","","","1","0","0","0","90","1","1","91232699","90069258","500","700","","","","0","","","","","","","","0","1","0","0","","","","","","0","","","91925270","","","","","","","","","","","",""
"100001343","0","0","0","","","","","","","","","","","0","0","0","0","0","0","0","0","0","0","0","","","","0","","","","","","","","0","1","0","0","","","0","","","1","","1","91925271","","-25","","","","","1","","","","",""
"100001344","3","0","2","","","","","","","","MountUpgradeBtn","","","1","0","0","0","90","1","1","91232699","90067999","500","700","","","","0","","","","","","","","1","1","0","0","","","0","","","0","","","91925270","","","","","","","","","","","",""
"100001350","2","100001351","0","2","","","","","","","","","","0","0","0","0","0","0","0","91232699","","0","0","","90069826","90069827","91232422","","1","FuncGet_Head","","","","","1","1","1","0","","1","","","","0","","","91925226","1","","","","","","","","","","",""
"100001351","2","100001352","3","","","","","","","","","","","0","0","0","0","0","0","0","91232699","","0","0","","","90069827","91232422","","1","FuncFly_Fuli_level","","","","","1","1","1","0","","","","","","1","","","","","","","","","","","","","","",""
"100001352","3","100001353","2","","","","","","","","OpenWelfareWidgetBtn","","","1","1","0","0","0","0","1","91232699","90069828","500","300","","","","","","","","","","","","1","1","0","0","","","","","","0","","","","","","","","","","","","","","",""
"100001353","3","100001355","2","","","","","","","","ExpLevelRewardButton","","","1","1","0","0","0","0","1","91232699","90069829","500","700","","","","","","","","","","","","1","1","0","0","","","","","","1","","","91925228","","","","","","","","","","","",""
"100001354","3","0","2","","","","","","","","GSLevelRewardButton","","","1","1","0","0","0","0","1","91232699","90069831","500","700","","","","","","","","","","","","1","1","0","0","","","0","","","1","","","","","","","","","","","","","","",""
"100001355","3","0","2","","","","","","","","LevelOfRewardsGetBtn1","","","1","1","0","0","0","0","1","91232699","90069830","500","700","","","","","","","","","","","","1","1","0","0","","","","","","1","","","91925229","","","","","","","","","","","",""
"100001356","3","0","2","","","","","","","","WelfareCloseButton","","","1","1","0","0","0","0","1","91232699","","500","300","","","","","","","","","","","","1","1","0","0","","","0","","","1","","","91925230","1","-25","","","","","","","","","",""
"100001360","2","100001361","0","2","","","","","","","","","","","","","","","","","","","","","","90069832","90069833","91231012","","1","FuncGet_Head","","","","","0","1","1","0","","1","","","","","","","91925231","1","","","","","","","","","","",""
"100001361","2","100001363","3","","","","","","","","","","","","","","","","","","","","","","","","90069833","91231012","","1","FuncFly_Head","2","","","","0","1","1","0","","","","","","","","","","","","","","1","","","","","","",""
"100001362","3","100001363","2","","","","","","","","ShowOperateWidgetBtn","","","1","1","","","","","1","91232699","90069834","1100","300","","","","","","","","","","","","1","1","0","0","","","","","","","","","91925000","","","","","","","","","","","",""
"100001363","3","100001364","2","","","","","","","","JewelButtonPanel","","","1","1","","","","","1","91232699","90069835","600","700","","","","","","","","","","","","1","1","0","0","","","","","","","","","","","","","","","","","","","","",""
"100001364","3","100001365","2","","","","","","","","JewelSetSSelectedItemEntry1","","","1","1","","","","","1","91232699","90069836","1000","700","","","","","","","","","","","","1","1","0","0","","","","","","","","","91925233","","","","","","","","","","","",""
"100001365","3","100001366","2","","","","","","","","JewelLockedBtn","","","1","1","","","","","1","91232699","90069837","600","700","","","","","","","","","","","","1","1","0","0","","","","","","","","","91925234","","","","","","","","","","","",""
"100001366","3","0","2","","","","","","","","SelectedJewelList1","","","1","1","","","","","1","91232699","90069838","600","700","","","","","","","","","","","","1","1","0","0","","","0","","","","","","91925235","1","","","","","","","","","","",""
"100001370","2","100001371","0","2","","","","","","","","","","","","","","","","","","","","","","90069858","90069850","91231013","","1","FuncGet_Head","","","","","0","1","1","0","","1","","","","","","","91925250","1","","","","","","","","","","",""
"100001371","2","100001372","3","","","","","","","","","","","","","","","","","","","","","","","","90069850","91231013","","1","FuncFly_TongYong","","","","","0","1","1","0","","","","","","","","","","","","","","","","","","","","",""
"100001372","3","100001373","2","","","","","","","","ActivityPushButton","","","1","1","0","0","0","0","0","91232699","","","","","","","","","","","","","","","0","1","0","0","","","","","","0","","","","","","","","","","","","","","",""
"100001373","3","100001374","2","","","","","","","","OpenBossHomeWidgetBtn","","","1","1","","","","","1","91232699","90069834","1100","350","","","","","","","","","","","","1","1","0","0","","","","","","1","","","91925000","","","","","","","","","","","",""
"100001374","3","0","1","","","","","","","","BossFieldBox","","","1","0","","","","","1","91232699","90069859","500","650","","","","","","","","","","","","1","1","0","0","","","0","","","0","","","91925262","1","","","","","","","","","","",""
"100001380","2","100001381","0","2","","","","","","","","","","","","","","","","0","91232699","","","","","90069840","90069841","91232480","","1","FuncGet_Head","","","","(""SideMissionPanel"")","0","1","1","0","","1","","","10","0","","","","","","","","","","","","","","",""
"100001381","2","100001382","3","","","","","","","","","","","","","","","","","0","91232699","","","","","","90069841","91232480","","1","FuncFly_Richang","1","","","(""SideMissionPanel"")","0","1","1","0","","","","","","0","","","","","","","","","","","","","","",""
"100001700","3","100001701","2","","","","","","","","ShowOperateWidgetBtn","","","1","1","0","0","0","0","1","91232699","90069877","1100","500","","","","0","","","","","","","","1","1","0","0","","1","","","","0","","","91925349","","","","","","","","","","","",""
"100001701","3","100001702","2","","","","","","","","OpenBGSkillWidgetBtn","","","1","1","0","0","0","0","1","91232699","90069477","500","500","","","","0","","","","","","","","1","1","0","0","","","","","","0","","","91925144","","","","1","","","","","","","",""
"100001702","3","100001703","2","","","","","","","","SkillPlusButton","","","1","1","","","","","1","91232699","90069382","700","700","","","","","","","","","","","","1","1","0","0","","","","","","0","","","91925145","","","","","","","","","","","",""
"100001703","3","0","1","","","","","","","","TalentChooseButton","","","1","0","","","","","1","91232699","90069385","500","700","","","","","","","","","","","","1","1","0","0","","","0","","","1","","","91925146","","","","","","","","","","","",""
"100001710","2","100001711","0","2","","","","","","","","","","0","0","0","0","0","0","0","91232699","","0","0","","90068001","90068002","91232422","","1","FuncGet_Head","","","","","0","1","1","0","","1","","","","0","","","","1","","","","","","","","","","",""
"100001711","2","0","3","","","","","","","","","","","0","0","0","0","0","0","0","91232699","","0","0","","","90068002","91232422","","1","FuncFly_Fuli","","","","","0","1","1","0","","","0","","","1","","","","","","","","","","","","","","",""
"100001720","3","100001721","2","","","","","","","","ServerActivityButton","","","1","1","0","0","0","0","1","91232699","90068009","1100","300","","","","","","","","","","","","1","1","0","0","","1","","","","1","","","91925350","","","","","","","","","","","",""
"100001721","0","0","1","","","","","","","","","","","0","0","0","0","0","0","1","91232699","90068010","500","700","","","","","","","","","","","","1","1","0","0","","","0","","","0","","","91925351","","","","","","","","","","","",""
"100001730","2","100001731","0","2","","","","","","","","","","","","","","","","","","","","","","90068011","90068012","91232453","","1","FuncGet_Head","","","","","0","1","1","0","","1","","","","0","","","","","","","","","","","","","","",""
"100001731","2","100001733","3","","","","","","","","","","","","","","","","","","","","","","","","90068012","91232453","","1","FuncFly_BaoZang","","","","","0","1","1","0","","","","","","0","","","","","","","","","","","","","","",""
"100001732","3","100001733","2","","","","","","","","ActivityPushButton","","","1","1","0","0","0","0","0","","","","","","","","","","","","","","","","0","1","0","0","","","","","","1","","","","","","","","","","","","","","",""
"100001733","3","100001734","2","","","","","","","","MPWidgetBaoZangButton","","","1","1","0","0","0","0","1","91232699","90068013","1100","300","","","","","","","","","","","","1","1","0","0","","","","","","0","","","91925352","","","","","","","","","","","",""
"100001734","0","100001737","1","","","","","","","","","","","0","0","0","0","0","0","1","91232699","90068014","500","900","","","","","","","","","","","","1","1","0","0","","","","","","0","","","91925353","","","","","","","","","","","",""
"100001735","3","100001736","2","","","","","","","","TreasureElementBtn","","","1","1","0","0","0","0","1","91232699","90068015","500","900","","","","","","","","","","","","1","1","0","0","","","","","","0","","","91925354","","","","","","","","","","","",""
"100001736","0","100001737","1","","","","","","","","PrizeOneBtn","","","1","0","0","0","0","0","1","91232699","90068016","500","900","","","","","","","","","","","","1","1","0","0","","","","","","0","","","91925355","","","","","","","","","","","",""
"100001737","3","100001738","2","","","","","","","","TreasureSpiritBtn","","","1","1","0","0","0","0","1","91232699","90068040","500","900","","","","","","","","","","","","1","1","0","0","","","","","","0","","","91925356","","","","","","","","","","","",""
"100001738","0","0","1","","","","","","","","","","","1","0","0","0","0","0","1","91232699","90068041","500","900","","","","","","","","","","","","1","1","0","0","","","0","","","0","","","91925357","","","","","","","","","","","",""
"100001750","3","100001751","2","","","","","","","","AddDamageBtn1","","","1","0","0","0","0","0","1","91232699","90068019","800","500","","","","","","","","","","","","1","1","0","0","","1","","","","0","","","91925361","","","","","","","","","","","",""
"100001751","0","100001752","1","","","","","","","","","","","0","0","0","0","0","0","1","91232699","90068133","500","900","","","","","","","","","","","","1","1","0","0","","","","","","0","","","","","","","","","","","","","","",""
"100001752","3","100001753","2","","","","","","","","InspireReturnBtn","","","1","0","0","0","0","0","0","91232699","","","","","","","","","","","","","","","1","1","0","0","","","","","","0","","","","","","","","","","","","","","",""
"100001753","3","0","1","","","","","","","","AddExpButton1","","","1","0","0","0","0","0","1","91232699","90068020","800","500","","","","","","","","","","","","1","1","0","0","","","0","","","1","","","91925362","","","","","","","","","","","",""
"100001760","2","100001761","0","2","","","","","","","","","","","","","","","","0","91232699","","","","","90068021","90068022","91232420","","1","FuncGet_Head","","","","","0","1","1","0","","1","","","","0","","","","","","","","","","","","","","",""
"100001761","2","100001762","3","","","","","","","","","","","","","","","","","0","91232699","","","","","","90068022","91232420","","1","FuncFly_HuiZhangShangDian","","","","","0","1","1","0","","","","","","0","","","","","","","","","","","","","","",""
"100001762","3","100001763","2","","","","","","","","MPWidgetStoreButton","","","1","1","0","0","0","0","0","","","","","","","","","","","","","","","","1","1","0","0","","","","","","1","","","","","","","","","","","","","","",""
"100001763","3","100001764","2","","","","","","","","LegionShopButton","","","1","1","0","0","0","0","1","91232699","90068023","500","700","","","","","","","","","","","","1","1","0","0","","","","","","0","","","91925363","","","","","","","","","","","",""
"100001764","3","100001765","2","","","","","","","","SubButton2","","","1","1","0","0","0","0","1","91232699","90068024","500","700","","","","","","","","","","","","1","1","0","0","","","","","","0","","","91925364","","","","","","","","","","","",""
"100001765","0","0","1","","","","","","","","","","","0","0","0","0","0","0","1","91232699","90068025","500","700","","","","","","","","","","","","1","1","0","0","","","0","","","1","","","91925365","","","","","","","","","","","",""
"100001770","2","100001771","0","2","","","","","","","","","","","","","","","","","","","","","","90068026","90068027","91200503","","1","FuncGet_Head","","","","(""TargetCanvasPanel"")","","","","","","1","","","","","","","","","","","","","","","","","","",""
"100001771","2","100001772","3","","","","","","","","","","","","","","","","","","","","","","","","90068027","91200503","","1","FuncFly_SevenDayTarget","","","","(""TargetCanvasPanel"")","","","","","","","","","","","","","","","","","","1","","","","","","",""
"100001772","3","100001773","2","","","","","","","","TargetWidgetBtn","","","1","1","0","0","0","0","1","91232699","90068028","1100","300","","","","","","","","","","","","1","1","0","0","","","","","","1","","","91925366","","","","","","","","","","","",""
"100001773","0","100001776","1","","","","","","","","","","","0","0","0","0","0","0","1","91232699","90068029","500","700","","","","","","","","","","","","1","1","0","0","","","","","","0","","","91925367","","","","","","","","","","","",""
"100001774","3","100001775","2","","","","","","","","TargetKingWidgetBtn","","","1","1","0","0","0","0","1","91232699","90068030","500","700","","","","","","","","","","","","1","1","0","0","","","","","","1","","","91925368","","","","","","","","","","","",""
"100001775","0","100001776","1","","","","","","","","","","","0","0","0","0","0","0","1","91232699","90068031","500","700","","","","","","","","","","","","1","1","0","0","","","","","","0","","","91925369","","","","","","","","","","","",""
"100001776","3","100001777","2","","","","","","","","TargetRewardWidgetBtn","","","1","1","0","0","0","0","1","91232699","90068032","1000","500","","","","","","","","","","","","1","1","0","0","","","","","","1","","","91925370","","","","","","","","","","","",""
"100001777","0","0","1","","","","","","","","","","","0","0","0","0","0","0","1","91232699","90068033","500","700","","","","","","","","","","","","1","1","0","0","","","0","","","1","","","91925371","","","","","","","","","","","",""
"100001780","0","0","1","","","","","","","","","","","0","0","0","0","0","0","1","91232556","90068035","500","700","","","","","","","","","","","","1","1","0","0","","1","1","","","1","","","91925372","","","","","","","","","","","",""
"100001800","3","0","2","","","","","","","","UIPatronSaintSkillButton","","1","1","1","0","0","0","0","1","91232699","90069321","1000","500","","","","","","","","","","","","0","1","0","0","","","","","","0","","","91925024","1","","","","","","","","","","",""
"100001810","3","0","2","","","","","","","","","","","0","0","0","0","0","0","0","91232699","90068039","336","824","","0","0","0","","","","","","","","0","1","0","0","","1","0","","","1","","","91925001","1","","UIQualityWidget","","","","","","","","",""
"100001830","2","100001831","0","2","","","","","","","","","","","","","","","","","","","","","","90068049","90068050","91232433","","1","FuncGet_Head","","","","","0","1","1","0","","1","","","","","","","","","","","","","","","","","","",""
"100001831","2","0","3","","","","","","","","","","","","","","","","","","","","","","","","90068050","91232433","","1","FuncFly_Head","2","","","","0","1","1","0","","","1","","","","","","","","","","","","","","","","","",""
"100001840","2","100001841","0","2","","","","","","","","","","","","","","","","","","","","","","90068051","90068052","91232457","","1","FuncGet_Head","","","","","0","1","1","0","","1","","","","","","","","","","","","","","","","","","",""
"100001841","2","0","3","","","","","","","","","","","","","","","","","","","","","","","","90068052","91232457","","1","FuncFly_Head","2","","","","0","1","1","0","","","1","","","","","","","","","","","","","","","","","",""
"100002110","3","100002111","2","","","","","","","","OpenFireWidgetBtn","","","1","1","0","0","0","0","1","91232699","90068066","1100","700","","0","0","0","","","","","","","","1","1","0","0","","1","","","","0","","","","","","","1","","","","","","","",""
"100002111","3","100002112","2","","","","","","","","FireSkillBtn","","","1","1","0","0","0","0","1","91232699","90068132","500","500","","0","0","0","","","","","","","","1","1","0","0","","","","","","0","","","","","","","","","","","","","","",""
"100002112","3","100002113","2","","","","","","","","TinderSkill_slock1","","","1","1","0","0","0","0","1","91232699","90068067","500","700","","0","0","0","","","","","","","","1","1","0","0","","","","","","0","","","","","","","","","","","","","","",""
"100002113","3","100002114","2","","","","","","","","TinderSkillUnlockBtn","","","1","1","0","0","0","0","1","91232699","90068067","500","700","","0","0","0","","","","","","","","1","1","0","0","","","","","","0","","","","","","","","","","","","","","",""
"100002114","3","100002115","2","","","","","","","","FireUnlockBtn","","","1","1","0","0","0","0","0","91232699","0","0","0","","0","0","0","","","","","","","","1","1","0","0","","","","","","0","","","","","","","","","","","","","","",""
"100002115","3","0","2","","","","","","","","FireZhuangBeiButton","","","1","1","0","0","0","0","1","91232699","90068068","500","700","","0","0","0","","","","","","","","1","1","0","0","","","0","","","1","","","","","","","","","","","","","","",""
"100002120","2","100002121","0","2","","","","","","","","","","0","0","0","0","0","0","0","","0","0","0","","90068069","90068070","91232412","","1","FuncGet_Head","","","","(""MPWidgetSpiritButtonPanel"")","1","1","1","0","","1","","","","0","","","","","","","","","","","","","","",""
"100002121","2","100002123","3","","","","","","","","","","","0","0","0","0","0","0","0","","0","0","0","","","90068070","91232412","","1","FuncFly_Head","2","","","(""MPWidgetSpiritButtonPanel"")","1","1","1","0","","","","","","0","","","","","","","","1","","","","","","",""
"100002122","3","100002123","2","","","","","","","","ShowOperateWidgetBtn","","","0","1","0","0","0","0","0","","","","","","0","0","0","0","0","","","","","","0","1","0","0","","","","","","0","","","","","","","","","","","","","","",""
"100002123","3","100002124","2","","","","","","","","MPWidgetPokedexButtonPanel","","","0","1","0","0","0","0","1","91232699","90068071","900","400","","0","0","0","0","0","","","","","","1","1","0","0","","","","","","0","","","","","","","","","","","","","","",""
"100002124","3","100002125","1","","","","","","","","GotoActivate","","","1","0","","","","","1","91232699","90068072","700","700","","","","","","","","","","","","","","","","","","","","","0","","","","","","","","","","","","","","",""
"100002125","3","100002126","2","","","","","","","","PokedeChange","","","1","1","","","","","1","91232699","90068073","700","700","","","","","","","","","","","","","","","","","","","","","1","","","","","","","","","","","","","","",""
"100002126","3","0","1","","","","","","","","ResolveJingPo","","","1","0","","","","","1","91232699","90068074","700","700","","","","","","","","","","","","","","","","","","","","","0","","","","","","","","","","","","","","",""
"100002127","3","100002128","2","","","","","","","","Button_Oracle","","","1","1","","","","","1","91232699","90068075","","","","","","","","","","","","","","","","","","","","","","","0","","","","","","","","","","","","","","",""
"100002128","3","100002129","2","","","","","","","","PokedexJiHuo","","","1","1","","","","","1","91232699","90068076","","","","","","","","","","","","","","","","","","","","","","","0","","","","","","","","","","","","","","",""
"100002129","3","100002130","1","","","","","","","","PokedLevelup","","","1","0","","","","","1","91232699","90068077","","","","","","","","","","","","","","","","","","","","","","","0","","","","","","","","","","","","","","",""
"100002130","3","100002131","1","","","","","","","","ResolveSuiPian","","","1","0","","","","","1","91232699","90068078","","","","","","","","","","","","","","","","","","","","","","","0","","","","","","","","","","","","","","",""
"100002131","3","100002132","2","","","","","","","","Button_GongMing","","","1","1","","","","","1","91232699","90068079","","","","","","","","","","","","","","","","","","","","","","","0","","","","","","","","","","","","","","",""
"100002132","3","0","1","","","","","","","","","","","1","0","","","","","1","91232699","90068080","","","","","","","","","","","","","","","","","","","","0","","","0","","","","","","","","","","","","","","",""
"100002140","2","100002141","0","2","","","","","","","","","","0","0","0","0","0","0","0","","0","0","0","","90068081","90068082","91232412","","1","FuncGet_Head","","","","(""MPWidgetSpiritButtonPanel"")","0","1","1","0","","1","","","","0","","","","","","","","","","","","","","",""
"100002141","2","0","3","","","","","","","","","","","0","0","0","0","0","0","0","","0","0","0","","","90068082","91232412","","1","FuncFly_Head","2","","","(""MPWidgetSpiritButtonPanel"")","0","1","1","0","","","","","","0","","","","","","","","","","","","","","",""
"100002150","2","100002151","0","2","","","","","","","","","","0","0","0","0","0","0","0","91232699","0","0","0","","90068087","90068088","91232408","","1","FuncGet_Head","","","","(""MPWidgetUpgradeEquipButtonPanel"")","0","1","1","0","","1","","","","0","","","","","","","","","","","","","","",""
"100002151","2","100002153","3","","","","","","","","","","","0","0","0","0","0","0","0","91232699","0","0","0","","","90068088","91232408","","1","FuncFly_Head","2","","","(""MPWidgetUpgradeEquipButtonPanel"")","0","1","1","0","","","","","","0","","","","","","","","1","","","","","","",""
"100002152","3","100002153","2","","","","","","","","ShowOperateWidgetBtn","","","1","1","0","0","0","0","0","91232699","0","0","0","","","","0","","","","","","","","1","1","0","0","","","","","","0","","","","","","","","","","","","","","",""
"100002153","3","100002154","2","","","","","","","","OpenItemUpgradeWidgetBtn","","","1","1","0","0","0","0","1","91232699","90068089","1100","700","","","","0","","","","","","","","1","1","0","0","","","","","","0","","","","","","","","","","","","","","",""
"100002154","3","100002155","2","","","","","","","","SwitchToItemExcellentWidgetBtn","","","1","1","0","0","0","0","1","91232699","90068090","500","700","","","","0","","","","","","","","1","1","0","0","","","","","","1","","","","","","","","","","","","","","",""
"100002155","3","0","1","","","","","","","","","","","0","0","0","0","0","0","1","91232699","90068091","500","550","","","","0","","","","","","","","1","1","0","0","","","0","","","0","","","","","","","","","","","","","","",""
"100002160","2","100002161","0","2","","","","","","","","","","0","0","0","0","0","0","0","91232699","0","0","0","","90068099","90068100","91200504","","1","FuncGet_Head","","","","(""MPWidgetUpgradeEquipButtonPanel"")","0","1","1","0","","1","","","","0","","","","","","","","","","","","","","",""
"100002161","2","100002163","3","","","","","","","","","","","0","0","0","0","0","0","0","91232699","0","0","0","","","90068100","91200504","","1","FuncFly_Head","2","","","(""MPWidgetUpgradeEquipButtonPanel"")","0","1","1","0","","","","","","0","","","","","","","","1","","","","","","",""
"100002162","3","100002163","2","","","","","","","","ShowOperateWidgetBtn","","","1","1","0","0","0","0","0","91232699","0","0","0","","","","0","","","","","","","","1","1","0","0","","","","","","0","","","","","","","","","","","","","","",""
"100002163","3","100002164","2","","","","","","","","OpenItemUpgradeWidgetBtn","","","1","1","0","0","0","0","1","91232699","90068101","1100","700","","","","0","","","","","","","","1","1","0","0","","","","","","0","","","","","","","","","","","","","","",""
"100002164","3","100002165","2","","","","","","","","FuMoWidgetBtn","","","1","1","0","0","0","0","1","91232699","90068102","500","700","","","","0","","","","","","","","1","1","0","0","","","","","","1","","","","","","","","","","","","","","",""
"100002165","3","0","1","","","","","","","","","","","0","0","0","0","0","0","1","91232699","90068103","500","550","","","","0","","","","","","","","1","1","0","0","","","0","","","0","","","","","","","","","","","","","","",""
"100002170","2","100002171","0","2","","","","","","","","","","0","0","0","0","0","0","0","91232699","0","0","0","","90068104","90068105","91200505","","1","FuncGet_Head","","","","(""MPWidgetAchievementButtonPanel"")","1","1","1","0","","1","","","","0","","","","","","","","","","","","","","",""
"100002171","2","100002173","3","","","","","","","","","","","0","0","0","0","0","0","0","91232699","0","0","0","","","90068105","91200505","","1","FuncFly_Head","2","","","(""MPWidgetAchievementButtonPanel"")","1","1","1","0","","","","","","0","","","","","","","","1","","","","","","",""
"100002172","3","100002173","2","","","","","","","","ShowOperateWidgetBtn","","","1","1","0","0","0","0","0","91232699","0","0","0","","","","0","","","","","","","","1","1","0","0","","","","","","0","","","","","","","","","","","","","","",""
"100002173","3","100002174","2","","","","","","","","Button_BGNature","","","1","1","","","","","1","91232699","90068106","1100","700","","","","","","","","","","","","0","1","0","0","","","","","","1","","","","","","","","","","","","","","",""
"100002174","3","100002175","2","","","","","","","","SkyEquipButton","","","1","1","0","0","0","0","0","91232699","90068107","500","700","","","","0","","","","","","","","1","1","0","0","","","","","","1","","","","","","","","","","","","","","",""
"100002175","3","0","1","","","","","","","","SkyEquipRecoveryBtn","","","1","0","0","0","0","0","1","91232699","90068108","500","700","","","","0","","","","","","","","1","1","0","0","","","0","","","0","","","","","","","","","","","","","","",""
"100002180","2","100002181","0","2","","","","","","","","","","0","0","0","0","0","0","0","91232699","0","0","0","","90068119","90068120","91290475","","1","FuncGet_Head","","","","(""MPWidgetAchievementButtonPanel"")","0","1","1","0","","1","","","","0","","","","","","","","","","","","","","",""
"100002181","2","100002183","3","","","","","","","","","","","0","0","0","0","0","0","0","91232699","0","0","0","","","90068120","91290475","","1","FuncFly_Head","2","","","(""MPWidgetAchievementButtonPanel"")","0","1","1","0","","","","","","0","","","","","","","","1","","","","","","",""
"100002182","3","100002183","2","","","","","","","","ShowOperateWidgetBtn","","","1","1","0","0","0","0","0","91232699","0","0","0","","","","0","","","","","","","","1","1","0","0","","","","","","0","","","","","","","","","","","","","","",""
"100002183","3","100002184","2","","","","","","","","DeityButton","","","1","1","0","0","0","0","1","91232699","90068121","1100","300","","","","","","","","","","","","1","1","0","0","","","","","","1","","","","","","","","","","","","","","",""
"100002184","3","100002185","1","","","","","","","","","","","1","0","0","0","0","0","1","91232699","90068122","500","700","","","","","","","","","","","","1","1","0","0","","","","","","0","","","","","","","","","","","","","","",""
"100002185","3","100002186","2","","","","","","","","CooperateXiePanel","","","1","1","0","0","0","0","1","91232699","90068123","500","700","","","","","","","","","","","","1","1","0","0","","","","","","0","","","","","","","","","","","","","","",""
"100002186","3","0","1","","","","","","","","","","","1","0","0","0","0","0","1","91232699","90068124","700","700","","","","","","","","","","","","1","1","0","0","","","0","","","0","","","","","","","","","","","","","","",""
"100002190","2","100002191","0","2","","","","","","","","","","0","0","0","0","0","0","0","91232699","0","0","0","","90068113","90068114","91232465","","1","FuncGet_Head","","","","","0","0","1","0","","1","","","","0","","","","","","","","","","","","","","",""
"100002191","2","100002193","3","","","","","","","","","","","0","0","0","0","0","0","0","91232699","0","0","0","","","90068114","91232465","","1","FuncFly_Head","2","","","","0","0","1","0","","","","","","0","","","","","","","","1","","","","","","",""
"100002192","3","100002193","2","","","","","","","","ShowOperateWidgetBtn","","","1","1","0","0","0","0","0","91232699","0","0","0","","","","0","","","","","","","","1","1","0","0","","","","","","0","","","","","","","","","","","","","","",""
"100002193","3","100002194","2","","","","","","","","WingFeatherButton","","","1","1","0","0","0","0","1","91232699","90068115","1100","400","","","","0","","","","","","","","1","1","0","0","","","","","","1","","","","","","","","","","","","","","",""
"100002194","3","100002195","2","","","","","","","","DiaoWenWFeatherPanel","","","1","1","0","0","0","0","1","91232699","90068116","500","700","","","","","","","","","","","","1","1","0","0","","","","","","0","","","","","","","","","","","","","","",""
"100002195","3","100002196","1","","","","","","","","FeatherHeartFu","","","1","0","0","0","0","0","1","91232699","90068117","500","700","","","","0","","","","","","","","1","1","0","0","","","","","","0","","","","","","","","","","","","","","",""
"100002196","3","0","1","","","","","","","","FeatherHeartZhu","","","1","0","0","0","0","0","1","91232699","90068118","500","700","","","","","","","","","","","","1","1","0","0","","","0","","","0","","","","","","","","","","","","","","",""
"100002200","2","100002201","0","2","","","","","","","","","","0","0","0","0","0","0","0","91232699","0","0","0","","90068125","90068126","91200506","","1","FuncGet_Head","","","","(""MPWidgetUpgradeEquipButtonPanel"")","0","1","1","0","","1","","","","0","","","","","","","","","","","","","","",""
"100002201","2","100002203","3","","","","","","","","","","","0","0","0","0","0","0","0","91232699","0","0","0","","","90068126","91200506","","1","FuncFly_Head","2","","","(""MPWidgetUpgradeEquipButtonPanel"")","0","1","1","0","","","","","","0","","","","","","","","1","","","","","","",""
"100002202","3","100002203","2","","","","","","","","ShowOperateWidgetBtn","","","1","1","0","0","0","0","0","91232699","0","0","0","","","","0","","","","","","","","1","1","0","0","","","","","","0","","","","","","","","","","","","","","",""
"100002203","3","100002204","2","","","","","","","","OpenItemUpgradeWidgetBtn","","","1","1","0","0","0","0","1","91232699","90068127","1100","700","","","","0","","","","","","","","1","1","0","0","","","","","","0","","","","","","","","","","","","","","",""
"100002204","3","100002205","2","","","","","","","","AwakenWidgetBtn","","","1","1","0","0","0","0","1","91232699","90068128","500","700","","","","0","","","","","","","","1","1","0","0","","","","","","1","","","","","","","","","","","","","","",""
"100002205","3","0","1","","","","","","","","","","","0","0","0","0","0","0","1","91232699","90068129","500","550","","","","0","","","","","","","","1","1","0","0","","","0","","","0","","","","","","","","","","","","","","",""
"100002210","3","100002211","1","","","","","","","","HelpRewardBtn","","","1","1","0","0","0","0","0","","","","","","","","","","","","","","","","1","","","","","","","","","","","","","","","","","","","","","","","",""
"100002211","3","0","2","","","","","","","","HelpBtn","","","1","1","0","0","0","0","0","","","","","","","","","","","","","","","","1","","","","","","","","","","","","","","","","","","","","","(1)","","",""
"100002212","3","0","2","","","","","","","","HelpOther","","","1","1","0","0","0","0","0","","","","","","","","","","","","","","","","1","","","","","","","","","","","","","","","","","","","","","","","",""
"100002213","3","0","1","","","","","","","","MyHelpInfoWidgetTag","","","1","1","0","0","0","0","0","","","","","","","","","","","","","","","","1","","","","","","","","","","","","","","","","","","","","","","","",""
"100002220","2","100002221","0","2","","","","","","","","","","","","","","","","","","","","","","90067968","90067967","91231013","","1","FuncGet_Head","","","","","1","1","1","0","","1","","","","","","","91925250","1","","","","","","","","","","",""
"100002221","2","0","3","","","","","","","","","","","","","","","","","","","","","","","","90069850","91231013","","1","FuncFly_TakeMoney","","","","","1","1","1","0","","","","","","","","","","","","","","","","","","","","",""
"100002222","3","100002223","2","","","","","","","","ActivityPushButton","","","1","1","0","0","0","0","0","91232699","","","","","","","","","","","","","","","1","1","0","0","","","","","","0","","","","","","","","","","","","","","",""
"100002223","3","100002225","2","","","","","","","","OpenBossHomeWidgetBtn","","","1","1","0","0","0","0","1","91232699","90069834","1100","350","","","","","","","","","","","","1","1","0","0","","","","","","0","","","91925000","","","","","","","","","","","",""
"100002224","3","100002225","2","","","","","","","","OpenBossWidgetBtn","","","1","1","0","0","0","0","0","91232699","90067983","","","","","","","","","","","","","","1","1","0","0","","","","","","0","","","","","","","","","","","","","","",""
"100002225","3","100002226","1","","","","","","","","BossBtnIndex1","","","1","1","0","0","0","0","0","91232699","90067985","","","","","","","","","","","","","","1","1","0","0","","","","","","1","","","","","","","","","","","","","","",""
"100002226","3","0","2","","","","","","","","GoToBtn","","","1","1","0","0","0","0","0","91232699","90067986","","","","","","","","","","","","","","1","1","0","0","","","0","","","0","","","","","","","","","","","","","","",""
"100002230","3","100002231","2","","","","","","","","ActivityPushButton","","","1","1","0","0","0","0","0","91232699","0","0","0","","","","0","","","","","","","","0","1","0","0","","1","","","","0","","","","","","","","","","","","","","",""
"100002231","3","100002232","2","","","","","","","","OpenArenaWidgetBtn","","","1","1","0","0","0","0","1","91232699","90069284","900","400","","","","0","","","","","","","","1","1","0","0","","1","","","","0","","","91925309","","","","","","","","","","","",""
"100002232","3","0","1","","","","","","","","ArenaRankUp","","","1","1","0","0","0","0","1","91232699","90068000","900","400","","","","0","","","","","","","","1","1","0","0","","1","","","","1","","","","","","","","","","","","","","",""
"100002263","2","100002264","0","2","","","","","","","","","","0","0","0","0","0","0","0","91232699","0","0","0","","90069528","90069129","91232455","","1","FuncGet_Head","","","","(""MPWidgetSpiritButtonPanel"")","0","1","1","0","","1","","","","0","","","","","","","","","","","","","","",""
"100002264","2","100002266","3","","","","","","","","","","","0","0","0","0","0","0","0","91232699","0","0","0","","","90069129","91232455","","1","FuncFly_Head","2","","","(""MPWidgetSpiritButtonPanel"")","0","1","1","0","","","","","","0","","","","","","","","1","","","","","","",""
"100002265","3","100002266","2","","","","","","","","ShowOperateWidgetBtn","","","0","1","0","0","0","0","1","91232699","90069292","900","400","","0","0","0","0","0","","","","","","0","1","0","0","","","","","","0","","","91925306","","","","","","","","","","","",""
"100002266","3","100002267","2","","","","","","","","OpenSpiritWidgetBtn","","","0","1","0","0","0","0","0","91232699","0","0","0","","0","0","0","0","0","","","","","","1","1","0","0","","1","0","","","0","","","","","","","","","","","","","","",""
"100002267","3","100002268","2","","","","","","","","NewGuide_Spiriet_Bag01","","","1","1","0","0","0","0","1","91232699","90069293","700","700","","0","0","0","0","0","","","","","","1","1","0","0","","","","","","1","","","91925307","","","","","","","","","","","",""
"100002268","3","100002269","2","","","","","","","","EquipSpiritBtn","","","1","1","0","0","0","1","1","91232699","90069294","700","700","","0","0","0","0","0","","","","","","1","1","0","0","","","0","","","1","","","91925308","","","","","","","","","","","",""
"100002269","3","0","2","","","","","","","","UpgradeBtn","","","1","1","0","0","0","0","1","91232699","90067982","500","550","","","","","","","","","","","","1","1","0","0","","1","0","","","1","","","","","","","","","","","","","","",""
"100002270","3","100002272","2","","","","","","","","OpenBossHomeWidgetBtn","","","1","1","0","0","0","0","1","91232699","90069834","1100","350","","","","","","","","","","","","1","1","0","0","","","","","","0","","","91925000","","","","","","","","","","","",""
"100002271","3","100002272","2","","","","","","","","OpenDailyActivityWidgetBtn","","","1","1","0","0","0","0","0","91232699","90067984","","","","","","","","","","","","","","1","1","0","0","","","","","","0","","","","","","","","","","","","","","",""
"100002272","3","100002273","1","","","","","","","","BossBtnIndex1","","","1","1","0","0","0","0","0","91232699","90067985","","","","","","","","","","","","","","1","1","0","0","","","","","","1","","","","","","","","","","","","","","",""
"100002273","3","0","2","","","","","","","","GoToBtn","","","1","1","0","0","0","0","0","91232699","90067986","","","","","","","","","","","","","","1","1","0","0","","","0","","","0","","","","","","","","","","","","","","",""
"100002275","3","100002276","2","","","","","","","","ShowOperateWidgetBtn","","","0","1","0","0","0","0","1","91232699","90069292","900","400","","0","0","0","0","0","","","","","","0","1","0","0","","1","0","","","0","","","91925306","","","","","","","","","","","",""
"100002276","3","100002277","2","","","","","","","","OpenSpiritWidgetBtn","","","0","1","0","0","0","0","0","91232699","0","0","0","","0","0","0","0","0","","","","","","1","1","0","0","","1","0","","","0","","","","","","","","","","","","","","",""
"100002277","3","100002278","2","","","","","","","","ChooseItem","","","1","1","0","0","0","0","1","91232699","90067981","500","700","","","","","","","","","","","","1","1","0","0","","1","0","","","0","","","","","","","","","","","","","","",""
"100002278","3","0","2","","","","","","","","UpgradeBtn","","","1","1","0","0","0","0","1","91232699","90067982","500","550","","","","","","","","","","","","1","1","0","0","","1","0","","","1","","","","","","","","","","","","","","",""
"100100002","4","0","3","","","","","","","","","","","0","0","0","0","0","0","0","91232699","0","0","0","","","","0","","","","","DongHua_JuQing11_WangChengHangPai","(71330,65860,4360)","","0","1","0","0","","1","1","","","1","","","","","","","","","","","","","","",""
"100100003","0","100100030","0","0.3","","","","","","","","","","0","0","0","0","0","0","0","","0","0","0","","","","0","","","","","","","","0","","0","0","","1","","","","1","","0.3","","","","","","","","","","","","",""
"100100004","4","0","3","","","","","","","","","","","0","0","0","0","0","0","0","91232699","0","0","0","","","","0","","","","","DongHua_ZhangJie1_6","(21680,58370,338)","","0","1","0","0","","1","0","","","1","","","","","","","","","","","","","","",""
"100100005","4","0","3","","","","","","","","","","","0","0","0","0","0","0","0","91232699","0","0","0","","","","0","","","","","DongHua_JuQing14_XingCunZhe","(12540,101290,170)","","0","1","0","0","","1","1","","","1","","","","","","","","","","","","","","",""
"100100006","4","0","3","","","","","","","","","","","0","0","0","0","0","0","0","91232699","0","0","0","","","","0","","","","","DongHua_JuQing15_TianJiangYanHuang","(15600,138830,1590)","","0","1","0","0","","1","1","","","1","","","","","","","","","","","","","","",""
"100100007","4","0","3","","","","","","","","","","","0","0","0","0","0","0","0","91232699","0","0","0","","","","0","","","","","DongHua_JuQing16_ShenFaZhiDi","(58860,168190,1530)","","0","1","0","0","","1","1","","","1","","","","","","","","","","","","","","",""
"100100008","4","0","3","","","","","","","","","","","0","0","0","0","0","0","0","91232699","0","0","0","","","","0","","","","","DongHua_JuQing17_ChuanHuan","(80790,134340,670)","","0","1","0","0","","1","1","","","1","","","","","","","","","","","","","","",""
"100100009","4","0","3","","","","","","","","","","","0","0","0","0","0","0","0","91232699","0","0","0","","","","0","","","","","DongHua_JuQing18_WangChengJiDou","(71620,62930,4360)","","0","1","0","0","","1","1","","","1","","","","","","","","","","","","","","",""
"100100010","4","0","3","","","","","","","","","","","0","0","0","0","0","0","0","91232699","0","0","0","","","","0","","","","","DongHua_JuQing19_WangChengJiDou2","(71350,63520,4360)","","0","1","0","0","","1","1","","","1","","","","","","","","","","","","","","",""
"100100011","4","0","3","","","","","","","","","","","0","0","0","0","0","0","0","91232699","0","0","0","","","","0","","","","","DongHua_JuQing20_WangChengJiDou3","(71350,63520,4360)","","0","1","0","0","","1","1","","","1","","","","","","","","","","","","","","",""
"100100012","4","0","3","","","","","","","","","","","0","0","0","0","0","0","0","91232699","0","0","0","","","","0","","","","","DongHua_JuQing21_ZhiMianYanLong","(63570,210770,6890)","","0","1","0","0","","1","1","","","1","","","","","","","","","","","","","","",""
"100100013","4","0","3","","","","","","","","","","","0","0","0","0","0","0","0","91232699","0","0","0","","","","0","","","","","DongHua_JuQing22_ZuoZhanQieYi","(-77470,297940,22100)","","0","1","0","0","","1","1","","","1","","","","","","","","","","","","","","",""
"100100014","4","0","3","","","","","","","","","","","0","0","0","0","0","0","0","91232699","0","0","0","","","","0","","","","","DongHua_JuQing23_NaJiaNvWang","(157820,139040,1690)","","0","1","0","0","","1","1","","","1","","","","","","","","","","","","","","",""
"100100015","4","0","3","","","","","","","","","","","0","0","0","0","0","0","0","91232699","0","0","0","","","","0","","","","","DongHua_JuQing24_BianJie","(210300,124240,3020)","","0","1","0","0","","1","1","","","1","","","","","","","","","","","","","","",""
"100100016","4","0","3","","","","","","","","","","","0","0","0","0","0","0","0","91232699","0","0","0","","","","0","","","","","DongHua_JuQing25_YiLiaoZuoYe","(129320,75240,930)","","0","1","0","0","","1","1","","","1","","","","","","","","","","","","","","",""
"100100017","4","0","3","","","","","","","","","","","0","0","0","0","0","0","0","91232699","0","0","0","","","","0","","","","","DongHua_JuQing26_BingQi","(167730,86130,3600)","","0","1","0","0","","1","1","","","1","","","","","","","","","","","","","","",""
"100100019","4","0","3","","","","","","","","","","","0","0","0","0","0","0","0","91232699","0","0","0","","","","0","","","","","DongHua_XinYang","(13879,112770,30707)","","0","1","0","0","","1","1","","","1","","","","","","","","","","","","","","",""
"100100021","4","0","3","","","","","","","","","","","0","0","0","0","0","0","0","91232699","0","0","0","","","","0","","","","","DongHua_FuWen","(70940,252640,21000)","","0","1","0","0","","1","1","","","1","","","","","","","","","","","","","","",""
"100100022","4","0","3","","","","","","","","","","","0","0","0","0","0","0","0","91232699","0","0","0","","","","0","","","","","DongHua_ChiBang","(16750,20160,3140)","","0","1","0","0","","1","1","","","1","","","","","","","","","","","","","","",""
"100100023","4","0","3","","","","","","","","","","","0","0","0","0","0","0","0","91232699","0","0","0","GradeUp","","","0","","","","","DongHua_ZhuanSheng","(71350,63520,4360)","","0","1","0","0","","1","1","","","1","","","","","","","","","","","","","","",""
"100100024","4","0","3","","","","","","","","","","","0","0","0","0","0","0","0","91232699","0","0","0","","","","0","","","","","DongHua_HuoDeWuQi","(21184,31352,2178)","","0","1","0","0","","1","0","","","1","","","","","","","","","","","","","","",""
"100100025","4","0","3","","","","","","","","","","","0","0","0","0","0","0","0","91232699","0","0","0","","","","0","","","","","Level_Demonstration","(19313,26707,2244)","","0","1","0","0","","1","1","","","1","","","","","","","","","","","","","","",""
"100100026","0","100100029","0","0.3","","","","","","","","","","0","0","0","0","0","0","0","0","0","0","0","","","","0","","","","","","","","0","1","0","0","","1","","","","","","0.3","","","","","","","","","","","","",""
"100100027","4","0","3","","","","","","","","","","","0","0","0","0","0","0","0","91232699","0","0","0","","","","0","","","","","DongHua_BossBorn2","(19363,55701,850)","","0","1","0","0","","1","1","","","1","","","","","","","","","","","","","","",""
"100100028","4","0","3","","","","","","","","","","","0","0","0","0","0","0","0","91232699","0","0","0","","","","0","","","","","DongHua_BossBorn3","(60543,62795,2956)","","0","1","0","0","","1","1","","","1","","","","","","","","","","","","","","",""
"100100029","4","0","3","","","","","","","","","","","0","0","0","0","0","0","0","91232699","0","0","0","","","","0","","","","","DongHua_BossBorn1","(20455,53072,338)","","0","1","0","0","","1","1","","","1","","","","","","","","","","","","","","",""
"100100030","4","0","3","","","","","","","","","","","0","0","0","0","0","0","0","91232699","0","0","0","","","","0","","","","","DongHua_ZhangJie1_5","(22344,58668,453)","","0","1","0","0","","1","1","","","1","","","","","","","","","","","","","","",""
"100100059","4","0","3","","","","","","","","","","","0","0","0","0","0","0","0","91232699","0","0","0","","","","0","","","","","DongHua_JuQing27_MiTan","(71672,66274,4459)","","0","1","0","0","","1","1","","","1","","","","","","","","","","","","","","",""
"100100060","4","0","3","","","","","","","","","","","0","0","0","0","0","0","0","91232699","0","0","0","","","","0","","","","","DongHua_JuQing28_XinZang","(98010,44440,1480)","","0","1","0","0","","1","1","","","1","","","","","","","","","","","","","","",""
"100100061","4","0","3","","","","","","","","","","","0","0","0","0","0","0","0","91232699","0","0","0","","","","0","","","","","DongHua_JuQing29_QiZi","(192513,28787,3260)","","0","1","0","0","","1","1","","","1","","","","","","","","","","","","","","",""
"100100062","4","0","3","","","","","","","","","","","0","0","0","0","0","0","0","91232699","0","0","0","","","","0","","","","","DongHua_JuQing30_WaiLaiZhe","(67660,67782,4490)","","0","1","0","0","","1","1","","","1","","","","","","","","","","","","","","",""
"100100063","2","100100064","0","2","","","","","","","","","","","","","","","","","","","","","","90096693","90096705","91231357","","1","FuncGet_Head","","","","","0","1","1","0","","1","1","","","","","","","","","","","","","","","","","",""
"100100064","2","0","3","","","","","","","","","","","","","","","","","","","","","","","","90096705","91231357","","1","FuncFly_Head","2","","","","0","1","1","0","","1","1","","","","","","","","","","","","","","","","","",""
"100100065","2","100100066","0","2","","","","","","","","","","","","","","","","","","","","","","90096694","90096706","91231358","","1","FuncGet_Head","","","","","0","1","1","0","","1","1","","","","","","","","","","","","","","","","","",""
"100100066","2","0","3","","","","","","","","","","","","","","","","","","","","","","","","90096706","91231358","","1","FuncFly_Head","2","","","","0","1","1","0","","1","1","","","","","","","","","","","","","","","","","",""
"100100067","2","100100068","0","2","","","","","","","","","","","","","","","","","","","","","","90096695","90096707","91231359","","1","FuncGet_Head","","","","","0","1","1","0","","1","1","","","","","","","","","","","","","","","","","",""
"100100068","2","0","3","","","","","","","","","","","","","","","","","","","","","","","","90096707","91231359","","1","FuncFly_Head","2","","","","0","1","1","0","","1","1","","","","","","","","","","","","","","","","","",""
"100100069","2","100100070","0","2","","","","","","","","","","","","","","","","","","","","","","90096696","90096708","91231360","","1","FuncGet_Head","","","","","0","1","1","0","","1","1","","","","","","","","","","","","","","","","","",""
"100100070","2","0","3","","","","","","","","","","","","","","","","","","","","","","","","90096708","91231360","","1","FuncFly_Head","2","","","","0","1","1","0","","1","1","","","","","","","","","","","","","","","","","",""
"100100071","2","100100072","0","2","","","","","","","","","","","","","","","","","","","","","","90096697","90096709","91231361","","1","FuncGet_Head","","","","","0","1","1","0","","1","1","","","","","","","","","","","","","","","","","",""
"100100072","2","0","3","","","","","","","","","","","","","","","","","","","","","","","","90096709","91231361","","1","FuncFly_Head","2","","","","0","1","1","0","","1","1","","","","","","","","","","","","","","","","","",""
"100100073","2","100100074","0","2","","","","","","","","","","","","","","","","","","","","","","90096698","90096710","91231362","","1","FuncGet_Head","","","","","0","1","1","0","","1","1","","","","","","","","","","","","","","","","","",""
"100100074","2","0","3","","","","","","","","","","","","","","","","","","","","","","","","90096710","91231362","","1","FuncFly_Head","2","","","","0","1","1","0","","1","1","","","","","","","","","","","","","","","","","",""
"100100079","4","0","3","","","","","","","","","","","0","0","0","0","0","0","0","91232699","0","0","0","","","","0","","","","","Level_Demonstration","(58406,19826,2493)","","0","1","0","0","","1","1","","","1","","","","","","","","","","","","","","",""
"100100080","4","0","3","","","","","","","","","","","0","0","0","0","0","0","0","91232699","0","0","0","","","","0","","","","","DongHua_JuQing32_HunLuanLingYu","(66323,71459,16798)","","0","1","0","0","","1","1","","","1","","","","","","","","","","","","","","",""
"100100081","4","0","3","","","","","","","","","","","0","0","0","0","0","0","0","91232699","0","0","0","","","","0","","","","","DongHua_JuQing33_LieChongRen","(66608,71245,16764)","","0","1","0","0","","1","1","","","1","","","","","","","","","","","","","","",""
"100100082","2","100100083","0","2","","","","","","","","","","","","","","","","","","","","","","90096914","90096922","91290682","","1","FuncGet_Head","","","","","0","1","1","0","","1","1","","","","","","","","","","","","","","","","","",""
"100100083","2","0","3","","","","","","","","","","","","","","","","","","","","","","","","90096922","91290682","","1","FuncFly_Head","2","","","","0","1","1","0","","1","1","","","","","","","","","","","","","","","","","",""
"100100084","2","100100085","0","2","","","","","","","","","","","","","","","","","","","","","","90096915","90096923","91290683","","1","FuncGet_Head","","","","","0","1","1","0","","1","1","","","","","","","","","","","","","","","","","",""
"100100085","2","0","3","","","","","","","","","","","","","","","","","","","","","","","","90096923","91290683","","1","FuncFly_Head","2","","","","0","1","1","0","","1","1","","","","","","","","","","","","","","","","","",""
"100100086","4","0","3","","","","","","","","","","","0","0","0","0","0","0","0","91232699","0","0","0","","","","0","","","","","DongHua_JuQing31_ChuanSong_2","(44054,17429,2326)","","0","1","0","0","","1","1","","","0","","","","","","","","","","","","","","",""
"100100087","4","0","3","","","","","","","","","","","0","0","0","0","0","0","0","91232699","0","0","0","","","","0","","","","","DongHua_DuoYuanYuZhou_XinHuoZhong","(-21724,28081,14013)","","0","1","0","0","","1","1","","","1","","","","","","","","","","","","","","",""
"100100088","4","0","3","","","","","","","","","","","0","0","0","0","0","0","0","91232699","0","0","0","","","","0","","","","","DongHua_DuoYuanYuZhou_XinHuoZhong","(-21724,28081,14013)","","0","1","0","0","","1","1","","","1","","","","","","","","","","","","","","",""
"100100089","4","0","3","","","","","","","","","","","0","0","0","0","0","0","0","91232699","0","0","0","","","","0","","","","","DongHua_DuoYuanYuZhou_XinHuoZhong","(-21724,28081,14013)","","0","1","0","0","","1","1","","","1","","","","","","","","","","","","","","",""
"100100090","4","0","3","","","","","","","","","","","0","0","0","0","0","0","0","91232699","0","0","0","","","","0","","","","","DongHua_DuoYuanYuZhou_XinHuoZhong","(-21724,28081,14013)","","0","1","0","0","","1","1","","","1","","","","","","","","","","","","","","",""
"100100100","0","100100101","0","0.5","","","","","","","","","","","","","","","","","","","","","","","","","","","","","","","","0","1","1","0","1","1","","","","","","2","","","","","","","(21978,47283,351)","","","","","",""
"100100101","3","100100102","2","","","","","","","","MountSprintTag","","","1","1","0","0","0","0","1","91232699","90068131","800","900","","","","","","","","","","","","0","1","0","0","1","","","","","","","","","","","","","","","","","","","",""
"100100102","0","0","1","1","","","","","","","","","","0","0","0","0","0","0","0","","0","0","0","","","","","","","","","","","","0","0","0","0","","","","","","","","","","","","","","","","","","","","",""
"100100110","2","100100111","0","2","","","","","","","","","","0","0","0","0","0","0","0","91232699","0","0","0","","90069549","90069862","91232469","","1","FuncGet_Head","","","","","1","1","1","0","","1","","","","0","","","91925279","1","","","","","","","","","","",""
"100100111","2","100100112","3","","","","","","","","","","","0","0","0","0","0","0","0","91232699","0","0","0","","","90069862","91232469","","1","FuncFly_FuBen","","","","","1","1","1","0","","","","","","0","","","","","","","","","","","","","","",""
"100100112","3","100100113","2","","","","","","","","OpenMustDoWidgetBtn","","","1","1","0","0","0","0","1","91232699","90067173","500","700","","","","","","","","","","","","1","1","0","0","","","","","","0","","","91925321","","","","","","","","","","","",""
"100100113","3","100100115","2","","","","","","","","MustDoLineGotoButton0","","","1","1","0","0","0","0","1","91232699","90067163","1100","500","","","","","","","","","","","","1","1","0","0","","","","","11","1","","","","","","","","","","","","","","",""
"100100114","3","100100115","1","","","","","","","","ExpActivityPanel","","1","1","0","0","0","0","0","1","91232699","90067189","700","500","","","","","","","","","","","","1","1","0","0","","","","","8","0","","","","","","","","","","","","","","",""
"100100115","3","0","2","","","","","","","","TeamPlatformButton7","","","1","1","0","0","0","0","1","91232699","90069261","500","700","","","","","","","","","","","","1","1","0","0","","","0","","","0","","","91925279","1","","","","","","","","","","",""
"100100120","5","0","0","","","","","","","","","","","","","","","","","","","","","","","","","","","","","","","","","","","","","","","","","","","","","","","","","","","","","","","","FirstRecharge",""
"100100150","3","100100151","2","","","","","","","","GradeUpMissionBtn","","","1","1","0","0","0","0","1","91232699","90067969","1000","500","","","","","","","","","","","","1","1","0","0","","","","","","","","","","","","","","","","","","","","",""
"100100151","3","100100152","2","","","","","","","","MissionFireBtn","","","1","1","0","0","0","0","1","91232699","90067970","1000","400","","","","","","","","","","","","1","1","0","0","","","","","","","","","","","","","","","","","","","","",""
"100100152","3","0","2","","","","","","","","GradeBreakBtn","","","1","1","0","0","0","0","1","91232699","90067971","700","700","","","","","","","","","","","","1","1","0","0","","","","","","","","","","","","","","","","","","","","",""
"100100160","3","0","2","","","","","","","","Mission15030450","","","1","1","0","0","0","0","1","91232699","90067176","1000","500","","","","","","","","","","","","1","1","0","0","","1","0","","","1","","","","","","","","","","","","","","",""
"100100170","2","100100171","0","2","","","","","","","","","","","","","","","","","91232699","","","","","90069008","90069009","91291049","","1","FuncGet_Head","","","","","0","1","1","0","","1","","","","0","","","","","","","","","","","","","","",""
"100100171","2","100100172","3","","","","","","","","","","","","","","","","","","91232699","","","","","","90069009","91291049","","1","FuncFly_Head","2","","","","0","1","1","0","","","","","","0","","","","","","","","1","","","","","","",""
"100100172","3","100100173","2","","","","","","","","OpenMountWidgetBtn","","","1","1","0","0","0","0","1","91232699","90069010","1200","800","","","","","","","","","","","","1","1","0","0","","","","","1","0","","","","","","","","","","","","","","",""
"100100173","3","100100174","2","","","","","","","","MountEquipBtn","","","1","1","0","0","0","0","1","91232699","90069011","500","400","","","","","","","","","","","","1","1","0","0","","","","","","1","","","","","","","","","","","","","","",""
"100100174","3","100100175","1","","","","","","","","MountEquipBtn1","","","1","1","0","0","0","0","1","91232699","90069012","500","600","","","","","","","","","","","","1","1","0","0","","","","","","0","","","","","","","","","","","","","","",""
"100100175","3","0","2","","","","","","","","GetMountEquipBtn","","","1","0","0","0","0","0","1","91232699","90069013","500","600","","","","","","","","","","","","1","1","0","0","","","0","","","0","","","","","","","","","","","","","","",""
"100100180","2","100100181","0","2","","","","","","","","","","","","","","","","","91232699","","","","","90069608","90069114","91231342","","1","FuncGet_Head","","","","","1","1","1","0","","1","","","","0","","","","","","","","","","","","","","",""
"100100181","2","0","3","","","","","","","","","","","","","","","","","","91232699","","","","","","90069114","91231342","","1","FuncFly_XianShiHuoDong","","","","","1","1","1","0","","","0","","","1","","","","","","","","","","","","","","",""
"100100190","2","100100191","0","2","","","","","","","","","","","","","","","","","91232699","","","","","90067965","90067966","91231013","","1","FuncGet_Head","","","","","1","1","1","0","","1","","","","0","","","","","","","","","","","","","","",""
"100100191","2","0","3","","","","","","","","","","","","","","","","","","91232699","","","","","","90067966","91231013","","1","FuncFly_ZhuanZhi","","","","","1","1","1","0","","","0","","","1","","","","","","","","","","","","","","",""
"100100200","3","0","2","","","","","","","","OpenMustDoWidgetBtn","","","1","1","0","0","0","0","1","91232699","90067177","500","700","","","","","","","","","","","","1","1","0","0","","1","0","","","1","","","","","","","","","","","","","","",""
"100100220","2","100100221","0","2","","","","","","","","","","","","","","","","","","","","","","90067963","90067964","91291089","","1","FuncGet_Head","","","","","1","1","1","0","","1","","","","0","","","","","","","","","","","","","","",""
"100100221","2","100100222","3","","","","","","","","","","","","","","","","","","","","","","","","90067964","91291089","","1","FuncFly_Head","2","","","","1","1","1","0","","","","","","0","","","","","","","","1","","","","","","",""
"100100222","3","100100223","2","","","","","","","","OpenWingWidgetBtn","","","1","1","0","0","0","0","1","91232699","90069310","1100","400","","","","","","","","","","","","1","1","0","0","","","","","","0","","","","","","","","","","","","","","",""
"100100223","3","100100224","2","","","","","","","","WingTag6","","","1","1","0","0","0","0","1","91232699","90069014","700","600","","","","","","","","","","","","1","1","0","0","","","","","","0","","","","","","","","","","","","","","",""
"100100224","3","100100225","2","","","","","","","","PsychicBtn","","","1","1","0","0","0","0","1","91232699","90069015","700","600","","","","","","","","","","","","1","1","0","0","","","","","","0","","","","","","","","","","","","","","",""
"100100225","0","100100226","1","","","","","","","","","","","","","","","","","1","91232699","90069016","700","500","","","","","","","","","","","","1","1","0","0","","","","","","0","","","","","","","","","","","","","","",""
"100100226","3","0","2","","","","","","","","ZhuLingBtn","","","1","1","0","0","0","0","1","91232699","90069017","700","700","","","","","","","","","","","","1","1","0","0","","","0","","","1","","","","","","","","","","","","","","",""
"100100230","2","100100231","0","2","","","","","","","","","","","","","","","","","","","","","","90068134","90068012","91232453","","1","FuncGet_Head","","","","","0","1","1","0","","1","","","","0","","","","","","","","","","","","","","",""
"100100231","2","100100232","3","","","","","","","","","","","","","","","","","","","","","","","","90068012","91232453","","1","FuncFly_BaoZang","","","","","0","1","1","0","","","","","","0","","","","","","","","","","","","","","",""
"100100232","3","100100233","2","","","","","","","","MPWidgetBaoZangButton","","","1","1","0","0","0","0","1","91232699","90068013","1100","300","","","","","","","","","","","","1","1","0","0","","","","","","0","","","91925352","","","","","","","","","","","",""
"100100233","3","100100234","2","","","","","","","","TreasureElementBtn","","","1","1","0","0","0","0","1","91232699","90068015","700","300","","","","","","","","","","","","1","1","0","0","","","","","","0","","","91925354","","","","","","","","","","","",""
"100100234","3","0","2","","","","","","","","RuneFreeBtn","","","1","1","0","0","0","0","1","91232699","90068016","500","900","","","","","","","","","","","","1","1","0","0","","","","","","0","","","91925355","","","","","","","","","","","",""
"100100240","2","100100241","0","2","","","","","","","","","","","","","","","","","","","","","","90069858","90067966","91231013","","1","FuncGet_Head","","","","","1","1","1","0","","1","","","","","","","","","","","","","","","","","","",""
"100100241","2","0","3","","","","","","","","","","","","","","","","","","","","","","","","90069850","91231013","","1","FuncFly_TakeMoney","","","","","1","1","1","0","","","0","","","","","","","","","","","","","","","","","",""
"100100250","2","100100251","0","2","","","","","","","","","","0","0","0","0","0","0","0","91232699","0","0","0","","90069612","90069393","0","100","1","FuncGet_Head","","","","","0","0","0","0","","1","","","","0","","","","","","","","","","","","","","",""
"100100251","2","0","3","","","","","","","","","","","0","0","0","0","0","0","0","91232699","0","0","0","","","90069393","0","100","1","FuncFly_SKill_4","2","","","","0","0","0","0","","","0","","","0","","","","","","","","","","","","","","",""
"100100260","0","0","1","","","","","","","","","","","0","0","0","0","0","0","0","91232699","0","0","0","","","","","","","","","","","","0","0","0","0","","0","0","","","1","","","","","","","","","","","","","","","1"
"100100261","0","0","0","","","","","","","","","","","0","0","0","0","0","0","1","91232699","90068143","400","700","","","","","","","","","","","","0","0","0","0","","","0","","","0","","","","","","","","","","","","","","",""
"100100270","2","100100271","0","2","","","","","","","","","","0","0","0","0","0","0","0","91232699","0","0","0","","90068125","90068126","91200506","","1","FuncGet_Head","","","","(""MPWidgetUpgradeEquipButtonPanel"")","0","1","1","0","","1","","","","0","","","","","","","","","","","","","","",""
"100100271","2","100100272","3","","","","","","","","","","","0","0","0","0","0","0","0","91232699","0","0","0","","","90068126","91200506","","1","FuncFly_Head","2","","","(""MPWidgetUpgradeEquipButtonPanel"")","0","1","1","0","","","","","","0","","","","","","","","1","","","","(2)","(31045001,1,2,1,31021785,1,1,1,31045002,1,2,2,31023505,1,1,2,31045003,1,2,3,31023745,1,1,3,31045004,1,2,4,31023985,1,1,4)","",""
"100100272","3","100100273","2","","","","","","","","OpenItemUpgradeWidgetBtn","","","1","1","0","0","0","0","1","91232699","90068127","1100","700","","","","0","","","","","","","","1","1","0","0","","","","","","0","","","","","","","","","","","","","","",""
"100100273","3","100100274","2","","","","","","","","AwakenWidgetBtn","","","1","1","0","0","0","0","1","91232699","90068128","500","700","","","","0","","","","","","","","1","1","0","0","","","","","","1","","","","","","","","","","","","","","",""
"100100274","3","100100275","2","","","","","","","","","(""ItemUseListBtnNew31021785"",""ItemUseListBtnNew31023505"",""ItemUseListBtnNew31023745"",""ItemUseListBtnNew31023985"")","","1","1","0","0","0","0","1","91232699","90068129","700","450","","","","0","","","","","","","","1","1","0","0","","","","","","0","","","","","","","","","","","","","","",""
"100100275","3","100100276","2","","","","","","","","PutInBtn","","","1","1","0","0","0","0","1","91232699","90068144","700","450","","","","","","","","","","","","1","1","0","0","","","","","","0","","","","","","","","","","","","","","",""
"100100276","3","100100278","2","","","","","","","","","(""PsycheRecoveryBtn310450011"",""PsycheRecoveryBtn310450021"",""PsycheRecoveryBtn310450031"",""PsycheRecoveryBtn310450041"")","","1","1","0","0","0","0","1","91232699","90068145","700","400","","","","","","","","","","","","1","1","0","0","","","","","","0","","","","","","","","","","","","","","",""
"100100277","3","100100278","2","","","","","","","","","(""PsycheRecoveryBtn310217852"",""PsycheRecoveryBtn310235052"",""PsycheRecoveryBtn310237452"",""PsycheRecoveryBtn310239852"")","","1","1","0","0","0","0","0","91232699","","","","","","","","","","","","","","","1","1","0","0","","","","","","0","","","","","","","","","","","","","","",""
"100100278","3","100100279","2","","","","","","","","AddEquipmentBtn","","","1","1","0","0","0","0","1","91232699","90068146","700","400","","","","","","","","","","","","1","1","0","0","","","","","","0","","","","","","","","","","","","","","",""
"100100279","3","","2","","","","","","","","AwakenBtn","","","1","1","0","0","0","0","1","91232699","90068147","700","400","","","","","","","","","","","","1","1","0","0","","","0","","","0","","","","","","","","","","","","","","",""
"100100280","2","100100281","3","","","","","","","","","","","0","0","0","0","0","0","0","91232699","0","0","0","","","","91291240","","1","FuncFly_WingAnimation","2","","","","0","1","1","0","","1","","","","0","","","","","","","","","","","","","","",""
"100100281","1","0","1","","","","","","","","","","","0","0","0","0","0","0","1","91232699","90068149","1000","400","","","","","","","","","","","","1","1","0","0","","","0","","","1","","","","","","","","","","","","","","",""
"100100290","3","100100291","2","","","","","","","","BreakWillOpenBtn","","","1","1","0","0","0","0","1","91232699","90067209","1100","700","","","","","","","","","","","","1","1","0","0","","1","0","","","0","","","","","","","","","","","","","","",""
"100100291","3","100100292","2","","","","","","","","BreakWillSub0","","","1","1","0","0","0","0","1","91232699","90067210","1100","500","","","","","","","","","","","","1","1","0","0","","","","","","0","","","","","","","","","","","","(3)","(31142201)","",""
"100100292","3","0","2","","","","","","","","BreakWIllActivationButton","","","1","1","0","0","0","0","1","91232699","90067211","800","400","","","","","","","","","","","","1","1","0","0","","","0","","","1","","","","","","","","","","","","","","",""
"118009999","","","","","","","","","","","","","","","","","","","","","","","","","","","","","","","","","","","","","","","","","","","","","","","","","","","","","","","","","","","",""
