"AttributeId","level","EquipSlot","ItemIdList","ItemNumList","MoneyCostList","FailGetItemList","Rate","InheritUpgradeRatio","NoticeId","ProtectItemInfo","BarserkerWeaponBuffArray","BarserkerEquipBuffArrayCommon","BarserkerEquipBuffArrayIce","BarserkerEquipBuffArrayFire","BarserkerEquipBuffArrayLight","BarserkerEquipBuffArrayDark","WizardWeaponBuffArray","WizardEquipBuffArrayCommon","WizardEquipBuffArrayIce","WizardEquipBuffArrayFire","WizardEquipBuffArrayLight","WizardEquipBuffArrayDark","GuardianWeaponBuffArray","GuardianEquipBuffArrayCommon","GuardianEquipBuffArrayIce","GuardianEquipBuffArrayFire","GuardianEquipBuffArrayLight","GuardianEquipBuffArrayDark","AssassinWeaponBuffArray","AssassinEquipBuffArrayCommon","AssassinEquipBuffArrayIce","AssassinEquipBuffArrayFire","AssassinEquipBuffArrayLight","AssassinEquipBuffArrayDark"
"41000001","0","1","","","(30000005,1)","","(1,0)","0","","","","","","","","","","","","","","","","","","","","","","","","","",""
"41000002","1","1","","","(30000005,2)","","(1,0)","0","","","","","","","","","","","","","","","","","","","","","","","","","",""
"41000003","2","1","","","(30000005,3)","","(1,0)","0","","","","","","","","","","","","","","","","","","","","","","","","","",""
"41000004","3","1","","","(30000005,4)","","(1,0)","0","","","","","","","","","","","","","","","","","","","","","","","","","",""
"41000005","4","1","","","(30000005,5)","","(1,0)","0","","","","","","","","","","","","","","","","","","","","","","","","","",""
"41000006","5","1","","","(30000005,6)","","(1,0)","0","","","","","","","","","","","","","","","","","","","","","","","","","",""
"41000007","6","1","","","(30000005,7)","","(1,0)","0","","","","","","","","","","","","","","","","","","","","","","","","","",""
"41000008","7","1","","","(30000005,8)","","(1,0)","0","","","","","","","","","","","","","","","","","","","","","","","","","",""
"41000009","8","1","","","(30000005,9)","","(1,0)","0","","","","","","","","","","","","","","","","","","","","","","","","","",""
"41000010","9","1","","","(30000005,10)","","(1,0)","0","","","","","","","","","","","","","","","","","","","","","","","","","",""
"41000011","10","1","","","(30000005,11)","","(1,0)","0","","","","","","","","","","","","","","","","","","","","","","","","","",""
"41000012","11","1","","","(30000005,12)","","(1,0)","0","","","","","","","","","","","","","","","","","","","","","","","","","",""
"41000013","12","1","","","(30000005,13)","","(1,0)","0","","","","","","","","","","","","","","","","","","","","","","","","","",""
"41000014","13","1","","","(30000005,14)","","(1,0)","0","","","","","","","","","","","","","","","","","","","","","","","","","",""
"41000015","14","1","","","(30000005,15)","","(1,0)","0","","","","","","","","","","","","","","","","","","","","","","","","","",""
"41000016","15","1","","","(30000005,16)","","(1,0)","0","","","","","","","","","","","","","","","","","","","","","","","","","",""
"41000017","16","1","","","(30000005,17)","","(1,0)","0","","","","","","","","","","","","","","","","","","","","","","","","","",""
"41000018","17","1","","","(30000005,18)","","(1,0)","0","","","","","","","","","","","","","","","","","","","","","","","","","",""
"41000019","18","1","","","(30000005,19)","","(1,0)","0","","","","","","","","","","","","","","","","","","","","","","","","","",""
"41000020","19","1","","","(30000005,20)","","(1,0)","0","","","","","","","","","","","","","","","","","","","","","","","","","",""
"41000021","20","1","","","(30000005,21)","","(1,0)","0","","","","","","","","","","","","","","","","","","","","","","","","","",""
"41000022","21","1","","","(30000005,22)","","(1,0)","0","","","","","","","","","","","","","","","","","","","","","","","","","",""
"41000023","22","1","","","(30000005,23)","","(1,0)","0","","","","","","","","","","","","","","","","","","","","","","","","","",""
"41000024","23","1","","","(30000005,24)","","(1,0)","0","","","","","","","","","","","","","","","","","","","","","","","","","",""
"41000025","24","1","","","(30000005,25)","","(1,0)","0","","","","","","","","","","","","","","","","","","","","","","","","","",""
"41000026","25","1","","","(30000005,26)","","(1,0)","0","","","","","","","","","","","","","","","","","","","","","","","","","",""
"41000027","26","1","","","(30000005,27)","","(1,0)","0","","","","","","","","","","","","","","","","","","","","","","","","","",""
"41000028","27","1","","","(30000005,28)","","(1,0)","0","","","","","","","","","","","","","","","","","","","","","","","","","",""
"41000029","28","1","","","(30000005,29)","","(1,0)","0","","","","","","","","","","","","","","","","","","","","","","","","","",""
"41000030","29","1","","","(30000005,30)","","(1,0)","0","","","","","","","","","","","","","","","","","","","","","","","","","",""
"41000031","30","1","","","(30000005,31)","","(1,0)","0","","","","","","","","","","","","","","","","","","","","","","","","","",""
"41000032","31","1","","","(30000005,32)","","(1,0)","","","","","","","","","","","","","","","","","","","","","","","","","","",""
"41000033","32","1","","","(30000005,33)","","(1,0)","","","","","","","","","","","","","","","","","","","","","","","","","","",""
"41000034","33","1","","","(30000005,34)","","(1,0)","","","","","","","","","","","","","","","","","","","","","","","","","","",""
"41000035","34","1","","","(30000005,35)","","(1,0)","","","","","","","","","","","","","","","","","","","","","","","","","","",""
"41000036","35","1","","","(30000005,36)","","(1,0)","","","","","","","","","","","","","","","","","","","","","","","","","","",""
"41000037","36","1","","","(30000005,37)","","(1,0)","","","","","","","","","","","","","","","","","","","","","","","","","","",""
"41000038","37","1","","","(30000005,38)","","(1,0)","","","","","","","","","","","","","","","","","","","","","","","","","","",""
"41000039","38","1","","","(30000005,39)","","(1,0)","","","","","","","","","","","","","","","","","","","","","","","","","","",""
"41000040","39","1","","","(30000005,40)","","(1,0)","","","","","","","","","","","","","","","","","","","","","","","","","","",""
"41000041","40","1","","","(30000005,41)","","(1,0)","","","","","","","","","","","","","","","","","","","","","","","","","","",""
"41000042","41","1","","","(30000005,42)","","(1,0)","","","","","","","","","","","","","","","","","","","","","","","","","","",""
"41000043","42","1","","","(30000005,43)","","(1,0)","","","","","","","","","","","","","","","","","","","","","","","","","","",""
"41000044","43","1","","","(30000005,44)","","(1,0)","","","","","","","","","","","","","","","","","","","","","","","","","","",""
"41000045","44","1","","","(30000005,45)","","(1,0)","","","","","","","","","","","","","","","","","","","","","","","","","","",""
"41000046","45","1","","","(30000005,46)","","(1,0)","","","","","","","","","","","","","","","","","","","","","","","","","","",""
"41000047","46","1","","","(30000005,47)","","(1,0)","","","","","","","","","","","","","","","","","","","","","","","","","","",""
"41000048","47","1","","","(30000005,48)","","(1,0)","","","","","","","","","","","","","","","","","","","","","","","","","","",""
"41000049","48","1","","","(30000005,49)","","(1,0)","","","","","","","","","","","","","","","","","","","","","","","","","","",""
"41000050","49","1","","","(30000005,50)","","(1,0)","","","","","","","","","","","","","","","","","","","","","","","","","","",""
"41000051","50","1","","","(30000005,51)","","(1,0)","","","","","","","","","","","","","","","","","","","","","","","","","","",""
"41000052","51","1","","","(30000005,52)","","(1,0)","","","","","","","","","","","","","","","","","","","","","","","","","","",""
"41000053","52","1","","","(30000005,53)","","(1,0)","","","","","","","","","","","","","","","","","","","","","","","","","","",""
"41000054","53","1","","","(30000005,54)","","(1,0)","","","","","","","","","","","","","","","","","","","","","","","","","","",""
"41000055","54","1","","","(30000005,55)","","(1,0)","","","","","","","","","","","","","","","","","","","","","","","","","","",""
"41000056","55","1","","","(30000005,56)","","(1,0)","","","","","","","","","","","","","","","","","","","","","","","","","","",""
"41000057","56","1","","","(30000005,57)","","(1,0)","","","","","","","","","","","","","","","","","","","","","","","","","","",""
"41000058","57","1","","","(30000005,58)","","(1,0)","","","","","","","","","","","","","","","","","","","","","","","","","","",""
"41000059","58","1","","","(30000005,59)","","(1,0)","","","","","","","","","","","","","","","","","","","","","","","","","","",""
"41000060","59","1","","","(30000005,60)","","(1,0)","","","","","","","","","","","","","","","","","","","","","","","","","","",""
"41000061","60","1","","","(30000005,61)","","(1,0)","","","","","","","","","","","","","","","","","","","","","","","","","","",""
"41000062","61","1","","","(30000005,62)","","(1,0)","","","","","","","","","","","","","","","","","","","","","","","","","","",""
"41000063","62","1","","","(30000005,63)","","(1,0)","","","","","","","","","","","","","","","","","","","","","","","","","","",""
"41000064","63","1","","","(30000005,64)","","(1,0)","","","","","","","","","","","","","","","","","","","","","","","","","","",""
"41000065","64","1","","","(30000005,65)","","(1,0)","","","","","","","","","","","","","","","","","","","","","","","","","","",""
"41000066","65","1","","","(30000005,66)","","(1,0)","","","","","","","","","","","","","","","","","","","","","","","","","","",""
"41000067","66","1","","","(30000005,67)","","(1,0)","","","","","","","","","","","","","","","","","","","","","","","","","","",""
"41000068","67","1","","","(30000005,68)","","(1,0)","","","","","","","","","","","","","","","","","","","","","","","","","","",""
"41000069","68","1","","","(30000005,69)","","(1,0)","","","","","","","","","","","","","","","","","","","","","","","","","","",""
"41000070","69","1","","","(30000005,70)","","(1,0)","","","","","","","","","","","","","","","","","","","","","","","","","","",""
"41000071","70","1","","","(30000005,71)","","(1,0)","","","","","","","","","","","","","","","","","","","","","","","","","","",""
"41000072","71","1","","","(30000005,72)","","(1,0)","","","","","","","","","","","","","","","","","","","","","","","","","","",""
"41000073","72","1","","","(30000005,73)","","(1,0)","","","","","","","","","","","","","","","","","","","","","","","","","","",""
"41000074","73","1","","","(30000005,74)","","(1,0)","","","","","","","","","","","","","","","","","","","","","","","","","","",""
"41000075","74","1","","","(30000005,75)","","(1,0)","","","","","","","","","","","","","","","","","","","","","","","","","","",""
"41000076","75","1","","","(30000005,76)","","(1,0)","","","","","","","","","","","","","","","","","","","","","","","","","","",""
"41000077","76","1","","","(30000005,77)","","(1,0)","","","","","","","","","","","","","","","","","","","","","","","","","","",""
"41000078","77","1","","","(30000005,78)","","(1,0)","","","","","","","","","","","","","","","","","","","","","","","","","","",""
"41000079","78","1","","","(30000005,79)","","(1,0)","","","","","","","","","","","","","","","","","","","","","","","","","","",""
"41000080","79","1","","","(30000005,80)","","(1,0)","","","","","","","","","","","","","","","","","","","","","","","","","","",""
"41000081","80","1","","","(30000005,81)","","(1,0)","","","","","","","","","","","","","","","","","","","","","","","","","","",""
"41000082","81","1","","","(30000005,82)","","(1,0)","","","","","","","","","","","","","","","","","","","","","","","","","","",""
"41000083","82","1","","","(30000005,83)","","(1,0)","","","","","","","","","","","","","","","","","","","","","","","","","","",""
"41000084","83","1","","","(30000005,84)","","(1,0)","","","","","","","","","","","","","","","","","","","","","","","","","","",""
"41000085","84","1","","","(30000005,85)","","(1,0)","","","","","","","","","","","","","","","","","","","","","","","","","","",""
"41000086","85","1","","","(30000005,86)","","(1,0)","","","","","","","","","","","","","","","","","","","","","","","","","","",""
"41000087","86","1","","","(30000005,87)","","(1,0)","","","","","","","","","","","","","","","","","","","","","","","","","","",""
"41000088","87","1","","","(30000005,88)","","(1,0)","","","","","","","","","","","","","","","","","","","","","","","","","","",""
"41000089","88","1","","","(30000005,89)","","(1,0)","","","","","","","","","","","","","","","","","","","","","","","","","","",""
"41000090","89","1","","","(30000005,90)","","(1,0)","","","","","","","","","","","","","","","","","","","","","","","","","","",""
"41000091","90","1","","","(30000005,91)","","(1,0)","","","","","","","","","","","","","","","","","","","","","","","","","","",""
"41000092","91","1","","","(30000005,92)","","(1,0)","","","","","","","","","","","","","","","","","","","","","","","","","","",""
"41000093","92","1","","","(30000005,93)","","(1,0)","","","","","","","","","","","","","","","","","","","","","","","","","","",""
"41000094","93","1","","","(30000005,94)","","(1,0)","","","","","","","","","","","","","","","","","","","","","","","","","","",""
"41000095","94","1","","","(30000005,95)","","(1,0)","","","","","","","","","","","","","","","","","","","","","","","","","","",""
"41000096","95","1","","","(30000005,96)","","(1,0)","","","","","","","","","","","","","","","","","","","","","","","","","","",""
"41000097","96","1","","","(30000005,97)","","(1,0)","","","","","","","","","","","","","","","","","","","","","","","","","","",""
"41000098","97","1","","","(30000005,98)","","(1,0)","","","","","","","","","","","","","","","","","","","","","","","","","","",""
"41000099","98","1","","","(30000005,99)","","(1,0)","","","","","","","","","","","","","","","","","","","","","","","","","","",""
"41000100","99","1","","","(30000005,100)","","(1,0)","","","","","","","","","","","","","","","","","","","","","","","","","","",""
"41000101","100","1","","","","","","","","","","","","","","","","","","","","","","","","","","","","","","","",""
"41010001","0","2","","","(30000005,1)","","(1,0)","0","","","","","","","","","","","","","","","","","","","","","","","","","",""
"41010002","1","2","","","(30000005,2)","","(1,0)","0","","","","","","","","","","","","","","","","","","","","","","","","","",""
"41010003","2","2","","","(30000005,3)","","(1,0)","0","","","","","","","","","","","","","","","","","","","","","","","","","",""
"41010004","3","2","","","(30000005,4)","","(1,0)","0","","","","","","","","","","","","","","","","","","","","","","","","","",""
"41010005","4","2","","","(30000005,5)","","(1,0)","0","","","","","","","","","","","","","","","","","","","","","","","","","",""
"41010006","5","2","","","(30000005,6)","","(1,0)","0","","","","","","","","","","","","","","","","","","","","","","","","","",""
"41010007","6","2","","","(30000005,7)","","(1,0)","0","","","","","","","","","","","","","","","","","","","","","","","","","",""
"41010008","7","2","","","(30000005,8)","","(1,0)","0","","","","","","","","","","","","","","","","","","","","","","","","","",""
"41010009","8","2","","","(30000005,9)","","(1,0)","0","","","","","","","","","","","","","","","","","","","","","","","","","",""
"41010010","9","2","","","(30000005,10)","","(1,0)","0","","","","","","","","","","","","","","","","","","","","","","","","","",""
"41010011","10","2","","","(30000005,11)","","(1,0)","0","","","","","","","","","","","","","","","","","","","","","","","","","",""
"41010012","11","2","","","(30000005,12)","","(1,0)","0","","","","","","","","","","","","","","","","","","","","","","","","","",""
"41010013","12","2","","","(30000005,13)","","(1,0)","0","","","","","","","","","","","","","","","","","","","","","","","","","",""
"41010014","13","2","","","(30000005,14)","","(1,0)","0","","","","","","","","","","","","","","","","","","","","","","","","","",""
"41010015","14","2","","","(30000005,15)","","(1,0)","0","","","","","","","","","","","","","","","","","","","","","","","","","",""
"41010016","15","2","","","(30000005,16)","","(1,0)","0","","","","","","","","","","","","","","","","","","","","","","","","","",""
"41010017","16","2","","","(30000005,17)","","(1,0)","0","","","","","","","","","","","","","","","","","","","","","","","","","",""
"41010018","17","2","","","(30000005,18)","","(1,0)","0","","","","","","","","","","","","","","","","","","","","","","","","","",""
"41010019","18","2","","","(30000005,19)","","(1,0)","0","","","","","","","","","","","","","","","","","","","","","","","","","",""
"41010020","19","2","","","(30000005,20)","","(1,0)","0","","","","","","","","","","","","","","","","","","","","","","","","","",""
"41010021","20","2","","","(30000005,21)","","(1,0)","0","","","","","","","","","","","","","","","","","","","","","","","","","",""
"41010022","21","2","","","(30000005,22)","","(1,0)","0","","","","","","","","","","","","","","","","","","","","","","","","","",""
"41010023","22","2","","","(30000005,23)","","(1,0)","0","","","","","","","","","","","","","","","","","","","","","","","","","",""
"41010024","23","2","","","(30000005,24)","","(1,0)","0","","","","","","","","","","","","","","","","","","","","","","","","","",""
"41010025","24","2","","","(30000005,25)","","(1,0)","0","","","","","","","","","","","","","","","","","","","","","","","","","",""
"41010026","25","2","","","(30000005,26)","","(1,0)","0","","","","","","","","","","","","","","","","","","","","","","","","","",""
"41010027","26","2","","","(30000005,27)","","(1,0)","0","","","","","","","","","","","","","","","","","","","","","","","","","",""
"41010028","27","2","","","(30000005,28)","","(1,0)","0","","","","","","","","","","","","","","","","","","","","","","","","","",""
"41010029","28","2","","","(30000005,29)","","(1,0)","0","","","","","","","","","","","","","","","","","","","","","","","","","",""
"41010030","29","2","","","(30000005,30)","","(1,0)","0","","","","","","","","","","","","","","","","","","","","","","","","","",""
"41010031","30","2","","","(30000005,31)","","(1,0)","0","","","","","","","","","","","","","","","","","","","","","","","","","",""
"41010032","31","2","","","(30000005,32)","","(1,0)","","","","","","","","","","","","","","","","","","","","","","","","","","",""
"41010033","32","2","","","(30000005,33)","","(1,0)","","","","","","","","","","","","","","","","","","","","","","","","","","",""
"41010034","33","2","","","(30000005,34)","","(1,0)","","","","","","","","","","","","","","","","","","","","","","","","","","",""
"41010035","34","2","","","(30000005,35)","","(1,0)","","","","","","","","","","","","","","","","","","","","","","","","","","",""
"41010036","35","2","","","(30000005,36)","","(1,0)","","","","","","","","","","","","","","","","","","","","","","","","","","",""
"41010037","36","2","","","(30000005,37)","","(1,0)","","","","","","","","","","","","","","","","","","","","","","","","","","",""
"41010038","37","2","","","(30000005,38)","","(1,0)","","","","","","","","","","","","","","","","","","","","","","","","","","",""
"41010039","38","2","","","(30000005,39)","","(1,0)","","","","","","","","","","","","","","","","","","","","","","","","","","",""
"41010040","39","2","","","(30000005,40)","","(1,0)","","","","","","","","","","","","","","","","","","","","","","","","","","",""
"41010041","40","2","","","(30000005,41)","","(1,0)","","","","","","","","","","","","","","","","","","","","","","","","","","",""
"41010042","41","2","","","(30000005,42)","","(1,0)","","","","","","","","","","","","","","","","","","","","","","","","","","",""
"41010043","42","2","","","(30000005,43)","","(1,0)","","","","","","","","","","","","","","","","","","","","","","","","","","",""
"41010044","43","2","","","(30000005,44)","","(1,0)","","","","","","","","","","","","","","","","","","","","","","","","","","",""
"41010045","44","2","","","(30000005,45)","","(1,0)","","","","","","","","","","","","","","","","","","","","","","","","","","",""
"41010046","45","2","","","(30000005,46)","","(1,0)","","","","","","","","","","","","","","","","","","","","","","","","","","",""
"41010047","46","2","","","(30000005,47)","","(1,0)","","","","","","","","","","","","","","","","","","","","","","","","","","",""
"41010048","47","2","","","(30000005,48)","","(1,0)","","","","","","","","","","","","","","","","","","","","","","","","","","",""
"41010049","48","2","","","(30000005,49)","","(1,0)","","","","","","","","","","","","","","","","","","","","","","","","","","",""
"41010050","49","2","","","(30000005,50)","","(1,0)","","","","","","","","","","","","","","","","","","","","","","","","","","",""
"41010051","50","2","","","(30000005,51)","","(1,0)","","","","","","","","","","","","","","","","","","","","","","","","","","",""
"41010052","51","2","","","(30000005,52)","","(1,0)","","","","","","","","","","","","","","","","","","","","","","","","","","",""
"41010053","52","2","","","(30000005,53)","","(1,0)","","","","","","","","","","","","","","","","","","","","","","","","","","",""
"41010054","53","2","","","(30000005,54)","","(1,0)","","","","","","","","","","","","","","","","","","","","","","","","","","",""
"41010055","54","2","","","(30000005,55)","","(1,0)","","","","","","","","","","","","","","","","","","","","","","","","","","",""
"41010056","55","2","","","(30000005,56)","","(1,0)","","","","","","","","","","","","","","","","","","","","","","","","","","",""
"41010057","56","2","","","(30000005,57)","","(1,0)","","","","","","","","","","","","","","","","","","","","","","","","","","",""
"41010058","57","2","","","(30000005,58)","","(1,0)","","","","","","","","","","","","","","","","","","","","","","","","","","",""
"41010059","58","2","","","(30000005,59)","","(1,0)","","","","","","","","","","","","","","","","","","","","","","","","","","",""
"41010060","59","2","","","(30000005,60)","","(1,0)","","","","","","","","","","","","","","","","","","","","","","","","","","",""
"41010061","60","2","","","(30000005,61)","","(1,0)","","","","","","","","","","","","","","","","","","","","","","","","","","",""
"41010062","61","2","","","(30000005,62)","","(1,0)","","","","","","","","","","","","","","","","","","","","","","","","","","",""
"41010063","62","2","","","(30000005,63)","","(1,0)","","","","","","","","","","","","","","","","","","","","","","","","","","",""
"41010064","63","2","","","(30000005,64)","","(1,0)","","","","","","","","","","","","","","","","","","","","","","","","","","",""
"41010065","64","2","","","(30000005,65)","","(1,0)","","","","","","","","","","","","","","","","","","","","","","","","","","",""
"41010066","65","2","","","(30000005,66)","","(1,0)","","","","","","","","","","","","","","","","","","","","","","","","","","",""
"41010067","66","2","","","(30000005,67)","","(1,0)","","","","","","","","","","","","","","","","","","","","","","","","","","",""
"41010068","67","2","","","(30000005,68)","","(1,0)","","","","","","","","","","","","","","","","","","","","","","","","","","",""
"41010069","68","2","","","(30000005,69)","","(1,0)","","","","","","","","","","","","","","","","","","","","","","","","","","",""
"41010070","69","2","","","(30000005,70)","","(1,0)","","","","","","","","","","","","","","","","","","","","","","","","","","",""
"41010071","70","2","","","(30000005,71)","","(1,0)","","","","","","","","","","","","","","","","","","","","","","","","","","",""
"41010072","71","2","","","(30000005,72)","","(1,0)","","","","","","","","","","","","","","","","","","","","","","","","","","",""
"41010073","72","2","","","(30000005,73)","","(1,0)","","","","","","","","","","","","","","","","","","","","","","","","","","",""
"41010074","73","2","","","(30000005,74)","","(1,0)","","","","","","","","","","","","","","","","","","","","","","","","","","",""
"41010075","74","2","","","(30000005,75)","","(1,0)","","","","","","","","","","","","","","","","","","","","","","","","","","",""
"41010076","75","2","","","(30000005,76)","","(1,0)","","","","","","","","","","","","","","","","","","","","","","","","","","",""
"41010077","76","2","","","(30000005,77)","","(1,0)","","","","","","","","","","","","","","","","","","","","","","","","","","",""
"41010078","77","2","","","(30000005,78)","","(1,0)","","","","","","","","","","","","","","","","","","","","","","","","","","",""
"41010079","78","2","","","(30000005,79)","","(1,0)","","","","","","","","","","","","","","","","","","","","","","","","","","",""
"41010080","79","2","","","(30000005,80)","","(1,0)","","","","","","","","","","","","","","","","","","","","","","","","","","",""
"41010081","80","2","","","(30000005,81)","","(1,0)","","","","","","","","","","","","","","","","","","","","","","","","","","",""
"41010082","81","2","","","(30000005,82)","","(1,0)","","","","","","","","","","","","","","","","","","","","","","","","","","",""
"41010083","82","2","","","(30000005,83)","","(1,0)","","","","","","","","","","","","","","","","","","","","","","","","","","",""
"41010084","83","2","","","(30000005,84)","","(1,0)","","","","","","","","","","","","","","","","","","","","","","","","","","",""
"41010085","84","2","","","(30000005,85)","","(1,0)","","","","","","","","","","","","","","","","","","","","","","","","","","",""
"41010086","85","2","","","(30000005,86)","","(1,0)","","","","","","","","","","","","","","","","","","","","","","","","","","",""
"41010087","86","2","","","(30000005,87)","","(1,0)","","","","","","","","","","","","","","","","","","","","","","","","","","",""
"41010088","87","2","","","(30000005,88)","","(1,0)","","","","","","","","","","","","","","","","","","","","","","","","","","",""
"41010089","88","2","","","(30000005,89)","","(1,0)","","","","","","","","","","","","","","","","","","","","","","","","","","",""
"41010090","89","2","","","(30000005,90)","","(1,0)","","","","","","","","","","","","","","","","","","","","","","","","","","",""
"41010091","90","2","","","(30000005,91)","","(1,0)","","","","","","","","","","","","","","","","","","","","","","","","","","",""
"41010092","91","2","","","(30000005,92)","","(1,0)","","","","","","","","","","","","","","","","","","","","","","","","","","",""
"41010093","92","2","","","(30000005,93)","","(1,0)","","","","","","","","","","","","","","","","","","","","","","","","","","",""
"41010094","93","2","","","(30000005,94)","","(1,0)","","","","","","","","","","","","","","","","","","","","","","","","","","",""
"41010095","94","2","","","(30000005,95)","","(1,0)","","","","","","","","","","","","","","","","","","","","","","","","","","",""
"41010096","95","2","","","(30000005,96)","","(1,0)","","","","","","","","","","","","","","","","","","","","","","","","","","",""
"41010097","96","2","","","(30000005,97)","","(1,0)","","","","","","","","","","","","","","","","","","","","","","","","","","",""
"41010098","97","2","","","(30000005,98)","","(1,0)","","","","","","","","","","","","","","","","","","","","","","","","","","",""
"41010099","98","2","","","(30000005,99)","","(1,0)","","","","","","","","","","","","","","","","","","","","","","","","","","",""
"41010100","99","2","","","(30000005,100)","","(1,0)","","","","","","","","","","","","","","","","","","","","","","","","","","",""
"41010101","100","2","","","","","","","","","","","","","","","","","","","","","","","","","","","","","","","",""
"41020001","0","3","","","(30000005,1)","","(1,0)","0","","","","","","","","","","","","","","","","","","","","","","","","","",""
"41020002","1","3","","","(30000005,2)","","(1,0)","0","","","","","","","","","","","","","","","","","","","","","","","","","",""
"41020003","2","3","","","(30000005,3)","","(1,0)","0","","","","","","","","","","","","","","","","","","","","","","","","","",""
"41020004","3","3","","","(30000005,4)","","(1,0)","0","","","","","","","","","","","","","","","","","","","","","","","","","",""
"41020005","4","3","","","(30000005,5)","","(1,0)","0","","","","","","","","","","","","","","","","","","","","","","","","","",""
"41020006","5","3","","","(30000005,6)","","(1,0)","0","","","","","","","","","","","","","","","","","","","","","","","","","",""
"41020007","6","3","","","(30000005,7)","","(1,0)","0","","","","","","","","","","","","","","","","","","","","","","","","","",""
"41020008","7","3","","","(30000005,8)","","(1,0)","0","","","","","","","","","","","","","","","","","","","","","","","","","",""
"41020009","8","3","","","(30000005,9)","","(1,0)","0","","","","","","","","","","","","","","","","","","","","","","","","","",""
"41020010","9","3","","","(30000005,10)","","(1,0)","0","","","","","","","","","","","","","","","","","","","","","","","","","",""
"41020011","10","3","","","(30000005,11)","","(1,0)","0","","","","","","","","","","","","","","","","","","","","","","","","","",""
"41020012","11","3","","","(30000005,12)","","(1,0)","0","","","","","","","","","","","","","","","","","","","","","","","","","",""
"41020013","12","3","","","(30000005,13)","","(1,0)","0","","","","","","","","","","","","","","","","","","","","","","","","","",""
"41020014","13","3","","","(30000005,14)","","(1,0)","0","","","","","","","","","","","","","","","","","","","","","","","","","",""
"41020015","14","3","","","(30000005,15)","","(1,0)","0","","","","","","","","","","","","","","","","","","","","","","","","","",""
"41020016","15","3","","","(30000005,16)","","(1,0)","0","","","","","","","","","","","","","","","","","","","","","","","","","",""
"41020017","16","3","","","(30000005,17)","","(1,0)","0","","","","","","","","","","","","","","","","","","","","","","","","","",""
"41020018","17","3","","","(30000005,18)","","(1,0)","0","","","","","","","","","","","","","","","","","","","","","","","","","",""
"41020019","18","3","","","(30000005,19)","","(1,0)","0","","","","","","","","","","","","","","","","","","","","","","","","","",""
"41020020","19","3","","","(30000005,20)","","(1,0)","0","","","","","","","","","","","","","","","","","","","","","","","","","",""
"41020021","20","3","","","(30000005,21)","","(1,0)","0","","","","","","","","","","","","","","","","","","","","","","","","","",""
"41020022","21","3","","","(30000005,22)","","(1,0)","0","","","","","","","","","","","","","","","","","","","","","","","","","",""
"41020023","22","3","","","(30000005,23)","","(1,0)","0","","","","","","","","","","","","","","","","","","","","","","","","","",""
"41020024","23","3","","","(30000005,24)","","(1,0)","0","","","","","","","","","","","","","","","","","","","","","","","","","",""
"41020025","24","3","","","(30000005,25)","","(1,0)","0","","","","","","","","","","","","","","","","","","","","","","","","","",""
"41020026","25","3","","","(30000005,26)","","(1,0)","0","","","","","","","","","","","","","","","","","","","","","","","","","",""
"41020027","26","3","","","(30000005,27)","","(1,0)","0","","","","","","","","","","","","","","","","","","","","","","","","","",""
"41020028","27","3","","","(30000005,28)","","(1,0)","0","","","","","","","","","","","","","","","","","","","","","","","","","",""
"41020029","28","3","","","(30000005,29)","","(1,0)","0","","","","","","","","","","","","","","","","","","","","","","","","","",""
"41020030","29","3","","","(30000005,30)","","(1,0)","0","","","","","","","","","","","","","","","","","","","","","","","","","",""
"41020031","30","3","","","(30000005,31)","","(1,0)","0","","","","","","","","","","","","","","","","","","","","","","","","","",""
"41020032","31","3","","","(30000005,32)","","(1,0)","","","","","","","","","","","","","","","","","","","","","","","","","","",""
"41020033","32","3","","","(30000005,33)","","(1,0)","","","","","","","","","","","","","","","","","","","","","","","","","","",""
"41020034","33","3","","","(30000005,34)","","(1,0)","","","","","","","","","","","","","","","","","","","","","","","","","","",""
"41020035","34","3","","","(30000005,35)","","(1,0)","","","","","","","","","","","","","","","","","","","","","","","","","","",""
"41020036","35","3","","","(30000005,36)","","(1,0)","","","","","","","","","","","","","","","","","","","","","","","","","","",""
"41020037","36","3","","","(30000005,37)","","(1,0)","","","","","","","","","","","","","","","","","","","","","","","","","","",""
"41020038","37","3","","","(30000005,38)","","(1,0)","","","","","","","","","","","","","","","","","","","","","","","","","","",""
"41020039","38","3","","","(30000005,39)","","(1,0)","","","","","","","","","","","","","","","","","","","","","","","","","","",""
"41020040","39","3","","","(30000005,40)","","(1,0)","","","","","","","","","","","","","","","","","","","","","","","","","","",""
"41020041","40","3","","","(30000005,41)","","(1,0)","","","","","","","","","","","","","","","","","","","","","","","","","","",""
"41020042","41","3","","","(30000005,42)","","(1,0)","","","","","","","","","","","","","","","","","","","","","","","","","","",""
"41020043","42","3","","","(30000005,43)","","(1,0)","","","","","","","","","","","","","","","","","","","","","","","","","","",""
"41020044","43","3","","","(30000005,44)","","(1,0)","","","","","","","","","","","","","","","","","","","","","","","","","","",""
"41020045","44","3","","","(30000005,45)","","(1,0)","","","","","","","","","","","","","","","","","","","","","","","","","","",""
"41020046","45","3","","","(30000005,46)","","(1,0)","","","","","","","","","","","","","","","","","","","","","","","","","","",""
"41020047","46","3","","","(30000005,47)","","(1,0)","","","","","","","","","","","","","","","","","","","","","","","","","","",""
"41020048","47","3","","","(30000005,48)","","(1,0)","","","","","","","","","","","","","","","","","","","","","","","","","","",""
"41020049","48","3","","","(30000005,49)","","(1,0)","","","","","","","","","","","","","","","","","","","","","","","","","","",""
"41020050","49","3","","","(30000005,50)","","(1,0)","","","","","","","","","","","","","","","","","","","","","","","","","","",""
"41020051","50","3","","","(30000005,51)","","(1,0)","","","","","","","","","","","","","","","","","","","","","","","","","","",""
"41020052","51","3","","","(30000005,52)","","(1,0)","","","","","","","","","","","","","","","","","","","","","","","","","","",""
"41020053","52","3","","","(30000005,53)","","(1,0)","","","","","","","","","","","","","","","","","","","","","","","","","","",""
"41020054","53","3","","","(30000005,54)","","(1,0)","","","","","","","","","","","","","","","","","","","","","","","","","","",""
"41020055","54","3","","","(30000005,55)","","(1,0)","","","","","","","","","","","","","","","","","","","","","","","","","","",""
"41020056","55","3","","","(30000005,56)","","(1,0)","","","","","","","","","","","","","","","","","","","","","","","","","","",""
"41020057","56","3","","","(30000005,57)","","(1,0)","","","","","","","","","","","","","","","","","","","","","","","","","","",""
"41020058","57","3","","","(30000005,58)","","(1,0)","","","","","","","","","","","","","","","","","","","","","","","","","","",""
"41020059","58","3","","","(30000005,59)","","(1,0)","","","","","","","","","","","","","","","","","","","","","","","","","","",""
"41020060","59","3","","","(30000005,60)","","(1,0)","","","","","","","","","","","","","","","","","","","","","","","","","","",""
"41020061","60","3","","","(30000005,61)","","(1,0)","","","","","","","","","","","","","","","","","","","","","","","","","","",""
"41020062","61","3","","","(30000005,62)","","(1,0)","","","","","","","","","","","","","","","","","","","","","","","","","","",""
"41020063","62","3","","","(30000005,63)","","(1,0)","","","","","","","","","","","","","","","","","","","","","","","","","","",""
"41020064","63","3","","","(30000005,64)","","(1,0)","","","","","","","","","","","","","","","","","","","","","","","","","","",""
"41020065","64","3","","","(30000005,65)","","(1,0)","","","","","","","","","","","","","","","","","","","","","","","","","","",""
"41020066","65","3","","","(30000005,66)","","(1,0)","","","","","","","","","","","","","","","","","","","","","","","","","","",""
"41020067","66","3","","","(30000005,67)","","(1,0)","","","","","","","","","","","","","","","","","","","","","","","","","","",""
"41020068","67","3","","","(30000005,68)","","(1,0)","","","","","","","","","","","","","","","","","","","","","","","","","","",""
"41020069","68","3","","","(30000005,69)","","(1,0)","","","","","","","","","","","","","","","","","","","","","","","","","","",""
"41020070","69","3","","","(30000005,70)","","(1,0)","","","","","","","","","","","","","","","","","","","","","","","","","","",""
"41020071","70","3","","","(30000005,71)","","(1,0)","","","","","","","","","","","","","","","","","","","","","","","","","","",""
"41020072","71","3","","","(30000005,72)","","(1,0)","","","","","","","","","","","","","","","","","","","","","","","","","","",""
"41020073","72","3","","","(30000005,73)","","(1,0)","","","","","","","","","","","","","","","","","","","","","","","","","","",""
"41020074","73","3","","","(30000005,74)","","(1,0)","","","","","","","","","","","","","","","","","","","","","","","","","","",""
"41020075","74","3","","","(30000005,75)","","(1,0)","","","","","","","","","","","","","","","","","","","","","","","","","","",""
"41020076","75","3","","","(30000005,76)","","(1,0)","","","","","","","","","","","","","","","","","","","","","","","","","","",""
"41020077","76","3","","","(30000005,77)","","(1,0)","","","","","","","","","","","","","","","","","","","","","","","","","","",""
"41020078","77","3","","","(30000005,78)","","(1,0)","","","","","","","","","","","","","","","","","","","","","","","","","","",""
"41020079","78","3","","","(30000005,79)","","(1,0)","","","","","","","","","","","","","","","","","","","","","","","","","","",""
"41020080","79","3","","","(30000005,80)","","(1,0)","","","","","","","","","","","","","","","","","","","","","","","","","","",""
"41020081","80","3","","","(30000005,81)","","(1,0)","","","","","","","","","","","","","","","","","","","","","","","","","","",""
"41020082","81","3","","","(30000005,82)","","(1,0)","","","","","","","","","","","","","","","","","","","","","","","","","","",""
"41020083","82","3","","","(30000005,83)","","(1,0)","","","","","","","","","","","","","","","","","","","","","","","","","","",""
"41020084","83","3","","","(30000005,84)","","(1,0)","","","","","","","","","","","","","","","","","","","","","","","","","","",""
"41020085","84","3","","","(30000005,85)","","(1,0)","","","","","","","","","","","","","","","","","","","","","","","","","","",""
"41020086","85","3","","","(30000005,86)","","(1,0)","","","","","","","","","","","","","","","","","","","","","","","","","","",""
"41020087","86","3","","","(30000005,87)","","(1,0)","","","","","","","","","","","","","","","","","","","","","","","","","","",""
"41020088","87","3","","","(30000005,88)","","(1,0)","","","","","","","","","","","","","","","","","","","","","","","","","","",""
"41020089","88","3","","","(30000005,89)","","(1,0)","","","","","","","","","","","","","","","","","","","","","","","","","","",""
"41020090","89","3","","","(30000005,90)","","(1,0)","","","","","","","","","","","","","","","","","","","","","","","","","","",""
"41020091","90","3","","","(30000005,91)","","(1,0)","","","","","","","","","","","","","","","","","","","","","","","","","","",""
"41020092","91","3","","","(30000005,92)","","(1,0)","","","","","","","","","","","","","","","","","","","","","","","","","","",""
"41020093","92","3","","","(30000005,93)","","(1,0)","","","","","","","","","","","","","","","","","","","","","","","","","","",""
"41020094","93","3","","","(30000005,94)","","(1,0)","","","","","","","","","","","","","","","","","","","","","","","","","","",""
"41020095","94","3","","","(30000005,95)","","(1,0)","","","","","","","","","","","","","","","","","","","","","","","","","","",""
"41020096","95","3","","","(30000005,96)","","(1,0)","","","","","","","","","","","","","","","","","","","","","","","","","","",""
"41020097","96","3","","","(30000005,97)","","(1,0)","","","","","","","","","","","","","","","","","","","","","","","","","","",""
"41020098","97","3","","","(30000005,98)","","(1,0)","","","","","","","","","","","","","","","","","","","","","","","","","","",""
"41020099","98","3","","","(30000005,99)","","(1,0)","","","","","","","","","","","","","","","","","","","","","","","","","","",""
"41020100","99","3","","","(30000005,100)","","(1,0)","","","","","","","","","","","","","","","","","","","","","","","","","","",""
"41020101","100","3","","","","","","","","","","","","","","","","","","","","","","","","","","","","","","","",""
"41030001","0","4","","","(30000005,1)","","(1,0)","0","","","","","","","","","","","","","","","","","","","","","","","","","",""
"41030002","1","4","","","(30000005,2)","","(1,0)","0","","","","","","","","","","","","","","","","","","","","","","","","","",""
"41030003","2","4","","","(30000005,3)","","(1,0)","0","","","","","","","","","","","","","","","","","","","","","","","","","",""
"41030004","3","4","","","(30000005,4)","","(1,0)","0","","","","","","","","","","","","","","","","","","","","","","","","","",""
"41030005","4","4","","","(30000005,5)","","(1,0)","0","","","","","","","","","","","","","","","","","","","","","","","","","",""
"41030006","5","4","","","(30000005,6)","","(1,0)","0","","","","","","","","","","","","","","","","","","","","","","","","","",""
"41030007","6","4","","","(30000005,7)","","(1,0)","0","","","","","","","","","","","","","","","","","","","","","","","","","",""
"41030008","7","4","","","(30000005,8)","","(1,0)","0","","","","","","","","","","","","","","","","","","","","","","","","","",""
"41030009","8","4","","","(30000005,9)","","(1,0)","0","","","","","","","","","","","","","","","","","","","","","","","","","",""
"41030010","9","4","","","(30000005,10)","","(1,0)","0","","","","","","","","","","","","","","","","","","","","","","","","","",""
"41030011","10","4","","","(30000005,11)","","(1,0)","0","","","","","","","","","","","","","","","","","","","","","","","","","",""
"41030012","11","4","","","(30000005,12)","","(1,0)","0","","","","","","","","","","","","","","","","","","","","","","","","","",""
"41030013","12","4","","","(30000005,13)","","(1,0)","0","","","","","","","","","","","","","","","","","","","","","","","","","",""
"41030014","13","4","","","(30000005,14)","","(1,0)","0","","","","","","","","","","","","","","","","","","","","","","","","","",""
"41030015","14","4","","","(30000005,15)","","(1,0)","0","","","","","","","","","","","","","","","","","","","","","","","","","",""
"41030016","15","4","","","(30000005,16)","","(1,0)","0","","","","","","","","","","","","","","","","","","","","","","","","","",""
"41030017","16","4","","","(30000005,17)","","(1,0)","0","","","","","","","","","","","","","","","","","","","","","","","","","",""
"41030018","17","4","","","(30000005,18)","","(1,0)","0","","","","","","","","","","","","","","","","","","","","","","","","","",""
"41030019","18","4","","","(30000005,19)","","(1,0)","0","","","","","","","","","","","","","","","","","","","","","","","","","",""
"41030020","19","4","","","(30000005,20)","","(1,0)","0","","","","","","","","","","","","","","","","","","","","","","","","","",""
"41030021","20","4","","","(30000005,21)","","(1,0)","0","","","","","","","","","","","","","","","","","","","","","","","","","",""
"41030022","21","4","","","(30000005,22)","","(1,0)","0","","","","","","","","","","","","","","","","","","","","","","","","","",""
"41030023","22","4","","","(30000005,23)","","(1,0)","0","","","","","","","","","","","","","","","","","","","","","","","","","",""
"41030024","23","4","","","(30000005,24)","","(1,0)","0","","","","","","","","","","","","","","","","","","","","","","","","","",""
"41030025","24","4","","","(30000005,25)","","(1,0)","0","","","","","","","","","","","","","","","","","","","","","","","","","",""
"41030026","25","4","","","(30000005,26)","","(1,0)","0","","","","","","","","","","","","","","","","","","","","","","","","","",""
"41030027","26","4","","","(30000005,27)","","(1,0)","0","","","","","","","","","","","","","","","","","","","","","","","","","",""
"41030028","27","4","","","(30000005,28)","","(1,0)","0","","","","","","","","","","","","","","","","","","","","","","","","","",""
"41030029","28","4","","","(30000005,29)","","(1,0)","0","","","","","","","","","","","","","","","","","","","","","","","","","",""
"41030030","29","4","","","(30000005,30)","","(1,0)","0","","","","","","","","","","","","","","","","","","","","","","","","","",""
"41030031","30","4","","","(30000005,31)","","(1,0)","0","","","","","","","","","","","","","","","","","","","","","","","","","",""
"41030032","31","4","","","(30000005,32)","","(1,0)","","","","","","","","","","","","","","","","","","","","","","","","","","",""
"41030033","32","4","","","(30000005,33)","","(1,0)","","","","","","","","","","","","","","","","","","","","","","","","","","",""
"41030034","33","4","","","(30000005,34)","","(1,0)","","","","","","","","","","","","","","","","","","","","","","","","","","",""
"41030035","34","4","","","(30000005,35)","","(1,0)","","","","","","","","","","","","","","","","","","","","","","","","","","",""
"41030036","35","4","","","(30000005,36)","","(1,0)","","","","","","","","","","","","","","","","","","","","","","","","","","",""
"41030037","36","4","","","(30000005,37)","","(1,0)","","","","","","","","","","","","","","","","","","","","","","","","","","",""
"41030038","37","4","","","(30000005,38)","","(1,0)","","","","","","","","","","","","","","","","","","","","","","","","","","",""
"41030039","38","4","","","(30000005,39)","","(1,0)","","","","","","","","","","","","","","","","","","","","","","","","","","",""
"41030040","39","4","","","(30000005,40)","","(1,0)","","","","","","","","","","","","","","","","","","","","","","","","","","",""
"41030041","40","4","","","(30000005,41)","","(1,0)","","","","","","","","","","","","","","","","","","","","","","","","","","",""
"41030042","41","4","","","(30000005,42)","","(1,0)","","","","","","","","","","","","","","","","","","","","","","","","","","",""
"41030043","42","4","","","(30000005,43)","","(1,0)","","","","","","","","","","","","","","","","","","","","","","","","","","",""
"41030044","43","4","","","(30000005,44)","","(1,0)","","","","","","","","","","","","","","","","","","","","","","","","","","",""
"41030045","44","4","","","(30000005,45)","","(1,0)","","","","","","","","","","","","","","","","","","","","","","","","","","",""
"41030046","45","4","","","(30000005,46)","","(1,0)","","","","","","","","","","","","","","","","","","","","","","","","","","",""
"41030047","46","4","","","(30000005,47)","","(1,0)","","","","","","","","","","","","","","","","","","","","","","","","","","",""
"41030048","47","4","","","(30000005,48)","","(1,0)","","","","","","","","","","","","","","","","","","","","","","","","","","",""
"41030049","48","4","","","(30000005,49)","","(1,0)","","","","","","","","","","","","","","","","","","","","","","","","","","",""
"41030050","49","4","","","(30000005,50)","","(1,0)","","","","","","","","","","","","","","","","","","","","","","","","","","",""
"41030051","50","4","","","(30000005,51)","","(1,0)","","","","","","","","","","","","","","","","","","","","","","","","","","",""
"41030052","51","4","","","(30000005,52)","","(1,0)","","","","","","","","","","","","","","","","","","","","","","","","","","",""
"41030053","52","4","","","(30000005,53)","","(1,0)","","","","","","","","","","","","","","","","","","","","","","","","","","",""
"41030054","53","4","","","(30000005,54)","","(1,0)","","","","","","","","","","","","","","","","","","","","","","","","","","",""
"41030055","54","4","","","(30000005,55)","","(1,0)","","","","","","","","","","","","","","","","","","","","","","","","","","",""
"41030056","55","4","","","(30000005,56)","","(1,0)","","","","","","","","","","","","","","","","","","","","","","","","","","",""
"41030057","56","4","","","(30000005,57)","","(1,0)","","","","","","","","","","","","","","","","","","","","","","","","","","",""
"41030058","57","4","","","(30000005,58)","","(1,0)","","","","","","","","","","","","","","","","","","","","","","","","","","",""
"41030059","58","4","","","(30000005,59)","","(1,0)","","","","","","","","","","","","","","","","","","","","","","","","","","",""
"41030060","59","4","","","(30000005,60)","","(1,0)","","","","","","","","","","","","","","","","","","","","","","","","","","",""
"41030061","60","4","","","(30000005,61)","","(1,0)","","","","","","","","","","","","","","","","","","","","","","","","","","",""
"41030062","61","4","","","(30000005,62)","","(1,0)","","","","","","","","","","","","","","","","","","","","","","","","","","",""
"41030063","62","4","","","(30000005,63)","","(1,0)","","","","","","","","","","","","","","","","","","","","","","","","","","",""
"41030064","63","4","","","(30000005,64)","","(1,0)","","","","","","","","","","","","","","","","","","","","","","","","","","",""
"41030065","64","4","","","(30000005,65)","","(1,0)","","","","","","","","","","","","","","","","","","","","","","","","","","",""
"41030066","65","4","","","(30000005,66)","","(1,0)","","","","","","","","","","","","","","","","","","","","","","","","","","",""
"41030067","66","4","","","(30000005,67)","","(1,0)","","","","","","","","","","","","","","","","","","","","","","","","","","",""
"41030068","67","4","","","(30000005,68)","","(1,0)","","","","","","","","","","","","","","","","","","","","","","","","","","",""
"41030069","68","4","","","(30000005,69)","","(1,0)","","","","","","","","","","","","","","","","","","","","","","","","","","",""
"41030070","69","4","","","(30000005,70)","","(1,0)","","","","","","","","","","","","","","","","","","","","","","","","","","",""
"41030071","70","4","","","(30000005,71)","","(1,0)","","","","","","","","","","","","","","","","","","","","","","","","","","",""
"41030072","71","4","","","(30000005,72)","","(1,0)","","","","","","","","","","","","","","","","","","","","","","","","","","",""
"41030073","72","4","","","(30000005,73)","","(1,0)","","","","","","","","","","","","","","","","","","","","","","","","","","",""
"41030074","73","4","","","(30000005,74)","","(1,0)","","","","","","","","","","","","","","","","","","","","","","","","","","",""
"41030075","74","4","","","(30000005,75)","","(1,0)","","","","","","","","","","","","","","","","","","","","","","","","","","",""
"41030076","75","4","","","(30000005,76)","","(1,0)","","","","","","","","","","","","","","","","","","","","","","","","","","",""
"41030077","76","4","","","(30000005,77)","","(1,0)","","","","","","","","","","","","","","","","","","","","","","","","","","",""
"41030078","77","4","","","(30000005,78)","","(1,0)","","","","","","","","","","","","","","","","","","","","","","","","","","",""
"41030079","78","4","","","(30000005,79)","","(1,0)","","","","","","","","","","","","","","","","","","","","","","","","","","",""
"41030080","79","4","","","(30000005,80)","","(1,0)","","","","","","","","","","","","","","","","","","","","","","","","","","",""
"41030081","80","4","","","(30000005,81)","","(1,0)","","","","","","","","","","","","","","","","","","","","","","","","","","",""
"41030082","81","4","","","(30000005,82)","","(1,0)","","","","","","","","","","","","","","","","","","","","","","","","","","",""
"41030083","82","4","","","(30000005,83)","","(1,0)","","","","","","","","","","","","","","","","","","","","","","","","","","",""
"41030084","83","4","","","(30000005,84)","","(1,0)","","","","","","","","","","","","","","","","","","","","","","","","","","",""
"41030085","84","4","","","(30000005,85)","","(1,0)","","","","","","","","","","","","","","","","","","","","","","","","","","",""
"41030086","85","4","","","(30000005,86)","","(1,0)","","","","","","","","","","","","","","","","","","","","","","","","","","",""
"41030087","86","4","","","(30000005,87)","","(1,0)","","","","","","","","","","","","","","","","","","","","","","","","","","",""
"41030088","87","4","","","(30000005,88)","","(1,0)","","","","","","","","","","","","","","","","","","","","","","","","","","",""
"41030089","88","4","","","(30000005,89)","","(1,0)","","","","","","","","","","","","","","","","","","","","","","","","","","",""
"41030090","89","4","","","(30000005,90)","","(1,0)","","","","","","","","","","","","","","","","","","","","","","","","","","",""
"41030091","90","4","","","(30000005,91)","","(1,0)","","","","","","","","","","","","","","","","","","","","","","","","","","",""
"41030092","91","4","","","(30000005,92)","","(1,0)","","","","","","","","","","","","","","","","","","","","","","","","","","",""
"41030093","92","4","","","(30000005,93)","","(1,0)","","","","","","","","","","","","","","","","","","","","","","","","","","",""
"41030094","93","4","","","(30000005,94)","","(1,0)","","","","","","","","","","","","","","","","","","","","","","","","","","",""
"41030095","94","4","","","(30000005,95)","","(1,0)","","","","","","","","","","","","","","","","","","","","","","","","","","",""
"41030096","95","4","","","(30000005,96)","","(1,0)","","","","","","","","","","","","","","","","","","","","","","","","","","",""
"41030097","96","4","","","(30000005,97)","","(1,0)","","","","","","","","","","","","","","","","","","","","","","","","","","",""
"41030098","97","4","","","(30000005,98)","","(1,0)","","","","","","","","","","","","","","","","","","","","","","","","","","",""
"41030099","98","4","","","(30000005,99)","","(1,0)","","","","","","","","","","","","","","","","","","","","","","","","","","",""
"41030100","99","4","","","(30000005,100)","","(1,0)","","","","","","","","","","","","","","","","","","","","","","","","","","",""
"41030101","100","4","","","","","","","","","","","","","","","","","","","","","","","","","","","","","","","",""
"41040001","0","5","","","(30000005,1)","","(1,0)","0","","","","","","","","","","","","","","","","","","","","","","","","","",""
"41040002","1","5","","","(30000005,2)","","(1,0)","0","","","","","","","","","","","","","","","","","","","","","","","","","",""
"41040003","2","5","","","(30000005,3)","","(1,0)","0","","","","","","","","","","","","","","","","","","","","","","","","","",""
"41040004","3","5","","","(30000005,4)","","(1,0)","0","","","","","","","","","","","","","","","","","","","","","","","","","",""
"41040005","4","5","","","(30000005,5)","","(1,0)","0","","","","","","","","","","","","","","","","","","","","","","","","","",""
"41040006","5","5","","","(30000005,6)","","(1,0)","0","","","","","","","","","","","","","","","","","","","","","","","","","",""
"41040007","6","5","","","(30000005,7)","","(1,0)","0","","","","","","","","","","","","","","","","","","","","","","","","","",""
"41040008","7","5","","","(30000005,8)","","(1,0)","0","","","","","","","","","","","","","","","","","","","","","","","","","",""
"41040009","8","5","","","(30000005,9)","","(1,0)","0","","","","","","","","","","","","","","","","","","","","","","","","","",""
"41040010","9","5","","","(30000005,10)","","(1,0)","0","","","","","","","","","","","","","","","","","","","","","","","","","",""
"41040011","10","5","","","(30000005,11)","","(1,0)","0","","","","","","","","","","","","","","","","","","","","","","","","","",""
"41040012","11","5","","","(30000005,12)","","(1,0)","0","","","","","","","","","","","","","","","","","","","","","","","","","",""
"41040013","12","5","","","(30000005,13)","","(1,0)","0","","","","","","","","","","","","","","","","","","","","","","","","","",""
"41040014","13","5","","","(30000005,14)","","(1,0)","0","","","","","","","","","","","","","","","","","","","","","","","","","",""
"41040015","14","5","","","(30000005,15)","","(1,0)","0","","","","","","","","","","","","","","","","","","","","","","","","","",""
"41040016","15","5","","","(30000005,16)","","(1,0)","0","","","","","","","","","","","","","","","","","","","","","","","","","",""
"41040017","16","5","","","(30000005,17)","","(1,0)","0","","","","","","","","","","","","","","","","","","","","","","","","","",""
"41040018","17","5","","","(30000005,18)","","(1,0)","0","","","","","","","","","","","","","","","","","","","","","","","","","",""
"41040019","18","5","","","(30000005,19)","","(1,0)","0","","","","","","","","","","","","","","","","","","","","","","","","","",""
"41040020","19","5","","","(30000005,20)","","(1,0)","0","","","","","","","","","","","","","","","","","","","","","","","","","",""
"41040021","20","5","","","(30000005,21)","","(1,0)","0","","","","","","","","","","","","","","","","","","","","","","","","","",""
"41040022","21","5","","","(30000005,22)","","(1,0)","0","","","","","","","","","","","","","","","","","","","","","","","","","",""
"41040023","22","5","","","(30000005,23)","","(1,0)","0","","","","","","","","","","","","","","","","","","","","","","","","","",""
"41040024","23","5","","","(30000005,24)","","(1,0)","0","","","","","","","","","","","","","","","","","","","","","","","","","",""
"41040025","24","5","","","(30000005,25)","","(1,0)","0","","","","","","","","","","","","","","","","","","","","","","","","","",""
"41040026","25","5","","","(30000005,26)","","(1,0)","0","","","","","","","","","","","","","","","","","","","","","","","","","",""
"41040027","26","5","","","(30000005,27)","","(1,0)","0","","","","","","","","","","","","","","","","","","","","","","","","","",""
"41040028","27","5","","","(30000005,28)","","(1,0)","0","","","","","","","","","","","","","","","","","","","","","","","","","",""
"41040029","28","5","","","(30000005,29)","","(1,0)","0","","","","","","","","","","","","","","","","","","","","","","","","","",""
"41040030","29","5","","","(30000005,30)","","(1,0)","0","","","","","","","","","","","","","","","","","","","","","","","","","",""
"41040031","30","5","","","(30000005,31)","","(1,0)","0","","","","","","","","","","","","","","","","","","","","","","","","","",""
"41040032","31","5","","","(30000005,32)","","(1,0)","","","","","","","","","","","","","","","","","","","","","","","","","","",""
"41040033","32","5","","","(30000005,33)","","(1,0)","","","","","","","","","","","","","","","","","","","","","","","","","","",""
"41040034","33","5","","","(30000005,34)","","(1,0)","","","","","","","","","","","","","","","","","","","","","","","","","","",""
"41040035","34","5","","","(30000005,35)","","(1,0)","","","","","","","","","","","","","","","","","","","","","","","","","","",""
"41040036","35","5","","","(30000005,36)","","(1,0)","","","","","","","","","","","","","","","","","","","","","","","","","","",""
"41040037","36","5","","","(30000005,37)","","(1,0)","","","","","","","","","","","","","","","","","","","","","","","","","","",""
"41040038","37","5","","","(30000005,38)","","(1,0)","","","","","","","","","","","","","","","","","","","","","","","","","","",""
"41040039","38","5","","","(30000005,39)","","(1,0)","","","","","","","","","","","","","","","","","","","","","","","","","","",""
"41040040","39","5","","","(30000005,40)","","(1,0)","","","","","","","","","","","","","","","","","","","","","","","","","","",""
"41040041","40","5","","","(30000005,41)","","(1,0)","","","","","","","","","","","","","","","","","","","","","","","","","","",""
"41040042","41","5","","","(30000005,42)","","(1,0)","","","","","","","","","","","","","","","","","","","","","","","","","","",""
"41040043","42","5","","","(30000005,43)","","(1,0)","","","","","","","","","","","","","","","","","","","","","","","","","","",""
"41040044","43","5","","","(30000005,44)","","(1,0)","","","","","","","","","","","","","","","","","","","","","","","","","","",""
"41040045","44","5","","","(30000005,45)","","(1,0)","","","","","","","","","","","","","","","","","","","","","","","","","","",""
"41040046","45","5","","","(30000005,46)","","(1,0)","","","","","","","","","","","","","","","","","","","","","","","","","","",""
"41040047","46","5","","","(30000005,47)","","(1,0)","","","","","","","","","","","","","","","","","","","","","","","","","","",""
"41040048","47","5","","","(30000005,48)","","(1,0)","","","","","","","","","","","","","","","","","","","","","","","","","","",""
"41040049","48","5","","","(30000005,49)","","(1,0)","","","","","","","","","","","","","","","","","","","","","","","","","","",""
"41040050","49","5","","","(30000005,50)","","(1,0)","","","","","","","","","","","","","","","","","","","","","","","","","","",""
"41040051","50","5","","","(30000005,51)","","(1,0)","","","","","","","","","","","","","","","","","","","","","","","","","","",""
"41040052","51","5","","","(30000005,52)","","(1,0)","","","","","","","","","","","","","","","","","","","","","","","","","","",""
"41040053","52","5","","","(30000005,53)","","(1,0)","","","","","","","","","","","","","","","","","","","","","","","","","","",""
"41040054","53","5","","","(30000005,54)","","(1,0)","","","","","","","","","","","","","","","","","","","","","","","","","","",""
"41040055","54","5","","","(30000005,55)","","(1,0)","","","","","","","","","","","","","","","","","","","","","","","","","","",""
"41040056","55","5","","","(30000005,56)","","(1,0)","","","","","","","","","","","","","","","","","","","","","","","","","","",""
"41040057","56","5","","","(30000005,57)","","(1,0)","","","","","","","","","","","","","","","","","","","","","","","","","","",""
"41040058","57","5","","","(30000005,58)","","(1,0)","","","","","","","","","","","","","","","","","","","","","","","","","","",""
"41040059","58","5","","","(30000005,59)","","(1,0)","","","","","","","","","","","","","","","","","","","","","","","","","","",""
"41040060","59","5","","","(30000005,60)","","(1,0)","","","","","","","","","","","","","","","","","","","","","","","","","","",""
"41040061","60","5","","","(30000005,61)","","(1,0)","","","","","","","","","","","","","","","","","","","","","","","","","","",""
"41040062","61","5","","","(30000005,62)","","(1,0)","","","","","","","","","","","","","","","","","","","","","","","","","","",""
"41040063","62","5","","","(30000005,63)","","(1,0)","","","","","","","","","","","","","","","","","","","","","","","","","","",""
"41040064","63","5","","","(30000005,64)","","(1,0)","","","","","","","","","","","","","","","","","","","","","","","","","","",""
"41040065","64","5","","","(30000005,65)","","(1,0)","","","","","","","","","","","","","","","","","","","","","","","","","","",""
"41040066","65","5","","","(30000005,66)","","(1,0)","","","","","","","","","","","","","","","","","","","","","","","","","","",""
"41040067","66","5","","","(30000005,67)","","(1,0)","","","","","","","","","","","","","","","","","","","","","","","","","","",""
"41040068","67","5","","","(30000005,68)","","(1,0)","","","","","","","","","","","","","","","","","","","","","","","","","","",""
"41040069","68","5","","","(30000005,69)","","(1,0)","","","","","","","","","","","","","","","","","","","","","","","","","","",""
"41040070","69","5","","","(30000005,70)","","(1,0)","","","","","","","","","","","","","","","","","","","","","","","","","","",""
"41040071","70","5","","","(30000005,71)","","(1,0)","","","","","","","","","","","","","","","","","","","","","","","","","","",""
"41040072","71","5","","","(30000005,72)","","(1,0)","","","","","","","","","","","","","","","","","","","","","","","","","","",""
"41040073","72","5","","","(30000005,73)","","(1,0)","","","","","","","","","","","","","","","","","","","","","","","","","","",""
"41040074","73","5","","","(30000005,74)","","(1,0)","","","","","","","","","","","","","","","","","","","","","","","","","","",""
"41040075","74","5","","","(30000005,75)","","(1,0)","","","","","","","","","","","","","","","","","","","","","","","","","","",""
"41040076","75","5","","","(30000005,76)","","(1,0)","","","","","","","","","","","","","","","","","","","","","","","","","","",""
"41040077","76","5","","","(30000005,77)","","(1,0)","","","","","","","","","","","","","","","","","","","","","","","","","","",""
"41040078","77","5","","","(30000005,78)","","(1,0)","","","","","","","","","","","","","","","","","","","","","","","","","","",""
"41040079","78","5","","","(30000005,79)","","(1,0)","","","","","","","","","","","","","","","","","","","","","","","","","","",""
"41040080","79","5","","","(30000005,80)","","(1,0)","","","","","","","","","","","","","","","","","","","","","","","","","","",""
"41040081","80","5","","","(30000005,81)","","(1,0)","","","","","","","","","","","","","","","","","","","","","","","","","","",""
"41040082","81","5","","","(30000005,82)","","(1,0)","","","","","","","","","","","","","","","","","","","","","","","","","","",""
"41040083","82","5","","","(30000005,83)","","(1,0)","","","","","","","","","","","","","","","","","","","","","","","","","","",""
"41040084","83","5","","","(30000005,84)","","(1,0)","","","","","","","","","","","","","","","","","","","","","","","","","","",""
"41040085","84","5","","","(30000005,85)","","(1,0)","","","","","","","","","","","","","","","","","","","","","","","","","","",""
"41040086","85","5","","","(30000005,86)","","(1,0)","","","","","","","","","","","","","","","","","","","","","","","","","","",""
"41040087","86","5","","","(30000005,87)","","(1,0)","","","","","","","","","","","","","","","","","","","","","","","","","","",""
"41040088","87","5","","","(30000005,88)","","(1,0)","","","","","","","","","","","","","","","","","","","","","","","","","","",""
"41040089","88","5","","","(30000005,89)","","(1,0)","","","","","","","","","","","","","","","","","","","","","","","","","","",""
"41040090","89","5","","","(30000005,90)","","(1,0)","","","","","","","","","","","","","","","","","","","","","","","","","","",""
"41040091","90","5","","","(30000005,91)","","(1,0)","","","","","","","","","","","","","","","","","","","","","","","","","","",""
"41040092","91","5","","","(30000005,92)","","(1,0)","","","","","","","","","","","","","","","","","","","","","","","","","","",""
"41040093","92","5","","","(30000005,93)","","(1,0)","","","","","","","","","","","","","","","","","","","","","","","","","","",""
"41040094","93","5","","","(30000005,94)","","(1,0)","","","","","","","","","","","","","","","","","","","","","","","","","","",""
"41040095","94","5","","","(30000005,95)","","(1,0)","","","","","","","","","","","","","","","","","","","","","","","","","","",""
"41040096","95","5","","","(30000005,96)","","(1,0)","","","","","","","","","","","","","","","","","","","","","","","","","","",""
"41040097","96","5","","","(30000005,97)","","(1,0)","","","","","","","","","","","","","","","","","","","","","","","","","","",""
"41040098","97","5","","","(30000005,98)","","(1,0)","","","","","","","","","","","","","","","","","","","","","","","","","","",""
"41040099","98","5","","","(30000005,99)","","(1,0)","","","","","","","","","","","","","","","","","","","","","","","","","","",""
"41040100","99","5","","","(30000005,100)","","(1,0)","","","","","","","","","","","","","","","","","","","","","","","","","","",""
"41040101","100","5","","","","","","","","","","","","","","","","","","","","","","","","","","","","","","","",""
"41050001","0","6","","","(30000005,1)","","(1,0)","0","","","","","","","","","","","","","","","","","","","","","","","","","",""
"41050002","1","6","","","(30000005,2)","","(1,0)","0","","","","","","","","","","","","","","","","","","","","","","","","","",""
"41050003","2","6","","","(30000005,3)","","(1,0)","0","","","","","","","","","","","","","","","","","","","","","","","","","",""
"41050004","3","6","","","(30000005,4)","","(1,0)","0","","","","","","","","","","","","","","","","","","","","","","","","","",""
"41050005","4","6","","","(30000005,5)","","(1,0)","0","","","","","","","","","","","","","","","","","","","","","","","","","",""
"41050006","5","6","","","(30000005,6)","","(1,0)","0","","","","","","","","","","","","","","","","","","","","","","","","","",""
"41050007","6","6","","","(30000005,7)","","(1,0)","0","","","","","","","","","","","","","","","","","","","","","","","","","",""
"41050008","7","6","","","(30000005,8)","","(1,0)","0","","","","","","","","","","","","","","","","","","","","","","","","","",""
"41050009","8","6","","","(30000005,9)","","(1,0)","0","","","","","","","","","","","","","","","","","","","","","","","","","",""
"41050010","9","6","","","(30000005,10)","","(1,0)","0","","","","","","","","","","","","","","","","","","","","","","","","","",""
"41050011","10","6","","","(30000005,11)","","(1,0)","0","","","","","","","","","","","","","","","","","","","","","","","","","",""
"41050012","11","6","","","(30000005,12)","","(1,0)","0","","","","","","","","","","","","","","","","","","","","","","","","","",""
"41050013","12","6","","","(30000005,13)","","(1,0)","0","","","","","","","","","","","","","","","","","","","","","","","","","",""
"41050014","13","6","","","(30000005,14)","","(1,0)","0","","","","","","","","","","","","","","","","","","","","","","","","","",""
"41050015","14","6","","","(30000005,15)","","(1,0)","0","","","","","","","","","","","","","","","","","","","","","","","","","",""
"41050016","15","6","","","(30000005,16)","","(1,0)","0","","","","","","","","","","","","","","","","","","","","","","","","","",""
"41050017","16","6","","","(30000005,17)","","(1,0)","0","","","","","","","","","","","","","","","","","","","","","","","","","",""
"41050018","17","6","","","(30000005,18)","","(1,0)","0","","","","","","","","","","","","","","","","","","","","","","","","","",""
"41050019","18","6","","","(30000005,19)","","(1,0)","0","","","","","","","","","","","","","","","","","","","","","","","","","",""
"41050020","19","6","","","(30000005,20)","","(1,0)","0","","","","","","","","","","","","","","","","","","","","","","","","","",""
"41050021","20","6","","","(30000005,21)","","(1,0)","0","","","","","","","","","","","","","","","","","","","","","","","","","",""
"41050022","21","6","","","(30000005,22)","","(1,0)","0","","","","","","","","","","","","","","","","","","","","","","","","","",""
"41050023","22","6","","","(30000005,23)","","(1,0)","0","","","","","","","","","","","","","","","","","","","","","","","","","",""
"41050024","23","6","","","(30000005,24)","","(1,0)","0","","","","","","","","","","","","","","","","","","","","","","","","","",""
"41050025","24","6","","","(30000005,25)","","(1,0)","0","","","","","","","","","","","","","","","","","","","","","","","","","",""
"41050026","25","6","","","(30000005,26)","","(1,0)","0","","","","","","","","","","","","","","","","","","","","","","","","","",""
"41050027","26","6","","","(30000005,27)","","(1,0)","0","","","","","","","","","","","","","","","","","","","","","","","","","",""
"41050028","27","6","","","(30000005,28)","","(1,0)","0","","","","","","","","","","","","","","","","","","","","","","","","","",""
"41050029","28","6","","","(30000005,29)","","(1,0)","0","","","","","","","","","","","","","","","","","","","","","","","","","",""
"41050030","29","6","","","(30000005,30)","","(1,0)","0","","","","","","","","","","","","","","","","","","","","","","","","","",""
"41050031","30","6","","","(30000005,31)","","(1,0)","0","","","","","","","","","","","","","","","","","","","","","","","","","",""
"41050032","31","6","","","(30000005,32)","","(1,0)","","","","","","","","","","","","","","","","","","","","","","","","","","",""
"41050033","32","6","","","(30000005,33)","","(1,0)","","","","","","","","","","","","","","","","","","","","","","","","","","",""
"41050034","33","6","","","(30000005,34)","","(1,0)","","","","","","","","","","","","","","","","","","","","","","","","","","",""
"41050035","34","6","","","(30000005,35)","","(1,0)","","","","","","","","","","","","","","","","","","","","","","","","","","",""
"41050036","35","6","","","(30000005,36)","","(1,0)","","","","","","","","","","","","","","","","","","","","","","","","","","",""
"41050037","36","6","","","(30000005,37)","","(1,0)","","","","","","","","","","","","","","","","","","","","","","","","","","",""
"41050038","37","6","","","(30000005,38)","","(1,0)","","","","","","","","","","","","","","","","","","","","","","","","","","",""
"41050039","38","6","","","(30000005,39)","","(1,0)","","","","","","","","","","","","","","","","","","","","","","","","","","",""
"41050040","39","6","","","(30000005,40)","","(1,0)","","","","","","","","","","","","","","","","","","","","","","","","","","",""
"41050041","40","6","","","(30000005,41)","","(1,0)","","","","","","","","","","","","","","","","","","","","","","","","","","",""
"41050042","41","6","","","(30000005,42)","","(1,0)","","","","","","","","","","","","","","","","","","","","","","","","","","",""
"41050043","42","6","","","(30000005,43)","","(1,0)","","","","","","","","","","","","","","","","","","","","","","","","","","",""
"41050044","43","6","","","(30000005,44)","","(1,0)","","","","","","","","","","","","","","","","","","","","","","","","","","",""
"41050045","44","6","","","(30000005,45)","","(1,0)","","","","","","","","","","","","","","","","","","","","","","","","","","",""
"41050046","45","6","","","(30000005,46)","","(1,0)","","","","","","","","","","","","","","","","","","","","","","","","","","",""
"41050047","46","6","","","(30000005,47)","","(1,0)","","","","","","","","","","","","","","","","","","","","","","","","","","",""
"41050048","47","6","","","(30000005,48)","","(1,0)","","","","","","","","","","","","","","","","","","","","","","","","","","",""
"41050049","48","6","","","(30000005,49)","","(1,0)","","","","","","","","","","","","","","","","","","","","","","","","","","",""
"41050050","49","6","","","(30000005,50)","","(1,0)","","","","","","","","","","","","","","","","","","","","","","","","","","",""
"41050051","50","6","","","(30000005,51)","","(1,0)","","","","","","","","","","","","","","","","","","","","","","","","","","",""
"41050052","51","6","","","(30000005,52)","","(1,0)","","","","","","","","","","","","","","","","","","","","","","","","","","",""
"41050053","52","6","","","(30000005,53)","","(1,0)","","","","","","","","","","","","","","","","","","","","","","","","","","",""
"41050054","53","6","","","(30000005,54)","","(1,0)","","","","","","","","","","","","","","","","","","","","","","","","","","",""
"41050055","54","6","","","(30000005,55)","","(1,0)","","","","","","","","","","","","","","","","","","","","","","","","","","",""
"41050056","55","6","","","(30000005,56)","","(1,0)","","","","","","","","","","","","","","","","","","","","","","","","","","",""
"41050057","56","6","","","(30000005,57)","","(1,0)","","","","","","","","","","","","","","","","","","","","","","","","","","",""
"41050058","57","6","","","(30000005,58)","","(1,0)","","","","","","","","","","","","","","","","","","","","","","","","","","",""
"41050059","58","6","","","(30000005,59)","","(1,0)","","","","","","","","","","","","","","","","","","","","","","","","","","",""
"41050060","59","6","","","(30000005,60)","","(1,0)","","","","","","","","","","","","","","","","","","","","","","","","","","",""
"41050061","60","6","","","(30000005,61)","","(1,0)","","","","","","","","","","","","","","","","","","","","","","","","","","",""
"41050062","61","6","","","(30000005,62)","","(1,0)","","","","","","","","","","","","","","","","","","","","","","","","","","",""
"41050063","62","6","","","(30000005,63)","","(1,0)","","","","","","","","","","","","","","","","","","","","","","","","","","",""
"41050064","63","6","","","(30000005,64)","","(1,0)","","","","","","","","","","","","","","","","","","","","","","","","","","",""
"41050065","64","6","","","(30000005,65)","","(1,0)","","","","","","","","","","","","","","","","","","","","","","","","","","",""
"41050066","65","6","","","(30000005,66)","","(1,0)","","","","","","","","","","","","","","","","","","","","","","","","","","",""
"41050067","66","6","","","(30000005,67)","","(1,0)","","","","","","","","","","","","","","","","","","","","","","","","","","",""
"41050068","67","6","","","(30000005,68)","","(1,0)","","","","","","","","","","","","","","","","","","","","","","","","","","",""
"41050069","68","6","","","(30000005,69)","","(1,0)","","","","","","","","","","","","","","","","","","","","","","","","","","",""
"41050070","69","6","","","(30000005,70)","","(1,0)","","","","","","","","","","","","","","","","","","","","","","","","","","",""
"41050071","70","6","","","(30000005,71)","","(1,0)","","","","","","","","","","","","","","","","","","","","","","","","","","",""
"41050072","71","6","","","(30000005,72)","","(1,0)","","","","","","","","","","","","","","","","","","","","","","","","","","",""
"41050073","72","6","","","(30000005,73)","","(1,0)","","","","","","","","","","","","","","","","","","","","","","","","","","",""
"41050074","73","6","","","(30000005,74)","","(1,0)","","","","","","","","","","","","","","","","","","","","","","","","","","",""
"41050075","74","6","","","(30000005,75)","","(1,0)","","","","","","","","","","","","","","","","","","","","","","","","","","",""
"41050076","75","6","","","(30000005,76)","","(1,0)","","","","","","","","","","","","","","","","","","","","","","","","","","",""
"41050077","76","6","","","(30000005,77)","","(1,0)","","","","","","","","","","","","","","","","","","","","","","","","","","",""
"41050078","77","6","","","(30000005,78)","","(1,0)","","","","","","","","","","","","","","","","","","","","","","","","","","",""
"41050079","78","6","","","(30000005,79)","","(1,0)","","","","","","","","","","","","","","","","","","","","","","","","","","",""
"41050080","79","6","","","(30000005,80)","","(1,0)","","","","","","","","","","","","","","","","","","","","","","","","","","",""
"41050081","80","6","","","(30000005,81)","","(1,0)","","","","","","","","","","","","","","","","","","","","","","","","","","",""
"41050082","81","6","","","(30000005,82)","","(1,0)","","","","","","","","","","","","","","","","","","","","","","","","","","",""
"41050083","82","6","","","(30000005,83)","","(1,0)","","","","","","","","","","","","","","","","","","","","","","","","","","",""
"41050084","83","6","","","(30000005,84)","","(1,0)","","","","","","","","","","","","","","","","","","","","","","","","","","",""
"41050085","84","6","","","(30000005,85)","","(1,0)","","","","","","","","","","","","","","","","","","","","","","","","","","",""
"41050086","85","6","","","(30000005,86)","","(1,0)","","","","","","","","","","","","","","","","","","","","","","","","","","",""
"41050087","86","6","","","(30000005,87)","","(1,0)","","","","","","","","","","","","","","","","","","","","","","","","","","",""
"41050088","87","6","","","(30000005,88)","","(1,0)","","","","","","","","","","","","","","","","","","","","","","","","","","",""
"41050089","88","6","","","(30000005,89)","","(1,0)","","","","","","","","","","","","","","","","","","","","","","","","","","",""
"41050090","89","6","","","(30000005,90)","","(1,0)","","","","","","","","","","","","","","","","","","","","","","","","","","",""
"41050091","90","6","","","(30000005,91)","","(1,0)","","","","","","","","","","","","","","","","","","","","","","","","","","",""
"41050092","91","6","","","(30000005,92)","","(1,0)","","","","","","","","","","","","","","","","","","","","","","","","","","",""
"41050093","92","6","","","(30000005,93)","","(1,0)","","","","","","","","","","","","","","","","","","","","","","","","","","",""
"41050094","93","6","","","(30000005,94)","","(1,0)","","","","","","","","","","","","","","","","","","","","","","","","","","",""
"41050095","94","6","","","(30000005,95)","","(1,0)","","","","","","","","","","","","","","","","","","","","","","","","","","",""
"41050096","95","6","","","(30000005,96)","","(1,0)","","","","","","","","","","","","","","","","","","","","","","","","","","",""
"41050097","96","6","","","(30000005,97)","","(1,0)","","","","","","","","","","","","","","","","","","","","","","","","","","",""
"41050098","97","6","","","(30000005,98)","","(1,0)","","","","","","","","","","","","","","","","","","","","","","","","","","",""
"41050099","98","6","","","(30000005,99)","","(1,0)","","","","","","","","","","","","","","","","","","","","","","","","","","",""
"41050100","99","6","","","(30000005,100)","","(1,0)","","","","","","","","","","","","","","","","","","","","","","","","","","",""
"41050101","100","6","","","","","","","","","","","","","","","","","","","","","","","","","","","","","","","",""
"41060001","0","7","","","(30000005,1)","","(1,0)","0","","","","","","","","","","","","","","","","","","","","","","","","","",""
"41060002","1","7","","","(30000005,2)","","(1,0)","0","","","","","","","","","","","","","","","","","","","","","","","","","",""
"41060003","2","7","","","(30000005,3)","","(1,0)","0","","","","","","","","","","","","","","","","","","","","","","","","","",""
"41060004","3","7","","","(30000005,4)","","(1,0)","0","","","","","","","","","","","","","","","","","","","","","","","","","",""
"41060005","4","7","","","(30000005,5)","","(1,0)","0","","","","","","","","","","","","","","","","","","","","","","","","","",""
"41060006","5","7","","","(30000005,6)","","(1,0)","0","","","","","","","","","","","","","","","","","","","","","","","","","",""
"41060007","6","7","","","(30000005,7)","","(1,0)","0","","","","","","","","","","","","","","","","","","","","","","","","","",""
"41060008","7","7","","","(30000005,8)","","(1,0)","0","","","","","","","","","","","","","","","","","","","","","","","","","",""
"41060009","8","7","","","(30000005,9)","","(1,0)","0","","","","","","","","","","","","","","","","","","","","","","","","","",""
"41060010","9","7","","","(30000005,10)","","(1,0)","0","","","","","","","","","","","","","","","","","","","","","","","","","",""
"41060011","10","7","","","(30000005,11)","","(1,0)","0","","","","","","","","","","","","","","","","","","","","","","","","","",""
"41060012","11","7","","","(30000005,12)","","(1,0)","0","","","","","","","","","","","","","","","","","","","","","","","","","",""
"41060013","12","7","","","(30000005,13)","","(1,0)","0","","","","","","","","","","","","","","","","","","","","","","","","","",""
"41060014","13","7","","","(30000005,14)","","(1,0)","0","","","","","","","","","","","","","","","","","","","","","","","","","",""
"41060015","14","7","","","(30000005,15)","","(1,0)","0","","","","","","","","","","","","","","","","","","","","","","","","","",""
"41060016","15","7","","","(30000005,16)","","(1,0)","0","","","","","","","","","","","","","","","","","","","","","","","","","",""
"41060017","16","7","","","(30000005,17)","","(1,0)","0","","","","","","","","","","","","","","","","","","","","","","","","","",""
"41060018","17","7","","","(30000005,18)","","(1,0)","0","","","","","","","","","","","","","","","","","","","","","","","","","",""
"41060019","18","7","","","(30000005,19)","","(1,0)","0","","","","","","","","","","","","","","","","","","","","","","","","","",""
"41060020","19","7","","","(30000005,20)","","(1,0)","0","","","","","","","","","","","","","","","","","","","","","","","","","",""
"41060021","20","7","","","(30000005,21)","","(1,0)","0","","","","","","","","","","","","","","","","","","","","","","","","","",""
"41060022","21","7","","","(30000005,22)","","(1,0)","0","","","","","","","","","","","","","","","","","","","","","","","","","",""
"41060023","22","7","","","(30000005,23)","","(1,0)","0","","","","","","","","","","","","","","","","","","","","","","","","","",""
"41060024","23","7","","","(30000005,24)","","(1,0)","0","","","","","","","","","","","","","","","","","","","","","","","","","",""
"41060025","24","7","","","(30000005,25)","","(1,0)","0","","","","","","","","","","","","","","","","","","","","","","","","","",""
"41060026","25","7","","","(30000005,26)","","(1,0)","0","","","","","","","","","","","","","","","","","","","","","","","","","",""
"41060027","26","7","","","(30000005,27)","","(1,0)","0","","","","","","","","","","","","","","","","","","","","","","","","","",""
"41060028","27","7","","","(30000005,28)","","(1,0)","0","","","","","","","","","","","","","","","","","","","","","","","","","",""
"41060029","28","7","","","(30000005,29)","","(1,0)","0","","","","","","","","","","","","","","","","","","","","","","","","","",""
"41060030","29","7","","","(30000005,30)","","(1,0)","0","","","","","","","","","","","","","","","","","","","","","","","","","",""
"41060031","30","7","","","(30000005,31)","","(1,0)","0","","","","","","","","","","","","","","","","","","","","","","","","","",""
"41060032","31","7","","","(30000005,32)","","(1,0)","","","","","","","","","","","","","","","","","","","","","","","","","","",""
"41060033","32","7","","","(30000005,33)","","(1,0)","","","","","","","","","","","","","","","","","","","","","","","","","","",""
"41060034","33","7","","","(30000005,34)","","(1,0)","","","","","","","","","","","","","","","","","","","","","","","","","","",""
"41060035","34","7","","","(30000005,35)","","(1,0)","","","","","","","","","","","","","","","","","","","","","","","","","","",""
"41060036","35","7","","","(30000005,36)","","(1,0)","","","","","","","","","","","","","","","","","","","","","","","","","","",""
"41060037","36","7","","","(30000005,37)","","(1,0)","","","","","","","","","","","","","","","","","","","","","","","","","","",""
"41060038","37","7","","","(30000005,38)","","(1,0)","","","","","","","","","","","","","","","","","","","","","","","","","","",""
"41060039","38","7","","","(30000005,39)","","(1,0)","","","","","","","","","","","","","","","","","","","","","","","","","","",""
"41060040","39","7","","","(30000005,40)","","(1,0)","","","","","","","","","","","","","","","","","","","","","","","","","","",""
"41060041","40","7","","","(30000005,41)","","(1,0)","","","","","","","","","","","","","","","","","","","","","","","","","","",""
"41060042","41","7","","","(30000005,42)","","(1,0)","","","","","","","","","","","","","","","","","","","","","","","","","","",""
"41060043","42","7","","","(30000005,43)","","(1,0)","","","","","","","","","","","","","","","","","","","","","","","","","","",""
"41060044","43","7","","","(30000005,44)","","(1,0)","","","","","","","","","","","","","","","","","","","","","","","","","","",""
"41060045","44","7","","","(30000005,45)","","(1,0)","","","","","","","","","","","","","","","","","","","","","","","","","","",""
"41060046","45","7","","","(30000005,46)","","(1,0)","","","","","","","","","","","","","","","","","","","","","","","","","","",""
"41060047","46","7","","","(30000005,47)","","(1,0)","","","","","","","","","","","","","","","","","","","","","","","","","","",""
"41060048","47","7","","","(30000005,48)","","(1,0)","","","","","","","","","","","","","","","","","","","","","","","","","","",""
"41060049","48","7","","","(30000005,49)","","(1,0)","","","","","","","","","","","","","","","","","","","","","","","","","","",""
"41060050","49","7","","","(30000005,50)","","(1,0)","","","","","","","","","","","","","","","","","","","","","","","","","","",""
"41060051","50","7","","","(30000005,51)","","(1,0)","","","","","","","","","","","","","","","","","","","","","","","","","","",""
"41060052","51","7","","","(30000005,52)","","(1,0)","","","","","","","","","","","","","","","","","","","","","","","","","","",""
"41060053","52","7","","","(30000005,53)","","(1,0)","","","","","","","","","","","","","","","","","","","","","","","","","","",""
"41060054","53","7","","","(30000005,54)","","(1,0)","","","","","","","","","","","","","","","","","","","","","","","","","","",""
"41060055","54","7","","","(30000005,55)","","(1,0)","","","","","","","","","","","","","","","","","","","","","","","","","","",""
"41060056","55","7","","","(30000005,56)","","(1,0)","","","","","","","","","","","","","","","","","","","","","","","","","","",""
"41060057","56","7","","","(30000005,57)","","(1,0)","","","","","","","","","","","","","","","","","","","","","","","","","","",""
"41060058","57","7","","","(30000005,58)","","(1,0)","","","","","","","","","","","","","","","","","","","","","","","","","","",""
"41060059","58","7","","","(30000005,59)","","(1,0)","","","","","","","","","","","","","","","","","","","","","","","","","","",""
"41060060","59","7","","","(30000005,60)","","(1,0)","","","","","","","","","","","","","","","","","","","","","","","","","","",""
"41060061","60","7","","","(30000005,61)","","(1,0)","","","","","","","","","","","","","","","","","","","","","","","","","","",""
"41060062","61","7","","","(30000005,62)","","(1,0)","","","","","","","","","","","","","","","","","","","","","","","","","","",""
"41060063","62","7","","","(30000005,63)","","(1,0)","","","","","","","","","","","","","","","","","","","","","","","","","","",""
"41060064","63","7","","","(30000005,64)","","(1,0)","","","","","","","","","","","","","","","","","","","","","","","","","","",""
"41060065","64","7","","","(30000005,65)","","(1,0)","","","","","","","","","","","","","","","","","","","","","","","","","","",""
"41060066","65","7","","","(30000005,66)","","(1,0)","","","","","","","","","","","","","","","","","","","","","","","","","","",""
"41060067","66","7","","","(30000005,67)","","(1,0)","","","","","","","","","","","","","","","","","","","","","","","","","","",""
"41060068","67","7","","","(30000005,68)","","(1,0)","","","","","","","","","","","","","","","","","","","","","","","","","","",""
"41060069","68","7","","","(30000005,69)","","(1,0)","","","","","","","","","","","","","","","","","","","","","","","","","","",""
"41060070","69","7","","","(30000005,70)","","(1,0)","","","","","","","","","","","","","","","","","","","","","","","","","","",""
"41060071","70","7","","","(30000005,71)","","(1,0)","","","","","","","","","","","","","","","","","","","","","","","","","","",""
"41060072","71","7","","","(30000005,72)","","(1,0)","","","","","","","","","","","","","","","","","","","","","","","","","","",""
"41060073","72","7","","","(30000005,73)","","(1,0)","","","","","","","","","","","","","","","","","","","","","","","","","","",""
"41060074","73","7","","","(30000005,74)","","(1,0)","","","","","","","","","","","","","","","","","","","","","","","","","","",""
"41060075","74","7","","","(30000005,75)","","(1,0)","","","","","","","","","","","","","","","","","","","","","","","","","","",""
"41060076","75","7","","","(30000005,76)","","(1,0)","","","","","","","","","","","","","","","","","","","","","","","","","","",""
"41060077","76","7","","","(30000005,77)","","(1,0)","","","","","","","","","","","","","","","","","","","","","","","","","","",""
"41060078","77","7","","","(30000005,78)","","(1,0)","","","","","","","","","","","","","","","","","","","","","","","","","","",""
"41060079","78","7","","","(30000005,79)","","(1,0)","","","","","","","","","","","","","","","","","","","","","","","","","","",""
"41060080","79","7","","","(30000005,80)","","(1,0)","","","","","","","","","","","","","","","","","","","","","","","","","","",""
"41060081","80","7","","","(30000005,81)","","(1,0)","","","","","","","","","","","","","","","","","","","","","","","","","","",""
"41060082","81","7","","","(30000005,82)","","(1,0)","","","","","","","","","","","","","","","","","","","","","","","","","","",""
"41060083","82","7","","","(30000005,83)","","(1,0)","","","","","","","","","","","","","","","","","","","","","","","","","","",""
"41060084","83","7","","","(30000005,84)","","(1,0)","","","","","","","","","","","","","","","","","","","","","","","","","","",""
"41060085","84","7","","","(30000005,85)","","(1,0)","","","","","","","","","","","","","","","","","","","","","","","","","","",""
"41060086","85","7","","","(30000005,86)","","(1,0)","","","","","","","","","","","","","","","","","","","","","","","","","","",""
"41060087","86","7","","","(30000005,87)","","(1,0)","","","","","","","","","","","","","","","","","","","","","","","","","","",""
"41060088","87","7","","","(30000005,88)","","(1,0)","","","","","","","","","","","","","","","","","","","","","","","","","","",""
"41060089","88","7","","","(30000005,89)","","(1,0)","","","","","","","","","","","","","","","","","","","","","","","","","","",""
"41060090","89","7","","","(30000005,90)","","(1,0)","","","","","","","","","","","","","","","","","","","","","","","","","","",""
"41060091","90","7","","","(30000005,91)","","(1,0)","","","","","","","","","","","","","","","","","","","","","","","","","","",""
"41060092","91","7","","","(30000005,92)","","(1,0)","","","","","","","","","","","","","","","","","","","","","","","","","","",""
"41060093","92","7","","","(30000005,93)","","(1,0)","","","","","","","","","","","","","","","","","","","","","","","","","","",""
"41060094","93","7","","","(30000005,94)","","(1,0)","","","","","","","","","","","","","","","","","","","","","","","","","","",""
"41060095","94","7","","","(30000005,95)","","(1,0)","","","","","","","","","","","","","","","","","","","","","","","","","","",""
"41060096","95","7","","","(30000005,96)","","(1,0)","","","","","","","","","","","","","","","","","","","","","","","","","","",""
"41060097","96","7","","","(30000005,97)","","(1,0)","","","","","","","","","","","","","","","","","","","","","","","","","","",""
"41060098","97","7","","","(30000005,98)","","(1,0)","","","","","","","","","","","","","","","","","","","","","","","","","","",""
"41060099","98","7","","","(30000005,99)","","(1,0)","","","","","","","","","","","","","","","","","","","","","","","","","","",""
"41060100","99","7","","","(30000005,100)","","(1,0)","","","","","","","","","","","","","","","","","","","","","","","","","","",""
"41060101","100","7","","","","","","","","","","","","","","","","","","","","","","","","","","","","","","","",""
"41070001","0","8","","","(30000005,1)","","(1,0)","0","","","","","","","","","","","","","","","","","","","","","","","","","",""
"41070002","1","8","","","(30000005,2)","","(1,0)","0","","","","","","","","","","","","","","","","","","","","","","","","","",""
"41070003","2","8","","","(30000005,3)","","(1,0)","0","","","","","","","","","","","","","","","","","","","","","","","","","",""
"41070004","3","8","","","(30000005,4)","","(1,0)","0","","","","","","","","","","","","","","","","","","","","","","","","","",""
"41070005","4","8","","","(30000005,5)","","(1,0)","0","","","","","","","","","","","","","","","","","","","","","","","","","",""
"41070006","5","8","","","(30000005,6)","","(1,0)","0","","","","","","","","","","","","","","","","","","","","","","","","","",""
"41070007","6","8","","","(30000005,7)","","(1,0)","0","","","","","","","","","","","","","","","","","","","","","","","","","",""
"41070008","7","8","","","(30000005,8)","","(1,0)","0","","","","","","","","","","","","","","","","","","","","","","","","","",""
"41070009","8","8","","","(30000005,9)","","(1,0)","0","","","","","","","","","","","","","","","","","","","","","","","","","",""
"41070010","9","8","","","(30000005,10)","","(1,0)","0","","","","","","","","","","","","","","","","","","","","","","","","","",""
"41070011","10","8","","","(30000005,11)","","(1,0)","0","","","","","","","","","","","","","","","","","","","","","","","","","",""
"41070012","11","8","","","(30000005,12)","","(1,0)","0","","","","","","","","","","","","","","","","","","","","","","","","","",""
"41070013","12","8","","","(30000005,13)","","(1,0)","0","","","","","","","","","","","","","","","","","","","","","","","","","",""
"41070014","13","8","","","(30000005,14)","","(1,0)","0","","","","","","","","","","","","","","","","","","","","","","","","","",""
"41070015","14","8","","","(30000005,15)","","(1,0)","0","","","","","","","","","","","","","","","","","","","","","","","","","",""
"41070016","15","8","","","(30000005,16)","","(1,0)","0","","","","","","","","","","","","","","","","","","","","","","","","","",""
"41070017","16","8","","","(30000005,17)","","(1,0)","0","","","","","","","","","","","","","","","","","","","","","","","","","",""
"41070018","17","8","","","(30000005,18)","","(1,0)","0","","","","","","","","","","","","","","","","","","","","","","","","","",""
"41070019","18","8","","","(30000005,19)","","(1,0)","0","","","","","","","","","","","","","","","","","","","","","","","","","",""
"41070020","19","8","","","(30000005,20)","","(1,0)","0","","","","","","","","","","","","","","","","","","","","","","","","","",""
"41070021","20","8","","","(30000005,21)","","(1,0)","0","","","","","","","","","","","","","","","","","","","","","","","","","",""
"41070022","21","8","","","(30000005,22)","","(1,0)","0","","","","","","","","","","","","","","","","","","","","","","","","","",""
"41070023","22","8","","","(30000005,23)","","(1,0)","0","","","","","","","","","","","","","","","","","","","","","","","","","",""
"41070024","23","8","","","(30000005,24)","","(1,0)","0","","","","","","","","","","","","","","","","","","","","","","","","","",""
"41070025","24","8","","","(30000005,25)","","(1,0)","0","","","","","","","","","","","","","","","","","","","","","","","","","",""
"41070026","25","8","","","(30000005,26)","","(1,0)","0","","","","","","","","","","","","","","","","","","","","","","","","","",""
"41070027","26","8","","","(30000005,27)","","(1,0)","0","","","","","","","","","","","","","","","","","","","","","","","","","",""
"41070028","27","8","","","(30000005,28)","","(1,0)","0","","","","","","","","","","","","","","","","","","","","","","","","","",""
"41070029","28","8","","","(30000005,29)","","(1,0)","0","","","","","","","","","","","","","","","","","","","","","","","","","",""
"41070030","29","8","","","(30000005,30)","","(1,0)","0","","","","","","","","","","","","","","","","","","","","","","","","","",""
"41070031","30","8","","","(30000005,31)","","(1,0)","0","","","","","","","","","","","","","","","","","","","","","","","","","",""
"41070032","31","8","","","(30000005,32)","","(1,0)","","","","","","","","","","","","","","","","","","","","","","","","","","",""
"41070033","32","8","","","(30000005,33)","","(1,0)","","","","","","","","","","","","","","","","","","","","","","","","","","",""
"41070034","33","8","","","(30000005,34)","","(1,0)","","","","","","","","","","","","","","","","","","","","","","","","","","",""
"41070035","34","8","","","(30000005,35)","","(1,0)","","","","","","","","","","","","","","","","","","","","","","","","","","",""
"41070036","35","8","","","(30000005,36)","","(1,0)","","","","","","","","","","","","","","","","","","","","","","","","","","",""
"41070037","36","8","","","(30000005,37)","","(1,0)","","","","","","","","","","","","","","","","","","","","","","","","","","",""
"41070038","37","8","","","(30000005,38)","","(1,0)","","","","","","","","","","","","","","","","","","","","","","","","","","",""
"41070039","38","8","","","(30000005,39)","","(1,0)","","","","","","","","","","","","","","","","","","","","","","","","","","",""
"41070040","39","8","","","(30000005,40)","","(1,0)","","","","","","","","","","","","","","","","","","","","","","","","","","",""
"41070041","40","8","","","(30000005,41)","","(1,0)","","","","","","","","","","","","","","","","","","","","","","","","","","",""
"41070042","41","8","","","(30000005,42)","","(1,0)","","","","","","","","","","","","","","","","","","","","","","","","","","",""
"41070043","42","8","","","(30000005,43)","","(1,0)","","","","","","","","","","","","","","","","","","","","","","","","","","",""
"41070044","43","8","","","(30000005,44)","","(1,0)","","","","","","","","","","","","","","","","","","","","","","","","","","",""
"41070045","44","8","","","(30000005,45)","","(1,0)","","","","","","","","","","","","","","","","","","","","","","","","","","",""
"41070046","45","8","","","(30000005,46)","","(1,0)","","","","","","","","","","","","","","","","","","","","","","","","","","",""
"41070047","46","8","","","(30000005,47)","","(1,0)","","","","","","","","","","","","","","","","","","","","","","","","","","",""
"41070048","47","8","","","(30000005,48)","","(1,0)","","","","","","","","","","","","","","","","","","","","","","","","","","",""
"41070049","48","8","","","(30000005,49)","","(1,0)","","","","","","","","","","","","","","","","","","","","","","","","","","",""
"41070050","49","8","","","(30000005,50)","","(1,0)","","","","","","","","","","","","","","","","","","","","","","","","","","",""
"41070051","50","8","","","(30000005,51)","","(1,0)","","","","","","","","","","","","","","","","","","","","","","","","","","",""
"41070052","51","8","","","(30000005,52)","","(1,0)","","","","","","","","","","","","","","","","","","","","","","","","","","",""
"41070053","52","8","","","(30000005,53)","","(1,0)","","","","","","","","","","","","","","","","","","","","","","","","","","",""
"41070054","53","8","","","(30000005,54)","","(1,0)","","","","","","","","","","","","","","","","","","","","","","","","","","",""
"41070055","54","8","","","(30000005,55)","","(1,0)","","","","","","","","","","","","","","","","","","","","","","","","","","",""
"41070056","55","8","","","(30000005,56)","","(1,0)","","","","","","","","","","","","","","","","","","","","","","","","","","",""
"41070057","56","8","","","(30000005,57)","","(1,0)","","","","","","","","","","","","","","","","","","","","","","","","","","",""
"41070058","57","8","","","(30000005,58)","","(1,0)","","","","","","","","","","","","","","","","","","","","","","","","","","",""
"41070059","58","8","","","(30000005,59)","","(1,0)","","","","","","","","","","","","","","","","","","","","","","","","","","",""
"41070060","59","8","","","(30000005,60)","","(1,0)","","","","","","","","","","","","","","","","","","","","","","","","","","",""
"41070061","60","8","","","(30000005,61)","","(1,0)","","","","","","","","","","","","","","","","","","","","","","","","","","",""
"41070062","61","8","","","(30000005,62)","","(1,0)","","","","","","","","","","","","","","","","","","","","","","","","","","",""
"41070063","62","8","","","(30000005,63)","","(1,0)","","","","","","","","","","","","","","","","","","","","","","","","","","",""
"41070064","63","8","","","(30000005,64)","","(1,0)","","","","","","","","","","","","","","","","","","","","","","","","","","",""
"41070065","64","8","","","(30000005,65)","","(1,0)","","","","","","","","","","","","","","","","","","","","","","","","","","",""
"41070066","65","8","","","(30000005,66)","","(1,0)","","","","","","","","","","","","","","","","","","","","","","","","","","",""
"41070067","66","8","","","(30000005,67)","","(1,0)","","","","","","","","","","","","","","","","","","","","","","","","","","",""
"41070068","67","8","","","(30000005,68)","","(1,0)","","","","","","","","","","","","","","","","","","","","","","","","","","",""
"41070069","68","8","","","(30000005,69)","","(1,0)","","","","","","","","","","","","","","","","","","","","","","","","","","",""
"41070070","69","8","","","(30000005,70)","","(1,0)","","","","","","","","","","","","","","","","","","","","","","","","","","",""
"41070071","70","8","","","(30000005,71)","","(1,0)","","","","","","","","","","","","","","","","","","","","","","","","","","",""
"41070072","71","8","","","(30000005,72)","","(1,0)","","","","","","","","","","","","","","","","","","","","","","","","","","",""
"41070073","72","8","","","(30000005,73)","","(1,0)","","","","","","","","","","","","","","","","","","","","","","","","","","",""
"41070074","73","8","","","(30000005,74)","","(1,0)","","","","","","","","","","","","","","","","","","","","","","","","","","",""
"41070075","74","8","","","(30000005,75)","","(1,0)","","","","","","","","","","","","","","","","","","","","","","","","","","",""
"41070076","75","8","","","(30000005,76)","","(1,0)","","","","","","","","","","","","","","","","","","","","","","","","","","",""
"41070077","76","8","","","(30000005,77)","","(1,0)","","","","","","","","","","","","","","","","","","","","","","","","","","",""
"41070078","77","8","","","(30000005,78)","","(1,0)","","","","","","","","","","","","","","","","","","","","","","","","","","",""
"41070079","78","8","","","(30000005,79)","","(1,0)","","","","","","","","","","","","","","","","","","","","","","","","","","",""
"41070080","79","8","","","(30000005,80)","","(1,0)","","","","","","","","","","","","","","","","","","","","","","","","","","",""
"41070081","80","8","","","(30000005,81)","","(1,0)","","","","","","","","","","","","","","","","","","","","","","","","","","",""
"41070082","81","8","","","(30000005,82)","","(1,0)","","","","","","","","","","","","","","","","","","","","","","","","","","",""
"41070083","82","8","","","(30000005,83)","","(1,0)","","","","","","","","","","","","","","","","","","","","","","","","","","",""
"41070084","83","8","","","(30000005,84)","","(1,0)","","","","","","","","","","","","","","","","","","","","","","","","","","",""
"41070085","84","8","","","(30000005,85)","","(1,0)","","","","","","","","","","","","","","","","","","","","","","","","","","",""
"41070086","85","8","","","(30000005,86)","","(1,0)","","","","","","","","","","","","","","","","","","","","","","","","","","",""
"41070087","86","8","","","(30000005,87)","","(1,0)","","","","","","","","","","","","","","","","","","","","","","","","","","",""
"41070088","87","8","","","(30000005,88)","","(1,0)","","","","","","","","","","","","","","","","","","","","","","","","","","",""
"41070089","88","8","","","(30000005,89)","","(1,0)","","","","","","","","","","","","","","","","","","","","","","","","","","",""
"41070090","89","8","","","(30000005,90)","","(1,0)","","","","","","","","","","","","","","","","","","","","","","","","","","",""
"41070091","90","8","","","(30000005,91)","","(1,0)","","","","","","","","","","","","","","","","","","","","","","","","","","",""
"41070092","91","8","","","(30000005,92)","","(1,0)","","","","","","","","","","","","","","","","","","","","","","","","","","",""
"41070093","92","8","","","(30000005,93)","","(1,0)","","","","","","","","","","","","","","","","","","","","","","","","","","",""
"41070094","93","8","","","(30000005,94)","","(1,0)","","","","","","","","","","","","","","","","","","","","","","","","","","",""
"41070095","94","8","","","(30000005,95)","","(1,0)","","","","","","","","","","","","","","","","","","","","","","","","","","",""
"41070096","95","8","","","(30000005,96)","","(1,0)","","","","","","","","","","","","","","","","","","","","","","","","","","",""
"41070097","96","8","","","(30000005,97)","","(1,0)","","","","","","","","","","","","","","","","","","","","","","","","","","",""
"41070098","97","8","","","(30000005,98)","","(1,0)","","","","","","","","","","","","","","","","","","","","","","","","","","",""
"41070099","98","8","","","(30000005,99)","","(1,0)","","","","","","","","","","","","","","","","","","","","","","","","","","",""
"41070100","99","8","","","(30000005,100)","","(1,0)","","","","","","","","","","","","","","","","","","","","","","","","","","",""
"41070101","100","8","","","","","","","","","","","","","","","","","","","","","","","","","","","","","","","",""
"41080001","0","9","","","(30000005,1)","","(1,0)","0","","","","","","","","","","","","","","","","","","","","","","","","","",""
"41080002","1","9","","","(30000005,2)","","(1,0)","0","","","","","","","","","","","","","","","","","","","","","","","","","",""
"41080003","2","9","","","(30000005,3)","","(1,0)","0","","","","","","","","","","","","","","","","","","","","","","","","","",""
"41080004","3","9","","","(30000005,4)","","(1,0)","0","","","","","","","","","","","","","","","","","","","","","","","","","",""
"41080005","4","9","","","(30000005,5)","","(1,0)","0","","","","","","","","","","","","","","","","","","","","","","","","","",""
"41080006","5","9","","","(30000005,6)","","(1,0)","0","","","","","","","","","","","","","","","","","","","","","","","","","",""
"41080007","6","9","","","(30000005,7)","","(1,0)","0","","","","","","","","","","","","","","","","","","","","","","","","","",""
"41080008","7","9","","","(30000005,8)","","(1,0)","0","","","","","","","","","","","","","","","","","","","","","","","","","",""
"41080009","8","9","","","(30000005,9)","","(1,0)","0","","","","","","","","","","","","","","","","","","","","","","","","","",""
"41080010","9","9","","","(30000005,10)","","(1,0)","0","","","","","","","","","","","","","","","","","","","","","","","","","",""
"41080011","10","9","","","(30000005,11)","","(1,0)","0","","","","","","","","","","","","","","","","","","","","","","","","","",""
"41080012","11","9","","","(30000005,12)","","(1,0)","0","","","","","","","","","","","","","","","","","","","","","","","","","",""
"41080013","12","9","","","(30000005,13)","","(1,0)","0","","","","","","","","","","","","","","","","","","","","","","","","","",""
"41080014","13","9","","","(30000005,14)","","(1,0)","0","","","","","","","","","","","","","","","","","","","","","","","","","",""
"41080015","14","9","","","(30000005,15)","","(1,0)","0","","","","","","","","","","","","","","","","","","","","","","","","","",""
"41080016","15","9","","","(30000005,16)","","(1,0)","0","","","","","","","","","","","","","","","","","","","","","","","","","",""
"41080017","16","9","","","(30000005,17)","","(1,0)","0","","","","","","","","","","","","","","","","","","","","","","","","","",""
"41080018","17","9","","","(30000005,18)","","(1,0)","0","","","","","","","","","","","","","","","","","","","","","","","","","",""
"41080019","18","9","","","(30000005,19)","","(1,0)","0","","","","","","","","","","","","","","","","","","","","","","","","","",""
"41080020","19","9","","","(30000005,20)","","(1,0)","0","","","","","","","","","","","","","","","","","","","","","","","","","",""
"41080021","20","9","","","(30000005,21)","","(1,0)","0","","","","","","","","","","","","","","","","","","","","","","","","","",""
"41080022","21","9","","","(30000005,22)","","(1,0)","0","","","","","","","","","","","","","","","","","","","","","","","","","",""
"41080023","22","9","","","(30000005,23)","","(1,0)","0","","","","","","","","","","","","","","","","","","","","","","","","","",""
"41080024","23","9","","","(30000005,24)","","(1,0)","0","","","","","","","","","","","","","","","","","","","","","","","","","",""
"41080025","24","9","","","(30000005,25)","","(1,0)","0","","","","","","","","","","","","","","","","","","","","","","","","","",""
"41080026","25","9","","","(30000005,26)","","(1,0)","0","","","","","","","","","","","","","","","","","","","","","","","","","",""
"41080027","26","9","","","(30000005,27)","","(1,0)","0","","","","","","","","","","","","","","","","","","","","","","","","","",""
"41080028","27","9","","","(30000005,28)","","(1,0)","0","","","","","","","","","","","","","","","","","","","","","","","","","",""
"41080029","28","9","","","(30000005,29)","","(1,0)","0","","","","","","","","","","","","","","","","","","","","","","","","","",""
"41080030","29","9","","","(30000005,30)","","(1,0)","0","","","","","","","","","","","","","","","","","","","","","","","","","",""
"41080031","30","9","","","(30000005,31)","","(1,0)","0","","","","","","","","","","","","","","","","","","","","","","","","","",""
"41080032","31","9","","","(30000005,32)","","(1,0)","","","","","","","","","","","","","","","","","","","","","","","","","","",""
"41080033","32","9","","","(30000005,33)","","(1,0)","","","","","","","","","","","","","","","","","","","","","","","","","","",""
"41080034","33","9","","","(30000005,34)","","(1,0)","","","","","","","","","","","","","","","","","","","","","","","","","","",""
"41080035","34","9","","","(30000005,35)","","(1,0)","","","","","","","","","","","","","","","","","","","","","","","","","","",""
"41080036","35","9","","","(30000005,36)","","(1,0)","","","","","","","","","","","","","","","","","","","","","","","","","","",""
"41080037","36","9","","","(30000005,37)","","(1,0)","","","","","","","","","","","","","","","","","","","","","","","","","","",""
"41080038","37","9","","","(30000005,38)","","(1,0)","","","","","","","","","","","","","","","","","","","","","","","","","","",""
"41080039","38","9","","","(30000005,39)","","(1,0)","","","","","","","","","","","","","","","","","","","","","","","","","","",""
"41080040","39","9","","","(30000005,40)","","(1,0)","","","","","","","","","","","","","","","","","","","","","","","","","","",""
"41080041","40","9","","","(30000005,41)","","(1,0)","","","","","","","","","","","","","","","","","","","","","","","","","","",""
"41080042","41","9","","","(30000005,42)","","(1,0)","","","","","","","","","","","","","","","","","","","","","","","","","","",""
"41080043","42","9","","","(30000005,43)","","(1,0)","","","","","","","","","","","","","","","","","","","","","","","","","","",""
"41080044","43","9","","","(30000005,44)","","(1,0)","","","","","","","","","","","","","","","","","","","","","","","","","","",""
"41080045","44","9","","","(30000005,45)","","(1,0)","","","","","","","","","","","","","","","","","","","","","","","","","","",""
"41080046","45","9","","","(30000005,46)","","(1,0)","","","","","","","","","","","","","","","","","","","","","","","","","","",""
"41080047","46","9","","","(30000005,47)","","(1,0)","","","","","","","","","","","","","","","","","","","","","","","","","","",""
"41080048","47","9","","","(30000005,48)","","(1,0)","","","","","","","","","","","","","","","","","","","","","","","","","","",""
"41080049","48","9","","","(30000005,49)","","(1,0)","","","","","","","","","","","","","","","","","","","","","","","","","","",""
"41080050","49","9","","","(30000005,50)","","(1,0)","","","","","","","","","","","","","","","","","","","","","","","","","","",""
"41080051","50","9","","","(30000005,51)","","(1,0)","","","","","","","","","","","","","","","","","","","","","","","","","","",""
"41080052","51","9","","","(30000005,52)","","(1,0)","","","","","","","","","","","","","","","","","","","","","","","","","","",""
"41080053","52","9","","","(30000005,53)","","(1,0)","","","","","","","","","","","","","","","","","","","","","","","","","","",""
"41080054","53","9","","","(30000005,54)","","(1,0)","","","","","","","","","","","","","","","","","","","","","","","","","","",""
"41080055","54","9","","","(30000005,55)","","(1,0)","","","","","","","","","","","","","","","","","","","","","","","","","","",""
"41080056","55","9","","","(30000005,56)","","(1,0)","","","","","","","","","","","","","","","","","","","","","","","","","","",""
"41080057","56","9","","","(30000005,57)","","(1,0)","","","","","","","","","","","","","","","","","","","","","","","","","","",""
"41080058","57","9","","","(30000005,58)","","(1,0)","","","","","","","","","","","","","","","","","","","","","","","","","","",""
"41080059","58","9","","","(30000005,59)","","(1,0)","","","","","","","","","","","","","","","","","","","","","","","","","","",""
"41080060","59","9","","","(30000005,60)","","(1,0)","","","","","","","","","","","","","","","","","","","","","","","","","","",""
"41080061","60","9","","","(30000005,61)","","(1,0)","","","","","","","","","","","","","","","","","","","","","","","","","","",""
"41080062","61","9","","","(30000005,62)","","(1,0)","","","","","","","","","","","","","","","","","","","","","","","","","","",""
"41080063","62","9","","","(30000005,63)","","(1,0)","","","","","","","","","","","","","","","","","","","","","","","","","","",""
"41080064","63","9","","","(30000005,64)","","(1,0)","","","","","","","","","","","","","","","","","","","","","","","","","","",""
"41080065","64","9","","","(30000005,65)","","(1,0)","","","","","","","","","","","","","","","","","","","","","","","","","","",""
"41080066","65","9","","","(30000005,66)","","(1,0)","","","","","","","","","","","","","","","","","","","","","","","","","","",""
"41080067","66","9","","","(30000005,67)","","(1,0)","","","","","","","","","","","","","","","","","","","","","","","","","","",""
"41080068","67","9","","","(30000005,68)","","(1,0)","","","","","","","","","","","","","","","","","","","","","","","","","","",""
"41080069","68","9","","","(30000005,69)","","(1,0)","","","","","","","","","","","","","","","","","","","","","","","","","","",""
"41080070","69","9","","","(30000005,70)","","(1,0)","","","","","","","","","","","","","","","","","","","","","","","","","","",""
"41080071","70","9","","","(30000005,71)","","(1,0)","","","","","","","","","","","","","","","","","","","","","","","","","","",""
"41080072","71","9","","","(30000005,72)","","(1,0)","","","","","","","","","","","","","","","","","","","","","","","","","","",""
"41080073","72","9","","","(30000005,73)","","(1,0)","","","","","","","","","","","","","","","","","","","","","","","","","","",""
"41080074","73","9","","","(30000005,74)","","(1,0)","","","","","","","","","","","","","","","","","","","","","","","","","","",""
"41080075","74","9","","","(30000005,75)","","(1,0)","","","","","","","","","","","","","","","","","","","","","","","","","","",""
"41080076","75","9","","","(30000005,76)","","(1,0)","","","","","","","","","","","","","","","","","","","","","","","","","","",""
"41080077","76","9","","","(30000005,77)","","(1,0)","","","","","","","","","","","","","","","","","","","","","","","","","","",""
"41080078","77","9","","","(30000005,78)","","(1,0)","","","","","","","","","","","","","","","","","","","","","","","","","","",""
"41080079","78","9","","","(30000005,79)","","(1,0)","","","","","","","","","","","","","","","","","","","","","","","","","","",""
"41080080","79","9","","","(30000005,80)","","(1,0)","","","","","","","","","","","","","","","","","","","","","","","","","","",""
"41080081","80","9","","","(30000005,81)","","(1,0)","","","","","","","","","","","","","","","","","","","","","","","","","","",""
"41080082","81","9","","","(30000005,82)","","(1,0)","","","","","","","","","","","","","","","","","","","","","","","","","","",""
"41080083","82","9","","","(30000005,83)","","(1,0)","","","","","","","","","","","","","","","","","","","","","","","","","","",""
"41080084","83","9","","","(30000005,84)","","(1,0)","","","","","","","","","","","","","","","","","","","","","","","","","","",""
"41080085","84","9","","","(30000005,85)","","(1,0)","","","","","","","","","","","","","","","","","","","","","","","","","","",""
"41080086","85","9","","","(30000005,86)","","(1,0)","","","","","","","","","","","","","","","","","","","","","","","","","","",""
"41080087","86","9","","","(30000005,87)","","(1,0)","","","","","","","","","","","","","","","","","","","","","","","","","","",""
"41080088","87","9","","","(30000005,88)","","(1,0)","","","","","","","","","","","","","","","","","","","","","","","","","","",""
"41080089","88","9","","","(30000005,89)","","(1,0)","","","","","","","","","","","","","","","","","","","","","","","","","","",""
"41080090","89","9","","","(30000005,90)","","(1,0)","","","","","","","","","","","","","","","","","","","","","","","","","","",""
"41080091","90","9","","","(30000005,91)","","(1,0)","","","","","","","","","","","","","","","","","","","","","","","","","","",""
"41080092","91","9","","","(30000005,92)","","(1,0)","","","","","","","","","","","","","","","","","","","","","","","","","","",""
"41080093","92","9","","","(30000005,93)","","(1,0)","","","","","","","","","","","","","","","","","","","","","","","","","","",""
"41080094","93","9","","","(30000005,94)","","(1,0)","","","","","","","","","","","","","","","","","","","","","","","","","","",""
"41080095","94","9","","","(30000005,95)","","(1,0)","","","","","","","","","","","","","","","","","","","","","","","","","","",""
"41080096","95","9","","","(30000005,96)","","(1,0)","","","","","","","","","","","","","","","","","","","","","","","","","","",""
"41080097","96","9","","","(30000005,97)","","(1,0)","","","","","","","","","","","","","","","","","","","","","","","","","","",""
"41080098","97","9","","","(30000005,98)","","(1,0)","","","","","","","","","","","","","","","","","","","","","","","","","","",""
"41080099","98","9","","","(30000005,99)","","(1,0)","","","","","","","","","","","","","","","","","","","","","","","","","","",""
"41080100","99","9","","","(30000005,100)","","(1,0)","","","","","","","","","","","","","","","","","","","","","","","","","","",""
"41080101","100","9","","","","","","","","","","","","","","","","","","","","","","","","","","","","","","","",""
"41090001","0","10","","","(30000005,1)","","(1,0)","0","","","","","","","","","","","","","","","","","","","","","","","","","",""
"41090002","1","10","","","(30000005,2)","","(1,0)","0","","","","","","","","","","","","","","","","","","","","","","","","","",""
"41090003","2","10","","","(30000005,3)","","(1,0)","0","","","","","","","","","","","","","","","","","","","","","","","","","",""
"41090004","3","10","","","(30000005,4)","","(1,0)","0","","","","","","","","","","","","","","","","","","","","","","","","","",""
"41090005","4","10","","","(30000005,5)","","(1,0)","0","","","","","","","","","","","","","","","","","","","","","","","","","",""
"41090006","5","10","","","(30000005,6)","","(1,0)","0","","","","","","","","","","","","","","","","","","","","","","","","","",""
"41090007","6","10","","","(30000005,7)","","(1,0)","0","","","","","","","","","","","","","","","","","","","","","","","","","",""
"41090008","7","10","","","(30000005,8)","","(1,0)","0","","","","","","","","","","","","","","","","","","","","","","","","","",""
"41090009","8","10","","","(30000005,9)","","(1,0)","0","","","","","","","","","","","","","","","","","","","","","","","","","",""
"41090010","9","10","","","(30000005,10)","","(1,0)","0","","","","","","","","","","","","","","","","","","","","","","","","","",""
"41090011","10","10","","","(30000005,11)","","(1,0)","0","","","","","","","","","","","","","","","","","","","","","","","","","",""
"41090012","11","10","","","(30000005,12)","","(1,0)","0","","","","","","","","","","","","","","","","","","","","","","","","","",""
"41090013","12","10","","","(30000005,13)","","(1,0)","0","","","","","","","","","","","","","","","","","","","","","","","","","",""
"41090014","13","10","","","(30000005,14)","","(1,0)","0","","","","","","","","","","","","","","","","","","","","","","","","","",""
"41090015","14","10","","","(30000005,15)","","(1,0)","0","","","","","","","","","","","","","","","","","","","","","","","","","",""
"41090016","15","10","","","(30000005,16)","","(1,0)","0","","","","","","","","","","","","","","","","","","","","","","","","","",""
"41090017","16","10","","","(30000005,17)","","(1,0)","0","","","","","","","","","","","","","","","","","","","","","","","","","",""
"41090018","17","10","","","(30000005,18)","","(1,0)","0","","","","","","","","","","","","","","","","","","","","","","","","","",""
"41090019","18","10","","","(30000005,19)","","(1,0)","0","","","","","","","","","","","","","","","","","","","","","","","","","",""
"41090020","19","10","","","(30000005,20)","","(1,0)","0","","","","","","","","","","","","","","","","","","","","","","","","","",""
"41090021","20","10","","","(30000005,21)","","(1,0)","0","","","","","","","","","","","","","","","","","","","","","","","","","",""
"41090022","21","10","","","(30000005,22)","","(1,0)","0","","","","","","","","","","","","","","","","","","","","","","","","","",""
"41090023","22","10","","","(30000005,23)","","(1,0)","0","","","","","","","","","","","","","","","","","","","","","","","","","",""
"41090024","23","10","","","(30000005,24)","","(1,0)","0","","","","","","","","","","","","","","","","","","","","","","","","","",""
"41090025","24","10","","","(30000005,25)","","(1,0)","0","","","","","","","","","","","","","","","","","","","","","","","","","",""
"41090026","25","10","","","(30000005,26)","","(1,0)","0","","","","","","","","","","","","","","","","","","","","","","","","","",""
"41090027","26","10","","","(30000005,27)","","(1,0)","0","","","","","","","","","","","","","","","","","","","","","","","","","",""
"41090028","27","10","","","(30000005,28)","","(1,0)","0","","","","","","","","","","","","","","","","","","","","","","","","","",""
"41090029","28","10","","","(30000005,29)","","(1,0)","0","","","","","","","","","","","","","","","","","","","","","","","","","",""
"41090030","29","10","","","(30000005,30)","","(1,0)","0","","","","","","","","","","","","","","","","","","","","","","","","","",""
"41090031","30","10","","","(30000005,31)","","(1,0)","0","","","","","","","","","","","","","","","","","","","","","","","","","",""
"41090032","31","10","","","(30000005,32)","","(1,0)","","","","","","","","","","","","","","","","","","","","","","","","","","",""
"41090033","32","10","","","(30000005,33)","","(1,0)","","","","","","","","","","","","","","","","","","","","","","","","","","",""
"41090034","33","10","","","(30000005,34)","","(1,0)","","","","","","","","","","","","","","","","","","","","","","","","","","",""
"41090035","34","10","","","(30000005,35)","","(1,0)","","","","","","","","","","","","","","","","","","","","","","","","","","",""
"41090036","35","10","","","(30000005,36)","","(1,0)","","","","","","","","","","","","","","","","","","","","","","","","","","",""
"41090037","36","10","","","(30000005,37)","","(1,0)","","","","","","","","","","","","","","","","","","","","","","","","","","",""
"41090038","37","10","","","(30000005,38)","","(1,0)","","","","","","","","","","","","","","","","","","","","","","","","","","",""
"41090039","38","10","","","(30000005,39)","","(1,0)","","","","","","","","","","","","","","","","","","","","","","","","","","",""
"41090040","39","10","","","(30000005,40)","","(1,0)","","","","","","","","","","","","","","","","","","","","","","","","","","",""
"41090041","40","10","","","(30000005,41)","","(1,0)","","","","","","","","","","","","","","","","","","","","","","","","","","",""
"41090042","41","10","","","(30000005,42)","","(1,0)","","","","","","","","","","","","","","","","","","","","","","","","","","",""
"41090043","42","10","","","(30000005,43)","","(1,0)","","","","","","","","","","","","","","","","","","","","","","","","","","",""
"41090044","43","10","","","(30000005,44)","","(1,0)","","","","","","","","","","","","","","","","","","","","","","","","","","",""
"41090045","44","10","","","(30000005,45)","","(1,0)","","","","","","","","","","","","","","","","","","","","","","","","","","",""
"41090046","45","10","","","(30000005,46)","","(1,0)","","","","","","","","","","","","","","","","","","","","","","","","","","",""
"41090047","46","10","","","(30000005,47)","","(1,0)","","","","","","","","","","","","","","","","","","","","","","","","","","",""
"41090048","47","10","","","(30000005,48)","","(1,0)","","","","","","","","","","","","","","","","","","","","","","","","","","",""
"41090049","48","10","","","(30000005,49)","","(1,0)","","","","","","","","","","","","","","","","","","","","","","","","","","",""
"41090050","49","10","","","(30000005,50)","","(1,0)","","","","","","","","","","","","","","","","","","","","","","","","","","",""
"41090051","50","10","","","(30000005,51)","","(1,0)","","","","","","","","","","","","","","","","","","","","","","","","","","",""
"41090052","51","10","","","(30000005,52)","","(1,0)","","","","","","","","","","","","","","","","","","","","","","","","","","",""
"41090053","52","10","","","(30000005,53)","","(1,0)","","","","","","","","","","","","","","","","","","","","","","","","","","",""
"41090054","53","10","","","(30000005,54)","","(1,0)","","","","","","","","","","","","","","","","","","","","","","","","","","",""
"41090055","54","10","","","(30000005,55)","","(1,0)","","","","","","","","","","","","","","","","","","","","","","","","","","",""
"41090056","55","10","","","(30000005,56)","","(1,0)","","","","","","","","","","","","","","","","","","","","","","","","","","",""
"41090057","56","10","","","(30000005,57)","","(1,0)","","","","","","","","","","","","","","","","","","","","","","","","","","",""
"41090058","57","10","","","(30000005,58)","","(1,0)","","","","","","","","","","","","","","","","","","","","","","","","","","",""
"41090059","58","10","","","(30000005,59)","","(1,0)","","","","","","","","","","","","","","","","","","","","","","","","","","",""
"41090060","59","10","","","(30000005,60)","","(1,0)","","","","","","","","","","","","","","","","","","","","","","","","","","",""
"41090061","60","10","","","(30000005,61)","","(1,0)","","","","","","","","","","","","","","","","","","","","","","","","","","",""
"41090062","61","10","","","(30000005,62)","","(1,0)","","","","","","","","","","","","","","","","","","","","","","","","","","",""
"41090063","62","10","","","(30000005,63)","","(1,0)","","","","","","","","","","","","","","","","","","","","","","","","","","",""
"41090064","63","10","","","(30000005,64)","","(1,0)","","","","","","","","","","","","","","","","","","","","","","","","","","",""
"41090065","64","10","","","(30000005,65)","","(1,0)","","","","","","","","","","","","","","","","","","","","","","","","","","",""
"41090066","65","10","","","(30000005,66)","","(1,0)","","","","","","","","","","","","","","","","","","","","","","","","","","",""
"41090067","66","10","","","(30000005,67)","","(1,0)","","","","","","","","","","","","","","","","","","","","","","","","","","",""
"41090068","67","10","","","(30000005,68)","","(1,0)","","","","","","","","","","","","","","","","","","","","","","","","","","",""
"41090069","68","10","","","(30000005,69)","","(1,0)","","","","","","","","","","","","","","","","","","","","","","","","","","",""
"41090070","69","10","","","(30000005,70)","","(1,0)","","","","","","","","","","","","","","","","","","","","","","","","","","",""
"41090071","70","10","","","(30000005,71)","","(1,0)","","","","","","","","","","","","","","","","","","","","","","","","","","",""
"41090072","71","10","","","(30000005,72)","","(1,0)","","","","","","","","","","","","","","","","","","","","","","","","","","",""
"41090073","72","10","","","(30000005,73)","","(1,0)","","","","","","","","","","","","","","","","","","","","","","","","","","",""
"41090074","73","10","","","(30000005,74)","","(1,0)","","","","","","","","","","","","","","","","","","","","","","","","","","",""
"41090075","74","10","","","(30000005,75)","","(1,0)","","","","","","","","","","","","","","","","","","","","","","","","","","",""
"41090076","75","10","","","(30000005,76)","","(1,0)","","","","","","","","","","","","","","","","","","","","","","","","","","",""
"41090077","76","10","","","(30000005,77)","","(1,0)","","","","","","","","","","","","","","","","","","","","","","","","","","",""
"41090078","77","10","","","(30000005,78)","","(1,0)","","","","","","","","","","","","","","","","","","","","","","","","","","",""
"41090079","78","10","","","(30000005,79)","","(1,0)","","","","","","","","","","","","","","","","","","","","","","","","","","",""
"41090080","79","10","","","(30000005,80)","","(1,0)","","","","","","","","","","","","","","","","","","","","","","","","","","",""
"41090081","80","10","","","(30000005,81)","","(1,0)","","","","","","","","","","","","","","","","","","","","","","","","","","",""
"41090082","81","10","","","(30000005,82)","","(1,0)","","","","","","","","","","","","","","","","","","","","","","","","","","",""
"41090083","82","10","","","(30000005,83)","","(1,0)","","","","","","","","","","","","","","","","","","","","","","","","","","",""
"41090084","83","10","","","(30000005,84)","","(1,0)","","","","","","","","","","","","","","","","","","","","","","","","","","",""
"41090085","84","10","","","(30000005,85)","","(1,0)","","","","","","","","","","","","","","","","","","","","","","","","","","",""
"41090086","85","10","","","(30000005,86)","","(1,0)","","","","","","","","","","","","","","","","","","","","","","","","","","",""
"41090087","86","10","","","(30000005,87)","","(1,0)","","","","","","","","","","","","","","","","","","","","","","","","","","",""
"41090088","87","10","","","(30000005,88)","","(1,0)","","","","","","","","","","","","","","","","","","","","","","","","","","",""
"41090089","88","10","","","(30000005,89)","","(1,0)","","","","","","","","","","","","","","","","","","","","","","","","","","",""
"41090090","89","10","","","(30000005,90)","","(1,0)","","","","","","","","","","","","","","","","","","","","","","","","","","",""
"41090091","90","10","","","(30000005,91)","","(1,0)","","","","","","","","","","","","","","","","","","","","","","","","","","",""
"41090092","91","10","","","(30000005,92)","","(1,0)","","","","","","","","","","","","","","","","","","","","","","","","","","",""
"41090093","92","10","","","(30000005,93)","","(1,0)","","","","","","","","","","","","","","","","","","","","","","","","","","",""
"41090094","93","10","","","(30000005,94)","","(1,0)","","","","","","","","","","","","","","","","","","","","","","","","","","",""
"41090095","94","10","","","(30000005,95)","","(1,0)","","","","","","","","","","","","","","","","","","","","","","","","","","",""
"41090096","95","10","","","(30000005,96)","","(1,0)","","","","","","","","","","","","","","","","","","","","","","","","","","",""
"41090097","96","10","","","(30000005,97)","","(1,0)","","","","","","","","","","","","","","","","","","","","","","","","","","",""
"41090098","97","10","","","(30000005,98)","","(1,0)","","","","","","","","","","","","","","","","","","","","","","","","","","",""
"41090099","98","10","","","(30000005,99)","","(1,0)","","","","","","","","","","","","","","","","","","","","","","","","","","",""
"41090100","99","10","","","(30000005,100)","","(1,0)","","","","","","","","","","","","","","","","","","","","","","","","","","",""
"41090101","100","10","","","","","","","","","","","","","","","","","","","","","","","","","","","","","","","",""
