"AttributeId","PropertyID","PropertyMaxLimit","GoldCost","DiamondCost","MaterialID","MaterialCost","GoldSuccinctEffectChance","DiamondSuccinctEffectChance","GoldSuccinctAttUpChance","GoldPropertyChangeRange","DiamondSuccinctAttUpChance","DiamondPropertyChangeRange","Noticeld","MaterialShopID"
"43010001","(5,6,9)","(0,0,0)","2000","20","31020001","1","(0,70,70,70)","(0,80,80,80)","(50,50,50)","(-60,-1,1,60,-67,-1,1,67,-30,-1,1,30)","(100,100,100)","(-60,-1,1,60,-67,-1,1,67,-30,-1,1,30)","","35011008"
"43010002","(5,6,9)","(90,100,50)","2000","20","31020001","1","(0,70,70,70)","(0,80,80,80)","(50,50,50)","(-60,-1,1,60,-67,-1,1,67,-30,-1,1,30)","(100,100,100)","(-60,-1,1,60,-67,-1,1,67,-30,-1,1,30)","93000037","35011008"
"43010003","(5,6,9)","(90,100,50)","2000","20","31020001","1","(0,70,70,70)","(0,80,80,80)","(50,50,50)","(-60,-1,1,60,-67,-1,1,67,-30,-1,1,30)","(100,100,100)","(-60,-1,1,60,-67,-1,1,67,-30,-1,1,30)","93000037","35011008"
"43010004","(5,6,9)","(90,100,50)","2000","20","31020001","1","(0,70,70,70)","(0,80,80,80)","(50,50,50)","(-60,-1,1,60,-67,-1,1,67,-30,-1,1,30)","(100,100,100)","(-60,-1,1,60,-67,-1,1,67,-30,-1,1,30)","93000037","35011008"
"43010005","(5,6,9)","(90,100,50,200,250,110,510,610,280)","2000","20","31020001","1","(0,70,70,70)","(0,80,80,80)","(50,50,50)","(-60,-1,1,60,-67,-1,1,67,-30,-1,1,30)","(100,100,100)","(-60,-1,1,60,-67,-1,1,67,-30,-1,1,30)","93000158","35011008"
"43010006","(5,6,9)","(90,100,50,200,250,110,510,610,280,1330,1600,730,3610,4340,1990)","2000","20","31020001","1","(0,70,70,70)","(0,80,80,80)","(50,50,50)","(-60,-1,1,60,-67,-1,1,67,-30,-1,1,30)","(100,100,100)","(-60,-1,1,60,-67,-1,1,67,-30,-1,1,30)","93000158","35011008"
"43010007","(5,6,9)","(0,0,0)","2000","20","31020001","1","(0,70,70,70)","(0,80,80,80)","(50,50,50)","(-60,-1,1,60,-67,-1,1,67,-30,-1,1,30)","(100,100,100)","(-60,-1,1,60,-67,-1,1,67,-30,-1,1,30)","","35011008"
"43010008","(5,6,9)","(90,100,50)","2000","20","31020001","1","(0,70,70,70)","(0,80,80,80)","(50,50,50)","(-60,-1,1,60,-67,-1,1,67,-30,-1,1,30)","(100,100,100)","(-60,-1,1,60,-67,-1,1,67,-30,-1,1,30)","93000037","35011008"
"43010009","(5,6,9)","(90,100,50)","2000","20","31020001","1","(0,70,70,70)","(0,80,80,80)","(50,50,50)","(-60,-1,1,60,-67,-1,1,67,-30,-1,1,30)","(100,100,100)","(-60,-1,1,60,-67,-1,1,67,-30,-1,1,30)","93000037","35011008"
"43010010","(5,6,9)","(90,100,50,200,250,110)","2000","20","31020001","1","(0,70,70,70)","(0,80,80,80)","(50,50,50)","(-60,-1,1,60,-67,-1,1,67,-30,-1,1,30)","(100,100,100)","(-60,-1,1,60,-67,-1,1,67,-30,-1,1,30)","93000037","35011008"
"43010011","(5,6,9)","(90,100,50,200,250,110,510,610,280,1330,1600,730)","2000","20","31020001","1","(0,70,70,70)","(0,80,80,80)","(50,50,50)","(-60,-1,1,60,-67,-1,1,67,-30,-1,1,30)","(100,100,100)","(-60,-1,1,60,-67,-1,1,67,-30,-1,1,30)","93000158","35011008"
"43010012","(5,6,9)","(90,100,50,200,250,110,510,610,280,1330,1600,730,3610,4340,1990,10230,12270,5630)","2000","20","31020001","1","(0,70,70,70)","(0,80,80,80)","(50,50,50)","(-60,-1,1,60,-67,-1,1,67,-30,-1,1,30)","(100,100,100)","(-60,-1,1,60,-67,-1,1,67,-30,-1,1,30)","93000158","35011008"
"43010013","(5,6,9)","(0,0,0)","2000","20","31020001","1","(0,70,70,70)","(0,80,80,80)","(50,50,50)","(-60,-1,1,60,-67,-1,1,67,-30,-1,1,30)","(100,100,100)","(-60,-1,1,60,-67,-1,1,67,-30,-1,1,30)","","35011008"
"43010014","(5,6,9)","(90,100,50)","2000","20","31020001","1","(0,70,70,70)","(0,80,80,80)","(50,50,50)","(-60,-1,1,60,-67,-1,1,67,-30,-1,1,30)","(100,100,100)","(-60,-1,1,60,-67,-1,1,67,-30,-1,1,30)","93000037","35011008"
"43010015","(5,6,9)","(90,100,50,200,250,110)","2000","20","31020001","1","(0,70,70,70)","(0,80,80,80)","(50,50,50)","(-60,-1,1,60,-67,-1,1,67,-30,-1,1,30)","(100,100,100)","(-60,-1,1,60,-67,-1,1,67,-30,-1,1,30)","93000037","35011008"
"43010016","(5,6,9)","(90,100,50,200,250,110,510,610,280)","2000","20","31020001","1","(0,70,70,70)","(0,80,80,80)","(50,50,50)","(-60,-1,1,60,-67,-1,1,67,-30,-1,1,30)","(100,100,100)","(-60,-1,1,60,-67,-1,1,67,-30,-1,1,30)","93000037","35011008"
"43010017","(5,6,9)","(90,100,50,200,250,110,510,610,280,1330,1600,730,3610,4340,1990)","2000","20","31020001","1","(0,70,70,70)","(0,80,80,80)","(50,50,50)","(-60,-1,1,60,-67,-1,1,67,-30,-1,1,30)","(100,100,100)","(-60,-1,1,60,-67,-1,1,67,-30,-1,1,30)","93000158","35011008"
"43010018","(5,6,9)","(90,100,50,200,250,110,510,610,280,1330,1600,730,3610,4340,1990,10230,12270,5630,30000,36000,16500)","2000","20","31020001","1","(0,70,70,70)","(0,80,80,80)","(50,50,50)","(-60,-1,1,60,-67,-1,1,67,-30,-1,1,30)","(100,100,100)","(-60,-1,1,60,-67,-1,1,67,-30,-1,1,30)","93000158","35011008"
"43010019","(5,6,9)","(0,0,0)","2000","20","31020001","1","(0,70,70,70)","(0,80,80,80)","(50,50,50)","(-60,-1,1,60,-67,-1,1,67,-30,-1,1,30)","(100,100,100)","(-60,-1,1,60,-67,-1,1,67,-30,-1,1,30)","","35011008"
"43010020","(5,6,9)","(90,100,50,200,250,110)","2000","20","31020001","1","(0,70,70,70)","(0,80,80,80)","(50,50,50)","(-60,-1,1,60,-67,-1,1,67,-30,-1,1,30)","(100,100,100)","(-60,-1,1,60,-67,-1,1,67,-30,-1,1,30)","93000037","35011008"
"43010021","(5,6,9)","(90,100,50,200,250,110,510,610,280)","2000","20","31020001","1","(0,70,70,70)","(0,80,80,80)","(50,50,50)","(-60,-1,1,60,-67,-1,1,67,-30,-1,1,30)","(100,100,100)","(-60,-1,1,60,-67,-1,1,67,-30,-1,1,30)","93000037","35011008"
"43010022","(5,6,9)","(90,100,50,200,250,110,510,610,280,1330,1600,730)","2000","20","31020001","1","(0,70,70,70)","(0,80,80,80)","(50,50,50)","(-60,-1,1,60,-67,-1,1,67,-30,-1,1,30)","(100,100,100)","(-60,-1,1,60,-67,-1,1,67,-30,-1,1,30)","93000037","35011008"
"43010023","(5,6,9)","(90,100,50,200,250,110,510,610,280,1330,1600,730,3610,4340,1990,10230,12270,5630)","2000","20","31020001","1","(0,70,70,70)","(0,80,80,80)","(50,50,50)","(-60,-1,1,60,-67,-1,1,67,-30,-1,1,30)","(100,100,100)","(-60,-1,1,60,-67,-1,1,67,-30,-1,1,30)","93000158","35011008"
"43010024","(5,6,9)","(90,100,50,200,250,110,510,610,280,1330,1600,730,3610,4340,1990,10230,12270,5630,30000,36000,16500)","2000","20","31020001","1","(0,70,70,70)","(0,80,80,80)","(50,50,50)","(-60,-1,1,60,-67,-1,1,67,-30,-1,1,30)","(100,100,100)","(-60,-1,1,60,-67,-1,1,67,-30,-1,1,30)","93000158","35011008"
"43010025","(5,6,9)","(0,0,0)","2000","20","31020001","1","(0,70,70,70)","(0,80,80,80)","(50,50,50)","(-60,-1,1,60,-67,-1,1,67,-30,-1,1,30)","(100,100,100)","(-60,-1,1,60,-67,-1,1,67,-30,-1,1,30)","","35011008"
"43010026","(5,6,9)","(90,100,50,200,250,110,510,610,280","2000","20","31020001","1","(0,70,70,70)","(0,80,80,80)","(50,50,50)","(-60,-1,1,60,-67,-1,1,67,-30,-1,1,30)","(100,100,100)","(-60,-1,1,60,-67,-1,1,67,-30,-1,1,30)","93000037","35011008"
"43010027","(5,6,9)","(90,100,50,200,250,110,510,610,280,1330,1600,730)","2000","20","31020001","1","(0,70,70,70)","(0,80,80,80)","(50,50,50)","(-60,-1,1,60,-67,-1,1,67,-30,-1,1,30)","(100,100,100)","(-60,-1,1,60,-67,-1,1,67,-30,-1,1,30)","93000037","35011008"
"43010028","(5,6,9)","(90,100,50,200,250,110,510,610,280,1330,1600,730,3610,4340,1990)","2000","20","31020001","1","(0,70,70,70)","(0,80,80,80)","(50,50,50)","(-60,-1,1,60,-67,-1,1,67,-30,-1,1,30)","(100,100,100)","(-60,-1,1,60,-67,-1,1,67,-30,-1,1,30)","93000037","35011008"
"43010029","(5,6,9)","(90,100,50,200,250,110,510,610,280,1330,1600,730,3610,4340,1990,10230,12270,5630,30000,36000,16500)","2000","20","31020001","1","(0,70,70,70)","(0,80,80,80)","(50,50,50)","(-60,-1,1,60,-67,-1,1,67,-30,-1,1,30)","(100,100,100)","(-60,-1,1,60,-67,-1,1,67,-30,-1,1,30)","93000158","35011008"
"43010030","(5,6,9)","(90,100,50,200,250,110,510,610,280,1330,1600,730,3610,4340,1990,10230,12270,5630,30000,36000,16500)","2000","20","31020001","1","(0,70,70,70)","(0,80,80,80)","(50,50,50)","(-60,-1,1,60,-67,-1,1,67,-30,-1,1,30)","(100,100,100)","(-60,-1,1,60,-67,-1,1,67,-30,-1,1,30)","93000158","35011008"
"43010031","(5,6,9)","(0,0,0)","2000","20","31020001","1","(0,70,70,70)","(0,80,80,80)","(50,50,50)","(-60,-1,1,60,-67,-1,1,67,-30,-1,1,30)","(100,100,100)","(-60,-1,1,60,-67,-1,1,67,-30,-1,1,30)","93000037","35011008"
"43010032","(5,6,9)","(90,100,50,200,250,110,510,610,280,1330,1600,730)","2000","20","31020001","1","(0,70,70,70)","(0,80,80,80)","(50,50,50)","(-60,-1,1,60,-67,-1,1,67,-30,-1,1,30)","(100,100,100)","(-60,-1,1,60,-67,-1,1,67,-30,-1,1,30)","93000037","35011008"
"43010033","(5,6,9)","(90,100,50,200,250,110,510,610,280,1330,1600,730,3610,4340,1990)","2000","20","31020001","1","(0,70,70,70)","(0,80,80,80)","(50,50,50)","(-60,-1,1,60,-67,-1,1,67,-30,-1,1,30)","(100,100,100)","(-60,-1,1,60,-67,-1,1,67,-30,-1,1,30)","93000037","35011008"
"43010034","(5,6,9)","(90,100,50,200,250,110,510,610,280,1330,1600,730,3610,4340,1990,10230,12270,5630)","2000","20","31020001","1","(0,70,70,70)","(0,80,80,80)","(50,50,50)","(-60,-1,1,60,-67,-1,1,67,-30,-1,1,30)","(100,100,100)","(-60,-1,1,60,-67,-1,1,67,-30,-1,1,30)","93000037","35011008"
"43010035","(5,6,9)","(90,100,50,200,250,110,510,610,280,1330,1600,730,3610,4340,1990,10230,12270,5630,30000,36000,16500)","2000","20","31020001","1","(0,70,70,70)","(0,80,80,80)","(50,50,50)","(-60,-1,1,60,-67,-1,1,67,-30,-1,1,30)","(100,100,100)","(-60,-1,1,60,-67,-1,1,67,-30,-1,1,30)","93000158","35011008"
"43010036","(5,6,9)","(90,100,50,200,250,110,510,610,280,1330,1600,730,3610,4340,1990,10230,12270,5630,30000,36000,16500,91360,109640,50250)","2000","20","31020001","1","(0,70,70,70)","(0,80,80,80)","(50,50,50)","(-60,-1,1,60,-67,-1,1,67,-30,-1,1,30)","(100,100,100)","(-60,-1,1,60,-67,-1,1,67,-30,-1,1,30)","93000158","35011008"
"43010037","(5,6,9)","(0,0,0)","2000","20","31020001","1","(0,70,70,70)","(0,80,80,80)","(50,50,50)","(-60,-1,1,60,-67,-1,1,67,-30,-1,1,30)","(100,100,100)","(-60,-1,1,60,-67,-1,1,67,-30,-1,1,30)","","35011008"
"43010038","(5,6,9)","(90,100,50,200,250,110,510,610,280,1330,1600,730,3610,4340,1990)","2000","20","31020001","1","(0,70,70,70)","(0,80,80,80)","(50,50,50)","(-60,-1,1,60,-67,-1,1,67,-30,-1,1,30)","(100,100,100)","(-60,-1,1,60,-67,-1,1,67,-30,-1,1,30)","93000037","35011008"
"43010039","(5,6,9)","(90,100,50,200,250,110,510,610,280,1330,1600,730,3610,4340,1990,10230,12270,5630)","2000","20","31020001","1","(0,70,70,70)","(0,80,80,80)","(50,50,50)","(-60,-1,1,60,-67,-1,1,67,-30,-1,1,30)","(100,100,100)","(-60,-1,1,60,-67,-1,1,67,-30,-1,1,30)","93000037","35011008"
"43010040","(5,6,9)","(90,100,50,200,250,110,510,610,280,1330,1600,730,3610,4340,1990,10230,12270,5630,30000,36000,16500)","2000","20","31020001","1","(0,70,70,70)","(0,80,80,80)","(50,50,50)","(-60,-1,1,60,-67,-1,1,67,-30,-1,1,30)","(100,100,100)","(-60,-1,1,60,-67,-1,1,67,-30,-1,1,30)","93000037","35011008"
"43010041","(5,6,9)","(90,100,50,200,250,110,510,610,280,1330,1600,730,3610,4340,1990,10230,12270,5630,30000,36000,16500,91360,109640,50250)","2000","20","31020001","1","(0,70,70,70)","(0,80,80,80)","(50,50,50)","(-60,-1,1,60,-67,-1,1,67,-30,-1,1,30)","(100,100,100)","(-60,-1,1,60,-67,-1,1,67,-30,-1,1,30)","93000158","35011008"
"43010042","(5,6,9)","(90,100,50,200,250,110,510,610,280,1330,1600,730,3610,4340,1990,10230,12270,5630,30000,36000,16500,91360,109640,50250,289090,346910,159000)","2000","20","31020001","1","(0,70,70,70)","(0,80,80,80)","(50,50,50)","(-60,-1,1,60,-67,-1,1,67,-30,-1,1,30)","(100,100,100)","(-60,-1,1,60,-67,-1,1,67,-30,-1,1,30)","93000158","35011008"
"43010043","(5,6,9)","(0,0,0)","2000","20","31020001","1","(0,70,70,70)","(0,80,80,80)","(50,50,50)","(-60,-1,1,60,-67,-1,1,67,-30,-1,1,30)","(100,100,100)","(-60,-1,1,60,-67,-1,1,67,-30,-1,1,30)","","35011008"
"43010044","(5,6,9)","(90,100,50,200,250,110,510,610,280,1330,1600,730,3610,4340,1990,10230,12270,5630)","2000","20","31020001","1","(0,70,70,70)","(0,80,80,80)","(50,50,50)","(-60,-1,1,60,-67,-1,1,67,-30,-1,1,30)","(100,100,100)","(-60,-1,1,60,-67,-1,1,67,-30,-1,1,30)","93000037","35011008"
"43010045","(5,6,9)","(90,100,50,200,250,110,510,610,280,1330,1600,730,3610,4340,1990,10230,12270,5630,30000,36000,16500)","2000","20","31020001","1","(0,70,70,70)","(0,80,80,80)","(50,50,50)","(-60,-1,1,60,-67,-1,1,67,-30,-1,1,30)","(100,100,100)","(-60,-1,1,60,-67,-1,1,67,-30,-1,1,30)","93000037","35011008"
"43010046","(5,6,9)","(90,100,50,200,250,110,510,610,280,1330,1600,730,3610,4340,1990,10230,12270,5630,30000,36000,16500,91360,109640,50250)","2000","20","31020001","1","(0,70,70,70)","(0,80,80,80)","(50,50,50)","(-60,-1,1,60,-67,-1,1,67,-30,-1,1,30)","(100,100,100)","(-60,-1,1,60,-67,-1,1,67,-30,-1,1,30)","93000037","35011008"
"43010047","(5,6,9)","(90,100,50,200,250,110,510,610,280,1330,1600,730,3610,4340,1990,10230,12270,5630,30000,36000,16500,91360,109640,50250,289090,346910,159000)","2000","20","31020001","1","(0,70,70,70)","(0,80,80,80)","(50,50,50)","(-60,-1,1,60,-67,-1,1,67,-30,-1,1,30)","(100,100,100)","(-60,-1,1,60,-67,-1,1,67,-30,-1,1,30)","93000158","35011008"
"43010048","(5,6,9)","(90,100,50,200,250,110,510,610,280,1330,1600,730,3610,4340,1990,10230,12270,5630,30000,36000,16500,91360,109640,50250,289090,346910,159000)","2000","20","31020001","1","(0,70,70,70)","(0,80,80,80)","(50,50,50)","(-60,-1,1,60,-67,-1,1,67,-30,-1,1,30)","(100,100,100)","(-60,-1,1,60,-67,-1,1,67,-30,-1,1,30)","93000158","35011008"
"43010049","(5,6,9)","(0,0,0)","2000","20","31020001","1","(0,70,70,70)","(0,80,80,80)","(50,50,50)","(-60,-1,1,60,-67,-1,1,67,-30,-1,1,30)","(100,100,100)","(-60,-1,1,60,-67,-1,1,67,-30,-1,1,30)","93000037","35011008"
"43010050","(5,6,9)","(90,100,50,200,250,110,510,610,280,1330,1600,730,3610,4340,1990,10230,12270,5630,30000,36000,16500)","2000","20","31020001","1","(0,70,70,70)","(0,80,80,80)","(50,50,50)","(-60,-1,1,60,-67,-1,1,67,-30,-1,1,30)","(100,100,100)","(-60,-1,1,60,-67,-1,1,67,-30,-1,1,30)","93000037","35011008"
"43010051","(5,6,9)","(90,100,50,200,250,110,510,610,280,1330,1600,730,3610,4340,1990,10230,12270,5630,30000,36000,16500,91360,109640,50250)","2000","20","31020001","1","(0,70,70,70)","(0,80,80,80)","(50,50,50)","(-60,-1,1,60,-67,-1,1,67,-30,-1,1,30)","(100,100,100)","(-60,-1,1,60,-67,-1,1,67,-30,-1,1,30)","93000037","35011008"
"43010052","(5,6,9)","(90,100,50,200,250,110,510,610,280,1330,1600,730,3610,4340,1990,10230,12270,5630,30000,36000,16500,91360,109640,50250,289090,346910,159000)","2000","20","31020001","1","(0,70,70,70)","(0,80,80,80)","(50,50,50)","(-60,-1,1,60,-67,-1,1,67,-30,-1,1,30)","(100,100,100)","(-60,-1,1,60,-67,-1,1,67,-30,-1,1,30)","93000037","35011008"
"43010053","(5,6,9)","(90,100,50,200,250,110,510,610,280,1330,1600,730,3610,4340,1990,10230,12270,5630,30000,36000,16500,91360,109640,50250,289090,346910,159000)","2000","20","31020001","1","(0,70,70,70)","(0,80,80,80)","(50,50,50)","(-60,-1,1,60,-67,-1,1,67,-30,-1,1,30)","(100,100,100)","(-60,-1,1,60,-67,-1,1,67,-30,-1,1,30)","93000158","35011008"
"43010054","(5,6,9)","(90,100,50,200,250,110,510,610,280,1330,1600,730,3610,4340,1990,10230,12270,5630,30000,36000,16500,91360,109640,50250,289090,346910,159000)","2000","20","31020001","1","(0,70,70,70)","(0,80,80,80)","(50,50,50)","(-60,-1,1,60,-67,-1,1,67,-30,-1,1,30)","(100,100,100)","(-60,-1,1,60,-67,-1,1,67,-30,-1,1,30)","93000158","35011008"
"43010055","(5,6,9)","(0,0,0)","2000","20","31020001","1","(0,70,70,70)","(0,80,80,80)","(50,50,50)","(-60,-1,1,60,-67,-1,1,67,-30,-1,1,30)","(100,100,100)","(-60,-1,1,60,-67,-1,1,67,-30,-1,1,30)","","35011008"
"43010056","(5,6,9)","(90,100,50,200,250,110,510,610,280,1330,1600,730,3610,4340,1990,10230,12270,5630,30000,36000,16500,91360,109640,50250)","2000","20","31020001","1","(0,70,70,70)","(0,80,80,80)","(50,50,50)","(-60,-1,1,60,-67,-1,1,67,-30,-1,1,30)","(100,100,100)","(-60,-1,1,60,-67,-1,1,67,-30,-1,1,30)","93000037","35011008"
"43010057","(5,6,9)","(90,100,50,200,250,110,510,610,280,1330,1600,730,3610,4340,1990,10230,12270,5630,30000,36000,16500,91360,109640,50250,289090,346910,159000)","2000","20","31020001","1","(0,70,70,70)","(0,80,80,80)","(50,50,50)","(-60,-1,1,60,-67,-1,1,67,-30,-1,1,30)","(100,100,100)","(-60,-1,1,60,-67,-1,1,67,-30,-1,1,30)","93000037","35011008"
"43010058","(5,6,9)","(90,100,50,200,250,110,510,610,280,1330,1600,730,3610,4340,1990,10230,12270,5630,30000,36000,16500,91360,109640,50250,289090,346910,159000)","2000","20","31020001","1","(0,70,70,70)","(0,80,80,80)","(50,50,50)","(-60,-1,1,60,-67,-1,1,67,-30,-1,1,30)","(100,100,100)","(-60,-1,1,60,-67,-1,1,67,-30,-1,1,30)","93000037","35011008"
"43010059","(5,6,9)","(90,100,50,200,250,110,510,610,280,1330,1600,730,3610,4340,1990,10230,12270,5630,30000,36000,16500,91360,109640,50250,289090,346910,159000)","2000","20","31020001","1","(0,70,70,70)","(0,80,80,80)","(50,50,50)","(-60,-1,1,60,-67,-1,1,67,-30,-1,1,30)","(100,100,100)","(-60,-1,1,60,-67,-1,1,67,-30,-1,1,30)","93000158","35011008"
"43010060","(5,6,9)","(90,100,50,200,250,110,510,610,280,1330,1600,730,3610,4340,1990,10230,12270,5630,30000,36000,16500,91360,109640,50250,289090,346910,159000)","2000","20","31020001","1","(0,70,70,70)","(0,80,80,80)","(50,50,50)","(-60,-1,1,60,-67,-1,1,67,-30,-1,1,30)","(100,100,100)","(-60,-1,1,60,-67,-1,1,67,-30,-1,1,30)","93000158","35011008"
"43010061","(5,6,9)","(0,0,0)","2000","20","31020001","1","(0,70,70,70)","(0,80,80,80)","(50,50,50)","(-60,-1,1,60,-67,-1,1,67,-30,-1,1,30)","(100,100,100)","(-60,-1,1,60,-67,-1,1,67,-30,-1,1,30)","","35011008"
"43010062","(5,6,9)","(90,100,50)","2000","20","31020001","1","(0,70,70,70)","(0,80,80,80)","(50,50,50)","(-60,-1,1,60,-67,-1,1,67,-30,-1,1,30)","(100,100,100)","(-60,-1,1,60,-67,-1,1,67,-30,-1,1,30)","93000037","35011008"
"43010063","(5,6,9)","(90,100,50)","2000","20","31020001","1","(0,70,70,70)","(0,80,80,80)","(50,50,50)","(-60,-1,1,60,-67,-1,1,67,-30,-1,1,30)","(100,100,100)","(-60,-1,1,60,-67,-1,1,67,-30,-1,1,30)","93000037","35011008"
"43010064","(5,6,9)","(90,100,50)","2000","20","31020001","1","(0,70,70,70)","(0,80,80,80)","(50,50,50)","(-60,-1,1,60,-67,-1,1,67,-30,-1,1,30)","(100,100,100)","(-60,-1,1,60,-67,-1,1,67,-30,-1,1,30)","93000037","35011008"
"43010065","(5,6,9)","(90,100,50,200,250,110,510,610,280)","2000","20","31020001","1","(0,70,70,70)","(0,80,80,80)","(50,50,50)","(-60,-1,1,60,-67,-1,1,67,-30,-1,1,30)","(100,100,100)","(-60,-1,1,60,-67,-1,1,67,-30,-1,1,30)","93000158","35011008"
"43010066","(5,6,9)","(90,100,50,200,250,110,510,610,280,1330,1600,730,3610,4340,1990)","2000","20","31020001","1","(0,70,70,70)","(0,80,80,80)","(50,50,50)","(-60,-1,1,60,-67,-1,1,67,-30,-1,1,30)","(100,100,100)","(-60,-1,1,60,-67,-1,1,67,-30,-1,1,30)","93000158","35011008"
"43010067","(5,6,9)","(0,0,0)","2000","20","31020001","1","(0,70,70,70)","(0,80,80,80)","(50,50,50)","(-60,-1,1,60,-67,-1,1,67,-30,-1,1,30)","(100,100,100)","(-60,-1,1,60,-67,-1,1,67,-30,-1,1,30)","","35011008"
"43010068","(5,6,9)","(90,100,50)","2000","20","31020001","1","(0,70,70,70)","(0,80,80,80)","(50,50,50)","(-60,-1,1,60,-67,-1,1,67,-30,-1,1,30)","(100,100,100)","(-60,-1,1,60,-67,-1,1,67,-30,-1,1,30)","93000037","35011008"
"43010069","(5,6,9)","(90,100,50)","2000","20","31020001","1","(0,70,70,70)","(0,80,80,80)","(50,50,50)","(-60,-1,1,60,-67,-1,1,67,-30,-1,1,30)","(100,100,100)","(-60,-1,1,60,-67,-1,1,67,-30,-1,1,30)","93000037","35011008"
"43010070","(5,6,9)","(90,100,50,200,250,110)","2000","20","31020001","1","(0,70,70,70)","(0,80,80,80)","(50,50,50)","(-60,-1,1,60,-67,-1,1,67,-30,-1,1,30)","(100,100,100)","(-60,-1,1,60,-67,-1,1,67,-30,-1,1,30)","93000037","35011008"
"43010071","(5,6,9)","(90,100,50,200,250,110,510,610,280,1330,1600,730)","2000","20","31020001","1","(0,70,70,70)","(0,80,80,80)","(50,50,50)","(-60,-1,1,60,-67,-1,1,67,-30,-1,1,30)","(100,100,100)","(-60,-1,1,60,-67,-1,1,67,-30,-1,1,30)","93000158","35011008"
"43010072","(5,6,9)","(90,100,50,200,250,110,510,610,280,1330,1600,730,3610,4340,1990,10230,12270,5630)","2000","20","31020001","1","(0,70,70,70)","(0,80,80,80)","(50,50,50)","(-60,-1,1,60,-67,-1,1,67,-30,-1,1,30)","(100,100,100)","(-60,-1,1,60,-67,-1,1,67,-30,-1,1,30)","93000158","35011008"
"43010073","(5,6,9)","(0,0,0)","2000","20","31020001","1","(0,70,70,70)","(0,80,80,80)","(50,50,50)","(-60,-1,1,60,-67,-1,1,67,-30,-1,1,30)","(100,100,100)","(-60,-1,1,60,-67,-1,1,67,-30,-1,1,30)","","35011008"
"43010074","(5,6,9)","(90,100,50)","2000","20","31020001","1","(0,70,70,70)","(0,80,80,80)","(50,50,50)","(-60,-1,1,60,-67,-1,1,67,-30,-1,1,30)","(100,100,100)","(-60,-1,1,60,-67,-1,1,67,-30,-1,1,30)","93000037","35011008"
"43010075","(5,6,9)","(90,100,50,200,250,110)","2000","20","31020001","1","(0,70,70,70)","(0,80,80,80)","(50,50,50)","(-60,-1,1,60,-67,-1,1,67,-30,-1,1,30)","(100,100,100)","(-60,-1,1,60,-67,-1,1,67,-30,-1,1,30)","93000037","35011008"
"43010076","(5,6,9)","(90,100,50,200,250,110,510,610,280)","2000","20","31020001","1","(0,70,70,70)","(0,80,80,80)","(50,50,50)","(-60,-1,1,60,-67,-1,1,67,-30,-1,1,30)","(100,100,100)","(-60,-1,1,60,-67,-1,1,67,-30,-1,1,30)","93000037","35011008"
"43010077","(5,6,9)","(90,100,50,200,250,110,510,610,280,1330,1600,730,3610,4340,1990)","2000","20","31020001","1","(0,70,70,70)","(0,80,80,80)","(50,50,50)","(-60,-1,1,60,-67,-1,1,67,-30,-1,1,30)","(100,100,100)","(-60,-1,1,60,-67,-1,1,67,-30,-1,1,30)","93000158","35011008"
"43010078","(5,6,9)","(90,100,50,200,250,110,510,610,280,1330,1600,730,3610,4340,1990,10230,12270,5630,30000,36000,16500)","2000","20","31020001","1","(0,70,70,70)","(0,80,80,80)","(50,50,50)","(-60,-1,1,60,-67,-1,1,67,-30,-1,1,30)","(100,100,100)","(-60,-1,1,60,-67,-1,1,67,-30,-1,1,30)","93000158","35011008"
"43010079","(5,6,9)","(0,0,0)","2000","20","31020001","1","(0,70,70,70)","(0,80,80,80)","(50,50,50)","(-60,-1,1,60,-67,-1,1,67,-30,-1,1,30)","(100,100,100)","(-60,-1,1,60,-67,-1,1,67,-30,-1,1,30)","","35011008"
"43010080","(5,6,9)","(90,100,50,200,250,110)","2000","20","31020001","1","(0,70,70,70)","(0,80,80,80)","(50,50,50)","(-60,-1,1,60,-67,-1,1,67,-30,-1,1,30)","(100,100,100)","(-60,-1,1,60,-67,-1,1,67,-30,-1,1,30)","93000037","35011008"
"43010081","(5,6,9)","(90,100,50,200,250,110,510,610,280)","2000","20","31020001","1","(0,70,70,70)","(0,80,80,80)","(50,50,50)","(-60,-1,1,60,-67,-1,1,67,-30,-1,1,30)","(100,100,100)","(-60,-1,1,60,-67,-1,1,67,-30,-1,1,30)","93000037","35011008"
"43010082","(5,6,9)","(90,100,50,200,250,110,510,610,280,1330,1600,730)","2000","20","31020001","1","(0,70,70,70)","(0,80,80,80)","(50,50,50)","(-60,-1,1,60,-67,-1,1,67,-30,-1,1,30)","(100,100,100)","(-60,-1,1,60,-67,-1,1,67,-30,-1,1,30)","93000037","35011008"
"43010083","(5,6,9)","(90,100,50,200,250,110,510,610,280,1330,1600,730,3610,4340,1990,10230,12270,5630)","2000","20","31020001","1","(0,70,70,70)","(0,80,80,80)","(50,50,50)","(-60,-1,1,60,-67,-1,1,67,-30,-1,1,30)","(100,100,100)","(-60,-1,1,60,-67,-1,1,67,-30,-1,1,30)","93000158","35011008"
"43010084","(5,6,9)","(90,100,50,200,250,110,510,610,280,1330,1600,730,3610,4340,1990,10230,12270,5630,30000,36000,16500)","2000","20","31020001","1","(0,70,70,70)","(0,80,80,80)","(50,50,50)","(-60,-1,1,60,-67,-1,1,67,-30,-1,1,30)","(100,100,100)","(-60,-1,1,60,-67,-1,1,67,-30,-1,1,30)","93000158","35011008"
"43010085","(5,6,9)","(0,0,0)","2000","20","31020001","1","(0,70,70,70)","(0,80,80,80)","(50,50,50)","(-60,-1,1,60,-67,-1,1,67,-30,-1,1,30)","(100,100,100)","(-60,-1,1,60,-67,-1,1,67,-30,-1,1,30)","","35011008"
"43010086","(5,6,9)","(90,100,50,200,250,110,510,610,280","2000","20","31020001","1","(0,70,70,70)","(0,80,80,80)","(50,50,50)","(-60,-1,1,60,-67,-1,1,67,-30,-1,1,30)","(100,100,100)","(-60,-1,1,60,-67,-1,1,67,-30,-1,1,30)","93000037","35011008"
"43010087","(5,6,9)","(90,100,50,200,250,110,510,610,280,1330,1600,730)","2000","20","31020001","1","(0,70,70,70)","(0,80,80,80)","(50,50,50)","(-60,-1,1,60,-67,-1,1,67,-30,-1,1,30)","(100,100,100)","(-60,-1,1,60,-67,-1,1,67,-30,-1,1,30)","93000037","35011008"
"43010088","(5,6,9)","(90,100,50,200,250,110,510,610,280,1330,1600,730,3610,4340,1990)","2000","20","31020001","1","(0,70,70,70)","(0,80,80,80)","(50,50,50)","(-60,-1,1,60,-67,-1,1,67,-30,-1,1,30)","(100,100,100)","(-60,-1,1,60,-67,-1,1,67,-30,-1,1,30)","93000037","35011008"
"43010089","(5,6,9)","(90,100,50,200,250,110,510,610,280,1330,1600,730,3610,4340,1990,10230,12270,5630,30000,36000,16500)","2000","20","31020001","1","(0,70,70,70)","(0,80,80,80)","(50,50,50)","(-60,-1,1,60,-67,-1,1,67,-30,-1,1,30)","(100,100,100)","(-60,-1,1,60,-67,-1,1,67,-30,-1,1,30)","93000158","35011008"
"43010090","(5,6,9)","(90,100,50,200,250,110,510,610,280,1330,1600,730,3610,4340,1990,10230,12270,5630,30000,36000,16500)","2000","20","31020001","1","(0,70,70,70)","(0,80,80,80)","(50,50,50)","(-60,-1,1,60,-67,-1,1,67,-30,-1,1,30)","(100,100,100)","(-60,-1,1,60,-67,-1,1,67,-30,-1,1,30)","93000158","35011008"
"43010091","(5,6,9)","(0,0,0)","2000","20","31020001","1","(0,70,70,70)","(0,80,80,80)","(50,50,50)","(-60,-1,1,60,-67,-1,1,67,-30,-1,1,30)","(100,100,100)","(-60,-1,1,60,-67,-1,1,67,-30,-1,1,30)","","35011008"
"43010092","(5,6,9)","(90,100,50,200,250,110,510,610,280,1330,1600,730)","2000","20","31020001","1","(0,70,70,70)","(0,80,80,80)","(50,50,50)","(-60,-1,1,60,-67,-1,1,67,-30,-1,1,30)","(100,100,100)","(-60,-1,1,60,-67,-1,1,67,-30,-1,1,30)","93000037","35011008"
"43010093","(5,6,9)","(90,100,50,200,250,110,510,610,280,1330,1600,730,3610,4340,1990)","2000","20","31020001","1","(0,70,70,70)","(0,80,80,80)","(50,50,50)","(-60,-1,1,60,-67,-1,1,67,-30,-1,1,30)","(100,100,100)","(-60,-1,1,60,-67,-1,1,67,-30,-1,1,30)","93000037","35011008"
"43010094","(5,6,9)","(90,100,50,200,250,110,510,610,280,1330,1600,730,3610,4340,1990,10230,12270,5630)","2000","20","31020001","1","(0,70,70,70)","(0,80,80,80)","(50,50,50)","(-60,-1,1,60,-67,-1,1,67,-30,-1,1,30)","(100,100,100)","(-60,-1,1,60,-67,-1,1,67,-30,-1,1,30)","93000037","35011008"
"43010095","(5,6,9)","(90,100,50,200,250,110,510,610,280,1330,1600,730,3610,4340,1990,10230,12270,5630,30000,36000,16500)","2000","20","31020001","1","(0,70,70,70)","(0,80,80,80)","(50,50,50)","(-60,-1,1,60,-67,-1,1,67,-30,-1,1,30)","(100,100,100)","(-60,-1,1,60,-67,-1,1,67,-30,-1,1,30)","93000158","35011008"
"43010096","(5,6,9)","(90,100,50,200,250,110,510,610,280,1330,1600,730,3610,4340,1990,10230,12270,5630,30000,36000,16500,91360,109640,50250)","2000","20","31020001","1","(0,70,70,70)","(0,80,80,80)","(50,50,50)","(-60,-1,1,60,-67,-1,1,67,-30,-1,1,30)","(100,100,100)","(-60,-1,1,60,-67,-1,1,67,-30,-1,1,30)","93000158","35011008"
"43010097","(5,6,9)","(0,0,0)","2000","20","31020001","1","(0,70,70,70)","(0,80,80,80)","(50,50,50)","(-60,-1,1,60,-67,-1,1,67,-30,-1,1,30)","(100,100,100)","(-60,-1,1,60,-67,-1,1,67,-30,-1,1,30)","","35011008"
"43010098","(5,6,9)","(90,100,50,200,250,110,510,610,280,1330,1600,730,3610,4340,1990)","2000","20","31020001","1","(0,70,70,70)","(0,80,80,80)","(50,50,50)","(-60,-1,1,60,-67,-1,1,67,-30,-1,1,30)","(100,100,100)","(-60,-1,1,60,-67,-1,1,67,-30,-1,1,30)","93000037","35011008"
"43010099","(5,6,9)","(90,100,50,200,250,110,510,610,280,1330,1600,730,3610,4340,1990,10230,12270,5630)","2000","20","31020001","1","(0,70,70,70)","(0,80,80,80)","(50,50,50)","(-60,-1,1,60,-67,-1,1,67,-30,-1,1,30)","(100,100,100)","(-60,-1,1,60,-67,-1,1,67,-30,-1,1,30)","93000037","35011008"
"43010100","(5,6,9)","(90,100,50,200,250,110,510,610,280,1330,1600,730,3610,4340,1990,10230,12270,5630,30000,36000,16500)","2000","20","31020001","1","(0,70,70,70)","(0,80,80,80)","(50,50,50)","(-60,-1,1,60,-67,-1,1,67,-30,-1,1,30)","(100,100,100)","(-60,-1,1,60,-67,-1,1,67,-30,-1,1,30)","93000037","35011008"
"43010101","(5,6,9)","(90,100,50,200,250,110,510,610,280,1330,1600,730,3610,4340,1990,10230,12270,5630,30000,36000,16500,91360,109640,50250)","2000","20","31020001","1","(0,70,70,70)","(0,80,80,80)","(50,50,50)","(-60,-1,1,60,-67,-1,1,67,-30,-1,1,30)","(100,100,100)","(-60,-1,1,60,-67,-1,1,67,-30,-1,1,30)","93000158","35011008"
"43010102","(5,6,9)","(90,100,50,200,250,110,510,610,280,1330,1600,730,3610,4340,1990,10230,12270,5630,30000,36000,16500,91360,109640,50250,289090,346910,159000)","2000","20","31020001","1","(0,70,70,70)","(0,80,80,80)","(50,50,50)","(-60,-1,1,60,-67,-1,1,67,-30,-1,1,30)","(100,100,100)","(-60,-1,1,60,-67,-1,1,67,-30,-1,1,30)","93000158","35011008"
"43010103","(5,6,9)","(0,0,0)","2000","20","31020001","1","(0,70,70,70)","(0,80,80,80)","(50,50,50)","(-60,-1,1,60,-67,-1,1,67,-30,-1,1,30)","(100,100,100)","(-60,-1,1,60,-67,-1,1,67,-30,-1,1,30)","","35011008"
"43010104","(5,6,9)","(90,100,50,200,250,110,510,610,280,1330,1600,730,3610,4340,1990,10230,12270,5630)","2000","20","31020001","1","(0,70,70,70)","(0,80,80,80)","(50,50,50)","(-60,-1,1,60,-67,-1,1,67,-30,-1,1,30)","(100,100,100)","(-60,-1,1,60,-67,-1,1,67,-30,-1,1,30)","93000037","35011008"
"43010105","(5,6,9)","(90,100,50,200,250,110,510,610,280,1330,1600,730,3610,4340,1990,10230,12270,5630,30000,36000,16500)","2000","20","31020001","1","(0,70,70,70)","(0,80,80,80)","(50,50,50)","(-60,-1,1,60,-67,-1,1,67,-30,-1,1,30)","(100,100,100)","(-60,-1,1,60,-67,-1,1,67,-30,-1,1,30)","93000037","35011008"
"43010106","(5,6,9)","(90,100,50,200,250,110,510,610,280,1330,1600,730,3610,4340,1990,10230,12270,5630,30000,36000,16500,91360,109640,50250)","2000","20","31020001","1","(0,70,70,70)","(0,80,80,80)","(50,50,50)","(-60,-1,1,60,-67,-1,1,67,-30,-1,1,30)","(100,100,100)","(-60,-1,1,60,-67,-1,1,67,-30,-1,1,30)","93000037","35011008"
"43010107","(5,6,9)","(90,100,50,200,250,110,510,610,280,1330,1600,730,3610,4340,1990,10230,12270,5630,30000,36000,16500,91360,109640,50250,289090,346910,159000)","2000","20","31020001","1","(0,70,70,70)","(0,80,80,80)","(50,50,50)","(-60,-1,1,60,-67,-1,1,67,-30,-1,1,30)","(100,100,100)","(-60,-1,1,60,-67,-1,1,67,-30,-1,1,30)","93000158","35011008"
"43010108","(5,6,9)","(90,100,50,200,250,110,510,610,280,1330,1600,730,3610,4340,1990,10230,12270,5630,30000,36000,16500,91360,109640,50250,289090,346910,159000)","2000","20","31020001","1","(0,70,70,70)","(0,80,80,80)","(50,50,50)","(-60,-1,1,60,-67,-1,1,67,-30,-1,1,30)","(100,100,100)","(-60,-1,1,60,-67,-1,1,67,-30,-1,1,30)","93000158","35011008"
"43010109","(5,6,9)","(0,0,0)","2000","20","31020001","1","(0,70,70,70)","(0,80,80,80)","(50,50,50)","(-60,-1,1,60,-67,-1,1,67,-30,-1,1,30)","(100,100,100)","(-60,-1,1,60,-67,-1,1,67,-30,-1,1,30)","","35011008"
"43010110","(5,6,9)","(90,100,50,200,250,110,510,610,280,1330,1600,730,3610,4340,1990,10230,12270,5630,30000,36000,16500)","2000","20","31020001","1","(0,70,70,70)","(0,80,80,80)","(50,50,50)","(-60,-1,1,60,-67,-1,1,67,-30,-1,1,30)","(100,100,100)","(-60,-1,1,60,-67,-1,1,67,-30,-1,1,30)","93000037","35011008"
"43010111","(5,6,9)","(90,100,50,200,250,110,510,610,280,1330,1600,730,3610,4340,1990,10230,12270,5630,30000,36000,16500,91360,109640,50250)","2000","20","31020001","1","(0,70,70,70)","(0,80,80,80)","(50,50,50)","(-60,-1,1,60,-67,-1,1,67,-30,-1,1,30)","(100,100,100)","(-60,-1,1,60,-67,-1,1,67,-30,-1,1,30)","93000037","35011008"
"43010112","(5,6,9)","(90,100,50,200,250,110,510,610,280,1330,1600,730,3610,4340,1990,10230,12270,5630,30000,36000,16500,91360,109640,50250,289090,346910,159000)","2000","20","31020001","1","(0,70,70,70)","(0,80,80,80)","(50,50,50)","(-60,-1,1,60,-67,-1,1,67,-30,-1,1,30)","(100,100,100)","(-60,-1,1,60,-67,-1,1,67,-30,-1,1,30)","93000037","35011008"
"43010113","(5,6,9)","(90,100,50,200,250,110,510,610,280,1330,1600,730,3610,4340,1990,10230,12270,5630,30000,36000,16500,91360,109640,50250,289090,346910,159000)","2000","20","31020001","1","(0,70,70,70)","(0,80,80,80)","(50,50,50)","(-60,-1,1,60,-67,-1,1,67,-30,-1,1,30)","(100,100,100)","(-60,-1,1,60,-67,-1,1,67,-30,-1,1,30)","93000158","35011008"
"43010114","(5,6,9)","(90,100,50,200,250,110,510,610,280,1330,1600,730,3610,4340,1990,10230,12270,5630,30000,36000,16500,91360,109640,50250,289090,346910,159000)","2000","20","31020001","1","(0,70,70,70)","(0,80,80,80)","(50,50,50)","(-60,-1,1,60,-67,-1,1,67,-30,-1,1,30)","(100,100,100)","(-60,-1,1,60,-67,-1,1,67,-30,-1,1,30)","93000158","35011008"
"43010115","(5,6,9)","(0,0,0)","2000","20","31020001","1","(0,70,70,70)","(0,80,80,80)","(50,50,50)","(-60,-1,1,60,-67,-1,1,67,-30,-1,1,30)","(100,100,100)","(-60,-1,1,60,-67,-1,1,67,-30,-1,1,30)","","35011008"
"43010116","(5,6,9)","(90,100,50,200,250,110,510,610,280,1330,1600,730,3610,4340,1990,10230,12270,5630,30000,36000,16500,91360,109640,50250)","2000","20","31020001","1","(0,70,70,70)","(0,80,80,80)","(50,50,50)","(-60,-1,1,60,-67,-1,1,67,-30,-1,1,30)","(100,100,100)","(-60,-1,1,60,-67,-1,1,67,-30,-1,1,30)","93000037","35011008"
"43010117","(5,6,9)","(90,100,50,200,250,110,510,610,280,1330,1600,730,3610,4340,1990,10230,12270,5630,30000,36000,16500,91360,109640,50250,289090,346910,159000)","2000","20","31020001","1","(0,70,70,70)","(0,80,80,80)","(50,50,50)","(-60,-1,1,60,-67,-1,1,67,-30,-1,1,30)","(100,100,100)","(-60,-1,1,60,-67,-1,1,67,-30,-1,1,30)","93000037","35011008"
"43010118","(5,6,9)","(90,100,50,200,250,110,510,610,280,1330,1600,730,3610,4340,1990,10230,12270,5630,30000,36000,16500,91360,109640,50250,289090,346910,159000)","2000","20","31020001","1","(0,70,70,70)","(0,80,80,80)","(50,50,50)","(-60,-1,1,60,-67,-1,1,67,-30,-1,1,30)","(100,100,100)","(-60,-1,1,60,-67,-1,1,67,-30,-1,1,30)","93000037","35011008"
"43010119","(5,6,9)","(90,100,50,200,250,110,510,610,280,1330,1600,730,3610,4340,1990,10230,12270,5630,30000,36000,16500,91360,109640,50250,289090,346910,159000)","2000","20","31020001","1","(0,70,70,70)","(0,80,80,80)","(50,50,50)","(-60,-1,1,60,-67,-1,1,67,-30,-1,1,30)","(100,100,100)","(-60,-1,1,60,-67,-1,1,67,-30,-1,1,30)","93000158","35011008"
"43010120","(5,6,9)","(90,100,50,200,250,110,510,610,280,1330,1600,730,3610,4340,1990,10230,12270,5630,30000,36000,16500,91360,109640,50250,289090,346910,159000)","2000","20","31020001","1","(0,70,70,70)","(0,80,80,80)","(50,50,50)","(-60,-1,1,60,-67,-1,1,67,-30,-1,1,30)","(100,100,100)","(-60,-1,1,60,-67,-1,1,67,-30,-1,1,30)","93000158","35011008"
"43010121","(5,6,9)","(0,0,0)","2000","20","31020001","1","(0,70,70,70)","(0,80,80,80)","(50,50,50)","(-60,-1,1,60,-67,-1,1,67,-30,-1,1,30)","(100,100,100)","(-60,-1,1,60,-67,-1,1,67,-30,-1,1,30)","","35011008"
"43010122","(5,6,9)","(90,100,50)","2000","20","31020001","1","(0,70,70,70)","(0,80,80,80)","(50,50,50)","(-60,-1,1,60,-67,-1,1,67,-30,-1,1,30)","(100,100,100)","(-60,-1,1,60,-67,-1,1,67,-30,-1,1,30)","93000037","35011008"
"43010123","(5,6,9)","(90,100,50)","2000","20","31020001","1","(0,70,70,70)","(0,80,80,80)","(50,50,50)","(-60,-1,1,60,-67,-1,1,67,-30,-1,1,30)","(100,100,100)","(-60,-1,1,60,-67,-1,1,67,-30,-1,1,30)","93000037","35011008"
"43010124","(5,6,9)","(90,100,50)","2000","20","31020001","1","(0,70,70,70)","(0,80,80,80)","(50,50,50)","(-60,-1,1,60,-67,-1,1,67,-30,-1,1,30)","(100,100,100)","(-60,-1,1,60,-67,-1,1,67,-30,-1,1,30)","93000037","35011008"
"43010125","(5,6,9)","(90,100,50,200,250,110,510,610,280)","2000","20","31020001","1","(0,70,70,70)","(0,80,80,80)","(50,50,50)","(-60,-1,1,60,-67,-1,1,67,-30,-1,1,30)","(100,100,100)","(-60,-1,1,60,-67,-1,1,67,-30,-1,1,30)","93000158","35011008"
"43010126","(5,6,9)","(90,100,50,200,250,110,510,610,280,1330,1600,730,3610,4340,1990)","2000","20","31020001","1","(0,70,70,70)","(0,80,80,80)","(50,50,50)","(-60,-1,1,60,-67,-1,1,67,-30,-1,1,30)","(100,100,100)","(-60,-1,1,60,-67,-1,1,67,-30,-1,1,30)","93000158","35011008"
"43010127","(5,6,9)","(0,0,0)","2000","20","31020001","1","(0,70,70,70)","(0,80,80,80)","(50,50,50)","(-60,-1,1,60,-67,-1,1,67,-30,-1,1,30)","(100,100,100)","(-60,-1,1,60,-67,-1,1,67,-30,-1,1,30)","","35011008"
"43010128","(5,6,9)","(90,100,50)","2000","20","31020001","1","(0,70,70,70)","(0,80,80,80)","(50,50,50)","(-60,-1,1,60,-67,-1,1,67,-30,-1,1,30)","(100,100,100)","(-60,-1,1,60,-67,-1,1,67,-30,-1,1,30)","93000037","35011008"
"43010129","(5,6,9)","(90,100,50)","2000","20","31020001","1","(0,70,70,70)","(0,80,80,80)","(50,50,50)","(-60,-1,1,60,-67,-1,1,67,-30,-1,1,30)","(100,100,100)","(-60,-1,1,60,-67,-1,1,67,-30,-1,1,30)","93000037","35011008"
"43010130","(5,6,9)","(90,100,50,200,250,110)","2000","20","31020001","1","(0,70,70,70)","(0,80,80,80)","(50,50,50)","(-60,-1,1,60,-67,-1,1,67,-30,-1,1,30)","(100,100,100)","(-60,-1,1,60,-67,-1,1,67,-30,-1,1,30)","93000037","35011008"
"43010131","(5,6,9)","(90,100,50,200,250,110,510,610,280,1330,1600,730)","2000","20","31020001","1","(0,70,70,70)","(0,80,80,80)","(50,50,50)","(-60,-1,1,60,-67,-1,1,67,-30,-1,1,30)","(100,100,100)","(-60,-1,1,60,-67,-1,1,67,-30,-1,1,30)","93000158","35011008"
"43010132","(5,6,9)","(90,100,50,200,250,110,510,610,280,1330,1600,730,3610,4340,1990,10230,12270,5630)","2000","20","31020001","1","(0,70,70,70)","(0,80,80,80)","(50,50,50)","(-60,-1,1,60,-67,-1,1,67,-30,-1,1,30)","(100,100,100)","(-60,-1,1,60,-67,-1,1,67,-30,-1,1,30)","93000158","35011008"
"43010133","(5,6,9)","(0,0,0)","2000","20","31020001","1","(0,70,70,70)","(0,80,80,80)","(50,50,50)","(-60,-1,1,60,-67,-1,1,67,-30,-1,1,30)","(100,100,100)","(-60,-1,1,60,-67,-1,1,67,-30,-1,1,30)","","35011008"
"43010134","(5,6,9)","(90,100,50)","2000","20","31020001","1","(0,70,70,70)","(0,80,80,80)","(50,50,50)","(-60,-1,1,60,-67,-1,1,67,-30,-1,1,30)","(100,100,100)","(-60,-1,1,60,-67,-1,1,67,-30,-1,1,30)","93000037","35011008"
"43010135","(5,6,9)","(90,100,50,200,250,110)","2000","20","31020001","1","(0,70,70,70)","(0,80,80,80)","(50,50,50)","(-60,-1,1,60,-67,-1,1,67,-30,-1,1,30)","(100,100,100)","(-60,-1,1,60,-67,-1,1,67,-30,-1,1,30)","93000037","35011008"
"43010136","(5,6,9)","(90,100,50,200,250,110,510,610,280)","2000","20","31020001","1","(0,70,70,70)","(0,80,80,80)","(50,50,50)","(-60,-1,1,60,-67,-1,1,67,-30,-1,1,30)","(100,100,100)","(-60,-1,1,60,-67,-1,1,67,-30,-1,1,30)","93000037","35011008"
"43010137","(5,6,9)","(90,100,50,200,250,110,510,610,280,1330,1600,730,3610,4340,1990)","2000","20","31020001","1","(0,70,70,70)","(0,80,80,80)","(50,50,50)","(-60,-1,1,60,-67,-1,1,67,-30,-1,1,30)","(100,100,100)","(-60,-1,1,60,-67,-1,1,67,-30,-1,1,30)","93000158","35011008"
"43010138","(5,6,9)","(90,100,50,200,250,110,510,610,280,1330,1600,730,3610,4340,1990,10230,12270,5630,30000,36000,16500)","2000","20","31020001","1","(0,70,70,70)","(0,80,80,80)","(50,50,50)","(-60,-1,1,60,-67,-1,1,67,-30,-1,1,30)","(100,100,100)","(-60,-1,1,60,-67,-1,1,67,-30,-1,1,30)","93000158","35011008"
"43010139","(5,6,9)","(0,0,0)","2000","20","31020001","1","(0,70,70,70)","(0,80,80,80)","(50,50,50)","(-60,-1,1,60,-67,-1,1,67,-30,-1,1,30)","(100,100,100)","(-60,-1,1,60,-67,-1,1,67,-30,-1,1,30)","","35011008"
"43010140","(5,6,9)","(90,100,50,200,250,110)","2000","20","31020001","1","(0,70,70,70)","(0,80,80,80)","(50,50,50)","(-60,-1,1,60,-67,-1,1,67,-30,-1,1,30)","(100,100,100)","(-60,-1,1,60,-67,-1,1,67,-30,-1,1,30)","93000037","35011008"
"43010141","(5,6,9)","(90,100,50,200,250,110,510,610,280)","2000","20","31020001","1","(0,70,70,70)","(0,80,80,80)","(50,50,50)","(-60,-1,1,60,-67,-1,1,67,-30,-1,1,30)","(100,100,100)","(-60,-1,1,60,-67,-1,1,67,-30,-1,1,30)","93000037","35011008"
"43010142","(5,6,9)","(90,100,50,200,250,110,510,610,280,1330,1600,730)","2000","20","31020001","1","(0,70,70,70)","(0,80,80,80)","(50,50,50)","(-60,-1,1,60,-67,-1,1,67,-30,-1,1,30)","(100,100,100)","(-60,-1,1,60,-67,-1,1,67,-30,-1,1,30)","93000037","35011008"
"43010143","(5,6,9)","(90,100,50,200,250,110,510,610,280,1330,1600,730,3610,4340,1990,10230,12270,5630)","2000","20","31020001","1","(0,70,70,70)","(0,80,80,80)","(50,50,50)","(-60,-1,1,60,-67,-1,1,67,-30,-1,1,30)","(100,100,100)","(-60,-1,1,60,-67,-1,1,67,-30,-1,1,30)","93000158","35011008"
"43010144","(5,6,9)","(90,100,50,200,250,110,510,610,280,1330,1600,730,3610,4340,1990,10230,12270,5630,30000,36000,16500)","2000","20","31020001","1","(0,70,70,70)","(0,80,80,80)","(50,50,50)","(-60,-1,1,60,-67,-1,1,67,-30,-1,1,30)","(100,100,100)","(-60,-1,1,60,-67,-1,1,67,-30,-1,1,30)","93000158","35011008"
"43010145","(5,6,9)","(0,0,0)","2000","20","31020001","1","(0,70,70,70)","(0,80,80,80)","(50,50,50)","(-60,-1,1,60,-67,-1,1,67,-30,-1,1,30)","(100,100,100)","(-60,-1,1,60,-67,-1,1,67,-30,-1,1,30)","","35011008"
"43010146","(5,6,9)","(90,100,50,200,250,110,510,610,280","2000","20","31020001","1","(0,70,70,70)","(0,80,80,80)","(50,50,50)","(-60,-1,1,60,-67,-1,1,67,-30,-1,1,30)","(100,100,100)","(-60,-1,1,60,-67,-1,1,67,-30,-1,1,30)","93000037","35011008"
"43010147","(5,6,9)","(90,100,50,200,250,110,510,610,280,1330,1600,730)","2000","20","31020001","1","(0,70,70,70)","(0,80,80,80)","(50,50,50)","(-60,-1,1,60,-67,-1,1,67,-30,-1,1,30)","(100,100,100)","(-60,-1,1,60,-67,-1,1,67,-30,-1,1,30)","93000037","35011008"
"43010148","(5,6,9)","(90,100,50,200,250,110,510,610,280,1330,1600,730,3610,4340,1990)","2000","20","31020001","1","(0,70,70,70)","(0,80,80,80)","(50,50,50)","(-60,-1,1,60,-67,-1,1,67,-30,-1,1,30)","(100,100,100)","(-60,-1,1,60,-67,-1,1,67,-30,-1,1,30)","93000037","35011008"
"43010149","(5,6,9)","(90,100,50,200,250,110,510,610,280,1330,1600,730,3610,4340,1990,10230,12270,5630,30000,36000,16500)","2000","20","31020001","1","(0,70,70,70)","(0,80,80,80)","(50,50,50)","(-60,-1,1,60,-67,-1,1,67,-30,-1,1,30)","(100,100,100)","(-60,-1,1,60,-67,-1,1,67,-30,-1,1,30)","93000158","35011008"
"43010150","(5,6,9)","(90,100,50,200,250,110,510,610,280,1330,1600,730,3610,4340,1990,10230,12270,5630,30000,36000,16500)","2000","20","31020001","1","(0,70,70,70)","(0,80,80,80)","(50,50,50)","(-60,-1,1,60,-67,-1,1,67,-30,-1,1,30)","(100,100,100)","(-60,-1,1,60,-67,-1,1,67,-30,-1,1,30)","93000158","35011008"
"43010151","(5,6,9)","(0,0,0)","2000","20","31020001","1","(0,70,70,70)","(0,80,80,80)","(50,50,50)","(-60,-1,1,60,-67,-1,1,67,-30,-1,1,30)","(100,100,100)","(-60,-1,1,60,-67,-1,1,67,-30,-1,1,30)","","35011008"
"43010152","(5,6,9)","(90,100,50,200,250,110,510,610,280,1330,1600,730)","2000","20","31020001","1","(0,70,70,70)","(0,80,80,80)","(50,50,50)","(-60,-1,1,60,-67,-1,1,67,-30,-1,1,30)","(100,100,100)","(-60,-1,1,60,-67,-1,1,67,-30,-1,1,30)","93000037","35011008"
"43010153","(5,6,9)","(90,100,50,200,250,110,510,610,280,1330,1600,730,3610,4340,1990)","2000","20","31020001","1","(0,70,70,70)","(0,80,80,80)","(50,50,50)","(-60,-1,1,60,-67,-1,1,67,-30,-1,1,30)","(100,100,100)","(-60,-1,1,60,-67,-1,1,67,-30,-1,1,30)","93000037","35011008"
"43010154","(5,6,9)","(90,100,50,200,250,110,510,610,280,1330,1600,730,3610,4340,1990,10230,12270,5630)","2000","20","31020001","1","(0,70,70,70)","(0,80,80,80)","(50,50,50)","(-60,-1,1,60,-67,-1,1,67,-30,-1,1,30)","(100,100,100)","(-60,-1,1,60,-67,-1,1,67,-30,-1,1,30)","93000037","35011008"
"43010155","(5,6,9)","(90,100,50,200,250,110,510,610,280,1330,1600,730,3610,4340,1990,10230,12270,5630,30000,36000,16500)","2000","20","31020001","1","(0,70,70,70)","(0,80,80,80)","(50,50,50)","(-60,-1,1,60,-67,-1,1,67,-30,-1,1,30)","(100,100,100)","(-60,-1,1,60,-67,-1,1,67,-30,-1,1,30)","93000158","35011008"
"43010156","(5,6,9)","(90,100,50,200,250,110,510,610,280,1330,1600,730,3610,4340,1990,10230,12270,5630,30000,36000,16500,91360,109640,50250)","2000","20","31020001","1","(0,70,70,70)","(0,80,80,80)","(50,50,50)","(-60,-1,1,60,-67,-1,1,67,-30,-1,1,30)","(100,100,100)","(-60,-1,1,60,-67,-1,1,67,-30,-1,1,30)","93000158","35011008"
"43010157","(5,6,9)","(0,0,0)","2000","20","31020001","1","(0,70,70,70)","(0,80,80,80)","(50,50,50)","(-60,-1,1,60,-67,-1,1,67,-30,-1,1,30)","(100,100,100)","(-60,-1,1,60,-67,-1,1,67,-30,-1,1,30)","","35011008"
"43010158","(5,6,9)","(90,100,50,200,250,110,510,610,280,1330,1600,730,3610,4340,1990)","2000","20","31020001","1","(0,70,70,70)","(0,80,80,80)","(50,50,50)","(-60,-1,1,60,-67,-1,1,67,-30,-1,1,30)","(100,100,100)","(-60,-1,1,60,-67,-1,1,67,-30,-1,1,30)","93000037","35011008"
"43010159","(5,6,9)","(90,100,50,200,250,110,510,610,280,1330,1600,730,3610,4340,1990,10230,12270,5630)","2000","20","31020001","1","(0,70,70,70)","(0,80,80,80)","(50,50,50)","(-60,-1,1,60,-67,-1,1,67,-30,-1,1,30)","(100,100,100)","(-60,-1,1,60,-67,-1,1,67,-30,-1,1,30)","93000037","35011008"
"43010160","(5,6,9)","(90,100,50,200,250,110,510,610,280,1330,1600,730,3610,4340,1990,10230,12270,5630,30000,36000,16500)","2000","20","31020001","1","(0,70,70,70)","(0,80,80,80)","(50,50,50)","(-60,-1,1,60,-67,-1,1,67,-30,-1,1,30)","(100,100,100)","(-60,-1,1,60,-67,-1,1,67,-30,-1,1,30)","93000037","35011008"
"43010161","(5,6,9)","(90,100,50,200,250,110,510,610,280,1330,1600,730,3610,4340,1990,10230,12270,5630,30000,36000,16500,91360,109640,50250)","2000","20","31020001","1","(0,70,70,70)","(0,80,80,80)","(50,50,50)","(-60,-1,1,60,-67,-1,1,67,-30,-1,1,30)","(100,100,100)","(-60,-1,1,60,-67,-1,1,67,-30,-1,1,30)","93000158","35011008"
"43010162","(5,6,9)","(90,100,50,200,250,110,510,610,280,1330,1600,730,3610,4340,1990,10230,12270,5630,30000,36000,16500,91360,109640,50250,289090,346910,159000)","2000","20","31020001","1","(0,70,70,70)","(0,80,80,80)","(50,50,50)","(-60,-1,1,60,-67,-1,1,67,-30,-1,1,30)","(100,100,100)","(-60,-1,1,60,-67,-1,1,67,-30,-1,1,30)","93000158","35011008"
"43010163","(5,6,9)","(0,0,0)","2000","20","31020001","1","(0,70,70,70)","(0,80,80,80)","(50,50,50)","(-60,-1,1,60,-67,-1,1,67,-30,-1,1,30)","(100,100,100)","(-60,-1,1,60,-67,-1,1,67,-30,-1,1,30)","","35011008"
"43010164","(5,6,9)","(90,100,50,200,250,110,510,610,280,1330,1600,730,3610,4340,1990,10230,12270,5630)","2000","20","31020001","1","(0,70,70,70)","(0,80,80,80)","(50,50,50)","(-60,-1,1,60,-67,-1,1,67,-30,-1,1,30)","(100,100,100)","(-60,-1,1,60,-67,-1,1,67,-30,-1,1,30)","93000037","35011008"
"43010165","(5,6,9)","(90,100,50,200,250,110,510,610,280,1330,1600,730,3610,4340,1990,10230,12270,5630,30000,36000,16500)","2000","20","31020001","1","(0,70,70,70)","(0,80,80,80)","(50,50,50)","(-60,-1,1,60,-67,-1,1,67,-30,-1,1,30)","(100,100,100)","(-60,-1,1,60,-67,-1,1,67,-30,-1,1,30)","93000037","35011008"
"43010166","(5,6,9)","(90,100,50,200,250,110,510,610,280,1330,1600,730,3610,4340,1990,10230,12270,5630,30000,36000,16500,91360,109640,50250)","2000","20","31020001","1","(0,70,70,70)","(0,80,80,80)","(50,50,50)","(-60,-1,1,60,-67,-1,1,67,-30,-1,1,30)","(100,100,100)","(-60,-1,1,60,-67,-1,1,67,-30,-1,1,30)","93000037","35011008"
"43010167","(5,6,9)","(90,100,50,200,250,110,510,610,280,1330,1600,730,3610,4340,1990,10230,12270,5630,30000,36000,16500,91360,109640,50250,289090,346910,159000)","2000","20","31020001","1","(0,70,70,70)","(0,80,80,80)","(50,50,50)","(-60,-1,1,60,-67,-1,1,67,-30,-1,1,30)","(100,100,100)","(-60,-1,1,60,-67,-1,1,67,-30,-1,1,30)","93000158","35011008"
"43010168","(5,6,9)","(90,100,50,200,250,110,510,610,280,1330,1600,730,3610,4340,1990,10230,12270,5630,30000,36000,16500,91360,109640,50250,289090,346910,159000)","2000","20","31020001","1","(0,70,70,70)","(0,80,80,80)","(50,50,50)","(-60,-1,1,60,-67,-1,1,67,-30,-1,1,30)","(100,100,100)","(-60,-1,1,60,-67,-1,1,67,-30,-1,1,30)","93000158","35011008"
"43010169","(5,6,9)","(0,0,0)","2000","20","31020001","1","(0,70,70,70)","(0,80,80,80)","(50,50,50)","(-60,-1,1,60,-67,-1,1,67,-30,-1,1,30)","(100,100,100)","(-60,-1,1,60,-67,-1,1,67,-30,-1,1,30)","","35011008"
"43010170","(5,6,9)","(90,100,50,200,250,110,510,610,280,1330,1600,730,3610,4340,1990,10230,12270,5630,30000,36000,16500)","2000","20","31020001","1","(0,70,70,70)","(0,80,80,80)","(50,50,50)","(-60,-1,1,60,-67,-1,1,67,-30,-1,1,30)","(100,100,100)","(-60,-1,1,60,-67,-1,1,67,-30,-1,1,30)","93000037","35011008"
"43010171","(5,6,9)","(90,100,50,200,250,110,510,610,280,1330,1600,730,3610,4340,1990,10230,12270,5630,30000,36000,16500,91360,109640,50250)","2000","20","31020001","1","(0,70,70,70)","(0,80,80,80)","(50,50,50)","(-60,-1,1,60,-67,-1,1,67,-30,-1,1,30)","(100,100,100)","(-60,-1,1,60,-67,-1,1,67,-30,-1,1,30)","93000037","35011008"
"43010172","(5,6,9)","(90,100,50,200,250,110,510,610,280,1330,1600,730,3610,4340,1990,10230,12270,5630,30000,36000,16500,91360,109640,50250,289090,346910,159000)","2000","20","31020001","1","(0,70,70,70)","(0,80,80,80)","(50,50,50)","(-60,-1,1,60,-67,-1,1,67,-30,-1,1,30)","(100,100,100)","(-60,-1,1,60,-67,-1,1,67,-30,-1,1,30)","93000037","35011008"
"43010173","(5,6,9)","(90,100,50,200,250,110,510,610,280,1330,1600,730,3610,4340,1990,10230,12270,5630,30000,36000,16500,91360,109640,50250,289090,346910,159000)","2000","20","31020001","1","(0,70,70,70)","(0,80,80,80)","(50,50,50)","(-60,-1,1,60,-67,-1,1,67,-30,-1,1,30)","(100,100,100)","(-60,-1,1,60,-67,-1,1,67,-30,-1,1,30)","93000158","35011008"
"43010174","(5,6,9)","(90,100,50,200,250,110,510,610,280,1330,1600,730,3610,4340,1990,10230,12270,5630,30000,36000,16500,91360,109640,50250,289090,346910,159000)","2000","20","31020001","1","(0,70,70,70)","(0,80,80,80)","(50,50,50)","(-60,-1,1,60,-67,-1,1,67,-30,-1,1,30)","(100,100,100)","(-60,-1,1,60,-67,-1,1,67,-30,-1,1,30)","93000158","35011008"
"43010175","(5,6,9)","(0,0,0)","2000","20","31020001","1","(0,70,70,70)","(0,80,80,80)","(50,50,50)","(-60,-1,1,60,-67,-1,1,67,-30,-1,1,30)","(100,100,100)","(-60,-1,1,60,-67,-1,1,67,-30,-1,1,30)","","35011008"
"43010176","(5,6,9)","(90,100,50,200,250,110,510,610,280,1330,1600,730,3610,4340,1990,10230,12270,5630,30000,36000,16500,91360,109640,50250)","2000","20","31020001","1","(0,70,70,70)","(0,80,80,80)","(50,50,50)","(-60,-1,1,60,-67,-1,1,67,-30,-1,1,30)","(100,100,100)","(-60,-1,1,60,-67,-1,1,67,-30,-1,1,30)","93000037","35011008"
"43010177","(5,6,9)","(90,100,50,200,250,110,510,610,280,1330,1600,730,3610,4340,1990,10230,12270,5630,30000,36000,16500,91360,109640,50250,289090,346910,159000)","2000","20","31020001","1","(0,70,70,70)","(0,80,80,80)","(50,50,50)","(-60,-1,1,60,-67,-1,1,67,-30,-1,1,30)","(100,100,100)","(-60,-1,1,60,-67,-1,1,67,-30,-1,1,30)","93000037","35011008"
"43010178","(5,6,9)","(90,100,50,200,250,110,510,610,280,1330,1600,730,3610,4340,1990,10230,12270,5630,30000,36000,16500,91360,109640,50250,289090,346910,159000)","2000","20","31020001","1","(0,70,70,70)","(0,80,80,80)","(50,50,50)","(-60,-1,1,60,-67,-1,1,67,-30,-1,1,30)","(100,100,100)","(-60,-1,1,60,-67,-1,1,67,-30,-1,1,30)","93000037","35011008"
"43010179","(5,6,9)","(90,100,50,200,250,110,510,610,280,1330,1600,730,3610,4340,1990,10230,12270,5630,30000,36000,16500,91360,109640,50250,289090,346910,159000)","2000","20","31020001","1","(0,70,70,70)","(0,80,80,80)","(50,50,50)","(-60,-1,1,60,-67,-1,1,67,-30,-1,1,30)","(100,100,100)","(-60,-1,1,60,-67,-1,1,67,-30,-1,1,30)","93000158","35011008"
"43010180","(5,6,9)","(90,100,50,200,250,110,510,610,280,1330,1600,730,3610,4340,1990,10230,12270,5630,30000,36000,16500,91360,109640,50250,289090,346910,159000)","2000","20","31020001","1","(0,70,70,70)","(0,80,80,80)","(50,50,50)","(-60,-1,1,60,-67,-1,1,67,-30,-1,1,30)","(100,100,100)","(-60,-1,1,60,-67,-1,1,67,-30,-1,1,30)","93000158","35011008"
"43010181","(5,6,9)","(0,0,0)","2000","20","31020001","1","(0,70,70,70)","(0,80,80,80)","(50,50,50)","(-60,-1,1,60,-67,-1,1,67,-30,-1,1,30)","(100,100,100)","(-60,-1,1,60,-67,-1,1,67,-30,-1,1,30)","","35011008"
"43010182","(5,6,9)","(90,100,50)","2000","20","31020001","1","(0,70,70,70)","(0,80,80,80)","(50,50,50)","(-60,-1,1,60,-67,-1,1,67,-30,-1,1,30)","(100,100,100)","(-60,-1,1,60,-67,-1,1,67,-30,-1,1,30)","93000037","35011008"
"43010183","(5,6,9)","(90,100,50)","2000","20","31020001","1","(0,70,70,70)","(0,80,80,80)","(50,50,50)","(-60,-1,1,60,-67,-1,1,67,-30,-1,1,30)","(100,100,100)","(-60,-1,1,60,-67,-1,1,67,-30,-1,1,30)","93000037","35011008"
"43010184","(5,6,9)","(90,100,50)","2000","20","31020001","1","(0,70,70,70)","(0,80,80,80)","(50,50,50)","(-60,-1,1,60,-67,-1,1,67,-30,-1,1,30)","(100,100,100)","(-60,-1,1,60,-67,-1,1,67,-30,-1,1,30)","93000037","35011008"
"43010185","(5,6,9)","(90,100,50,200,250,110,510,610,280)","2000","20","31020001","1","(0,70,70,70)","(0,80,80,80)","(50,50,50)","(-60,-1,1,60,-67,-1,1,67,-30,-1,1,30)","(100,100,100)","(-60,-1,1,60,-67,-1,1,67,-30,-1,1,30)","93000158","35011008"
"43010186","(5,6,9)","(90,100,50,200,250,110,510,610,280,1330,1600,730,3610,4340,1990)","2000","20","31020001","1","(0,70,70,70)","(0,80,80,80)","(50,50,50)","(-60,-1,1,60,-67,-1,1,67,-30,-1,1,30)","(100,100,100)","(-60,-1,1,60,-67,-1,1,67,-30,-1,1,30)","93000158","35011008"
"43010187","(5,6,9)","(0,0,0)","2000","20","31020001","1","(0,70,70,70)","(0,80,80,80)","(50,50,50)","(-60,-1,1,60,-67,-1,1,67,-30,-1,1,30)","(100,100,100)","(-60,-1,1,60,-67,-1,1,67,-30,-1,1,30)","","35011008"
"43010188","(5,6,9)","(90,100,50)","2000","20","31020001","1","(0,70,70,70)","(0,80,80,80)","(50,50,50)","(-60,-1,1,60,-67,-1,1,67,-30,-1,1,30)","(100,100,100)","(-60,-1,1,60,-67,-1,1,67,-30,-1,1,30)","93000037","35011008"
"43010189","(5,6,9)","(90,100,50)","2000","20","31020001","1","(0,70,70,70)","(0,80,80,80)","(50,50,50)","(-60,-1,1,60,-67,-1,1,67,-30,-1,1,30)","(100,100,100)","(-60,-1,1,60,-67,-1,1,67,-30,-1,1,30)","93000037","35011008"
"43010190","(5,6,9)","(90,100,50,200,250,110)","2000","20","31020001","1","(0,70,70,70)","(0,80,80,80)","(50,50,50)","(-60,-1,1,60,-67,-1,1,67,-30,-1,1,30)","(100,100,100)","(-60,-1,1,60,-67,-1,1,67,-30,-1,1,30)","93000037","35011008"
"43010191","(5,6,9)","(90,100,50,200,250,110,510,610,280,1330,1600,730)","2000","20","31020001","1","(0,70,70,70)","(0,80,80,80)","(50,50,50)","(-60,-1,1,60,-67,-1,1,67,-30,-1,1,30)","(100,100,100)","(-60,-1,1,60,-67,-1,1,67,-30,-1,1,30)","93000158","35011008"
"43010192","(5,6,9)","(90,100,50,200,250,110,510,610,280,1330,1600,730,3610,4340,1990,10230,12270,5630)","2000","20","31020001","1","(0,70,70,70)","(0,80,80,80)","(50,50,50)","(-60,-1,1,60,-67,-1,1,67,-30,-1,1,30)","(100,100,100)","(-60,-1,1,60,-67,-1,1,67,-30,-1,1,30)","93000158","35011008"
"43010193","(5,6,9)","(0,0,0)","2000","20","31020001","1","(0,70,70,70)","(0,80,80,80)","(50,50,50)","(-60,-1,1,60,-67,-1,1,67,-30,-1,1,30)","(100,100,100)","(-60,-1,1,60,-67,-1,1,67,-30,-1,1,30)","","35011008"
"43010194","(5,6,9)","(90,100,50)","2000","20","31020001","1","(0,70,70,70)","(0,80,80,80)","(50,50,50)","(-60,-1,1,60,-67,-1,1,67,-30,-1,1,30)","(100,100,100)","(-60,-1,1,60,-67,-1,1,67,-30,-1,1,30)","93000037","35011008"
"43010195","(5,6,9)","(90,100,50,200,250,110)","2000","20","31020001","1","(0,70,70,70)","(0,80,80,80)","(50,50,50)","(-60,-1,1,60,-67,-1,1,67,-30,-1,1,30)","(100,100,100)","(-60,-1,1,60,-67,-1,1,67,-30,-1,1,30)","93000037","35011008"
"43010196","(5,6,9)","(90,100,50,200,250,110,510,610,280)","2000","20","31020001","1","(0,70,70,70)","(0,80,80,80)","(50,50,50)","(-60,-1,1,60,-67,-1,1,67,-30,-1,1,30)","(100,100,100)","(-60,-1,1,60,-67,-1,1,67,-30,-1,1,30)","93000037","35011008"
"43010197","(5,6,9)","(90,100,50,200,250,110,510,610,280,1330,1600,730,3610,4340,1990)","2000","20","31020001","1","(0,70,70,70)","(0,80,80,80)","(50,50,50)","(-60,-1,1,60,-67,-1,1,67,-30,-1,1,30)","(100,100,100)","(-60,-1,1,60,-67,-1,1,67,-30,-1,1,30)","93000158","35011008"
"43010198","(5,6,9)","(90,100,50,200,250,110,510,610,280,1330,1600,730,3610,4340,1990,10230,12270,5630,30000,36000,16500)","2000","20","31020001","1","(0,70,70,70)","(0,80,80,80)","(50,50,50)","(-60,-1,1,60,-67,-1,1,67,-30,-1,1,30)","(100,100,100)","(-60,-1,1,60,-67,-1,1,67,-30,-1,1,30)","93000158","35011008"
"43010199","(5,6,9)","(0,0,0)","2000","20","31020001","1","(0,70,70,70)","(0,80,80,80)","(50,50,50)","(-60,-1,1,60,-67,-1,1,67,-30,-1,1,30)","(100,100,100)","(-60,-1,1,60,-67,-1,1,67,-30,-1,1,30)","","35011008"
"43010200","(5,6,9)","(90,100,50,200,250,110)","2000","20","31020001","1","(0,70,70,70)","(0,80,80,80)","(50,50,50)","(-60,-1,1,60,-67,-1,1,67,-30,-1,1,30)","(100,100,100)","(-60,-1,1,60,-67,-1,1,67,-30,-1,1,30)","93000037","35011008"
"43010201","(5,6,9)","(90,100,50,200,250,110,510,610,280)","2000","20","31020001","1","(0,70,70,70)","(0,80,80,80)","(50,50,50)","(-60,-1,1,60,-67,-1,1,67,-30,-1,1,30)","(100,100,100)","(-60,-1,1,60,-67,-1,1,67,-30,-1,1,30)","93000037","35011008"
"43010202","(5,6,9)","(90,100,50,200,250,110,510,610,280,1330,1600,730)","2000","20","31020001","1","(0,70,70,70)","(0,80,80,80)","(50,50,50)","(-60,-1,1,60,-67,-1,1,67,-30,-1,1,30)","(100,100,100)","(-60,-1,1,60,-67,-1,1,67,-30,-1,1,30)","93000037","35011008"
"43010203","(5,6,9)","(90,100,50,200,250,110,510,610,280,1330,1600,730,3610,4340,1990,10230,12270,5630)","2000","20","31020001","1","(0,70,70,70)","(0,80,80,80)","(50,50,50)","(-60,-1,1,60,-67,-1,1,67,-30,-1,1,30)","(100,100,100)","(-60,-1,1,60,-67,-1,1,67,-30,-1,1,30)","93000158","35011008"
"43010204","(5,6,9)","(90,100,50,200,250,110,510,610,280,1330,1600,730,3610,4340,1990,10230,12270,5630,30000,36000,16500)","2000","20","31020001","1","(0,70,70,70)","(0,80,80,80)","(50,50,50)","(-60,-1,1,60,-67,-1,1,67,-30,-1,1,30)","(100,100,100)","(-60,-1,1,60,-67,-1,1,67,-30,-1,1,30)","93000158","35011008"
"43010205","(5,6,9)","(0,0,0)","2000","20","31020001","1","(0,70,70,70)","(0,80,80,80)","(50,50,50)","(-60,-1,1,60,-67,-1,1,67,-30,-1,1,30)","(100,100,100)","(-60,-1,1,60,-67,-1,1,67,-30,-1,1,30)","","35011008"
"43010206","(5,6,9)","(90,100,50,200,250,110,510,610,280","2000","20","31020001","1","(0,70,70,70)","(0,80,80,80)","(50,50,50)","(-60,-1,1,60,-67,-1,1,67,-30,-1,1,30)","(100,100,100)","(-60,-1,1,60,-67,-1,1,67,-30,-1,1,30)","93000037","35011008"
"43010207","(5,6,9)","(90,100,50,200,250,110,510,610,280,1330,1600,730)","2000","20","31020001","1","(0,70,70,70)","(0,80,80,80)","(50,50,50)","(-60,-1,1,60,-67,-1,1,67,-30,-1,1,30)","(100,100,100)","(-60,-1,1,60,-67,-1,1,67,-30,-1,1,30)","93000037","35011008"
"43010208","(5,6,9)","(90,100,50,200,250,110,510,610,280,1330,1600,730,3610,4340,1990)","2000","20","31020001","1","(0,70,70,70)","(0,80,80,80)","(50,50,50)","(-60,-1,1,60,-67,-1,1,67,-30,-1,1,30)","(100,100,100)","(-60,-1,1,60,-67,-1,1,67,-30,-1,1,30)","93000037","35011008"
"43010209","(5,6,9)","(90,100,50,200,250,110,510,610,280,1330,1600,730,3610,4340,1990,10230,12270,5630,30000,36000,16500)","2000","20","31020001","1","(0,70,70,70)","(0,80,80,80)","(50,50,50)","(-60,-1,1,60,-67,-1,1,67,-30,-1,1,30)","(100,100,100)","(-60,-1,1,60,-67,-1,1,67,-30,-1,1,30)","93000158","35011008"
"43010210","(5,6,9)","(90,100,50,200,250,110,510,610,280,1330,1600,730,3610,4340,1990,10230,12270,5630,30000,36000,16500)","2000","20","31020001","1","(0,70,70,70)","(0,80,80,80)","(50,50,50)","(-60,-1,1,60,-67,-1,1,67,-30,-1,1,30)","(100,100,100)","(-60,-1,1,60,-67,-1,1,67,-30,-1,1,30)","93000158","35011008"
"43010211","(5,6,9)","(0,0,0)","2000","20","31020001","1","(0,70,70,70)","(0,80,80,80)","(50,50,50)","(-60,-1,1,60,-67,-1,1,67,-30,-1,1,30)","(100,100,100)","(-60,-1,1,60,-67,-1,1,67,-30,-1,1,30)","","35011008"
"43010212","(5,6,9)","(90,100,50,200,250,110,510,610,280,1330,1600,730)","2000","20","31020001","1","(0,70,70,70)","(0,80,80,80)","(50,50,50)","(-60,-1,1,60,-67,-1,1,67,-30,-1,1,30)","(100,100,100)","(-60,-1,1,60,-67,-1,1,67,-30,-1,1,30)","93000037","35011008"
"43010213","(5,6,9)","(90,100,50,200,250,110,510,610,280,1330,1600,730,3610,4340,1990)","2000","20","31020001","1","(0,70,70,70)","(0,80,80,80)","(50,50,50)","(-60,-1,1,60,-67,-1,1,67,-30,-1,1,30)","(100,100,100)","(-60,-1,1,60,-67,-1,1,67,-30,-1,1,30)","93000037","35011008"
"43010214","(5,6,9)","(90,100,50,200,250,110,510,610,280,1330,1600,730,3610,4340,1990,10230,12270,5630)","2000","20","31020001","1","(0,70,70,70)","(0,80,80,80)","(50,50,50)","(-60,-1,1,60,-67,-1,1,67,-30,-1,1,30)","(100,100,100)","(-60,-1,1,60,-67,-1,1,67,-30,-1,1,30)","93000037","35011008"
"43010215","(5,6,9)","(90,100,50,200,250,110,510,610,280,1330,1600,730,3610,4340,1990,10230,12270,5630,30000,36000,16500)","2000","20","31020001","1","(0,70,70,70)","(0,80,80,80)","(50,50,50)","(-60,-1,1,60,-67,-1,1,67,-30,-1,1,30)","(100,100,100)","(-60,-1,1,60,-67,-1,1,67,-30,-1,1,30)","93000158","35011008"
"43010216","(5,6,9)","(90,100,50,200,250,110,510,610,280,1330,1600,730,3610,4340,1990,10230,12270,5630,30000,36000,16500,91360,109640,50250)","2000","20","31020001","1","(0,70,70,70)","(0,80,80,80)","(50,50,50)","(-60,-1,1,60,-67,-1,1,67,-30,-1,1,30)","(100,100,100)","(-60,-1,1,60,-67,-1,1,67,-30,-1,1,30)","93000158","35011008"
"43010217","(5,6,9)","(0,0,0)","2000","20","31020001","1","(0,70,70,70)","(0,80,80,80)","(50,50,50)","(-60,-1,1,60,-67,-1,1,67,-30,-1,1,30)","(100,100,100)","(-60,-1,1,60,-67,-1,1,67,-30,-1,1,30)","","35011008"
"43010218","(5,6,9)","(90,100,50,200,250,110,510,610,280,1330,1600,730,3610,4340,1990)","2000","20","31020001","1","(0,70,70,70)","(0,80,80,80)","(50,50,50)","(-60,-1,1,60,-67,-1,1,67,-30,-1,1,30)","(100,100,100)","(-60,-1,1,60,-67,-1,1,67,-30,-1,1,30)","93000037","35011008"
"43010219","(5,6,9)","(90,100,50,200,250,110,510,610,280,1330,1600,730,3610,4340,1990,10230,12270,5630)","2000","20","31020001","1","(0,70,70,70)","(0,80,80,80)","(50,50,50)","(-60,-1,1,60,-67,-1,1,67,-30,-1,1,30)","(100,100,100)","(-60,-1,1,60,-67,-1,1,67,-30,-1,1,30)","93000037","35011008"
"43010220","(5,6,9)","(90,100,50,200,250,110,510,610,280,1330,1600,730,3610,4340,1990,10230,12270,5630,30000,36000,16500)","2000","20","31020001","1","(0,70,70,70)","(0,80,80,80)","(50,50,50)","(-60,-1,1,60,-67,-1,1,67,-30,-1,1,30)","(100,100,100)","(-60,-1,1,60,-67,-1,1,67,-30,-1,1,30)","93000037","35011008"
"43010221","(5,6,9)","(90,100,50,200,250,110,510,610,280,1330,1600,730,3610,4340,1990,10230,12270,5630,30000,36000,16500,91360,109640,50250)","2000","20","31020001","1","(0,70,70,70)","(0,80,80,80)","(50,50,50)","(-60,-1,1,60,-67,-1,1,67,-30,-1,1,30)","(100,100,100)","(-60,-1,1,60,-67,-1,1,67,-30,-1,1,30)","93000158","35011008"
"43010222","(5,6,9)","(90,100,50,200,250,110,510,610,280,1330,1600,730,3610,4340,1990,10230,12270,5630,30000,36000,16500,91360,109640,50250,289090,346910,159000)","2000","20","31020001","1","(0,70,70,70)","(0,80,80,80)","(50,50,50)","(-60,-1,1,60,-67,-1,1,67,-30,-1,1,30)","(100,100,100)","(-60,-1,1,60,-67,-1,1,67,-30,-1,1,30)","93000158","35011008"
"43010223","(5,6,9)","(0,0,0)","2000","20","31020001","1","(0,70,70,70)","(0,80,80,80)","(50,50,50)","(-60,-1,1,60,-67,-1,1,67,-30,-1,1,30)","(100,100,100)","(-60,-1,1,60,-67,-1,1,67,-30,-1,1,30)","","35011008"
"43010224","(5,6,9)","(90,100,50,200,250,110,510,610,280,1330,1600,730,3610,4340,1990,10230,12270,5630)","2000","20","31020001","1","(0,70,70,70)","(0,80,80,80)","(50,50,50)","(-60,-1,1,60,-67,-1,1,67,-30,-1,1,30)","(100,100,100)","(-60,-1,1,60,-67,-1,1,67,-30,-1,1,30)","93000037","35011008"
"43010225","(5,6,9)","(90,100,50,200,250,110,510,610,280,1330,1600,730,3610,4340,1990,10230,12270,5630,30000,36000,16500)","2000","20","31020001","1","(0,70,70,70)","(0,80,80,80)","(50,50,50)","(-60,-1,1,60,-67,-1,1,67,-30,-1,1,30)","(100,100,100)","(-60,-1,1,60,-67,-1,1,67,-30,-1,1,30)","93000037","35011008"
"43010226","(5,6,9)","(90,100,50,200,250,110,510,610,280,1330,1600,730,3610,4340,1990,10230,12270,5630,30000,36000,16500,91360,109640,50250)","2000","20","31020001","1","(0,70,70,70)","(0,80,80,80)","(50,50,50)","(-60,-1,1,60,-67,-1,1,67,-30,-1,1,30)","(100,100,100)","(-60,-1,1,60,-67,-1,1,67,-30,-1,1,30)","93000037","35011008"
"43010227","(5,6,9)","(90,100,50,200,250,110,510,610,280,1330,1600,730,3610,4340,1990,10230,12270,5630,30000,36000,16500,91360,109640,50250,289090,346910,159000)","2000","20","31020001","1","(0,70,70,70)","(0,80,80,80)","(50,50,50)","(-60,-1,1,60,-67,-1,1,67,-30,-1,1,30)","(100,100,100)","(-60,-1,1,60,-67,-1,1,67,-30,-1,1,30)","93000158","35011008"
"43010228","(5,6,9)","(90,100,50,200,250,110,510,610,280,1330,1600,730,3610,4340,1990,10230,12270,5630,30000,36000,16500,91360,109640,50250,289090,346910,159000)","2000","20","31020001","1","(0,70,70,70)","(0,80,80,80)","(50,50,50)","(-60,-1,1,60,-67,-1,1,67,-30,-1,1,30)","(100,100,100)","(-60,-1,1,60,-67,-1,1,67,-30,-1,1,30)","93000158","35011008"
"43010229","(5,6,9)","(0,0,0)","2000","20","31020001","1","(0,70,70,70)","(0,80,80,80)","(50,50,50)","(-60,-1,1,60,-67,-1,1,67,-30,-1,1,30)","(100,100,100)","(-60,-1,1,60,-67,-1,1,67,-30,-1,1,30)","","35011008"
"43010230","(5,6,9)","(90,100,50,200,250,110,510,610,280,1330,1600,730,3610,4340,1990,10230,12270,5630,30000,36000,16500)","2000","20","31020001","1","(0,70,70,70)","(0,80,80,80)","(50,50,50)","(-60,-1,1,60,-67,-1,1,67,-30,-1,1,30)","(100,100,100)","(-60,-1,1,60,-67,-1,1,67,-30,-1,1,30)","93000037","35011008"
"43010231","(5,6,9)","(90,100,50,200,250,110,510,610,280,1330,1600,730,3610,4340,1990,10230,12270,5630,30000,36000,16500,91360,109640,50250)","2000","20","31020001","1","(0,70,70,70)","(0,80,80,80)","(50,50,50)","(-60,-1,1,60,-67,-1,1,67,-30,-1,1,30)","(100,100,100)","(-60,-1,1,60,-67,-1,1,67,-30,-1,1,30)","93000037","35011008"
"43010232","(5,6,9)","(90,100,50,200,250,110,510,610,280,1330,1600,730,3610,4340,1990,10230,12270,5630,30000,36000,16500,91360,109640,50250,289090,346910,159000)","2000","20","31020001","1","(0,70,70,70)","(0,80,80,80)","(50,50,50)","(-60,-1,1,60,-67,-1,1,67,-30,-1,1,30)","(100,100,100)","(-60,-1,1,60,-67,-1,1,67,-30,-1,1,30)","93000037","35011008"
"43010233","(5,6,9)","(90,100,50,200,250,110,510,610,280,1330,1600,730,3610,4340,1990,10230,12270,5630,30000,36000,16500,91360,109640,50250,289090,346910,159000)","2000","20","31020001","1","(0,70,70,70)","(0,80,80,80)","(50,50,50)","(-60,-1,1,60,-67,-1,1,67,-30,-1,1,30)","(100,100,100)","(-60,-1,1,60,-67,-1,1,67,-30,-1,1,30)","93000158","35011008"
"43010234","(5,6,9)","(90,100,50,200,250,110,510,610,280,1330,1600,730,3610,4340,1990,10230,12270,5630,30000,36000,16500,91360,109640,50250,289090,346910,159000)","2000","20","31020001","1","(0,70,70,70)","(0,80,80,80)","(50,50,50)","(-60,-1,1,60,-67,-1,1,67,-30,-1,1,30)","(100,100,100)","(-60,-1,1,60,-67,-1,1,67,-30,-1,1,30)","93000158","35011008"
"43010235","(5,6,9)","(0,0,0)","2000","20","31020001","1","(0,70,70,70)","(0,80,80,80)","(50,50,50)","(-60,-1,1,60,-67,-1,1,67,-30,-1,1,30)","(100,100,100)","(-60,-1,1,60,-67,-1,1,67,-30,-1,1,30)","","35011008"
"43010236","(5,6,9)","(90,100,50,200,250,110,510,610,280,1330,1600,730,3610,4340,1990,10230,12270,5630,30000,36000,16500,91360,109640,50250)","2000","20","31020001","1","(0,70,70,70)","(0,80,80,80)","(50,50,50)","(-60,-1,1,60,-67,-1,1,67,-30,-1,1,30)","(100,100,100)","(-60,-1,1,60,-67,-1,1,67,-30,-1,1,30)","93000037","35011008"
"43010237","(5,6,9)","(90,100,50,200,250,110,510,610,280,1330,1600,730,3610,4340,1990,10230,12270,5630,30000,36000,16500,91360,109640,50250,289090,346910,159000)","2000","20","31020001","1","(0,70,70,70)","(0,80,80,80)","(50,50,50)","(-60,-1,1,60,-67,-1,1,67,-30,-1,1,30)","(100,100,100)","(-60,-1,1,60,-67,-1,1,67,-30,-1,1,30)","93000037","35011008"
"43010238","(5,6,9)","(90,100,50,200,250,110,510,610,280,1330,1600,730,3610,4340,1990,10230,12270,5630,30000,36000,16500,91360,109640,50250,289090,346910,159000)","2000","20","31020001","1","(0,70,70,70)","(0,80,80,80)","(50,50,50)","(-60,-1,1,60,-67,-1,1,67,-30,-1,1,30)","(100,100,100)","(-60,-1,1,60,-67,-1,1,67,-30,-1,1,30)","93000037","35011008"
"43010239","(5,6,9)","(90,100,50,200,250,110,510,610,280,1330,1600,730,3610,4340,1990,10230,12270,5630,30000,36000,16500,91360,109640,50250,289090,346910,159000)","2000","20","31020001","1","(0,70,70,70)","(0,80,80,80)","(50,50,50)","(-60,-1,1,60,-67,-1,1,67,-30,-1,1,30)","(100,100,100)","(-60,-1,1,60,-67,-1,1,67,-30,-1,1,30)","93000158","35011008"
"43010240","(5,6,9)","(90,100,50,200,250,110,510,610,280,1330,1600,730,3610,4340,1990,10230,12270,5630,30000,36000,16500,91360,109640,50250,289090,346910,159000)","2000","20","31020001","1","(0,70,70,70)","(0,80,80,80)","(50,50,50)","(-60,-1,1,60,-67,-1,1,67,-30,-1,1,30)","(100,100,100)","(-60,-1,1,60,-67,-1,1,67,-30,-1,1,30)","93000158","35011008"
"43010241","(5,6,9)","(90,100,50,200,250,110,510,610,280,1330,1600,730,3610,4340,1990,10230,12270,5630)","2000","20","31020001","1","(0,70,70,70)","(0,80,80,80)","(50,50,50)","(-60,-1,1,60,-67,-1,1,67,-30,-1,1,30)","(100,100,100)","(-60,-1,1,60,-67,-1,1,67,-30,-1,1,30)","93000158","35011008"
"43010242","(5,6,9)","(90,100,50,200,250,110,510,610,280,1330,1600,730,3610,4340,1990,10230,12270,5630,30000,36000,16500)","2000","20","31020001","1","(0,70,70,70)","(0,80,80,80)","(50,50,50)","(-60,-1,1,60,-67,-1,1,67,-30,-1,1,30)","(100,100,100)","(-60,-1,1,60,-67,-1,1,67,-30,-1,1,30)","93000158","35011008"
"43010243","(5,6,9)","(90,100,50,200,250,110,510,610,280,1330,1600,730,3610,4340,1990,10230,12270,5630,30000,36000,16500,91360,109640,50250)","2000","20","31020001","1","(0,70,70,70)","(0,80,80,80)","(50,50,50)","(-60,-1,1,60,-67,-1,1,67,-30,-1,1,30)","(100,100,100)","(-60,-1,1,60,-67,-1,1,67,-30,-1,1,30)","93000158","35011008"
"43010244","(5,6,9)","(90,100,50,200,250,110,510,610,280,1330,1600,730,3610,4340,1990,10230,12270,5630,30000,36000,16500,91360,109640,50250,289090,346910,159000)","2000","20","31020001","1","(0,70,70,70)","(0,80,80,80)","(50,50,50)","(-60,-1,1,60,-67,-1,1,67,-30,-1,1,30)","(100,100,100)","(-60,-1,1,60,-67,-1,1,67,-30,-1,1,30)","93000158","35011008"
"43010245","(5,6,9)","(90,100,50,200,250,110,510,610,280,1330,1600,730,3610,4340,1990,10230,12270,5630,30000,36000,16500,91360,109640,50250,289090,346910,159000)","2000","20","31020001","1","(0,70,70,70)","(0,80,80,80)","(50,50,50)","(-60,-1,1,60,-67,-1,1,67,-30,-1,1,30)","(100,100,100)","(-60,-1,1,60,-67,-1,1,67,-30,-1,1,30)","93000158","35011008"
"43010246","(5,6,9)","(90,100,50,200,250,110,510,610,280,1330,1600,730,3610,4340,1990,10230,12270,5630,30000,36000,16500,91360,109640,50250,289090,346910,159000)","2000","20","31020001","1","(0,70,70,70)","(0,80,80,80)","(50,50,50)","(-60,-1,1,60,-67,-1,1,67,-30,-1,1,30)","(100,100,100)","(-60,-1,1,60,-67,-1,1,67,-30,-1,1,30)","93000158","35011008"
"43010247","(5,6,9)","(90,100,50,200,250,110,510,610,280,1330,1600,730,3610,4340,1990,10230,12270,5630,30000,36000,16500,91360,109640,50250,289090,346910,159000)","2000","20","31020001","1","(0,70,70,70)","(0,80,80,80)","(50,50,50)","(-60,-1,1,60,-67,-1,1,67,-30,-1,1,30)","(100,100,100)","(-60,-1,1,60,-67,-1,1,67,-30,-1,1,30)","93000158","35011008"
"43010248","(5,6,9)","(90,100,50,200,250,110,510,610,280,1330,1600,730,3610,4340,1990,10230,12270,5630,30000,36000,16500,91360,109640,50250,289090,346910,159000)","2000","20","31020001","1","(0,70,70,70)","(0,80,80,80)","(50,50,50)","(-60,-1,1,60,-67,-1,1,67,-30,-1,1,30)","(100,100,100)","(-60,-1,1,60,-67,-1,1,67,-30,-1,1,30)","93000158","35011008"
"43010249","(5,6,9)","(90,100,50,200,250,110,510,610,280,1330,1600,730,3610,4340,1990,10230,12270,5630,30000,36000,16500,91360,109640,50250,289090,346910,159000)","2000","20","31020001","1","(0,70,70,70)","(0,80,80,80)","(50,50,50)","(-60,-1,1,60,-67,-1,1,67,-30,-1,1,30)","(100,100,100)","(-60,-1,1,60,-67,-1,1,67,-30,-1,1,30)","93000158","35011008"
"43010250","(5,6,9)","(90,100,50,200,250,110,510,610,280,1330,1600,730,3610,4340,1990,10230,12270,5630,30000,36000,16500,91360,109640,50250,289090,346910,159000)","2000","20","31020001","1","(0,70,70,70)","(0,80,80,80)","(50,50,50)","(-60,-1,1,60,-67,-1,1,67,-30,-1,1,30)","(100,100,100)","(-60,-1,1,60,-67,-1,1,67,-30,-1,1,30)","93000158","35011008"
"43010251","(5,6,9)","(90,100,50,200,250,110,510,610,280,1330,1600,730,3610,4340,1990,10230,12270,5630)","2000","20","31020001","1","(0,70,70,70)","(0,80,80,80)","(50,50,50)","(-60,-1,1,60,-67,-1,1,67,-30,-1,1,30)","(100,100,100)","(-60,-1,1,60,-67,-1,1,67,-30,-1,1,30)","93000158","35011008"
"43010252","(5,6,9)","(90,100,50,200,250,110,510,610,280,1330,1600,730,3610,4340,1990,10230,12270,5630,30000,36000,16500)","2000","20","31020001","1","(0,70,70,70)","(0,80,80,80)","(50,50,50)","(-60,-1,1,60,-67,-1,1,67,-30,-1,1,30)","(100,100,100)","(-60,-1,1,60,-67,-1,1,67,-30,-1,1,30)","93000158","35011008"
"43010253","(5,6,9)","(90,100,50,200,250,110,510,610,280,1330,1600,730,3610,4340,1990,10230,12270,5630,30000,36000,16500,91360,109640,50250)","2000","20","31020001","1","(0,70,70,70)","(0,80,80,80)","(50,50,50)","(-60,-1,1,60,-67,-1,1,67,-30,-1,1,30)","(100,100,100)","(-60,-1,1,60,-67,-1,1,67,-30,-1,1,30)","93000158","35011008"
"43010254","(5,6,9)","(90,100,50,200,250,110,510,610,280,1330,1600,730,3610,4340,1990,10230,12270,5630,30000,36000,16500,91360,109640,50250,289090,346910,159000)","2000","20","31020001","1","(0,70,70,70)","(0,80,80,80)","(50,50,50)","(-60,-1,1,60,-67,-1,1,67,-30,-1,1,30)","(100,100,100)","(-60,-1,1,60,-67,-1,1,67,-30,-1,1,30)","93000158","35011008"
"43010255","(5,6,9)","(90,100,50,200,250,110,510,610,280,1330,1600,730,3610,4340,1990,10230,12270,5630,30000,36000,16500,91360,109640,50250,289090,346910,159000)","2000","20","31020001","1","(0,70,70,70)","(0,80,80,80)","(50,50,50)","(-60,-1,1,60,-67,-1,1,67,-30,-1,1,30)","(100,100,100)","(-60,-1,1,60,-67,-1,1,67,-30,-1,1,30)","93000158","35011008"
"43010256","(5,6,9)","(90,100,50,200,250,110,510,610,280,1330,1600,730,3610,4340,1990,10230,12270,5630,30000,36000,16500,91360,109640,50250,289090,346910,159000)","2000","20","31020001","1","(0,70,70,70)","(0,80,80,80)","(50,50,50)","(-60,-1,1,60,-67,-1,1,67,-30,-1,1,30)","(100,100,100)","(-60,-1,1,60,-67,-1,1,67,-30,-1,1,30)","93000158","35011008"
"43010257","(5,6,9)","(90,100,50,200,250,110,510,610,280,1330,1600,730,3610,4340,1990,10230,12270,5630,30000,36000,16500,91360,109640,50250,289090,346910,159000)","2000","20","31020001","1","(0,70,70,70)","(0,80,80,80)","(50,50,50)","(-60,-1,1,60,-67,-1,1,67,-30,-1,1,30)","(100,100,100)","(-60,-1,1,60,-67,-1,1,67,-30,-1,1,30)","93000158","35011008"
"43010258","(5,6,9)","(90,100,50,200,250,110,510,610,280,1330,1600,730,3610,4340,1990,10230,12270,5630,30000,36000,16500,91360,109640,50250,289090,346910,159000)","2000","20","31020001","1","(0,70,70,70)","(0,80,80,80)","(50,50,50)","(-60,-1,1,60,-67,-1,1,67,-30,-1,1,30)","(100,100,100)","(-60,-1,1,60,-67,-1,1,67,-30,-1,1,30)","93000158","35011008"
"43010259","(5,6,9)","(90,100,50,200,250,110,510,610,280,1330,1600,730,3610,4340,1990,10230,12270,5630,30000,36000,16500,91360,109640,50250,289090,346910,159000)","2000","20","31020001","1","(0,70,70,70)","(0,80,80,80)","(50,50,50)","(-60,-1,1,60,-67,-1,1,67,-30,-1,1,30)","(100,100,100)","(-60,-1,1,60,-67,-1,1,67,-30,-1,1,30)","93000158","35011008"
"43010260","(5,6,9)","(90,100,50,200,250,110,510,610,280,1330,1600,730,3610,4340,1990,10230,12270,5630,30000,36000,16500,91360,109640,50250,289090,346910,159000)","2000","20","31020001","1","(0,70,70,70)","(0,80,80,80)","(50,50,50)","(-60,-1,1,60,-67,-1,1,67,-30,-1,1,30)","(100,100,100)","(-60,-1,1,60,-67,-1,1,67,-30,-1,1,30)","93000158","35011008"
"43010261","(5,6,9)","(90,100,50,200,250,110,510,610,280,1330,1600,730,3610,4340,1990,10230,12270,5630)","2000","20","31020001","1","(0,70,70,70)","(0,80,80,80)","(50,50,50)","(-60,-1,1,60,-67,-1,1,67,-30,-1,1,30)","(100,100,100)","(-60,-1,1,60,-67,-1,1,67,-30,-1,1,30)","93000158","35011008"
"43010262","(5,6,9)","(90,100,50,200,250,110,510,610,280,1330,1600,730,3610,4340,1990,10230,12270,5630,30000,36000,16500)","2000","20","31020001","1","(0,70,70,70)","(0,80,80,80)","(50,50,50)","(-60,-1,1,60,-67,-1,1,67,-30,-1,1,30)","(100,100,100)","(-60,-1,1,60,-67,-1,1,67,-30,-1,1,30)","93000158","35011008"
"43010263","(5,6,9)","(90,100,50,200,250,110,510,610,280,1330,1600,730,3610,4340,1990,10230,12270,5630,30000,36000,16500,91360,109640,50250)","2000","20","31020001","1","(0,70,70,70)","(0,80,80,80)","(50,50,50)","(-60,-1,1,60,-67,-1,1,67,-30,-1,1,30)","(100,100,100)","(-60,-1,1,60,-67,-1,1,67,-30,-1,1,30)","93000158","35011008"
"43010264","(5,6,9)","(90,100,50,200,250,110,510,610,280,1330,1600,730,3610,4340,1990,10230,12270,5630,30000,36000,16500,91360,109640,50250,289090,346910,159000)","2000","20","31020001","1","(0,70,70,70)","(0,80,80,80)","(50,50,50)","(-60,-1,1,60,-67,-1,1,67,-30,-1,1,30)","(100,100,100)","(-60,-1,1,60,-67,-1,1,67,-30,-1,1,30)","93000158","35011008"
"43010265","(5,6,9)","(90,100,50,200,250,110,510,610,280,1330,1600,730,3610,4340,1990,10230,12270,5630,30000,36000,16500,91360,109640,50250,289090,346910,159000)","2000","20","31020001","1","(0,70,70,70)","(0,80,80,80)","(50,50,50)","(-60,-1,1,60,-67,-1,1,67,-30,-1,1,30)","(100,100,100)","(-60,-1,1,60,-67,-1,1,67,-30,-1,1,30)","93000158","35011008"
"43010266","(5,6,9)","(90,100,50,200,250,110,510,610,280,1330,1600,730,3610,4340,1990,10230,12270,5630,30000,36000,16500,91360,109640,50250,289090,346910,159000)","2000","20","31020001","1","(0,70,70,70)","(0,80,80,80)","(50,50,50)","(-60,-1,1,60,-67,-1,1,67,-30,-1,1,30)","(100,100,100)","(-60,-1,1,60,-67,-1,1,67,-30,-1,1,30)","93000158","35011008"
"43010267","(5,6,9)","(90,100,50,200,250,110,510,610,280,1330,1600,730,3610,4340,1990,10230,12270,5630,30000,36000,16500,91360,109640,50250,289090,346910,159000)","2000","20","31020001","1","(0,70,70,70)","(0,80,80,80)","(50,50,50)","(-60,-1,1,60,-67,-1,1,67,-30,-1,1,30)","(100,100,100)","(-60,-1,1,60,-67,-1,1,67,-30,-1,1,30)","93000158","35011008"
"43010268","(5,6,9)","(90,100,50,200,250,110,510,610,280,1330,1600,730,3610,4340,1990,10230,12270,5630,30000,36000,16500,91360,109640,50250,289090,346910,159000)","2000","20","31020001","1","(0,70,70,70)","(0,80,80,80)","(50,50,50)","(-60,-1,1,60,-67,-1,1,67,-30,-1,1,30)","(100,100,100)","(-60,-1,1,60,-67,-1,1,67,-30,-1,1,30)","93000158","35011008"
"43010269","(5,6,9)","(90,100,50,200,250,110,510,610,280,1330,1600,730,3610,4340,1990,10230,12270,5630,30000,36000,16500,91360,109640,50250,289090,346910,159000)","2000","20","31020001","1","(0,70,70,70)","(0,80,80,80)","(50,50,50)","(-60,-1,1,60,-67,-1,1,67,-30,-1,1,30)","(100,100,100)","(-60,-1,1,60,-67,-1,1,67,-30,-1,1,30)","93000158","35011008"
"43010270","(5,6,9)","(90,100,50,200,250,110,510,610,280,1330,1600,730,3610,4340,1990,10230,12270,5630,30000,36000,16500,91360,109640,50250,289090,346910,159000)","2000","20","31020001","1","(0,70,70,70)","(0,80,80,80)","(50,50,50)","(-60,-1,1,60,-67,-1,1,67,-30,-1,1,30)","(100,100,100)","(-60,-1,1,60,-67,-1,1,67,-30,-1,1,30)","93000158","35011008"
"43010271","(5,6,9)","(90,100,50,200,250,110,510,610,280,1330,1600,730,3610,4340,1990,10230,12270,5630)","2000","20","31020001","1","(0,70,70,70)","(0,80,80,80)","(50,50,50)","(-60,-1,1,60,-67,-1,1,67,-30,-1,1,30)","(100,100,100)","(-60,-1,1,60,-67,-1,1,67,-30,-1,1,30)","93000158","35011008"
"43010272","(5,6,9)","(90,100,50,200,250,110,510,610,280,1330,1600,730,3610,4340,1990,10230,12270,5630,30000,36000,16500)","2000","20","31020001","1","(0,70,70,70)","(0,80,80,80)","(50,50,50)","(-60,-1,1,60,-67,-1,1,67,-30,-1,1,30)","(100,100,100)","(-60,-1,1,60,-67,-1,1,67,-30,-1,1,30)","93000158","35011008"
"43010273","(5,6,9)","(90,100,50,200,250,110,510,610,280,1330,1600,730,3610,4340,1990,10230,12270,5630,30000,36000,16500,91360,109640,50250)","2000","20","31020001","1","(0,70,70,70)","(0,80,80,80)","(50,50,50)","(-60,-1,1,60,-67,-1,1,67,-30,-1,1,30)","(100,100,100)","(-60,-1,1,60,-67,-1,1,67,-30,-1,1,30)","93000158","35011008"
"43010274","(5,6,9)","(90,100,50,200,250,110,510,610,280,1330,1600,730,3610,4340,1990,10230,12270,5630,30000,36000,16500,91360,109640,50250,289090,346910,159000)","2000","20","31020001","1","(0,70,70,70)","(0,80,80,80)","(50,50,50)","(-60,-1,1,60,-67,-1,1,67,-30,-1,1,30)","(100,100,100)","(-60,-1,1,60,-67,-1,1,67,-30,-1,1,30)","93000158","35011008"
"43010275","(5,6,9)","(90,100,50,200,250,110,510,610,280,1330,1600,730,3610,4340,1990,10230,12270,5630,30000,36000,16500,91360,109640,50250,289090,346910,159000)","2000","20","31020001","1","(0,70,70,70)","(0,80,80,80)","(50,50,50)","(-60,-1,1,60,-67,-1,1,67,-30,-1,1,30)","(100,100,100)","(-60,-1,1,60,-67,-1,1,67,-30,-1,1,30)","93000158","35011008"
"43010276","(5,6,9)","(90,100,50,200,250,110,510,610,280,1330,1600,730,3610,4340,1990,10230,12270,5630,30000,36000,16500,91360,109640,50250,289090,346910,159000)","2000","20","31020001","1","(0,70,70,70)","(0,80,80,80)","(50,50,50)","(-60,-1,1,60,-67,-1,1,67,-30,-1,1,30)","(100,100,100)","(-60,-1,1,60,-67,-1,1,67,-30,-1,1,30)","93000158","35011008"
"43010277","(5,6,9)","(90,100,50,200,250,110,510,610,280,1330,1600,730,3610,4340,1990,10230,12270,5630,30000,36000,16500,91360,109640,50250,289090,346910,159000)","2000","20","31020001","1","(0,70,70,70)","(0,80,80,80)","(50,50,50)","(-60,-1,1,60,-67,-1,1,67,-30,-1,1,30)","(100,100,100)","(-60,-1,1,60,-67,-1,1,67,-30,-1,1,30)","93000158","35011008"
"43010278","(5,6,9)","(90,100,50,200,250,110,510,610,280,1330,1600,730,3610,4340,1990,10230,12270,5630,30000,36000,16500,91360,109640,50250,289090,346910,159000)","2000","20","31020001","1","(0,70,70,70)","(0,80,80,80)","(50,50,50)","(-60,-1,1,60,-67,-1,1,67,-30,-1,1,30)","(100,100,100)","(-60,-1,1,60,-67,-1,1,67,-30,-1,1,30)","93000158","35011008"
"43010279","(5,6,9)","(90,100,50,200,250,110,510,610,280,1330,1600,730,3610,4340,1990,10230,12270,5630,30000,36000,16500,91360,109640,50250,289090,346910,159000)","2000","20","31020001","1","(0,70,70,70)","(0,80,80,80)","(50,50,50)","(-60,-1,1,60,-67,-1,1,67,-30,-1,1,30)","(100,100,100)","(-60,-1,1,60,-67,-1,1,67,-30,-1,1,30)","93000158","35011008"
"43010280","(5,6,9)","(90,100,50,200,250,110,510,610,280,1330,1600,730,3610,4340,1990,10230,12270,5630,30000,36000,16500,91360,109640,50250,289090,346910,159000)","2000","20","31020001","1","(0,70,70,70)","(0,80,80,80)","(50,50,50)","(-60,-1,1,60,-67,-1,1,67,-30,-1,1,30)","(100,100,100)","(-60,-1,1,60,-67,-1,1,67,-30,-1,1,30)","93000158","35011008"
"43020001","(5,6,10)","(0,0,0)","2000","20","31020001","1","(0,70,70,70)","(0,80,80,80)","(50,50,50)","(-60,-1,1,60,-67,-1,1,67,-30,-1,1,30)","(100,100,100)","(-60,-1,1,60,-67,-1,1,67,-30,-1,1,30)","","35011008"
"43020002","(5,6,10)","(90,100,50)","2000","20","31020001","1","(0,70,70,70)","(0,80,80,80)","(50,50,50)","(-60,-1,1,60,-67,-1,1,67,-30,-1,1,30)","(100,100,100)","(-60,-1,1,60,-67,-1,1,67,-30,-1,1,30)","93000037","35011008"
"43020003","(5,6,10)","(90,100,50)","2000","20","31020001","1","(0,70,70,70)","(0,80,80,80)","(50,50,50)","(-60,-1,1,60,-67,-1,1,67,-30,-1,1,30)","(100,100,100)","(-60,-1,1,60,-67,-1,1,67,-30,-1,1,30)","93000037","35011008"
"43020004","(5,6,10)","(90,100,50)","2000","20","31020001","1","(0,70,70,70)","(0,80,80,80)","(50,50,50)","(-60,-1,1,60,-67,-1,1,67,-30,-1,1,30)","(100,100,100)","(-60,-1,1,60,-67,-1,1,67,-30,-1,1,30)","93000037","35011008"
"43020005","(5,6,10)","(90,100,50,200,250,110,510,610,280)","2000","20","31020001","1","(0,70,70,70)","(0,80,80,80)","(50,50,50)","(-60,-1,1,60,-67,-1,1,67,-30,-1,1,30)","(100,100,100)","(-60,-1,1,60,-67,-1,1,67,-30,-1,1,30)","93000158","35011008"
"43020006","(5,6,10)","(90,100,50,200,250,110,510,610,280,1330,1600,730,3610,4340,1990)","2000","20","31020001","1","(0,70,70,70)","(0,80,80,80)","(50,50,50)","(-60,-1,1,60,-67,-1,1,67,-30,-1,1,30)","(100,100,100)","(-60,-1,1,60,-67,-1,1,67,-30,-1,1,30)","93000158","35011008"
"43020007","(5,6,10)","(0,0,0)","2000","20","31020001","1","(0,70,70,70)","(0,80,80,80)","(50,50,50)","(-60,-1,1,60,-67,-1,1,67,-30,-1,1,30)","(100,100,100)","(-60,-1,1,60,-67,-1,1,67,-30,-1,1,30)","","35011008"
"43020008","(5,6,10)","(90,100,50)","2000","20","31020001","1","(0,70,70,70)","(0,80,80,80)","(50,50,50)","(-60,-1,1,60,-67,-1,1,67,-30,-1,1,30)","(100,100,100)","(-60,-1,1,60,-67,-1,1,67,-30,-1,1,30)","93000037","35011008"
"43020009","(5,6,10)","(90,100,50)","2000","20","31020001","1","(0,70,70,70)","(0,80,80,80)","(50,50,50)","(-60,-1,1,60,-67,-1,1,67,-30,-1,1,30)","(100,100,100)","(-60,-1,1,60,-67,-1,1,67,-30,-1,1,30)","93000037","35011008"
"43020010","(5,6,10)","(90,100,50,200,250,110)","2000","20","31020001","1","(0,70,70,70)","(0,80,80,80)","(50,50,50)","(-60,-1,1,60,-67,-1,1,67,-30,-1,1,30)","(100,100,100)","(-60,-1,1,60,-67,-1,1,67,-30,-1,1,30)","93000037","35011008"
"43020011","(5,6,10)","(90,100,50,200,250,110,510,610,280,1330,1600,730)","2000","20","31020001","1","(0,70,70,70)","(0,80,80,80)","(50,50,50)","(-60,-1,1,60,-67,-1,1,67,-30,-1,1,30)","(100,100,100)","(-60,-1,1,60,-67,-1,1,67,-30,-1,1,30)","93000158","35011008"
"43020012","(5,6,10)","(90,100,50,200,250,110,510,610,280,1330,1600,730,3610,4340,1990,10230,12270,5630)","2000","20","31020001","1","(0,70,70,70)","(0,80,80,80)","(50,50,50)","(-60,-1,1,60,-67,-1,1,67,-30,-1,1,30)","(100,100,100)","(-60,-1,1,60,-67,-1,1,67,-30,-1,1,30)","93000158","35011008"
"43020013","(5,6,10)","(0,0,0)","2000","20","31020001","1","(0,70,70,70)","(0,80,80,80)","(50,50,50)","(-60,-1,1,60,-67,-1,1,67,-30,-1,1,30)","(100,100,100)","(-60,-1,1,60,-67,-1,1,67,-30,-1,1,30)","","35011008"
"43020014","(5,6,10)","(90,100,50)","2000","20","31020001","1","(0,70,70,70)","(0,80,80,80)","(50,50,50)","(-60,-1,1,60,-67,-1,1,67,-30,-1,1,30)","(100,100,100)","(-60,-1,1,60,-67,-1,1,67,-30,-1,1,30)","93000037","35011008"
"43020015","(5,6,10)","(90,100,50,200,250,110)","2000","20","31020001","1","(0,70,70,70)","(0,80,80,80)","(50,50,50)","(-60,-1,1,60,-67,-1,1,67,-30,-1,1,30)","(100,100,100)","(-60,-1,1,60,-67,-1,1,67,-30,-1,1,30)","93000037","35011008"
"43020016","(5,6,10)","(90,100,50,200,250,110,510,610,280)","2000","20","31020001","1","(0,70,70,70)","(0,80,80,80)","(50,50,50)","(-60,-1,1,60,-67,-1,1,67,-30,-1,1,30)","(100,100,100)","(-60,-1,1,60,-67,-1,1,67,-30,-1,1,30)","93000037","35011008"
"43020017","(5,6,10)","(90,100,50,200,250,110,510,610,280,1330,1600,730,3610,4340,1990)","2000","20","31020001","1","(0,70,70,70)","(0,80,80,80)","(50,50,50)","(-60,-1,1,60,-67,-1,1,67,-30,-1,1,30)","(100,100,100)","(-60,-1,1,60,-67,-1,1,67,-30,-1,1,30)","93000158","35011008"
"43020018","(5,6,10)","(90,100,50,200,250,110,510,610,280,1330,1600,730,3610,4340,1990,10230,12270,5630,30000,36000,16500)","2000","20","31020001","1","(0,70,70,70)","(0,80,80,80)","(50,50,50)","(-60,-1,1,60,-67,-1,1,67,-30,-1,1,30)","(100,100,100)","(-60,-1,1,60,-67,-1,1,67,-30,-1,1,30)","93000158","35011008"
"43020019","(5,6,10)","(0,0,0)","2000","20","31020001","1","(0,70,70,70)","(0,80,80,80)","(50,50,50)","(-60,-1,1,60,-67,-1,1,67,-30,-1,1,30)","(100,100,100)","(-60,-1,1,60,-67,-1,1,67,-30,-1,1,30)","","35011008"
"43020020","(5,6,10)","(90,100,50,200,250,110)","2000","20","31020001","1","(0,70,70,70)","(0,80,80,80)","(50,50,50)","(-60,-1,1,60,-67,-1,1,67,-30,-1,1,30)","(100,100,100)","(-60,-1,1,60,-67,-1,1,67,-30,-1,1,30)","93000037","35011008"
"43020021","(5,6,10)","(90,100,50,200,250,110,510,610,280)","2000","20","31020001","1","(0,70,70,70)","(0,80,80,80)","(50,50,50)","(-60,-1,1,60,-67,-1,1,67,-30,-1,1,30)","(100,100,100)","(-60,-1,1,60,-67,-1,1,67,-30,-1,1,30)","93000037","35011008"
"43020022","(5,6,10)","(90,100,50,200,250,110,510,610,280,1330,1600,730)","2000","20","31020001","1","(0,70,70,70)","(0,80,80,80)","(50,50,50)","(-60,-1,1,60,-67,-1,1,67,-30,-1,1,30)","(100,100,100)","(-60,-1,1,60,-67,-1,1,67,-30,-1,1,30)","93000037","35011008"
"43020023","(5,6,10)","(90,100,50,200,250,110,510,610,280,1330,1600,730,3610,4340,1990,10230,12270,5630)","2000","20","31020001","1","(0,70,70,70)","(0,80,80,80)","(50,50,50)","(-60,-1,1,60,-67,-1,1,67,-30,-1,1,30)","(100,100,100)","(-60,-1,1,60,-67,-1,1,67,-30,-1,1,30)","93000158","35011008"
"43020024","(5,6,10)","(90,100,50,200,250,110,510,610,280,1330,1600,730,3610,4340,1990,10230,12270,5630,30000,36000,16500)","2000","20","31020001","1","(0,70,70,70)","(0,80,80,80)","(50,50,50)","(-60,-1,1,60,-67,-1,1,67,-30,-1,1,30)","(100,100,100)","(-60,-1,1,60,-67,-1,1,67,-30,-1,1,30)","93000158","35011008"
"43020025","(5,6,10)","(0,0,0)","2000","20","31020001","1","(0,70,70,70)","(0,80,80,80)","(50,50,50)","(-60,-1,1,60,-67,-1,1,67,-30,-1,1,30)","(100,100,100)","(-60,-1,1,60,-67,-1,1,67,-30,-1,1,30)","","35011008"
"43020026","(5,6,10)","(90,100,50,200,250,110,510,610,280","2000","20","31020001","1","(0,70,70,70)","(0,80,80,80)","(50,50,50)","(-60,-1,1,60,-67,-1,1,67,-30,-1,1,30)","(100,100,100)","(-60,-1,1,60,-67,-1,1,67,-30,-1,1,30)","93000037","35011008"
"43020027","(5,6,10)","(90,100,50,200,250,110,510,610,280,1330,1600,730)","2000","20","31020001","1","(0,70,70,70)","(0,80,80,80)","(50,50,50)","(-60,-1,1,60,-67,-1,1,67,-30,-1,1,30)","(100,100,100)","(-60,-1,1,60,-67,-1,1,67,-30,-1,1,30)","93000037","35011008"
"43020028","(5,6,10)","(90,100,50,200,250,110,510,610,280,1330,1600,730,3610,4340,1990)","2000","20","31020001","1","(0,70,70,70)","(0,80,80,80)","(50,50,50)","(-60,-1,1,60,-67,-1,1,67,-30,-1,1,30)","(100,100,100)","(-60,-1,1,60,-67,-1,1,67,-30,-1,1,30)","93000037","35011008"
"43020029","(5,6,10)","(90,100,50,200,250,110,510,610,280,1330,1600,730,3610,4340,1990,10230,12270,5630,30000,36000,16500)","2000","20","31020001","1","(0,70,70,70)","(0,80,80,80)","(50,50,50)","(-60,-1,1,60,-67,-1,1,67,-30,-1,1,30)","(100,100,100)","(-60,-1,1,60,-67,-1,1,67,-30,-1,1,30)","93000158","35011008"
"43020030","(5,6,10)","(90,100,50,200,250,110,510,610,280,1330,1600,730,3610,4340,1990,10230,12270,5630,30000,36000,16500)","2000","20","31020001","1","(0,70,70,70)","(0,80,80,80)","(50,50,50)","(-60,-1,1,60,-67,-1,1,67,-30,-1,1,30)","(100,100,100)","(-60,-1,1,60,-67,-1,1,67,-30,-1,1,30)","93000158","35011008"
"43020031","(5,6,10)","(0,0,0)","2000","20","31020001","1","(0,70,70,70)","(0,80,80,80)","(50,50,50)","(-60,-1,1,60,-67,-1,1,67,-30,-1,1,30)","(100,100,100)","(-60,-1,1,60,-67,-1,1,67,-30,-1,1,30)","","35011008"
"43020032","(5,6,10)","(90,100,50,200,250,110,510,610,280,1330,1600,730)","2000","20","31020001","1","(0,70,70,70)","(0,80,80,80)","(50,50,50)","(-60,-1,1,60,-67,-1,1,67,-30,-1,1,30)","(100,100,100)","(-60,-1,1,60,-67,-1,1,67,-30,-1,1,30)","93000037","35011008"
"43020033","(5,6,10)","(90,100,50,200,250,110,510,610,280,1330,1600,730,3610,4340,1990)","2000","20","31020001","1","(0,70,70,70)","(0,80,80,80)","(50,50,50)","(-60,-1,1,60,-67,-1,1,67,-30,-1,1,30)","(100,100,100)","(-60,-1,1,60,-67,-1,1,67,-30,-1,1,30)","93000037","35011008"
"43020034","(5,6,10)","(90,100,50,200,250,110,510,610,280,1330,1600,730,3610,4340,1990,10230,12270,5630)","2000","20","31020001","1","(0,70,70,70)","(0,80,80,80)","(50,50,50)","(-60,-1,1,60,-67,-1,1,67,-30,-1,1,30)","(100,100,100)","(-60,-1,1,60,-67,-1,1,67,-30,-1,1,30)","93000037","35011008"
"43020035","(5,6,10)","(90,100,50,200,250,110,510,610,280,1330,1600,730,3610,4340,1990,10230,12270,5630,30000,36000,16500)","2000","20","31020001","1","(0,70,70,70)","(0,80,80,80)","(50,50,50)","(-60,-1,1,60,-67,-1,1,67,-30,-1,1,30)","(100,100,100)","(-60,-1,1,60,-67,-1,1,67,-30,-1,1,30)","93000158","35011008"
"43020036","(5,6,10)","(90,100,50,200,250,110,510,610,280,1330,1600,730,3610,4340,1990,10230,12270,5630,30000,36000,16500,91360,109640,50250)","2000","20","31020001","1","(0,70,70,70)","(0,80,80,80)","(50,50,50)","(-60,-1,1,60,-67,-1,1,67,-30,-1,1,30)","(100,100,100)","(-60,-1,1,60,-67,-1,1,67,-30,-1,1,30)","93000158","35011008"
"43020037","(5,6,10)","(0,0,0)","2000","20","31020001","1","(0,70,70,70)","(0,80,80,80)","(50,50,50)","(-60,-1,1,60,-67,-1,1,67,-30,-1,1,30)","(100,100,100)","(-60,-1,1,60,-67,-1,1,67,-30,-1,1,30)","","35011008"
"43020038","(5,6,10)","(90,100,50,200,250,110,510,610,280,1330,1600,730,3610,4340,1990)","2000","20","31020001","1","(0,70,70,70)","(0,80,80,80)","(50,50,50)","(-60,-1,1,60,-67,-1,1,67,-30,-1,1,30)","(100,100,100)","(-60,-1,1,60,-67,-1,1,67,-30,-1,1,30)","93000037","35011008"
"43020039","(5,6,10)","(90,100,50,200,250,110,510,610,280,1330,1600,730,3610,4340,1990,10230,12270,5630)","2000","20","31020001","1","(0,70,70,70)","(0,80,80,80)","(50,50,50)","(-60,-1,1,60,-67,-1,1,67,-30,-1,1,30)","(100,100,100)","(-60,-1,1,60,-67,-1,1,67,-30,-1,1,30)","93000037","35011008"
"43020040","(5,6,10)","(90,100,50,200,250,110,510,610,280,1330,1600,730,3610,4340,1990,10230,12270,5630,30000,36000,16500)","2000","20","31020001","1","(0,70,70,70)","(0,80,80,80)","(50,50,50)","(-60,-1,1,60,-67,-1,1,67,-30,-1,1,30)","(100,100,100)","(-60,-1,1,60,-67,-1,1,67,-30,-1,1,30)","93000037","35011008"
"43020041","(5,6,10)","(90,100,50,200,250,110,510,610,280,1330,1600,730,3610,4340,1990,10230,12270,5630,30000,36000,16500,91360,109640,50250)","2000","20","31020001","1","(0,70,70,70)","(0,80,80,80)","(50,50,50)","(-60,-1,1,60,-67,-1,1,67,-30,-1,1,30)","(100,100,100)","(-60,-1,1,60,-67,-1,1,67,-30,-1,1,30)","93000158","35011008"
"43020042","(5,6,10)","(90,100,50,200,250,110,510,610,280,1330,1600,730,3610,4340,1990,10230,12270,5630,30000,36000,16500,91360,109640,50250,289090,346910,159000)","2000","20","31020001","1","(0,70,70,70)","(0,80,80,80)","(50,50,50)","(-60,-1,1,60,-67,-1,1,67,-30,-1,1,30)","(100,100,100)","(-60,-1,1,60,-67,-1,1,67,-30,-1,1,30)","93000158","35011008"
"43020043","(5,6,10)","(0,0,0)","2000","20","31020001","1","(0,70,70,70)","(0,80,80,80)","(50,50,50)","(-60,-1,1,60,-67,-1,1,67,-30,-1,1,30)","(100,100,100)","(-60,-1,1,60,-67,-1,1,67,-30,-1,1,30)","","35011008"
"43020044","(5,6,10)","(90,100,50,200,250,110,510,610,280,1330,1600,730,3610,4340,1990,10230,12270,5630)","2000","20","31020001","1","(0,70,70,70)","(0,80,80,80)","(50,50,50)","(-60,-1,1,60,-67,-1,1,67,-30,-1,1,30)","(100,100,100)","(-60,-1,1,60,-67,-1,1,67,-30,-1,1,30)","93000037","35011008"
"43020045","(5,6,10)","(90,100,50,200,250,110,510,610,280,1330,1600,730,3610,4340,1990,10230,12270,5630,30000,36000,16500)","2000","20","31020001","1","(0,70,70,70)","(0,80,80,80)","(50,50,50)","(-60,-1,1,60,-67,-1,1,67,-30,-1,1,30)","(100,100,100)","(-60,-1,1,60,-67,-1,1,67,-30,-1,1,30)","93000037","35011008"
"43020046","(5,6,10)","(90,100,50,200,250,110,510,610,280,1330,1600,730,3610,4340,1990,10230,12270,5630,30000,36000,16500,91360,109640,50250)","2000","20","31020001","1","(0,70,70,70)","(0,80,80,80)","(50,50,50)","(-60,-1,1,60,-67,-1,1,67,-30,-1,1,30)","(100,100,100)","(-60,-1,1,60,-67,-1,1,67,-30,-1,1,30)","93000037","35011008"
"43020047","(5,6,10)","(90,100,50,200,250,110,510,610,280,1330,1600,730,3610,4340,1990,10230,12270,5630,30000,36000,16500,91360,109640,50250,289090,346910,159000)","2000","20","31020001","1","(0,70,70,70)","(0,80,80,80)","(50,50,50)","(-60,-1,1,60,-67,-1,1,67,-30,-1,1,30)","(100,100,100)","(-60,-1,1,60,-67,-1,1,67,-30,-1,1,30)","93000158","35011008"
"43020048","(5,6,10)","(90,100,50,200,250,110,510,610,280,1330,1600,730,3610,4340,1990,10230,12270,5630,30000,36000,16500,91360,109640,50250,289090,346910,159000)","2000","20","31020001","1","(0,70,70,70)","(0,80,80,80)","(50,50,50)","(-60,-1,1,60,-67,-1,1,67,-30,-1,1,30)","(100,100,100)","(-60,-1,1,60,-67,-1,1,67,-30,-1,1,30)","93000158","35011008"
"43020049","(5,6,10)","(0,0,0)","2000","20","31020001","1","(0,70,70,70)","(0,80,80,80)","(50,50,50)","(-60,-1,1,60,-67,-1,1,67,-30,-1,1,30)","(100,100,100)","(-60,-1,1,60,-67,-1,1,67,-30,-1,1,30)","","35011008"
"43020050","(5,6,10)","(90,100,50,200,250,110,510,610,280,1330,1600,730,3610,4340,1990,10230,12270,5630,30000,36000,16500)","2000","20","31020001","1","(0,70,70,70)","(0,80,80,80)","(50,50,50)","(-60,-1,1,60,-67,-1,1,67,-30,-1,1,30)","(100,100,100)","(-60,-1,1,60,-67,-1,1,67,-30,-1,1,30)","93000037","35011008"
"43020051","(5,6,10)","(90,100,50,200,250,110,510,610,280,1330,1600,730,3610,4340,1990,10230,12270,5630,30000,36000,16500,91360,109640,50250)","2000","20","31020001","1","(0,70,70,70)","(0,80,80,80)","(50,50,50)","(-60,-1,1,60,-67,-1,1,67,-30,-1,1,30)","(100,100,100)","(-60,-1,1,60,-67,-1,1,67,-30,-1,1,30)","93000037","35011008"
"43020052","(5,6,10)","(90,100,50,200,250,110,510,610,280,1330,1600,730,3610,4340,1990,10230,12270,5630,30000,36000,16500,91360,109640,50250,289090,346910,159000)","2000","20","31020001","1","(0,70,70,70)","(0,80,80,80)","(50,50,50)","(-60,-1,1,60,-67,-1,1,67,-30,-1,1,30)","(100,100,100)","(-60,-1,1,60,-67,-1,1,67,-30,-1,1,30)","93000037","35011008"
"43020053","(5,6,10)","(90,100,50,200,250,110,510,610,280,1330,1600,730,3610,4340,1990,10230,12270,5630,30000,36000,16500,91360,109640,50250,289090,346910,159000)","2000","20","31020001","1","(0,70,70,70)","(0,80,80,80)","(50,50,50)","(-60,-1,1,60,-67,-1,1,67,-30,-1,1,30)","(100,100,100)","(-60,-1,1,60,-67,-1,1,67,-30,-1,1,30)","93000158","35011008"
"43020054","(5,6,10)","(90,100,50,200,250,110,510,610,280,1330,1600,730,3610,4340,1990,10230,12270,5630,30000,36000,16500,91360,109640,50250,289090,346910,159000)","2000","20","31020001","1","(0,70,70,70)","(0,80,80,80)","(50,50,50)","(-60,-1,1,60,-67,-1,1,67,-30,-1,1,30)","(100,100,100)","(-60,-1,1,60,-67,-1,1,67,-30,-1,1,30)","93000158","35011008"
"43020055","(5,6,10)","(0,0,0)","2000","20","31020001","1","(0,70,70,70)","(0,80,80,80)","(50,50,50)","(-60,-1,1,60,-67,-1,1,67,-30,-1,1,30)","(100,100,100)","(-60,-1,1,60,-67,-1,1,67,-30,-1,1,30)","","35011008"
"43020056","(5,6,10)","(90,100,50,200,250,110,510,610,280,1330,1600,730,3610,4340,1990,10230,12270,5630,30000,36000,16500,91360,109640,50250)","2000","20","31020001","1","(0,70,70,70)","(0,80,80,80)","(50,50,50)","(-60,-1,1,60,-67,-1,1,67,-30,-1,1,30)","(100,100,100)","(-60,-1,1,60,-67,-1,1,67,-30,-1,1,30)","93000037","35011008"
"43020057","(5,6,10)","(90,100,50,200,250,110,510,610,280,1330,1600,730,3610,4340,1990,10230,12270,5630,30000,36000,16500,91360,109640,50250,289090,346910,159000)","2000","20","31020001","1","(0,70,70,70)","(0,80,80,80)","(50,50,50)","(-60,-1,1,60,-67,-1,1,67,-30,-1,1,30)","(100,100,100)","(-60,-1,1,60,-67,-1,1,67,-30,-1,1,30)","93000037","35011008"
"43020058","(5,6,10)","(90,100,50,200,250,110,510,610,280,1330,1600,730,3610,4340,1990,10230,12270,5630,30000,36000,16500,91360,109640,50250,289090,346910,159000)","2000","20","31020001","1","(0,70,70,70)","(0,80,80,80)","(50,50,50)","(-60,-1,1,60,-67,-1,1,67,-30,-1,1,30)","(100,100,100)","(-60,-1,1,60,-67,-1,1,67,-30,-1,1,30)","93000037","35011008"
"43020059","(5,6,10)","(90,100,50,200,250,110,510,610,280,1330,1600,730,3610,4340,1990,10230,12270,5630,30000,36000,16500,91360,109640,50250,289090,346910,159000)","2000","20","31020001","1","(0,70,70,70)","(0,80,80,80)","(50,50,50)","(-60,-1,1,60,-67,-1,1,67,-30,-1,1,30)","(100,100,100)","(-60,-1,1,60,-67,-1,1,67,-30,-1,1,30)","93000158","35011008"
"43020060","(5,6,10)","(90,100,50,200,250,110,510,610,280,1330,1600,730,3610,4340,1990,10230,12270,5630,30000,36000,16500,91360,109640,50250,289090,346910,159000)","2000","20","31020001","1","(0,70,70,70)","(0,80,80,80)","(50,50,50)","(-60,-1,1,60,-67,-1,1,67,-30,-1,1,30)","(100,100,100)","(-60,-1,1,60,-67,-1,1,67,-30,-1,1,30)","93000158","35011008"
"43020061","(5,6,10)","(0,0,0)","2000","20","31020001","1","(0,70,70,70)","(0,80,80,80)","(50,50,50)","(-60,-1,1,60,-67,-1,1,67,-30,-1,1,30)","(100,100,100)","(-60,-1,1,60,-67,-1,1,67,-30,-1,1,30)","","35011008"
"43020062","(5,6,10)","(90,100,50)","2000","20","31020001","1","(0,70,70,70)","(0,80,80,80)","(50,50,50)","(-60,-1,1,60,-67,-1,1,67,-30,-1,1,30)","(100,100,100)","(-60,-1,1,60,-67,-1,1,67,-30,-1,1,30)","93000037","35011008"
"43020063","(5,6,10)","(90,100,50)","2000","20","31020001","1","(0,70,70,70)","(0,80,80,80)","(50,50,50)","(-60,-1,1,60,-67,-1,1,67,-30,-1,1,30)","(100,100,100)","(-60,-1,1,60,-67,-1,1,67,-30,-1,1,30)","93000037","35011008"
"43020064","(5,6,10)","(90,100,50)","2000","20","31020001","1","(0,70,70,70)","(0,80,80,80)","(50,50,50)","(-60,-1,1,60,-67,-1,1,67,-30,-1,1,30)","(100,100,100)","(-60,-1,1,60,-67,-1,1,67,-30,-1,1,30)","93000037","35011008"
"43020065","(5,6,10)","(90,100,50,200,250,110,510,610,280)","2000","20","31020001","1","(0,70,70,70)","(0,80,80,80)","(50,50,50)","(-60,-1,1,60,-67,-1,1,67,-30,-1,1,30)","(100,100,100)","(-60,-1,1,60,-67,-1,1,67,-30,-1,1,30)","93000158","35011008"
"43020066","(5,6,10)","(90,100,50,200,250,110,510,610,280,1330,1600,730,3610,4340,1990)","2000","20","31020001","1","(0,70,70,70)","(0,80,80,80)","(50,50,50)","(-60,-1,1,60,-67,-1,1,67,-30,-1,1,30)","(100,100,100)","(-60,-1,1,60,-67,-1,1,67,-30,-1,1,30)","93000158","35011008"
"43020067","(5,6,10)","(0,0,0)","2000","20","31020001","1","(0,70,70,70)","(0,80,80,80)","(50,50,50)","(-60,-1,1,60,-67,-1,1,67,-30,-1,1,30)","(100,100,100)","(-60,-1,1,60,-67,-1,1,67,-30,-1,1,30)","","35011008"
"43020068","(5,6,10)","(90,100,50)","2000","20","31020001","1","(0,70,70,70)","(0,80,80,80)","(50,50,50)","(-60,-1,1,60,-67,-1,1,67,-30,-1,1,30)","(100,100,100)","(-60,-1,1,60,-67,-1,1,67,-30,-1,1,30)","93000037","35011008"
"43020069","(5,6,10)","(90,100,50)","2000","20","31020001","1","(0,70,70,70)","(0,80,80,80)","(50,50,50)","(-60,-1,1,60,-67,-1,1,67,-30,-1,1,30)","(100,100,100)","(-60,-1,1,60,-67,-1,1,67,-30,-1,1,30)","93000037","35011008"
"43020070","(5,6,10)","(90,100,50,200,250,110)","2000","20","31020001","1","(0,70,70,70)","(0,80,80,80)","(50,50,50)","(-60,-1,1,60,-67,-1,1,67,-30,-1,1,30)","(100,100,100)","(-60,-1,1,60,-67,-1,1,67,-30,-1,1,30)","93000037","35011008"
"43020071","(5,6,10)","(90,100,50,200,250,110,510,610,280,1330,1600,730)","2000","20","31020001","1","(0,70,70,70)","(0,80,80,80)","(50,50,50)","(-60,-1,1,60,-67,-1,1,67,-30,-1,1,30)","(100,100,100)","(-60,-1,1,60,-67,-1,1,67,-30,-1,1,30)","93000158","35011008"
"43020072","(5,6,10)","(90,100,50,200,250,110,510,610,280,1330,1600,730,3610,4340,1990,10230,12270,5630)","2000","20","31020001","1","(0,70,70,70)","(0,80,80,80)","(50,50,50)","(-60,-1,1,60,-67,-1,1,67,-30,-1,1,30)","(100,100,100)","(-60,-1,1,60,-67,-1,1,67,-30,-1,1,30)","93000158","35011008"
"43020073","(5,6,10)","(0,0,0)","2000","20","31020001","1","(0,70,70,70)","(0,80,80,80)","(50,50,50)","(-60,-1,1,60,-67,-1,1,67,-30,-1,1,30)","(100,100,100)","(-60,-1,1,60,-67,-1,1,67,-30,-1,1,30)","","35011008"
"43020074","(5,6,10)","(90,100,50)","2000","20","31020001","1","(0,70,70,70)","(0,80,80,80)","(50,50,50)","(-60,-1,1,60,-67,-1,1,67,-30,-1,1,30)","(100,100,100)","(-60,-1,1,60,-67,-1,1,67,-30,-1,1,30)","93000037","35011008"
"43020075","(5,6,10)","(90,100,50,200,250,110)","2000","20","31020001","1","(0,70,70,70)","(0,80,80,80)","(50,50,50)","(-60,-1,1,60,-67,-1,1,67,-30,-1,1,30)","(100,100,100)","(-60,-1,1,60,-67,-1,1,67,-30,-1,1,30)","93000037","35011008"
"43020076","(5,6,10)","(90,100,50,200,250,110,510,610,280)","2000","20","31020001","1","(0,70,70,70)","(0,80,80,80)","(50,50,50)","(-60,-1,1,60,-67,-1,1,67,-30,-1,1,30)","(100,100,100)","(-60,-1,1,60,-67,-1,1,67,-30,-1,1,30)","93000037","35011008"
"43020077","(5,6,10)","(90,100,50,200,250,110,510,610,280,1330,1600,730,3610,4340,1990)","2000","20","31020001","1","(0,70,70,70)","(0,80,80,80)","(50,50,50)","(-60,-1,1,60,-67,-1,1,67,-30,-1,1,30)","(100,100,100)","(-60,-1,1,60,-67,-1,1,67,-30,-1,1,30)","93000158","35011008"
"43020078","(5,6,10)","(90,100,50,200,250,110,510,610,280,1330,1600,730,3610,4340,1990,10230,12270,5630,30000,36000,16500)","2000","20","31020001","1","(0,70,70,70)","(0,80,80,80)","(50,50,50)","(-60,-1,1,60,-67,-1,1,67,-30,-1,1,30)","(100,100,100)","(-60,-1,1,60,-67,-1,1,67,-30,-1,1,30)","93000158","35011008"
"43020079","(5,6,10)","(0,0,0)","2000","20","31020001","1","(0,70,70,70)","(0,80,80,80)","(50,50,50)","(-60,-1,1,60,-67,-1,1,67,-30,-1,1,30)","(100,100,100)","(-60,-1,1,60,-67,-1,1,67,-30,-1,1,30)","","35011008"
"43020080","(5,6,10)","(90,100,50,200,250,110)","2000","20","31020001","1","(0,70,70,70)","(0,80,80,80)","(50,50,50)","(-60,-1,1,60,-67,-1,1,67,-30,-1,1,30)","(100,100,100)","(-60,-1,1,60,-67,-1,1,67,-30,-1,1,30)","93000037","35011008"
"43020081","(5,6,10)","(90,100,50,200,250,110,510,610,280)","2000","20","31020001","1","(0,70,70,70)","(0,80,80,80)","(50,50,50)","(-60,-1,1,60,-67,-1,1,67,-30,-1,1,30)","(100,100,100)","(-60,-1,1,60,-67,-1,1,67,-30,-1,1,30)","93000037","35011008"
"43020082","(5,6,10)","(90,100,50,200,250,110,510,610,280,1330,1600,730)","2000","20","31020001","1","(0,70,70,70)","(0,80,80,80)","(50,50,50)","(-60,-1,1,60,-67,-1,1,67,-30,-1,1,30)","(100,100,100)","(-60,-1,1,60,-67,-1,1,67,-30,-1,1,30)","93000037","35011008"
"43020083","(5,6,10)","(90,100,50,200,250,110,510,610,280,1330,1600,730,3610,4340,1990,10230,12270,5630)","2000","20","31020001","1","(0,70,70,70)","(0,80,80,80)","(50,50,50)","(-60,-1,1,60,-67,-1,1,67,-30,-1,1,30)","(100,100,100)","(-60,-1,1,60,-67,-1,1,67,-30,-1,1,30)","93000158","35011008"
"43020084","(5,6,10)","(90,100,50,200,250,110,510,610,280,1330,1600,730,3610,4340,1990,10230,12270,5630,30000,36000,16500)","2000","20","31020001","1","(0,70,70,70)","(0,80,80,80)","(50,50,50)","(-60,-1,1,60,-67,-1,1,67,-30,-1,1,30)","(100,100,100)","(-60,-1,1,60,-67,-1,1,67,-30,-1,1,30)","93000158","35011008"
"43020085","(5,6,10)","(0,0,0)","2000","20","31020001","1","(0,70,70,70)","(0,80,80,80)","(50,50,50)","(-60,-1,1,60,-67,-1,1,67,-30,-1,1,30)","(100,100,100)","(-60,-1,1,60,-67,-1,1,67,-30,-1,1,30)","","35011008"
"43020086","(5,6,10)","(90,100,50,200,250,110,510,610,280","2000","20","31020001","1","(0,70,70,70)","(0,80,80,80)","(50,50,50)","(-60,-1,1,60,-67,-1,1,67,-30,-1,1,30)","(100,100,100)","(-60,-1,1,60,-67,-1,1,67,-30,-1,1,30)","93000037","35011008"
"43020087","(5,6,10)","(90,100,50,200,250,110,510,610,280,1330,1600,730)","2000","20","31020001","1","(0,70,70,70)","(0,80,80,80)","(50,50,50)","(-60,-1,1,60,-67,-1,1,67,-30,-1,1,30)","(100,100,100)","(-60,-1,1,60,-67,-1,1,67,-30,-1,1,30)","93000037","35011008"
"43020088","(5,6,10)","(90,100,50,200,250,110,510,610,280,1330,1600,730,3610,4340,1990)","2000","20","31020001","1","(0,70,70,70)","(0,80,80,80)","(50,50,50)","(-60,-1,1,60,-67,-1,1,67,-30,-1,1,30)","(100,100,100)","(-60,-1,1,60,-67,-1,1,67,-30,-1,1,30)","93000037","35011008"
"43020089","(5,6,10)","(90,100,50,200,250,110,510,610,280,1330,1600,730,3610,4340,1990,10230,12270,5630,30000,36000,16500)","2000","20","31020001","1","(0,70,70,70)","(0,80,80,80)","(50,50,50)","(-60,-1,1,60,-67,-1,1,67,-30,-1,1,30)","(100,100,100)","(-60,-1,1,60,-67,-1,1,67,-30,-1,1,30)","93000158","35011008"
"43020090","(5,6,10)","(90,100,50,200,250,110,510,610,280,1330,1600,730,3610,4340,1990,10230,12270,5630,30000,36000,16500)","2000","20","31020001","1","(0,70,70,70)","(0,80,80,80)","(50,50,50)","(-60,-1,1,60,-67,-1,1,67,-30,-1,1,30)","(100,100,100)","(-60,-1,1,60,-67,-1,1,67,-30,-1,1,30)","93000158","35011008"
"43020091","(5,6,10)","(0,0,0)","2000","20","31020001","1","(0,70,70,70)","(0,80,80,80)","(50,50,50)","(-60,-1,1,60,-67,-1,1,67,-30,-1,1,30)","(100,100,100)","(-60,-1,1,60,-67,-1,1,67,-30,-1,1,30)","","35011008"
"43020092","(5,6,10)","(90,100,50,200,250,110,510,610,280,1330,1600,730)","2000","20","31020001","1","(0,70,70,70)","(0,80,80,80)","(50,50,50)","(-60,-1,1,60,-67,-1,1,67,-30,-1,1,30)","(100,100,100)","(-60,-1,1,60,-67,-1,1,67,-30,-1,1,30)","93000037","35011008"
"43020093","(5,6,10)","(90,100,50,200,250,110,510,610,280,1330,1600,730,3610,4340,1990)","2000","20","31020001","1","(0,70,70,70)","(0,80,80,80)","(50,50,50)","(-60,-1,1,60,-67,-1,1,67,-30,-1,1,30)","(100,100,100)","(-60,-1,1,60,-67,-1,1,67,-30,-1,1,30)","93000037","35011008"
"43020094","(5,6,10)","(90,100,50,200,250,110,510,610,280,1330,1600,730,3610,4340,1990,10230,12270,5630)","2000","20","31020001","1","(0,70,70,70)","(0,80,80,80)","(50,50,50)","(-60,-1,1,60,-67,-1,1,67,-30,-1,1,30)","(100,100,100)","(-60,-1,1,60,-67,-1,1,67,-30,-1,1,30)","93000037","35011008"
"43020095","(5,6,10)","(90,100,50,200,250,110,510,610,280,1330,1600,730,3610,4340,1990,10230,12270,5630,30000,36000,16500)","2000","20","31020001","1","(0,70,70,70)","(0,80,80,80)","(50,50,50)","(-60,-1,1,60,-67,-1,1,67,-30,-1,1,30)","(100,100,100)","(-60,-1,1,60,-67,-1,1,67,-30,-1,1,30)","93000158","35011008"
"43020096","(5,6,10)","(90,100,50,200,250,110,510,610,280,1330,1600,730,3610,4340,1990,10230,12270,5630,30000,36000,16500,91360,109640,50250)","2000","20","31020001","1","(0,70,70,70)","(0,80,80,80)","(50,50,50)","(-60,-1,1,60,-67,-1,1,67,-30,-1,1,30)","(100,100,100)","(-60,-1,1,60,-67,-1,1,67,-30,-1,1,30)","93000158","35011008"
"43020097","(5,6,10)","(0,0,0)","2000","20","31020001","1","(0,70,70,70)","(0,80,80,80)","(50,50,50)","(-60,-1,1,60,-67,-1,1,67,-30,-1,1,30)","(100,100,100)","(-60,-1,1,60,-67,-1,1,67,-30,-1,1,30)","","35011008"
"43020098","(5,6,10)","(90,100,50,200,250,110,510,610,280,1330,1600,730,3610,4340,1990)","2000","20","31020001","1","(0,70,70,70)","(0,80,80,80)","(50,50,50)","(-60,-1,1,60,-67,-1,1,67,-30,-1,1,30)","(100,100,100)","(-60,-1,1,60,-67,-1,1,67,-30,-1,1,30)","93000037","35011008"
"43020099","(5,6,10)","(90,100,50,200,250,110,510,610,280,1330,1600,730,3610,4340,1990,10230,12270,5630)","2000","20","31020001","1","(0,70,70,70)","(0,80,80,80)","(50,50,50)","(-60,-1,1,60,-67,-1,1,67,-30,-1,1,30)","(100,100,100)","(-60,-1,1,60,-67,-1,1,67,-30,-1,1,30)","93000037","35011008"
"43020100","(5,6,10)","(90,100,50,200,250,110,510,610,280,1330,1600,730,3610,4340,1990,10230,12270,5630,30000,36000,16500)","2000","20","31020001","1","(0,70,70,70)","(0,80,80,80)","(50,50,50)","(-60,-1,1,60,-67,-1,1,67,-30,-1,1,30)","(100,100,100)","(-60,-1,1,60,-67,-1,1,67,-30,-1,1,30)","93000037","35011008"
"43020101","(5,6,10)","(90,100,50,200,250,110,510,610,280,1330,1600,730,3610,4340,1990,10230,12270,5630,30000,36000,16500,91360,109640,50250)","2000","20","31020001","1","(0,70,70,70)","(0,80,80,80)","(50,50,50)","(-60,-1,1,60,-67,-1,1,67,-30,-1,1,30)","(100,100,100)","(-60,-1,1,60,-67,-1,1,67,-30,-1,1,30)","93000158","35011008"
"43020102","(5,6,10)","(90,100,50,200,250,110,510,610,280,1330,1600,730,3610,4340,1990,10230,12270,5630,30000,36000,16500,91360,109640,50250,289090,346910,159000)","2000","20","31020001","1","(0,70,70,70)","(0,80,80,80)","(50,50,50)","(-60,-1,1,60,-67,-1,1,67,-30,-1,1,30)","(100,100,100)","(-60,-1,1,60,-67,-1,1,67,-30,-1,1,30)","93000158","35011008"
"43020103","(5,6,10)","(0,0,0)","2000","20","31020001","1","(0,70,70,70)","(0,80,80,80)","(50,50,50)","(-60,-1,1,60,-67,-1,1,67,-30,-1,1,30)","(100,100,100)","(-60,-1,1,60,-67,-1,1,67,-30,-1,1,30)","","35011008"
"43020104","(5,6,10)","(90,100,50,200,250,110,510,610,280,1330,1600,730,3610,4340,1990,10230,12270,5630)","2000","20","31020001","1","(0,70,70,70)","(0,80,80,80)","(50,50,50)","(-60,-1,1,60,-67,-1,1,67,-30,-1,1,30)","(100,100,100)","(-60,-1,1,60,-67,-1,1,67,-30,-1,1,30)","93000037","35011008"
"43020105","(5,6,10)","(90,100,50,200,250,110,510,610,280,1330,1600,730,3610,4340,1990,10230,12270,5630,30000,36000,16500)","2000","20","31020001","1","(0,70,70,70)","(0,80,80,80)","(50,50,50)","(-60,-1,1,60,-67,-1,1,67,-30,-1,1,30)","(100,100,100)","(-60,-1,1,60,-67,-1,1,67,-30,-1,1,30)","93000037","35011008"
"43020106","(5,6,10)","(90,100,50,200,250,110,510,610,280,1330,1600,730,3610,4340,1990,10230,12270,5630,30000,36000,16500,91360,109640,50250)","2000","20","31020001","1","(0,70,70,70)","(0,80,80,80)","(50,50,50)","(-60,-1,1,60,-67,-1,1,67,-30,-1,1,30)","(100,100,100)","(-60,-1,1,60,-67,-1,1,67,-30,-1,1,30)","93000037","35011008"
"43020107","(5,6,10)","(90,100,50,200,250,110,510,610,280,1330,1600,730,3610,4340,1990,10230,12270,5630,30000,36000,16500,91360,109640,50250,289090,346910,159000)","2000","20","31020001","1","(0,70,70,70)","(0,80,80,80)","(50,50,50)","(-60,-1,1,60,-67,-1,1,67,-30,-1,1,30)","(100,100,100)","(-60,-1,1,60,-67,-1,1,67,-30,-1,1,30)","93000158","35011008"
"43020108","(5,6,10)","(90,100,50,200,250,110,510,610,280,1330,1600,730,3610,4340,1990,10230,12270,5630,30000,36000,16500,91360,109640,50250,289090,346910,159000)","2000","20","31020001","1","(0,70,70,70)","(0,80,80,80)","(50,50,50)","(-60,-1,1,60,-67,-1,1,67,-30,-1,1,30)","(100,100,100)","(-60,-1,1,60,-67,-1,1,67,-30,-1,1,30)","93000158","35011008"
"43020109","(5,6,10)","(0,0,0)","2000","20","31020001","1","(0,70,70,70)","(0,80,80,80)","(50,50,50)","(-60,-1,1,60,-67,-1,1,67,-30,-1,1,30)","(100,100,100)","(-60,-1,1,60,-67,-1,1,67,-30,-1,1,30)","","35011008"
"43020110","(5,6,10)","(90,100,50,200,250,110,510,610,280,1330,1600,730,3610,4340,1990,10230,12270,5630,30000,36000,16500)","2000","20","31020001","1","(0,70,70,70)","(0,80,80,80)","(50,50,50)","(-60,-1,1,60,-67,-1,1,67,-30,-1,1,30)","(100,100,100)","(-60,-1,1,60,-67,-1,1,67,-30,-1,1,30)","93000037","35011008"
"43020111","(5,6,10)","(90,100,50,200,250,110,510,610,280,1330,1600,730,3610,4340,1990,10230,12270,5630,30000,36000,16500,91360,109640,50250)","2000","20","31020001","1","(0,70,70,70)","(0,80,80,80)","(50,50,50)","(-60,-1,1,60,-67,-1,1,67,-30,-1,1,30)","(100,100,100)","(-60,-1,1,60,-67,-1,1,67,-30,-1,1,30)","93000037","35011008"
"43020112","(5,6,10)","(90,100,50,200,250,110,510,610,280,1330,1600,730,3610,4340,1990,10230,12270,5630,30000,36000,16500,91360,109640,50250,289090,346910,159000)","2000","20","31020001","1","(0,70,70,70)","(0,80,80,80)","(50,50,50)","(-60,-1,1,60,-67,-1,1,67,-30,-1,1,30)","(100,100,100)","(-60,-1,1,60,-67,-1,1,67,-30,-1,1,30)","93000037","35011008"
"43020113","(5,6,10)","(90,100,50,200,250,110,510,610,280,1330,1600,730,3610,4340,1990,10230,12270,5630,30000,36000,16500,91360,109640,50250,289090,346910,159000)","2000","20","31020001","1","(0,70,70,70)","(0,80,80,80)","(50,50,50)","(-60,-1,1,60,-67,-1,1,67,-30,-1,1,30)","(100,100,100)","(-60,-1,1,60,-67,-1,1,67,-30,-1,1,30)","93000158","35011008"
"43020114","(5,6,10)","(90,100,50,200,250,110,510,610,280,1330,1600,730,3610,4340,1990,10230,12270,5630,30000,36000,16500,91360,109640,50250,289090,346910,159000)","2000","20","31020001","1","(0,70,70,70)","(0,80,80,80)","(50,50,50)","(-60,-1,1,60,-67,-1,1,67,-30,-1,1,30)","(100,100,100)","(-60,-1,1,60,-67,-1,1,67,-30,-1,1,30)","93000158","35011008"
"43020115","(5,6,10)","(0,0,0)","2000","20","31020001","1","(0,70,70,70)","(0,80,80,80)","(50,50,50)","(-60,-1,1,60,-67,-1,1,67,-30,-1,1,30)","(100,100,100)","(-60,-1,1,60,-67,-1,1,67,-30,-1,1,30)","","35011008"
"43020116","(5,6,10)","(90,100,50,200,250,110,510,610,280,1330,1600,730,3610,4340,1990,10230,12270,5630,30000,36000,16500,91360,109640,50250)","2000","20","31020001","1","(0,70,70,70)","(0,80,80,80)","(50,50,50)","(-60,-1,1,60,-67,-1,1,67,-30,-1,1,30)","(100,100,100)","(-60,-1,1,60,-67,-1,1,67,-30,-1,1,30)","93000037","35011008"
"43020117","(5,6,10)","(90,100,50,200,250,110,510,610,280,1330,1600,730,3610,4340,1990,10230,12270,5630,30000,36000,16500,91360,109640,50250,289090,346910,159000)","2000","20","31020001","1","(0,70,70,70)","(0,80,80,80)","(50,50,50)","(-60,-1,1,60,-67,-1,1,67,-30,-1,1,30)","(100,100,100)","(-60,-1,1,60,-67,-1,1,67,-30,-1,1,30)","93000037","35011008"
"43020118","(5,6,10)","(90,100,50,200,250,110,510,610,280,1330,1600,730,3610,4340,1990,10230,12270,5630,30000,36000,16500,91360,109640,50250,289090,346910,159000)","2000","20","31020001","1","(0,70,70,70)","(0,80,80,80)","(50,50,50)","(-60,-1,1,60,-67,-1,1,67,-30,-1,1,30)","(100,100,100)","(-60,-1,1,60,-67,-1,1,67,-30,-1,1,30)","93000037","35011008"
"43020119","(5,6,10)","(90,100,50,200,250,110,510,610,280,1330,1600,730,3610,4340,1990,10230,12270,5630,30000,36000,16500,91360,109640,50250,289090,346910,159000)","2000","20","31020001","1","(0,70,70,70)","(0,80,80,80)","(50,50,50)","(-60,-1,1,60,-67,-1,1,67,-30,-1,1,30)","(100,100,100)","(-60,-1,1,60,-67,-1,1,67,-30,-1,1,30)","93000158","35011008"
"43020120","(5,6,10)","(90,100,50,200,250,110,510,610,280,1330,1600,730,3610,4340,1990,10230,12270,5630,30000,36000,16500,91360,109640,50250,289090,346910,159000)","2000","20","31020001","1","(0,70,70,70)","(0,80,80,80)","(50,50,50)","(-60,-1,1,60,-67,-1,1,67,-30,-1,1,30)","(100,100,100)","(-60,-1,1,60,-67,-1,1,67,-30,-1,1,30)","93000158","35011008"
"43020121","(5,6,10)","(0,0,0)","2000","20","31020001","1","(0,70,70,70)","(0,80,80,80)","(50,50,50)","(-60,-1,1,60,-67,-1,1,67,-30,-1,1,30)","(100,100,100)","(-60,-1,1,60,-67,-1,1,67,-30,-1,1,30)","","35011008"
"43020122","(5,6,10)","(90,100,50)","2000","20","31020001","1","(0,70,70,70)","(0,80,80,80)","(50,50,50)","(-60,-1,1,60,-67,-1,1,67,-30,-1,1,30)","(100,100,100)","(-60,-1,1,60,-67,-1,1,67,-30,-1,1,30)","93000037","35011008"
"43020123","(5,6,10)","(90,100,50)","2000","20","31020001","1","(0,70,70,70)","(0,80,80,80)","(50,50,50)","(-60,-1,1,60,-67,-1,1,67,-30,-1,1,30)","(100,100,100)","(-60,-1,1,60,-67,-1,1,67,-30,-1,1,30)","93000037","35011008"
"43020124","(5,6,10)","(90,100,50)","2000","20","31020001","1","(0,70,70,70)","(0,80,80,80)","(50,50,50)","(-60,-1,1,60,-67,-1,1,67,-30,-1,1,30)","(100,100,100)","(-60,-1,1,60,-67,-1,1,67,-30,-1,1,30)","93000037","35011008"
"43020125","(5,6,10)","(90,100,50,200,250,110,510,610,280)","2000","20","31020001","1","(0,70,70,70)","(0,80,80,80)","(50,50,50)","(-60,-1,1,60,-67,-1,1,67,-30,-1,1,30)","(100,100,100)","(-60,-1,1,60,-67,-1,1,67,-30,-1,1,30)","93000158","35011008"
"43020126","(5,6,10)","(90,100,50,200,250,110,510,610,280,1330,1600,730,3610,4340,1990)","2000","20","31020001","1","(0,70,70,70)","(0,80,80,80)","(50,50,50)","(-60,-1,1,60,-67,-1,1,67,-30,-1,1,30)","(100,100,100)","(-60,-1,1,60,-67,-1,1,67,-30,-1,1,30)","93000158","35011008"
"43020127","(5,6,10)","(0,0,0)","2000","20","31020001","1","(0,70,70,70)","(0,80,80,80)","(50,50,50)","(-60,-1,1,60,-67,-1,1,67,-30,-1,1,30)","(100,100,100)","(-60,-1,1,60,-67,-1,1,67,-30,-1,1,30)","","35011008"
"43020128","(5,6,10)","(90,100,50)","2000","20","31020001","1","(0,70,70,70)","(0,80,80,80)","(50,50,50)","(-60,-1,1,60,-67,-1,1,67,-30,-1,1,30)","(100,100,100)","(-60,-1,1,60,-67,-1,1,67,-30,-1,1,30)","93000037","35011008"
"43020129","(5,6,10)","(90,100,50)","2000","20","31020001","1","(0,70,70,70)","(0,80,80,80)","(50,50,50)","(-60,-1,1,60,-67,-1,1,67,-30,-1,1,30)","(100,100,100)","(-60,-1,1,60,-67,-1,1,67,-30,-1,1,30)","93000037","35011008"
"43020130","(5,6,10)","(90,100,50,200,250,110)","2000","20","31020001","1","(0,70,70,70)","(0,80,80,80)","(50,50,50)","(-60,-1,1,60,-67,-1,1,67,-30,-1,1,30)","(100,100,100)","(-60,-1,1,60,-67,-1,1,67,-30,-1,1,30)","93000037","35011008"
"43020131","(5,6,10)","(90,100,50,200,250,110,510,610,280,1330,1600,730)","2000","20","31020001","1","(0,70,70,70)","(0,80,80,80)","(50,50,50)","(-60,-1,1,60,-67,-1,1,67,-30,-1,1,30)","(100,100,100)","(-60,-1,1,60,-67,-1,1,67,-30,-1,1,30)","93000158","35011008"
"43020132","(5,6,10)","(90,100,50,200,250,110,510,610,280,1330,1600,730,3610,4340,1990,10230,12270,5630)","2000","20","31020001","1","(0,70,70,70)","(0,80,80,80)","(50,50,50)","(-60,-1,1,60,-67,-1,1,67,-30,-1,1,30)","(100,100,100)","(-60,-1,1,60,-67,-1,1,67,-30,-1,1,30)","93000158","35011008"
"43020133","(5,6,10)","(0,0,0)","2000","20","31020001","1","(0,70,70,70)","(0,80,80,80)","(50,50,50)","(-60,-1,1,60,-67,-1,1,67,-30,-1,1,30)","(100,100,100)","(-60,-1,1,60,-67,-1,1,67,-30,-1,1,30)","","35011008"
"43020134","(5,6,10)","(90,100,50)","2000","20","31020001","1","(0,70,70,70)","(0,80,80,80)","(50,50,50)","(-60,-1,1,60,-67,-1,1,67,-30,-1,1,30)","(100,100,100)","(-60,-1,1,60,-67,-1,1,67,-30,-1,1,30)","93000037","35011008"
"43020135","(5,6,10)","(90,100,50,200,250,110)","2000","20","31020001","1","(0,70,70,70)","(0,80,80,80)","(50,50,50)","(-60,-1,1,60,-67,-1,1,67,-30,-1,1,30)","(100,100,100)","(-60,-1,1,60,-67,-1,1,67,-30,-1,1,30)","93000037","35011008"
"43020136","(5,6,10)","(90,100,50,200,250,110,510,610,280)","2000","20","31020001","1","(0,70,70,70)","(0,80,80,80)","(50,50,50)","(-60,-1,1,60,-67,-1,1,67,-30,-1,1,30)","(100,100,100)","(-60,-1,1,60,-67,-1,1,67,-30,-1,1,30)","93000037","35011008"
"43020137","(5,6,10)","(90,100,50,200,250,110,510,610,280,1330,1600,730,3610,4340,1990)","2000","20","31020001","1","(0,70,70,70)","(0,80,80,80)","(50,50,50)","(-60,-1,1,60,-67,-1,1,67,-30,-1,1,30)","(100,100,100)","(-60,-1,1,60,-67,-1,1,67,-30,-1,1,30)","93000158","35011008"
"43020138","(5,6,10)","(90,100,50,200,250,110,510,610,280,1330,1600,730,3610,4340,1990,10230,12270,5630,30000,36000,16500)","2000","20","31020001","1","(0,70,70,70)","(0,80,80,80)","(50,50,50)","(-60,-1,1,60,-67,-1,1,67,-30,-1,1,30)","(100,100,100)","(-60,-1,1,60,-67,-1,1,67,-30,-1,1,30)","93000158","35011008"
"43020139","(5,6,10)","(0,0,0)","2000","20","31020001","1","(0,70,70,70)","(0,80,80,80)","(50,50,50)","(-60,-1,1,60,-67,-1,1,67,-30,-1,1,30)","(100,100,100)","(-60,-1,1,60,-67,-1,1,67,-30,-1,1,30)","","35011008"
"43020140","(5,6,10)","(90,100,50,200,250,110)","2000","20","31020001","1","(0,70,70,70)","(0,80,80,80)","(50,50,50)","(-60,-1,1,60,-67,-1,1,67,-30,-1,1,30)","(100,100,100)","(-60,-1,1,60,-67,-1,1,67,-30,-1,1,30)","93000037","35011008"
"43020141","(5,6,10)","(90,100,50,200,250,110,510,610,280)","2000","20","31020001","1","(0,70,70,70)","(0,80,80,80)","(50,50,50)","(-60,-1,1,60,-67,-1,1,67,-30,-1,1,30)","(100,100,100)","(-60,-1,1,60,-67,-1,1,67,-30,-1,1,30)","93000037","35011008"
"43020142","(5,6,10)","(90,100,50,200,250,110,510,610,280,1330,1600,730)","2000","20","31020001","1","(0,70,70,70)","(0,80,80,80)","(50,50,50)","(-60,-1,1,60,-67,-1,1,67,-30,-1,1,30)","(100,100,100)","(-60,-1,1,60,-67,-1,1,67,-30,-1,1,30)","93000037","35011008"
"43020143","(5,6,10)","(90,100,50,200,250,110,510,610,280,1330,1600,730,3610,4340,1990,10230,12270,5630)","2000","20","31020001","1","(0,70,70,70)","(0,80,80,80)","(50,50,50)","(-60,-1,1,60,-67,-1,1,67,-30,-1,1,30)","(100,100,100)","(-60,-1,1,60,-67,-1,1,67,-30,-1,1,30)","93000158","35011008"
"43020144","(5,6,10)","(90,100,50,200,250,110,510,610,280,1330,1600,730,3610,4340,1990,10230,12270,5630,30000,36000,16500)","2000","20","31020001","1","(0,70,70,70)","(0,80,80,80)","(50,50,50)","(-60,-1,1,60,-67,-1,1,67,-30,-1,1,30)","(100,100,100)","(-60,-1,1,60,-67,-1,1,67,-30,-1,1,30)","93000158","35011008"
"43020145","(5,6,10)","(0,0,0)","2000","20","31020001","1","(0,70,70,70)","(0,80,80,80)","(50,50,50)","(-60,-1,1,60,-67,-1,1,67,-30,-1,1,30)","(100,100,100)","(-60,-1,1,60,-67,-1,1,67,-30,-1,1,30)","","35011008"
"43020146","(5,6,10)","(90,100,50,200,250,110,510,610,280","2000","20","31020001","1","(0,70,70,70)","(0,80,80,80)","(50,50,50)","(-60,-1,1,60,-67,-1,1,67,-30,-1,1,30)","(100,100,100)","(-60,-1,1,60,-67,-1,1,67,-30,-1,1,30)","93000037","35011008"
"43020147","(5,6,10)","(90,100,50,200,250,110,510,610,280,1330,1600,730)","2000","20","31020001","1","(0,70,70,70)","(0,80,80,80)","(50,50,50)","(-60,-1,1,60,-67,-1,1,67,-30,-1,1,30)","(100,100,100)","(-60,-1,1,60,-67,-1,1,67,-30,-1,1,30)","93000037","35011008"
"43020148","(5,6,10)","(90,100,50,200,250,110,510,610,280,1330,1600,730,3610,4340,1990)","2000","20","31020001","1","(0,70,70,70)","(0,80,80,80)","(50,50,50)","(-60,-1,1,60,-67,-1,1,67,-30,-1,1,30)","(100,100,100)","(-60,-1,1,60,-67,-1,1,67,-30,-1,1,30)","93000037","35011008"
"43020149","(5,6,10)","(90,100,50,200,250,110,510,610,280,1330,1600,730,3610,4340,1990,10230,12270,5630,30000,36000,16500)","2000","20","31020001","1","(0,70,70,70)","(0,80,80,80)","(50,50,50)","(-60,-1,1,60,-67,-1,1,67,-30,-1,1,30)","(100,100,100)","(-60,-1,1,60,-67,-1,1,67,-30,-1,1,30)","93000158","35011008"
"43020150","(5,6,10)","(90,100,50,200,250,110,510,610,280,1330,1600,730,3610,4340,1990,10230,12270,5630,30000,36000,16500)","2000","20","31020001","1","(0,70,70,70)","(0,80,80,80)","(50,50,50)","(-60,-1,1,60,-67,-1,1,67,-30,-1,1,30)","(100,100,100)","(-60,-1,1,60,-67,-1,1,67,-30,-1,1,30)","93000158","35011008"
"43020151","(5,6,10)","(0,0,0)","2000","20","31020001","1","(0,70,70,70)","(0,80,80,80)","(50,50,50)","(-60,-1,1,60,-67,-1,1,67,-30,-1,1,30)","(100,100,100)","(-60,-1,1,60,-67,-1,1,67,-30,-1,1,30)","","35011008"
"43020152","(5,6,10)","(90,100,50,200,250,110,510,610,280,1330,1600,730)","2000","20","31020001","1","(0,70,70,70)","(0,80,80,80)","(50,50,50)","(-60,-1,1,60,-67,-1,1,67,-30,-1,1,30)","(100,100,100)","(-60,-1,1,60,-67,-1,1,67,-30,-1,1,30)","93000037","35011008"
"43020153","(5,6,10)","(90,100,50,200,250,110,510,610,280,1330,1600,730,3610,4340,1990)","2000","20","31020001","1","(0,70,70,70)","(0,80,80,80)","(50,50,50)","(-60,-1,1,60,-67,-1,1,67,-30,-1,1,30)","(100,100,100)","(-60,-1,1,60,-67,-1,1,67,-30,-1,1,30)","93000037","35011008"
"43020154","(5,6,10)","(90,100,50,200,250,110,510,610,280,1330,1600,730,3610,4340,1990,10230,12270,5630)","2000","20","31020001","1","(0,70,70,70)","(0,80,80,80)","(50,50,50)","(-60,-1,1,60,-67,-1,1,67,-30,-1,1,30)","(100,100,100)","(-60,-1,1,60,-67,-1,1,67,-30,-1,1,30)","93000037","35011008"
"43020155","(5,6,10)","(90,100,50,200,250,110,510,610,280,1330,1600,730,3610,4340,1990,10230,12270,5630,30000,36000,16500)","2000","20","31020001","1","(0,70,70,70)","(0,80,80,80)","(50,50,50)","(-60,-1,1,60,-67,-1,1,67,-30,-1,1,30)","(100,100,100)","(-60,-1,1,60,-67,-1,1,67,-30,-1,1,30)","93000158","35011008"
"43020156","(5,6,10)","(90,100,50,200,250,110,510,610,280,1330,1600,730,3610,4340,1990,10230,12270,5630,30000,36000,16500,91360,109640,50250)","2000","20","31020001","1","(0,70,70,70)","(0,80,80,80)","(50,50,50)","(-60,-1,1,60,-67,-1,1,67,-30,-1,1,30)","(100,100,100)","(-60,-1,1,60,-67,-1,1,67,-30,-1,1,30)","93000158","35011008"
"43020157","(5,6,10)","(0,0,0)","2000","20","31020001","1","(0,70,70,70)","(0,80,80,80)","(50,50,50)","(-60,-1,1,60,-67,-1,1,67,-30,-1,1,30)","(100,100,100)","(-60,-1,1,60,-67,-1,1,67,-30,-1,1,30)","","35011008"
"43020158","(5,6,10)","(90,100,50,200,250,110,510,610,280,1330,1600,730,3610,4340,1990)","2000","20","31020001","1","(0,70,70,70)","(0,80,80,80)","(50,50,50)","(-60,-1,1,60,-67,-1,1,67,-30,-1,1,30)","(100,100,100)","(-60,-1,1,60,-67,-1,1,67,-30,-1,1,30)","93000037","35011008"
"43020159","(5,6,10)","(90,100,50,200,250,110,510,610,280,1330,1600,730,3610,4340,1990,10230,12270,5630)","2000","20","31020001","1","(0,70,70,70)","(0,80,80,80)","(50,50,50)","(-60,-1,1,60,-67,-1,1,67,-30,-1,1,30)","(100,100,100)","(-60,-1,1,60,-67,-1,1,67,-30,-1,1,30)","93000037","35011008"
"43020160","(5,6,10)","(90,100,50,200,250,110,510,610,280,1330,1600,730,3610,4340,1990,10230,12270,5630,30000,36000,16500)","2000","20","31020001","1","(0,70,70,70)","(0,80,80,80)","(50,50,50)","(-60,-1,1,60,-67,-1,1,67,-30,-1,1,30)","(100,100,100)","(-60,-1,1,60,-67,-1,1,67,-30,-1,1,30)","93000037","35011008"
"43020161","(5,6,10)","(90,100,50,200,250,110,510,610,280,1330,1600,730,3610,4340,1990,10230,12270,5630,30000,36000,16500,91360,109640,50250)","2000","20","31020001","1","(0,70,70,70)","(0,80,80,80)","(50,50,50)","(-60,-1,1,60,-67,-1,1,67,-30,-1,1,30)","(100,100,100)","(-60,-1,1,60,-67,-1,1,67,-30,-1,1,30)","93000158","35011008"
"43020162","(5,6,10)","(90,100,50,200,250,110,510,610,280,1330,1600,730,3610,4340,1990,10230,12270,5630,30000,36000,16500,91360,109640,50250,289090,346910,159000)","2000","20","31020001","1","(0,70,70,70)","(0,80,80,80)","(50,50,50)","(-60,-1,1,60,-67,-1,1,67,-30,-1,1,30)","(100,100,100)","(-60,-1,1,60,-67,-1,1,67,-30,-1,1,30)","93000158","35011008"
"43020163","(5,6,10)","(0,0,0)","2000","20","31020001","1","(0,70,70,70)","(0,80,80,80)","(50,50,50)","(-60,-1,1,60,-67,-1,1,67,-30,-1,1,30)","(100,100,100)","(-60,-1,1,60,-67,-1,1,67,-30,-1,1,30)","","35011008"
"43020164","(5,6,10)","(90,100,50,200,250,110,510,610,280,1330,1600,730,3610,4340,1990,10230,12270,5630)","2000","20","31020001","1","(0,70,70,70)","(0,80,80,80)","(50,50,50)","(-60,-1,1,60,-67,-1,1,67,-30,-1,1,30)","(100,100,100)","(-60,-1,1,60,-67,-1,1,67,-30,-1,1,30)","93000037","35011008"
"43020165","(5,6,10)","(90,100,50,200,250,110,510,610,280,1330,1600,730,3610,4340,1990,10230,12270,5630,30000,36000,16500)","2000","20","31020001","1","(0,70,70,70)","(0,80,80,80)","(50,50,50)","(-60,-1,1,60,-67,-1,1,67,-30,-1,1,30)","(100,100,100)","(-60,-1,1,60,-67,-1,1,67,-30,-1,1,30)","93000037","35011008"
"43020166","(5,6,10)","(90,100,50,200,250,110,510,610,280,1330,1600,730,3610,4340,1990,10230,12270,5630,30000,36000,16500,91360,109640,50250)","2000","20","31020001","1","(0,70,70,70)","(0,80,80,80)","(50,50,50)","(-60,-1,1,60,-67,-1,1,67,-30,-1,1,30)","(100,100,100)","(-60,-1,1,60,-67,-1,1,67,-30,-1,1,30)","93000037","35011008"
"43020167","(5,6,10)","(90,100,50,200,250,110,510,610,280,1330,1600,730,3610,4340,1990,10230,12270,5630,30000,36000,16500,91360,109640,50250,289090,346910,159000)","2000","20","31020001","1","(0,70,70,70)","(0,80,80,80)","(50,50,50)","(-60,-1,1,60,-67,-1,1,67,-30,-1,1,30)","(100,100,100)","(-60,-1,1,60,-67,-1,1,67,-30,-1,1,30)","93000158","35011008"
"43020168","(5,6,10)","(90,100,50,200,250,110,510,610,280,1330,1600,730,3610,4340,1990,10230,12270,5630,30000,36000,16500,91360,109640,50250,289090,346910,159000)","2000","20","31020001","1","(0,70,70,70)","(0,80,80,80)","(50,50,50)","(-60,-1,1,60,-67,-1,1,67,-30,-1,1,30)","(100,100,100)","(-60,-1,1,60,-67,-1,1,67,-30,-1,1,30)","93000158","35011008"
"43020169","(5,6,10)","(0,0,0)","2000","20","31020001","1","(0,70,70,70)","(0,80,80,80)","(50,50,50)","(-60,-1,1,60,-67,-1,1,67,-30,-1,1,30)","(100,100,100)","(-60,-1,1,60,-67,-1,1,67,-30,-1,1,30)","","35011008"
"43020170","(5,6,10)","(90,100,50,200,250,110,510,610,280,1330,1600,730,3610,4340,1990,10230,12270,5630,30000,36000,16500)","2000","20","31020001","1","(0,70,70,70)","(0,80,80,80)","(50,50,50)","(-60,-1,1,60,-67,-1,1,67,-30,-1,1,30)","(100,100,100)","(-60,-1,1,60,-67,-1,1,67,-30,-1,1,30)","93000037","35011008"
"43020171","(5,6,10)","(90,100,50,200,250,110,510,610,280,1330,1600,730,3610,4340,1990,10230,12270,5630,30000,36000,16500,91360,109640,50250)","2000","20","31020001","1","(0,70,70,70)","(0,80,80,80)","(50,50,50)","(-60,-1,1,60,-67,-1,1,67,-30,-1,1,30)","(100,100,100)","(-60,-1,1,60,-67,-1,1,67,-30,-1,1,30)","93000037","35011008"
"43020172","(5,6,10)","(90,100,50,200,250,110,510,610,280,1330,1600,730,3610,4340,1990,10230,12270,5630,30000,36000,16500,91360,109640,50250,289090,346910,159000)","2000","20","31020001","1","(0,70,70,70)","(0,80,80,80)","(50,50,50)","(-60,-1,1,60,-67,-1,1,67,-30,-1,1,30)","(100,100,100)","(-60,-1,1,60,-67,-1,1,67,-30,-1,1,30)","93000037","35011008"
"43020173","(5,6,10)","(90,100,50,200,250,110,510,610,280,1330,1600,730,3610,4340,1990,10230,12270,5630,30000,36000,16500,91360,109640,50250,289090,346910,159000)","2000","20","31020001","1","(0,70,70,70)","(0,80,80,80)","(50,50,50)","(-60,-1,1,60,-67,-1,1,67,-30,-1,1,30)","(100,100,100)","(-60,-1,1,60,-67,-1,1,67,-30,-1,1,30)","93000158","35011008"
"43020174","(5,6,10)","(90,100,50,200,250,110,510,610,280,1330,1600,730,3610,4340,1990,10230,12270,5630,30000,36000,16500,91360,109640,50250,289090,346910,159000)","2000","20","31020001","1","(0,70,70,70)","(0,80,80,80)","(50,50,50)","(-60,-1,1,60,-67,-1,1,67,-30,-1,1,30)","(100,100,100)","(-60,-1,1,60,-67,-1,1,67,-30,-1,1,30)","93000158","35011008"
"43020175","(5,6,10)","(0,0,0)","2000","20","31020001","1","(0,70,70,70)","(0,80,80,80)","(50,50,50)","(-60,-1,1,60,-67,-1,1,67,-30,-1,1,30)","(100,100,100)","(-60,-1,1,60,-67,-1,1,67,-30,-1,1,30)","","35011008"
"43020176","(5,6,10)","(90,100,50,200,250,110,510,610,280,1330,1600,730,3610,4340,1990,10230,12270,5630,30000,36000,16500,91360,109640,50250)","2000","20","31020001","1","(0,70,70,70)","(0,80,80,80)","(50,50,50)","(-60,-1,1,60,-67,-1,1,67,-30,-1,1,30)","(100,100,100)","(-60,-1,1,60,-67,-1,1,67,-30,-1,1,30)","93000037","35011008"
"43020177","(5,6,10)","(90,100,50,200,250,110,510,610,280,1330,1600,730,3610,4340,1990,10230,12270,5630,30000,36000,16500,91360,109640,50250,289090,346910,159000)","2000","20","31020001","1","(0,70,70,70)","(0,80,80,80)","(50,50,50)","(-60,-1,1,60,-67,-1,1,67,-30,-1,1,30)","(100,100,100)","(-60,-1,1,60,-67,-1,1,67,-30,-1,1,30)","93000037","35011008"
"43020178","(5,6,10)","(90,100,50,200,250,110,510,610,280,1330,1600,730,3610,4340,1990,10230,12270,5630,30000,36000,16500,91360,109640,50250,289090,346910,159000)","2000","20","31020001","1","(0,70,70,70)","(0,80,80,80)","(50,50,50)","(-60,-1,1,60,-67,-1,1,67,-30,-1,1,30)","(100,100,100)","(-60,-1,1,60,-67,-1,1,67,-30,-1,1,30)","93000037","35011008"
"43020179","(5,6,10)","(90,100,50,200,250,110,510,610,280,1330,1600,730,3610,4340,1990,10230,12270,5630,30000,36000,16500,91360,109640,50250,289090,346910,159000)","2000","20","31020001","1","(0,70,70,70)","(0,80,80,80)","(50,50,50)","(-60,-1,1,60,-67,-1,1,67,-30,-1,1,30)","(100,100,100)","(-60,-1,1,60,-67,-1,1,67,-30,-1,1,30)","93000158","35011008"
"43020180","(5,6,10)","(90,100,50,200,250,110,510,610,280,1330,1600,730,3610,4340,1990,10230,12270,5630,30000,36000,16500,91360,109640,50250,289090,346910,159000)","2000","20","31020001","1","(0,70,70,70)","(0,80,80,80)","(50,50,50)","(-60,-1,1,60,-67,-1,1,67,-30,-1,1,30)","(100,100,100)","(-60,-1,1,60,-67,-1,1,67,-30,-1,1,30)","93000158","35011008"
"43020181","(5,6,10)","(0,0,0)","2000","20","31020001","1","(0,70,70,70)","(0,80,80,80)","(50,50,50)","(-60,-1,1,60,-67,-1,1,67,-30,-1,1,30)","(100,100,100)","(-60,-1,1,60,-67,-1,1,67,-30,-1,1,30)","","35011008"
"43020182","(5,6,10)","(90,100,50)","2000","20","31020001","1","(0,70,70,70)","(0,80,80,80)","(50,50,50)","(-60,-1,1,60,-67,-1,1,67,-30,-1,1,30)","(100,100,100)","(-60,-1,1,60,-67,-1,1,67,-30,-1,1,30)","93000037","35011008"
"43020183","(5,6,10)","(90,100,50)","2000","20","31020001","1","(0,70,70,70)","(0,80,80,80)","(50,50,50)","(-60,-1,1,60,-67,-1,1,67,-30,-1,1,30)","(100,100,100)","(-60,-1,1,60,-67,-1,1,67,-30,-1,1,30)","93000037","35011008"
"43020184","(5,6,10)","(90,100,50)","2000","20","31020001","1","(0,70,70,70)","(0,80,80,80)","(50,50,50)","(-60,-1,1,60,-67,-1,1,67,-30,-1,1,30)","(100,100,100)","(-60,-1,1,60,-67,-1,1,67,-30,-1,1,30)","93000037","35011008"
"43020185","(5,6,10)","(90,100,50,200,250,110,510,610,280)","2000","20","31020001","1","(0,70,70,70)","(0,80,80,80)","(50,50,50)","(-60,-1,1,60,-67,-1,1,67,-30,-1,1,30)","(100,100,100)","(-60,-1,1,60,-67,-1,1,67,-30,-1,1,30)","93000158","35011008"
"43020186","(5,6,10)","(90,100,50,200,250,110,510,610,280,1330,1600,730,3610,4340,1990)","2000","20","31020001","1","(0,70,70,70)","(0,80,80,80)","(50,50,50)","(-60,-1,1,60,-67,-1,1,67,-30,-1,1,30)","(100,100,100)","(-60,-1,1,60,-67,-1,1,67,-30,-1,1,30)","93000158","35011008"
"43020187","(5,6,10)","(0,0,0)","2000","20","31020001","1","(0,70,70,70)","(0,80,80,80)","(50,50,50)","(-60,-1,1,60,-67,-1,1,67,-30,-1,1,30)","(100,100,100)","(-60,-1,1,60,-67,-1,1,67,-30,-1,1,30)","","35011008"
"43020188","(5,6,10)","(90,100,50)","2000","20","31020001","1","(0,70,70,70)","(0,80,80,80)","(50,50,50)","(-60,-1,1,60,-67,-1,1,67,-30,-1,1,30)","(100,100,100)","(-60,-1,1,60,-67,-1,1,67,-30,-1,1,30)","93000037","35011008"
"43020189","(5,6,10)","(90,100,50)","2000","20","31020001","1","(0,70,70,70)","(0,80,80,80)","(50,50,50)","(-60,-1,1,60,-67,-1,1,67,-30,-1,1,30)","(100,100,100)","(-60,-1,1,60,-67,-1,1,67,-30,-1,1,30)","93000037","35011008"
"43020190","(5,6,10)","(90,100,50,200,250,110)","2000","20","31020001","1","(0,70,70,70)","(0,80,80,80)","(50,50,50)","(-60,-1,1,60,-67,-1,1,67,-30,-1,1,30)","(100,100,100)","(-60,-1,1,60,-67,-1,1,67,-30,-1,1,30)","93000037","35011008"
"43020191","(5,6,10)","(90,100,50,200,250,110,510,610,280,1330,1600,730)","2000","20","31020001","1","(0,70,70,70)","(0,80,80,80)","(50,50,50)","(-60,-1,1,60,-67,-1,1,67,-30,-1,1,30)","(100,100,100)","(-60,-1,1,60,-67,-1,1,67,-30,-1,1,30)","93000158","35011008"
"43020192","(5,6,10)","(90,100,50,200,250,110,510,610,280,1330,1600,730,3610,4340,1990,10230,12270,5630)","2000","20","31020001","1","(0,70,70,70)","(0,80,80,80)","(50,50,50)","(-60,-1,1,60,-67,-1,1,67,-30,-1,1,30)","(100,100,100)","(-60,-1,1,60,-67,-1,1,67,-30,-1,1,30)","93000158","35011008"
"43020193","(5,6,10)","(0,0,0)","2000","20","31020001","1","(0,70,70,70)","(0,80,80,80)","(50,50,50)","(-60,-1,1,60,-67,-1,1,67,-30,-1,1,30)","(100,100,100)","(-60,-1,1,60,-67,-1,1,67,-30,-1,1,30)","","35011008"
"43020194","(5,6,10)","(90,100,50)","2000","20","31020001","1","(0,70,70,70)","(0,80,80,80)","(50,50,50)","(-60,-1,1,60,-67,-1,1,67,-30,-1,1,30)","(100,100,100)","(-60,-1,1,60,-67,-1,1,67,-30,-1,1,30)","93000037","35011008"
"43020195","(5,6,10)","(90,100,50,200,250,110)","2000","20","31020001","1","(0,70,70,70)","(0,80,80,80)","(50,50,50)","(-60,-1,1,60,-67,-1,1,67,-30,-1,1,30)","(100,100,100)","(-60,-1,1,60,-67,-1,1,67,-30,-1,1,30)","93000037","35011008"
"43020196","(5,6,10)","(90,100,50,200,250,110,510,610,280)","2000","20","31020001","1","(0,70,70,70)","(0,80,80,80)","(50,50,50)","(-60,-1,1,60,-67,-1,1,67,-30,-1,1,30)","(100,100,100)","(-60,-1,1,60,-67,-1,1,67,-30,-1,1,30)","93000037","35011008"
"43020197","(5,6,10)","(90,100,50,200,250,110,510,610,280,1330,1600,730,3610,4340,1990)","2000","20","31020001","1","(0,70,70,70)","(0,80,80,80)","(50,50,50)","(-60,-1,1,60,-67,-1,1,67,-30,-1,1,30)","(100,100,100)","(-60,-1,1,60,-67,-1,1,67,-30,-1,1,30)","93000158","35011008"
"43020198","(5,6,10)","(90,100,50,200,250,110,510,610,280,1330,1600,730,3610,4340,1990,10230,12270,5630,30000,36000,16500)","2000","20","31020001","1","(0,70,70,70)","(0,80,80,80)","(50,50,50)","(-60,-1,1,60,-67,-1,1,67,-30,-1,1,30)","(100,100,100)","(-60,-1,1,60,-67,-1,1,67,-30,-1,1,30)","93000158","35011008"
"43020199","(5,6,10)","(0,0,0)","2000","20","31020001","1","(0,70,70,70)","(0,80,80,80)","(50,50,50)","(-60,-1,1,60,-67,-1,1,67,-30,-1,1,30)","(100,100,100)","(-60,-1,1,60,-67,-1,1,67,-30,-1,1,30)","","35011008"
"43020200","(5,6,10)","(90,100,50,200,250,110)","2000","20","31020001","1","(0,70,70,70)","(0,80,80,80)","(50,50,50)","(-60,-1,1,60,-67,-1,1,67,-30,-1,1,30)","(100,100,100)","(-60,-1,1,60,-67,-1,1,67,-30,-1,1,30)","93000037","35011008"
"43020201","(5,6,10)","(90,100,50,200,250,110,510,610,280)","2000","20","31020001","1","(0,70,70,70)","(0,80,80,80)","(50,50,50)","(-60,-1,1,60,-67,-1,1,67,-30,-1,1,30)","(100,100,100)","(-60,-1,1,60,-67,-1,1,67,-30,-1,1,30)","93000037","35011008"
"43020202","(5,6,10)","(90,100,50,200,250,110,510,610,280,1330,1600,730)","2000","20","31020001","1","(0,70,70,70)","(0,80,80,80)","(50,50,50)","(-60,-1,1,60,-67,-1,1,67,-30,-1,1,30)","(100,100,100)","(-60,-1,1,60,-67,-1,1,67,-30,-1,1,30)","93000037","35011008"
"43020203","(5,6,10)","(90,100,50,200,250,110,510,610,280,1330,1600,730,3610,4340,1990,10230,12270,5630)","2000","20","31020001","1","(0,70,70,70)","(0,80,80,80)","(50,50,50)","(-60,-1,1,60,-67,-1,1,67,-30,-1,1,30)","(100,100,100)","(-60,-1,1,60,-67,-1,1,67,-30,-1,1,30)","93000158","35011008"
"43020204","(5,6,10)","(90,100,50,200,250,110,510,610,280,1330,1600,730,3610,4340,1990,10230,12270,5630,30000,36000,16500)","2000","20","31020001","1","(0,70,70,70)","(0,80,80,80)","(50,50,50)","(-60,-1,1,60,-67,-1,1,67,-30,-1,1,30)","(100,100,100)","(-60,-1,1,60,-67,-1,1,67,-30,-1,1,30)","93000158","35011008"
"43020205","(5,6,10)","(0,0,0)","2000","20","31020001","1","(0,70,70,70)","(0,80,80,80)","(50,50,50)","(-60,-1,1,60,-67,-1,1,67,-30,-1,1,30)","(100,100,100)","(-60,-1,1,60,-67,-1,1,67,-30,-1,1,30)","","35011008"
"43020206","(5,6,10)","(90,100,50,200,250,110,510,610,280","2000","20","31020001","1","(0,70,70,70)","(0,80,80,80)","(50,50,50)","(-60,-1,1,60,-67,-1,1,67,-30,-1,1,30)","(100,100,100)","(-60,-1,1,60,-67,-1,1,67,-30,-1,1,30)","93000037","35011008"
"43020207","(5,6,10)","(90,100,50,200,250,110,510,610,280,1330,1600,730)","2000","20","31020001","1","(0,70,70,70)","(0,80,80,80)","(50,50,50)","(-60,-1,1,60,-67,-1,1,67,-30,-1,1,30)","(100,100,100)","(-60,-1,1,60,-67,-1,1,67,-30,-1,1,30)","93000037","35011008"
"43020208","(5,6,10)","(90,100,50,200,250,110,510,610,280,1330,1600,730,3610,4340,1990)","2000","20","31020001","1","(0,70,70,70)","(0,80,80,80)","(50,50,50)","(-60,-1,1,60,-67,-1,1,67,-30,-1,1,30)","(100,100,100)","(-60,-1,1,60,-67,-1,1,67,-30,-1,1,30)","93000037","35011008"
"43020209","(5,6,10)","(90,100,50,200,250,110,510,610,280,1330,1600,730,3610,4340,1990,10230,12270,5630,30000,36000,16500)","2000","20","31020001","1","(0,70,70,70)","(0,80,80,80)","(50,50,50)","(-60,-1,1,60,-67,-1,1,67,-30,-1,1,30)","(100,100,100)","(-60,-1,1,60,-67,-1,1,67,-30,-1,1,30)","93000158","35011008"
"43020210","(5,6,10)","(90,100,50,200,250,110,510,610,280,1330,1600,730,3610,4340,1990,10230,12270,5630,30000,36000,16500)","2000","20","31020001","1","(0,70,70,70)","(0,80,80,80)","(50,50,50)","(-60,-1,1,60,-67,-1,1,67,-30,-1,1,30)","(100,100,100)","(-60,-1,1,60,-67,-1,1,67,-30,-1,1,30)","93000158","35011008"
"43020211","(5,6,10)","(0,0,0)","2000","20","31020001","1","(0,70,70,70)","(0,80,80,80)","(50,50,50)","(-60,-1,1,60,-67,-1,1,67,-30,-1,1,30)","(100,100,100)","(-60,-1,1,60,-67,-1,1,67,-30,-1,1,30)","","35011008"
"43020212","(5,6,10)","(90,100,50,200,250,110,510,610,280,1330,1600,730)","2000","20","31020001","1","(0,70,70,70)","(0,80,80,80)","(50,50,50)","(-60,-1,1,60,-67,-1,1,67,-30,-1,1,30)","(100,100,100)","(-60,-1,1,60,-67,-1,1,67,-30,-1,1,30)","93000037","35011008"
"43020213","(5,6,10)","(90,100,50,200,250,110,510,610,280,1330,1600,730,3610,4340,1990)","2000","20","31020001","1","(0,70,70,70)","(0,80,80,80)","(50,50,50)","(-60,-1,1,60,-67,-1,1,67,-30,-1,1,30)","(100,100,100)","(-60,-1,1,60,-67,-1,1,67,-30,-1,1,30)","93000037","35011008"
"43020214","(5,6,10)","(90,100,50,200,250,110,510,610,280,1330,1600,730,3610,4340,1990,10230,12270,5630)","2000","20","31020001","1","(0,70,70,70)","(0,80,80,80)","(50,50,50)","(-60,-1,1,60,-67,-1,1,67,-30,-1,1,30)","(100,100,100)","(-60,-1,1,60,-67,-1,1,67,-30,-1,1,30)","93000037","35011008"
"43020215","(5,6,10)","(90,100,50,200,250,110,510,610,280,1330,1600,730,3610,4340,1990,10230,12270,5630,30000,36000,16500)","2000","20","31020001","1","(0,70,70,70)","(0,80,80,80)","(50,50,50)","(-60,-1,1,60,-67,-1,1,67,-30,-1,1,30)","(100,100,100)","(-60,-1,1,60,-67,-1,1,67,-30,-1,1,30)","93000158","35011008"
"43020216","(5,6,10)","(90,100,50,200,250,110,510,610,280,1330,1600,730,3610,4340,1990,10230,12270,5630,30000,36000,16500,91360,109640,50250)","2000","20","31020001","1","(0,70,70,70)","(0,80,80,80)","(50,50,50)","(-60,-1,1,60,-67,-1,1,67,-30,-1,1,30)","(100,100,100)","(-60,-1,1,60,-67,-1,1,67,-30,-1,1,30)","93000158","35011008"
"43020217","(5,6,10)","(0,0,0)","2000","20","31020001","1","(0,70,70,70)","(0,80,80,80)","(50,50,50)","(-60,-1,1,60,-67,-1,1,67,-30,-1,1,30)","(100,100,100)","(-60,-1,1,60,-67,-1,1,67,-30,-1,1,30)","","35011008"
"43020218","(5,6,10)","(90,100,50,200,250,110,510,610,280,1330,1600,730,3610,4340,1990)","2000","20","31020001","1","(0,70,70,70)","(0,80,80,80)","(50,50,50)","(-60,-1,1,60,-67,-1,1,67,-30,-1,1,30)","(100,100,100)","(-60,-1,1,60,-67,-1,1,67,-30,-1,1,30)","93000037","35011008"
"43020219","(5,6,10)","(90,100,50,200,250,110,510,610,280,1330,1600,730,3610,4340,1990,10230,12270,5630)","2000","20","31020001","1","(0,70,70,70)","(0,80,80,80)","(50,50,50)","(-60,-1,1,60,-67,-1,1,67,-30,-1,1,30)","(100,100,100)","(-60,-1,1,60,-67,-1,1,67,-30,-1,1,30)","93000037","35011008"
"43020220","(5,6,10)","(90,100,50,200,250,110,510,610,280,1330,1600,730,3610,4340,1990,10230,12270,5630,30000,36000,16500)","2000","20","31020001","1","(0,70,70,70)","(0,80,80,80)","(50,50,50)","(-60,-1,1,60,-67,-1,1,67,-30,-1,1,30)","(100,100,100)","(-60,-1,1,60,-67,-1,1,67,-30,-1,1,30)","93000037","35011008"
"43020221","(5,6,10)","(90,100,50,200,250,110,510,610,280,1330,1600,730,3610,4340,1990,10230,12270,5630,30000,36000,16500,91360,109640,50250)","2000","20","31020001","1","(0,70,70,70)","(0,80,80,80)","(50,50,50)","(-60,-1,1,60,-67,-1,1,67,-30,-1,1,30)","(100,100,100)","(-60,-1,1,60,-67,-1,1,67,-30,-1,1,30)","93000158","35011008"
"43020222","(5,6,10)","(90,100,50,200,250,110,510,610,280,1330,1600,730,3610,4340,1990,10230,12270,5630,30000,36000,16500,91360,109640,50250,289090,346910,159000)","2000","20","31020001","1","(0,70,70,70)","(0,80,80,80)","(50,50,50)","(-60,-1,1,60,-67,-1,1,67,-30,-1,1,30)","(100,100,100)","(-60,-1,1,60,-67,-1,1,67,-30,-1,1,30)","93000158","35011008"
"43020223","(5,6,10)","(0,0,0)","2000","20","31020001","1","(0,70,70,70)","(0,80,80,80)","(50,50,50)","(-60,-1,1,60,-67,-1,1,67,-30,-1,1,30)","(100,100,100)","(-60,-1,1,60,-67,-1,1,67,-30,-1,1,30)","","35011008"
"43020224","(5,6,10)","(90,100,50,200,250,110,510,610,280,1330,1600,730,3610,4340,1990,10230,12270,5630)","2000","20","31020001","1","(0,70,70,70)","(0,80,80,80)","(50,50,50)","(-60,-1,1,60,-67,-1,1,67,-30,-1,1,30)","(100,100,100)","(-60,-1,1,60,-67,-1,1,67,-30,-1,1,30)","93000037","35011008"
"43020225","(5,6,10)","(90,100,50,200,250,110,510,610,280,1330,1600,730,3610,4340,1990,10230,12270,5630,30000,36000,16500)","2000","20","31020001","1","(0,70,70,70)","(0,80,80,80)","(50,50,50)","(-60,-1,1,60,-67,-1,1,67,-30,-1,1,30)","(100,100,100)","(-60,-1,1,60,-67,-1,1,67,-30,-1,1,30)","93000037","35011008"
"43020226","(5,6,10)","(90,100,50,200,250,110,510,610,280,1330,1600,730,3610,4340,1990,10230,12270,5630,30000,36000,16500,91360,109640,50250)","2000","20","31020001","1","(0,70,70,70)","(0,80,80,80)","(50,50,50)","(-60,-1,1,60,-67,-1,1,67,-30,-1,1,30)","(100,100,100)","(-60,-1,1,60,-67,-1,1,67,-30,-1,1,30)","93000037","35011008"
"43020227","(5,6,10)","(90,100,50,200,250,110,510,610,280,1330,1600,730,3610,4340,1990,10230,12270,5630,30000,36000,16500,91360,109640,50250,289090,346910,159000)","2000","20","31020001","1","(0,70,70,70)","(0,80,80,80)","(50,50,50)","(-60,-1,1,60,-67,-1,1,67,-30,-1,1,30)","(100,100,100)","(-60,-1,1,60,-67,-1,1,67,-30,-1,1,30)","93000158","35011008"
"43020228","(5,6,10)","(90,100,50,200,250,110,510,610,280,1330,1600,730,3610,4340,1990,10230,12270,5630,30000,36000,16500,91360,109640,50250,289090,346910,159000)","2000","20","31020001","1","(0,70,70,70)","(0,80,80,80)","(50,50,50)","(-60,-1,1,60,-67,-1,1,67,-30,-1,1,30)","(100,100,100)","(-60,-1,1,60,-67,-1,1,67,-30,-1,1,30)","93000158","35011008"
"43020229","(5,6,10)","(0,0,0)","2000","20","31020001","1","(0,70,70,70)","(0,80,80,80)","(50,50,50)","(-60,-1,1,60,-67,-1,1,67,-30,-1,1,30)","(100,100,100)","(-60,-1,1,60,-67,-1,1,67,-30,-1,1,30)","","35011008"
"43020230","(5,6,10)","(90,100,50,200,250,110,510,610,280,1330,1600,730,3610,4340,1990,10230,12270,5630,30000,36000,16500)","2000","20","31020001","1","(0,70,70,70)","(0,80,80,80)","(50,50,50)","(-60,-1,1,60,-67,-1,1,67,-30,-1,1,30)","(100,100,100)","(-60,-1,1,60,-67,-1,1,67,-30,-1,1,30)","93000037","35011008"
"43020231","(5,6,10)","(90,100,50,200,250,110,510,610,280,1330,1600,730,3610,4340,1990,10230,12270,5630,30000,36000,16500,91360,109640,50250)","2000","20","31020001","1","(0,70,70,70)","(0,80,80,80)","(50,50,50)","(-60,-1,1,60,-67,-1,1,67,-30,-1,1,30)","(100,100,100)","(-60,-1,1,60,-67,-1,1,67,-30,-1,1,30)","93000037","35011008"
"43020232","(5,6,10)","(90,100,50,200,250,110,510,610,280,1330,1600,730,3610,4340,1990,10230,12270,5630,30000,36000,16500,91360,109640,50250,289090,346910,159000)","2000","20","31020001","1","(0,70,70,70)","(0,80,80,80)","(50,50,50)","(-60,-1,1,60,-67,-1,1,67,-30,-1,1,30)","(100,100,100)","(-60,-1,1,60,-67,-1,1,67,-30,-1,1,30)","93000037","35011008"
"43020233","(5,6,10)","(90,100,50,200,250,110,510,610,280,1330,1600,730,3610,4340,1990,10230,12270,5630,30000,36000,16500,91360,109640,50250,289090,346910,159000)","2000","20","31020001","1","(0,70,70,70)","(0,80,80,80)","(50,50,50)","(-60,-1,1,60,-67,-1,1,67,-30,-1,1,30)","(100,100,100)","(-60,-1,1,60,-67,-1,1,67,-30,-1,1,30)","93000158","35011008"
"43020234","(5,6,10)","(90,100,50,200,250,110,510,610,280,1330,1600,730,3610,4340,1990,10230,12270,5630,30000,36000,16500,91360,109640,50250,289090,346910,159000)","2000","20","31020001","1","(0,70,70,70)","(0,80,80,80)","(50,50,50)","(-60,-1,1,60,-67,-1,1,67,-30,-1,1,30)","(100,100,100)","(-60,-1,1,60,-67,-1,1,67,-30,-1,1,30)","93000158","35011008"
"43020235","(5,6,10)","(0,0,0)","2000","20","31020001","1","(0,70,70,70)","(0,80,80,80)","(50,50,50)","(-60,-1,1,60,-67,-1,1,67,-30,-1,1,30)","(100,100,100)","(-60,-1,1,60,-67,-1,1,67,-30,-1,1,30)","","35011008"
"43020236","(5,6,10)","(90,100,50,200,250,110,510,610,280,1330,1600,730,3610,4340,1990,10230,12270,5630,30000,36000,16500,91360,109640,50250)","2000","20","31020001","1","(0,70,70,70)","(0,80,80,80)","(50,50,50)","(-60,-1,1,60,-67,-1,1,67,-30,-1,1,30)","(100,100,100)","(-60,-1,1,60,-67,-1,1,67,-30,-1,1,30)","93000037","35011008"
"43020237","(5,6,10)","(90,100,50,200,250,110,510,610,280,1330,1600,730,3610,4340,1990,10230,12270,5630,30000,36000,16500,91360,109640,50250,289090,346910,159000)","2000","20","31020001","1","(0,70,70,70)","(0,80,80,80)","(50,50,50)","(-60,-1,1,60,-67,-1,1,67,-30,-1,1,30)","(100,100,100)","(-60,-1,1,60,-67,-1,1,67,-30,-1,1,30)","93000037","35011008"
"43020238","(5,6,10)","(90,100,50,200,250,110,510,610,280,1330,1600,730,3610,4340,1990,10230,12270,5630,30000,36000,16500,91360,109640,50250,289090,346910,159000)","2000","20","31020001","1","(0,70,70,70)","(0,80,80,80)","(50,50,50)","(-60,-1,1,60,-67,-1,1,67,-30,-1,1,30)","(100,100,100)","(-60,-1,1,60,-67,-1,1,67,-30,-1,1,30)","93000037","35011008"
"43020239","(5,6,10)","(90,100,50,200,250,110,510,610,280,1330,1600,730,3610,4340,1990,10230,12270,5630,30000,36000,16500,91360,109640,50250,289090,346910,159000)","2000","20","31020001","1","(0,70,70,70)","(0,80,80,80)","(50,50,50)","(-60,-1,1,60,-67,-1,1,67,-30,-1,1,30)","(100,100,100)","(-60,-1,1,60,-67,-1,1,67,-30,-1,1,30)","93000158","35011008"
"43020240","(5,6,10)","(90,100,50,200,250,110,510,610,280,1330,1600,730,3610,4340,1990,10230,12270,5630,30000,36000,16500,91360,109640,50250,289090,346910,159000)","2000","20","31020001","1","(0,70,70,70)","(0,80,80,80)","(50,50,50)","(-60,-1,1,60,-67,-1,1,67,-30,-1,1,30)","(100,100,100)","(-60,-1,1,60,-67,-1,1,67,-30,-1,1,30)","93000158","35011008"
"43020241","(5,6,10)","(90,100,50,200,250,110,510,610,280,1330,1600,730,3610,4340,1990,10230,12270,5630)","2000","20","31020001","1","(0,70,70,70)","(0,80,80,80)","(50,50,50)","(-60,-1,1,60,-67,-1,1,67,-30,-1,1,30)","(100,100,100)","(-60,-1,1,60,-67,-1,1,67,-30,-1,1,30)","93000158","35011008"
"43020242","(5,6,10)","(90,100,50,200,250,110,510,610,280,1330,1600,730,3610,4340,1990,10230,12270,5630,30000,36000,16500)","2000","20","31020001","1","(0,70,70,70)","(0,80,80,80)","(50,50,50)","(-60,-1,1,60,-67,-1,1,67,-30,-1,1,30)","(100,100,100)","(-60,-1,1,60,-67,-1,1,67,-30,-1,1,30)","93000158","35011008"
"43020243","(5,6,10)","(90,100,50,200,250,110,510,610,280,1330,1600,730,3610,4340,1990,10230,12270,5630,30000,36000,16500,91360,109640,50250)","2000","20","31020001","1","(0,70,70,70)","(0,80,80,80)","(50,50,50)","(-60,-1,1,60,-67,-1,1,67,-30,-1,1,30)","(100,100,100)","(-60,-1,1,60,-67,-1,1,67,-30,-1,1,30)","93000158","35011008"
"43020244","(5,6,10)","(90,100,50,200,250,110,510,610,280,1330,1600,730,3610,4340,1990,10230,12270,5630,30000,36000,16500,91360,109640,50250,289090,346910,159000)","2000","20","31020001","1","(0,70,70,70)","(0,80,80,80)","(50,50,50)","(-60,-1,1,60,-67,-1,1,67,-30,-1,1,30)","(100,100,100)","(-60,-1,1,60,-67,-1,1,67,-30,-1,1,30)","93000158","35011008"
"43020245","(5,6,10)","(90,100,50,200,250,110,510,610,280,1330,1600,730,3610,4340,1990,10230,12270,5630,30000,36000,16500,91360,109640,50250,289090,346910,159000)","2000","20","31020001","1","(0,70,70,70)","(0,80,80,80)","(50,50,50)","(-60,-1,1,60,-67,-1,1,67,-30,-1,1,30)","(100,100,100)","(-60,-1,1,60,-67,-1,1,67,-30,-1,1,30)","93000158","35011008"
"43020246","(5,6,10)","(90,100,50,200,250,110,510,610,280,1330,1600,730,3610,4340,1990,10230,12270,5630,30000,36000,16500,91360,109640,50250,289090,346910,159000)","2000","20","31020001","1","(0,70,70,70)","(0,80,80,80)","(50,50,50)","(-60,-1,1,60,-67,-1,1,67,-30,-1,1,30)","(100,100,100)","(-60,-1,1,60,-67,-1,1,67,-30,-1,1,30)","93000158","35011008"
"43020247","(5,6,10)","(90,100,50,200,250,110,510,610,280,1330,1600,730,3610,4340,1990,10230,12270,5630,30000,36000,16500,91360,109640,50250,289090,346910,159000)","2000","20","31020001","1","(0,70,70,70)","(0,80,80,80)","(50,50,50)","(-60,-1,1,60,-67,-1,1,67,-30,-1,1,30)","(100,100,100)","(-60,-1,1,60,-67,-1,1,67,-30,-1,1,30)","93000158","35011008"
"43020248","(5,6,10)","(90,100,50,200,250,110,510,610,280,1330,1600,730,3610,4340,1990,10230,12270,5630,30000,36000,16500,91360,109640,50250,289090,346910,159000)","2000","20","31020001","1","(0,70,70,70)","(0,80,80,80)","(50,50,50)","(-60,-1,1,60,-67,-1,1,67,-30,-1,1,30)","(100,100,100)","(-60,-1,1,60,-67,-1,1,67,-30,-1,1,30)","93000158","35011008"
"43020249","(5,6,10)","(90,100,50,200,250,110,510,610,280,1330,1600,730,3610,4340,1990,10230,12270,5630,30000,36000,16500,91360,109640,50250,289090,346910,159000)","2000","20","31020001","1","(0,70,70,70)","(0,80,80,80)","(50,50,50)","(-60,-1,1,60,-67,-1,1,67,-30,-1,1,30)","(100,100,100)","(-60,-1,1,60,-67,-1,1,67,-30,-1,1,30)","93000158","35011008"
"43020250","(5,6,10)","(90,100,50,200,250,110,510,610,280,1330,1600,730,3610,4340,1990,10230,12270,5630,30000,36000,16500,91360,109640,50250,289090,346910,159000)","2000","20","31020001","1","(0,70,70,70)","(0,80,80,80)","(50,50,50)","(-60,-1,1,60,-67,-1,1,67,-30,-1,1,30)","(100,100,100)","(-60,-1,1,60,-67,-1,1,67,-30,-1,1,30)","93000158","35011008"
"43020251","(5,6,10)","(90,100,50,200,250,110,510,610,280,1330,1600,730,3610,4340,1990,10230,12270,5630)","2000","20","31020001","1","(0,70,70,70)","(0,80,80,80)","(50,50,50)","(-60,-1,1,60,-67,-1,1,67,-30,-1,1,30)","(100,100,100)","(-60,-1,1,60,-67,-1,1,67,-30,-1,1,30)","93000158","35011008"
"43020252","(5,6,10)","(90,100,50,200,250,110,510,610,280,1330,1600,730,3610,4340,1990,10230,12270,5630,30000,36000,16500)","2000","20","31020001","1","(0,70,70,70)","(0,80,80,80)","(50,50,50)","(-60,-1,1,60,-67,-1,1,67,-30,-1,1,30)","(100,100,100)","(-60,-1,1,60,-67,-1,1,67,-30,-1,1,30)","93000158","35011008"
"43020253","(5,6,10)","(90,100,50,200,250,110,510,610,280,1330,1600,730,3610,4340,1990,10230,12270,5630,30000,36000,16500,91360,109640,50250)","2000","20","31020001","1","(0,70,70,70)","(0,80,80,80)","(50,50,50)","(-60,-1,1,60,-67,-1,1,67,-30,-1,1,30)","(100,100,100)","(-60,-1,1,60,-67,-1,1,67,-30,-1,1,30)","93000158","35011008"
"43020254","(5,6,10)","(90,100,50,200,250,110,510,610,280,1330,1600,730,3610,4340,1990,10230,12270,5630,30000,36000,16500,91360,109640,50250,289090,346910,159000)","2000","20","31020001","1","(0,70,70,70)","(0,80,80,80)","(50,50,50)","(-60,-1,1,60,-67,-1,1,67,-30,-1,1,30)","(100,100,100)","(-60,-1,1,60,-67,-1,1,67,-30,-1,1,30)","93000158","35011008"
"43020255","(5,6,10)","(90,100,50,200,250,110,510,610,280,1330,1600,730,3610,4340,1990,10230,12270,5630,30000,36000,16500,91360,109640,50250,289090,346910,159000)","2000","20","31020001","1","(0,70,70,70)","(0,80,80,80)","(50,50,50)","(-60,-1,1,60,-67,-1,1,67,-30,-1,1,30)","(100,100,100)","(-60,-1,1,60,-67,-1,1,67,-30,-1,1,30)","93000158","35011008"
"43020256","(5,6,10)","(90,100,50,200,250,110,510,610,280,1330,1600,730,3610,4340,1990,10230,12270,5630,30000,36000,16500,91360,109640,50250,289090,346910,159000)","2000","20","31020001","1","(0,70,70,70)","(0,80,80,80)","(50,50,50)","(-60,-1,1,60,-67,-1,1,67,-30,-1,1,30)","(100,100,100)","(-60,-1,1,60,-67,-1,1,67,-30,-1,1,30)","93000158","35011008"
"43020257","(5,6,10)","(90,100,50,200,250,110,510,610,280,1330,1600,730,3610,4340,1990,10230,12270,5630,30000,36000,16500,91360,109640,50250,289090,346910,159000)","2000","20","31020001","1","(0,70,70,70)","(0,80,80,80)","(50,50,50)","(-60,-1,1,60,-67,-1,1,67,-30,-1,1,30)","(100,100,100)","(-60,-1,1,60,-67,-1,1,67,-30,-1,1,30)","93000158","35011008"
"43020258","(5,6,10)","(90,100,50,200,250,110,510,610,280,1330,1600,730,3610,4340,1990,10230,12270,5630,30000,36000,16500,91360,109640,50250,289090,346910,159000)","2000","20","31020001","1","(0,70,70,70)","(0,80,80,80)","(50,50,50)","(-60,-1,1,60,-67,-1,1,67,-30,-1,1,30)","(100,100,100)","(-60,-1,1,60,-67,-1,1,67,-30,-1,1,30)","93000158","35011008"
"43020259","(5,6,10)","(90,100,50,200,250,110,510,610,280,1330,1600,730,3610,4340,1990,10230,12270,5630,30000,36000,16500,91360,109640,50250,289090,346910,159000)","2000","20","31020001","1","(0,70,70,70)","(0,80,80,80)","(50,50,50)","(-60,-1,1,60,-67,-1,1,67,-30,-1,1,30)","(100,100,100)","(-60,-1,1,60,-67,-1,1,67,-30,-1,1,30)","93000158","35011008"
"43020260","(5,6,10)","(90,100,50,200,250,110,510,610,280,1330,1600,730,3610,4340,1990,10230,12270,5630,30000,36000,16500,91360,109640,50250,289090,346910,159000)","2000","20","31020001","1","(0,70,70,70)","(0,80,80,80)","(50,50,50)","(-60,-1,1,60,-67,-1,1,67,-30,-1,1,30)","(100,100,100)","(-60,-1,1,60,-67,-1,1,67,-30,-1,1,30)","93000158","35011008"
"43020261","(5,6,10)","(90,100,50,200,250,110,510,610,280,1330,1600,730,3610,4340,1990,10230,12270,5630)","2000","20","31020001","1","(0,70,70,70)","(0,80,80,80)","(50,50,50)","(-60,-1,1,60,-67,-1,1,67,-30,-1,1,30)","(100,100,100)","(-60,-1,1,60,-67,-1,1,67,-30,-1,1,30)","93000158","35011008"
"43020262","(5,6,10)","(90,100,50,200,250,110,510,610,280,1330,1600,730,3610,4340,1990,10230,12270,5630,30000,36000,16500)","2000","20","31020001","1","(0,70,70,70)","(0,80,80,80)","(50,50,50)","(-60,-1,1,60,-67,-1,1,67,-30,-1,1,30)","(100,100,100)","(-60,-1,1,60,-67,-1,1,67,-30,-1,1,30)","93000158","35011008"
"43020263","(5,6,10)","(90,100,50,200,250,110,510,610,280,1330,1600,730,3610,4340,1990,10230,12270,5630,30000,36000,16500,91360,109640,50250)","2000","20","31020001","1","(0,70,70,70)","(0,80,80,80)","(50,50,50)","(-60,-1,1,60,-67,-1,1,67,-30,-1,1,30)","(100,100,100)","(-60,-1,1,60,-67,-1,1,67,-30,-1,1,30)","93000158","35011008"
"43020264","(5,6,10)","(90,100,50,200,250,110,510,610,280,1330,1600,730,3610,4340,1990,10230,12270,5630,30000,36000,16500,91360,109640,50250,289090,346910,159000)","2000","20","31020001","1","(0,70,70,70)","(0,80,80,80)","(50,50,50)","(-60,-1,1,60,-67,-1,1,67,-30,-1,1,30)","(100,100,100)","(-60,-1,1,60,-67,-1,1,67,-30,-1,1,30)","93000158","35011008"
"43020265","(5,6,10)","(90,100,50,200,250,110,510,610,280,1330,1600,730,3610,4340,1990,10230,12270,5630,30000,36000,16500,91360,109640,50250,289090,346910,159000)","2000","20","31020001","1","(0,70,70,70)","(0,80,80,80)","(50,50,50)","(-60,-1,1,60,-67,-1,1,67,-30,-1,1,30)","(100,100,100)","(-60,-1,1,60,-67,-1,1,67,-30,-1,1,30)","93000158","35011008"
"43020266","(5,6,10)","(90,100,50,200,250,110,510,610,280,1330,1600,730,3610,4340,1990,10230,12270,5630,30000,36000,16500,91360,109640,50250,289090,346910,159000)","2000","20","31020001","1","(0,70,70,70)","(0,80,80,80)","(50,50,50)","(-60,-1,1,60,-67,-1,1,67,-30,-1,1,30)","(100,100,100)","(-60,-1,1,60,-67,-1,1,67,-30,-1,1,30)","93000158","35011008"
"43020267","(5,6,10)","(90,100,50,200,250,110,510,610,280,1330,1600,730,3610,4340,1990,10230,12270,5630,30000,36000,16500,91360,109640,50250,289090,346910,159000)","2000","20","31020001","1","(0,70,70,70)","(0,80,80,80)","(50,50,50)","(-60,-1,1,60,-67,-1,1,67,-30,-1,1,30)","(100,100,100)","(-60,-1,1,60,-67,-1,1,67,-30,-1,1,30)","93000158","35011008"
"43020268","(5,6,10)","(90,100,50,200,250,110,510,610,280,1330,1600,730,3610,4340,1990,10230,12270,5630,30000,36000,16500,91360,109640,50250,289090,346910,159000)","2000","20","31020001","1","(0,70,70,70)","(0,80,80,80)","(50,50,50)","(-60,-1,1,60,-67,-1,1,67,-30,-1,1,30)","(100,100,100)","(-60,-1,1,60,-67,-1,1,67,-30,-1,1,30)","93000158","35011008"
"43020269","(5,6,10)","(90,100,50,200,250,110,510,610,280,1330,1600,730,3610,4340,1990,10230,12270,5630,30000,36000,16500,91360,109640,50250,289090,346910,159000)","2000","20","31020001","1","(0,70,70,70)","(0,80,80,80)","(50,50,50)","(-60,-1,1,60,-67,-1,1,67,-30,-1,1,30)","(100,100,100)","(-60,-1,1,60,-67,-1,1,67,-30,-1,1,30)","93000158","35011008"
"43020270","(5,6,10)","(90,100,50,200,250,110,510,610,280,1330,1600,730,3610,4340,1990,10230,12270,5630,30000,36000,16500,91360,109640,50250,289090,346910,159000)","2000","20","31020001","1","(0,70,70,70)","(0,80,80,80)","(50,50,50)","(-60,-1,1,60,-67,-1,1,67,-30,-1,1,30)","(100,100,100)","(-60,-1,1,60,-67,-1,1,67,-30,-1,1,30)","93000158","35011008"
"43020271","(5,6,10)","(90,100,50,200,250,110,510,610,280,1330,1600,730,3610,4340,1990,10230,12270,5630)","2000","20","31020001","1","(0,70,70,70)","(0,80,80,80)","(50,50,50)","(-60,-1,1,60,-67,-1,1,67,-30,-1,1,30)","(100,100,100)","(-60,-1,1,60,-67,-1,1,67,-30,-1,1,30)","93000158","35011008"
"43020272","(5,6,10)","(90,100,50,200,250,110,510,610,280,1330,1600,730,3610,4340,1990,10230,12270,5630,30000,36000,16500)","2000","20","31020001","1","(0,70,70,70)","(0,80,80,80)","(50,50,50)","(-60,-1,1,60,-67,-1,1,67,-30,-1,1,30)","(100,100,100)","(-60,-1,1,60,-67,-1,1,67,-30,-1,1,30)","93000158","35011008"
"43020273","(5,6,10)","(90,100,50,200,250,110,510,610,280,1330,1600,730,3610,4340,1990,10230,12270,5630,30000,36000,16500,91360,109640,50250)","2000","20","31020001","1","(0,70,70,70)","(0,80,80,80)","(50,50,50)","(-60,-1,1,60,-67,-1,1,67,-30,-1,1,30)","(100,100,100)","(-60,-1,1,60,-67,-1,1,67,-30,-1,1,30)","93000158","35011008"
"43020274","(5,6,10)","(90,100,50,200,250,110,510,610,280,1330,1600,730,3610,4340,1990,10230,12270,5630,30000,36000,16500,91360,109640,50250,289090,346910,159000)","2000","20","31020001","1","(0,70,70,70)","(0,80,80,80)","(50,50,50)","(-60,-1,1,60,-67,-1,1,67,-30,-1,1,30)","(100,100,100)","(-60,-1,1,60,-67,-1,1,67,-30,-1,1,30)","93000158","35011008"
"43020275","(5,6,10)","(90,100,50,200,250,110,510,610,280,1330,1600,730,3610,4340,1990,10230,12270,5630,30000,36000,16500,91360,109640,50250,289090,346910,159000)","2000","20","31020001","1","(0,70,70,70)","(0,80,80,80)","(50,50,50)","(-60,-1,1,60,-67,-1,1,67,-30,-1,1,30)","(100,100,100)","(-60,-1,1,60,-67,-1,1,67,-30,-1,1,30)","93000158","35011008"
"43020276","(5,6,10)","(90,100,50,200,250,110,510,610,280,1330,1600,730,3610,4340,1990,10230,12270,5630,30000,36000,16500,91360,109640,50250,289090,346910,159000)","2000","20","31020001","1","(0,70,70,70)","(0,80,80,80)","(50,50,50)","(-60,-1,1,60,-67,-1,1,67,-30,-1,1,30)","(100,100,100)","(-60,-1,1,60,-67,-1,1,67,-30,-1,1,30)","93000158","35011008"
"43020277","(5,6,10)","(90,100,50,200,250,110,510,610,280,1330,1600,730,3610,4340,1990,10230,12270,5630,30000,36000,16500,91360,109640,50250,289090,346910,159000)","2000","20","31020001","1","(0,70,70,70)","(0,80,80,80)","(50,50,50)","(-60,-1,1,60,-67,-1,1,67,-30,-1,1,30)","(100,100,100)","(-60,-1,1,60,-67,-1,1,67,-30,-1,1,30)","93000158","35011008"
"43020278","(5,6,10)","(90,100,50,200,250,110,510,610,280,1330,1600,730,3610,4340,1990,10230,12270,5630,30000,36000,16500,91360,109640,50250,289090,346910,159000)","2000","20","31020001","1","(0,70,70,70)","(0,80,80,80)","(50,50,50)","(-60,-1,1,60,-67,-1,1,67,-30,-1,1,30)","(100,100,100)","(-60,-1,1,60,-67,-1,1,67,-30,-1,1,30)","93000158","35011008"
"43020279","(5,6,10)","(90,100,50,200,250,110,510,610,280,1330,1600,730,3610,4340,1990,10230,12270,5630,30000,36000,16500,91360,109640,50250,289090,346910,159000)","2000","20","31020001","1","(0,70,70,70)","(0,80,80,80)","(50,50,50)","(-60,-1,1,60,-67,-1,1,67,-30,-1,1,30)","(100,100,100)","(-60,-1,1,60,-67,-1,1,67,-30,-1,1,30)","93000158","35011008"
"43020280","(5,6,10)","(90,100,50,200,250,110,510,610,280,1330,1600,730,3610,4340,1990,10230,12270,5630,30000,36000,16500,91360,109640,50250,289090,346910,159000)","2000","20","31020001","1","(0,70,70,70)","(0,80,80,80)","(50,50,50)","(-60,-1,1,60,-67,-1,1,67,-30,-1,1,30)","(100,100,100)","(-60,-1,1,60,-67,-1,1,67,-30,-1,1,30)","93000158","35011008"
"43030001","(8,7,12)","(0,0,0)","2000","20","31020001","1","(0,70,70,70)","(0,80,80,80)","(50,50,50)","(-374,-1,1,374,-187,-1,1,187,-60,-1,1,60)","(100,100,100)","(-374,-1,1,374,-187,-1,1,187,-60,-1,1,60)","","35011008"
"43030002","(8,7,12)","(560,280,90)","2000","20","31020001","1","(0,70,70,70)","(0,80,80,80)","(50,50,50)","(-374,-1,1,374,-187,-1,1,187,-60,-1,1,60)","(100,100,100)","(-374,-1,1,374,-187,-1,1,187,-60,-1,1,60)","93000037","35011008"
"43030003","(8,7,12)","(560,280,90)","2000","20","31020001","1","(0,70,70,70)","(0,80,80,80)","(50,50,50)","(-374,-1,1,374,-187,-1,1,187,-60,-1,1,60)","(100,100,100)","(-374,-1,1,374,-187,-1,1,187,-60,-1,1,60)","93000037","35011008"
"43030004","(8,7,12)","(560,280,90)","2000","20","31020001","1","(0,70,70,70)","(0,80,80,80)","(50,50,50)","(-374,-1,1,374,-187,-1,1,187,-60,-1,1,60)","(100,100,100)","(-374,-1,1,374,-187,-1,1,187,-60,-1,1,60)","93000037","35011008"
"43030005","(8,7,12)","(560,280,90,1350,680,230,3380,1690,560)","2000","20","31020001","1","(0,70,70,70)","(0,80,80,80)","(50,50,50)","(-374,-1,1,374,-187,-1,1,187,-60,-1,1,60)","(100,100,100)","(-374,-1,1,374,-187,-1,1,187,-60,-1,1,60)","93000158","35011008"
"43030006","(8,7,12)","(560,280,90,1350,680,230,3380,1690,560,8780,4390,1460,23850,11930,3980)","2000","20","31020001","1","(0,70,70,70)","(0,80,80,80)","(50,50,50)","(-374,-1,1,374,-187,-1,1,187,-60,-1,1,60)","(100,100,100)","(-374,-1,1,374,-187,-1,1,187,-60,-1,1,60)","93000158","35011008"
"43030007","(8,7,12)","(0,0,0)","2000","20","31020001","1","(0,70,70,70)","(0,80,80,80)","(50,50,50)","(-374,-1,1,374,-187,-1,1,187,-60,-1,1,60)","(100,100,100)","(-374,-1,1,374,-187,-1,1,187,-60,-1,1,60)","93000037","35011008"
"43030008","(8,7,12)","(560,280,90)","2000","20","31020001","1","(0,70,70,70)","(0,80,80,80)","(50,50,50)","(-374,-1,1,374,-187,-1,1,187,-60,-1,1,60)","(100,100,100)","(-374,-1,1,374,-187,-1,1,187,-60,-1,1,60)","93000037","35011008"
"43030009","(8,7,12)","(560,280,90)","2000","20","31020001","1","(0,70,70,70)","(0,80,80,80)","(50,50,50)","(-374,-1,1,374,-187,-1,1,187,-60,-1,1,60)","(100,100,100)","(-374,-1,1,374,-187,-1,1,187,-60,-1,1,60)","93000037","35011008"
"43030010","(8,7,12)","(560,280,90,1350,680,230)","2000","20","31020001","1","(0,70,70,70)","(0,80,80,80)","(50,50,50)","(-374,-1,1,374,-187,-1,1,187,-60,-1,1,60)","(100,100,100)","(-374,-1,1,374,-187,-1,1,187,-60,-1,1,60)","93000037","35011008"
"43030011","(8,7,12)","(560,280,90,1350,680,230,3380,1690,560,8780,4390,1460)","2000","20","31020001","1","(0,70,70,70)","(0,80,80,80)","(50,50,50)","(-374,-1,1,374,-187,-1,1,187,-60,-1,1,60)","(100,100,100)","(-374,-1,1,374,-187,-1,1,187,-60,-1,1,60)","93000158","35011008"
"43030012","(8,7,12)","(560,280,90,1350,680,230,3380,1690,560,8780,4390,1460,23850,11930,3980,67500,33750,11250)","2000","20","31020001","1","(0,70,70,70)","(0,80,80,80)","(50,50,50)","(-374,-1,1,374,-187,-1,1,187,-60,-1,1,60)","(100,100,100)","(-374,-1,1,374,-187,-1,1,187,-60,-1,1,60)","93000158","35011008"
"43030013","(8,7,12)","(0,0,0)","2000","20","31020001","1","(0,70,70,70)","(0,80,80,80)","(50,50,50)","(-374,-1,1,374,-187,-1,1,187,-60,-1,1,60)","(100,100,100)","(-374,-1,1,374,-187,-1,1,187,-60,-1,1,60)","93000037","35011008"
"43030014","(8,7,12)","(560,280,90)","2000","20","31020001","1","(0,70,70,70)","(0,80,80,80)","(50,50,50)","(-374,-1,1,374,-187,-1,1,187,-60,-1,1,60)","(100,100,100)","(-374,-1,1,374,-187,-1,1,187,-60,-1,1,60)","93000037","35011008"
"43030015","(8,7,12)","(560,280,90,1350,680,230)","2000","20","31020001","1","(0,70,70,70)","(0,80,80,80)","(50,50,50)","(-374,-1,1,374,-187,-1,1,187,-60,-1,1,60)","(100,100,100)","(-374,-1,1,374,-187,-1,1,187,-60,-1,1,60)","93000037","35011008"
"43030016","(8,7,12)","(560,280,90,1350,680,230,3380,1690,560)","2000","20","31020001","1","(0,70,70,70)","(0,80,80,80)","(50,50,50)","(-374,-1,1,374,-187,-1,1,187,-60,-1,1,60)","(100,100,100)","(-374,-1,1,374,-187,-1,1,187,-60,-1,1,60)","93000037","35011008"
"43030017","(8,7,12)","(560,280,90,1350,680,230,3380,1690,560,8780,4390,1460,23850,11930,3980)","2000","20","31020001","1","(0,70,70,70)","(0,80,80,80)","(50,50,50)","(-374,-1,1,374,-187,-1,1,187,-60,-1,1,60)","(100,100,100)","(-374,-1,1,374,-187,-1,1,187,-60,-1,1,60)","93000158","35011008"
"43030018","(8,7,12)","(560,280,90,1350,680,230,3380,1690,560,8780,4390,1460,23850,11930,3980,67500,33750,11250,198000,99000,33000)","2000","20","31020001","1","(0,70,70,70)","(0,80,80,80)","(50,50,50)","(-374,-1,1,374,-187,-1,1,187,-60,-1,1,60)","(100,100,100)","(-374,-1,1,374,-187,-1,1,187,-60,-1,1,60)","93000158","35011008"
"43030019","(8,7,12)","(0,0,0)","2000","20","31020001","1","(0,70,70,70)","(0,80,80,80)","(50,50,50)","(-374,-1,1,374,-187,-1,1,187,-60,-1,1,60)","(100,100,100)","(-374,-1,1,374,-187,-1,1,187,-60,-1,1,60)","93000037","35011008"
"43030020","(8,7,12)","(560,280,90,1350,680,230)","2000","20","31020001","1","(0,70,70,70)","(0,80,80,80)","(50,50,50)","(-374,-1,1,374,-187,-1,1,187,-60,-1,1,60)","(100,100,100)","(-374,-1,1,374,-187,-1,1,187,-60,-1,1,60)","93000037","35011008"
"43030021","(8,7,12)","(560,280,90,1350,680,230,3380,1690,560)","2000","20","31020001","1","(0,70,70,70)","(0,80,80,80)","(50,50,50)","(-374,-1,1,374,-187,-1,1,187,-60,-1,1,60)","(100,100,100)","(-374,-1,1,374,-187,-1,1,187,-60,-1,1,60)","93000037","35011008"
"43030022","(8,7,12)","(560,280,90,1350,680,230,3380,1690,560,8780,4390,1460)","2000","20","31020001","1","(0,70,70,70)","(0,80,80,80)","(50,50,50)","(-374,-1,1,374,-187,-1,1,187,-60,-1,1,60)","(100,100,100)","(-374,-1,1,374,-187,-1,1,187,-60,-1,1,60)","93000037","35011008"
"43030023","(8,7,12)","(560,280,90,1350,680,230,3380,1690,560,8780,4390,1460,23850,11930,3980,67500,33750,11250)","2000","20","31020001","1","(0,70,70,70)","(0,80,80,80)","(50,50,50)","(-374,-1,1,374,-187,-1,1,187,-60,-1,1,60)","(100,100,100)","(-374,-1,1,374,-187,-1,1,187,-60,-1,1,60)","93000158","35011008"
"43030024","(8,7,12)","(560,280,90,1350,680,230,3380,1690,560,8780,4390,1460,23850,11930,3980,67500,33750,11250,198000,99000,33000)","2000","20","31020001","1","(0,70,70,70)","(0,80,80,80)","(50,50,50)","(-374,-1,1,374,-187,-1,1,187,-60,-1,1,60)","(100,100,100)","(-374,-1,1,374,-187,-1,1,187,-60,-1,1,60)","93000158","35011008"
"43030025","(8,7,12)","(0,0,0)","2000","20","31020001","1","(0,70,70,70)","(0,80,80,80)","(50,50,50)","(-374,-1,1,374,-187,-1,1,187,-60,-1,1,60)","(100,100,100)","(-374,-1,1,374,-187,-1,1,187,-60,-1,1,60)","93000037","35011008"
"43030026","(8,7,12)","(560,280,90,1350,680,230,3380,1690,560","2000","20","31020001","1","(0,70,70,70)","(0,80,80,80)","(50,50,50)","(-374,-1,1,374,-187,-1,1,187,-60,-1,1,60)","(100,100,100)","(-374,-1,1,374,-187,-1,1,187,-60,-1,1,60)","93000037","35011008"
"43030027","(8,7,12)","(560,280,90,1350,680,230,3380,1690,560,8780,4390,1460)","2000","20","31020001","1","(0,70,70,70)","(0,80,80,80)","(50,50,50)","(-374,-1,1,374,-187,-1,1,187,-60,-1,1,60)","(100,100,100)","(-374,-1,1,374,-187,-1,1,187,-60,-1,1,60)","93000037","35011008"
"43030028","(8,7,12)","(560,280,90,1350,680,230,3380,1690,560,8780,4390,1460,23850,11930,3980)","2000","20","31020001","1","(0,70,70,70)","(0,80,80,80)","(50,50,50)","(-374,-1,1,374,-187,-1,1,187,-60,-1,1,60)","(100,100,100)","(-374,-1,1,374,-187,-1,1,187,-60,-1,1,60)","93000037","35011008"
"43030029","(8,7,12)","(560,280,90,1350,680,230,3380,1690,560,8780,4390,1460,23850,11930,3980,67500,33750,11250,198000,99000,33000)","2000","20","31020001","1","(0,70,70,70)","(0,80,80,80)","(50,50,50)","(-374,-1,1,374,-187,-1,1,187,-60,-1,1,60)","(100,100,100)","(-374,-1,1,374,-187,-1,1,187,-60,-1,1,60)","93000158","35011008"
"43030030","(8,7,12)","(560,280,90,1350,680,230,3380,1690,560,8780,4390,1460,23850,11930,3980,67500,33750,11250,198000,99000,33000)","2000","20","31020001","1","(0,70,70,70)","(0,80,80,80)","(50,50,50)","(-374,-1,1,374,-187,-1,1,187,-60,-1,1,60)","(100,100,100)","(-374,-1,1,374,-187,-1,1,187,-60,-1,1,60)","93000158","35011008"
"43030031","(8,7,12)","(0,0,0)","2000","20","31020001","1","(0,70,70,70)","(0,80,80,80)","(50,50,50)","(-374,-1,1,374,-187,-1,1,187,-60,-1,1,60)","(100,100,100)","(-374,-1,1,374,-187,-1,1,187,-60,-1,1,60)","93000037","35011008"
"43030032","(8,7,12)","(560,280,90,1350,680,230,3380,1690,560,8780,4390,1460)","2000","20","31020001","1","(0,70,70,70)","(0,80,80,80)","(50,50,50)","(-374,-1,1,374,-187,-1,1,187,-60,-1,1,60)","(100,100,100)","(-374,-1,1,374,-187,-1,1,187,-60,-1,1,60)","93000037","35011008"
"43030033","(8,7,12)","(560,280,90,1350,680,230,3380,1690,560,8780,4390,1460,23850,11930,3980)","2000","20","31020001","1","(0,70,70,70)","(0,80,80,80)","(50,50,50)","(-374,-1,1,374,-187,-1,1,187,-60,-1,1,60)","(100,100,100)","(-374,-1,1,374,-187,-1,1,187,-60,-1,1,60)","93000037","35011008"
"43030034","(8,7,12)","(560,280,90,1350,680,230,3380,1690,560,8780,4390,1460,23850,11930,3980,67500,33750,11250)","2000","20","31020001","1","(0,70,70,70)","(0,80,80,80)","(50,50,50)","(-374,-1,1,374,-187,-1,1,187,-60,-1,1,60)","(100,100,100)","(-374,-1,1,374,-187,-1,1,187,-60,-1,1,60)","93000037","35011008"
"43030035","(8,7,12)","(560,280,90,1350,680,230,3380,1690,560,8780,4390,1460,23850,11930,3980,67500,33750,11250,198000,99000,33000)","2000","20","31020001","1","(0,70,70,70)","(0,80,80,80)","(50,50,50)","(-374,-1,1,374,-187,-1,1,187,-60,-1,1,60)","(100,100,100)","(-374,-1,1,374,-187,-1,1,187,-60,-1,1,60)","93000158","35011008"
"43030036","(8,7,12)","(560,280,90,1350,680,230,3380,1690,560,8780,4390,1460,23850,11930,3980,67500,33750,11250,198000,99000,33000,603000,301500,100500)","2000","20","31020001","1","(0,70,70,70)","(0,80,80,80)","(50,50,50)","(-374,-1,1,374,-187,-1,1,187,-60,-1,1,60)","(100,100,100)","(-374,-1,1,374,-187,-1,1,187,-60,-1,1,60)","93000158","35011008"
"43030037","(8,7,12)","(0,0,0)","2000","20","31020001","1","(0,70,70,70)","(0,80,80,80)","(50,50,50)","(-374,-1,1,374,-187,-1,1,187,-60,-1,1,60)","(100,100,100)","(-374,-1,1,374,-187,-1,1,187,-60,-1,1,60)","93000037","35011008"
"43030038","(8,7,12)","(560,280,90,1350,680,230,3380,1690,560,8780,4390,1460,23850,11930,3980)","2000","20","31020001","1","(0,70,70,70)","(0,80,80,80)","(50,50,50)","(-374,-1,1,374,-187,-1,1,187,-60,-1,1,60)","(100,100,100)","(-374,-1,1,374,-187,-1,1,187,-60,-1,1,60)","93000037","35011008"
"43030039","(8,7,12)","(560,280,90,1350,680,230,3380,1690,560,8780,4390,1460,23850,11930,3980,67500,33750,11250)","2000","20","31020001","1","(0,70,70,70)","(0,80,80,80)","(50,50,50)","(-374,-1,1,374,-187,-1,1,187,-60,-1,1,60)","(100,100,100)","(-374,-1,1,374,-187,-1,1,187,-60,-1,1,60)","93000037","35011008"
"43030040","(8,7,12)","(560,280,90,1350,680,230,3380,1690,560,8780,4390,1460,23850,11930,3980,67500,33750,11250,198000,99000,33000)","2000","20","31020001","1","(0,70,70,70)","(0,80,80,80)","(50,50,50)","(-374,-1,1,374,-187,-1,1,187,-60,-1,1,60)","(100,100,100)","(-374,-1,1,374,-187,-1,1,187,-60,-1,1,60)","93000037","35011008"
"43030041","(8,7,12)","(560,280,90,1350,680,230,3380,1690,560,8780,4390,1460,23850,11930,3980,67500,33750,11250,198000,99000,33000,603000,301500,100500)","2000","20","31020001","1","(0,70,70,70)","(0,80,80,80)","(50,50,50)","(-374,-1,1,374,-187,-1,1,187,-60,-1,1,60)","(100,100,100)","(-374,-1,1,374,-187,-1,1,187,-60,-1,1,60)","93000158","35011008"
"43030042","(8,7,12)","(560,280,90,1350,680,230,3380,1690,560,8780,4390,1460,23850,11930,3980,67500,33750,11250,198000,99000,33000,603000,301500,100500,1908000,954000,318000)","2000","20","31020001","1","(0,70,70,70)","(0,80,80,80)","(50,50,50)","(-374,-1,1,374,-187,-1,1,187,-60,-1,1,60)","(100,100,100)","(-374,-1,1,374,-187,-1,1,187,-60,-1,1,60)","93000158","35011008"
"43030043","(8,7,12)","(0,0,0)","2000","20","31020001","1","(0,70,70,70)","(0,80,80,80)","(50,50,50)","(-374,-1,1,374,-187,-1,1,187,-60,-1,1,60)","(100,100,100)","(-374,-1,1,374,-187,-1,1,187,-60,-1,1,60)","93000037","35011008"
"43030044","(8,7,12)","(560,280,90,1350,680,230,3380,1690,560,8780,4390,1460,23850,11930,3980,67500,33750,11250)","2000","20","31020001","1","(0,70,70,70)","(0,80,80,80)","(50,50,50)","(-374,-1,1,374,-187,-1,1,187,-60,-1,1,60)","(100,100,100)","(-374,-1,1,374,-187,-1,1,187,-60,-1,1,60)","93000037","35011008"
"43030045","(8,7,12)","(560,280,90,1350,680,230,3380,1690,560,8780,4390,1460,23850,11930,3980,67500,33750,11250,198000,99000,33000)","2000","20","31020001","1","(0,70,70,70)","(0,80,80,80)","(50,50,50)","(-374,-1,1,374,-187,-1,1,187,-60,-1,1,60)","(100,100,100)","(-374,-1,1,374,-187,-1,1,187,-60,-1,1,60)","93000037","35011008"
"43030046","(8,7,12)","(560,280,90,1350,680,230,3380,1690,560,8780,4390,1460,23850,11930,3980,67500,33750,11250,198000,99000,33000,603000,301500,100500)","2000","20","31020001","1","(0,70,70,70)","(0,80,80,80)","(50,50,50)","(-374,-1,1,374,-187,-1,1,187,-60,-1,1,60)","(100,100,100)","(-374,-1,1,374,-187,-1,1,187,-60,-1,1,60)","93000037","35011008"
"43030047","(8,7,12)","(560,280,90,1350,680,230,3380,1690,560,8780,4390,1460,23850,11930,3980,67500,33750,11250,198000,99000,33000,603000,301500,100500,1908000,954000,318000)","2000","20","31020001","1","(0,70,70,70)","(0,80,80,80)","(50,50,50)","(-374,-1,1,374,-187,-1,1,187,-60,-1,1,60)","(100,100,100)","(-374,-1,1,374,-187,-1,1,187,-60,-1,1,60)","93000158","35011008"
"43030048","(8,7,12)","(560,280,90,1350,680,230,3380,1690,560,8780,4390,1460,23850,11930,3980,67500,33750,11250,198000,99000,33000,603000,301500,100500,1908000,954000,318000)","2000","20","31020001","1","(0,70,70,70)","(0,80,80,80)","(50,50,50)","(-374,-1,1,374,-187,-1,1,187,-60,-1,1,60)","(100,100,100)","(-374,-1,1,374,-187,-1,1,187,-60,-1,1,60)","93000158","35011008"
"43030049","(8,7,12)","(0,0,0)","2000","20","31020001","1","(0,70,70,70)","(0,80,80,80)","(50,50,50)","(-374,-1,1,374,-187,-1,1,187,-60,-1,1,60)","(100,100,100)","(-374,-1,1,374,-187,-1,1,187,-60,-1,1,60)","93000037","35011008"
"43030050","(8,7,12)","(560,280,90,1350,680,230,3380,1690,560,8780,4390,1460,23850,11930,3980,67500,33750,11250,198000,99000,33000)","2000","20","31020001","1","(0,70,70,70)","(0,80,80,80)","(50,50,50)","(-374,-1,1,374,-187,-1,1,187,-60,-1,1,60)","(100,100,100)","(-374,-1,1,374,-187,-1,1,187,-60,-1,1,60)","93000037","35011008"
"43030051","(8,7,12)","(560,280,90,1350,680,230,3380,1690,560,8780,4390,1460,23850,11930,3980,67500,33750,11250,198000,99000,33000,603000,301500,100500)","2000","20","31020001","1","(0,70,70,70)","(0,80,80,80)","(50,50,50)","(-374,-1,1,374,-187,-1,1,187,-60,-1,1,60)","(100,100,100)","(-374,-1,1,374,-187,-1,1,187,-60,-1,1,60)","93000037","35011008"
"43030052","(8,7,12)","(560,280,90,1350,680,230,3380,1690,560,8780,4390,1460,23850,11930,3980,67500,33750,11250,198000,99000,33000,603000,301500,100500,1908000,954000,318000)","2000","20","31020001","1","(0,70,70,70)","(0,80,80,80)","(50,50,50)","(-374,-1,1,374,-187,-1,1,187,-60,-1,1,60)","(100,100,100)","(-374,-1,1,374,-187,-1,1,187,-60,-1,1,60)","93000037","35011008"
"43030053","(8,7,12)","(560,280,90,1350,680,230,3380,1690,560,8780,4390,1460,23850,11930,3980,67500,33750,11250,198000,99000,33000,603000,301500,100500,1908000,954000,318000)","2000","20","31020001","1","(0,70,70,70)","(0,80,80,80)","(50,50,50)","(-374,-1,1,374,-187,-1,1,187,-60,-1,1,60)","(100,100,100)","(-374,-1,1,374,-187,-1,1,187,-60,-1,1,60)","93000158","35011008"
"43030054","(8,7,12)","(560,280,90,1350,680,230,3380,1690,560,8780,4390,1460,23850,11930,3980,67500,33750,11250,198000,99000,33000,603000,301500,100500,1908000,954000,318000)","2000","20","31020001","1","(0,70,70,70)","(0,80,80,80)","(50,50,50)","(-374,-1,1,374,-187,-1,1,187,-60,-1,1,60)","(100,100,100)","(-374,-1,1,374,-187,-1,1,187,-60,-1,1,60)","93000158","35011008"
"43030055","(8,7,12)","(0,0,0)","2000","20","31020001","1","(0,70,70,70)","(0,80,80,80)","(50,50,50)","(-374,-1,1,374,-187,-1,1,187,-60,-1,1,60)","(100,100,100)","(-374,-1,1,374,-187,-1,1,187,-60,-1,1,60)","93000037","35011008"
"43030056","(8,7,12)","(560,280,90,1350,680,230,3380,1690,560,8780,4390,1460,23850,11930,3980,67500,33750,11250,198000,99000,33000,603000,301500,100500)","2000","20","31020001","1","(0,70,70,70)","(0,80,80,80)","(50,50,50)","(-374,-1,1,374,-187,-1,1,187,-60,-1,1,60)","(100,100,100)","(-374,-1,1,374,-187,-1,1,187,-60,-1,1,60)","93000037","35011008"
"43030057","(8,7,12)","(560,280,90,1350,680,230,3380,1690,560,8780,4390,1460,23850,11930,3980,67500,33750,11250,198000,99000,33000,603000,301500,100500,1908000,954000,318000)","2000","20","31020001","1","(0,70,70,70)","(0,80,80,80)","(50,50,50)","(-374,-1,1,374,-187,-1,1,187,-60,-1,1,60)","(100,100,100)","(-374,-1,1,374,-187,-1,1,187,-60,-1,1,60)","93000037","35011008"
"43030058","(8,7,12)","(560,280,90,1350,680,230,3380,1690,560,8780,4390,1460,23850,11930,3980,67500,33750,11250,198000,99000,33000,603000,301500,100500,1908000,954000,318000)","2000","20","31020001","1","(0,70,70,70)","(0,80,80,80)","(50,50,50)","(-374,-1,1,374,-187,-1,1,187,-60,-1,1,60)","(100,100,100)","(-374,-1,1,374,-187,-1,1,187,-60,-1,1,60)","93000037","35011008"
"43030059","(8,7,12)","(560,280,90,1350,680,230,3380,1690,560,8780,4390,1460,23850,11930,3980,67500,33750,11250,198000,99000,33000,603000,301500,100500,1908000,954000,318000)","2000","20","31020001","1","(0,70,70,70)","(0,80,80,80)","(50,50,50)","(-374,-1,1,374,-187,-1,1,187,-60,-1,1,60)","(100,100,100)","(-374,-1,1,374,-187,-1,1,187,-60,-1,1,60)","93000158","35011008"
"43030060","(8,7,12)","(560,280,90,1350,680,230,3380,1690,560,8780,4390,1460,23850,11930,3980,67500,33750,11250,198000,99000,33000,603000,301500,100500,1908000,954000,318000)","2000","20","31020001","1","(0,70,70,70)","(0,80,80,80)","(50,50,50)","(-374,-1,1,374,-187,-1,1,187,-60,-1,1,60)","(100,100,100)","(-374,-1,1,374,-187,-1,1,187,-60,-1,1,60)","93000158","35011008"
"43030061","(8,7,12)","(0,0,0)","2000","20","31020001","1","(0,70,70,70)","(0,80,80,80)","(50,50,50)","(-374,-1,1,374,-187,-1,1,187,-60,-1,1,60)","(100,100,100)","(-374,-1,1,374,-187,-1,1,187,-60,-1,1,60)","93000037","35011008"
"43030062","(8,7,12)","(560,280,90)","2000","20","31020001","1","(0,70,70,70)","(0,80,80,80)","(50,50,50)","(-374,-1,1,374,-187,-1,1,187,-60,-1,1,60)","(100,100,100)","(-374,-1,1,374,-187,-1,1,187,-60,-1,1,60)","93000037","35011008"
"43030063","(8,7,12)","(560,280,90)","2000","20","31020001","1","(0,70,70,70)","(0,80,80,80)","(50,50,50)","(-374,-1,1,374,-187,-1,1,187,-60,-1,1,60)","(100,100,100)","(-374,-1,1,374,-187,-1,1,187,-60,-1,1,60)","93000037","35011008"
"43030064","(8,7,12)","(560,280,90)","2000","20","31020001","1","(0,70,70,70)","(0,80,80,80)","(50,50,50)","(-374,-1,1,374,-187,-1,1,187,-60,-1,1,60)","(100,100,100)","(-374,-1,1,374,-187,-1,1,187,-60,-1,1,60)","93000037","35011008"
"43030065","(8,7,12)","(560,280,90,1350,680,230,3380,1690,560)","2000","20","31020001","1","(0,70,70,70)","(0,80,80,80)","(50,50,50)","(-374,-1,1,374,-187,-1,1,187,-60,-1,1,60)","(100,100,100)","(-374,-1,1,374,-187,-1,1,187,-60,-1,1,60)","93000158","35011008"
"43030066","(8,7,12)","(560,280,90,1350,680,230,3380,1690,560,8780,4390,1460,23850,11930,3980)","2000","20","31020001","1","(0,70,70,70)","(0,80,80,80)","(50,50,50)","(-374,-1,1,374,-187,-1,1,187,-60,-1,1,60)","(100,100,100)","(-374,-1,1,374,-187,-1,1,187,-60,-1,1,60)","93000158","35011008"
"43030067","(8,7,12)","(0,0,0)","2000","20","31020001","1","(0,70,70,70)","(0,80,80,80)","(50,50,50)","(-374,-1,1,374,-187,-1,1,187,-60,-1,1,60)","(100,100,100)","(-374,-1,1,374,-187,-1,1,187,-60,-1,1,60)","93000037","35011008"
"43030068","(8,7,12)","(560,280,90)","2000","20","31020001","1","(0,70,70,70)","(0,80,80,80)","(50,50,50)","(-374,-1,1,374,-187,-1,1,187,-60,-1,1,60)","(100,100,100)","(-374,-1,1,374,-187,-1,1,187,-60,-1,1,60)","93000037","35011008"
"43030069","(8,7,12)","(560,280,90)","2000","20","31020001","1","(0,70,70,70)","(0,80,80,80)","(50,50,50)","(-374,-1,1,374,-187,-1,1,187,-60,-1,1,60)","(100,100,100)","(-374,-1,1,374,-187,-1,1,187,-60,-1,1,60)","93000037","35011008"
"43030070","(8,7,12)","(560,280,90,1350,680,230)","2000","20","31020001","1","(0,70,70,70)","(0,80,80,80)","(50,50,50)","(-374,-1,1,374,-187,-1,1,187,-60,-1,1,60)","(100,100,100)","(-374,-1,1,374,-187,-1,1,187,-60,-1,1,60)","93000037","35011008"
"43030071","(8,7,12)","(560,280,90,1350,680,230,3380,1690,560,8780,4390,1460)","2000","20","31020001","1","(0,70,70,70)","(0,80,80,80)","(50,50,50)","(-374,-1,1,374,-187,-1,1,187,-60,-1,1,60)","(100,100,100)","(-374,-1,1,374,-187,-1,1,187,-60,-1,1,60)","93000158","35011008"
"43030072","(8,7,12)","(560,280,90,1350,680,230,3380,1690,560,8780,4390,1460,23850,11930,3980,67500,33750,11250)","2000","20","31020001","1","(0,70,70,70)","(0,80,80,80)","(50,50,50)","(-374,-1,1,374,-187,-1,1,187,-60,-1,1,60)","(100,100,100)","(-374,-1,1,374,-187,-1,1,187,-60,-1,1,60)","93000158","35011008"
"43030073","(8,7,12)","(0,0,0)","2000","20","31020001","1","(0,70,70,70)","(0,80,80,80)","(50,50,50)","(-374,-1,1,374,-187,-1,1,187,-60,-1,1,60)","(100,100,100)","(-374,-1,1,374,-187,-1,1,187,-60,-1,1,60)","93000037","35011008"
"43030074","(8,7,12)","(560,280,90)","2000","20","31020001","1","(0,70,70,70)","(0,80,80,80)","(50,50,50)","(-374,-1,1,374,-187,-1,1,187,-60,-1,1,60)","(100,100,100)","(-374,-1,1,374,-187,-1,1,187,-60,-1,1,60)","93000037","35011008"
"43030075","(8,7,12)","(560,280,90,1350,680,230)","2000","20","31020001","1","(0,70,70,70)","(0,80,80,80)","(50,50,50)","(-374,-1,1,374,-187,-1,1,187,-60,-1,1,60)","(100,100,100)","(-374,-1,1,374,-187,-1,1,187,-60,-1,1,60)","93000037","35011008"
"43030076","(8,7,12)","(560,280,90,1350,680,230,3380,1690,560)","2000","20","31020001","1","(0,70,70,70)","(0,80,80,80)","(50,50,50)","(-374,-1,1,374,-187,-1,1,187,-60,-1,1,60)","(100,100,100)","(-374,-1,1,374,-187,-1,1,187,-60,-1,1,60)","93000037","35011008"
"43030077","(8,7,12)","(560,280,90,1350,680,230,3380,1690,560,8780,4390,1460,23850,11930,3980)","2000","20","31020001","1","(0,70,70,70)","(0,80,80,80)","(50,50,50)","(-374,-1,1,374,-187,-1,1,187,-60,-1,1,60)","(100,100,100)","(-374,-1,1,374,-187,-1,1,187,-60,-1,1,60)","93000158","35011008"
"43030078","(8,7,12)","(560,280,90,1350,680,230,3380,1690,560,8780,4390,1460,23850,11930,3980,67500,33750,11250,198000,99000,33000)","2000","20","31020001","1","(0,70,70,70)","(0,80,80,80)","(50,50,50)","(-374,-1,1,374,-187,-1,1,187,-60,-1,1,60)","(100,100,100)","(-374,-1,1,374,-187,-1,1,187,-60,-1,1,60)","93000158","35011008"
"43030079","(8,7,12)","(0,0,0)","2000","20","31020001","1","(0,70,70,70)","(0,80,80,80)","(50,50,50)","(-374,-1,1,374,-187,-1,1,187,-60,-1,1,60)","(100,100,100)","(-374,-1,1,374,-187,-1,1,187,-60,-1,1,60)","93000037","35011008"
"43030080","(8,7,12)","(560,280,90,1350,680,230)","2000","20","31020001","1","(0,70,70,70)","(0,80,80,80)","(50,50,50)","(-374,-1,1,374,-187,-1,1,187,-60,-1,1,60)","(100,100,100)","(-374,-1,1,374,-187,-1,1,187,-60,-1,1,60)","93000037","35011008"
"43030081","(8,7,12)","(560,280,90,1350,680,230,3380,1690,560)","2000","20","31020001","1","(0,70,70,70)","(0,80,80,80)","(50,50,50)","(-374,-1,1,374,-187,-1,1,187,-60,-1,1,60)","(100,100,100)","(-374,-1,1,374,-187,-1,1,187,-60,-1,1,60)","93000037","35011008"
"43030082","(8,7,12)","(560,280,90,1350,680,230,3380,1690,560,8780,4390,1460)","2000","20","31020001","1","(0,70,70,70)","(0,80,80,80)","(50,50,50)","(-374,-1,1,374,-187,-1,1,187,-60,-1,1,60)","(100,100,100)","(-374,-1,1,374,-187,-1,1,187,-60,-1,1,60)","93000037","35011008"
"43030083","(8,7,12)","(560,280,90,1350,680,230,3380,1690,560,8780,4390,1460,23850,11930,3980,67500,33750,11250)","2000","20","31020001","1","(0,70,70,70)","(0,80,80,80)","(50,50,50)","(-374,-1,1,374,-187,-1,1,187,-60,-1,1,60)","(100,100,100)","(-374,-1,1,374,-187,-1,1,187,-60,-1,1,60)","93000158","35011008"
"43030084","(8,7,12)","(560,280,90,1350,680,230,3380,1690,560,8780,4390,1460,23850,11930,3980,67500,33750,11250,198000,99000,33000)","2000","20","31020001","1","(0,70,70,70)","(0,80,80,80)","(50,50,50)","(-374,-1,1,374,-187,-1,1,187,-60,-1,1,60)","(100,100,100)","(-374,-1,1,374,-187,-1,1,187,-60,-1,1,60)","93000158","35011008"
"43030085","(8,7,12)","(0,0,0)","2000","20","31020001","1","(0,70,70,70)","(0,80,80,80)","(50,50,50)","(-374,-1,1,374,-187,-1,1,187,-60,-1,1,60)","(100,100,100)","(-374,-1,1,374,-187,-1,1,187,-60,-1,1,60)","93000037","35011008"
"43030086","(8,7,12)","(560,280,90,1350,680,230,3380,1690,560","2000","20","31020001","1","(0,70,70,70)","(0,80,80,80)","(50,50,50)","(-374,-1,1,374,-187,-1,1,187,-60,-1,1,60)","(100,100,100)","(-374,-1,1,374,-187,-1,1,187,-60,-1,1,60)","93000037","35011008"
"43030087","(8,7,12)","(560,280,90,1350,680,230,3380,1690,560,8780,4390,1460)","2000","20","31020001","1","(0,70,70,70)","(0,80,80,80)","(50,50,50)","(-374,-1,1,374,-187,-1,1,187,-60,-1,1,60)","(100,100,100)","(-374,-1,1,374,-187,-1,1,187,-60,-1,1,60)","93000037","35011008"
"43030088","(8,7,12)","(560,280,90,1350,680,230,3380,1690,560,8780,4390,1460,23850,11930,3980)","2000","20","31020001","1","(0,70,70,70)","(0,80,80,80)","(50,50,50)","(-374,-1,1,374,-187,-1,1,187,-60,-1,1,60)","(100,100,100)","(-374,-1,1,374,-187,-1,1,187,-60,-1,1,60)","93000037","35011008"
"43030089","(8,7,12)","(560,280,90,1350,680,230,3380,1690,560,8780,4390,1460,23850,11930,3980,67500,33750,11250,198000,99000,33000)","2000","20","31020001","1","(0,70,70,70)","(0,80,80,80)","(50,50,50)","(-374,-1,1,374,-187,-1,1,187,-60,-1,1,60)","(100,100,100)","(-374,-1,1,374,-187,-1,1,187,-60,-1,1,60)","93000158","35011008"
"43030090","(8,7,12)","(560,280,90,1350,680,230,3380,1690,560,8780,4390,1460,23850,11930,3980,67500,33750,11250,198000,99000,33000)","2000","20","31020001","1","(0,70,70,70)","(0,80,80,80)","(50,50,50)","(-374,-1,1,374,-187,-1,1,187,-60,-1,1,60)","(100,100,100)","(-374,-1,1,374,-187,-1,1,187,-60,-1,1,60)","93000158","35011008"
"43030091","(8,7,12)","(0,0,0)","2000","20","31020001","1","(0,70,70,70)","(0,80,80,80)","(50,50,50)","(-374,-1,1,374,-187,-1,1,187,-60,-1,1,60)","(100,100,100)","(-374,-1,1,374,-187,-1,1,187,-60,-1,1,60)","93000037","35011008"
"43030092","(8,7,12)","(560,280,90,1350,680,230,3380,1690,560,8780,4390,1460)","2000","20","31020001","1","(0,70,70,70)","(0,80,80,80)","(50,50,50)","(-374,-1,1,374,-187,-1,1,187,-60,-1,1,60)","(100,100,100)","(-374,-1,1,374,-187,-1,1,187,-60,-1,1,60)","93000037","35011008"
"43030093","(8,7,12)","(560,280,90,1350,680,230,3380,1690,560,8780,4390,1460,23850,11930,3980)","2000","20","31020001","1","(0,70,70,70)","(0,80,80,80)","(50,50,50)","(-374,-1,1,374,-187,-1,1,187,-60,-1,1,60)","(100,100,100)","(-374,-1,1,374,-187,-1,1,187,-60,-1,1,60)","93000037","35011008"
"43030094","(8,7,12)","(560,280,90,1350,680,230,3380,1690,560,8780,4390,1460,23850,11930,3980,67500,33750,11250)","2000","20","31020001","1","(0,70,70,70)","(0,80,80,80)","(50,50,50)","(-374,-1,1,374,-187,-1,1,187,-60,-1,1,60)","(100,100,100)","(-374,-1,1,374,-187,-1,1,187,-60,-1,1,60)","93000037","35011008"
"43030095","(8,7,12)","(560,280,90,1350,680,230,3380,1690,560,8780,4390,1460,23850,11930,3980,67500,33750,11250,198000,99000,33000)","2000","20","31020001","1","(0,70,70,70)","(0,80,80,80)","(50,50,50)","(-374,-1,1,374,-187,-1,1,187,-60,-1,1,60)","(100,100,100)","(-374,-1,1,374,-187,-1,1,187,-60,-1,1,60)","93000158","35011008"
"43030096","(8,7,12)","(560,280,90,1350,680,230,3380,1690,560,8780,4390,1460,23850,11930,3980,67500,33750,11250,198000,99000,33000,603000,301500,100500)","2000","20","31020001","1","(0,70,70,70)","(0,80,80,80)","(50,50,50)","(-374,-1,1,374,-187,-1,1,187,-60,-1,1,60)","(100,100,100)","(-374,-1,1,374,-187,-1,1,187,-60,-1,1,60)","93000158","35011008"
"43030097","(8,7,12)","(0,0,0)","2000","20","31020001","1","(0,70,70,70)","(0,80,80,80)","(50,50,50)","(-374,-1,1,374,-187,-1,1,187,-60,-1,1,60)","(100,100,100)","(-374,-1,1,374,-187,-1,1,187,-60,-1,1,60)","93000037","35011008"
"43030098","(8,7,12)","(560,280,90,1350,680,230,3380,1690,560,8780,4390,1460,23850,11930,3980)","2000","20","31020001","1","(0,70,70,70)","(0,80,80,80)","(50,50,50)","(-374,-1,1,374,-187,-1,1,187,-60,-1,1,60)","(100,100,100)","(-374,-1,1,374,-187,-1,1,187,-60,-1,1,60)","93000037","35011008"
"43030099","(8,7,12)","(560,280,90,1350,680,230,3380,1690,560,8780,4390,1460,23850,11930,3980,67500,33750,11250)","2000","20","31020001","1","(0,70,70,70)","(0,80,80,80)","(50,50,50)","(-374,-1,1,374,-187,-1,1,187,-60,-1,1,60)","(100,100,100)","(-374,-1,1,374,-187,-1,1,187,-60,-1,1,60)","93000037","35011008"
"43030100","(8,7,12)","(560,280,90,1350,680,230,3380,1690,560,8780,4390,1460,23850,11930,3980,67500,33750,11250,198000,99000,33000)","2000","20","31020001","1","(0,70,70,70)","(0,80,80,80)","(50,50,50)","(-374,-1,1,374,-187,-1,1,187,-60,-1,1,60)","(100,100,100)","(-374,-1,1,374,-187,-1,1,187,-60,-1,1,60)","93000037","35011008"
"43030101","(8,7,12)","(560,280,90,1350,680,230,3380,1690,560,8780,4390,1460,23850,11930,3980,67500,33750,11250,198000,99000,33000,603000,301500,100500)","2000","20","31020001","1","(0,70,70,70)","(0,80,80,80)","(50,50,50)","(-374,-1,1,374,-187,-1,1,187,-60,-1,1,60)","(100,100,100)","(-374,-1,1,374,-187,-1,1,187,-60,-1,1,60)","93000158","35011008"
"43030102","(8,7,12)","(560,280,90,1350,680,230,3380,1690,560,8780,4390,1460,23850,11930,3980,67500,33750,11250,198000,99000,33000,603000,301500,100500,1908000,954000,318000)","2000","20","31020001","1","(0,70,70,70)","(0,80,80,80)","(50,50,50)","(-374,-1,1,374,-187,-1,1,187,-60,-1,1,60)","(100,100,100)","(-374,-1,1,374,-187,-1,1,187,-60,-1,1,60)","93000158","35011008"
"43030103","(8,7,12)","(0,0,0)","2000","20","31020001","1","(0,70,70,70)","(0,80,80,80)","(50,50,50)","(-374,-1,1,374,-187,-1,1,187,-60,-1,1,60)","(100,100,100)","(-374,-1,1,374,-187,-1,1,187,-60,-1,1,60)","93000037","35011008"
"43030104","(8,7,12)","(560,280,90,1350,680,230,3380,1690,560,8780,4390,1460,23850,11930,3980,67500,33750,11250)","2000","20","31020001","1","(0,70,70,70)","(0,80,80,80)","(50,50,50)","(-374,-1,1,374,-187,-1,1,187,-60,-1,1,60)","(100,100,100)","(-374,-1,1,374,-187,-1,1,187,-60,-1,1,60)","93000037","35011008"
"43030105","(8,7,12)","(560,280,90,1350,680,230,3380,1690,560,8780,4390,1460,23850,11930,3980,67500,33750,11250,198000,99000,33000)","2000","20","31020001","1","(0,70,70,70)","(0,80,80,80)","(50,50,50)","(-374,-1,1,374,-187,-1,1,187,-60,-1,1,60)","(100,100,100)","(-374,-1,1,374,-187,-1,1,187,-60,-1,1,60)","93000037","35011008"
"43030106","(8,7,12)","(560,280,90,1350,680,230,3380,1690,560,8780,4390,1460,23850,11930,3980,67500,33750,11250,198000,99000,33000,603000,301500,100500)","2000","20","31020001","1","(0,70,70,70)","(0,80,80,80)","(50,50,50)","(-374,-1,1,374,-187,-1,1,187,-60,-1,1,60)","(100,100,100)","(-374,-1,1,374,-187,-1,1,187,-60,-1,1,60)","93000037","35011008"
"43030107","(8,7,12)","(560,280,90,1350,680,230,3380,1690,560,8780,4390,1460,23850,11930,3980,67500,33750,11250,198000,99000,33000,603000,301500,100500,1908000,954000,318000)","2000","20","31020001","1","(0,70,70,70)","(0,80,80,80)","(50,50,50)","(-374,-1,1,374,-187,-1,1,187,-60,-1,1,60)","(100,100,100)","(-374,-1,1,374,-187,-1,1,187,-60,-1,1,60)","93000158","35011008"
"43030108","(8,7,12)","(560,280,90,1350,680,230,3380,1690,560,8780,4390,1460,23850,11930,3980,67500,33750,11250,198000,99000,33000,603000,301500,100500,1908000,954000,318000)","2000","20","31020001","1","(0,70,70,70)","(0,80,80,80)","(50,50,50)","(-374,-1,1,374,-187,-1,1,187,-60,-1,1,60)","(100,100,100)","(-374,-1,1,374,-187,-1,1,187,-60,-1,1,60)","93000158","35011008"
"43030109","(8,7,12)","(0,0,0)","2000","20","31020001","1","(0,70,70,70)","(0,80,80,80)","(50,50,50)","(-374,-1,1,374,-187,-1,1,187,-60,-1,1,60)","(100,100,100)","(-374,-1,1,374,-187,-1,1,187,-60,-1,1,60)","93000037","35011008"
"43030110","(8,7,12)","(560,280,90,1350,680,230,3380,1690,560,8780,4390,1460,23850,11930,3980,67500,33750,11250,198000,99000,33000)","2000","20","31020001","1","(0,70,70,70)","(0,80,80,80)","(50,50,50)","(-374,-1,1,374,-187,-1,1,187,-60,-1,1,60)","(100,100,100)","(-374,-1,1,374,-187,-1,1,187,-60,-1,1,60)","93000037","35011008"
"43030111","(8,7,12)","(560,280,90,1350,680,230,3380,1690,560,8780,4390,1460,23850,11930,3980,67500,33750,11250,198000,99000,33000,603000,301500,100500)","2000","20","31020001","1","(0,70,70,70)","(0,80,80,80)","(50,50,50)","(-374,-1,1,374,-187,-1,1,187,-60,-1,1,60)","(100,100,100)","(-374,-1,1,374,-187,-1,1,187,-60,-1,1,60)","93000037","35011008"
"43030112","(8,7,12)","(560,280,90,1350,680,230,3380,1690,560,8780,4390,1460,23850,11930,3980,67500,33750,11250,198000,99000,33000,603000,301500,100500,1908000,954000,318000)","2000","20","31020001","1","(0,70,70,70)","(0,80,80,80)","(50,50,50)","(-374,-1,1,374,-187,-1,1,187,-60,-1,1,60)","(100,100,100)","(-374,-1,1,374,-187,-1,1,187,-60,-1,1,60)","93000037","35011008"
"43030113","(8,7,12)","(560,280,90,1350,680,230,3380,1690,560,8780,4390,1460,23850,11930,3980,67500,33750,11250,198000,99000,33000,603000,301500,100500,1908000,954000,318000)","2000","20","31020001","1","(0,70,70,70)","(0,80,80,80)","(50,50,50)","(-374,-1,1,374,-187,-1,1,187,-60,-1,1,60)","(100,100,100)","(-374,-1,1,374,-187,-1,1,187,-60,-1,1,60)","93000158","35011008"
"43030114","(8,7,12)","(560,280,90,1350,680,230,3380,1690,560,8780,4390,1460,23850,11930,3980,67500,33750,11250,198000,99000,33000,603000,301500,100500,1908000,954000,318000)","2000","20","31020001","1","(0,70,70,70)","(0,80,80,80)","(50,50,50)","(-374,-1,1,374,-187,-1,1,187,-60,-1,1,60)","(100,100,100)","(-374,-1,1,374,-187,-1,1,187,-60,-1,1,60)","93000158","35011008"
"43030115","(8,7,12)","(0,0,0)","2000","20","31020001","1","(0,70,70,70)","(0,80,80,80)","(50,50,50)","(-374,-1,1,374,-187,-1,1,187,-60,-1,1,60)","(100,100,100)","(-374,-1,1,374,-187,-1,1,187,-60,-1,1,60)","93000037","35011008"
"43030116","(8,7,12)","(560,280,90,1350,680,230,3380,1690,560,8780,4390,1460,23850,11930,3980,67500,33750,11250,198000,99000,33000,603000,301500,100500)","2000","20","31020001","1","(0,70,70,70)","(0,80,80,80)","(50,50,50)","(-374,-1,1,374,-187,-1,1,187,-60,-1,1,60)","(100,100,100)","(-374,-1,1,374,-187,-1,1,187,-60,-1,1,60)","93000037","35011008"
"43030117","(8,7,12)","(560,280,90,1350,680,230,3380,1690,560,8780,4390,1460,23850,11930,3980,67500,33750,11250,198000,99000,33000,603000,301500,100500,1908000,954000,318000)","2000","20","31020001","1","(0,70,70,70)","(0,80,80,80)","(50,50,50)","(-374,-1,1,374,-187,-1,1,187,-60,-1,1,60)","(100,100,100)","(-374,-1,1,374,-187,-1,1,187,-60,-1,1,60)","93000037","35011008"
"43030118","(8,7,12)","(560,280,90,1350,680,230,3380,1690,560,8780,4390,1460,23850,11930,3980,67500,33750,11250,198000,99000,33000,603000,301500,100500,1908000,954000,318000)","2000","20","31020001","1","(0,70,70,70)","(0,80,80,80)","(50,50,50)","(-374,-1,1,374,-187,-1,1,187,-60,-1,1,60)","(100,100,100)","(-374,-1,1,374,-187,-1,1,187,-60,-1,1,60)","93000037","35011008"
"43030119","(8,7,12)","(560,280,90,1350,680,230,3380,1690,560,8780,4390,1460,23850,11930,3980,67500,33750,11250,198000,99000,33000,603000,301500,100500,1908000,954000,318000)","2000","20","31020001","1","(0,70,70,70)","(0,80,80,80)","(50,50,50)","(-374,-1,1,374,-187,-1,1,187,-60,-1,1,60)","(100,100,100)","(-374,-1,1,374,-187,-1,1,187,-60,-1,1,60)","93000158","35011008"
"43030120","(8,7,12)","(560,280,90,1350,680,230,3380,1690,560,8780,4390,1460,23850,11930,3980,67500,33750,11250,198000,99000,33000,603000,301500,100500,1908000,954000,318000)","2000","20","31020001","1","(0,70,70,70)","(0,80,80,80)","(50,50,50)","(-374,-1,1,374,-187,-1,1,187,-60,-1,1,60)","(100,100,100)","(-374,-1,1,374,-187,-1,1,187,-60,-1,1,60)","93000158","35011008"
"43030121","(8,7,12)","(0,0,0)","2000","20","31020001","1","(0,70,70,70)","(0,80,80,80)","(50,50,50)","(-374,-1,1,374,-187,-1,1,187,-60,-1,1,60)","(100,100,100)","(-374,-1,1,374,-187,-1,1,187,-60,-1,1,60)","93000037","35011008"
"43030122","(8,7,12)","(560,280,90)","2000","20","31020001","1","(0,70,70,70)","(0,80,80,80)","(50,50,50)","(-374,-1,1,374,-187,-1,1,187,-60,-1,1,60)","(100,100,100)","(-374,-1,1,374,-187,-1,1,187,-60,-1,1,60)","93000037","35011008"
"43030123","(8,7,12)","(560,280,90)","2000","20","31020001","1","(0,70,70,70)","(0,80,80,80)","(50,50,50)","(-374,-1,1,374,-187,-1,1,187,-60,-1,1,60)","(100,100,100)","(-374,-1,1,374,-187,-1,1,187,-60,-1,1,60)","93000037","35011008"
"43030124","(8,7,12)","(560,280,90)","2000","20","31020001","1","(0,70,70,70)","(0,80,80,80)","(50,50,50)","(-374,-1,1,374,-187,-1,1,187,-60,-1,1,60)","(100,100,100)","(-374,-1,1,374,-187,-1,1,187,-60,-1,1,60)","93000037","35011008"
"43030125","(8,7,12)","(560,280,90,1350,680,230,3380,1690,560)","2000","20","31020001","1","(0,70,70,70)","(0,80,80,80)","(50,50,50)","(-374,-1,1,374,-187,-1,1,187,-60,-1,1,60)","(100,100,100)","(-374,-1,1,374,-187,-1,1,187,-60,-1,1,60)","93000158","35011008"
"43030126","(8,7,12)","(560,280,90,1350,680,230,3380,1690,560,8780,4390,1460,23850,11930,3980)","2000","20","31020001","1","(0,70,70,70)","(0,80,80,80)","(50,50,50)","(-374,-1,1,374,-187,-1,1,187,-60,-1,1,60)","(100,100,100)","(-374,-1,1,374,-187,-1,1,187,-60,-1,1,60)","93000158","35011008"
"43030127","(8,7,12)","(0,0,0)","2000","20","31020001","1","(0,70,70,70)","(0,80,80,80)","(50,50,50)","(-374,-1,1,374,-187,-1,1,187,-60,-1,1,60)","(100,100,100)","(-374,-1,1,374,-187,-1,1,187,-60,-1,1,60)","93000037","35011008"
"43030128","(8,7,12)","(560,280,90)","2000","20","31020001","1","(0,70,70,70)","(0,80,80,80)","(50,50,50)","(-374,-1,1,374,-187,-1,1,187,-60,-1,1,60)","(100,100,100)","(-374,-1,1,374,-187,-1,1,187,-60,-1,1,60)","93000037","35011008"
"43030129","(8,7,12)","(560,280,90)","2000","20","31020001","1","(0,70,70,70)","(0,80,80,80)","(50,50,50)","(-374,-1,1,374,-187,-1,1,187,-60,-1,1,60)","(100,100,100)","(-374,-1,1,374,-187,-1,1,187,-60,-1,1,60)","93000037","35011008"
"43030130","(8,7,12)","(560,280,90,1350,680,230)","2000","20","31020001","1","(0,70,70,70)","(0,80,80,80)","(50,50,50)","(-374,-1,1,374,-187,-1,1,187,-60,-1,1,60)","(100,100,100)","(-374,-1,1,374,-187,-1,1,187,-60,-1,1,60)","93000037","35011008"
"43030131","(8,7,12)","(560,280,90,1350,680,230,3380,1690,560,8780,4390,1460)","2000","20","31020001","1","(0,70,70,70)","(0,80,80,80)","(50,50,50)","(-374,-1,1,374,-187,-1,1,187,-60,-1,1,60)","(100,100,100)","(-374,-1,1,374,-187,-1,1,187,-60,-1,1,60)","93000158","35011008"
"43030132","(8,7,12)","(560,280,90,1350,680,230,3380,1690,560,8780,4390,1460,23850,11930,3980,67500,33750,11250)","2000","20","31020001","1","(0,70,70,70)","(0,80,80,80)","(50,50,50)","(-374,-1,1,374,-187,-1,1,187,-60,-1,1,60)","(100,100,100)","(-374,-1,1,374,-187,-1,1,187,-60,-1,1,60)","93000158","35011008"
"43030133","(8,7,12)","(0,0,0)","2000","20","31020001","1","(0,70,70,70)","(0,80,80,80)","(50,50,50)","(-374,-1,1,374,-187,-1,1,187,-60,-1,1,60)","(100,100,100)","(-374,-1,1,374,-187,-1,1,187,-60,-1,1,60)","93000037","35011008"
"43030134","(8,7,12)","(560,280,90)","2000","20","31020001","1","(0,70,70,70)","(0,80,80,80)","(50,50,50)","(-374,-1,1,374,-187,-1,1,187,-60,-1,1,60)","(100,100,100)","(-374,-1,1,374,-187,-1,1,187,-60,-1,1,60)","93000037","35011008"
"43030135","(8,7,12)","(560,280,90,1350,680,230)","2000","20","31020001","1","(0,70,70,70)","(0,80,80,80)","(50,50,50)","(-374,-1,1,374,-187,-1,1,187,-60,-1,1,60)","(100,100,100)","(-374,-1,1,374,-187,-1,1,187,-60,-1,1,60)","93000037","35011008"
"43030136","(8,7,12)","(560,280,90,1350,680,230,3380,1690,560)","2000","20","31020001","1","(0,70,70,70)","(0,80,80,80)","(50,50,50)","(-374,-1,1,374,-187,-1,1,187,-60,-1,1,60)","(100,100,100)","(-374,-1,1,374,-187,-1,1,187,-60,-1,1,60)","93000037","35011008"
"43030137","(8,7,12)","(560,280,90,1350,680,230,3380,1690,560,8780,4390,1460,23850,11930,3980)","2000","20","31020001","1","(0,70,70,70)","(0,80,80,80)","(50,50,50)","(-374,-1,1,374,-187,-1,1,187,-60,-1,1,60)","(100,100,100)","(-374,-1,1,374,-187,-1,1,187,-60,-1,1,60)","93000158","35011008"
"43030138","(8,7,12)","(560,280,90,1350,680,230,3380,1690,560,8780,4390,1460,23850,11930,3980,67500,33750,11250,198000,99000,33000)","2000","20","31020001","1","(0,70,70,70)","(0,80,80,80)","(50,50,50)","(-374,-1,1,374,-187,-1,1,187,-60,-1,1,60)","(100,100,100)","(-374,-1,1,374,-187,-1,1,187,-60,-1,1,60)","93000158","35011008"
"43030139","(8,7,12)","(0,0,0)","2000","20","31020001","1","(0,70,70,70)","(0,80,80,80)","(50,50,50)","(-374,-1,1,374,-187,-1,1,187,-60,-1,1,60)","(100,100,100)","(-374,-1,1,374,-187,-1,1,187,-60,-1,1,60)","93000037","35011008"
"43030140","(8,7,12)","(560,280,90,1350,680,230)","2000","20","31020001","1","(0,70,70,70)","(0,80,80,80)","(50,50,50)","(-374,-1,1,374,-187,-1,1,187,-60,-1,1,60)","(100,100,100)","(-374,-1,1,374,-187,-1,1,187,-60,-1,1,60)","93000037","35011008"
"43030141","(8,7,12)","(560,280,90,1350,680,230,3380,1690,560)","2000","20","31020001","1","(0,70,70,70)","(0,80,80,80)","(50,50,50)","(-374,-1,1,374,-187,-1,1,187,-60,-1,1,60)","(100,100,100)","(-374,-1,1,374,-187,-1,1,187,-60,-1,1,60)","93000037","35011008"
"43030142","(8,7,12)","(560,280,90,1350,680,230,3380,1690,560,8780,4390,1460)","2000","20","31020001","1","(0,70,70,70)","(0,80,80,80)","(50,50,50)","(-374,-1,1,374,-187,-1,1,187,-60,-1,1,60)","(100,100,100)","(-374,-1,1,374,-187,-1,1,187,-60,-1,1,60)","93000037","35011008"
"43030143","(8,7,12)","(560,280,90,1350,680,230,3380,1690,560,8780,4390,1460,23850,11930,3980,67500,33750,11250)","2000","20","31020001","1","(0,70,70,70)","(0,80,80,80)","(50,50,50)","(-374,-1,1,374,-187,-1,1,187,-60,-1,1,60)","(100,100,100)","(-374,-1,1,374,-187,-1,1,187,-60,-1,1,60)","93000158","35011008"
"43030144","(8,7,12)","(560,280,90,1350,680,230,3380,1690,560,8780,4390,1460,23850,11930,3980,67500,33750,11250,198000,99000,33000)","2000","20","31020001","1","(0,70,70,70)","(0,80,80,80)","(50,50,50)","(-374,-1,1,374,-187,-1,1,187,-60,-1,1,60)","(100,100,100)","(-374,-1,1,374,-187,-1,1,187,-60,-1,1,60)","93000158","35011008"
"43030145","(8,7,12)","(0,0,0)","2000","20","31020001","1","(0,70,70,70)","(0,80,80,80)","(50,50,50)","(-374,-1,1,374,-187,-1,1,187,-60,-1,1,60)","(100,100,100)","(-374,-1,1,374,-187,-1,1,187,-60,-1,1,60)","93000037","35011008"
"43030146","(8,7,12)","(560,280,90,1350,680,230,3380,1690,560","2000","20","31020001","1","(0,70,70,70)","(0,80,80,80)","(50,50,50)","(-374,-1,1,374,-187,-1,1,187,-60,-1,1,60)","(100,100,100)","(-374,-1,1,374,-187,-1,1,187,-60,-1,1,60)","93000037","35011008"
"43030147","(8,7,12)","(560,280,90,1350,680,230,3380,1690,560,8780,4390,1460)","2000","20","31020001","1","(0,70,70,70)","(0,80,80,80)","(50,50,50)","(-374,-1,1,374,-187,-1,1,187,-60,-1,1,60)","(100,100,100)","(-374,-1,1,374,-187,-1,1,187,-60,-1,1,60)","93000037","35011008"
"43030148","(8,7,12)","(560,280,90,1350,680,230,3380,1690,560,8780,4390,1460,23850,11930,3980)","2000","20","31020001","1","(0,70,70,70)","(0,80,80,80)","(50,50,50)","(-374,-1,1,374,-187,-1,1,187,-60,-1,1,60)","(100,100,100)","(-374,-1,1,374,-187,-1,1,187,-60,-1,1,60)","93000037","35011008"
"43030149","(8,7,12)","(560,280,90,1350,680,230,3380,1690,560,8780,4390,1460,23850,11930,3980,67500,33750,11250,198000,99000,33000)","2000","20","31020001","1","(0,70,70,70)","(0,80,80,80)","(50,50,50)","(-374,-1,1,374,-187,-1,1,187,-60,-1,1,60)","(100,100,100)","(-374,-1,1,374,-187,-1,1,187,-60,-1,1,60)","93000158","35011008"
"43030150","(8,7,12)","(560,280,90,1350,680,230,3380,1690,560,8780,4390,1460,23850,11930,3980,67500,33750,11250,198000,99000,33000)","2000","20","31020001","1","(0,70,70,70)","(0,80,80,80)","(50,50,50)","(-374,-1,1,374,-187,-1,1,187,-60,-1,1,60)","(100,100,100)","(-374,-1,1,374,-187,-1,1,187,-60,-1,1,60)","93000158","35011008"
"43030151","(8,7,12)","(0,0,0)","2000","20","31020001","1","(0,70,70,70)","(0,80,80,80)","(50,50,50)","(-374,-1,1,374,-187,-1,1,187,-60,-1,1,60)","(100,100,100)","(-374,-1,1,374,-187,-1,1,187,-60,-1,1,60)","93000037","35011008"
"43030152","(8,7,12)","(560,280,90,1350,680,230,3380,1690,560,8780,4390,1460)","2000","20","31020001","1","(0,70,70,70)","(0,80,80,80)","(50,50,50)","(-374,-1,1,374,-187,-1,1,187,-60,-1,1,60)","(100,100,100)","(-374,-1,1,374,-187,-1,1,187,-60,-1,1,60)","93000037","35011008"
"43030153","(8,7,12)","(560,280,90,1350,680,230,3380,1690,560,8780,4390,1460,23850,11930,3980)","2000","20","31020001","1","(0,70,70,70)","(0,80,80,80)","(50,50,50)","(-374,-1,1,374,-187,-1,1,187,-60,-1,1,60)","(100,100,100)","(-374,-1,1,374,-187,-1,1,187,-60,-1,1,60)","93000037","35011008"
"43030154","(8,7,12)","(560,280,90,1350,680,230,3380,1690,560,8780,4390,1460,23850,11930,3980,67500,33750,11250)","2000","20","31020001","1","(0,70,70,70)","(0,80,80,80)","(50,50,50)","(-374,-1,1,374,-187,-1,1,187,-60,-1,1,60)","(100,100,100)","(-374,-1,1,374,-187,-1,1,187,-60,-1,1,60)","93000037","35011008"
"43030155","(8,7,12)","(560,280,90,1350,680,230,3380,1690,560,8780,4390,1460,23850,11930,3980,67500,33750,11250,198000,99000,33000)","2000","20","31020001","1","(0,70,70,70)","(0,80,80,80)","(50,50,50)","(-374,-1,1,374,-187,-1,1,187,-60,-1,1,60)","(100,100,100)","(-374,-1,1,374,-187,-1,1,187,-60,-1,1,60)","93000158","35011008"
"43030156","(8,7,12)","(560,280,90,1350,680,230,3380,1690,560,8780,4390,1460,23850,11930,3980,67500,33750,11250,198000,99000,33000,603000,301500,100500)","2000","20","31020001","1","(0,70,70,70)","(0,80,80,80)","(50,50,50)","(-374,-1,1,374,-187,-1,1,187,-60,-1,1,60)","(100,100,100)","(-374,-1,1,374,-187,-1,1,187,-60,-1,1,60)","93000158","35011008"
"43030157","(8,7,12)","(0,0,0)","2000","20","31020001","1","(0,70,70,70)","(0,80,80,80)","(50,50,50)","(-374,-1,1,374,-187,-1,1,187,-60,-1,1,60)","(100,100,100)","(-374,-1,1,374,-187,-1,1,187,-60,-1,1,60)","93000037","35011008"
"43030158","(8,7,12)","(560,280,90,1350,680,230,3380,1690,560,8780,4390,1460,23850,11930,3980)","2000","20","31020001","1","(0,70,70,70)","(0,80,80,80)","(50,50,50)","(-374,-1,1,374,-187,-1,1,187,-60,-1,1,60)","(100,100,100)","(-374,-1,1,374,-187,-1,1,187,-60,-1,1,60)","93000037","35011008"
"43030159","(8,7,12)","(560,280,90,1350,680,230,3380,1690,560,8780,4390,1460,23850,11930,3980,67500,33750,11250)","2000","20","31020001","1","(0,70,70,70)","(0,80,80,80)","(50,50,50)","(-374,-1,1,374,-187,-1,1,187,-60,-1,1,60)","(100,100,100)","(-374,-1,1,374,-187,-1,1,187,-60,-1,1,60)","93000037","35011008"
"43030160","(8,7,12)","(560,280,90,1350,680,230,3380,1690,560,8780,4390,1460,23850,11930,3980,67500,33750,11250,198000,99000,33000)","2000","20","31020001","1","(0,70,70,70)","(0,80,80,80)","(50,50,50)","(-374,-1,1,374,-187,-1,1,187,-60,-1,1,60)","(100,100,100)","(-374,-1,1,374,-187,-1,1,187,-60,-1,1,60)","93000037","35011008"
"43030161","(8,7,12)","(560,280,90,1350,680,230,3380,1690,560,8780,4390,1460,23850,11930,3980,67500,33750,11250,198000,99000,33000,603000,301500,100500)","2000","20","31020001","1","(0,70,70,70)","(0,80,80,80)","(50,50,50)","(-374,-1,1,374,-187,-1,1,187,-60,-1,1,60)","(100,100,100)","(-374,-1,1,374,-187,-1,1,187,-60,-1,1,60)","93000158","35011008"
"43030162","(8,7,12)","(560,280,90,1350,680,230,3380,1690,560,8780,4390,1460,23850,11930,3980,67500,33750,11250,198000,99000,33000,603000,301500,100500,1908000,954000,318000)","2000","20","31020001","1","(0,70,70,70)","(0,80,80,80)","(50,50,50)","(-374,-1,1,374,-187,-1,1,187,-60,-1,1,60)","(100,100,100)","(-374,-1,1,374,-187,-1,1,187,-60,-1,1,60)","93000158","35011008"
"43030163","(8,7,12)","(0,0,0)","2000","20","31020001","1","(0,70,70,70)","(0,80,80,80)","(50,50,50)","(-374,-1,1,374,-187,-1,1,187,-60,-1,1,60)","(100,100,100)","(-374,-1,1,374,-187,-1,1,187,-60,-1,1,60)","93000037","35011008"
"43030164","(8,7,12)","(560,280,90,1350,680,230,3380,1690,560,8780,4390,1460,23850,11930,3980,67500,33750,11250)","2000","20","31020001","1","(0,70,70,70)","(0,80,80,80)","(50,50,50)","(-374,-1,1,374,-187,-1,1,187,-60,-1,1,60)","(100,100,100)","(-374,-1,1,374,-187,-1,1,187,-60,-1,1,60)","93000037","35011008"
"43030165","(8,7,12)","(560,280,90,1350,680,230,3380,1690,560,8780,4390,1460,23850,11930,3980,67500,33750,11250,198000,99000,33000)","2000","20","31020001","1","(0,70,70,70)","(0,80,80,80)","(50,50,50)","(-374,-1,1,374,-187,-1,1,187,-60,-1,1,60)","(100,100,100)","(-374,-1,1,374,-187,-1,1,187,-60,-1,1,60)","93000037","35011008"
"43030166","(8,7,12)","(560,280,90,1350,680,230,3380,1690,560,8780,4390,1460,23850,11930,3980,67500,33750,11250,198000,99000,33000,603000,301500,100500)","2000","20","31020001","1","(0,70,70,70)","(0,80,80,80)","(50,50,50)","(-374,-1,1,374,-187,-1,1,187,-60,-1,1,60)","(100,100,100)","(-374,-1,1,374,-187,-1,1,187,-60,-1,1,60)","93000037","35011008"
"43030167","(8,7,12)","(560,280,90,1350,680,230,3380,1690,560,8780,4390,1460,23850,11930,3980,67500,33750,11250,198000,99000,33000,603000,301500,100500,1908000,954000,318000)","2000","20","31020001","1","(0,70,70,70)","(0,80,80,80)","(50,50,50)","(-374,-1,1,374,-187,-1,1,187,-60,-1,1,60)","(100,100,100)","(-374,-1,1,374,-187,-1,1,187,-60,-1,1,60)","93000158","35011008"
"43030168","(8,7,12)","(560,280,90,1350,680,230,3380,1690,560,8780,4390,1460,23850,11930,3980,67500,33750,11250,198000,99000,33000,603000,301500,100500,1908000,954000,318000)","2000","20","31020001","1","(0,70,70,70)","(0,80,80,80)","(50,50,50)","(-374,-1,1,374,-187,-1,1,187,-60,-1,1,60)","(100,100,100)","(-374,-1,1,374,-187,-1,1,187,-60,-1,1,60)","93000158","35011008"
"43030169","(8,7,12)","(0,0,0)","2000","20","31020001","1","(0,70,70,70)","(0,80,80,80)","(50,50,50)","(-374,-1,1,374,-187,-1,1,187,-60,-1,1,60)","(100,100,100)","(-374,-1,1,374,-187,-1,1,187,-60,-1,1,60)","93000037","35011008"
"43030170","(8,7,12)","(560,280,90,1350,680,230,3380,1690,560,8780,4390,1460,23850,11930,3980,67500,33750,11250,198000,99000,33000)","2000","20","31020001","1","(0,70,70,70)","(0,80,80,80)","(50,50,50)","(-374,-1,1,374,-187,-1,1,187,-60,-1,1,60)","(100,100,100)","(-374,-1,1,374,-187,-1,1,187,-60,-1,1,60)","93000037","35011008"
"43030171","(8,7,12)","(560,280,90,1350,680,230,3380,1690,560,8780,4390,1460,23850,11930,3980,67500,33750,11250,198000,99000,33000,603000,301500,100500)","2000","20","31020001","1","(0,70,70,70)","(0,80,80,80)","(50,50,50)","(-374,-1,1,374,-187,-1,1,187,-60,-1,1,60)","(100,100,100)","(-374,-1,1,374,-187,-1,1,187,-60,-1,1,60)","93000037","35011008"
"43030172","(8,7,12)","(560,280,90,1350,680,230,3380,1690,560,8780,4390,1460,23850,11930,3980,67500,33750,11250,198000,99000,33000,603000,301500,100500,1908000,954000,318000)","2000","20","31020001","1","(0,70,70,70)","(0,80,80,80)","(50,50,50)","(-374,-1,1,374,-187,-1,1,187,-60,-1,1,60)","(100,100,100)","(-374,-1,1,374,-187,-1,1,187,-60,-1,1,60)","93000037","35011008"
"43030173","(8,7,12)","(560,280,90,1350,680,230,3380,1690,560,8780,4390,1460,23850,11930,3980,67500,33750,11250,198000,99000,33000,603000,301500,100500,1908000,954000,318000)","2000","20","31020001","1","(0,70,70,70)","(0,80,80,80)","(50,50,50)","(-374,-1,1,374,-187,-1,1,187,-60,-1,1,60)","(100,100,100)","(-374,-1,1,374,-187,-1,1,187,-60,-1,1,60)","93000158","35011008"
"43030174","(8,7,12)","(560,280,90,1350,680,230,3380,1690,560,8780,4390,1460,23850,11930,3980,67500,33750,11250,198000,99000,33000,603000,301500,100500,1908000,954000,318000)","2000","20","31020001","1","(0,70,70,70)","(0,80,80,80)","(50,50,50)","(-374,-1,1,374,-187,-1,1,187,-60,-1,1,60)","(100,100,100)","(-374,-1,1,374,-187,-1,1,187,-60,-1,1,60)","93000158","35011008"
"43030175","(8,7,12)","(0,0,0)","2000","20","31020001","1","(0,70,70,70)","(0,80,80,80)","(50,50,50)","(-374,-1,1,374,-187,-1,1,187,-60,-1,1,60)","(100,100,100)","(-374,-1,1,374,-187,-1,1,187,-60,-1,1,60)","93000037","35011008"
"43030176","(8,7,12)","(560,280,90,1350,680,230,3380,1690,560,8780,4390,1460,23850,11930,3980,67500,33750,11250,198000,99000,33000,603000,301500,100500)","2000","20","31020001","1","(0,70,70,70)","(0,80,80,80)","(50,50,50)","(-374,-1,1,374,-187,-1,1,187,-60,-1,1,60)","(100,100,100)","(-374,-1,1,374,-187,-1,1,187,-60,-1,1,60)","93000037","35011008"
"43030177","(8,7,12)","(560,280,90,1350,680,230,3380,1690,560,8780,4390,1460,23850,11930,3980,67500,33750,11250,198000,99000,33000,603000,301500,100500,1908000,954000,318000)","2000","20","31020001","1","(0,70,70,70)","(0,80,80,80)","(50,50,50)","(-374,-1,1,374,-187,-1,1,187,-60,-1,1,60)","(100,100,100)","(-374,-1,1,374,-187,-1,1,187,-60,-1,1,60)","93000037","35011008"
"43030178","(8,7,12)","(560,280,90,1350,680,230,3380,1690,560,8780,4390,1460,23850,11930,3980,67500,33750,11250,198000,99000,33000,603000,301500,100500,1908000,954000,318000)","2000","20","31020001","1","(0,70,70,70)","(0,80,80,80)","(50,50,50)","(-374,-1,1,374,-187,-1,1,187,-60,-1,1,60)","(100,100,100)","(-374,-1,1,374,-187,-1,1,187,-60,-1,1,60)","93000037","35011008"
"43030179","(8,7,12)","(560,280,90,1350,680,230,3380,1690,560,8780,4390,1460,23850,11930,3980,67500,33750,11250,198000,99000,33000,603000,301500,100500,1908000,954000,318000)","2000","20","31020001","1","(0,70,70,70)","(0,80,80,80)","(50,50,50)","(-374,-1,1,374,-187,-1,1,187,-60,-1,1,60)","(100,100,100)","(-374,-1,1,374,-187,-1,1,187,-60,-1,1,60)","93000158","35011008"
"43030180","(8,7,12)","(560,280,90,1350,680,230,3380,1690,560,8780,4390,1460,23850,11930,3980,67500,33750,11250,198000,99000,33000,603000,301500,100500,1908000,954000,318000)","2000","20","31020001","1","(0,70,70,70)","(0,80,80,80)","(50,50,50)","(-374,-1,1,374,-187,-1,1,187,-60,-1,1,60)","(100,100,100)","(-374,-1,1,374,-187,-1,1,187,-60,-1,1,60)","93000158","35011008"
"43030181","(8,7,12)","(0,0,0)","2000","20","31020001","1","(0,70,70,70)","(0,80,80,80)","(50,50,50)","(-374,-1,1,374,-187,-1,1,187,-60,-1,1,60)","(100,100,100)","(-374,-1,1,374,-187,-1,1,187,-60,-1,1,60)","93000037","35011008"
"43030182","(8,7,12)","(560,280,90)","2000","20","31020001","1","(0,70,70,70)","(0,80,80,80)","(50,50,50)","(-374,-1,1,374,-187,-1,1,187,-60,-1,1,60)","(100,100,100)","(-374,-1,1,374,-187,-1,1,187,-60,-1,1,60)","93000037","35011008"
"43030183","(8,7,12)","(560,280,90)","2000","20","31020001","1","(0,70,70,70)","(0,80,80,80)","(50,50,50)","(-374,-1,1,374,-187,-1,1,187,-60,-1,1,60)","(100,100,100)","(-374,-1,1,374,-187,-1,1,187,-60,-1,1,60)","93000037","35011008"
"43030184","(8,7,12)","(560,280,90)","2000","20","31020001","1","(0,70,70,70)","(0,80,80,80)","(50,50,50)","(-374,-1,1,374,-187,-1,1,187,-60,-1,1,60)","(100,100,100)","(-374,-1,1,374,-187,-1,1,187,-60,-1,1,60)","93000037","35011008"
"43030185","(8,7,12)","(560,280,90,1350,680,230,3380,1690,560)","2000","20","31020001","1","(0,70,70,70)","(0,80,80,80)","(50,50,50)","(-374,-1,1,374,-187,-1,1,187,-60,-1,1,60)","(100,100,100)","(-374,-1,1,374,-187,-1,1,187,-60,-1,1,60)","93000158","35011008"
"43030186","(8,7,12)","(560,280,90,1350,680,230,3380,1690,560,8780,4390,1460,23850,11930,3980)","2000","20","31020001","1","(0,70,70,70)","(0,80,80,80)","(50,50,50)","(-374,-1,1,374,-187,-1,1,187,-60,-1,1,60)","(100,100,100)","(-374,-1,1,374,-187,-1,1,187,-60,-1,1,60)","93000158","35011008"
"43030187","(8,7,12)","(0,0,0)","2000","20","31020001","1","(0,70,70,70)","(0,80,80,80)","(50,50,50)","(-374,-1,1,374,-187,-1,1,187,-60,-1,1,60)","(100,100,100)","(-374,-1,1,374,-187,-1,1,187,-60,-1,1,60)","93000037","35011008"
"43030188","(8,7,12)","(560,280,90)","2000","20","31020001","1","(0,70,70,70)","(0,80,80,80)","(50,50,50)","(-374,-1,1,374,-187,-1,1,187,-60,-1,1,60)","(100,100,100)","(-374,-1,1,374,-187,-1,1,187,-60,-1,1,60)","93000037","35011008"
"43030189","(8,7,12)","(560,280,90)","2000","20","31020001","1","(0,70,70,70)","(0,80,80,80)","(50,50,50)","(-374,-1,1,374,-187,-1,1,187,-60,-1,1,60)","(100,100,100)","(-374,-1,1,374,-187,-1,1,187,-60,-1,1,60)","93000037","35011008"
"43030190","(8,7,12)","(560,280,90,1350,680,230)","2000","20","31020001","1","(0,70,70,70)","(0,80,80,80)","(50,50,50)","(-374,-1,1,374,-187,-1,1,187,-60,-1,1,60)","(100,100,100)","(-374,-1,1,374,-187,-1,1,187,-60,-1,1,60)","93000037","35011008"
"43030191","(8,7,12)","(560,280,90,1350,680,230,3380,1690,560,8780,4390,1460)","2000","20","31020001","1","(0,70,70,70)","(0,80,80,80)","(50,50,50)","(-374,-1,1,374,-187,-1,1,187,-60,-1,1,60)","(100,100,100)","(-374,-1,1,374,-187,-1,1,187,-60,-1,1,60)","93000158","35011008"
"43030192","(8,7,12)","(560,280,90,1350,680,230,3380,1690,560,8780,4390,1460,23850,11930,3980,67500,33750,11250)","2000","20","31020001","1","(0,70,70,70)","(0,80,80,80)","(50,50,50)","(-374,-1,1,374,-187,-1,1,187,-60,-1,1,60)","(100,100,100)","(-374,-1,1,374,-187,-1,1,187,-60,-1,1,60)","93000158","35011008"
"43030193","(8,7,12)","(0,0,0)","2000","20","31020001","1","(0,70,70,70)","(0,80,80,80)","(50,50,50)","(-374,-1,1,374,-187,-1,1,187,-60,-1,1,60)","(100,100,100)","(-374,-1,1,374,-187,-1,1,187,-60,-1,1,60)","93000037","35011008"
"43030194","(8,7,12)","(560,280,90)","2000","20","31020001","1","(0,70,70,70)","(0,80,80,80)","(50,50,50)","(-374,-1,1,374,-187,-1,1,187,-60,-1,1,60)","(100,100,100)","(-374,-1,1,374,-187,-1,1,187,-60,-1,1,60)","93000037","35011008"
"43030195","(8,7,12)","(560,280,90,1350,680,230)","2000","20","31020001","1","(0,70,70,70)","(0,80,80,80)","(50,50,50)","(-374,-1,1,374,-187,-1,1,187,-60,-1,1,60)","(100,100,100)","(-374,-1,1,374,-187,-1,1,187,-60,-1,1,60)","93000037","35011008"
"43030196","(8,7,12)","(560,280,90,1350,680,230,3380,1690,560)","2000","20","31020001","1","(0,70,70,70)","(0,80,80,80)","(50,50,50)","(-374,-1,1,374,-187,-1,1,187,-60,-1,1,60)","(100,100,100)","(-374,-1,1,374,-187,-1,1,187,-60,-1,1,60)","93000037","35011008"
"43030197","(8,7,12)","(560,280,90,1350,680,230,3380,1690,560,8780,4390,1460,23850,11930,3980)","2000","20","31020001","1","(0,70,70,70)","(0,80,80,80)","(50,50,50)","(-374,-1,1,374,-187,-1,1,187,-60,-1,1,60)","(100,100,100)","(-374,-1,1,374,-187,-1,1,187,-60,-1,1,60)","93000158","35011008"
"43030198","(8,7,12)","(560,280,90,1350,680,230,3380,1690,560,8780,4390,1460,23850,11930,3980,67500,33750,11250,198000,99000,33000)","2000","20","31020001","1","(0,70,70,70)","(0,80,80,80)","(50,50,50)","(-374,-1,1,374,-187,-1,1,187,-60,-1,1,60)","(100,100,100)","(-374,-1,1,374,-187,-1,1,187,-60,-1,1,60)","93000158","35011008"
"43030199","(8,7,12)","(0,0,0)","2000","20","31020001","1","(0,70,70,70)","(0,80,80,80)","(50,50,50)","(-374,-1,1,374,-187,-1,1,187,-60,-1,1,60)","(100,100,100)","(-374,-1,1,374,-187,-1,1,187,-60,-1,1,60)","93000037","35011008"
"43030200","(8,7,12)","(560,280,90,1350,680,230)","2000","20","31020001","1","(0,70,70,70)","(0,80,80,80)","(50,50,50)","(-374,-1,1,374,-187,-1,1,187,-60,-1,1,60)","(100,100,100)","(-374,-1,1,374,-187,-1,1,187,-60,-1,1,60)","93000037","35011008"
"43030201","(8,7,12)","(560,280,90,1350,680,230,3380,1690,560)","2000","20","31020001","1","(0,70,70,70)","(0,80,80,80)","(50,50,50)","(-374,-1,1,374,-187,-1,1,187,-60,-1,1,60)","(100,100,100)","(-374,-1,1,374,-187,-1,1,187,-60,-1,1,60)","93000037","35011008"
"43030202","(8,7,12)","(560,280,90,1350,680,230,3380,1690,560,8780,4390,1460)","2000","20","31020001","1","(0,70,70,70)","(0,80,80,80)","(50,50,50)","(-374,-1,1,374,-187,-1,1,187,-60,-1,1,60)","(100,100,100)","(-374,-1,1,374,-187,-1,1,187,-60,-1,1,60)","93000037","35011008"
"43030203","(8,7,12)","(560,280,90,1350,680,230,3380,1690,560,8780,4390,1460,23850,11930,3980,67500,33750,11250)","2000","20","31020001","1","(0,70,70,70)","(0,80,80,80)","(50,50,50)","(-374,-1,1,374,-187,-1,1,187,-60,-1,1,60)","(100,100,100)","(-374,-1,1,374,-187,-1,1,187,-60,-1,1,60)","93000158","35011008"
"43030204","(8,7,12)","(560,280,90,1350,680,230,3380,1690,560,8780,4390,1460,23850,11930,3980,67500,33750,11250,198000,99000,33000)","2000","20","31020001","1","(0,70,70,70)","(0,80,80,80)","(50,50,50)","(-374,-1,1,374,-187,-1,1,187,-60,-1,1,60)","(100,100,100)","(-374,-1,1,374,-187,-1,1,187,-60,-1,1,60)","93000158","35011008"
"43030205","(8,7,12)","(0,0,0)","2000","20","31020001","1","(0,70,70,70)","(0,80,80,80)","(50,50,50)","(-374,-1,1,374,-187,-1,1,187,-60,-1,1,60)","(100,100,100)","(-374,-1,1,374,-187,-1,1,187,-60,-1,1,60)","93000037","35011008"
"43030206","(8,7,12)","(560,280,90,1350,680,230,3380,1690,560","2000","20","31020001","1","(0,70,70,70)","(0,80,80,80)","(50,50,50)","(-374,-1,1,374,-187,-1,1,187,-60,-1,1,60)","(100,100,100)","(-374,-1,1,374,-187,-1,1,187,-60,-1,1,60)","93000037","35011008"
"43030207","(8,7,12)","(560,280,90,1350,680,230,3380,1690,560,8780,4390,1460)","2000","20","31020001","1","(0,70,70,70)","(0,80,80,80)","(50,50,50)","(-374,-1,1,374,-187,-1,1,187,-60,-1,1,60)","(100,100,100)","(-374,-1,1,374,-187,-1,1,187,-60,-1,1,60)","93000037","35011008"
"43030208","(8,7,12)","(560,280,90,1350,680,230,3380,1690,560,8780,4390,1460,23850,11930,3980)","2000","20","31020001","1","(0,70,70,70)","(0,80,80,80)","(50,50,50)","(-374,-1,1,374,-187,-1,1,187,-60,-1,1,60)","(100,100,100)","(-374,-1,1,374,-187,-1,1,187,-60,-1,1,60)","93000037","35011008"
"43030209","(8,7,12)","(560,280,90,1350,680,230,3380,1690,560,8780,4390,1460,23850,11930,3980,67500,33750,11250,198000,99000,33000)","2000","20","31020001","1","(0,70,70,70)","(0,80,80,80)","(50,50,50)","(-374,-1,1,374,-187,-1,1,187,-60,-1,1,60)","(100,100,100)","(-374,-1,1,374,-187,-1,1,187,-60,-1,1,60)","93000158","35011008"
"43030210","(8,7,12)","(560,280,90,1350,680,230,3380,1690,560,8780,4390,1460,23850,11930,3980,67500,33750,11250,198000,99000,33000)","2000","20","31020001","1","(0,70,70,70)","(0,80,80,80)","(50,50,50)","(-374,-1,1,374,-187,-1,1,187,-60,-1,1,60)","(100,100,100)","(-374,-1,1,374,-187,-1,1,187,-60,-1,1,60)","93000158","35011008"
"43030211","(8,7,12)","(0,0,0)","2000","20","31020001","1","(0,70,70,70)","(0,80,80,80)","(50,50,50)","(-374,-1,1,374,-187,-1,1,187,-60,-1,1,60)","(100,100,100)","(-374,-1,1,374,-187,-1,1,187,-60,-1,1,60)","93000037","35011008"
"43030212","(8,7,12)","(560,280,90,1350,680,230,3380,1690,560,8780,4390,1460)","2000","20","31020001","1","(0,70,70,70)","(0,80,80,80)","(50,50,50)","(-374,-1,1,374,-187,-1,1,187,-60,-1,1,60)","(100,100,100)","(-374,-1,1,374,-187,-1,1,187,-60,-1,1,60)","93000037","35011008"
"43030213","(8,7,12)","(560,280,90,1350,680,230,3380,1690,560,8780,4390,1460,23850,11930,3980)","2000","20","31020001","1","(0,70,70,70)","(0,80,80,80)","(50,50,50)","(-374,-1,1,374,-187,-1,1,187,-60,-1,1,60)","(100,100,100)","(-374,-1,1,374,-187,-1,1,187,-60,-1,1,60)","93000037","35011008"
"43030214","(8,7,12)","(560,280,90,1350,680,230,3380,1690,560,8780,4390,1460,23850,11930,3980,67500,33750,11250)","2000","20","31020001","1","(0,70,70,70)","(0,80,80,80)","(50,50,50)","(-374,-1,1,374,-187,-1,1,187,-60,-1,1,60)","(100,100,100)","(-374,-1,1,374,-187,-1,1,187,-60,-1,1,60)","93000037","35011008"
"43030215","(8,7,12)","(560,280,90,1350,680,230,3380,1690,560,8780,4390,1460,23850,11930,3980,67500,33750,11250,198000,99000,33000)","2000","20","31020001","1","(0,70,70,70)","(0,80,80,80)","(50,50,50)","(-374,-1,1,374,-187,-1,1,187,-60,-1,1,60)","(100,100,100)","(-374,-1,1,374,-187,-1,1,187,-60,-1,1,60)","93000158","35011008"
"43030216","(8,7,12)","(560,280,90,1350,680,230,3380,1690,560,8780,4390,1460,23850,11930,3980,67500,33750,11250,198000,99000,33000,603000,301500,100500)","2000","20","31020001","1","(0,70,70,70)","(0,80,80,80)","(50,50,50)","(-374,-1,1,374,-187,-1,1,187,-60,-1,1,60)","(100,100,100)","(-374,-1,1,374,-187,-1,1,187,-60,-1,1,60)","93000158","35011008"
"43030217","(8,7,12)","(0,0,0)","2000","20","31020001","1","(0,70,70,70)","(0,80,80,80)","(50,50,50)","(-374,-1,1,374,-187,-1,1,187,-60,-1,1,60)","(100,100,100)","(-374,-1,1,374,-187,-1,1,187,-60,-1,1,60)","93000037","35011008"
"43030218","(8,7,12)","(560,280,90,1350,680,230,3380,1690,560,8780,4390,1460,23850,11930,3980)","2000","20","31020001","1","(0,70,70,70)","(0,80,80,80)","(50,50,50)","(-374,-1,1,374,-187,-1,1,187,-60,-1,1,60)","(100,100,100)","(-374,-1,1,374,-187,-1,1,187,-60,-1,1,60)","93000037","35011008"
"43030219","(8,7,12)","(560,280,90,1350,680,230,3380,1690,560,8780,4390,1460,23850,11930,3980,67500,33750,11250)","2000","20","31020001","1","(0,70,70,70)","(0,80,80,80)","(50,50,50)","(-374,-1,1,374,-187,-1,1,187,-60,-1,1,60)","(100,100,100)","(-374,-1,1,374,-187,-1,1,187,-60,-1,1,60)","93000037","35011008"
"43030220","(8,7,12)","(560,280,90,1350,680,230,3380,1690,560,8780,4390,1460,23850,11930,3980,67500,33750,11250,198000,99000,33000)","2000","20","31020001","1","(0,70,70,70)","(0,80,80,80)","(50,50,50)","(-374,-1,1,374,-187,-1,1,187,-60,-1,1,60)","(100,100,100)","(-374,-1,1,374,-187,-1,1,187,-60,-1,1,60)","93000037","35011008"
"43030221","(8,7,12)","(560,280,90,1350,680,230,3380,1690,560,8780,4390,1460,23850,11930,3980,67500,33750,11250,198000,99000,33000,603000,301500,100500)","2000","20","31020001","1","(0,70,70,70)","(0,80,80,80)","(50,50,50)","(-374,-1,1,374,-187,-1,1,187,-60,-1,1,60)","(100,100,100)","(-374,-1,1,374,-187,-1,1,187,-60,-1,1,60)","93000158","35011008"
"43030222","(8,7,12)","(560,280,90,1350,680,230,3380,1690,560,8780,4390,1460,23850,11930,3980,67500,33750,11250,198000,99000,33000,603000,301500,100500,1908000,954000,318000)","2000","20","31020001","1","(0,70,70,70)","(0,80,80,80)","(50,50,50)","(-374,-1,1,374,-187,-1,1,187,-60,-1,1,60)","(100,100,100)","(-374,-1,1,374,-187,-1,1,187,-60,-1,1,60)","93000158","35011008"
"43030223","(8,7,12)","(0,0,0)","2000","20","31020001","1","(0,70,70,70)","(0,80,80,80)","(50,50,50)","(-374,-1,1,374,-187,-1,1,187,-60,-1,1,60)","(100,100,100)","(-374,-1,1,374,-187,-1,1,187,-60,-1,1,60)","93000037","35011008"
"43030224","(8,7,12)","(560,280,90,1350,680,230,3380,1690,560,8780,4390,1460,23850,11930,3980,67500,33750,11250)","2000","20","31020001","1","(0,70,70,70)","(0,80,80,80)","(50,50,50)","(-374,-1,1,374,-187,-1,1,187,-60,-1,1,60)","(100,100,100)","(-374,-1,1,374,-187,-1,1,187,-60,-1,1,60)","93000037","35011008"
"43030225","(8,7,12)","(560,280,90,1350,680,230,3380,1690,560,8780,4390,1460,23850,11930,3980,67500,33750,11250,198000,99000,33000)","2000","20","31020001","1","(0,70,70,70)","(0,80,80,80)","(50,50,50)","(-374,-1,1,374,-187,-1,1,187,-60,-1,1,60)","(100,100,100)","(-374,-1,1,374,-187,-1,1,187,-60,-1,1,60)","93000037","35011008"
"43030226","(8,7,12)","(560,280,90,1350,680,230,3380,1690,560,8780,4390,1460,23850,11930,3980,67500,33750,11250,198000,99000,33000,603000,301500,100500)","2000","20","31020001","1","(0,70,70,70)","(0,80,80,80)","(50,50,50)","(-374,-1,1,374,-187,-1,1,187,-60,-1,1,60)","(100,100,100)","(-374,-1,1,374,-187,-1,1,187,-60,-1,1,60)","93000037","35011008"
"43030227","(8,7,12)","(560,280,90,1350,680,230,3380,1690,560,8780,4390,1460,23850,11930,3980,67500,33750,11250,198000,99000,33000,603000,301500,100500,1908000,954000,318000)","2000","20","31020001","1","(0,70,70,70)","(0,80,80,80)","(50,50,50)","(-374,-1,1,374,-187,-1,1,187,-60,-1,1,60)","(100,100,100)","(-374,-1,1,374,-187,-1,1,187,-60,-1,1,60)","93000158","35011008"
"43030228","(8,7,12)","(560,280,90,1350,680,230,3380,1690,560,8780,4390,1460,23850,11930,3980,67500,33750,11250,198000,99000,33000,603000,301500,100500,1908000,954000,318000)","2000","20","31020001","1","(0,70,70,70)","(0,80,80,80)","(50,50,50)","(-374,-1,1,374,-187,-1,1,187,-60,-1,1,60)","(100,100,100)","(-374,-1,1,374,-187,-1,1,187,-60,-1,1,60)","93000158","35011008"
"43030229","(8,7,12)","(0,0,0)","2000","20","31020001","1","(0,70,70,70)","(0,80,80,80)","(50,50,50)","(-374,-1,1,374,-187,-1,1,187,-60,-1,1,60)","(100,100,100)","(-374,-1,1,374,-187,-1,1,187,-60,-1,1,60)","93000037","35011008"
"43030230","(8,7,12)","(560,280,90,1350,680,230,3380,1690,560,8780,4390,1460,23850,11930,3980,67500,33750,11250,198000,99000,33000)","2000","20","31020001","1","(0,70,70,70)","(0,80,80,80)","(50,50,50)","(-374,-1,1,374,-187,-1,1,187,-60,-1,1,60)","(100,100,100)","(-374,-1,1,374,-187,-1,1,187,-60,-1,1,60)","93000037","35011008"
"43030231","(8,7,12)","(560,280,90,1350,680,230,3380,1690,560,8780,4390,1460,23850,11930,3980,67500,33750,11250,198000,99000,33000,603000,301500,100500)","2000","20","31020001","1","(0,70,70,70)","(0,80,80,80)","(50,50,50)","(-374,-1,1,374,-187,-1,1,187,-60,-1,1,60)","(100,100,100)","(-374,-1,1,374,-187,-1,1,187,-60,-1,1,60)","93000037","35011008"
"43030232","(8,7,12)","(560,280,90,1350,680,230,3380,1690,560,8780,4390,1460,23850,11930,3980,67500,33750,11250,198000,99000,33000,603000,301500,100500,1908000,954000,318000)","2000","20","31020001","1","(0,70,70,70)","(0,80,80,80)","(50,50,50)","(-374,-1,1,374,-187,-1,1,187,-60,-1,1,60)","(100,100,100)","(-374,-1,1,374,-187,-1,1,187,-60,-1,1,60)","93000037","35011008"
"43030233","(8,7,12)","(560,280,90,1350,680,230,3380,1690,560,8780,4390,1460,23850,11930,3980,67500,33750,11250,198000,99000,33000,603000,301500,100500,1908000,954000,318000)","2000","20","31020001","1","(0,70,70,70)","(0,80,80,80)","(50,50,50)","(-374,-1,1,374,-187,-1,1,187,-60,-1,1,60)","(100,100,100)","(-374,-1,1,374,-187,-1,1,187,-60,-1,1,60)","93000158","35011008"
"43030234","(8,7,12)","(560,280,90,1350,680,230,3380,1690,560,8780,4390,1460,23850,11930,3980,67500,33750,11250,198000,99000,33000,603000,301500,100500,1908000,954000,318000)","2000","20","31020001","1","(0,70,70,70)","(0,80,80,80)","(50,50,50)","(-374,-1,1,374,-187,-1,1,187,-60,-1,1,60)","(100,100,100)","(-374,-1,1,374,-187,-1,1,187,-60,-1,1,60)","93000158","35011008"
"43030235","(8,7,12)","(0,0,0)","2000","20","31020001","1","(0,70,70,70)","(0,80,80,80)","(50,50,50)","(-374,-1,1,374,-187,-1,1,187,-60,-1,1,60)","(100,100,100)","(-374,-1,1,374,-187,-1,1,187,-60,-1,1,60)","93000037","35011008"
"43030236","(8,7,12)","(560,280,90,1350,680,230,3380,1690,560,8780,4390,1460,23850,11930,3980,67500,33750,11250,198000,99000,33000,603000,301500,100500)","2000","20","31020001","1","(0,70,70,70)","(0,80,80,80)","(50,50,50)","(-374,-1,1,374,-187,-1,1,187,-60,-1,1,60)","(100,100,100)","(-374,-1,1,374,-187,-1,1,187,-60,-1,1,60)","93000037","35011008"
"43030237","(8,7,12)","(560,280,90,1350,680,230,3380,1690,560,8780,4390,1460,23850,11930,3980,67500,33750,11250,198000,99000,33000,603000,301500,100500,1908000,954000,318000)","2000","20","31020001","1","(0,70,70,70)","(0,80,80,80)","(50,50,50)","(-374,-1,1,374,-187,-1,1,187,-60,-1,1,60)","(100,100,100)","(-374,-1,1,374,-187,-1,1,187,-60,-1,1,60)","93000037","35011008"
"43030238","(8,7,12)","(560,280,90,1350,680,230,3380,1690,560,8780,4390,1460,23850,11930,3980,67500,33750,11250,198000,99000,33000,603000,301500,100500,1908000,954000,318000)","2000","20","31020001","1","(0,70,70,70)","(0,80,80,80)","(50,50,50)","(-374,-1,1,374,-187,-1,1,187,-60,-1,1,60)","(100,100,100)","(-374,-1,1,374,-187,-1,1,187,-60,-1,1,60)","93000037","35011008"
"43030239","(8,7,12)","(560,280,90,1350,680,230,3380,1690,560,8780,4390,1460,23850,11930,3980,67500,33750,11250,198000,99000,33000,603000,301500,100500,1908000,954000,318000)","2000","20","31020001","1","(0,70,70,70)","(0,80,80,80)","(50,50,50)","(-374,-1,1,374,-187,-1,1,187,-60,-1,1,60)","(100,100,100)","(-374,-1,1,374,-187,-1,1,187,-60,-1,1,60)","93000158","35011008"
"43030240","(8,7,12)","(560,280,90,1350,680,230,3380,1690,560,8780,4390,1460,23850,11930,3980,67500,33750,11250,198000,99000,33000,603000,301500,100500,1908000,954000,318000)","2000","20","31020001","1","(0,70,70,70)","(0,80,80,80)","(50,50,50)","(-374,-1,1,374,-187,-1,1,187,-60,-1,1,60)","(100,100,100)","(-374,-1,1,374,-187,-1,1,187,-60,-1,1,60)","93000158","35011008"
"43030241","(8,7,12)","(560,280,90,1350,680,230,3380,1690,560,8780,4390,1460,23850,11930,3980,67500,33750,11250)","2000","20","31020001","1","(0,70,70,70)","(0,80,80,80)","(50,50,50)","(-374,-1,1,374,-187,-1,1,187,-60,-1,1,60)","(100,100,100)","(-374,-1,1,374,-187,-1,1,187,-60,-1,1,60)","93000158","35011008"
"43030242","(8,7,12)","(560,280,90,1350,680,230,3380,1690,560,8780,4390,1460,23850,11930,3980,67500,33750,11250,198000,99000,33000)","2000","20","31020001","1","(0,70,70,70)","(0,80,80,80)","(50,50,50)","(-374,-1,1,374,-187,-1,1,187,-60,-1,1,60)","(100,100,100)","(-374,-1,1,374,-187,-1,1,187,-60,-1,1,60)","93000158","35011008"
"43030243","(8,7,12)","(560,280,90,1350,680,230,3380,1690,560,8780,4390,1460,23850,11930,3980,67500,33750,11250,198000,99000,33000,603000,301500,100500)","2000","20","31020001","1","(0,70,70,70)","(0,80,80,80)","(50,50,50)","(-374,-1,1,374,-187,-1,1,187,-60,-1,1,60)","(100,100,100)","(-374,-1,1,374,-187,-1,1,187,-60,-1,1,60)","93000158","35011008"
"43030244","(8,7,12)","(560,280,90,1350,680,230,3380,1690,560,8780,4390,1460,23850,11930,3980,67500,33750,11250,198000,99000,33000,603000,301500,100500,1908000,954000,318000)","2000","20","31020001","1","(0,70,70,70)","(0,80,80,80)","(50,50,50)","(-374,-1,1,374,-187,-1,1,187,-60,-1,1,60)","(100,100,100)","(-374,-1,1,374,-187,-1,1,187,-60,-1,1,60)","93000158","35011008"
"43030245","(8,7,12)","(560,280,90,1350,680,230,3380,1690,560,8780,4390,1460,23850,11930,3980,67500,33750,11250,198000,99000,33000,603000,301500,100500,1908000,954000,318000)","2000","20","31020001","1","(0,70,70,70)","(0,80,80,80)","(50,50,50)","(-374,-1,1,374,-187,-1,1,187,-60,-1,1,60)","(100,100,100)","(-374,-1,1,374,-187,-1,1,187,-60,-1,1,60)","93000158","35011008"
"43030246","(8,7,12)","(560,280,90,1350,680,230,3380,1690,560,8780,4390,1460,23850,11930,3980,67500,33750,11250,198000,99000,33000,603000,301500,100500,1908000,954000,318000)","2000","20","31020001","1","(0,70,70,70)","(0,80,80,80)","(50,50,50)","(-374,-1,1,374,-187,-1,1,187,-60,-1,1,60)","(100,100,100)","(-374,-1,1,374,-187,-1,1,187,-60,-1,1,60)","93000158","35011008"
"43030247","(8,7,12)","(560,280,90,1350,680,230,3380,1690,560,8780,4390,1460,23850,11930,3980,67500,33750,11250,198000,99000,33000,603000,301500,100500,1908000,954000,318000)","2000","20","31020001","1","(0,70,70,70)","(0,80,80,80)","(50,50,50)","(-374,-1,1,374,-187,-1,1,187,-60,-1,1,60)","(100,100,100)","(-374,-1,1,374,-187,-1,1,187,-60,-1,1,60)","93000158","35011008"
"43030248","(8,7,12)","(560,280,90,1350,680,230,3380,1690,560,8780,4390,1460,23850,11930,3980,67500,33750,11250,198000,99000,33000,603000,301500,100500,1908000,954000,318000)","2000","20","31020001","1","(0,70,70,70)","(0,80,80,80)","(50,50,50)","(-374,-1,1,374,-187,-1,1,187,-60,-1,1,60)","(100,100,100)","(-374,-1,1,374,-187,-1,1,187,-60,-1,1,60)","93000158","35011008"
"43030249","(8,7,12)","(560,280,90,1350,680,230,3380,1690,560,8780,4390,1460,23850,11930,3980,67500,33750,11250,198000,99000,33000,603000,301500,100500,1908000,954000,318000)","2000","20","31020001","1","(0,70,70,70)","(0,80,80,80)","(50,50,50)","(-374,-1,1,374,-187,-1,1,187,-60,-1,1,60)","(100,100,100)","(-374,-1,1,374,-187,-1,1,187,-60,-1,1,60)","93000158","35011008"
"43030250","(8,7,12)","(560,280,90,1350,680,230,3380,1690,560,8780,4390,1460,23850,11930,3980,67500,33750,11250,198000,99000,33000,603000,301500,100500,1908000,954000,318000)","2000","20","31020001","1","(0,70,70,70)","(0,80,80,80)","(50,50,50)","(-374,-1,1,374,-187,-1,1,187,-60,-1,1,60)","(100,100,100)","(-374,-1,1,374,-187,-1,1,187,-60,-1,1,60)","93000158","35011008"
"43030251","(8,7,12)","(560,280,90,1350,680,230,3380,1690,560,8780,4390,1460,23850,11930,3980,67500,33750,11250)","2000","20","31020001","1","(0,70,70,70)","(0,80,80,80)","(50,50,50)","(-374,-1,1,374,-187,-1,1,187,-60,-1,1,60)","(100,100,100)","(-374,-1,1,374,-187,-1,1,187,-60,-1,1,60)","93000158","35011008"
"43030252","(8,7,12)","(560,280,90,1350,680,230,3380,1690,560,8780,4390,1460,23850,11930,3980,67500,33750,11250,198000,99000,33000)","2000","20","31020001","1","(0,70,70,70)","(0,80,80,80)","(50,50,50)","(-374,-1,1,374,-187,-1,1,187,-60,-1,1,60)","(100,100,100)","(-374,-1,1,374,-187,-1,1,187,-60,-1,1,60)","93000158","35011008"
"43030253","(8,7,12)","(560,280,90,1350,680,230,3380,1690,560,8780,4390,1460,23850,11930,3980,67500,33750,11250,198000,99000,33000,603000,301500,100500)","2000","20","31020001","1","(0,70,70,70)","(0,80,80,80)","(50,50,50)","(-374,-1,1,374,-187,-1,1,187,-60,-1,1,60)","(100,100,100)","(-374,-1,1,374,-187,-1,1,187,-60,-1,1,60)","93000158","35011008"
"43030254","(8,7,12)","(560,280,90,1350,680,230,3380,1690,560,8780,4390,1460,23850,11930,3980,67500,33750,11250,198000,99000,33000,603000,301500,100500,1908000,954000,318000)","2000","20","31020001","1","(0,70,70,70)","(0,80,80,80)","(50,50,50)","(-374,-1,1,374,-187,-1,1,187,-60,-1,1,60)","(100,100,100)","(-374,-1,1,374,-187,-1,1,187,-60,-1,1,60)","93000158","35011008"
"43030255","(8,7,12)","(560,280,90,1350,680,230,3380,1690,560,8780,4390,1460,23850,11930,3980,67500,33750,11250,198000,99000,33000,603000,301500,100500,1908000,954000,318000)","2000","20","31020001","1","(0,70,70,70)","(0,80,80,80)","(50,50,50)","(-374,-1,1,374,-187,-1,1,187,-60,-1,1,60)","(100,100,100)","(-374,-1,1,374,-187,-1,1,187,-60,-1,1,60)","93000158","35011008"
"43030256","(8,7,12)","(560,280,90,1350,680,230,3380,1690,560,8780,4390,1460,23850,11930,3980,67500,33750,11250,198000,99000,33000,603000,301500,100500,1908000,954000,318000)","2000","20","31020001","1","(0,70,70,70)","(0,80,80,80)","(50,50,50)","(-374,-1,1,374,-187,-1,1,187,-60,-1,1,60)","(100,100,100)","(-374,-1,1,374,-187,-1,1,187,-60,-1,1,60)","93000158","35011008"
"43030257","(8,7,12)","(560,280,90,1350,680,230,3380,1690,560,8780,4390,1460,23850,11930,3980,67500,33750,11250,198000,99000,33000,603000,301500,100500,1908000,954000,318000)","2000","20","31020001","1","(0,70,70,70)","(0,80,80,80)","(50,50,50)","(-374,-1,1,374,-187,-1,1,187,-60,-1,1,60)","(100,100,100)","(-374,-1,1,374,-187,-1,1,187,-60,-1,1,60)","93000158","35011008"
"43030258","(8,7,12)","(560,280,90,1350,680,230,3380,1690,560,8780,4390,1460,23850,11930,3980,67500,33750,11250,198000,99000,33000,603000,301500,100500,1908000,954000,318000)","2000","20","31020001","1","(0,70,70,70)","(0,80,80,80)","(50,50,50)","(-374,-1,1,374,-187,-1,1,187,-60,-1,1,60)","(100,100,100)","(-374,-1,1,374,-187,-1,1,187,-60,-1,1,60)","93000158","35011008"
"43030259","(8,7,12)","(560,280,90,1350,680,230,3380,1690,560,8780,4390,1460,23850,11930,3980,67500,33750,11250,198000,99000,33000,603000,301500,100500,1908000,954000,318000)","2000","20","31020001","1","(0,70,70,70)","(0,80,80,80)","(50,50,50)","(-374,-1,1,374,-187,-1,1,187,-60,-1,1,60)","(100,100,100)","(-374,-1,1,374,-187,-1,1,187,-60,-1,1,60)","93000158","35011008"
"43030260","(8,7,12)","(560,280,90,1350,680,230,3380,1690,560,8780,4390,1460,23850,11930,3980,67500,33750,11250,198000,99000,33000,603000,301500,100500,1908000,954000,318000)","2000","20","31020001","1","(0,70,70,70)","(0,80,80,80)","(50,50,50)","(-374,-1,1,374,-187,-1,1,187,-60,-1,1,60)","(100,100,100)","(-374,-1,1,374,-187,-1,1,187,-60,-1,1,60)","93000158","35011008"
"43030261","(8,7,12)","(560,280,90,1350,680,230,3380,1690,560,8780,4390,1460,23850,11930,3980,67500,33750,11250)","2000","20","31020001","1","(0,70,70,70)","(0,80,80,80)","(50,50,50)","(-374,-1,1,374,-187,-1,1,187,-60,-1,1,60)","(100,100,100)","(-374,-1,1,374,-187,-1,1,187,-60,-1,1,60)","93000158","35011008"
"43030262","(8,7,12)","(560,280,90,1350,680,230,3380,1690,560,8780,4390,1460,23850,11930,3980,67500,33750,11250,198000,99000,33000)","2000","20","31020001","1","(0,70,70,70)","(0,80,80,80)","(50,50,50)","(-374,-1,1,374,-187,-1,1,187,-60,-1,1,60)","(100,100,100)","(-374,-1,1,374,-187,-1,1,187,-60,-1,1,60)","93000158","35011008"
"43030263","(8,7,12)","(560,280,90,1350,680,230,3380,1690,560,8780,4390,1460,23850,11930,3980,67500,33750,11250,198000,99000,33000,603000,301500,100500)","2000","20","31020001","1","(0,70,70,70)","(0,80,80,80)","(50,50,50)","(-374,-1,1,374,-187,-1,1,187,-60,-1,1,60)","(100,100,100)","(-374,-1,1,374,-187,-1,1,187,-60,-1,1,60)","93000158","35011008"
"43030264","(8,7,12)","(560,280,90,1350,680,230,3380,1690,560,8780,4390,1460,23850,11930,3980,67500,33750,11250,198000,99000,33000,603000,301500,100500,1908000,954000,318000)","2000","20","31020001","1","(0,70,70,70)","(0,80,80,80)","(50,50,50)","(-374,-1,1,374,-187,-1,1,187,-60,-1,1,60)","(100,100,100)","(-374,-1,1,374,-187,-1,1,187,-60,-1,1,60)","93000158","35011008"
"43030265","(8,7,12)","(560,280,90,1350,680,230,3380,1690,560,8780,4390,1460,23850,11930,3980,67500,33750,11250,198000,99000,33000,603000,301500,100500,1908000,954000,318000)","2000","20","31020001","1","(0,70,70,70)","(0,80,80,80)","(50,50,50)","(-374,-1,1,374,-187,-1,1,187,-60,-1,1,60)","(100,100,100)","(-374,-1,1,374,-187,-1,1,187,-60,-1,1,60)","93000158","35011008"
"43030266","(8,7,12)","(560,280,90,1350,680,230,3380,1690,560,8780,4390,1460,23850,11930,3980,67500,33750,11250,198000,99000,33000,603000,301500,100500,1908000,954000,318000)","2000","20","31020001","1","(0,70,70,70)","(0,80,80,80)","(50,50,50)","(-374,-1,1,374,-187,-1,1,187,-60,-1,1,60)","(100,100,100)","(-374,-1,1,374,-187,-1,1,187,-60,-1,1,60)","93000158","35011008"
"43030267","(8,7,12)","(560,280,90,1350,680,230,3380,1690,560,8780,4390,1460,23850,11930,3980,67500,33750,11250,198000,99000,33000,603000,301500,100500,1908000,954000,318000)","2000","20","31020001","1","(0,70,70,70)","(0,80,80,80)","(50,50,50)","(-374,-1,1,374,-187,-1,1,187,-60,-1,1,60)","(100,100,100)","(-374,-1,1,374,-187,-1,1,187,-60,-1,1,60)","93000158","35011008"
"43030268","(8,7,12)","(560,280,90,1350,680,230,3380,1690,560,8780,4390,1460,23850,11930,3980,67500,33750,11250,198000,99000,33000,603000,301500,100500,1908000,954000,318000)","2000","20","31020001","1","(0,70,70,70)","(0,80,80,80)","(50,50,50)","(-374,-1,1,374,-187,-1,1,187,-60,-1,1,60)","(100,100,100)","(-374,-1,1,374,-187,-1,1,187,-60,-1,1,60)","93000158","35011008"
"43030269","(8,7,12)","(560,280,90,1350,680,230,3380,1690,560,8780,4390,1460,23850,11930,3980,67500,33750,11250,198000,99000,33000,603000,301500,100500,1908000,954000,318000)","2000","20","31020001","1","(0,70,70,70)","(0,80,80,80)","(50,50,50)","(-374,-1,1,374,-187,-1,1,187,-60,-1,1,60)","(100,100,100)","(-374,-1,1,374,-187,-1,1,187,-60,-1,1,60)","93000158","35011008"
"43030270","(8,7,12)","(560,280,90,1350,680,230,3380,1690,560,8780,4390,1460,23850,11930,3980,67500,33750,11250,198000,99000,33000,603000,301500,100500,1908000,954000,318000)","2000","20","31020001","1","(0,70,70,70)","(0,80,80,80)","(50,50,50)","(-374,-1,1,374,-187,-1,1,187,-60,-1,1,60)","(100,100,100)","(-374,-1,1,374,-187,-1,1,187,-60,-1,1,60)","93000158","35011008"
"43030271","(8,7,12)","(560,280,90,1350,680,230,3380,1690,560,8780,4390,1460,23850,11930,3980,67500,33750,11250)","2000","20","31020001","1","(0,70,70,70)","(0,80,80,80)","(50,50,50)","(-374,-1,1,374,-187,-1,1,187,-60,-1,1,60)","(100,100,100)","(-374,-1,1,374,-187,-1,1,187,-60,-1,1,60)","93000158","35011008"
"43030272","(8,7,12)","(560,280,90,1350,680,230,3380,1690,560,8780,4390,1460,23850,11930,3980,67500,33750,11250,198000,99000,33000)","2000","20","31020001","1","(0,70,70,70)","(0,80,80,80)","(50,50,50)","(-374,-1,1,374,-187,-1,1,187,-60,-1,1,60)","(100,100,100)","(-374,-1,1,374,-187,-1,1,187,-60,-1,1,60)","93000158","35011008"
"43030273","(8,7,12)","(560,280,90,1350,680,230,3380,1690,560,8780,4390,1460,23850,11930,3980,67500,33750,11250,198000,99000,33000,603000,301500,100500)","2000","20","31020001","1","(0,70,70,70)","(0,80,80,80)","(50,50,50)","(-374,-1,1,374,-187,-1,1,187,-60,-1,1,60)","(100,100,100)","(-374,-1,1,374,-187,-1,1,187,-60,-1,1,60)","93000158","35011008"
"43030274","(8,7,12)","(560,280,90,1350,680,230,3380,1690,560,8780,4390,1460,23850,11930,3980,67500,33750,11250,198000,99000,33000,603000,301500,100500,1908000,954000,318000)","2000","20","31020001","1","(0,70,70,70)","(0,80,80,80)","(50,50,50)","(-374,-1,1,374,-187,-1,1,187,-60,-1,1,60)","(100,100,100)","(-374,-1,1,374,-187,-1,1,187,-60,-1,1,60)","93000158","35011008"
"43030275","(8,7,12)","(560,280,90,1350,680,230,3380,1690,560,8780,4390,1460,23850,11930,3980,67500,33750,11250,198000,99000,33000,603000,301500,100500,1908000,954000,318000)","2000","20","31020001","1","(0,70,70,70)","(0,80,80,80)","(50,50,50)","(-374,-1,1,374,-187,-1,1,187,-60,-1,1,60)","(100,100,100)","(-374,-1,1,374,-187,-1,1,187,-60,-1,1,60)","93000158","35011008"
"43030276","(8,7,12)","(560,280,90,1350,680,230,3380,1690,560,8780,4390,1460,23850,11930,3980,67500,33750,11250,198000,99000,33000,603000,301500,100500,1908000,954000,318000)","2000","20","31020001","1","(0,70,70,70)","(0,80,80,80)","(50,50,50)","(-374,-1,1,374,-187,-1,1,187,-60,-1,1,60)","(100,100,100)","(-374,-1,1,374,-187,-1,1,187,-60,-1,1,60)","93000158","35011008"
"43030277","(8,7,12)","(560,280,90,1350,680,230,3380,1690,560,8780,4390,1460,23850,11930,3980,67500,33750,11250,198000,99000,33000,603000,301500,100500,1908000,954000,318000)","2000","20","31020001","1","(0,70,70,70)","(0,80,80,80)","(50,50,50)","(-374,-1,1,374,-187,-1,1,187,-60,-1,1,60)","(100,100,100)","(-374,-1,1,374,-187,-1,1,187,-60,-1,1,60)","93000158","35011008"
"43030278","(8,7,12)","(560,280,90,1350,680,230,3380,1690,560,8780,4390,1460,23850,11930,3980,67500,33750,11250,198000,99000,33000,603000,301500,100500,1908000,954000,318000)","2000","20","31020001","1","(0,70,70,70)","(0,80,80,80)","(50,50,50)","(-374,-1,1,374,-187,-1,1,187,-60,-1,1,60)","(100,100,100)","(-374,-1,1,374,-187,-1,1,187,-60,-1,1,60)","93000158","35011008"
"43030279","(8,7,12)","(560,280,90,1350,680,230,3380,1690,560,8780,4390,1460,23850,11930,3980,67500,33750,11250,198000,99000,33000,603000,301500,100500,1908000,954000,318000)","2000","20","31020001","1","(0,70,70,70)","(0,80,80,80)","(50,50,50)","(-374,-1,1,374,-187,-1,1,187,-60,-1,1,60)","(100,100,100)","(-374,-1,1,374,-187,-1,1,187,-60,-1,1,60)","93000158","35011008"
"43030280","(8,7,12)","(560,280,90,1350,680,230,3380,1690,560,8780,4390,1460,23850,11930,3980,67500,33750,11250,198000,99000,33000,603000,301500,100500,1908000,954000,318000)","2000","20","31020001","1","(0,70,70,70)","(0,80,80,80)","(50,50,50)","(-374,-1,1,374,-187,-1,1,187,-60,-1,1,60)","(100,100,100)","(-374,-1,1,374,-187,-1,1,187,-60,-1,1,60)","93000158","35011008"
"43040001","(8,7,10)","(0,0,0)","2000","20","31020001","1","(0,70,70,70)","(0,80,80,80)","(50,50,50)","(-374,-1,1,374,-187,-1,1,187,-30,-1,1,30)","(100,100,100)","(-374,-1,1,374,-187,-1,1,187,-30,-1,1,30)","93000037","35011008"
"43040002","(8,7,10)","(560,280,50)","2000","20","31020001","1","(0,70,70,70)","(0,80,80,80)","(50,50,50)","(-374,-1,1,374,-187,-1,1,187,-30,-1,1,30)","(100,100,100)","(-374,-1,1,374,-187,-1,1,187,-30,-1,1,30)","93000037","35011008"
"43040003","(8,7,10)","(560,280,50)","2000","20","31020001","1","(0,70,70,70)","(0,80,80,80)","(50,50,50)","(-374,-1,1,374,-187,-1,1,187,-30,-1,1,30)","(100,100,100)","(-374,-1,1,374,-187,-1,1,187,-30,-1,1,30)","93000037","35011008"
"43040004","(8,7,10)","(560,280,50)","2000","20","31020001","1","(0,70,70,70)","(0,80,80,80)","(50,50,50)","(-374,-1,1,374,-187,-1,1,187,-30,-1,1,30)","(100,100,100)","(-374,-1,1,374,-187,-1,1,187,-30,-1,1,30)","93000037","35011008"
"43040005","(8,7,10)","(560,280,50,1350,680,110,3380,1690,280)","2000","20","31020001","1","(0,70,70,70)","(0,80,80,80)","(50,50,50)","(-374,-1,1,374,-187,-1,1,187,-30,-1,1,30)","(100,100,100)","(-374,-1,1,374,-187,-1,1,187,-30,-1,1,30)","93000158","35011008"
"43040006","(8,7,10)","(560,280,50,1350,680,110,3380,1690,280,8780,4390,730,23850,11930,1990)","2000","20","31020001","1","(0,70,70,70)","(0,80,80,80)","(50,50,50)","(-374,-1,1,374,-187,-1,1,187,-30,-1,1,30)","(100,100,100)","(-374,-1,1,374,-187,-1,1,187,-30,-1,1,30)","93000158","35011008"
"43040007","(8,7,10)","(0,0,0)","2000","20","31020001","1","(0,70,70,70)","(0,80,80,80)","(50,50,50)","(-374,-1,1,374,-187,-1,1,187,-30,-1,1,30)","(100,100,100)","(-374,-1,1,374,-187,-1,1,187,-30,-1,1,30)","93000037","35011008"
"43040008","(8,7,10)","(560,280,50)","2000","20","31020001","1","(0,70,70,70)","(0,80,80,80)","(50,50,50)","(-374,-1,1,374,-187,-1,1,187,-30,-1,1,30)","(100,100,100)","(-374,-1,1,374,-187,-1,1,187,-30,-1,1,30)","93000037","35011008"
"43040009","(8,7,10)","(560,280,50)","2000","20","31020001","1","(0,70,70,70)","(0,80,80,80)","(50,50,50)","(-374,-1,1,374,-187,-1,1,187,-30,-1,1,30)","(100,100,100)","(-374,-1,1,374,-187,-1,1,187,-30,-1,1,30)","93000037","35011008"
"43040010","(8,7,10)","(560,280,50,1350,680,110)","2000","20","31020001","1","(0,70,70,70)","(0,80,80,80)","(50,50,50)","(-374,-1,1,374,-187,-1,1,187,-30,-1,1,30)","(100,100,100)","(-374,-1,1,374,-187,-1,1,187,-30,-1,1,30)","93000037","35011008"
"43040011","(8,7,10)","(560,280,50,1350,680,110,3380,1690,280,8780,4390,730)","2000","20","31020001","1","(0,70,70,70)","(0,80,80,80)","(50,50,50)","(-374,-1,1,374,-187,-1,1,187,-30,-1,1,30)","(100,100,100)","(-374,-1,1,374,-187,-1,1,187,-30,-1,1,30)","93000158","35011008"
"43040012","(8,7,10)","(560,280,50,1350,680,110,3380,1690,280,8780,4390,730,23850,11930,1990,67500,33750,5630)","2000","20","31020001","1","(0,70,70,70)","(0,80,80,80)","(50,50,50)","(-374,-1,1,374,-187,-1,1,187,-30,-1,1,30)","(100,100,100)","(-374,-1,1,374,-187,-1,1,187,-30,-1,1,30)","93000158","35011008"
"43040013","(8,7,10)","(0,0,0)","2000","20","31020001","1","(0,70,70,70)","(0,80,80,80)","(50,50,50)","(-374,-1,1,374,-187,-1,1,187,-30,-1,1,30)","(100,100,100)","(-374,-1,1,374,-187,-1,1,187,-30,-1,1,30)","93000037","35011008"
"43040014","(8,7,10)","(560,280,50)","2000","20","31020001","1","(0,70,70,70)","(0,80,80,80)","(50,50,50)","(-374,-1,1,374,-187,-1,1,187,-30,-1,1,30)","(100,100,100)","(-374,-1,1,374,-187,-1,1,187,-30,-1,1,30)","93000037","35011008"
"43040015","(8,7,10)","(560,280,50,1350,680,110)","2000","20","31020001","1","(0,70,70,70)","(0,80,80,80)","(50,50,50)","(-374,-1,1,374,-187,-1,1,187,-30,-1,1,30)","(100,100,100)","(-374,-1,1,374,-187,-1,1,187,-30,-1,1,30)","93000037","35011008"
"43040016","(8,7,10)","(560,280,50,1350,680,110,3380,1690,280)","2000","20","31020001","1","(0,70,70,70)","(0,80,80,80)","(50,50,50)","(-374,-1,1,374,-187,-1,1,187,-30,-1,1,30)","(100,100,100)","(-374,-1,1,374,-187,-1,1,187,-30,-1,1,30)","93000037","35011008"
"43040017","(8,7,10)","(560,280,50,1350,680,110,3380,1690,280,8780,4390,730,23850,11930,1990)","2000","20","31020001","1","(0,70,70,70)","(0,80,80,80)","(50,50,50)","(-374,-1,1,374,-187,-1,1,187,-30,-1,1,30)","(100,100,100)","(-374,-1,1,374,-187,-1,1,187,-30,-1,1,30)","93000158","35011008"
"43040018","(8,7,10)","(560,280,50,1350,680,110,3380,1690,280,8780,4390,730,23850,11930,1990,67500,33750,5630,198000,99000,16500)","2000","20","31020001","1","(0,70,70,70)","(0,80,80,80)","(50,50,50)","(-374,-1,1,374,-187,-1,1,187,-30,-1,1,30)","(100,100,100)","(-374,-1,1,374,-187,-1,1,187,-30,-1,1,30)","93000158","35011008"
"43040019","(8,7,10)","(0,0,0)","2000","20","31020001","1","(0,70,70,70)","(0,80,80,80)","(50,50,50)","(-374,-1,1,374,-187,-1,1,187,-30,-1,1,30)","(100,100,100)","(-374,-1,1,374,-187,-1,1,187,-30,-1,1,30)","93000037","35011008"
"43040020","(8,7,10)","(560,280,50,1350,680,110)","2000","20","31020001","1","(0,70,70,70)","(0,80,80,80)","(50,50,50)","(-374,-1,1,374,-187,-1,1,187,-30,-1,1,30)","(100,100,100)","(-374,-1,1,374,-187,-1,1,187,-30,-1,1,30)","93000037","35011008"
"43040021","(8,7,10)","(560,280,50,1350,680,110,3380,1690,280)","2000","20","31020001","1","(0,70,70,70)","(0,80,80,80)","(50,50,50)","(-374,-1,1,374,-187,-1,1,187,-30,-1,1,30)","(100,100,100)","(-374,-1,1,374,-187,-1,1,187,-30,-1,1,30)","93000037","35011008"
"43040022","(8,7,10)","(560,280,50,1350,680,110,3380,1690,280,8780,4390,730)","2000","20","31020001","1","(0,70,70,70)","(0,80,80,80)","(50,50,50)","(-374,-1,1,374,-187,-1,1,187,-30,-1,1,30)","(100,100,100)","(-374,-1,1,374,-187,-1,1,187,-30,-1,1,30)","93000037","35011008"
"43040023","(8,7,10)","(560,280,50,1350,680,110,3380,1690,280,8780,4390,730,23850,11930,1990,67500,33750,5630)","2000","20","31020001","1","(0,70,70,70)","(0,80,80,80)","(50,50,50)","(-374,-1,1,374,-187,-1,1,187,-30,-1,1,30)","(100,100,100)","(-374,-1,1,374,-187,-1,1,187,-30,-1,1,30)","93000158","35011008"
"43040024","(8,7,10)","(560,280,50,1350,680,110,3380,1690,280,8780,4390,730,23850,11930,1990,67500,33750,5630,198000,99000,16500)","2000","20","31020001","1","(0,70,70,70)","(0,80,80,80)","(50,50,50)","(-374,-1,1,374,-187,-1,1,187,-30,-1,1,30)","(100,100,100)","(-374,-1,1,374,-187,-1,1,187,-30,-1,1,30)","93000158","35011008"
"43040025","(8,7,10)","(0,0,0)","2000","20","31020001","1","(0,70,70,70)","(0,80,80,80)","(50,50,50)","(-374,-1,1,374,-187,-1,1,187,-30,-1,1,30)","(100,100,100)","(-374,-1,1,374,-187,-1,1,187,-30,-1,1,30)","93000037","35011008"
"43040026","(8,7,10)","(560,280,50,1350,680,110,3380,1690,280","2000","20","31020001","1","(0,70,70,70)","(0,80,80,80)","(50,50,50)","(-374,-1,1,374,-187,-1,1,187,-30,-1,1,30)","(100,100,100)","(-374,-1,1,374,-187,-1,1,187,-30,-1,1,30)","93000037","35011008"
"43040027","(8,7,10)","(560,280,50,1350,680,110,3380,1690,280,8780,4390,730)","2000","20","31020001","1","(0,70,70,70)","(0,80,80,80)","(50,50,50)","(-374,-1,1,374,-187,-1,1,187,-30,-1,1,30)","(100,100,100)","(-374,-1,1,374,-187,-1,1,187,-30,-1,1,30)","93000037","35011008"
"43040028","(8,7,10)","(560,280,50,1350,680,110,3380,1690,280,8780,4390,730,23850,11930,1990)","2000","20","31020001","1","(0,70,70,70)","(0,80,80,80)","(50,50,50)","(-374,-1,1,374,-187,-1,1,187,-30,-1,1,30)","(100,100,100)","(-374,-1,1,374,-187,-1,1,187,-30,-1,1,30)","93000037","35011008"
"43040029","(8,7,10)","(560,280,50,1350,680,110,3380,1690,280,8780,4390,730,23850,11930,1990,67500,33750,5630,198000,99000,16500)","2000","20","31020001","1","(0,70,70,70)","(0,80,80,80)","(50,50,50)","(-374,-1,1,374,-187,-1,1,187,-30,-1,1,30)","(100,100,100)","(-374,-1,1,374,-187,-1,1,187,-30,-1,1,30)","93000158","35011008"
"43040030","(8,7,10)","(560,280,50,1350,680,110,3380,1690,280,8780,4390,730,23850,11930,1990,67500,33750,5630,198000,99000,16500)","2000","20","31020001","1","(0,70,70,70)","(0,80,80,80)","(50,50,50)","(-374,-1,1,374,-187,-1,1,187,-30,-1,1,30)","(100,100,100)","(-374,-1,1,374,-187,-1,1,187,-30,-1,1,30)","93000158","35011008"
"43040031","(8,7,10)","(0,0,0)","2000","20","31020001","1","(0,70,70,70)","(0,80,80,80)","(50,50,50)","(-374,-1,1,374,-187,-1,1,187,-30,-1,1,30)","(100,100,100)","(-374,-1,1,374,-187,-1,1,187,-30,-1,1,30)","93000037","35011008"
"43040032","(8,7,10)","(560,280,50,1350,680,110,3380,1690,280,8780,4390,730)","2000","20","31020001","1","(0,70,70,70)","(0,80,80,80)","(50,50,50)","(-374,-1,1,374,-187,-1,1,187,-30,-1,1,30)","(100,100,100)","(-374,-1,1,374,-187,-1,1,187,-30,-1,1,30)","93000037","35011008"
"43040033","(8,7,10)","(560,280,50,1350,680,110,3380,1690,280,8780,4390,730,23850,11930,1990)","2000","20","31020001","1","(0,70,70,70)","(0,80,80,80)","(50,50,50)","(-374,-1,1,374,-187,-1,1,187,-30,-1,1,30)","(100,100,100)","(-374,-1,1,374,-187,-1,1,187,-30,-1,1,30)","93000037","35011008"
"43040034","(8,7,10)","(560,280,50,1350,680,110,3380,1690,280,8780,4390,730,23850,11930,1990,67500,33750,5630)","2000","20","31020001","1","(0,70,70,70)","(0,80,80,80)","(50,50,50)","(-374,-1,1,374,-187,-1,1,187,-30,-1,1,30)","(100,100,100)","(-374,-1,1,374,-187,-1,1,187,-30,-1,1,30)","93000037","35011008"
"43040035","(8,7,10)","(560,280,50,1350,680,110,3380,1690,280,8780,4390,730,23850,11930,1990,67500,33750,5630,198000,99000,16500)","2000","20","31020001","1","(0,70,70,70)","(0,80,80,80)","(50,50,50)","(-374,-1,1,374,-187,-1,1,187,-30,-1,1,30)","(100,100,100)","(-374,-1,1,374,-187,-1,1,187,-30,-1,1,30)","93000158","35011008"
"43040036","(8,7,10)","(560,280,50,1350,680,110,3380,1690,280,8780,4390,730,23850,11930,1990,67500,33750,5630,198000,99000,16500,603000,301500,50250)","2000","20","31020001","1","(0,70,70,70)","(0,80,80,80)","(50,50,50)","(-374,-1,1,374,-187,-1,1,187,-30,-1,1,30)","(100,100,100)","(-374,-1,1,374,-187,-1,1,187,-30,-1,1,30)","93000158","35011008"
"43040037","(8,7,10)","(0,0,0)","2000","20","31020001","1","(0,70,70,70)","(0,80,80,80)","(50,50,50)","(-374,-1,1,374,-187,-1,1,187,-30,-1,1,30)","(100,100,100)","(-374,-1,1,374,-187,-1,1,187,-30,-1,1,30)","93000037","35011008"
"43040038","(8,7,10)","(560,280,50,1350,680,110,3380,1690,280,8780,4390,730,23850,11930,1990)","2000","20","31020001","1","(0,70,70,70)","(0,80,80,80)","(50,50,50)","(-374,-1,1,374,-187,-1,1,187,-30,-1,1,30)","(100,100,100)","(-374,-1,1,374,-187,-1,1,187,-30,-1,1,30)","93000037","35011008"
"43040039","(8,7,10)","(560,280,50,1350,680,110,3380,1690,280,8780,4390,730,23850,11930,1990,67500,33750,5630)","2000","20","31020001","1","(0,70,70,70)","(0,80,80,80)","(50,50,50)","(-374,-1,1,374,-187,-1,1,187,-30,-1,1,30)","(100,100,100)","(-374,-1,1,374,-187,-1,1,187,-30,-1,1,30)","93000037","35011008"
"43040040","(8,7,10)","(560,280,50,1350,680,110,3380,1690,280,8780,4390,730,23850,11930,1990,67500,33750,5630,198000,99000,16500)","2000","20","31020001","1","(0,70,70,70)","(0,80,80,80)","(50,50,50)","(-374,-1,1,374,-187,-1,1,187,-30,-1,1,30)","(100,100,100)","(-374,-1,1,374,-187,-1,1,187,-30,-1,1,30)","93000037","35011008"
"43040041","(8,7,10)","(560,280,50,1350,680,110,3380,1690,280,8780,4390,730,23850,11930,1990,67500,33750,5630,198000,99000,16500,603000,301500,50250)","2000","20","31020001","1","(0,70,70,70)","(0,80,80,80)","(50,50,50)","(-374,-1,1,374,-187,-1,1,187,-30,-1,1,30)","(100,100,100)","(-374,-1,1,374,-187,-1,1,187,-30,-1,1,30)","93000158","35011008"
"43040042","(8,7,10)","(560,280,50,1350,680,110,3380,1690,280,8780,4390,730,23850,11930,1990,67500,33750,5630,198000,99000,16500,603000,301500,50250,1908000,954000,159000)","2000","20","31020001","1","(0,70,70,70)","(0,80,80,80)","(50,50,50)","(-374,-1,1,374,-187,-1,1,187,-30,-1,1,30)","(100,100,100)","(-374,-1,1,374,-187,-1,1,187,-30,-1,1,30)","93000158","35011008"
"43040043","(8,7,10)","(0,0,0)","2000","20","31020001","1","(0,70,70,70)","(0,80,80,80)","(50,50,50)","(-374,-1,1,374,-187,-1,1,187,-30,-1,1,30)","(100,100,100)","(-374,-1,1,374,-187,-1,1,187,-30,-1,1,30)","93000037","35011008"
"43040044","(8,7,10)","(560,280,50,1350,680,110,3380,1690,280,8780,4390,730,23850,11930,1990,67500,33750,5630)","2000","20","31020001","1","(0,70,70,70)","(0,80,80,80)","(50,50,50)","(-374,-1,1,374,-187,-1,1,187,-30,-1,1,30)","(100,100,100)","(-374,-1,1,374,-187,-1,1,187,-30,-1,1,30)","93000037","35011008"
"43040045","(8,7,10)","(560,280,50,1350,680,110,3380,1690,280,8780,4390,730,23850,11930,1990,67500,33750,5630,198000,99000,16500)","2000","20","31020001","1","(0,70,70,70)","(0,80,80,80)","(50,50,50)","(-374,-1,1,374,-187,-1,1,187,-30,-1,1,30)","(100,100,100)","(-374,-1,1,374,-187,-1,1,187,-30,-1,1,30)","93000037","35011008"
"43040046","(8,7,10)","(560,280,50,1350,680,110,3380,1690,280,8780,4390,730,23850,11930,1990,67500,33750,5630,198000,99000,16500,603000,301500,50250)","2000","20","31020001","1","(0,70,70,70)","(0,80,80,80)","(50,50,50)","(-374,-1,1,374,-187,-1,1,187,-30,-1,1,30)","(100,100,100)","(-374,-1,1,374,-187,-1,1,187,-30,-1,1,30)","93000037","35011008"
"43040047","(8,7,10)","(560,280,50,1350,680,110,3380,1690,280,8780,4390,730,23850,11930,1990,67500,33750,5630,198000,99000,16500,603000,301500,50250,1908000,954000,159000)","2000","20","31020001","1","(0,70,70,70)","(0,80,80,80)","(50,50,50)","(-374,-1,1,374,-187,-1,1,187,-30,-1,1,30)","(100,100,100)","(-374,-1,1,374,-187,-1,1,187,-30,-1,1,30)","93000158","35011008"
"43040048","(8,7,10)","(560,280,50,1350,680,110,3380,1690,280,8780,4390,730,23850,11930,1990,67500,33750,5630,198000,99000,16500,603000,301500,50250,1908000,954000,159000)","2000","20","31020001","1","(0,70,70,70)","(0,80,80,80)","(50,50,50)","(-374,-1,1,374,-187,-1,1,187,-30,-1,1,30)","(100,100,100)","(-374,-1,1,374,-187,-1,1,187,-30,-1,1,30)","93000158","35011008"
"43040049","(8,7,10)","(0,0,0)","2000","20","31020001","1","(0,70,70,70)","(0,80,80,80)","(50,50,50)","(-374,-1,1,374,-187,-1,1,187,-30,-1,1,30)","(100,100,100)","(-374,-1,1,374,-187,-1,1,187,-30,-1,1,30)","93000037","35011008"
"43040050","(8,7,10)","(560,280,50,1350,680,110,3380,1690,280,8780,4390,730,23850,11930,1990,67500,33750,5630,198000,99000,16500)","2000","20","31020001","1","(0,70,70,70)","(0,80,80,80)","(50,50,50)","(-374,-1,1,374,-187,-1,1,187,-30,-1,1,30)","(100,100,100)","(-374,-1,1,374,-187,-1,1,187,-30,-1,1,30)","93000037","35011008"
"43040051","(8,7,10)","(560,280,50,1350,680,110,3380,1690,280,8780,4390,730,23850,11930,1990,67500,33750,5630,198000,99000,16500,603000,301500,50250)","2000","20","31020001","1","(0,70,70,70)","(0,80,80,80)","(50,50,50)","(-374,-1,1,374,-187,-1,1,187,-30,-1,1,30)","(100,100,100)","(-374,-1,1,374,-187,-1,1,187,-30,-1,1,30)","93000037","35011008"
"43040052","(8,7,10)","(560,280,50,1350,680,110,3380,1690,280,8780,4390,730,23850,11930,1990,67500,33750,5630,198000,99000,16500,603000,301500,50250,1908000,954000,159000)","2000","20","31020001","1","(0,70,70,70)","(0,80,80,80)","(50,50,50)","(-374,-1,1,374,-187,-1,1,187,-30,-1,1,30)","(100,100,100)","(-374,-1,1,374,-187,-1,1,187,-30,-1,1,30)","93000037","35011008"
"43040053","(8,7,10)","(560,280,50,1350,680,110,3380,1690,280,8780,4390,730,23850,11930,1990,67500,33750,5630,198000,99000,16500,603000,301500,50250,1908000,954000,159000)","2000","20","31020001","1","(0,70,70,70)","(0,80,80,80)","(50,50,50)","(-374,-1,1,374,-187,-1,1,187,-30,-1,1,30)","(100,100,100)","(-374,-1,1,374,-187,-1,1,187,-30,-1,1,30)","93000158","35011008"
"43040054","(8,7,10)","(560,280,50,1350,680,110,3380,1690,280,8780,4390,730,23850,11930,1990,67500,33750,5630,198000,99000,16500,603000,301500,50250,1908000,954000,159000)","2000","20","31020001","1","(0,70,70,70)","(0,80,80,80)","(50,50,50)","(-374,-1,1,374,-187,-1,1,187,-30,-1,1,30)","(100,100,100)","(-374,-1,1,374,-187,-1,1,187,-30,-1,1,30)","93000158","35011008"
"43040055","(8,7,10)","(0,0,0)","2000","20","31020001","1","(0,70,70,70)","(0,80,80,80)","(50,50,50)","(-374,-1,1,374,-187,-1,1,187,-30,-1,1,30)","(100,100,100)","(-374,-1,1,374,-187,-1,1,187,-30,-1,1,30)","93000037","35011008"
"43040056","(8,7,10)","(560,280,50,1350,680,110,3380,1690,280,8780,4390,730,23850,11930,1990,67500,33750,5630,198000,99000,16500,603000,301500,50250)","2000","20","31020001","1","(0,70,70,70)","(0,80,80,80)","(50,50,50)","(-374,-1,1,374,-187,-1,1,187,-30,-1,1,30)","(100,100,100)","(-374,-1,1,374,-187,-1,1,187,-30,-1,1,30)","93000037","35011008"
"43040057","(8,7,10)","(560,280,50,1350,680,110,3380,1690,280,8780,4390,730,23850,11930,1990,67500,33750,5630,198000,99000,16500,603000,301500,50250,1908000,954000,159000)","2000","20","31020001","1","(0,70,70,70)","(0,80,80,80)","(50,50,50)","(-374,-1,1,374,-187,-1,1,187,-30,-1,1,30)","(100,100,100)","(-374,-1,1,374,-187,-1,1,187,-30,-1,1,30)","93000037","35011008"
"43040058","(8,7,10)","(560,280,50,1350,680,110,3380,1690,280,8780,4390,730,23850,11930,1990,67500,33750,5630,198000,99000,16500,603000,301500,50250,1908000,954000,159000)","2000","20","31020001","1","(0,70,70,70)","(0,80,80,80)","(50,50,50)","(-374,-1,1,374,-187,-1,1,187,-30,-1,1,30)","(100,100,100)","(-374,-1,1,374,-187,-1,1,187,-30,-1,1,30)","93000037","35011008"
"43040059","(8,7,10)","(560,280,50,1350,680,110,3380,1690,280,8780,4390,730,23850,11930,1990,67500,33750,5630,198000,99000,16500,603000,301500,50250,1908000,954000,159000)","2000","20","31020001","1","(0,70,70,70)","(0,80,80,80)","(50,50,50)","(-374,-1,1,374,-187,-1,1,187,-30,-1,1,30)","(100,100,100)","(-374,-1,1,374,-187,-1,1,187,-30,-1,1,30)","93000158","35011008"
"43040060","(8,7,10)","(560,280,50,1350,680,110,3380,1690,280,8780,4390,730,23850,11930,1990,67500,33750,5630,198000,99000,16500,603000,301500,50250,1908000,954000,159000)","2000","20","31020001","1","(0,70,70,70)","(0,80,80,80)","(50,50,50)","(-374,-1,1,374,-187,-1,1,187,-30,-1,1,30)","(100,100,100)","(-374,-1,1,374,-187,-1,1,187,-30,-1,1,30)","93000158","35011008"
"43040061","(8,7,10)","(0,0,0)","2000","20","31020001","1","(0,70,70,70)","(0,80,80,80)","(50,50,50)","(-374,-1,1,374,-187,-1,1,187,-30,-1,1,30)","(100,100,100)","(-374,-1,1,374,-187,-1,1,187,-30,-1,1,30)","93000037","35011008"
"43040062","(8,7,10)","(560,280,50)","2000","20","31020001","1","(0,70,70,70)","(0,80,80,80)","(50,50,50)","(-374,-1,1,374,-187,-1,1,187,-30,-1,1,30)","(100,100,100)","(-374,-1,1,374,-187,-1,1,187,-30,-1,1,30)","93000037","35011008"
"43040063","(8,7,10)","(560,280,50)","2000","20","31020001","1","(0,70,70,70)","(0,80,80,80)","(50,50,50)","(-374,-1,1,374,-187,-1,1,187,-30,-1,1,30)","(100,100,100)","(-374,-1,1,374,-187,-1,1,187,-30,-1,1,30)","93000037","35011008"
"43040064","(8,7,10)","(560,280,50)","2000","20","31020001","1","(0,70,70,70)","(0,80,80,80)","(50,50,50)","(-374,-1,1,374,-187,-1,1,187,-30,-1,1,30)","(100,100,100)","(-374,-1,1,374,-187,-1,1,187,-30,-1,1,30)","93000037","35011008"
"43040065","(8,7,10)","(560,280,50,1350,680,110,3380,1690,280)","2000","20","31020001","1","(0,70,70,70)","(0,80,80,80)","(50,50,50)","(-374,-1,1,374,-187,-1,1,187,-30,-1,1,30)","(100,100,100)","(-374,-1,1,374,-187,-1,1,187,-30,-1,1,30)","93000158","35011008"
"43040066","(8,7,10)","(560,280,50,1350,680,110,3380,1690,280,8780,4390,730,23850,11930,1990)","2000","20","31020001","1","(0,70,70,70)","(0,80,80,80)","(50,50,50)","(-374,-1,1,374,-187,-1,1,187,-30,-1,1,30)","(100,100,100)","(-374,-1,1,374,-187,-1,1,187,-30,-1,1,30)","93000158","35011008"
"43040067","(8,7,10)","(0,0,0)","2000","20","31020001","1","(0,70,70,70)","(0,80,80,80)","(50,50,50)","(-374,-1,1,374,-187,-1,1,187,-30,-1,1,30)","(100,100,100)","(-374,-1,1,374,-187,-1,1,187,-30,-1,1,30)","93000037","35011008"
"43040068","(8,7,10)","(560,280,50)","2000","20","31020001","1","(0,70,70,70)","(0,80,80,80)","(50,50,50)","(-374,-1,1,374,-187,-1,1,187,-30,-1,1,30)","(100,100,100)","(-374,-1,1,374,-187,-1,1,187,-30,-1,1,30)","93000037","35011008"
"43040069","(8,7,10)","(560,280,50)","2000","20","31020001","1","(0,70,70,70)","(0,80,80,80)","(50,50,50)","(-374,-1,1,374,-187,-1,1,187,-30,-1,1,30)","(100,100,100)","(-374,-1,1,374,-187,-1,1,187,-30,-1,1,30)","93000037","35011008"
"43040070","(8,7,10)","(560,280,50,1350,680,110)","2000","20","31020001","1","(0,70,70,70)","(0,80,80,80)","(50,50,50)","(-374,-1,1,374,-187,-1,1,187,-30,-1,1,30)","(100,100,100)","(-374,-1,1,374,-187,-1,1,187,-30,-1,1,30)","93000037","35011008"
"43040071","(8,7,10)","(560,280,50,1350,680,110,3380,1690,280,8780,4390,730)","2000","20","31020001","1","(0,70,70,70)","(0,80,80,80)","(50,50,50)","(-374,-1,1,374,-187,-1,1,187,-30,-1,1,30)","(100,100,100)","(-374,-1,1,374,-187,-1,1,187,-30,-1,1,30)","93000158","35011008"
"43040072","(8,7,10)","(560,280,50,1350,680,110,3380,1690,280,8780,4390,730,23850,11930,1990,67500,33750,5630)","2000","20","31020001","1","(0,70,70,70)","(0,80,80,80)","(50,50,50)","(-374,-1,1,374,-187,-1,1,187,-30,-1,1,30)","(100,100,100)","(-374,-1,1,374,-187,-1,1,187,-30,-1,1,30)","93000158","35011008"
"43040073","(8,7,10)","(0,0,0)","2000","20","31020001","1","(0,70,70,70)","(0,80,80,80)","(50,50,50)","(-374,-1,1,374,-187,-1,1,187,-30,-1,1,30)","(100,100,100)","(-374,-1,1,374,-187,-1,1,187,-30,-1,1,30)","93000037","35011008"
"43040074","(8,7,10)","(560,280,50)","2000","20","31020001","1","(0,70,70,70)","(0,80,80,80)","(50,50,50)","(-374,-1,1,374,-187,-1,1,187,-30,-1,1,30)","(100,100,100)","(-374,-1,1,374,-187,-1,1,187,-30,-1,1,30)","93000037","35011008"
"43040075","(8,7,10)","(560,280,50,1350,680,110)","2000","20","31020001","1","(0,70,70,70)","(0,80,80,80)","(50,50,50)","(-374,-1,1,374,-187,-1,1,187,-30,-1,1,30)","(100,100,100)","(-374,-1,1,374,-187,-1,1,187,-30,-1,1,30)","93000037","35011008"
"43040076","(8,7,10)","(560,280,50,1350,680,110,3380,1690,280)","2000","20","31020001","1","(0,70,70,70)","(0,80,80,80)","(50,50,50)","(-374,-1,1,374,-187,-1,1,187,-30,-1,1,30)","(100,100,100)","(-374,-1,1,374,-187,-1,1,187,-30,-1,1,30)","93000037","35011008"
"43040077","(8,7,10)","(560,280,50,1350,680,110,3380,1690,280,8780,4390,730,23850,11930,1990)","2000","20","31020001","1","(0,70,70,70)","(0,80,80,80)","(50,50,50)","(-374,-1,1,374,-187,-1,1,187,-30,-1,1,30)","(100,100,100)","(-374,-1,1,374,-187,-1,1,187,-30,-1,1,30)","93000158","35011008"
"43040078","(8,7,10)","(560,280,50,1350,680,110,3380,1690,280,8780,4390,730,23850,11930,1990,67500,33750,5630,198000,99000,16500)","2000","20","31020001","1","(0,70,70,70)","(0,80,80,80)","(50,50,50)","(-374,-1,1,374,-187,-1,1,187,-30,-1,1,30)","(100,100,100)","(-374,-1,1,374,-187,-1,1,187,-30,-1,1,30)","93000158","35011008"
"43040079","(8,7,10)","(0,0,0)","2000","20","31020001","1","(0,70,70,70)","(0,80,80,80)","(50,50,50)","(-374,-1,1,374,-187,-1,1,187,-30,-1,1,30)","(100,100,100)","(-374,-1,1,374,-187,-1,1,187,-30,-1,1,30)","93000037","35011008"
"43040080","(8,7,10)","(560,280,50,1350,680,110)","2000","20","31020001","1","(0,70,70,70)","(0,80,80,80)","(50,50,50)","(-374,-1,1,374,-187,-1,1,187,-30,-1,1,30)","(100,100,100)","(-374,-1,1,374,-187,-1,1,187,-30,-1,1,30)","93000037","35011008"
"43040081","(8,7,10)","(560,280,50,1350,680,110,3380,1690,280)","2000","20","31020001","1","(0,70,70,70)","(0,80,80,80)","(50,50,50)","(-374,-1,1,374,-187,-1,1,187,-30,-1,1,30)","(100,100,100)","(-374,-1,1,374,-187,-1,1,187,-30,-1,1,30)","93000037","35011008"
"43040082","(8,7,10)","(560,280,50,1350,680,110,3380,1690,280,8780,4390,730)","2000","20","31020001","1","(0,70,70,70)","(0,80,80,80)","(50,50,50)","(-374,-1,1,374,-187,-1,1,187,-30,-1,1,30)","(100,100,100)","(-374,-1,1,374,-187,-1,1,187,-30,-1,1,30)","93000037","35011008"
"43040083","(8,7,10)","(560,280,50,1350,680,110,3380,1690,280,8780,4390,730,23850,11930,1990,67500,33750,5630)","2000","20","31020001","1","(0,70,70,70)","(0,80,80,80)","(50,50,50)","(-374,-1,1,374,-187,-1,1,187,-30,-1,1,30)","(100,100,100)","(-374,-1,1,374,-187,-1,1,187,-30,-1,1,30)","93000158","35011008"
"43040084","(8,7,10)","(560,280,50,1350,680,110,3380,1690,280,8780,4390,730,23850,11930,1990,67500,33750,5630,198000,99000,16500)","2000","20","31020001","1","(0,70,70,70)","(0,80,80,80)","(50,50,50)","(-374,-1,1,374,-187,-1,1,187,-30,-1,1,30)","(100,100,100)","(-374,-1,1,374,-187,-1,1,187,-30,-1,1,30)","93000158","35011008"
"43040085","(8,7,10)","(0,0,0)","2000","20","31020001","1","(0,70,70,70)","(0,80,80,80)","(50,50,50)","(-374,-1,1,374,-187,-1,1,187,-30,-1,1,30)","(100,100,100)","(-374,-1,1,374,-187,-1,1,187,-30,-1,1,30)","93000037","35011008"
"43040086","(8,7,10)","(560,280,50,1350,680,110,3380,1690,280","2000","20","31020001","1","(0,70,70,70)","(0,80,80,80)","(50,50,50)","(-374,-1,1,374,-187,-1,1,187,-30,-1,1,30)","(100,100,100)","(-374,-1,1,374,-187,-1,1,187,-30,-1,1,30)","93000037","35011008"
"43040087","(8,7,10)","(560,280,50,1350,680,110,3380,1690,280,8780,4390,730)","2000","20","31020001","1","(0,70,70,70)","(0,80,80,80)","(50,50,50)","(-374,-1,1,374,-187,-1,1,187,-30,-1,1,30)","(100,100,100)","(-374,-1,1,374,-187,-1,1,187,-30,-1,1,30)","93000037","35011008"
"43040088","(8,7,10)","(560,280,50,1350,680,110,3380,1690,280,8780,4390,730,23850,11930,1990)","2000","20","31020001","1","(0,70,70,70)","(0,80,80,80)","(50,50,50)","(-374,-1,1,374,-187,-1,1,187,-30,-1,1,30)","(100,100,100)","(-374,-1,1,374,-187,-1,1,187,-30,-1,1,30)","93000037","35011008"
"43040089","(8,7,10)","(560,280,50,1350,680,110,3380,1690,280,8780,4390,730,23850,11930,1990,67500,33750,5630,198000,99000,16500)","2000","20","31020001","1","(0,70,70,70)","(0,80,80,80)","(50,50,50)","(-374,-1,1,374,-187,-1,1,187,-30,-1,1,30)","(100,100,100)","(-374,-1,1,374,-187,-1,1,187,-30,-1,1,30)","93000158","35011008"
"43040090","(8,7,10)","(560,280,50,1350,680,110,3380,1690,280,8780,4390,730,23850,11930,1990,67500,33750,5630,198000,99000,16500)","2000","20","31020001","1","(0,70,70,70)","(0,80,80,80)","(50,50,50)","(-374,-1,1,374,-187,-1,1,187,-30,-1,1,30)","(100,100,100)","(-374,-1,1,374,-187,-1,1,187,-30,-1,1,30)","93000158","35011008"
"43040091","(8,7,10)","(0,0,0)","2000","20","31020001","1","(0,70,70,70)","(0,80,80,80)","(50,50,50)","(-374,-1,1,374,-187,-1,1,187,-30,-1,1,30)","(100,100,100)","(-374,-1,1,374,-187,-1,1,187,-30,-1,1,30)","93000037","35011008"
"43040092","(8,7,10)","(560,280,50,1350,680,110,3380,1690,280,8780,4390,730)","2000","20","31020001","1","(0,70,70,70)","(0,80,80,80)","(50,50,50)","(-374,-1,1,374,-187,-1,1,187,-30,-1,1,30)","(100,100,100)","(-374,-1,1,374,-187,-1,1,187,-30,-1,1,30)","93000037","35011008"
"43040093","(8,7,10)","(560,280,50,1350,680,110,3380,1690,280,8780,4390,730,23850,11930,1990)","2000","20","31020001","1","(0,70,70,70)","(0,80,80,80)","(50,50,50)","(-374,-1,1,374,-187,-1,1,187,-30,-1,1,30)","(100,100,100)","(-374,-1,1,374,-187,-1,1,187,-30,-1,1,30)","93000037","35011008"
"43040094","(8,7,10)","(560,280,50,1350,680,110,3380,1690,280,8780,4390,730,23850,11930,1990,67500,33750,5630)","2000","20","31020001","1","(0,70,70,70)","(0,80,80,80)","(50,50,50)","(-374,-1,1,374,-187,-1,1,187,-30,-1,1,30)","(100,100,100)","(-374,-1,1,374,-187,-1,1,187,-30,-1,1,30)","93000037","35011008"
"43040095","(8,7,10)","(560,280,50,1350,680,110,3380,1690,280,8780,4390,730,23850,11930,1990,67500,33750,5630,198000,99000,16500)","2000","20","31020001","1","(0,70,70,70)","(0,80,80,80)","(50,50,50)","(-374,-1,1,374,-187,-1,1,187,-30,-1,1,30)","(100,100,100)","(-374,-1,1,374,-187,-1,1,187,-30,-1,1,30)","93000158","35011008"
"43040096","(8,7,10)","(560,280,50,1350,680,110,3380,1690,280,8780,4390,730,23850,11930,1990,67500,33750,5630,198000,99000,16500,603000,301500,50250)","2000","20","31020001","1","(0,70,70,70)","(0,80,80,80)","(50,50,50)","(-374,-1,1,374,-187,-1,1,187,-30,-1,1,30)","(100,100,100)","(-374,-1,1,374,-187,-1,1,187,-30,-1,1,30)","93000158","35011008"
"43040097","(8,7,10)","(0,0,0)","2000","20","31020001","1","(0,70,70,70)","(0,80,80,80)","(50,50,50)","(-374,-1,1,374,-187,-1,1,187,-30,-1,1,30)","(100,100,100)","(-374,-1,1,374,-187,-1,1,187,-30,-1,1,30)","93000037","35011008"
"43040098","(8,7,10)","(560,280,50,1350,680,110,3380,1690,280,8780,4390,730,23850,11930,1990)","2000","20","31020001","1","(0,70,70,70)","(0,80,80,80)","(50,50,50)","(-374,-1,1,374,-187,-1,1,187,-30,-1,1,30)","(100,100,100)","(-374,-1,1,374,-187,-1,1,187,-30,-1,1,30)","93000037","35011008"
"43040099","(8,7,10)","(560,280,50,1350,680,110,3380,1690,280,8780,4390,730,23850,11930,1990,67500,33750,5630)","2000","20","31020001","1","(0,70,70,70)","(0,80,80,80)","(50,50,50)","(-374,-1,1,374,-187,-1,1,187,-30,-1,1,30)","(100,100,100)","(-374,-1,1,374,-187,-1,1,187,-30,-1,1,30)","93000037","35011008"
"43040100","(8,7,10)","(560,280,50,1350,680,110,3380,1690,280,8780,4390,730,23850,11930,1990,67500,33750,5630,198000,99000,16500)","2000","20","31020001","1","(0,70,70,70)","(0,80,80,80)","(50,50,50)","(-374,-1,1,374,-187,-1,1,187,-30,-1,1,30)","(100,100,100)","(-374,-1,1,374,-187,-1,1,187,-30,-1,1,30)","93000037","35011008"
"43040101","(8,7,10)","(560,280,50,1350,680,110,3380,1690,280,8780,4390,730,23850,11930,1990,67500,33750,5630,198000,99000,16500,603000,301500,50250)","2000","20","31020001","1","(0,70,70,70)","(0,80,80,80)","(50,50,50)","(-374,-1,1,374,-187,-1,1,187,-30,-1,1,30)","(100,100,100)","(-374,-1,1,374,-187,-1,1,187,-30,-1,1,30)","93000158","35011008"
"43040102","(8,7,10)","(560,280,50,1350,680,110,3380,1690,280,8780,4390,730,23850,11930,1990,67500,33750,5630,198000,99000,16500,603000,301500,50250,1908000,954000,159000)","2000","20","31020001","1","(0,70,70,70)","(0,80,80,80)","(50,50,50)","(-374,-1,1,374,-187,-1,1,187,-30,-1,1,30)","(100,100,100)","(-374,-1,1,374,-187,-1,1,187,-30,-1,1,30)","93000158","35011008"
"43040103","(8,7,10)","(0,0,0)","2000","20","31020001","1","(0,70,70,70)","(0,80,80,80)","(50,50,50)","(-374,-1,1,374,-187,-1,1,187,-30,-1,1,30)","(100,100,100)","(-374,-1,1,374,-187,-1,1,187,-30,-1,1,30)","93000037","35011008"
"43040104","(8,7,10)","(560,280,50,1350,680,110,3380,1690,280,8780,4390,730,23850,11930,1990,67500,33750,5630)","2000","20","31020001","1","(0,70,70,70)","(0,80,80,80)","(50,50,50)","(-374,-1,1,374,-187,-1,1,187,-30,-1,1,30)","(100,100,100)","(-374,-1,1,374,-187,-1,1,187,-30,-1,1,30)","93000037","35011008"
"43040105","(8,7,10)","(560,280,50,1350,680,110,3380,1690,280,8780,4390,730,23850,11930,1990,67500,33750,5630,198000,99000,16500)","2000","20","31020001","1","(0,70,70,70)","(0,80,80,80)","(50,50,50)","(-374,-1,1,374,-187,-1,1,187,-30,-1,1,30)","(100,100,100)","(-374,-1,1,374,-187,-1,1,187,-30,-1,1,30)","93000037","35011008"
"43040106","(8,7,10)","(560,280,50,1350,680,110,3380,1690,280,8780,4390,730,23850,11930,1990,67500,33750,5630,198000,99000,16500,603000,301500,50250)","2000","20","31020001","1","(0,70,70,70)","(0,80,80,80)","(50,50,50)","(-374,-1,1,374,-187,-1,1,187,-30,-1,1,30)","(100,100,100)","(-374,-1,1,374,-187,-1,1,187,-30,-1,1,30)","93000037","35011008"
"43040107","(8,7,10)","(560,280,50,1350,680,110,3380,1690,280,8780,4390,730,23850,11930,1990,67500,33750,5630,198000,99000,16500,603000,301500,50250,1908000,954000,159000)","2000","20","31020001","1","(0,70,70,70)","(0,80,80,80)","(50,50,50)","(-374,-1,1,374,-187,-1,1,187,-30,-1,1,30)","(100,100,100)","(-374,-1,1,374,-187,-1,1,187,-30,-1,1,30)","93000158","35011008"
"43040108","(8,7,10)","(560,280,50,1350,680,110,3380,1690,280,8780,4390,730,23850,11930,1990,67500,33750,5630,198000,99000,16500,603000,301500,50250,1908000,954000,159000)","2000","20","31020001","1","(0,70,70,70)","(0,80,80,80)","(50,50,50)","(-374,-1,1,374,-187,-1,1,187,-30,-1,1,30)","(100,100,100)","(-374,-1,1,374,-187,-1,1,187,-30,-1,1,30)","93000158","35011008"
"43040109","(8,7,10)","(0,0,0)","2000","20","31020001","1","(0,70,70,70)","(0,80,80,80)","(50,50,50)","(-374,-1,1,374,-187,-1,1,187,-30,-1,1,30)","(100,100,100)","(-374,-1,1,374,-187,-1,1,187,-30,-1,1,30)","93000037","35011008"
"43040110","(8,7,10)","(560,280,50,1350,680,110,3380,1690,280,8780,4390,730,23850,11930,1990,67500,33750,5630,198000,99000,16500)","2000","20","31020001","1","(0,70,70,70)","(0,80,80,80)","(50,50,50)","(-374,-1,1,374,-187,-1,1,187,-30,-1,1,30)","(100,100,100)","(-374,-1,1,374,-187,-1,1,187,-30,-1,1,30)","93000037","35011008"
"43040111","(8,7,10)","(560,280,50,1350,680,110,3380,1690,280,8780,4390,730,23850,11930,1990,67500,33750,5630,198000,99000,16500,603000,301500,50250)","2000","20","31020001","1","(0,70,70,70)","(0,80,80,80)","(50,50,50)","(-374,-1,1,374,-187,-1,1,187,-30,-1,1,30)","(100,100,100)","(-374,-1,1,374,-187,-1,1,187,-30,-1,1,30)","93000037","35011008"
"43040112","(8,7,10)","(560,280,50,1350,680,110,3380,1690,280,8780,4390,730,23850,11930,1990,67500,33750,5630,198000,99000,16500,603000,301500,50250,1908000,954000,159000)","2000","20","31020001","1","(0,70,70,70)","(0,80,80,80)","(50,50,50)","(-374,-1,1,374,-187,-1,1,187,-30,-1,1,30)","(100,100,100)","(-374,-1,1,374,-187,-1,1,187,-30,-1,1,30)","93000037","35011008"
"43040113","(8,7,10)","(560,280,50,1350,680,110,3380,1690,280,8780,4390,730,23850,11930,1990,67500,33750,5630,198000,99000,16500,603000,301500,50250,1908000,954000,159000)","2000","20","31020001","1","(0,70,70,70)","(0,80,80,80)","(50,50,50)","(-374,-1,1,374,-187,-1,1,187,-30,-1,1,30)","(100,100,100)","(-374,-1,1,374,-187,-1,1,187,-30,-1,1,30)","93000158","35011008"
"43040114","(8,7,10)","(560,280,50,1350,680,110,3380,1690,280,8780,4390,730,23850,11930,1990,67500,33750,5630,198000,99000,16500,603000,301500,50250,1908000,954000,159000)","2000","20","31020001","1","(0,70,70,70)","(0,80,80,80)","(50,50,50)","(-374,-1,1,374,-187,-1,1,187,-30,-1,1,30)","(100,100,100)","(-374,-1,1,374,-187,-1,1,187,-30,-1,1,30)","93000158","35011008"
"43040115","(8,7,10)","(0,0,0)","2000","20","31020001","1","(0,70,70,70)","(0,80,80,80)","(50,50,50)","(-374,-1,1,374,-187,-1,1,187,-30,-1,1,30)","(100,100,100)","(-374,-1,1,374,-187,-1,1,187,-30,-1,1,30)","93000037","35011008"
"43040116","(8,7,10)","(560,280,50,1350,680,110,3380,1690,280,8780,4390,730,23850,11930,1990,67500,33750,5630,198000,99000,16500,603000,301500,50250)","2000","20","31020001","1","(0,70,70,70)","(0,80,80,80)","(50,50,50)","(-374,-1,1,374,-187,-1,1,187,-30,-1,1,30)","(100,100,100)","(-374,-1,1,374,-187,-1,1,187,-30,-1,1,30)","93000037","35011008"
"43040117","(8,7,10)","(560,280,50,1350,680,110,3380,1690,280,8780,4390,730,23850,11930,1990,67500,33750,5630,198000,99000,16500,603000,301500,50250,1908000,954000,159000)","2000","20","31020001","1","(0,70,70,70)","(0,80,80,80)","(50,50,50)","(-374,-1,1,374,-187,-1,1,187,-30,-1,1,30)","(100,100,100)","(-374,-1,1,374,-187,-1,1,187,-30,-1,1,30)","93000037","35011008"
"43040118","(8,7,10)","(560,280,50,1350,680,110,3380,1690,280,8780,4390,730,23850,11930,1990,67500,33750,5630,198000,99000,16500,603000,301500,50250,1908000,954000,159000)","2000","20","31020001","1","(0,70,70,70)","(0,80,80,80)","(50,50,50)","(-374,-1,1,374,-187,-1,1,187,-30,-1,1,30)","(100,100,100)","(-374,-1,1,374,-187,-1,1,187,-30,-1,1,30)","93000037","35011008"
"43040119","(8,7,10)","(560,280,50,1350,680,110,3380,1690,280,8780,4390,730,23850,11930,1990,67500,33750,5630,198000,99000,16500,603000,301500,50250,1908000,954000,159000)","2000","20","31020001","1","(0,70,70,70)","(0,80,80,80)","(50,50,50)","(-374,-1,1,374,-187,-1,1,187,-30,-1,1,30)","(100,100,100)","(-374,-1,1,374,-187,-1,1,187,-30,-1,1,30)","93000158","35011008"
"43040120","(8,7,10)","(560,280,50,1350,680,110,3380,1690,280,8780,4390,730,23850,11930,1990,67500,33750,5630,198000,99000,16500,603000,301500,50250,1908000,954000,159000)","2000","20","31020001","1","(0,70,70,70)","(0,80,80,80)","(50,50,50)","(-374,-1,1,374,-187,-1,1,187,-30,-1,1,30)","(100,100,100)","(-374,-1,1,374,-187,-1,1,187,-30,-1,1,30)","93000158","35011008"
"43040121","(8,7,10)","(0,0,0)","2000","20","31020001","1","(0,70,70,70)","(0,80,80,80)","(50,50,50)","(-374,-1,1,374,-187,-1,1,187,-30,-1,1,30)","(100,100,100)","(-374,-1,1,374,-187,-1,1,187,-30,-1,1,30)","93000037","35011008"
"43040122","(8,7,10)","(560,280,50)","2000","20","31020001","1","(0,70,70,70)","(0,80,80,80)","(50,50,50)","(-374,-1,1,374,-187,-1,1,187,-30,-1,1,30)","(100,100,100)","(-374,-1,1,374,-187,-1,1,187,-30,-1,1,30)","93000037","35011008"
"43040123","(8,7,10)","(560,280,50)","2000","20","31020001","1","(0,70,70,70)","(0,80,80,80)","(50,50,50)","(-374,-1,1,374,-187,-1,1,187,-30,-1,1,30)","(100,100,100)","(-374,-1,1,374,-187,-1,1,187,-30,-1,1,30)","93000037","35011008"
"43040124","(8,7,10)","(560,280,50)","2000","20","31020001","1","(0,70,70,70)","(0,80,80,80)","(50,50,50)","(-374,-1,1,374,-187,-1,1,187,-30,-1,1,30)","(100,100,100)","(-374,-1,1,374,-187,-1,1,187,-30,-1,1,30)","93000037","35011008"
"43040125","(8,7,10)","(560,280,50,1350,680,110,3380,1690,280)","2000","20","31020001","1","(0,70,70,70)","(0,80,80,80)","(50,50,50)","(-374,-1,1,374,-187,-1,1,187,-30,-1,1,30)","(100,100,100)","(-374,-1,1,374,-187,-1,1,187,-30,-1,1,30)","93000158","35011008"
"43040126","(8,7,10)","(560,280,50,1350,680,110,3380,1690,280,8780,4390,730,23850,11930,1990)","2000","20","31020001","1","(0,70,70,70)","(0,80,80,80)","(50,50,50)","(-374,-1,1,374,-187,-1,1,187,-30,-1,1,30)","(100,100,100)","(-374,-1,1,374,-187,-1,1,187,-30,-1,1,30)","93000158","35011008"
"43040127","(8,7,10)","(0,0,0)","2000","20","31020001","1","(0,70,70,70)","(0,80,80,80)","(50,50,50)","(-374,-1,1,374,-187,-1,1,187,-30,-1,1,30)","(100,100,100)","(-374,-1,1,374,-187,-1,1,187,-30,-1,1,30)","93000037","35011008"
"43040128","(8,7,10)","(560,280,50)","2000","20","31020001","1","(0,70,70,70)","(0,80,80,80)","(50,50,50)","(-374,-1,1,374,-187,-1,1,187,-30,-1,1,30)","(100,100,100)","(-374,-1,1,374,-187,-1,1,187,-30,-1,1,30)","93000037","35011008"
"43040129","(8,7,10)","(560,280,50)","2000","20","31020001","1","(0,70,70,70)","(0,80,80,80)","(50,50,50)","(-374,-1,1,374,-187,-1,1,187,-30,-1,1,30)","(100,100,100)","(-374,-1,1,374,-187,-1,1,187,-30,-1,1,30)","93000037","35011008"
"43040130","(8,7,10)","(560,280,50,1350,680,110)","2000","20","31020001","1","(0,70,70,70)","(0,80,80,80)","(50,50,50)","(-374,-1,1,374,-187,-1,1,187,-30,-1,1,30)","(100,100,100)","(-374,-1,1,374,-187,-1,1,187,-30,-1,1,30)","93000037","35011008"
"43040131","(8,7,10)","(560,280,50,1350,680,110,3380,1690,280,8780,4390,730)","2000","20","31020001","1","(0,70,70,70)","(0,80,80,80)","(50,50,50)","(-374,-1,1,374,-187,-1,1,187,-30,-1,1,30)","(100,100,100)","(-374,-1,1,374,-187,-1,1,187,-30,-1,1,30)","93000158","35011008"
"43040132","(8,7,10)","(560,280,50,1350,680,110,3380,1690,280,8780,4390,730,23850,11930,1990,67500,33750,5630)","2000","20","31020001","1","(0,70,70,70)","(0,80,80,80)","(50,50,50)","(-374,-1,1,374,-187,-1,1,187,-30,-1,1,30)","(100,100,100)","(-374,-1,1,374,-187,-1,1,187,-30,-1,1,30)","93000158","35011008"
"43040133","(8,7,10)","(0,0,0)","2000","20","31020001","1","(0,70,70,70)","(0,80,80,80)","(50,50,50)","(-374,-1,1,374,-187,-1,1,187,-30,-1,1,30)","(100,100,100)","(-374,-1,1,374,-187,-1,1,187,-30,-1,1,30)","93000037","35011008"
"43040134","(8,7,10)","(560,280,50)","2000","20","31020001","1","(0,70,70,70)","(0,80,80,80)","(50,50,50)","(-374,-1,1,374,-187,-1,1,187,-30,-1,1,30)","(100,100,100)","(-374,-1,1,374,-187,-1,1,187,-30,-1,1,30)","93000037","35011008"
"43040135","(8,7,10)","(560,280,50,1350,680,110)","2000","20","31020001","1","(0,70,70,70)","(0,80,80,80)","(50,50,50)","(-374,-1,1,374,-187,-1,1,187,-30,-1,1,30)","(100,100,100)","(-374,-1,1,374,-187,-1,1,187,-30,-1,1,30)","93000037","35011008"
"43040136","(8,7,10)","(560,280,50,1350,680,110,3380,1690,280)","2000","20","31020001","1","(0,70,70,70)","(0,80,80,80)","(50,50,50)","(-374,-1,1,374,-187,-1,1,187,-30,-1,1,30)","(100,100,100)","(-374,-1,1,374,-187,-1,1,187,-30,-1,1,30)","93000037","35011008"
"43040137","(8,7,10)","(560,280,50,1350,680,110,3380,1690,280,8780,4390,730,23850,11930,1990)","2000","20","31020001","1","(0,70,70,70)","(0,80,80,80)","(50,50,50)","(-374,-1,1,374,-187,-1,1,187,-30,-1,1,30)","(100,100,100)","(-374,-1,1,374,-187,-1,1,187,-30,-1,1,30)","93000158","35011008"
"43040138","(8,7,10)","(560,280,50,1350,680,110,3380,1690,280,8780,4390,730,23850,11930,1990,67500,33750,5630,198000,99000,16500)","2000","20","31020001","1","(0,70,70,70)","(0,80,80,80)","(50,50,50)","(-374,-1,1,374,-187,-1,1,187,-30,-1,1,30)","(100,100,100)","(-374,-1,1,374,-187,-1,1,187,-30,-1,1,30)","93000158","35011008"
"43040139","(8,7,10)","(0,0,0)","2000","20","31020001","1","(0,70,70,70)","(0,80,80,80)","(50,50,50)","(-374,-1,1,374,-187,-1,1,187,-30,-1,1,30)","(100,100,100)","(-374,-1,1,374,-187,-1,1,187,-30,-1,1,30)","93000037","35011008"
"43040140","(8,7,10)","(560,280,50,1350,680,110)","2000","20","31020001","1","(0,70,70,70)","(0,80,80,80)","(50,50,50)","(-374,-1,1,374,-187,-1,1,187,-30,-1,1,30)","(100,100,100)","(-374,-1,1,374,-187,-1,1,187,-30,-1,1,30)","93000037","35011008"
"43040141","(8,7,10)","(560,280,50,1350,680,110,3380,1690,280)","2000","20","31020001","1","(0,70,70,70)","(0,80,80,80)","(50,50,50)","(-374,-1,1,374,-187,-1,1,187,-30,-1,1,30)","(100,100,100)","(-374,-1,1,374,-187,-1,1,187,-30,-1,1,30)","93000037","35011008"
"43040142","(8,7,10)","(560,280,50,1350,680,110,3380,1690,280,8780,4390,730)","2000","20","31020001","1","(0,70,70,70)","(0,80,80,80)","(50,50,50)","(-374,-1,1,374,-187,-1,1,187,-30,-1,1,30)","(100,100,100)","(-374,-1,1,374,-187,-1,1,187,-30,-1,1,30)","93000037","35011008"
"43040143","(8,7,10)","(560,280,50,1350,680,110,3380,1690,280,8780,4390,730,23850,11930,1990,67500,33750,5630)","2000","20","31020001","1","(0,70,70,70)","(0,80,80,80)","(50,50,50)","(-374,-1,1,374,-187,-1,1,187,-30,-1,1,30)","(100,100,100)","(-374,-1,1,374,-187,-1,1,187,-30,-1,1,30)","93000158","35011008"
"43040144","(8,7,10)","(560,280,50,1350,680,110,3380,1690,280,8780,4390,730,23850,11930,1990,67500,33750,5630,198000,99000,16500)","2000","20","31020001","1","(0,70,70,70)","(0,80,80,80)","(50,50,50)","(-374,-1,1,374,-187,-1,1,187,-30,-1,1,30)","(100,100,100)","(-374,-1,1,374,-187,-1,1,187,-30,-1,1,30)","93000158","35011008"
"43040145","(8,7,10)","(0,0,0)","2000","20","31020001","1","(0,70,70,70)","(0,80,80,80)","(50,50,50)","(-374,-1,1,374,-187,-1,1,187,-30,-1,1,30)","(100,100,100)","(-374,-1,1,374,-187,-1,1,187,-30,-1,1,30)","93000037","35011008"
"43040146","(8,7,10)","(560,280,50,1350,680,110,3380,1690,280","2000","20","31020001","1","(0,70,70,70)","(0,80,80,80)","(50,50,50)","(-374,-1,1,374,-187,-1,1,187,-30,-1,1,30)","(100,100,100)","(-374,-1,1,374,-187,-1,1,187,-30,-1,1,30)","93000037","35011008"
"43040147","(8,7,10)","(560,280,50,1350,680,110,3380,1690,280,8780,4390,730)","2000","20","31020001","1","(0,70,70,70)","(0,80,80,80)","(50,50,50)","(-374,-1,1,374,-187,-1,1,187,-30,-1,1,30)","(100,100,100)","(-374,-1,1,374,-187,-1,1,187,-30,-1,1,30)","93000037","35011008"
"43040148","(8,7,10)","(560,280,50,1350,680,110,3380,1690,280,8780,4390,730,23850,11930,1990)","2000","20","31020001","1","(0,70,70,70)","(0,80,80,80)","(50,50,50)","(-374,-1,1,374,-187,-1,1,187,-30,-1,1,30)","(100,100,100)","(-374,-1,1,374,-187,-1,1,187,-30,-1,1,30)","93000037","35011008"
"43040149","(8,7,10)","(560,280,50,1350,680,110,3380,1690,280,8780,4390,730,23850,11930,1990,67500,33750,5630,198000,99000,16500)","2000","20","31020001","1","(0,70,70,70)","(0,80,80,80)","(50,50,50)","(-374,-1,1,374,-187,-1,1,187,-30,-1,1,30)","(100,100,100)","(-374,-1,1,374,-187,-1,1,187,-30,-1,1,30)","93000158","35011008"
"43040150","(8,7,10)","(560,280,50,1350,680,110,3380,1690,280,8780,4390,730,23850,11930,1990,67500,33750,5630,198000,99000,16500)","2000","20","31020001","1","(0,70,70,70)","(0,80,80,80)","(50,50,50)","(-374,-1,1,374,-187,-1,1,187,-30,-1,1,30)","(100,100,100)","(-374,-1,1,374,-187,-1,1,187,-30,-1,1,30)","93000158","35011008"
"43040151","(8,7,10)","(0,0,0)","2000","20","31020001","1","(0,70,70,70)","(0,80,80,80)","(50,50,50)","(-374,-1,1,374,-187,-1,1,187,-30,-1,1,30)","(100,100,100)","(-374,-1,1,374,-187,-1,1,187,-30,-1,1,30)","93000037","35011008"
"43040152","(8,7,10)","(560,280,50,1350,680,110,3380,1690,280,8780,4390,730)","2000","20","31020001","1","(0,70,70,70)","(0,80,80,80)","(50,50,50)","(-374,-1,1,374,-187,-1,1,187,-30,-1,1,30)","(100,100,100)","(-374,-1,1,374,-187,-1,1,187,-30,-1,1,30)","93000037","35011008"
"43040153","(8,7,10)","(560,280,50,1350,680,110,3380,1690,280,8780,4390,730,23850,11930,1990)","2000","20","31020001","1","(0,70,70,70)","(0,80,80,80)","(50,50,50)","(-374,-1,1,374,-187,-1,1,187,-30,-1,1,30)","(100,100,100)","(-374,-1,1,374,-187,-1,1,187,-30,-1,1,30)","93000037","35011008"
"43040154","(8,7,10)","(560,280,50,1350,680,110,3380,1690,280,8780,4390,730,23850,11930,1990,67500,33750,5630)","2000","20","31020001","1","(0,70,70,70)","(0,80,80,80)","(50,50,50)","(-374,-1,1,374,-187,-1,1,187,-30,-1,1,30)","(100,100,100)","(-374,-1,1,374,-187,-1,1,187,-30,-1,1,30)","93000037","35011008"
"43040155","(8,7,10)","(560,280,50,1350,680,110,3380,1690,280,8780,4390,730,23850,11930,1990,67500,33750,5630,198000,99000,16500)","2000","20","31020001","1","(0,70,70,70)","(0,80,80,80)","(50,50,50)","(-374,-1,1,374,-187,-1,1,187,-30,-1,1,30)","(100,100,100)","(-374,-1,1,374,-187,-1,1,187,-30,-1,1,30)","93000158","35011008"
"43040156","(8,7,10)","(560,280,50,1350,680,110,3380,1690,280,8780,4390,730,23850,11930,1990,67500,33750,5630,198000,99000,16500,603000,301500,50250)","2000","20","31020001","1","(0,70,70,70)","(0,80,80,80)","(50,50,50)","(-374,-1,1,374,-187,-1,1,187,-30,-1,1,30)","(100,100,100)","(-374,-1,1,374,-187,-1,1,187,-30,-1,1,30)","93000158","35011008"
"43040157","(8,7,10)","(0,0,0)","2000","20","31020001","1","(0,70,70,70)","(0,80,80,80)","(50,50,50)","(-374,-1,1,374,-187,-1,1,187,-30,-1,1,30)","(100,100,100)","(-374,-1,1,374,-187,-1,1,187,-30,-1,1,30)","93000037","35011008"
"43040158","(8,7,10)","(560,280,50,1350,680,110,3380,1690,280,8780,4390,730,23850,11930,1990)","2000","20","31020001","1","(0,70,70,70)","(0,80,80,80)","(50,50,50)","(-374,-1,1,374,-187,-1,1,187,-30,-1,1,30)","(100,100,100)","(-374,-1,1,374,-187,-1,1,187,-30,-1,1,30)","93000037","35011008"
"43040159","(8,7,10)","(560,280,50,1350,680,110,3380,1690,280,8780,4390,730,23850,11930,1990,67500,33750,5630)","2000","20","31020001","1","(0,70,70,70)","(0,80,80,80)","(50,50,50)","(-374,-1,1,374,-187,-1,1,187,-30,-1,1,30)","(100,100,100)","(-374,-1,1,374,-187,-1,1,187,-30,-1,1,30)","93000037","35011008"
"43040160","(8,7,10)","(560,280,50,1350,680,110,3380,1690,280,8780,4390,730,23850,11930,1990,67500,33750,5630,198000,99000,16500)","2000","20","31020001","1","(0,70,70,70)","(0,80,80,80)","(50,50,50)","(-374,-1,1,374,-187,-1,1,187,-30,-1,1,30)","(100,100,100)","(-374,-1,1,374,-187,-1,1,187,-30,-1,1,30)","93000037","35011008"
"43040161","(8,7,10)","(560,280,50,1350,680,110,3380,1690,280,8780,4390,730,23850,11930,1990,67500,33750,5630,198000,99000,16500,603000,301500,50250)","2000","20","31020001","1","(0,70,70,70)","(0,80,80,80)","(50,50,50)","(-374,-1,1,374,-187,-1,1,187,-30,-1,1,30)","(100,100,100)","(-374,-1,1,374,-187,-1,1,187,-30,-1,1,30)","93000158","35011008"
"43040162","(8,7,10)","(560,280,50,1350,680,110,3380,1690,280,8780,4390,730,23850,11930,1990,67500,33750,5630,198000,99000,16500,603000,301500,50250,1908000,954000,159000)","2000","20","31020001","1","(0,70,70,70)","(0,80,80,80)","(50,50,50)","(-374,-1,1,374,-187,-1,1,187,-30,-1,1,30)","(100,100,100)","(-374,-1,1,374,-187,-1,1,187,-30,-1,1,30)","93000158","35011008"
"43040163","(8,7,10)","(0,0,0)","2000","20","31020001","1","(0,70,70,70)","(0,80,80,80)","(50,50,50)","(-374,-1,1,374,-187,-1,1,187,-30,-1,1,30)","(100,100,100)","(-374,-1,1,374,-187,-1,1,187,-30,-1,1,30)","93000037","35011008"
"43040164","(8,7,10)","(560,280,50,1350,680,110,3380,1690,280,8780,4390,730,23850,11930,1990,67500,33750,5630)","2000","20","31020001","1","(0,70,70,70)","(0,80,80,80)","(50,50,50)","(-374,-1,1,374,-187,-1,1,187,-30,-1,1,30)","(100,100,100)","(-374,-1,1,374,-187,-1,1,187,-30,-1,1,30)","93000037","35011008"
"43040165","(8,7,10)","(560,280,50,1350,680,110,3380,1690,280,8780,4390,730,23850,11930,1990,67500,33750,5630,198000,99000,16500)","2000","20","31020001","1","(0,70,70,70)","(0,80,80,80)","(50,50,50)","(-374,-1,1,374,-187,-1,1,187,-30,-1,1,30)","(100,100,100)","(-374,-1,1,374,-187,-1,1,187,-30,-1,1,30)","93000037","35011008"
"43040166","(8,7,10)","(560,280,50,1350,680,110,3380,1690,280,8780,4390,730,23850,11930,1990,67500,33750,5630,198000,99000,16500,603000,301500,50250)","2000","20","31020001","1","(0,70,70,70)","(0,80,80,80)","(50,50,50)","(-374,-1,1,374,-187,-1,1,187,-30,-1,1,30)","(100,100,100)","(-374,-1,1,374,-187,-1,1,187,-30,-1,1,30)","93000037","35011008"
"43040167","(8,7,10)","(560,280,50,1350,680,110,3380,1690,280,8780,4390,730,23850,11930,1990,67500,33750,5630,198000,99000,16500,603000,301500,50250,1908000,954000,159000)","2000","20","31020001","1","(0,70,70,70)","(0,80,80,80)","(50,50,50)","(-374,-1,1,374,-187,-1,1,187,-30,-1,1,30)","(100,100,100)","(-374,-1,1,374,-187,-1,1,187,-30,-1,1,30)","93000158","35011008"
"43040168","(8,7,10)","(560,280,50,1350,680,110,3380,1690,280,8780,4390,730,23850,11930,1990,67500,33750,5630,198000,99000,16500,603000,301500,50250,1908000,954000,159000)","2000","20","31020001","1","(0,70,70,70)","(0,80,80,80)","(50,50,50)","(-374,-1,1,374,-187,-1,1,187,-30,-1,1,30)","(100,100,100)","(-374,-1,1,374,-187,-1,1,187,-30,-1,1,30)","93000158","35011008"
"43040169","(8,7,10)","(0,0,0)","2000","20","31020001","1","(0,70,70,70)","(0,80,80,80)","(50,50,50)","(-374,-1,1,374,-187,-1,1,187,-30,-1,1,30)","(100,100,100)","(-374,-1,1,374,-187,-1,1,187,-30,-1,1,30)","93000037","35011008"
"43040170","(8,7,10)","(560,280,50,1350,680,110,3380,1690,280,8780,4390,730,23850,11930,1990,67500,33750,5630,198000,99000,16500)","2000","20","31020001","1","(0,70,70,70)","(0,80,80,80)","(50,50,50)","(-374,-1,1,374,-187,-1,1,187,-30,-1,1,30)","(100,100,100)","(-374,-1,1,374,-187,-1,1,187,-30,-1,1,30)","93000037","35011008"
"43040171","(8,7,10)","(560,280,50,1350,680,110,3380,1690,280,8780,4390,730,23850,11930,1990,67500,33750,5630,198000,99000,16500,603000,301500,50250)","2000","20","31020001","1","(0,70,70,70)","(0,80,80,80)","(50,50,50)","(-374,-1,1,374,-187,-1,1,187,-30,-1,1,30)","(100,100,100)","(-374,-1,1,374,-187,-1,1,187,-30,-1,1,30)","93000037","35011008"
"43040172","(8,7,10)","(560,280,50,1350,680,110,3380,1690,280,8780,4390,730,23850,11930,1990,67500,33750,5630,198000,99000,16500,603000,301500,50250,1908000,954000,159000)","2000","20","31020001","1","(0,70,70,70)","(0,80,80,80)","(50,50,50)","(-374,-1,1,374,-187,-1,1,187,-30,-1,1,30)","(100,100,100)","(-374,-1,1,374,-187,-1,1,187,-30,-1,1,30)","93000037","35011008"
"43040173","(8,7,10)","(560,280,50,1350,680,110,3380,1690,280,8780,4390,730,23850,11930,1990,67500,33750,5630,198000,99000,16500,603000,301500,50250,1908000,954000,159000)","2000","20","31020001","1","(0,70,70,70)","(0,80,80,80)","(50,50,50)","(-374,-1,1,374,-187,-1,1,187,-30,-1,1,30)","(100,100,100)","(-374,-1,1,374,-187,-1,1,187,-30,-1,1,30)","93000158","35011008"
"43040174","(8,7,10)","(560,280,50,1350,680,110,3380,1690,280,8780,4390,730,23850,11930,1990,67500,33750,5630,198000,99000,16500,603000,301500,50250,1908000,954000,159000)","2000","20","31020001","1","(0,70,70,70)","(0,80,80,80)","(50,50,50)","(-374,-1,1,374,-187,-1,1,187,-30,-1,1,30)","(100,100,100)","(-374,-1,1,374,-187,-1,1,187,-30,-1,1,30)","93000158","35011008"
"43040175","(8,7,10)","(0,0,0)","2000","20","31020001","1","(0,70,70,70)","(0,80,80,80)","(50,50,50)","(-374,-1,1,374,-187,-1,1,187,-30,-1,1,30)","(100,100,100)","(-374,-1,1,374,-187,-1,1,187,-30,-1,1,30)","93000037","35011008"
"43040176","(8,7,10)","(560,280,50,1350,680,110,3380,1690,280,8780,4390,730,23850,11930,1990,67500,33750,5630,198000,99000,16500,603000,301500,50250)","2000","20","31020001","1","(0,70,70,70)","(0,80,80,80)","(50,50,50)","(-374,-1,1,374,-187,-1,1,187,-30,-1,1,30)","(100,100,100)","(-374,-1,1,374,-187,-1,1,187,-30,-1,1,30)","93000037","35011008"
"43040177","(8,7,10)","(560,280,50,1350,680,110,3380,1690,280,8780,4390,730,23850,11930,1990,67500,33750,5630,198000,99000,16500,603000,301500,50250,1908000,954000,159000)","2000","20","31020001","1","(0,70,70,70)","(0,80,80,80)","(50,50,50)","(-374,-1,1,374,-187,-1,1,187,-30,-1,1,30)","(100,100,100)","(-374,-1,1,374,-187,-1,1,187,-30,-1,1,30)","93000037","35011008"
"43040178","(8,7,10)","(560,280,50,1350,680,110,3380,1690,280,8780,4390,730,23850,11930,1990,67500,33750,5630,198000,99000,16500,603000,301500,50250,1908000,954000,159000)","2000","20","31020001","1","(0,70,70,70)","(0,80,80,80)","(50,50,50)","(-374,-1,1,374,-187,-1,1,187,-30,-1,1,30)","(100,100,100)","(-374,-1,1,374,-187,-1,1,187,-30,-1,1,30)","93000037","35011008"
"43040179","(8,7,10)","(560,280,50,1350,680,110,3380,1690,280,8780,4390,730,23850,11930,1990,67500,33750,5630,198000,99000,16500,603000,301500,50250,1908000,954000,159000)","2000","20","31020001","1","(0,70,70,70)","(0,80,80,80)","(50,50,50)","(-374,-1,1,374,-187,-1,1,187,-30,-1,1,30)","(100,100,100)","(-374,-1,1,374,-187,-1,1,187,-30,-1,1,30)","93000158","35011008"
"43040180","(8,7,10)","(560,280,50,1350,680,110,3380,1690,280,8780,4390,730,23850,11930,1990,67500,33750,5630,198000,99000,16500,603000,301500,50250,1908000,954000,159000)","2000","20","31020001","1","(0,70,70,70)","(0,80,80,80)","(50,50,50)","(-374,-1,1,374,-187,-1,1,187,-30,-1,1,30)","(100,100,100)","(-374,-1,1,374,-187,-1,1,187,-30,-1,1,30)","93000158","35011008"
"43040181","(8,7,10)","(0,0,0)","2000","20","31020001","1","(0,70,70,70)","(0,80,80,80)","(50,50,50)","(-374,-1,1,374,-187,-1,1,187,-30,-1,1,30)","(100,100,100)","(-374,-1,1,374,-187,-1,1,187,-30,-1,1,30)","93000037","35011008"
"43040182","(8,7,10)","(560,280,50)","2000","20","31020001","1","(0,70,70,70)","(0,80,80,80)","(50,50,50)","(-374,-1,1,374,-187,-1,1,187,-30,-1,1,30)","(100,100,100)","(-374,-1,1,374,-187,-1,1,187,-30,-1,1,30)","93000037","35011008"
"43040183","(8,7,10)","(560,280,50)","2000","20","31020001","1","(0,70,70,70)","(0,80,80,80)","(50,50,50)","(-374,-1,1,374,-187,-1,1,187,-30,-1,1,30)","(100,100,100)","(-374,-1,1,374,-187,-1,1,187,-30,-1,1,30)","93000037","35011008"
"43040184","(8,7,10)","(560,280,50)","2000","20","31020001","1","(0,70,70,70)","(0,80,80,80)","(50,50,50)","(-374,-1,1,374,-187,-1,1,187,-30,-1,1,30)","(100,100,100)","(-374,-1,1,374,-187,-1,1,187,-30,-1,1,30)","93000037","35011008"
"43040185","(8,7,10)","(560,280,50,1350,680,110,3380,1690,280)","2000","20","31020001","1","(0,70,70,70)","(0,80,80,80)","(50,50,50)","(-374,-1,1,374,-187,-1,1,187,-30,-1,1,30)","(100,100,100)","(-374,-1,1,374,-187,-1,1,187,-30,-1,1,30)","93000158","35011008"
"43040186","(8,7,10)","(560,280,50,1350,680,110,3380,1690,280,8780,4390,730,23850,11930,1990)","2000","20","31020001","1","(0,70,70,70)","(0,80,80,80)","(50,50,50)","(-374,-1,1,374,-187,-1,1,187,-30,-1,1,30)","(100,100,100)","(-374,-1,1,374,-187,-1,1,187,-30,-1,1,30)","93000158","35011008"
"43040187","(8,7,10)","(0,0,0)","2000","20","31020001","1","(0,70,70,70)","(0,80,80,80)","(50,50,50)","(-374,-1,1,374,-187,-1,1,187,-30,-1,1,30)","(100,100,100)","(-374,-1,1,374,-187,-1,1,187,-30,-1,1,30)","93000037","35011008"
"43040188","(8,7,10)","(560,280,50)","2000","20","31020001","1","(0,70,70,70)","(0,80,80,80)","(50,50,50)","(-374,-1,1,374,-187,-1,1,187,-30,-1,1,30)","(100,100,100)","(-374,-1,1,374,-187,-1,1,187,-30,-1,1,30)","93000037","35011008"
"43040189","(8,7,10)","(560,280,50)","2000","20","31020001","1","(0,70,70,70)","(0,80,80,80)","(50,50,50)","(-374,-1,1,374,-187,-1,1,187,-30,-1,1,30)","(100,100,100)","(-374,-1,1,374,-187,-1,1,187,-30,-1,1,30)","93000037","35011008"
"43040190","(8,7,10)","(560,280,50,1350,680,110)","2000","20","31020001","1","(0,70,70,70)","(0,80,80,80)","(50,50,50)","(-374,-1,1,374,-187,-1,1,187,-30,-1,1,30)","(100,100,100)","(-374,-1,1,374,-187,-1,1,187,-30,-1,1,30)","93000037","35011008"
"43040191","(8,7,10)","(560,280,50,1350,680,110,3380,1690,280,8780,4390,730)","2000","20","31020001","1","(0,70,70,70)","(0,80,80,80)","(50,50,50)","(-374,-1,1,374,-187,-1,1,187,-30,-1,1,30)","(100,100,100)","(-374,-1,1,374,-187,-1,1,187,-30,-1,1,30)","93000158","35011008"
"43040192","(8,7,10)","(560,280,50,1350,680,110,3380,1690,280,8780,4390,730,23850,11930,1990,67500,33750,5630)","2000","20","31020001","1","(0,70,70,70)","(0,80,80,80)","(50,50,50)","(-374,-1,1,374,-187,-1,1,187,-30,-1,1,30)","(100,100,100)","(-374,-1,1,374,-187,-1,1,187,-30,-1,1,30)","93000158","35011008"
"43040193","(8,7,10)","(0,0,0)","2000","20","31020001","1","(0,70,70,70)","(0,80,80,80)","(50,50,50)","(-374,-1,1,374,-187,-1,1,187,-30,-1,1,30)","(100,100,100)","(-374,-1,1,374,-187,-1,1,187,-30,-1,1,30)","93000037","35011008"
"43040194","(8,7,10)","(560,280,50)","2000","20","31020001","1","(0,70,70,70)","(0,80,80,80)","(50,50,50)","(-374,-1,1,374,-187,-1,1,187,-30,-1,1,30)","(100,100,100)","(-374,-1,1,374,-187,-1,1,187,-30,-1,1,30)","93000037","35011008"
"43040195","(8,7,10)","(560,280,50,1350,680,110)","2000","20","31020001","1","(0,70,70,70)","(0,80,80,80)","(50,50,50)","(-374,-1,1,374,-187,-1,1,187,-30,-1,1,30)","(100,100,100)","(-374,-1,1,374,-187,-1,1,187,-30,-1,1,30)","93000037","35011008"
"43040196","(8,7,10)","(560,280,50,1350,680,110,3380,1690,280)","2000","20","31020001","1","(0,70,70,70)","(0,80,80,80)","(50,50,50)","(-374,-1,1,374,-187,-1,1,187,-30,-1,1,30)","(100,100,100)","(-374,-1,1,374,-187,-1,1,187,-30,-1,1,30)","93000037","35011008"
"43040197","(8,7,10)","(560,280,50,1350,680,110,3380,1690,280,8780,4390,730,23850,11930,1990)","2000","20","31020001","1","(0,70,70,70)","(0,80,80,80)","(50,50,50)","(-374,-1,1,374,-187,-1,1,187,-30,-1,1,30)","(100,100,100)","(-374,-1,1,374,-187,-1,1,187,-30,-1,1,30)","93000158","35011008"
"43040198","(8,7,10)","(560,280,50,1350,680,110,3380,1690,280,8780,4390,730,23850,11930,1990,67500,33750,5630,198000,99000,16500)","2000","20","31020001","1","(0,70,70,70)","(0,80,80,80)","(50,50,50)","(-374,-1,1,374,-187,-1,1,187,-30,-1,1,30)","(100,100,100)","(-374,-1,1,374,-187,-1,1,187,-30,-1,1,30)","93000158","35011008"
"43040199","(8,7,10)","(0,0,0)","2000","20","31020001","1","(0,70,70,70)","(0,80,80,80)","(50,50,50)","(-374,-1,1,374,-187,-1,1,187,-30,-1,1,30)","(100,100,100)","(-374,-1,1,374,-187,-1,1,187,-30,-1,1,30)","93000037","35011008"
"43040200","(8,7,10)","(560,280,50,1350,680,110)","2000","20","31020001","1","(0,70,70,70)","(0,80,80,80)","(50,50,50)","(-374,-1,1,374,-187,-1,1,187,-30,-1,1,30)","(100,100,100)","(-374,-1,1,374,-187,-1,1,187,-30,-1,1,30)","93000037","35011008"
"43040201","(8,7,10)","(560,280,50,1350,680,110,3380,1690,280)","2000","20","31020001","1","(0,70,70,70)","(0,80,80,80)","(50,50,50)","(-374,-1,1,374,-187,-1,1,187,-30,-1,1,30)","(100,100,100)","(-374,-1,1,374,-187,-1,1,187,-30,-1,1,30)","93000037","35011008"
"43040202","(8,7,10)","(560,280,50,1350,680,110,3380,1690,280,8780,4390,730)","2000","20","31020001","1","(0,70,70,70)","(0,80,80,80)","(50,50,50)","(-374,-1,1,374,-187,-1,1,187,-30,-1,1,30)","(100,100,100)","(-374,-1,1,374,-187,-1,1,187,-30,-1,1,30)","93000037","35011008"
"43040203","(8,7,10)","(560,280,50,1350,680,110,3380,1690,280,8780,4390,730,23850,11930,1990,67500,33750,5630)","2000","20","31020001","1","(0,70,70,70)","(0,80,80,80)","(50,50,50)","(-374,-1,1,374,-187,-1,1,187,-30,-1,1,30)","(100,100,100)","(-374,-1,1,374,-187,-1,1,187,-30,-1,1,30)","93000158","35011008"
"43040204","(8,7,10)","(560,280,50,1350,680,110,3380,1690,280,8780,4390,730,23850,11930,1990,67500,33750,5630,198000,99000,16500)","2000","20","31020001","1","(0,70,70,70)","(0,80,80,80)","(50,50,50)","(-374,-1,1,374,-187,-1,1,187,-30,-1,1,30)","(100,100,100)","(-374,-1,1,374,-187,-1,1,187,-30,-1,1,30)","93000158","35011008"
"43040205","(8,7,10)","(0,0,0)","2000","20","31020001","1","(0,70,70,70)","(0,80,80,80)","(50,50,50)","(-374,-1,1,374,-187,-1,1,187,-30,-1,1,30)","(100,100,100)","(-374,-1,1,374,-187,-1,1,187,-30,-1,1,30)","93000037","35011008"
"43040206","(8,7,10)","(560,280,50,1350,680,110,3380,1690,280","2000","20","31020001","1","(0,70,70,70)","(0,80,80,80)","(50,50,50)","(-374,-1,1,374,-187,-1,1,187,-30,-1,1,30)","(100,100,100)","(-374,-1,1,374,-187,-1,1,187,-30,-1,1,30)","93000037","35011008"
"43040207","(8,7,10)","(560,280,50,1350,680,110,3380,1690,280,8780,4390,730)","2000","20","31020001","1","(0,70,70,70)","(0,80,80,80)","(50,50,50)","(-374,-1,1,374,-187,-1,1,187,-30,-1,1,30)","(100,100,100)","(-374,-1,1,374,-187,-1,1,187,-30,-1,1,30)","93000037","35011008"
"43040208","(8,7,10)","(560,280,50,1350,680,110,3380,1690,280,8780,4390,730,23850,11930,1990)","2000","20","31020001","1","(0,70,70,70)","(0,80,80,80)","(50,50,50)","(-374,-1,1,374,-187,-1,1,187,-30,-1,1,30)","(100,100,100)","(-374,-1,1,374,-187,-1,1,187,-30,-1,1,30)","93000037","35011008"
"43040209","(8,7,10)","(560,280,50,1350,680,110,3380,1690,280,8780,4390,730,23850,11930,1990,67500,33750,5630,198000,99000,16500)","2000","20","31020001","1","(0,70,70,70)","(0,80,80,80)","(50,50,50)","(-374,-1,1,374,-187,-1,1,187,-30,-1,1,30)","(100,100,100)","(-374,-1,1,374,-187,-1,1,187,-30,-1,1,30)","93000158","35011008"
"43040210","(8,7,10)","(560,280,50,1350,680,110,3380,1690,280,8780,4390,730,23850,11930,1990,67500,33750,5630,198000,99000,16500)","2000","20","31020001","1","(0,70,70,70)","(0,80,80,80)","(50,50,50)","(-374,-1,1,374,-187,-1,1,187,-30,-1,1,30)","(100,100,100)","(-374,-1,1,374,-187,-1,1,187,-30,-1,1,30)","93000158","35011008"
"43040211","(8,7,10)","(0,0,0)","2000","20","31020001","1","(0,70,70,70)","(0,80,80,80)","(50,50,50)","(-374,-1,1,374,-187,-1,1,187,-30,-1,1,30)","(100,100,100)","(-374,-1,1,374,-187,-1,1,187,-30,-1,1,30)","93000037","35011008"
"43040212","(8,7,10)","(560,280,50,1350,680,110,3380,1690,280,8780,4390,730)","2000","20","31020001","1","(0,70,70,70)","(0,80,80,80)","(50,50,50)","(-374,-1,1,374,-187,-1,1,187,-30,-1,1,30)","(100,100,100)","(-374,-1,1,374,-187,-1,1,187,-30,-1,1,30)","93000037","35011008"
"43040213","(8,7,10)","(560,280,50,1350,680,110,3380,1690,280,8780,4390,730,23850,11930,1990)","2000","20","31020001","1","(0,70,70,70)","(0,80,80,80)","(50,50,50)","(-374,-1,1,374,-187,-1,1,187,-30,-1,1,30)","(100,100,100)","(-374,-1,1,374,-187,-1,1,187,-30,-1,1,30)","93000037","35011008"
"43040214","(8,7,10)","(560,280,50,1350,680,110,3380,1690,280,8780,4390,730,23850,11930,1990,67500,33750,5630)","2000","20","31020001","1","(0,70,70,70)","(0,80,80,80)","(50,50,50)","(-374,-1,1,374,-187,-1,1,187,-30,-1,1,30)","(100,100,100)","(-374,-1,1,374,-187,-1,1,187,-30,-1,1,30)","93000037","35011008"
"43040215","(8,7,10)","(560,280,50,1350,680,110,3380,1690,280,8780,4390,730,23850,11930,1990,67500,33750,5630,198000,99000,16500)","2000","20","31020001","1","(0,70,70,70)","(0,80,80,80)","(50,50,50)","(-374,-1,1,374,-187,-1,1,187,-30,-1,1,30)","(100,100,100)","(-374,-1,1,374,-187,-1,1,187,-30,-1,1,30)","93000158","35011008"
"43040216","(8,7,10)","(560,280,50,1350,680,110,3380,1690,280,8780,4390,730,23850,11930,1990,67500,33750,5630,198000,99000,16500,603000,301500,50250)","2000","20","31020001","1","(0,70,70,70)","(0,80,80,80)","(50,50,50)","(-374,-1,1,374,-187,-1,1,187,-30,-1,1,30)","(100,100,100)","(-374,-1,1,374,-187,-1,1,187,-30,-1,1,30)","93000158","35011008"
"43040217","(8,7,10)","(0,0,0)","2000","20","31020001","1","(0,70,70,70)","(0,80,80,80)","(50,50,50)","(-374,-1,1,374,-187,-1,1,187,-30,-1,1,30)","(100,100,100)","(-374,-1,1,374,-187,-1,1,187,-30,-1,1,30)","93000037","35011008"
"43040218","(8,7,10)","(560,280,50,1350,680,110,3380,1690,280,8780,4390,730,23850,11930,1990)","2000","20","31020001","1","(0,70,70,70)","(0,80,80,80)","(50,50,50)","(-374,-1,1,374,-187,-1,1,187,-30,-1,1,30)","(100,100,100)","(-374,-1,1,374,-187,-1,1,187,-30,-1,1,30)","93000037","35011008"
"43040219","(8,7,10)","(560,280,50,1350,680,110,3380,1690,280,8780,4390,730,23850,11930,1990,67500,33750,5630)","2000","20","31020001","1","(0,70,70,70)","(0,80,80,80)","(50,50,50)","(-374,-1,1,374,-187,-1,1,187,-30,-1,1,30)","(100,100,100)","(-374,-1,1,374,-187,-1,1,187,-30,-1,1,30)","93000037","35011008"
"43040220","(8,7,10)","(560,280,50,1350,680,110,3380,1690,280,8780,4390,730,23850,11930,1990,67500,33750,5630,198000,99000,16500)","2000","20","31020001","1","(0,70,70,70)","(0,80,80,80)","(50,50,50)","(-374,-1,1,374,-187,-1,1,187,-30,-1,1,30)","(100,100,100)","(-374,-1,1,374,-187,-1,1,187,-30,-1,1,30)","93000037","35011008"
"43040221","(8,7,10)","(560,280,50,1350,680,110,3380,1690,280,8780,4390,730,23850,11930,1990,67500,33750,5630,198000,99000,16500,603000,301500,50250)","2000","20","31020001","1","(0,70,70,70)","(0,80,80,80)","(50,50,50)","(-374,-1,1,374,-187,-1,1,187,-30,-1,1,30)","(100,100,100)","(-374,-1,1,374,-187,-1,1,187,-30,-1,1,30)","93000158","35011008"
"43040222","(8,7,10)","(560,280,50,1350,680,110,3380,1690,280,8780,4390,730,23850,11930,1990,67500,33750,5630,198000,99000,16500,603000,301500,50250,1908000,954000,159000)","2000","20","31020001","1","(0,70,70,70)","(0,80,80,80)","(50,50,50)","(-374,-1,1,374,-187,-1,1,187,-30,-1,1,30)","(100,100,100)","(-374,-1,1,374,-187,-1,1,187,-30,-1,1,30)","93000158","35011008"
"43040223","(8,7,10)","(0,0,0)","2000","20","31020001","1","(0,70,70,70)","(0,80,80,80)","(50,50,50)","(-374,-1,1,374,-187,-1,1,187,-30,-1,1,30)","(100,100,100)","(-374,-1,1,374,-187,-1,1,187,-30,-1,1,30)","93000037","35011008"
"43040224","(8,7,10)","(560,280,50,1350,680,110,3380,1690,280,8780,4390,730,23850,11930,1990,67500,33750,5630)","2000","20","31020001","1","(0,70,70,70)","(0,80,80,80)","(50,50,50)","(-374,-1,1,374,-187,-1,1,187,-30,-1,1,30)","(100,100,100)","(-374,-1,1,374,-187,-1,1,187,-30,-1,1,30)","93000037","35011008"
"43040225","(8,7,10)","(560,280,50,1350,680,110,3380,1690,280,8780,4390,730,23850,11930,1990,67500,33750,5630,198000,99000,16500)","2000","20","31020001","1","(0,70,70,70)","(0,80,80,80)","(50,50,50)","(-374,-1,1,374,-187,-1,1,187,-30,-1,1,30)","(100,100,100)","(-374,-1,1,374,-187,-1,1,187,-30,-1,1,30)","93000037","35011008"
"43040226","(8,7,10)","(560,280,50,1350,680,110,3380,1690,280,8780,4390,730,23850,11930,1990,67500,33750,5630,198000,99000,16500,603000,301500,50250)","2000","20","31020001","1","(0,70,70,70)","(0,80,80,80)","(50,50,50)","(-374,-1,1,374,-187,-1,1,187,-30,-1,1,30)","(100,100,100)","(-374,-1,1,374,-187,-1,1,187,-30,-1,1,30)","93000037","35011008"
"43040227","(8,7,10)","(560,280,50,1350,680,110,3380,1690,280,8780,4390,730,23850,11930,1990,67500,33750,5630,198000,99000,16500,603000,301500,50250,1908000,954000,159000)","2000","20","31020001","1","(0,70,70,70)","(0,80,80,80)","(50,50,50)","(-374,-1,1,374,-187,-1,1,187,-30,-1,1,30)","(100,100,100)","(-374,-1,1,374,-187,-1,1,187,-30,-1,1,30)","93000158","35011008"
"43040228","(8,7,10)","(560,280,50,1350,680,110,3380,1690,280,8780,4390,730,23850,11930,1990,67500,33750,5630,198000,99000,16500,603000,301500,50250,1908000,954000,159000)","2000","20","31020001","1","(0,70,70,70)","(0,80,80,80)","(50,50,50)","(-374,-1,1,374,-187,-1,1,187,-30,-1,1,30)","(100,100,100)","(-374,-1,1,374,-187,-1,1,187,-30,-1,1,30)","93000158","35011008"
"43040229","(8,7,10)","(0,0,0)","2000","20","31020001","1","(0,70,70,70)","(0,80,80,80)","(50,50,50)","(-374,-1,1,374,-187,-1,1,187,-30,-1,1,30)","(100,100,100)","(-374,-1,1,374,-187,-1,1,187,-30,-1,1,30)","93000037","35011008"
"43040230","(8,7,10)","(560,280,50,1350,680,110,3380,1690,280,8780,4390,730,23850,11930,1990,67500,33750,5630,198000,99000,16500)","2000","20","31020001","1","(0,70,70,70)","(0,80,80,80)","(50,50,50)","(-374,-1,1,374,-187,-1,1,187,-30,-1,1,30)","(100,100,100)","(-374,-1,1,374,-187,-1,1,187,-30,-1,1,30)","93000037","35011008"
"43040231","(8,7,10)","(560,280,50,1350,680,110,3380,1690,280,8780,4390,730,23850,11930,1990,67500,33750,5630,198000,99000,16500,603000,301500,50250)","2000","20","31020001","1","(0,70,70,70)","(0,80,80,80)","(50,50,50)","(-374,-1,1,374,-187,-1,1,187,-30,-1,1,30)","(100,100,100)","(-374,-1,1,374,-187,-1,1,187,-30,-1,1,30)","93000037","35011008"
"43040232","(8,7,10)","(560,280,50,1350,680,110,3380,1690,280,8780,4390,730,23850,11930,1990,67500,33750,5630,198000,99000,16500,603000,301500,50250,1908000,954000,159000)","2000","20","31020001","1","(0,70,70,70)","(0,80,80,80)","(50,50,50)","(-374,-1,1,374,-187,-1,1,187,-30,-1,1,30)","(100,100,100)","(-374,-1,1,374,-187,-1,1,187,-30,-1,1,30)","93000037","35011008"
"43040233","(8,7,10)","(560,280,50,1350,680,110,3380,1690,280,8780,4390,730,23850,11930,1990,67500,33750,5630,198000,99000,16500,603000,301500,50250,1908000,954000,159000)","2000","20","31020001","1","(0,70,70,70)","(0,80,80,80)","(50,50,50)","(-374,-1,1,374,-187,-1,1,187,-30,-1,1,30)","(100,100,100)","(-374,-1,1,374,-187,-1,1,187,-30,-1,1,30)","93000158","35011008"
"43040234","(8,7,10)","(560,280,50,1350,680,110,3380,1690,280,8780,4390,730,23850,11930,1990,67500,33750,5630,198000,99000,16500,603000,301500,50250,1908000,954000,159000)","2000","20","31020001","1","(0,70,70,70)","(0,80,80,80)","(50,50,50)","(-374,-1,1,374,-187,-1,1,187,-30,-1,1,30)","(100,100,100)","(-374,-1,1,374,-187,-1,1,187,-30,-1,1,30)","93000158","35011008"
"43040235","(8,7,10)","(0,0,0)","2000","20","31020001","1","(0,70,70,70)","(0,80,80,80)","(50,50,50)","(-374,-1,1,374,-187,-1,1,187,-30,-1,1,30)","(100,100,100)","(-374,-1,1,374,-187,-1,1,187,-30,-1,1,30)","93000037","35011008"
"43040236","(8,7,10)","(560,280,50,1350,680,110,3380,1690,280,8780,4390,730,23850,11930,1990,67500,33750,5630,198000,99000,16500,603000,301500,50250)","2000","20","31020001","1","(0,70,70,70)","(0,80,80,80)","(50,50,50)","(-374,-1,1,374,-187,-1,1,187,-30,-1,1,30)","(100,100,100)","(-374,-1,1,374,-187,-1,1,187,-30,-1,1,30)","93000037","35011008"
"43040237","(8,7,10)","(560,280,50,1350,680,110,3380,1690,280,8780,4390,730,23850,11930,1990,67500,33750,5630,198000,99000,16500,603000,301500,50250,1908000,954000,159000)","2000","20","31020001","1","(0,70,70,70)","(0,80,80,80)","(50,50,50)","(-374,-1,1,374,-187,-1,1,187,-30,-1,1,30)","(100,100,100)","(-374,-1,1,374,-187,-1,1,187,-30,-1,1,30)","93000037","35011008"
"43040238","(8,7,10)","(560,280,50,1350,680,110,3380,1690,280,8780,4390,730,23850,11930,1990,67500,33750,5630,198000,99000,16500,603000,301500,50250,1908000,954000,159000)","2000","20","31020001","1","(0,70,70,70)","(0,80,80,80)","(50,50,50)","(-374,-1,1,374,-187,-1,1,187,-30,-1,1,30)","(100,100,100)","(-374,-1,1,374,-187,-1,1,187,-30,-1,1,30)","93000037","35011008"
"43040239","(8,7,10)","(560,280,50,1350,680,110,3380,1690,280,8780,4390,730,23850,11930,1990,67500,33750,5630,198000,99000,16500,603000,301500,50250,1908000,954000,159000)","2000","20","31020001","1","(0,70,70,70)","(0,80,80,80)","(50,50,50)","(-374,-1,1,374,-187,-1,1,187,-30,-1,1,30)","(100,100,100)","(-374,-1,1,374,-187,-1,1,187,-30,-1,1,30)","93000158","35011008"
"43040240","(8,7,10)","(560,280,50,1350,680,110,3380,1690,280,8780,4390,730,23850,11930,1990,67500,33750,5630,198000,99000,16500,603000,301500,50250,1908000,954000,159000)","2000","20","31020001","1","(0,70,70,70)","(0,80,80,80)","(50,50,50)","(-374,-1,1,374,-187,-1,1,187,-30,-1,1,30)","(100,100,100)","(-374,-1,1,374,-187,-1,1,187,-30,-1,1,30)","93000158","35011008"
"43040241","(8,7,10)","(560,280,50,1350,680,110,3380,1690,280,8780,4390,730,23850,11930,1990,67500,33750,5630)","2000","20","31020001","1","(0,70,70,70)","(0,80,80,80)","(50,50,50)","(-374,-1,1,374,-187,-1,1,187,-30,-1,1,30)","(100,100,100)","(-374,-1,1,374,-187,-1,1,187,-30,-1,1,30)","93000158","35011008"
"43040242","(8,7,10)","(560,280,50,1350,680,110,3380,1690,280,8780,4390,730,23850,11930,1990,67500,33750,5630,198000,99000,16500)","2000","20","31020001","1","(0,70,70,70)","(0,80,80,80)","(50,50,50)","(-374,-1,1,374,-187,-1,1,187,-30,-1,1,30)","(100,100,100)","(-374,-1,1,374,-187,-1,1,187,-30,-1,1,30)","93000158","35011008"
"43040243","(8,7,10)","(560,280,50,1350,680,110,3380,1690,280,8780,4390,730,23850,11930,1990,67500,33750,5630,198000,99000,16500)","2000","20","31020001","1","(0,70,70,70)","(0,80,80,80)","(50,50,50)","(-374,-1,1,374,-187,-1,1,187,-30,-1,1,30)","(100,100,100)","(-374,-1,1,374,-187,-1,1,187,-30,-1,1,30)","93000158","35011008"
"43040244","(8,7,10)","(560,280,50,1350,680,110,3380,1690,280,8780,4390,730,23850,11930,1990,67500,33750,5630,198000,99000,16500)","2000","20","31020001","1","(0,70,70,70)","(0,80,80,80)","(50,50,50)","(-374,-1,1,374,-187,-1,1,187,-30,-1,1,30)","(100,100,100)","(-374,-1,1,374,-187,-1,1,187,-30,-1,1,30)","93000158","35011008"
"43040245","(8,7,10)","(560,280,50,1350,680,110,3380,1690,280,8780,4390,730,23850,11930,1990,67500,33750,5630,198000,99000,16500,603000,301500,50250)","2000","20","31020001","1","(0,70,70,70)","(0,80,80,80)","(50,50,50)","(-374,-1,1,374,-187,-1,1,187,-30,-1,1,30)","(100,100,100)","(-374,-1,1,374,-187,-1,1,187,-30,-1,1,30)","93000158","35011008"
"43040246","(8,7,10)","(560,280,50,1350,680,110,3380,1690,280,8780,4390,730,23850,11930,1990,67500,33750,5630,198000,99000,16500,603000,301500,50250,1908000,954000,159000)","2000","20","31020001","1","(0,70,70,70)","(0,80,80,80)","(50,50,50)","(-374,-1,1,374,-187,-1,1,187,-30,-1,1,30)","(100,100,100)","(-374,-1,1,374,-187,-1,1,187,-30,-1,1,30)","93000158","35011008"
"43040247","(8,7,10)","(560,280,50,1350,680,110,3380,1690,280,8780,4390,730,23850,11930,1990,67500,33750,5630,198000,99000,16500,603000,301500,50250,1908000,954000,159000)","2000","20","31020001","1","(0,70,70,70)","(0,80,80,80)","(50,50,50)","(-374,-1,1,374,-187,-1,1,187,-30,-1,1,30)","(100,100,100)","(-374,-1,1,374,-187,-1,1,187,-30,-1,1,30)","93000158","35011008"
"43040248","(8,7,10)","(560,280,50,1350,680,110,3380,1690,280,8780,4390,730,23850,11930,1990,67500,33750,5630,198000,99000,16500,603000,301500,50250,1908000,954000,159000)","2000","20","31020001","1","(0,70,70,70)","(0,80,80,80)","(50,50,50)","(-374,-1,1,374,-187,-1,1,187,-30,-1,1,30)","(100,100,100)","(-374,-1,1,374,-187,-1,1,187,-30,-1,1,30)","93000158","35011008"
"43040249","(8,7,10)","(560,280,50,1350,680,110,3380,1690,280,8780,4390,730,23850,11930,1990,67500,33750,5630,198000,99000,16500,603000,301500,50250,1908000,954000,159000)","2000","20","31020001","1","(0,70,70,70)","(0,80,80,80)","(50,50,50)","(-374,-1,1,374,-187,-1,1,187,-30,-1,1,30)","(100,100,100)","(-374,-1,1,374,-187,-1,1,187,-30,-1,1,30)","93000158","35011008"
"43040250","(8,7,10)","(560,280,50,1350,680,110,3380,1690,280,8780,4390,730,23850,11930,1990,67500,33750,5630,198000,99000,16500,603000,301500,50250,1908000,954000,159000)","2000","20","31020001","1","(0,70,70,70)","(0,80,80,80)","(50,50,50)","(-374,-1,1,374,-187,-1,1,187,-30,-1,1,30)","(100,100,100)","(-374,-1,1,374,-187,-1,1,187,-30,-1,1,30)","93000158","35011008"
"43040251","(8,7,10)","(560,280,50,1350,680,110,3380,1690,280,8780,4390,730,23850,11930,1990,67500,33750,5630)","2000","20","31020001","1","(0,70,70,70)","(0,80,80,80)","(50,50,50)","(-374,-1,1,374,-187,-1,1,187,-30,-1,1,30)","(100,100,100)","(-374,-1,1,374,-187,-1,1,187,-30,-1,1,30)","93000158","35011008"
"43040252","(8,7,10)","(560,280,50,1350,680,110,3380,1690,280,8780,4390,730,23850,11930,1990,67500,33750,5630,198000,99000,16500)","2000","20","31020001","1","(0,70,70,70)","(0,80,80,80)","(50,50,50)","(-374,-1,1,374,-187,-1,1,187,-30,-1,1,30)","(100,100,100)","(-374,-1,1,374,-187,-1,1,187,-30,-1,1,30)","93000158","35011008"
"43040253","(8,7,10)","(560,280,50,1350,680,110,3380,1690,280,8780,4390,730,23850,11930,1990,67500,33750,5630,198000,99000,16500)","2000","20","31020001","1","(0,70,70,70)","(0,80,80,80)","(50,50,50)","(-374,-1,1,374,-187,-1,1,187,-30,-1,1,30)","(100,100,100)","(-374,-1,1,374,-187,-1,1,187,-30,-1,1,30)","93000158","35011008"
"43040254","(8,7,10)","(560,280,50,1350,680,110,3380,1690,280,8780,4390,730,23850,11930,1990,67500,33750,5630,198000,99000,16500)","2000","20","31020001","1","(0,70,70,70)","(0,80,80,80)","(50,50,50)","(-374,-1,1,374,-187,-1,1,187,-30,-1,1,30)","(100,100,100)","(-374,-1,1,374,-187,-1,1,187,-30,-1,1,30)","93000158","35011008"
"43040255","(8,7,10)","(560,280,50,1350,680,110,3380,1690,280,8780,4390,730,23850,11930,1990,67500,33750,5630,198000,99000,16500,603000,301500,50250)","2000","20","31020001","1","(0,70,70,70)","(0,80,80,80)","(50,50,50)","(-374,-1,1,374,-187,-1,1,187,-30,-1,1,30)","(100,100,100)","(-374,-1,1,374,-187,-1,1,187,-30,-1,1,30)","93000158","35011008"
"43040256","(8,7,10)","(560,280,50,1350,680,110,3380,1690,280,8780,4390,730,23850,11930,1990,67500,33750,5630,198000,99000,16500,603000,301500,50250,1908000,954000,159000)","2000","20","31020001","1","(0,70,70,70)","(0,80,80,80)","(50,50,50)","(-374,-1,1,374,-187,-1,1,187,-30,-1,1,30)","(100,100,100)","(-374,-1,1,374,-187,-1,1,187,-30,-1,1,30)","93000158","35011008"
"43040257","(8,7,10)","(560,280,50,1350,680,110,3380,1690,280,8780,4390,730,23850,11930,1990,67500,33750,5630,198000,99000,16500,603000,301500,50250,1908000,954000,159000)","2000","20","31020001","1","(0,70,70,70)","(0,80,80,80)","(50,50,50)","(-374,-1,1,374,-187,-1,1,187,-30,-1,1,30)","(100,100,100)","(-374,-1,1,374,-187,-1,1,187,-30,-1,1,30)","93000158","35011008"
"43040258","(8,7,10)","(560,280,50,1350,680,110,3380,1690,280,8780,4390,730,23850,11930,1990,67500,33750,5630,198000,99000,16500,603000,301500,50250,1908000,954000,159000)","2000","20","31020001","1","(0,70,70,70)","(0,80,80,80)","(50,50,50)","(-374,-1,1,374,-187,-1,1,187,-30,-1,1,30)","(100,100,100)","(-374,-1,1,374,-187,-1,1,187,-30,-1,1,30)","93000158","35011008"
"43040259","(8,7,10)","(560,280,50,1350,680,110,3380,1690,280,8780,4390,730,23850,11930,1990,67500,33750,5630,198000,99000,16500,603000,301500,50250,1908000,954000,159000)","2000","20","31020001","1","(0,70,70,70)","(0,80,80,80)","(50,50,50)","(-374,-1,1,374,-187,-1,1,187,-30,-1,1,30)","(100,100,100)","(-374,-1,1,374,-187,-1,1,187,-30,-1,1,30)","93000158","35011008"
"43040260","(8,7,10)","(560,280,50,1350,680,110,3380,1690,280,8780,4390,730,23850,11930,1990,67500,33750,5630,198000,99000,16500,603000,301500,50250,1908000,954000,159000)","2000","20","31020001","1","(0,70,70,70)","(0,80,80,80)","(50,50,50)","(-374,-1,1,374,-187,-1,1,187,-30,-1,1,30)","(100,100,100)","(-374,-1,1,374,-187,-1,1,187,-30,-1,1,30)","93000158","35011008"
"43040261","(8,7,10)","(560,280,50,1350,680,110,3380,1690,280,8780,4390,730,23850,11930,1990,67500,33750,5630)","2000","20","31020001","1","(0,70,70,70)","(0,80,80,80)","(50,50,50)","(-374,-1,1,374,-187,-1,1,187,-30,-1,1,30)","(100,100,100)","(-374,-1,1,374,-187,-1,1,187,-30,-1,1,30)","93000158","35011008"
"43040262","(8,7,10)","(560,280,50,1350,680,110,3380,1690,280,8780,4390,730,23850,11930,1990,67500,33750,5630,198000,99000,16500)","2000","20","31020001","1","(0,70,70,70)","(0,80,80,80)","(50,50,50)","(-374,-1,1,374,-187,-1,1,187,-30,-1,1,30)","(100,100,100)","(-374,-1,1,374,-187,-1,1,187,-30,-1,1,30)","93000158","35011008"
"43040263","(8,7,10)","(560,280,50,1350,680,110,3380,1690,280,8780,4390,730,23850,11930,1990,67500,33750,5630,198000,99000,16500)","2000","20","31020001","1","(0,70,70,70)","(0,80,80,80)","(50,50,50)","(-374,-1,1,374,-187,-1,1,187,-30,-1,1,30)","(100,100,100)","(-374,-1,1,374,-187,-1,1,187,-30,-1,1,30)","93000158","35011008"
"43040264","(8,7,10)","(560,280,50,1350,680,110,3380,1690,280,8780,4390,730,23850,11930,1990,67500,33750,5630,198000,99000,16500)","2000","20","31020001","1","(0,70,70,70)","(0,80,80,80)","(50,50,50)","(-374,-1,1,374,-187,-1,1,187,-30,-1,1,30)","(100,100,100)","(-374,-1,1,374,-187,-1,1,187,-30,-1,1,30)","93000158","35011008"
"43040265","(8,7,10)","(560,280,50,1350,680,110,3380,1690,280,8780,4390,730,23850,11930,1990,67500,33750,5630,198000,99000,16500,603000,301500,50250)","2000","20","31020001","1","(0,70,70,70)","(0,80,80,80)","(50,50,50)","(-374,-1,1,374,-187,-1,1,187,-30,-1,1,30)","(100,100,100)","(-374,-1,1,374,-187,-1,1,187,-30,-1,1,30)","93000158","35011008"
"43040266","(8,7,10)","(560,280,50,1350,680,110,3380,1690,280,8780,4390,730,23850,11930,1990,67500,33750,5630,198000,99000,16500,603000,301500,50250,1908000,954000,159000)","2000","20","31020001","1","(0,70,70,70)","(0,80,80,80)","(50,50,50)","(-374,-1,1,374,-187,-1,1,187,-30,-1,1,30)","(100,100,100)","(-374,-1,1,374,-187,-1,1,187,-30,-1,1,30)","93000158","35011008"
"43040267","(8,7,10)","(560,280,50,1350,680,110,3380,1690,280,8780,4390,730,23850,11930,1990,67500,33750,5630,198000,99000,16500,603000,301500,50250,1908000,954000,159000)","2000","20","31020001","1","(0,70,70,70)","(0,80,80,80)","(50,50,50)","(-374,-1,1,374,-187,-1,1,187,-30,-1,1,30)","(100,100,100)","(-374,-1,1,374,-187,-1,1,187,-30,-1,1,30)","93000158","35011008"
"43040268","(8,7,10)","(560,280,50,1350,680,110,3380,1690,280,8780,4390,730,23850,11930,1990,67500,33750,5630,198000,99000,16500,603000,301500,50250,1908000,954000,159000)","2000","20","31020001","1","(0,70,70,70)","(0,80,80,80)","(50,50,50)","(-374,-1,1,374,-187,-1,1,187,-30,-1,1,30)","(100,100,100)","(-374,-1,1,374,-187,-1,1,187,-30,-1,1,30)","93000158","35011008"
"43040269","(8,7,10)","(560,280,50,1350,680,110,3380,1690,280,8780,4390,730,23850,11930,1990,67500,33750,5630,198000,99000,16500,603000,301500,50250,1908000,954000,159000)","2000","20","31020001","1","(0,70,70,70)","(0,80,80,80)","(50,50,50)","(-374,-1,1,374,-187,-1,1,187,-30,-1,1,30)","(100,100,100)","(-374,-1,1,374,-187,-1,1,187,-30,-1,1,30)","93000158","35011008"
"43040270","(8,7,10)","(560,280,50,1350,680,110,3380,1690,280,8780,4390,730,23850,11930,1990,67500,33750,5630,198000,99000,16500,603000,301500,50250,1908000,954000,159000)","2000","20","31020001","1","(0,70,70,70)","(0,80,80,80)","(50,50,50)","(-374,-1,1,374,-187,-1,1,187,-30,-1,1,30)","(100,100,100)","(-374,-1,1,374,-187,-1,1,187,-30,-1,1,30)","93000158","35011008"
"43040271","(8,7,10)","(560,280,50,1350,680,110,3380,1690,280,8780,4390,730,23850,11930,1990,67500,33750,5630)","2000","20","31020001","1","(0,70,70,70)","(0,80,80,80)","(50,50,50)","(-374,-1,1,374,-187,-1,1,187,-30,-1,1,30)","(100,100,100)","(-374,-1,1,374,-187,-1,1,187,-30,-1,1,30)","93000158","35011008"
"43040272","(8,7,10)","(560,280,50,1350,680,110,3380,1690,280,8780,4390,730,23850,11930,1990,67500,33750,5630,198000,99000,16500)","2000","20","31020001","1","(0,70,70,70)","(0,80,80,80)","(50,50,50)","(-374,-1,1,374,-187,-1,1,187,-30,-1,1,30)","(100,100,100)","(-374,-1,1,374,-187,-1,1,187,-30,-1,1,30)","93000158","35011008"
"43040273","(8,7,10)","(560,280,50,1350,680,110,3380,1690,280,8780,4390,730,23850,11930,1990,67500,33750,5630,198000,99000,16500)","2000","20","31020001","1","(0,70,70,70)","(0,80,80,80)","(50,50,50)","(-374,-1,1,374,-187,-1,1,187,-30,-1,1,30)","(100,100,100)","(-374,-1,1,374,-187,-1,1,187,-30,-1,1,30)","93000158","35011008"
"43040274","(8,7,10)","(560,280,50,1350,680,110,3380,1690,280,8780,4390,730,23850,11930,1990,67500,33750,5630,198000,99000,16500)","2000","20","31020001","1","(0,70,70,70)","(0,80,80,80)","(50,50,50)","(-374,-1,1,374,-187,-1,1,187,-30,-1,1,30)","(100,100,100)","(-374,-1,1,374,-187,-1,1,187,-30,-1,1,30)","93000158","35011008"
"43040275","(8,7,10)","(560,280,50,1350,680,110,3380,1690,280,8780,4390,730,23850,11930,1990,67500,33750,5630,198000,99000,16500,603000,301500,50250)","2000","20","31020001","1","(0,70,70,70)","(0,80,80,80)","(50,50,50)","(-374,-1,1,374,-187,-1,1,187,-30,-1,1,30)","(100,100,100)","(-374,-1,1,374,-187,-1,1,187,-30,-1,1,30)","93000158","35011008"
"43040276","(8,7,10)","(560,280,50,1350,680,110,3380,1690,280,8780,4390,730,23850,11930,1990,67500,33750,5630,198000,99000,16500,603000,301500,50250,1908000,954000,159000)","2000","20","31020001","1","(0,70,70,70)","(0,80,80,80)","(50,50,50)","(-374,-1,1,374,-187,-1,1,187,-30,-1,1,30)","(100,100,100)","(-374,-1,1,374,-187,-1,1,187,-30,-1,1,30)","93000158","35011008"
"43040277","(8,7,10)","(560,280,50,1350,680,110,3380,1690,280,8780,4390,730,23850,11930,1990,67500,33750,5630,198000,99000,16500,603000,301500,50250,1908000,954000,159000)","2000","20","31020001","1","(0,70,70,70)","(0,80,80,80)","(50,50,50)","(-374,-1,1,374,-187,-1,1,187,-30,-1,1,30)","(100,100,100)","(-374,-1,1,374,-187,-1,1,187,-30,-1,1,30)","93000158","35011008"
"43040278","(8,7,10)","(560,280,50,1350,680,110,3380,1690,280,8780,4390,730,23850,11930,1990,67500,33750,5630,198000,99000,16500,603000,301500,50250,1908000,954000,159000)","2000","20","31020001","1","(0,70,70,70)","(0,80,80,80)","(50,50,50)","(-374,-1,1,374,-187,-1,1,187,-30,-1,1,30)","(100,100,100)","(-374,-1,1,374,-187,-1,1,187,-30,-1,1,30)","93000158","35011008"
"43040279","(8,7,10)","(560,280,50,1350,680,110,3380,1690,280,8780,4390,730,23850,11930,1990,67500,33750,5630,198000,99000,16500,603000,301500,50250,1908000,954000,159000)","2000","20","31020001","1","(0,70,70,70)","(0,80,80,80)","(50,50,50)","(-374,-1,1,374,-187,-1,1,187,-30,-1,1,30)","(100,100,100)","(-374,-1,1,374,-187,-1,1,187,-30,-1,1,30)","93000158","35011008"
"43040280","(8,7,10)","(560,280,50,1350,680,110,3380,1690,280,8780,4390,730,23850,11930,1990,67500,33750,5630,198000,99000,16500,603000,301500,50250,1908000,954000,159000)","2000","20","31020001","1","(0,70,70,70)","(0,80,80,80)","(50,50,50)","(-374,-1,1,374,-187,-1,1,187,-30,-1,1,30)","(100,100,100)","(-374,-1,1,374,-187,-1,1,187,-30,-1,1,30)","93000158","35011008"
"43050001","(8,7,12)","(0,0,0)","2000","20","31020001","1","(0,70,70,70)","(0,80,80,80)","(50,50,50)","(-374,-1,1,374,-187,-1,1,187,-60,-1,1,60)","(100,100,100)","(-374,-1,1,374,-187,-1,1,187,-60,-1,1,60)","93000037","35011008"
"43050002","(8,7,12)","(560,280,90)","2000","20","31020001","1","(0,70,70,70)","(0,80,80,80)","(50,50,50)","(-374,-1,1,374,-187,-1,1,187,-60,-1,1,60)","(100,100,100)","(-374,-1,1,374,-187,-1,1,187,-60,-1,1,60)","93000037","35011008"
"43050003","(8,7,12)","(560,280,90)","2000","20","31020001","1","(0,70,70,70)","(0,80,80,80)","(50,50,50)","(-374,-1,1,374,-187,-1,1,187,-60,-1,1,60)","(100,100,100)","(-374,-1,1,374,-187,-1,1,187,-60,-1,1,60)","93000037","35011008"
"43050004","(8,7,12)","(560,280,90)","2000","20","31020001","1","(0,70,70,70)","(0,80,80,80)","(50,50,50)","(-374,-1,1,374,-187,-1,1,187,-60,-1,1,60)","(100,100,100)","(-374,-1,1,374,-187,-1,1,187,-60,-1,1,60)","93000037","35011008"
"43050005","(8,7,12)","(560,280,90,1350,680,230,3380,1690,560)","2000","20","31020001","1","(0,70,70,70)","(0,80,80,80)","(50,50,50)","(-374,-1,1,374,-187,-1,1,187,-60,-1,1,60)","(100,100,100)","(-374,-1,1,374,-187,-1,1,187,-60,-1,1,60)","93000158","35011008"
"43050006","(8,7,12)","(560,280,90,1350,680,230,3380,1690,560,8780,4390,1460,23850,11930,3980)","2000","20","31020001","1","(0,70,70,70)","(0,80,80,80)","(50,50,50)","(-374,-1,1,374,-187,-1,1,187,-60,-1,1,60)","(100,100,100)","(-374,-1,1,374,-187,-1,1,187,-60,-1,1,60)","93000158","35011008"
"43050007","(8,7,12)","(0,0,0)","2000","20","31020001","1","(0,70,70,70)","(0,80,80,80)","(50,50,50)","(-374,-1,1,374,-187,-1,1,187,-60,-1,1,60)","(100,100,100)","(-374,-1,1,374,-187,-1,1,187,-60,-1,1,60)","93000037","35011008"
"43050008","(8,7,12)","(560,280,90)","2000","20","31020001","1","(0,70,70,70)","(0,80,80,80)","(50,50,50)","(-374,-1,1,374,-187,-1,1,187,-60,-1,1,60)","(100,100,100)","(-374,-1,1,374,-187,-1,1,187,-60,-1,1,60)","93000037","35011008"
"43050009","(8,7,12)","(560,280,90)","2000","20","31020001","1","(0,70,70,70)","(0,80,80,80)","(50,50,50)","(-374,-1,1,374,-187,-1,1,187,-60,-1,1,60)","(100,100,100)","(-374,-1,1,374,-187,-1,1,187,-60,-1,1,60)","93000037","35011008"
"43050010","(8,7,12)","(560,280,90,1350,680,230)","2000","20","31020001","1","(0,70,70,70)","(0,80,80,80)","(50,50,50)","(-374,-1,1,374,-187,-1,1,187,-60,-1,1,60)","(100,100,100)","(-374,-1,1,374,-187,-1,1,187,-60,-1,1,60)","93000037","35011008"
"43050011","(8,7,12)","(560,280,90,1350,680,230,3380,1690,560,8780,4390,1460)","2000","20","31020001","1","(0,70,70,70)","(0,80,80,80)","(50,50,50)","(-374,-1,1,374,-187,-1,1,187,-60,-1,1,60)","(100,100,100)","(-374,-1,1,374,-187,-1,1,187,-60,-1,1,60)","93000158","35011008"
"43050012","(8,7,12)","(560,280,90,1350,680,230,3380,1690,560,8780,4390,1460,23850,11930,3980,67500,33750,11250)","2000","20","31020001","1","(0,70,70,70)","(0,80,80,80)","(50,50,50)","(-374,-1,1,374,-187,-1,1,187,-60,-1,1,60)","(100,100,100)","(-374,-1,1,374,-187,-1,1,187,-60,-1,1,60)","93000158","35011008"
"43050013","(8,7,12)","(0,0,0)","2000","20","31020001","1","(0,70,70,70)","(0,80,80,80)","(50,50,50)","(-374,-1,1,374,-187,-1,1,187,-60,-1,1,60)","(100,100,100)","(-374,-1,1,374,-187,-1,1,187,-60,-1,1,60)","93000037","35011008"
"43050014","(8,7,12)","(560,280,90)","2000","20","31020001","1","(0,70,70,70)","(0,80,80,80)","(50,50,50)","(-374,-1,1,374,-187,-1,1,187,-60,-1,1,60)","(100,100,100)","(-374,-1,1,374,-187,-1,1,187,-60,-1,1,60)","93000037","35011008"
"43050015","(8,7,12)","(560,280,90,1350,680,230)","2000","20","31020001","1","(0,70,70,70)","(0,80,80,80)","(50,50,50)","(-374,-1,1,374,-187,-1,1,187,-60,-1,1,60)","(100,100,100)","(-374,-1,1,374,-187,-1,1,187,-60,-1,1,60)","93000037","35011008"
"43050016","(8,7,12)","(560,280,90,1350,680,230,3380,1690,560)","2000","20","31020001","1","(0,70,70,70)","(0,80,80,80)","(50,50,50)","(-374,-1,1,374,-187,-1,1,187,-60,-1,1,60)","(100,100,100)","(-374,-1,1,374,-187,-1,1,187,-60,-1,1,60)","93000037","35011008"
"43050017","(8,7,12)","(560,280,90,1350,680,230,3380,1690,560,8780,4390,1460,23850,11930,3980)","2000","20","31020001","1","(0,70,70,70)","(0,80,80,80)","(50,50,50)","(-374,-1,1,374,-187,-1,1,187,-60,-1,1,60)","(100,100,100)","(-374,-1,1,374,-187,-1,1,187,-60,-1,1,60)","93000158","35011008"
"43050018","(8,7,12)","(560,280,90,1350,680,230,3380,1690,560,8780,4390,1460,23850,11930,3980,67500,33750,11250,198000,99000,33000)","2000","20","31020001","1","(0,70,70,70)","(0,80,80,80)","(50,50,50)","(-374,-1,1,374,-187,-1,1,187,-60,-1,1,60)","(100,100,100)","(-374,-1,1,374,-187,-1,1,187,-60,-1,1,60)","93000158","35011008"
"43050019","(8,7,12)","(0,0,0)","2000","20","31020001","1","(0,70,70,70)","(0,80,80,80)","(50,50,50)","(-374,-1,1,374,-187,-1,1,187,-60,-1,1,60)","(100,100,100)","(-374,-1,1,374,-187,-1,1,187,-60,-1,1,60)","93000037","35011008"
"43050020","(8,7,12)","(560,280,90,1350,680,230)","2000","20","31020001","1","(0,70,70,70)","(0,80,80,80)","(50,50,50)","(-374,-1,1,374,-187,-1,1,187,-60,-1,1,60)","(100,100,100)","(-374,-1,1,374,-187,-1,1,187,-60,-1,1,60)","93000037","35011008"
"43050021","(8,7,12)","(560,280,90,1350,680,230,3380,1690,560)","2000","20","31020001","1","(0,70,70,70)","(0,80,80,80)","(50,50,50)","(-374,-1,1,374,-187,-1,1,187,-60,-1,1,60)","(100,100,100)","(-374,-1,1,374,-187,-1,1,187,-60,-1,1,60)","93000037","35011008"
"43050022","(8,7,12)","(560,280,90,1350,680,230,3380,1690,560,8780,4390,1460)","2000","20","31020001","1","(0,70,70,70)","(0,80,80,80)","(50,50,50)","(-374,-1,1,374,-187,-1,1,187,-60,-1,1,60)","(100,100,100)","(-374,-1,1,374,-187,-1,1,187,-60,-1,1,60)","93000037","35011008"
"43050023","(8,7,12)","(560,280,90,1350,680,230,3380,1690,560,8780,4390,1460,23850,11930,3980,67500,33750,11250)","2000","20","31020001","1","(0,70,70,70)","(0,80,80,80)","(50,50,50)","(-374,-1,1,374,-187,-1,1,187,-60,-1,1,60)","(100,100,100)","(-374,-1,1,374,-187,-1,1,187,-60,-1,1,60)","93000158","35011008"
"43050024","(8,7,12)","(560,280,90,1350,680,230,3380,1690,560,8780,4390,1460,23850,11930,3980,67500,33750,11250,198000,99000,33000)","2000","20","31020001","1","(0,70,70,70)","(0,80,80,80)","(50,50,50)","(-374,-1,1,374,-187,-1,1,187,-60,-1,1,60)","(100,100,100)","(-374,-1,1,374,-187,-1,1,187,-60,-1,1,60)","93000158","35011008"
"43050025","(8,7,12)","(0,0,0)","2000","20","31020001","1","(0,70,70,70)","(0,80,80,80)","(50,50,50)","(-374,-1,1,374,-187,-1,1,187,-60,-1,1,60)","(100,100,100)","(-374,-1,1,374,-187,-1,1,187,-60,-1,1,60)","93000037","35011008"
"43050026","(8,7,12)","(560,280,90,1350,680,230,3380,1690,560","2000","20","31020001","1","(0,70,70,70)","(0,80,80,80)","(50,50,50)","(-374,-1,1,374,-187,-1,1,187,-60,-1,1,60)","(100,100,100)","(-374,-1,1,374,-187,-1,1,187,-60,-1,1,60)","93000037","35011008"
"43050027","(8,7,12)","(560,280,90,1350,680,230,3380,1690,560,8780,4390,1460)","2000","20","31020001","1","(0,70,70,70)","(0,80,80,80)","(50,50,50)","(-374,-1,1,374,-187,-1,1,187,-60,-1,1,60)","(100,100,100)","(-374,-1,1,374,-187,-1,1,187,-60,-1,1,60)","93000037","35011008"
"43050028","(8,7,12)","(560,280,90,1350,680,230,3380,1690,560,8780,4390,1460,23850,11930,3980)","2000","20","31020001","1","(0,70,70,70)","(0,80,80,80)","(50,50,50)","(-374,-1,1,374,-187,-1,1,187,-60,-1,1,60)","(100,100,100)","(-374,-1,1,374,-187,-1,1,187,-60,-1,1,60)","93000037","35011008"
"43050029","(8,7,12)","(560,280,90,1350,680,230,3380,1690,560,8780,4390,1460,23850,11930,3980,67500,33750,11250,198000,99000,33000)","2000","20","31020001","1","(0,70,70,70)","(0,80,80,80)","(50,50,50)","(-374,-1,1,374,-187,-1,1,187,-60,-1,1,60)","(100,100,100)","(-374,-1,1,374,-187,-1,1,187,-60,-1,1,60)","93000158","35011008"
"43050030","(8,7,12)","(560,280,90,1350,680,230,3380,1690,560,8780,4390,1460,23850,11930,3980,67500,33750,11250,198000,99000,33000)","2000","20","31020001","1","(0,70,70,70)","(0,80,80,80)","(50,50,50)","(-374,-1,1,374,-187,-1,1,187,-60,-1,1,60)","(100,100,100)","(-374,-1,1,374,-187,-1,1,187,-60,-1,1,60)","93000158","35011008"
"43050031","(8,7,12)","(0,0,0)","2000","20","31020001","1","(0,70,70,70)","(0,80,80,80)","(50,50,50)","(-374,-1,1,374,-187,-1,1,187,-60,-1,1,60)","(100,100,100)","(-374,-1,1,374,-187,-1,1,187,-60,-1,1,60)","93000037","35011008"
"43050032","(8,7,12)","(560,280,90,1350,680,230,3380,1690,560,8780,4390,1460)","2000","20","31020001","1","(0,70,70,70)","(0,80,80,80)","(50,50,50)","(-374,-1,1,374,-187,-1,1,187,-60,-1,1,60)","(100,100,100)","(-374,-1,1,374,-187,-1,1,187,-60,-1,1,60)","93000037","35011008"
"43050033","(8,7,12)","(560,280,90,1350,680,230,3380,1690,560,8780,4390,1460,23850,11930,3980)","2000","20","31020001","1","(0,70,70,70)","(0,80,80,80)","(50,50,50)","(-374,-1,1,374,-187,-1,1,187,-60,-1,1,60)","(100,100,100)","(-374,-1,1,374,-187,-1,1,187,-60,-1,1,60)","93000037","35011008"
"43050034","(8,7,12)","(560,280,90,1350,680,230,3380,1690,560,8780,4390,1460,23850,11930,3980,67500,33750,11250)","2000","20","31020001","1","(0,70,70,70)","(0,80,80,80)","(50,50,50)","(-374,-1,1,374,-187,-1,1,187,-60,-1,1,60)","(100,100,100)","(-374,-1,1,374,-187,-1,1,187,-60,-1,1,60)","93000037","35011008"
"43050035","(8,7,12)","(560,280,90,1350,680,230,3380,1690,560,8780,4390,1460,23850,11930,3980,67500,33750,11250,198000,99000,33000)","2000","20","31020001","1","(0,70,70,70)","(0,80,80,80)","(50,50,50)","(-374,-1,1,374,-187,-1,1,187,-60,-1,1,60)","(100,100,100)","(-374,-1,1,374,-187,-1,1,187,-60,-1,1,60)","93000158","35011008"
"43050036","(8,7,12)","(560,280,90,1350,680,230,3380,1690,560,8780,4390,1460,23850,11930,3980,67500,33750,11250,198000,99000,33000,603000,301500,100500)","2000","20","31020001","1","(0,70,70,70)","(0,80,80,80)","(50,50,50)","(-374,-1,1,374,-187,-1,1,187,-60,-1,1,60)","(100,100,100)","(-374,-1,1,374,-187,-1,1,187,-60,-1,1,60)","93000158","35011008"
"43050037","(8,7,12)","(0,0,0)","2000","20","31020001","1","(0,70,70,70)","(0,80,80,80)","(50,50,50)","(-374,-1,1,374,-187,-1,1,187,-60,-1,1,60)","(100,100,100)","(-374,-1,1,374,-187,-1,1,187,-60,-1,1,60)","93000037","35011008"
"43050038","(8,7,12)","(560,280,90,1350,680,230,3380,1690,560,8780,4390,1460,23850,11930,3980)","2000","20","31020001","1","(0,70,70,70)","(0,80,80,80)","(50,50,50)","(-374,-1,1,374,-187,-1,1,187,-60,-1,1,60)","(100,100,100)","(-374,-1,1,374,-187,-1,1,187,-60,-1,1,60)","93000037","35011008"
"43050039","(8,7,12)","(560,280,90,1350,680,230,3380,1690,560,8780,4390,1460,23850,11930,3980,67500,33750,11250)","2000","20","31020001","1","(0,70,70,70)","(0,80,80,80)","(50,50,50)","(-374,-1,1,374,-187,-1,1,187,-60,-1,1,60)","(100,100,100)","(-374,-1,1,374,-187,-1,1,187,-60,-1,1,60)","93000037","35011008"
"43050040","(8,7,12)","(560,280,90,1350,680,230,3380,1690,560,8780,4390,1460,23850,11930,3980,67500,33750,11250,198000,99000,33000)","2000","20","31020001","1","(0,70,70,70)","(0,80,80,80)","(50,50,50)","(-374,-1,1,374,-187,-1,1,187,-60,-1,1,60)","(100,100,100)","(-374,-1,1,374,-187,-1,1,187,-60,-1,1,60)","93000037","35011008"
"43050041","(8,7,12)","(560,280,90,1350,680,230,3380,1690,560,8780,4390,1460,23850,11930,3980,67500,33750,11250,198000,99000,33000,603000,301500,100500)","2000","20","31020001","1","(0,70,70,70)","(0,80,80,80)","(50,50,50)","(-374,-1,1,374,-187,-1,1,187,-60,-1,1,60)","(100,100,100)","(-374,-1,1,374,-187,-1,1,187,-60,-1,1,60)","93000158","35011008"
"43050042","(8,7,12)","(560,280,90,1350,680,230,3380,1690,560,8780,4390,1460,23850,11930,3980,67500,33750,11250,198000,99000,33000,603000,301500,100500,1908000,954000,318000)","2000","20","31020001","1","(0,70,70,70)","(0,80,80,80)","(50,50,50)","(-374,-1,1,374,-187,-1,1,187,-60,-1,1,60)","(100,100,100)","(-374,-1,1,374,-187,-1,1,187,-60,-1,1,60)","93000158","35011008"
"43050043","(8,7,12)","(0,0,0)","2000","20","31020001","1","(0,70,70,70)","(0,80,80,80)","(50,50,50)","(-374,-1,1,374,-187,-1,1,187,-60,-1,1,60)","(100,100,100)","(-374,-1,1,374,-187,-1,1,187,-60,-1,1,60)","93000037","35011008"
"43050044","(8,7,12)","(560,280,90,1350,680,230,3380,1690,560,8780,4390,1460,23850,11930,3980,67500,33750,11250)","2000","20","31020001","1","(0,70,70,70)","(0,80,80,80)","(50,50,50)","(-374,-1,1,374,-187,-1,1,187,-60,-1,1,60)","(100,100,100)","(-374,-1,1,374,-187,-1,1,187,-60,-1,1,60)","93000037","35011008"
"43050045","(8,7,12)","(560,280,90,1350,680,230,3380,1690,560,8780,4390,1460,23850,11930,3980,67500,33750,11250,198000,99000,33000)","2000","20","31020001","1","(0,70,70,70)","(0,80,80,80)","(50,50,50)","(-374,-1,1,374,-187,-1,1,187,-60,-1,1,60)","(100,100,100)","(-374,-1,1,374,-187,-1,1,187,-60,-1,1,60)","93000037","35011008"
"43050046","(8,7,12)","(560,280,90,1350,680,230,3380,1690,560,8780,4390,1460,23850,11930,3980,67500,33750,11250,198000,99000,33000,603000,301500,100500)","2000","20","31020001","1","(0,70,70,70)","(0,80,80,80)","(50,50,50)","(-374,-1,1,374,-187,-1,1,187,-60,-1,1,60)","(100,100,100)","(-374,-1,1,374,-187,-1,1,187,-60,-1,1,60)","93000037","35011008"
"43050047","(8,7,12)","(560,280,90,1350,680,230,3380,1690,560,8780,4390,1460,23850,11930,3980,67500,33750,11250,198000,99000,33000,603000,301500,100500,1908000,954000,318000)","2000","20","31020001","1","(0,70,70,70)","(0,80,80,80)","(50,50,50)","(-374,-1,1,374,-187,-1,1,187,-60,-1,1,60)","(100,100,100)","(-374,-1,1,374,-187,-1,1,187,-60,-1,1,60)","93000158","35011008"
"43050048","(8,7,12)","(560,280,90,1350,680,230,3380,1690,560,8780,4390,1460,23850,11930,3980,67500,33750,11250,198000,99000,33000,603000,301500,100500,1908000,954000,318000)","2000","20","31020001","1","(0,70,70,70)","(0,80,80,80)","(50,50,50)","(-374,-1,1,374,-187,-1,1,187,-60,-1,1,60)","(100,100,100)","(-374,-1,1,374,-187,-1,1,187,-60,-1,1,60)","93000158","35011008"
"43050049","(8,7,12)","(0,0,0)","2000","20","31020001","1","(0,70,70,70)","(0,80,80,80)","(50,50,50)","(-374,-1,1,374,-187,-1,1,187,-60,-1,1,60)","(100,100,100)","(-374,-1,1,374,-187,-1,1,187,-60,-1,1,60)","93000037","35011008"
"43050050","(8,7,12)","(560,280,90,1350,680,230,3380,1690,560,8780,4390,1460,23850,11930,3980,67500,33750,11250,198000,99000,33000)","2000","20","31020001","1","(0,70,70,70)","(0,80,80,80)","(50,50,50)","(-374,-1,1,374,-187,-1,1,187,-60,-1,1,60)","(100,100,100)","(-374,-1,1,374,-187,-1,1,187,-60,-1,1,60)","93000037","35011008"
"43050051","(8,7,12)","(560,280,90,1350,680,230,3380,1690,560,8780,4390,1460,23850,11930,3980,67500,33750,11250,198000,99000,33000,603000,301500,100500)","2000","20","31020001","1","(0,70,70,70)","(0,80,80,80)","(50,50,50)","(-374,-1,1,374,-187,-1,1,187,-60,-1,1,60)","(100,100,100)","(-374,-1,1,374,-187,-1,1,187,-60,-1,1,60)","93000037","35011008"
"43050052","(8,7,12)","(560,280,90,1350,680,230,3380,1690,560,8780,4390,1460,23850,11930,3980,67500,33750,11250,198000,99000,33000,603000,301500,100500,1908000,954000,318000)","2000","20","31020001","1","(0,70,70,70)","(0,80,80,80)","(50,50,50)","(-374,-1,1,374,-187,-1,1,187,-60,-1,1,60)","(100,100,100)","(-374,-1,1,374,-187,-1,1,187,-60,-1,1,60)","93000037","35011008"
"43050053","(8,7,12)","(560,280,90,1350,680,230,3380,1690,560,8780,4390,1460,23850,11930,3980,67500,33750,11250,198000,99000,33000,603000,301500,100500,1908000,954000,318000)","2000","20","31020001","1","(0,70,70,70)","(0,80,80,80)","(50,50,50)","(-374,-1,1,374,-187,-1,1,187,-60,-1,1,60)","(100,100,100)","(-374,-1,1,374,-187,-1,1,187,-60,-1,1,60)","93000158","35011008"
"43050054","(8,7,12)","(560,280,90,1350,680,230,3380,1690,560,8780,4390,1460,23850,11930,3980,67500,33750,11250,198000,99000,33000,603000,301500,100500,1908000,954000,318000)","2000","20","31020001","1","(0,70,70,70)","(0,80,80,80)","(50,50,50)","(-374,-1,1,374,-187,-1,1,187,-60,-1,1,60)","(100,100,100)","(-374,-1,1,374,-187,-1,1,187,-60,-1,1,60)","93000158","35011008"
"43050055","(8,7,12)","(0,0,0)","2000","20","31020001","1","(0,70,70,70)","(0,80,80,80)","(50,50,50)","(-374,-1,1,374,-187,-1,1,187,-60,-1,1,60)","(100,100,100)","(-374,-1,1,374,-187,-1,1,187,-60,-1,1,60)","93000037","35011008"
"43050056","(8,7,12)","(560,280,90,1350,680,230,3380,1690,560,8780,4390,1460,23850,11930,3980,67500,33750,11250,198000,99000,33000,603000,301500,100500)","2000","20","31020001","1","(0,70,70,70)","(0,80,80,80)","(50,50,50)","(-374,-1,1,374,-187,-1,1,187,-60,-1,1,60)","(100,100,100)","(-374,-1,1,374,-187,-1,1,187,-60,-1,1,60)","93000037","35011008"
"43050057","(8,7,12)","(560,280,90,1350,680,230,3380,1690,560,8780,4390,1460,23850,11930,3980,67500,33750,11250,198000,99000,33000,603000,301500,100500,1908000,954000,318000)","2000","20","31020001","1","(0,70,70,70)","(0,80,80,80)","(50,50,50)","(-374,-1,1,374,-187,-1,1,187,-60,-1,1,60)","(100,100,100)","(-374,-1,1,374,-187,-1,1,187,-60,-1,1,60)","93000037","35011008"
"43050058","(8,7,12)","(560,280,90,1350,680,230,3380,1690,560,8780,4390,1460,23850,11930,3980,67500,33750,11250,198000,99000,33000,603000,301500,100500,1908000,954000,318000)","2000","20","31020001","1","(0,70,70,70)","(0,80,80,80)","(50,50,50)","(-374,-1,1,374,-187,-1,1,187,-60,-1,1,60)","(100,100,100)","(-374,-1,1,374,-187,-1,1,187,-60,-1,1,60)","93000037","35011008"
"43050059","(8,7,12)","(560,280,90,1350,680,230,3380,1690,560,8780,4390,1460,23850,11930,3980,67500,33750,11250,198000,99000,33000,603000,301500,100500,1908000,954000,318000)","2000","20","31020001","1","(0,70,70,70)","(0,80,80,80)","(50,50,50)","(-374,-1,1,374,-187,-1,1,187,-60,-1,1,60)","(100,100,100)","(-374,-1,1,374,-187,-1,1,187,-60,-1,1,60)","93000158","35011008"
"43050060","(8,7,12)","(560,280,90,1350,680,230,3380,1690,560,8780,4390,1460,23850,11930,3980,67500,33750,11250,198000,99000,33000,603000,301500,100500,1908000,954000,318000)","2000","20","31020001","1","(0,70,70,70)","(0,80,80,80)","(50,50,50)","(-374,-1,1,374,-187,-1,1,187,-60,-1,1,60)","(100,100,100)","(-374,-1,1,374,-187,-1,1,187,-60,-1,1,60)","93000158","35011008"
"43050061","(8,7,12)","(0,0,0)","2000","20","31020001","1","(0,70,70,70)","(0,80,80,80)","(50,50,50)","(-374,-1,1,374,-187,-1,1,187,-60,-1,1,60)","(100,100,100)","(-374,-1,1,374,-187,-1,1,187,-60,-1,1,60)","93000037","35011008"
"43050062","(8,7,12)","(560,280,90)","2000","20","31020001","1","(0,70,70,70)","(0,80,80,80)","(50,50,50)","(-374,-1,1,374,-187,-1,1,187,-60,-1,1,60)","(100,100,100)","(-374,-1,1,374,-187,-1,1,187,-60,-1,1,60)","93000037","35011008"
"43050063","(8,7,12)","(560,280,90)","2000","20","31020001","1","(0,70,70,70)","(0,80,80,80)","(50,50,50)","(-374,-1,1,374,-187,-1,1,187,-60,-1,1,60)","(100,100,100)","(-374,-1,1,374,-187,-1,1,187,-60,-1,1,60)","93000037","35011008"
"43050064","(8,7,12)","(560,280,90)","2000","20","31020001","1","(0,70,70,70)","(0,80,80,80)","(50,50,50)","(-374,-1,1,374,-187,-1,1,187,-60,-1,1,60)","(100,100,100)","(-374,-1,1,374,-187,-1,1,187,-60,-1,1,60)","93000037","35011008"
"43050065","(8,7,12)","(560,280,90,1350,680,230,3380,1690,560)","2000","20","31020001","1","(0,70,70,70)","(0,80,80,80)","(50,50,50)","(-374,-1,1,374,-187,-1,1,187,-60,-1,1,60)","(100,100,100)","(-374,-1,1,374,-187,-1,1,187,-60,-1,1,60)","93000158","35011008"
"43050066","(8,7,12)","(560,280,90,1350,680,230,3380,1690,560,8780,4390,1460,23850,11930,3980)","2000","20","31020001","1","(0,70,70,70)","(0,80,80,80)","(50,50,50)","(-374,-1,1,374,-187,-1,1,187,-60,-1,1,60)","(100,100,100)","(-374,-1,1,374,-187,-1,1,187,-60,-1,1,60)","93000158","35011008"
"43050067","(8,7,12)","(0,0,0)","2000","20","31020001","1","(0,70,70,70)","(0,80,80,80)","(50,50,50)","(-374,-1,1,374,-187,-1,1,187,-60,-1,1,60)","(100,100,100)","(-374,-1,1,374,-187,-1,1,187,-60,-1,1,60)","93000037","35011008"
"43050068","(8,7,12)","(560,280,90)","2000","20","31020001","1","(0,70,70,70)","(0,80,80,80)","(50,50,50)","(-374,-1,1,374,-187,-1,1,187,-60,-1,1,60)","(100,100,100)","(-374,-1,1,374,-187,-1,1,187,-60,-1,1,60)","93000037","35011008"
"43050069","(8,7,12)","(560,280,90)","2000","20","31020001","1","(0,70,70,70)","(0,80,80,80)","(50,50,50)","(-374,-1,1,374,-187,-1,1,187,-60,-1,1,60)","(100,100,100)","(-374,-1,1,374,-187,-1,1,187,-60,-1,1,60)","93000037","35011008"
"43050070","(8,7,12)","(560,280,90,1350,680,230)","2000","20","31020001","1","(0,70,70,70)","(0,80,80,80)","(50,50,50)","(-374,-1,1,374,-187,-1,1,187,-60,-1,1,60)","(100,100,100)","(-374,-1,1,374,-187,-1,1,187,-60,-1,1,60)","93000037","35011008"
"43050071","(8,7,12)","(560,280,90,1350,680,230,3380,1690,560,8780,4390,1460)","2000","20","31020001","1","(0,70,70,70)","(0,80,80,80)","(50,50,50)","(-374,-1,1,374,-187,-1,1,187,-60,-1,1,60)","(100,100,100)","(-374,-1,1,374,-187,-1,1,187,-60,-1,1,60)","93000158","35011008"
"43050072","(8,7,12)","(560,280,90,1350,680,230,3380,1690,560,8780,4390,1460,23850,11930,3980,67500,33750,11250)","2000","20","31020001","1","(0,70,70,70)","(0,80,80,80)","(50,50,50)","(-374,-1,1,374,-187,-1,1,187,-60,-1,1,60)","(100,100,100)","(-374,-1,1,374,-187,-1,1,187,-60,-1,1,60)","93000158","35011008"
"43050073","(8,7,12)","(0,0,0)","2000","20","31020001","1","(0,70,70,70)","(0,80,80,80)","(50,50,50)","(-374,-1,1,374,-187,-1,1,187,-60,-1,1,60)","(100,100,100)","(-374,-1,1,374,-187,-1,1,187,-60,-1,1,60)","93000037","35011008"
"43050074","(8,7,12)","(560,280,90)","2000","20","31020001","1","(0,70,70,70)","(0,80,80,80)","(50,50,50)","(-374,-1,1,374,-187,-1,1,187,-60,-1,1,60)","(100,100,100)","(-374,-1,1,374,-187,-1,1,187,-60,-1,1,60)","93000037","35011008"
"43050075","(8,7,12)","(560,280,90,1350,680,230)","2000","20","31020001","1","(0,70,70,70)","(0,80,80,80)","(50,50,50)","(-374,-1,1,374,-187,-1,1,187,-60,-1,1,60)","(100,100,100)","(-374,-1,1,374,-187,-1,1,187,-60,-1,1,60)","93000037","35011008"
"43050076","(8,7,12)","(560,280,90,1350,680,230,3380,1690,560)","2000","20","31020001","1","(0,70,70,70)","(0,80,80,80)","(50,50,50)","(-374,-1,1,374,-187,-1,1,187,-60,-1,1,60)","(100,100,100)","(-374,-1,1,374,-187,-1,1,187,-60,-1,1,60)","93000037","35011008"
"43050077","(8,7,12)","(560,280,90,1350,680,230,3380,1690,560,8780,4390,1460,23850,11930,3980)","2000","20","31020001","1","(0,70,70,70)","(0,80,80,80)","(50,50,50)","(-374,-1,1,374,-187,-1,1,187,-60,-1,1,60)","(100,100,100)","(-374,-1,1,374,-187,-1,1,187,-60,-1,1,60)","93000158","35011008"
"43050078","(8,7,12)","(560,280,90,1350,680,230,3380,1690,560,8780,4390,1460,23850,11930,3980,67500,33750,11250,198000,99000,33000)","2000","20","31020001","1","(0,70,70,70)","(0,80,80,80)","(50,50,50)","(-374,-1,1,374,-187,-1,1,187,-60,-1,1,60)","(100,100,100)","(-374,-1,1,374,-187,-1,1,187,-60,-1,1,60)","93000158","35011008"
"43050079","(8,7,12)","(0,0,0)","2000","20","31020001","1","(0,70,70,70)","(0,80,80,80)","(50,50,50)","(-374,-1,1,374,-187,-1,1,187,-60,-1,1,60)","(100,100,100)","(-374,-1,1,374,-187,-1,1,187,-60,-1,1,60)","93000037","35011008"
"43050080","(8,7,12)","(560,280,90,1350,680,230)","2000","20","31020001","1","(0,70,70,70)","(0,80,80,80)","(50,50,50)","(-374,-1,1,374,-187,-1,1,187,-60,-1,1,60)","(100,100,100)","(-374,-1,1,374,-187,-1,1,187,-60,-1,1,60)","93000037","35011008"
"43050081","(8,7,12)","(560,280,90,1350,680,230,3380,1690,560)","2000","20","31020001","1","(0,70,70,70)","(0,80,80,80)","(50,50,50)","(-374,-1,1,374,-187,-1,1,187,-60,-1,1,60)","(100,100,100)","(-374,-1,1,374,-187,-1,1,187,-60,-1,1,60)","93000037","35011008"
"43050082","(8,7,12)","(560,280,90,1350,680,230,3380,1690,560,8780,4390,1460)","2000","20","31020001","1","(0,70,70,70)","(0,80,80,80)","(50,50,50)","(-374,-1,1,374,-187,-1,1,187,-60,-1,1,60)","(100,100,100)","(-374,-1,1,374,-187,-1,1,187,-60,-1,1,60)","93000037","35011008"
"43050083","(8,7,12)","(560,280,90,1350,680,230,3380,1690,560,8780,4390,1460,23850,11930,3980,67500,33750,11250)","2000","20","31020001","1","(0,70,70,70)","(0,80,80,80)","(50,50,50)","(-374,-1,1,374,-187,-1,1,187,-60,-1,1,60)","(100,100,100)","(-374,-1,1,374,-187,-1,1,187,-60,-1,1,60)","93000158","35011008"
"43050084","(8,7,12)","(560,280,90,1350,680,230,3380,1690,560,8780,4390,1460,23850,11930,3980,67500,33750,11250,198000,99000,33000)","2000","20","31020001","1","(0,70,70,70)","(0,80,80,80)","(50,50,50)","(-374,-1,1,374,-187,-1,1,187,-60,-1,1,60)","(100,100,100)","(-374,-1,1,374,-187,-1,1,187,-60,-1,1,60)","93000158","35011008"
"43050085","(8,7,12)","(0,0,0)","2000","20","31020001","1","(0,70,70,70)","(0,80,80,80)","(50,50,50)","(-374,-1,1,374,-187,-1,1,187,-60,-1,1,60)","(100,100,100)","(-374,-1,1,374,-187,-1,1,187,-60,-1,1,60)","93000037","35011008"
"43050086","(8,7,12)","(560,280,90,1350,680,230,3380,1690,560","2000","20","31020001","1","(0,70,70,70)","(0,80,80,80)","(50,50,50)","(-374,-1,1,374,-187,-1,1,187,-60,-1,1,60)","(100,100,100)","(-374,-1,1,374,-187,-1,1,187,-60,-1,1,60)","93000037","35011008"
"43050087","(8,7,12)","(560,280,90,1350,680,230,3380,1690,560,8780,4390,1460)","2000","20","31020001","1","(0,70,70,70)","(0,80,80,80)","(50,50,50)","(-374,-1,1,374,-187,-1,1,187,-60,-1,1,60)","(100,100,100)","(-374,-1,1,374,-187,-1,1,187,-60,-1,1,60)","93000037","35011008"
"43050088","(8,7,12)","(560,280,90,1350,680,230,3380,1690,560,8780,4390,1460,23850,11930,3980)","2000","20","31020001","1","(0,70,70,70)","(0,80,80,80)","(50,50,50)","(-374,-1,1,374,-187,-1,1,187,-60,-1,1,60)","(100,100,100)","(-374,-1,1,374,-187,-1,1,187,-60,-1,1,60)","93000037","35011008"
"43050089","(8,7,12)","(560,280,90,1350,680,230,3380,1690,560,8780,4390,1460,23850,11930,3980,67500,33750,11250,198000,99000,33000)","2000","20","31020001","1","(0,70,70,70)","(0,80,80,80)","(50,50,50)","(-374,-1,1,374,-187,-1,1,187,-60,-1,1,60)","(100,100,100)","(-374,-1,1,374,-187,-1,1,187,-60,-1,1,60)","93000158","35011008"
"43050090","(8,7,12)","(560,280,90,1350,680,230,3380,1690,560,8780,4390,1460,23850,11930,3980,67500,33750,11250,198000,99000,33000)","2000","20","31020001","1","(0,70,70,70)","(0,80,80,80)","(50,50,50)","(-374,-1,1,374,-187,-1,1,187,-60,-1,1,60)","(100,100,100)","(-374,-1,1,374,-187,-1,1,187,-60,-1,1,60)","93000158","35011008"
"43050091","(8,7,12)","(0,0,0)","2000","20","31020001","1","(0,70,70,70)","(0,80,80,80)","(50,50,50)","(-374,-1,1,374,-187,-1,1,187,-60,-1,1,60)","(100,100,100)","(-374,-1,1,374,-187,-1,1,187,-60,-1,1,60)","93000037","35011008"
"43050092","(8,7,12)","(560,280,90,1350,680,230,3380,1690,560,8780,4390,1460)","2000","20","31020001","1","(0,70,70,70)","(0,80,80,80)","(50,50,50)","(-374,-1,1,374,-187,-1,1,187,-60,-1,1,60)","(100,100,100)","(-374,-1,1,374,-187,-1,1,187,-60,-1,1,60)","93000037","35011008"
"43050093","(8,7,12)","(560,280,90,1350,680,230,3380,1690,560,8780,4390,1460,23850,11930,3980)","2000","20","31020001","1","(0,70,70,70)","(0,80,80,80)","(50,50,50)","(-374,-1,1,374,-187,-1,1,187,-60,-1,1,60)","(100,100,100)","(-374,-1,1,374,-187,-1,1,187,-60,-1,1,60)","93000037","35011008"
"43050094","(8,7,12)","(560,280,90,1350,680,230,3380,1690,560,8780,4390,1460,23850,11930,3980,67500,33750,11250)","2000","20","31020001","1","(0,70,70,70)","(0,80,80,80)","(50,50,50)","(-374,-1,1,374,-187,-1,1,187,-60,-1,1,60)","(100,100,100)","(-374,-1,1,374,-187,-1,1,187,-60,-1,1,60)","93000037","35011008"
"43050095","(8,7,12)","(560,280,90,1350,680,230,3380,1690,560,8780,4390,1460,23850,11930,3980,67500,33750,11250,198000,99000,33000)","2000","20","31020001","1","(0,70,70,70)","(0,80,80,80)","(50,50,50)","(-374,-1,1,374,-187,-1,1,187,-60,-1,1,60)","(100,100,100)","(-374,-1,1,374,-187,-1,1,187,-60,-1,1,60)","93000158","35011008"
"43050096","(8,7,12)","(560,280,90,1350,680,230,3380,1690,560,8780,4390,1460,23850,11930,3980,67500,33750,11250,198000,99000,33000,603000,301500,100500)","2000","20","31020001","1","(0,70,70,70)","(0,80,80,80)","(50,50,50)","(-374,-1,1,374,-187,-1,1,187,-60,-1,1,60)","(100,100,100)","(-374,-1,1,374,-187,-1,1,187,-60,-1,1,60)","93000158","35011008"
"43050097","(8,7,12)","(0,0,0)","2000","20","31020001","1","(0,70,70,70)","(0,80,80,80)","(50,50,50)","(-374,-1,1,374,-187,-1,1,187,-60,-1,1,60)","(100,100,100)","(-374,-1,1,374,-187,-1,1,187,-60,-1,1,60)","93000037","35011008"
"43050098","(8,7,12)","(560,280,90,1350,680,230,3380,1690,560,8780,4390,1460,23850,11930,3980)","2000","20","31020001","1","(0,70,70,70)","(0,80,80,80)","(50,50,50)","(-374,-1,1,374,-187,-1,1,187,-60,-1,1,60)","(100,100,100)","(-374,-1,1,374,-187,-1,1,187,-60,-1,1,60)","93000037","35011008"
"43050099","(8,7,12)","(560,280,90,1350,680,230,3380,1690,560,8780,4390,1460,23850,11930,3980,67500,33750,11250)","2000","20","31020001","1","(0,70,70,70)","(0,80,80,80)","(50,50,50)","(-374,-1,1,374,-187,-1,1,187,-60,-1,1,60)","(100,100,100)","(-374,-1,1,374,-187,-1,1,187,-60,-1,1,60)","93000037","35011008"
"43050100","(8,7,12)","(560,280,90,1350,680,230,3380,1690,560,8780,4390,1460,23850,11930,3980,67500,33750,11250,198000,99000,33000)","2000","20","31020001","1","(0,70,70,70)","(0,80,80,80)","(50,50,50)","(-374,-1,1,374,-187,-1,1,187,-60,-1,1,60)","(100,100,100)","(-374,-1,1,374,-187,-1,1,187,-60,-1,1,60)","93000037","35011008"
"43050101","(8,7,12)","(560,280,90,1350,680,230,3380,1690,560,8780,4390,1460,23850,11930,3980,67500,33750,11250,198000,99000,33000,603000,301500,100500)","2000","20","31020001","1","(0,70,70,70)","(0,80,80,80)","(50,50,50)","(-374,-1,1,374,-187,-1,1,187,-60,-1,1,60)","(100,100,100)","(-374,-1,1,374,-187,-1,1,187,-60,-1,1,60)","93000158","35011008"
"43050102","(8,7,12)","(560,280,90,1350,680,230,3380,1690,560,8780,4390,1460,23850,11930,3980,67500,33750,11250,198000,99000,33000,603000,301500,100500,1908000,954000,318000)","2000","20","31020001","1","(0,70,70,70)","(0,80,80,80)","(50,50,50)","(-374,-1,1,374,-187,-1,1,187,-60,-1,1,60)","(100,100,100)","(-374,-1,1,374,-187,-1,1,187,-60,-1,1,60)","93000158","35011008"
"43050103","(8,7,12)","(0,0,0)","2000","20","31020001","1","(0,70,70,70)","(0,80,80,80)","(50,50,50)","(-374,-1,1,374,-187,-1,1,187,-60,-1,1,60)","(100,100,100)","(-374,-1,1,374,-187,-1,1,187,-60,-1,1,60)","93000037","35011008"
"43050104","(8,7,12)","(560,280,90,1350,680,230,3380,1690,560,8780,4390,1460,23850,11930,3980,67500,33750,11250)","2000","20","31020001","1","(0,70,70,70)","(0,80,80,80)","(50,50,50)","(-374,-1,1,374,-187,-1,1,187,-60,-1,1,60)","(100,100,100)","(-374,-1,1,374,-187,-1,1,187,-60,-1,1,60)","93000037","35011008"
"43050105","(8,7,12)","(560,280,90,1350,680,230,3380,1690,560,8780,4390,1460,23850,11930,3980,67500,33750,11250,198000,99000,33000)","2000","20","31020001","1","(0,70,70,70)","(0,80,80,80)","(50,50,50)","(-374,-1,1,374,-187,-1,1,187,-60,-1,1,60)","(100,100,100)","(-374,-1,1,374,-187,-1,1,187,-60,-1,1,60)","93000037","35011008"
"43050106","(8,7,12)","(560,280,90,1350,680,230,3380,1690,560,8780,4390,1460,23850,11930,3980,67500,33750,11250,198000,99000,33000,603000,301500,100500)","2000","20","31020001","1","(0,70,70,70)","(0,80,80,80)","(50,50,50)","(-374,-1,1,374,-187,-1,1,187,-60,-1,1,60)","(100,100,100)","(-374,-1,1,374,-187,-1,1,187,-60,-1,1,60)","93000037","35011008"
"43050107","(8,7,12)","(560,280,90,1350,680,230,3380,1690,560,8780,4390,1460,23850,11930,3980,67500,33750,11250,198000,99000,33000,603000,301500,100500,1908000,954000,318000)","2000","20","31020001","1","(0,70,70,70)","(0,80,80,80)","(50,50,50)","(-374,-1,1,374,-187,-1,1,187,-60,-1,1,60)","(100,100,100)","(-374,-1,1,374,-187,-1,1,187,-60,-1,1,60)","93000158","35011008"
"43050108","(8,7,12)","(560,280,90,1350,680,230,3380,1690,560,8780,4390,1460,23850,11930,3980,67500,33750,11250,198000,99000,33000,603000,301500,100500,1908000,954000,318000)","2000","20","31020001","1","(0,70,70,70)","(0,80,80,80)","(50,50,50)","(-374,-1,1,374,-187,-1,1,187,-60,-1,1,60)","(100,100,100)","(-374,-1,1,374,-187,-1,1,187,-60,-1,1,60)","93000158","35011008"
"43050109","(8,7,12)","(0,0,0)","2000","20","31020001","1","(0,70,70,70)","(0,80,80,80)","(50,50,50)","(-374,-1,1,374,-187,-1,1,187,-60,-1,1,60)","(100,100,100)","(-374,-1,1,374,-187,-1,1,187,-60,-1,1,60)","93000037","35011008"
"43050110","(8,7,12)","(560,280,90,1350,680,230,3380,1690,560,8780,4390,1460,23850,11930,3980,67500,33750,11250,198000,99000,33000)","2000","20","31020001","1","(0,70,70,70)","(0,80,80,80)","(50,50,50)","(-374,-1,1,374,-187,-1,1,187,-60,-1,1,60)","(100,100,100)","(-374,-1,1,374,-187,-1,1,187,-60,-1,1,60)","93000037","35011008"
"43050111","(8,7,12)","(560,280,90,1350,680,230,3380,1690,560,8780,4390,1460,23850,11930,3980,67500,33750,11250,198000,99000,33000,603000,301500,100500)","2000","20","31020001","1","(0,70,70,70)","(0,80,80,80)","(50,50,50)","(-374,-1,1,374,-187,-1,1,187,-60,-1,1,60)","(100,100,100)","(-374,-1,1,374,-187,-1,1,187,-60,-1,1,60)","93000037","35011008"
"43050112","(8,7,12)","(560,280,90,1350,680,230,3380,1690,560,8780,4390,1460,23850,11930,3980,67500,33750,11250,198000,99000,33000,603000,301500,100500,1908000,954000,318000)","2000","20","31020001","1","(0,70,70,70)","(0,80,80,80)","(50,50,50)","(-374,-1,1,374,-187,-1,1,187,-60,-1,1,60)","(100,100,100)","(-374,-1,1,374,-187,-1,1,187,-60,-1,1,60)","93000037","35011008"
"43050113","(8,7,12)","(560,280,90,1350,680,230,3380,1690,560,8780,4390,1460,23850,11930,3980,67500,33750,11250,198000,99000,33000,603000,301500,100500,1908000,954000,318000)","2000","20","31020001","1","(0,70,70,70)","(0,80,80,80)","(50,50,50)","(-374,-1,1,374,-187,-1,1,187,-60,-1,1,60)","(100,100,100)","(-374,-1,1,374,-187,-1,1,187,-60,-1,1,60)","93000158","35011008"
"43050114","(8,7,12)","(560,280,90,1350,680,230,3380,1690,560,8780,4390,1460,23850,11930,3980,67500,33750,11250,198000,99000,33000,603000,301500,100500,1908000,954000,318000)","2000","20","31020001","1","(0,70,70,70)","(0,80,80,80)","(50,50,50)","(-374,-1,1,374,-187,-1,1,187,-60,-1,1,60)","(100,100,100)","(-374,-1,1,374,-187,-1,1,187,-60,-1,1,60)","93000158","35011008"
"43050115","(8,7,12)","(0,0,0)","2000","20","31020001","1","(0,70,70,70)","(0,80,80,80)","(50,50,50)","(-374,-1,1,374,-187,-1,1,187,-60,-1,1,60)","(100,100,100)","(-374,-1,1,374,-187,-1,1,187,-60,-1,1,60)","93000037","35011008"
"43050116","(8,7,12)","(560,280,90,1350,680,230,3380,1690,560,8780,4390,1460,23850,11930,3980,67500,33750,11250,198000,99000,33000,603000,301500,100500)","2000","20","31020001","1","(0,70,70,70)","(0,80,80,80)","(50,50,50)","(-374,-1,1,374,-187,-1,1,187,-60,-1,1,60)","(100,100,100)","(-374,-1,1,374,-187,-1,1,187,-60,-1,1,60)","93000037","35011008"
"43050117","(8,7,12)","(560,280,90,1350,680,230,3380,1690,560,8780,4390,1460,23850,11930,3980,67500,33750,11250,198000,99000,33000,603000,301500,100500,1908000,954000,318000)","2000","20","31020001","1","(0,70,70,70)","(0,80,80,80)","(50,50,50)","(-374,-1,1,374,-187,-1,1,187,-60,-1,1,60)","(100,100,100)","(-374,-1,1,374,-187,-1,1,187,-60,-1,1,60)","93000037","35011008"
"43050118","(8,7,12)","(560,280,90,1350,680,230,3380,1690,560,8780,4390,1460,23850,11930,3980,67500,33750,11250,198000,99000,33000,603000,301500,100500,1908000,954000,318000)","2000","20","31020001","1","(0,70,70,70)","(0,80,80,80)","(50,50,50)","(-374,-1,1,374,-187,-1,1,187,-60,-1,1,60)","(100,100,100)","(-374,-1,1,374,-187,-1,1,187,-60,-1,1,60)","93000037","35011008"
"43050119","(8,7,12)","(560,280,90,1350,680,230,3380,1690,560,8780,4390,1460,23850,11930,3980,67500,33750,11250,198000,99000,33000,603000,301500,100500,1908000,954000,318000)","2000","20","31020001","1","(0,70,70,70)","(0,80,80,80)","(50,50,50)","(-374,-1,1,374,-187,-1,1,187,-60,-1,1,60)","(100,100,100)","(-374,-1,1,374,-187,-1,1,187,-60,-1,1,60)","93000158","35011008"
"43050120","(8,7,12)","(560,280,90,1350,680,230,3380,1690,560,8780,4390,1460,23850,11930,3980,67500,33750,11250,198000,99000,33000,603000,301500,100500,1908000,954000,318000)","2000","20","31020001","1","(0,70,70,70)","(0,80,80,80)","(50,50,50)","(-374,-1,1,374,-187,-1,1,187,-60,-1,1,60)","(100,100,100)","(-374,-1,1,374,-187,-1,1,187,-60,-1,1,60)","93000158","35011008"
"43050121","(8,7,12)","(0,0,0)","2000","20","31020001","1","(0,70,70,70)","(0,80,80,80)","(50,50,50)","(-374,-1,1,374,-187,-1,1,187,-60,-1,1,60)","(100,100,100)","(-374,-1,1,374,-187,-1,1,187,-60,-1,1,60)","93000037","35011008"
"43050122","(8,7,12)","(560,280,90)","2000","20","31020001","1","(0,70,70,70)","(0,80,80,80)","(50,50,50)","(-374,-1,1,374,-187,-1,1,187,-60,-1,1,60)","(100,100,100)","(-374,-1,1,374,-187,-1,1,187,-60,-1,1,60)","93000037","35011008"
"43050123","(8,7,12)","(560,280,90)","2000","20","31020001","1","(0,70,70,70)","(0,80,80,80)","(50,50,50)","(-374,-1,1,374,-187,-1,1,187,-60,-1,1,60)","(100,100,100)","(-374,-1,1,374,-187,-1,1,187,-60,-1,1,60)","93000037","35011008"
"43050124","(8,7,12)","(560,280,90)","2000","20","31020001","1","(0,70,70,70)","(0,80,80,80)","(50,50,50)","(-374,-1,1,374,-187,-1,1,187,-60,-1,1,60)","(100,100,100)","(-374,-1,1,374,-187,-1,1,187,-60,-1,1,60)","93000037","35011008"
"43050125","(8,7,12)","(560,280,90,1350,680,230,3380,1690,560)","2000","20","31020001","1","(0,70,70,70)","(0,80,80,80)","(50,50,50)","(-374,-1,1,374,-187,-1,1,187,-60,-1,1,60)","(100,100,100)","(-374,-1,1,374,-187,-1,1,187,-60,-1,1,60)","93000158","35011008"
"43050126","(8,7,12)","(560,280,90,1350,680,230,3380,1690,560,8780,4390,1460,23850,11930,3980)","2000","20","31020001","1","(0,70,70,70)","(0,80,80,80)","(50,50,50)","(-374,-1,1,374,-187,-1,1,187,-60,-1,1,60)","(100,100,100)","(-374,-1,1,374,-187,-1,1,187,-60,-1,1,60)","93000158","35011008"
"43050127","(8,7,12)","(0,0,0)","2000","20","31020001","1","(0,70,70,70)","(0,80,80,80)","(50,50,50)","(-374,-1,1,374,-187,-1,1,187,-60,-1,1,60)","(100,100,100)","(-374,-1,1,374,-187,-1,1,187,-60,-1,1,60)","93000037","35011008"
"43050128","(8,7,12)","(560,280,90)","2000","20","31020001","1","(0,70,70,70)","(0,80,80,80)","(50,50,50)","(-374,-1,1,374,-187,-1,1,187,-60,-1,1,60)","(100,100,100)","(-374,-1,1,374,-187,-1,1,187,-60,-1,1,60)","93000037","35011008"
"43050129","(8,7,12)","(560,280,90)","2000","20","31020001","1","(0,70,70,70)","(0,80,80,80)","(50,50,50)","(-374,-1,1,374,-187,-1,1,187,-60,-1,1,60)","(100,100,100)","(-374,-1,1,374,-187,-1,1,187,-60,-1,1,60)","93000037","35011008"
"43050130","(8,7,12)","(560,280,90,1350,680,230)","2000","20","31020001","1","(0,70,70,70)","(0,80,80,80)","(50,50,50)","(-374,-1,1,374,-187,-1,1,187,-60,-1,1,60)","(100,100,100)","(-374,-1,1,374,-187,-1,1,187,-60,-1,1,60)","93000037","35011008"
"43050131","(8,7,12)","(560,280,90,1350,680,230,3380,1690,560,8780,4390,1460)","2000","20","31020001","1","(0,70,70,70)","(0,80,80,80)","(50,50,50)","(-374,-1,1,374,-187,-1,1,187,-60,-1,1,60)","(100,100,100)","(-374,-1,1,374,-187,-1,1,187,-60,-1,1,60)","93000158","35011008"
"43050132","(8,7,12)","(560,280,90,1350,680,230,3380,1690,560,8780,4390,1460,23850,11930,3980,67500,33750,11250)","2000","20","31020001","1","(0,70,70,70)","(0,80,80,80)","(50,50,50)","(-374,-1,1,374,-187,-1,1,187,-60,-1,1,60)","(100,100,100)","(-374,-1,1,374,-187,-1,1,187,-60,-1,1,60)","93000158","35011008"
"43050133","(8,7,12)","(0,0,0)","2000","20","31020001","1","(0,70,70,70)","(0,80,80,80)","(50,50,50)","(-374,-1,1,374,-187,-1,1,187,-60,-1,1,60)","(100,100,100)","(-374,-1,1,374,-187,-1,1,187,-60,-1,1,60)","93000037","35011008"
"43050134","(8,7,12)","(560,280,90)","2000","20","31020001","1","(0,70,70,70)","(0,80,80,80)","(50,50,50)","(-374,-1,1,374,-187,-1,1,187,-60,-1,1,60)","(100,100,100)","(-374,-1,1,374,-187,-1,1,187,-60,-1,1,60)","93000037","35011008"
"43050135","(8,7,12)","(560,280,90,1350,680,230)","2000","20","31020001","1","(0,70,70,70)","(0,80,80,80)","(50,50,50)","(-374,-1,1,374,-187,-1,1,187,-60,-1,1,60)","(100,100,100)","(-374,-1,1,374,-187,-1,1,187,-60,-1,1,60)","93000037","35011008"
"43050136","(8,7,12)","(560,280,90,1350,680,230,3380,1690,560)","2000","20","31020001","1","(0,70,70,70)","(0,80,80,80)","(50,50,50)","(-374,-1,1,374,-187,-1,1,187,-60,-1,1,60)","(100,100,100)","(-374,-1,1,374,-187,-1,1,187,-60,-1,1,60)","93000037","35011008"
"43050137","(8,7,12)","(560,280,90,1350,680,230,3380,1690,560,8780,4390,1460,23850,11930,3980)","2000","20","31020001","1","(0,70,70,70)","(0,80,80,80)","(50,50,50)","(-374,-1,1,374,-187,-1,1,187,-60,-1,1,60)","(100,100,100)","(-374,-1,1,374,-187,-1,1,187,-60,-1,1,60)","93000158","35011008"
"43050138","(8,7,12)","(560,280,90,1350,680,230,3380,1690,560,8780,4390,1460,23850,11930,3980,67500,33750,11250,198000,99000,33000)","2000","20","31020001","1","(0,70,70,70)","(0,80,80,80)","(50,50,50)","(-374,-1,1,374,-187,-1,1,187,-60,-1,1,60)","(100,100,100)","(-374,-1,1,374,-187,-1,1,187,-60,-1,1,60)","93000158","35011008"
"43050139","(8,7,12)","(0,0,0)","2000","20","31020001","1","(0,70,70,70)","(0,80,80,80)","(50,50,50)","(-374,-1,1,374,-187,-1,1,187,-60,-1,1,60)","(100,100,100)","(-374,-1,1,374,-187,-1,1,187,-60,-1,1,60)","93000037","35011008"
"43050140","(8,7,12)","(560,280,90,1350,680,230)","2000","20","31020001","1","(0,70,70,70)","(0,80,80,80)","(50,50,50)","(-374,-1,1,374,-187,-1,1,187,-60,-1,1,60)","(100,100,100)","(-374,-1,1,374,-187,-1,1,187,-60,-1,1,60)","93000037","35011008"
"43050141","(8,7,12)","(560,280,90,1350,680,230,3380,1690,560)","2000","20","31020001","1","(0,70,70,70)","(0,80,80,80)","(50,50,50)","(-374,-1,1,374,-187,-1,1,187,-60,-1,1,60)","(100,100,100)","(-374,-1,1,374,-187,-1,1,187,-60,-1,1,60)","93000037","35011008"
"43050142","(8,7,12)","(560,280,90,1350,680,230,3380,1690,560,8780,4390,1460)","2000","20","31020001","1","(0,70,70,70)","(0,80,80,80)","(50,50,50)","(-374,-1,1,374,-187,-1,1,187,-60,-1,1,60)","(100,100,100)","(-374,-1,1,374,-187,-1,1,187,-60,-1,1,60)","93000037","35011008"
"43050143","(8,7,12)","(560,280,90,1350,680,230,3380,1690,560,8780,4390,1460,23850,11930,3980,67500,33750,11250)","2000","20","31020001","1","(0,70,70,70)","(0,80,80,80)","(50,50,50)","(-374,-1,1,374,-187,-1,1,187,-60,-1,1,60)","(100,100,100)","(-374,-1,1,374,-187,-1,1,187,-60,-1,1,60)","93000158","35011008"
"43050144","(8,7,12)","(560,280,90,1350,680,230,3380,1690,560,8780,4390,1460,23850,11930,3980,67500,33750,11250,198000,99000,33000)","2000","20","31020001","1","(0,70,70,70)","(0,80,80,80)","(50,50,50)","(-374,-1,1,374,-187,-1,1,187,-60,-1,1,60)","(100,100,100)","(-374,-1,1,374,-187,-1,1,187,-60,-1,1,60)","93000158","35011008"
"43050145","(8,7,12)","(0,0,0)","2000","20","31020001","1","(0,70,70,70)","(0,80,80,80)","(50,50,50)","(-374,-1,1,374,-187,-1,1,187,-60,-1,1,60)","(100,100,100)","(-374,-1,1,374,-187,-1,1,187,-60,-1,1,60)","93000037","35011008"
"43050146","(8,7,12)","(560,280,90,1350,680,230,3380,1690,560","2000","20","31020001","1","(0,70,70,70)","(0,80,80,80)","(50,50,50)","(-374,-1,1,374,-187,-1,1,187,-60,-1,1,60)","(100,100,100)","(-374,-1,1,374,-187,-1,1,187,-60,-1,1,60)","93000037","35011008"
"43050147","(8,7,12)","(560,280,90,1350,680,230,3380,1690,560,8780,4390,1460)","2000","20","31020001","1","(0,70,70,70)","(0,80,80,80)","(50,50,50)","(-374,-1,1,374,-187,-1,1,187,-60,-1,1,60)","(100,100,100)","(-374,-1,1,374,-187,-1,1,187,-60,-1,1,60)","93000037","35011008"
"43050148","(8,7,12)","(560,280,90,1350,680,230,3380,1690,560,8780,4390,1460,23850,11930,3980)","2000","20","31020001","1","(0,70,70,70)","(0,80,80,80)","(50,50,50)","(-374,-1,1,374,-187,-1,1,187,-60,-1,1,60)","(100,100,100)","(-374,-1,1,374,-187,-1,1,187,-60,-1,1,60)","93000037","35011008"
"43050149","(8,7,12)","(560,280,90,1350,680,230,3380,1690,560,8780,4390,1460,23850,11930,3980,67500,33750,11250,198000,99000,33000)","2000","20","31020001","1","(0,70,70,70)","(0,80,80,80)","(50,50,50)","(-374,-1,1,374,-187,-1,1,187,-60,-1,1,60)","(100,100,100)","(-374,-1,1,374,-187,-1,1,187,-60,-1,1,60)","93000158","35011008"
"43050150","(8,7,12)","(560,280,90,1350,680,230,3380,1690,560,8780,4390,1460,23850,11930,3980,67500,33750,11250,198000,99000,33000)","2000","20","31020001","1","(0,70,70,70)","(0,80,80,80)","(50,50,50)","(-374,-1,1,374,-187,-1,1,187,-60,-1,1,60)","(100,100,100)","(-374,-1,1,374,-187,-1,1,187,-60,-1,1,60)","93000158","35011008"
"43050151","(8,7,12)","(0,0,0)","2000","20","31020001","1","(0,70,70,70)","(0,80,80,80)","(50,50,50)","(-374,-1,1,374,-187,-1,1,187,-60,-1,1,60)","(100,100,100)","(-374,-1,1,374,-187,-1,1,187,-60,-1,1,60)","93000037","35011008"
"43050152","(8,7,12)","(560,280,90,1350,680,230,3380,1690,560,8780,4390,1460)","2000","20","31020001","1","(0,70,70,70)","(0,80,80,80)","(50,50,50)","(-374,-1,1,374,-187,-1,1,187,-60,-1,1,60)","(100,100,100)","(-374,-1,1,374,-187,-1,1,187,-60,-1,1,60)","93000037","35011008"
"43050153","(8,7,12)","(560,280,90,1350,680,230,3380,1690,560,8780,4390,1460,23850,11930,3980)","2000","20","31020001","1","(0,70,70,70)","(0,80,80,80)","(50,50,50)","(-374,-1,1,374,-187,-1,1,187,-60,-1,1,60)","(100,100,100)","(-374,-1,1,374,-187,-1,1,187,-60,-1,1,60)","93000037","35011008"
"43050154","(8,7,12)","(560,280,90,1350,680,230,3380,1690,560,8780,4390,1460,23850,11930,3980,67500,33750,11250)","2000","20","31020001","1","(0,70,70,70)","(0,80,80,80)","(50,50,50)","(-374,-1,1,374,-187,-1,1,187,-60,-1,1,60)","(100,100,100)","(-374,-1,1,374,-187,-1,1,187,-60,-1,1,60)","93000037","35011008"
"43050155","(8,7,12)","(560,280,90,1350,680,230,3380,1690,560,8780,4390,1460,23850,11930,3980,67500,33750,11250,198000,99000,33000)","2000","20","31020001","1","(0,70,70,70)","(0,80,80,80)","(50,50,50)","(-374,-1,1,374,-187,-1,1,187,-60,-1,1,60)","(100,100,100)","(-374,-1,1,374,-187,-1,1,187,-60,-1,1,60)","93000158","35011008"
"43050156","(8,7,12)","(560,280,90,1350,680,230,3380,1690,560,8780,4390,1460,23850,11930,3980,67500,33750,11250,198000,99000,33000,603000,301500,100500)","2000","20","31020001","1","(0,70,70,70)","(0,80,80,80)","(50,50,50)","(-374,-1,1,374,-187,-1,1,187,-60,-1,1,60)","(100,100,100)","(-374,-1,1,374,-187,-1,1,187,-60,-1,1,60)","93000158","35011008"
"43050157","(8,7,12)","(0,0,0)","2000","20","31020001","1","(0,70,70,70)","(0,80,80,80)","(50,50,50)","(-374,-1,1,374,-187,-1,1,187,-60,-1,1,60)","(100,100,100)","(-374,-1,1,374,-187,-1,1,187,-60,-1,1,60)","93000037","35011008"
"43050158","(8,7,12)","(560,280,90,1350,680,230,3380,1690,560,8780,4390,1460,23850,11930,3980)","2000","20","31020001","1","(0,70,70,70)","(0,80,80,80)","(50,50,50)","(-374,-1,1,374,-187,-1,1,187,-60,-1,1,60)","(100,100,100)","(-374,-1,1,374,-187,-1,1,187,-60,-1,1,60)","93000037","35011008"
"43050159","(8,7,12)","(560,280,90,1350,680,230,3380,1690,560,8780,4390,1460,23850,11930,3980,67500,33750,11250)","2000","20","31020001","1","(0,70,70,70)","(0,80,80,80)","(50,50,50)","(-374,-1,1,374,-187,-1,1,187,-60,-1,1,60)","(100,100,100)","(-374,-1,1,374,-187,-1,1,187,-60,-1,1,60)","93000037","35011008"
"43050160","(8,7,12)","(560,280,90,1350,680,230,3380,1690,560,8780,4390,1460,23850,11930,3980,67500,33750,11250,198000,99000,33000)","2000","20","31020001","1","(0,70,70,70)","(0,80,80,80)","(50,50,50)","(-374,-1,1,374,-187,-1,1,187,-60,-1,1,60)","(100,100,100)","(-374,-1,1,374,-187,-1,1,187,-60,-1,1,60)","93000037","35011008"
"43050161","(8,7,12)","(560,280,90,1350,680,230,3380,1690,560,8780,4390,1460,23850,11930,3980,67500,33750,11250,198000,99000,33000,603000,301500,100500)","2000","20","31020001","1","(0,70,70,70)","(0,80,80,80)","(50,50,50)","(-374,-1,1,374,-187,-1,1,187,-60,-1,1,60)","(100,100,100)","(-374,-1,1,374,-187,-1,1,187,-60,-1,1,60)","93000158","35011008"
"43050162","(8,7,12)","(560,280,90,1350,680,230,3380,1690,560,8780,4390,1460,23850,11930,3980,67500,33750,11250,198000,99000,33000,603000,301500,100500,1908000,954000,318000)","2000","20","31020001","1","(0,70,70,70)","(0,80,80,80)","(50,50,50)","(-374,-1,1,374,-187,-1,1,187,-60,-1,1,60)","(100,100,100)","(-374,-1,1,374,-187,-1,1,187,-60,-1,1,60)","93000158","35011008"
"43050163","(8,7,12)","(0,0,0)","2000","20","31020001","1","(0,70,70,70)","(0,80,80,80)","(50,50,50)","(-374,-1,1,374,-187,-1,1,187,-60,-1,1,60)","(100,100,100)","(-374,-1,1,374,-187,-1,1,187,-60,-1,1,60)","93000037","35011008"
"43050164","(8,7,12)","(560,280,90,1350,680,230,3380,1690,560,8780,4390,1460,23850,11930,3980,67500,33750,11250)","2000","20","31020001","1","(0,70,70,70)","(0,80,80,80)","(50,50,50)","(-374,-1,1,374,-187,-1,1,187,-60,-1,1,60)","(100,100,100)","(-374,-1,1,374,-187,-1,1,187,-60,-1,1,60)","93000037","35011008"
"43050165","(8,7,12)","(560,280,90,1350,680,230,3380,1690,560,8780,4390,1460,23850,11930,3980,67500,33750,11250,198000,99000,33000)","2000","20","31020001","1","(0,70,70,70)","(0,80,80,80)","(50,50,50)","(-374,-1,1,374,-187,-1,1,187,-60,-1,1,60)","(100,100,100)","(-374,-1,1,374,-187,-1,1,187,-60,-1,1,60)","93000037","35011008"
"43050166","(8,7,12)","(560,280,90,1350,680,230,3380,1690,560,8780,4390,1460,23850,11930,3980,67500,33750,11250,198000,99000,33000,603000,301500,100500)","2000","20","31020001","1","(0,70,70,70)","(0,80,80,80)","(50,50,50)","(-374,-1,1,374,-187,-1,1,187,-60,-1,1,60)","(100,100,100)","(-374,-1,1,374,-187,-1,1,187,-60,-1,1,60)","93000037","35011008"
"43050167","(8,7,12)","(560,280,90,1350,680,230,3380,1690,560,8780,4390,1460,23850,11930,3980,67500,33750,11250,198000,99000,33000,603000,301500,100500,1908000,954000,318000)","2000","20","31020001","1","(0,70,70,70)","(0,80,80,80)","(50,50,50)","(-374,-1,1,374,-187,-1,1,187,-60,-1,1,60)","(100,100,100)","(-374,-1,1,374,-187,-1,1,187,-60,-1,1,60)","93000158","35011008"
"43050168","(8,7,12)","(560,280,90,1350,680,230,3380,1690,560,8780,4390,1460,23850,11930,3980,67500,33750,11250,198000,99000,33000,603000,301500,100500,1908000,954000,318000)","2000","20","31020001","1","(0,70,70,70)","(0,80,80,80)","(50,50,50)","(-374,-1,1,374,-187,-1,1,187,-60,-1,1,60)","(100,100,100)","(-374,-1,1,374,-187,-1,1,187,-60,-1,1,60)","93000158","35011008"
"43050169","(8,7,12)","(0,0,0)","2000","20","31020001","1","(0,70,70,70)","(0,80,80,80)","(50,50,50)","(-374,-1,1,374,-187,-1,1,187,-60,-1,1,60)","(100,100,100)","(-374,-1,1,374,-187,-1,1,187,-60,-1,1,60)","93000037","35011008"
"43050170","(8,7,12)","(560,280,90,1350,680,230,3380,1690,560,8780,4390,1460,23850,11930,3980,67500,33750,11250,198000,99000,33000)","2000","20","31020001","1","(0,70,70,70)","(0,80,80,80)","(50,50,50)","(-374,-1,1,374,-187,-1,1,187,-60,-1,1,60)","(100,100,100)","(-374,-1,1,374,-187,-1,1,187,-60,-1,1,60)","93000037","35011008"
"43050171","(8,7,12)","(560,280,90,1350,680,230,3380,1690,560,8780,4390,1460,23850,11930,3980,67500,33750,11250,198000,99000,33000,603000,301500,100500)","2000","20","31020001","1","(0,70,70,70)","(0,80,80,80)","(50,50,50)","(-374,-1,1,374,-187,-1,1,187,-60,-1,1,60)","(100,100,100)","(-374,-1,1,374,-187,-1,1,187,-60,-1,1,60)","93000037","35011008"
"43050172","(8,7,12)","(560,280,90,1350,680,230,3380,1690,560,8780,4390,1460,23850,11930,3980,67500,33750,11250,198000,99000,33000,603000,301500,100500,1908000,954000,318000)","2000","20","31020001","1","(0,70,70,70)","(0,80,80,80)","(50,50,50)","(-374,-1,1,374,-187,-1,1,187,-60,-1,1,60)","(100,100,100)","(-374,-1,1,374,-187,-1,1,187,-60,-1,1,60)","93000037","35011008"
"43050173","(8,7,12)","(560,280,90,1350,680,230,3380,1690,560,8780,4390,1460,23850,11930,3980,67500,33750,11250,198000,99000,33000,603000,301500,100500,1908000,954000,318000)","2000","20","31020001","1","(0,70,70,70)","(0,80,80,80)","(50,50,50)","(-374,-1,1,374,-187,-1,1,187,-60,-1,1,60)","(100,100,100)","(-374,-1,1,374,-187,-1,1,187,-60,-1,1,60)","93000158","35011008"
"43050174","(8,7,12)","(560,280,90,1350,680,230,3380,1690,560,8780,4390,1460,23850,11930,3980,67500,33750,11250,198000,99000,33000,603000,301500,100500,1908000,954000,318000)","2000","20","31020001","1","(0,70,70,70)","(0,80,80,80)","(50,50,50)","(-374,-1,1,374,-187,-1,1,187,-60,-1,1,60)","(100,100,100)","(-374,-1,1,374,-187,-1,1,187,-60,-1,1,60)","93000158","35011008"
"43050175","(8,7,12)","(0,0,0)","2000","20","31020001","1","(0,70,70,70)","(0,80,80,80)","(50,50,50)","(-374,-1,1,374,-187,-1,1,187,-60,-1,1,60)","(100,100,100)","(-374,-1,1,374,-187,-1,1,187,-60,-1,1,60)","93000037","35011008"
"43050176","(8,7,12)","(560,280,90,1350,680,230,3380,1690,560,8780,4390,1460,23850,11930,3980,67500,33750,11250,198000,99000,33000,603000,301500,100500)","2000","20","31020001","1","(0,70,70,70)","(0,80,80,80)","(50,50,50)","(-374,-1,1,374,-187,-1,1,187,-60,-1,1,60)","(100,100,100)","(-374,-1,1,374,-187,-1,1,187,-60,-1,1,60)","93000037","35011008"
"43050177","(8,7,12)","(560,280,90,1350,680,230,3380,1690,560,8780,4390,1460,23850,11930,3980,67500,33750,11250,198000,99000,33000,603000,301500,100500,1908000,954000,318000)","2000","20","31020001","1","(0,70,70,70)","(0,80,80,80)","(50,50,50)","(-374,-1,1,374,-187,-1,1,187,-60,-1,1,60)","(100,100,100)","(-374,-1,1,374,-187,-1,1,187,-60,-1,1,60)","93000037","35011008"
"43050178","(8,7,12)","(560,280,90,1350,680,230,3380,1690,560,8780,4390,1460,23850,11930,3980,67500,33750,11250,198000,99000,33000,603000,301500,100500,1908000,954000,318000)","2000","20","31020001","1","(0,70,70,70)","(0,80,80,80)","(50,50,50)","(-374,-1,1,374,-187,-1,1,187,-60,-1,1,60)","(100,100,100)","(-374,-1,1,374,-187,-1,1,187,-60,-1,1,60)","93000037","35011008"
"43050179","(8,7,12)","(560,280,90,1350,680,230,3380,1690,560,8780,4390,1460,23850,11930,3980,67500,33750,11250,198000,99000,33000,603000,301500,100500,1908000,954000,318000)","2000","20","31020001","1","(0,70,70,70)","(0,80,80,80)","(50,50,50)","(-374,-1,1,374,-187,-1,1,187,-60,-1,1,60)","(100,100,100)","(-374,-1,1,374,-187,-1,1,187,-60,-1,1,60)","93000158","35011008"
"43050180","(8,7,12)","(560,280,90,1350,680,230,3380,1690,560,8780,4390,1460,23850,11930,3980,67500,33750,11250,198000,99000,33000,603000,301500,100500,1908000,954000,318000)","2000","20","31020001","1","(0,70,70,70)","(0,80,80,80)","(50,50,50)","(-374,-1,1,374,-187,-1,1,187,-60,-1,1,60)","(100,100,100)","(-374,-1,1,374,-187,-1,1,187,-60,-1,1,60)","93000158","35011008"
"43050181","(8,7,12)","(0,0,0)","2000","20","31020001","1","(0,70,70,70)","(0,80,80,80)","(50,50,50)","(-374,-1,1,374,-187,-1,1,187,-60,-1,1,60)","(100,100,100)","(-374,-1,1,374,-187,-1,1,187,-60,-1,1,60)","93000037","35011008"
"43050182","(8,7,12)","(560,280,90)","2000","20","31020001","1","(0,70,70,70)","(0,80,80,80)","(50,50,50)","(-374,-1,1,374,-187,-1,1,187,-60,-1,1,60)","(100,100,100)","(-374,-1,1,374,-187,-1,1,187,-60,-1,1,60)","93000037","35011008"
"43050183","(8,7,12)","(560,280,90)","2000","20","31020001","1","(0,70,70,70)","(0,80,80,80)","(50,50,50)","(-374,-1,1,374,-187,-1,1,187,-60,-1,1,60)","(100,100,100)","(-374,-1,1,374,-187,-1,1,187,-60,-1,1,60)","93000037","35011008"
"43050184","(8,7,12)","(560,280,90)","2000","20","31020001","1","(0,70,70,70)","(0,80,80,80)","(50,50,50)","(-374,-1,1,374,-187,-1,1,187,-60,-1,1,60)","(100,100,100)","(-374,-1,1,374,-187,-1,1,187,-60,-1,1,60)","93000037","35011008"
"43050185","(8,7,12)","(560,280,90,1350,680,230,3380,1690,560)","2000","20","31020001","1","(0,70,70,70)","(0,80,80,80)","(50,50,50)","(-374,-1,1,374,-187,-1,1,187,-60,-1,1,60)","(100,100,100)","(-374,-1,1,374,-187,-1,1,187,-60,-1,1,60)","93000158","35011008"
"43050186","(8,7,12)","(560,280,90,1350,680,230,3380,1690,560,8780,4390,1460,23850,11930,3980)","2000","20","31020001","1","(0,70,70,70)","(0,80,80,80)","(50,50,50)","(-374,-1,1,374,-187,-1,1,187,-60,-1,1,60)","(100,100,100)","(-374,-1,1,374,-187,-1,1,187,-60,-1,1,60)","93000158","35011008"
"43050187","(8,7,12)","(0,0,0)","2000","20","31020001","1","(0,70,70,70)","(0,80,80,80)","(50,50,50)","(-374,-1,1,374,-187,-1,1,187,-60,-1,1,60)","(100,100,100)","(-374,-1,1,374,-187,-1,1,187,-60,-1,1,60)","93000037","35011008"
"43050188","(8,7,12)","(560,280,90)","2000","20","31020001","1","(0,70,70,70)","(0,80,80,80)","(50,50,50)","(-374,-1,1,374,-187,-1,1,187,-60,-1,1,60)","(100,100,100)","(-374,-1,1,374,-187,-1,1,187,-60,-1,1,60)","93000037","35011008"
"43050189","(8,7,12)","(560,280,90)","2000","20","31020001","1","(0,70,70,70)","(0,80,80,80)","(50,50,50)","(-374,-1,1,374,-187,-1,1,187,-60,-1,1,60)","(100,100,100)","(-374,-1,1,374,-187,-1,1,187,-60,-1,1,60)","93000037","35011008"
"43050190","(8,7,12)","(560,280,90,1350,680,230)","2000","20","31020001","1","(0,70,70,70)","(0,80,80,80)","(50,50,50)","(-374,-1,1,374,-187,-1,1,187,-60,-1,1,60)","(100,100,100)","(-374,-1,1,374,-187,-1,1,187,-60,-1,1,60)","93000037","35011008"
"43050191","(8,7,12)","(560,280,90,1350,680,230,3380,1690,560,8780,4390,1460)","2000","20","31020001","1","(0,70,70,70)","(0,80,80,80)","(50,50,50)","(-374,-1,1,374,-187,-1,1,187,-60,-1,1,60)","(100,100,100)","(-374,-1,1,374,-187,-1,1,187,-60,-1,1,60)","93000158","35011008"
"43050192","(8,7,12)","(560,280,90,1350,680,230,3380,1690,560,8780,4390,1460,23850,11930,3980,67500,33750,11250)","2000","20","31020001","1","(0,70,70,70)","(0,80,80,80)","(50,50,50)","(-374,-1,1,374,-187,-1,1,187,-60,-1,1,60)","(100,100,100)","(-374,-1,1,374,-187,-1,1,187,-60,-1,1,60)","93000158","35011008"
"43050193","(8,7,12)","(0,0,0)","2000","20","31020001","1","(0,70,70,70)","(0,80,80,80)","(50,50,50)","(-374,-1,1,374,-187,-1,1,187,-60,-1,1,60)","(100,100,100)","(-374,-1,1,374,-187,-1,1,187,-60,-1,1,60)","93000037","35011008"
"43050194","(8,7,12)","(560,280,90)","2000","20","31020001","1","(0,70,70,70)","(0,80,80,80)","(50,50,50)","(-374,-1,1,374,-187,-1,1,187,-60,-1,1,60)","(100,100,100)","(-374,-1,1,374,-187,-1,1,187,-60,-1,1,60)","93000037","35011008"
"43050195","(8,7,12)","(560,280,90,1350,680,230)","2000","20","31020001","1","(0,70,70,70)","(0,80,80,80)","(50,50,50)","(-374,-1,1,374,-187,-1,1,187,-60,-1,1,60)","(100,100,100)","(-374,-1,1,374,-187,-1,1,187,-60,-1,1,60)","93000037","35011008"
"43050196","(8,7,12)","(560,280,90,1350,680,230,3380,1690,560)","2000","20","31020001","1","(0,70,70,70)","(0,80,80,80)","(50,50,50)","(-374,-1,1,374,-187,-1,1,187,-60,-1,1,60)","(100,100,100)","(-374,-1,1,374,-187,-1,1,187,-60,-1,1,60)","93000037","35011008"
"43050197","(8,7,12)","(560,280,90,1350,680,230,3380,1690,560,8780,4390,1460,23850,11930,3980)","2000","20","31020001","1","(0,70,70,70)","(0,80,80,80)","(50,50,50)","(-374,-1,1,374,-187,-1,1,187,-60,-1,1,60)","(100,100,100)","(-374,-1,1,374,-187,-1,1,187,-60,-1,1,60)","93000158","35011008"
"43050198","(8,7,12)","(560,280,90,1350,680,230,3380,1690,560,8780,4390,1460,23850,11930,3980,67500,33750,11250,198000,99000,33000)","2000","20","31020001","1","(0,70,70,70)","(0,80,80,80)","(50,50,50)","(-374,-1,1,374,-187,-1,1,187,-60,-1,1,60)","(100,100,100)","(-374,-1,1,374,-187,-1,1,187,-60,-1,1,60)","93000158","35011008"
"43050199","(8,7,12)","(0,0,0)","2000","20","31020001","1","(0,70,70,70)","(0,80,80,80)","(50,50,50)","(-374,-1,1,374,-187,-1,1,187,-60,-1,1,60)","(100,100,100)","(-374,-1,1,374,-187,-1,1,187,-60,-1,1,60)","93000037","35011008"
"43050200","(8,7,12)","(560,280,90,1350,680,230)","2000","20","31020001","1","(0,70,70,70)","(0,80,80,80)","(50,50,50)","(-374,-1,1,374,-187,-1,1,187,-60,-1,1,60)","(100,100,100)","(-374,-1,1,374,-187,-1,1,187,-60,-1,1,60)","93000037","35011008"
"43050201","(8,7,12)","(560,280,90,1350,680,230,3380,1690,560)","2000","20","31020001","1","(0,70,70,70)","(0,80,80,80)","(50,50,50)","(-374,-1,1,374,-187,-1,1,187,-60,-1,1,60)","(100,100,100)","(-374,-1,1,374,-187,-1,1,187,-60,-1,1,60)","93000037","35011008"
"43050202","(8,7,12)","(560,280,90,1350,680,230,3380,1690,560,8780,4390,1460)","2000","20","31020001","1","(0,70,70,70)","(0,80,80,80)","(50,50,50)","(-374,-1,1,374,-187,-1,1,187,-60,-1,1,60)","(100,100,100)","(-374,-1,1,374,-187,-1,1,187,-60,-1,1,60)","93000037","35011008"
"43050203","(8,7,12)","(560,280,90,1350,680,230,3380,1690,560,8780,4390,1460,23850,11930,3980,67500,33750,11250)","2000","20","31020001","1","(0,70,70,70)","(0,80,80,80)","(50,50,50)","(-374,-1,1,374,-187,-1,1,187,-60,-1,1,60)","(100,100,100)","(-374,-1,1,374,-187,-1,1,187,-60,-1,1,60)","93000158","35011008"
"43050204","(8,7,12)","(560,280,90,1350,680,230,3380,1690,560,8780,4390,1460,23850,11930,3980,67500,33750,11250,198000,99000,33000)","2000","20","31020001","1","(0,70,70,70)","(0,80,80,80)","(50,50,50)","(-374,-1,1,374,-187,-1,1,187,-60,-1,1,60)","(100,100,100)","(-374,-1,1,374,-187,-1,1,187,-60,-1,1,60)","93000158","35011008"
"43050205","(8,7,12)","(0,0,0)","2000","20","31020001","1","(0,70,70,70)","(0,80,80,80)","(50,50,50)","(-374,-1,1,374,-187,-1,1,187,-60,-1,1,60)","(100,100,100)","(-374,-1,1,374,-187,-1,1,187,-60,-1,1,60)","93000037","35011008"
"43050206","(8,7,12)","(560,280,90,1350,680,230,3380,1690,560","2000","20","31020001","1","(0,70,70,70)","(0,80,80,80)","(50,50,50)","(-374,-1,1,374,-187,-1,1,187,-60,-1,1,60)","(100,100,100)","(-374,-1,1,374,-187,-1,1,187,-60,-1,1,60)","93000037","35011008"
"43050207","(8,7,12)","(560,280,90,1350,680,230,3380,1690,560,8780,4390,1460)","2000","20","31020001","1","(0,70,70,70)","(0,80,80,80)","(50,50,50)","(-374,-1,1,374,-187,-1,1,187,-60,-1,1,60)","(100,100,100)","(-374,-1,1,374,-187,-1,1,187,-60,-1,1,60)","93000037","35011008"
"43050208","(8,7,12)","(560,280,90,1350,680,230,3380,1690,560,8780,4390,1460,23850,11930,3980)","2000","20","31020001","1","(0,70,70,70)","(0,80,80,80)","(50,50,50)","(-374,-1,1,374,-187,-1,1,187,-60,-1,1,60)","(100,100,100)","(-374,-1,1,374,-187,-1,1,187,-60,-1,1,60)","93000037","35011008"
"43050209","(8,7,12)","(560,280,90,1350,680,230,3380,1690,560,8780,4390,1460,23850,11930,3980,67500,33750,11250,198000,99000,33000)","2000","20","31020001","1","(0,70,70,70)","(0,80,80,80)","(50,50,50)","(-374,-1,1,374,-187,-1,1,187,-60,-1,1,60)","(100,100,100)","(-374,-1,1,374,-187,-1,1,187,-60,-1,1,60)","93000158","35011008"
"43050210","(8,7,12)","(560,280,90,1350,680,230,3380,1690,560,8780,4390,1460,23850,11930,3980,67500,33750,11250,198000,99000,33000)","2000","20","31020001","1","(0,70,70,70)","(0,80,80,80)","(50,50,50)","(-374,-1,1,374,-187,-1,1,187,-60,-1,1,60)","(100,100,100)","(-374,-1,1,374,-187,-1,1,187,-60,-1,1,60)","93000158","35011008"
"43050211","(8,7,12)","(0,0,0)","2000","20","31020001","1","(0,70,70,70)","(0,80,80,80)","(50,50,50)","(-374,-1,1,374,-187,-1,1,187,-60,-1,1,60)","(100,100,100)","(-374,-1,1,374,-187,-1,1,187,-60,-1,1,60)","93000037","35011008"
"43050212","(8,7,12)","(560,280,90,1350,680,230,3380,1690,560,8780,4390,1460)","2000","20","31020001","1","(0,70,70,70)","(0,80,80,80)","(50,50,50)","(-374,-1,1,374,-187,-1,1,187,-60,-1,1,60)","(100,100,100)","(-374,-1,1,374,-187,-1,1,187,-60,-1,1,60)","93000037","35011008"
"43050213","(8,7,12)","(560,280,90,1350,680,230,3380,1690,560,8780,4390,1460,23850,11930,3980)","2000","20","31020001","1","(0,70,70,70)","(0,80,80,80)","(50,50,50)","(-374,-1,1,374,-187,-1,1,187,-60,-1,1,60)","(100,100,100)","(-374,-1,1,374,-187,-1,1,187,-60,-1,1,60)","93000037","35011008"
"43050214","(8,7,12)","(560,280,90,1350,680,230,3380,1690,560,8780,4390,1460,23850,11930,3980,67500,33750,11250)","2000","20","31020001","1","(0,70,70,70)","(0,80,80,80)","(50,50,50)","(-374,-1,1,374,-187,-1,1,187,-60,-1,1,60)","(100,100,100)","(-374,-1,1,374,-187,-1,1,187,-60,-1,1,60)","93000037","35011008"
"43050215","(8,7,12)","(560,280,90,1350,680,230,3380,1690,560,8780,4390,1460,23850,11930,3980,67500,33750,11250,198000,99000,33000)","2000","20","31020001","1","(0,70,70,70)","(0,80,80,80)","(50,50,50)","(-374,-1,1,374,-187,-1,1,187,-60,-1,1,60)","(100,100,100)","(-374,-1,1,374,-187,-1,1,187,-60,-1,1,60)","93000158","35011008"
"43050216","(8,7,12)","(560,280,90,1350,680,230,3380,1690,560,8780,4390,1460,23850,11930,3980,67500,33750,11250,198000,99000,33000,603000,301500,100500)","2000","20","31020001","1","(0,70,70,70)","(0,80,80,80)","(50,50,50)","(-374,-1,1,374,-187,-1,1,187,-60,-1,1,60)","(100,100,100)","(-374,-1,1,374,-187,-1,1,187,-60,-1,1,60)","93000158","35011008"
"43050217","(8,7,12)","(0,0,0)","2000","20","31020001","1","(0,70,70,70)","(0,80,80,80)","(50,50,50)","(-374,-1,1,374,-187,-1,1,187,-60,-1,1,60)","(100,100,100)","(-374,-1,1,374,-187,-1,1,187,-60,-1,1,60)","93000037","35011008"
"43050218","(8,7,12)","(560,280,90,1350,680,230,3380,1690,560,8780,4390,1460,23850,11930,3980)","2000","20","31020001","1","(0,70,70,70)","(0,80,80,80)","(50,50,50)","(-374,-1,1,374,-187,-1,1,187,-60,-1,1,60)","(100,100,100)","(-374,-1,1,374,-187,-1,1,187,-60,-1,1,60)","93000037","35011008"
"43050219","(8,7,12)","(560,280,90,1350,680,230,3380,1690,560,8780,4390,1460,23850,11930,3980,67500,33750,11250)","2000","20","31020001","1","(0,70,70,70)","(0,80,80,80)","(50,50,50)","(-374,-1,1,374,-187,-1,1,187,-60,-1,1,60)","(100,100,100)","(-374,-1,1,374,-187,-1,1,187,-60,-1,1,60)","93000037","35011008"
"43050220","(8,7,12)","(560,280,90,1350,680,230,3380,1690,560,8780,4390,1460,23850,11930,3980,67500,33750,11250,198000,99000,33000)","2000","20","31020001","1","(0,70,70,70)","(0,80,80,80)","(50,50,50)","(-374,-1,1,374,-187,-1,1,187,-60,-1,1,60)","(100,100,100)","(-374,-1,1,374,-187,-1,1,187,-60,-1,1,60)","93000037","35011008"
"43050221","(8,7,12)","(560,280,90,1350,680,230,3380,1690,560,8780,4390,1460,23850,11930,3980,67500,33750,11250,198000,99000,33000,603000,301500,100500)","2000","20","31020001","1","(0,70,70,70)","(0,80,80,80)","(50,50,50)","(-374,-1,1,374,-187,-1,1,187,-60,-1,1,60)","(100,100,100)","(-374,-1,1,374,-187,-1,1,187,-60,-1,1,60)","93000158","35011008"
"43050222","(8,7,12)","(560,280,90,1350,680,230,3380,1690,560,8780,4390,1460,23850,11930,3980,67500,33750,11250,198000,99000,33000,603000,301500,100500,1908000,954000,318000)","2000","20","31020001","1","(0,70,70,70)","(0,80,80,80)","(50,50,50)","(-374,-1,1,374,-187,-1,1,187,-60,-1,1,60)","(100,100,100)","(-374,-1,1,374,-187,-1,1,187,-60,-1,1,60)","93000158","35011008"
"43050223","(8,7,12)","(0,0,0)","2000","20","31020001","1","(0,70,70,70)","(0,80,80,80)","(50,50,50)","(-374,-1,1,374,-187,-1,1,187,-60,-1,1,60)","(100,100,100)","(-374,-1,1,374,-187,-1,1,187,-60,-1,1,60)","93000037","35011008"
"43050224","(8,7,12)","(560,280,90,1350,680,230,3380,1690,560,8780,4390,1460,23850,11930,3980,67500,33750,11250)","2000","20","31020001","1","(0,70,70,70)","(0,80,80,80)","(50,50,50)","(-374,-1,1,374,-187,-1,1,187,-60,-1,1,60)","(100,100,100)","(-374,-1,1,374,-187,-1,1,187,-60,-1,1,60)","93000037","35011008"
"43050225","(8,7,12)","(560,280,90,1350,680,230,3380,1690,560,8780,4390,1460,23850,11930,3980,67500,33750,11250,198000,99000,33000)","2000","20","31020001","1","(0,70,70,70)","(0,80,80,80)","(50,50,50)","(-374,-1,1,374,-187,-1,1,187,-60,-1,1,60)","(100,100,100)","(-374,-1,1,374,-187,-1,1,187,-60,-1,1,60)","93000037","35011008"
"43050226","(8,7,12)","(560,280,90,1350,680,230,3380,1690,560,8780,4390,1460,23850,11930,3980,67500,33750,11250,198000,99000,33000,603000,301500,100500)","2000","20","31020001","1","(0,70,70,70)","(0,80,80,80)","(50,50,50)","(-374,-1,1,374,-187,-1,1,187,-60,-1,1,60)","(100,100,100)","(-374,-1,1,374,-187,-1,1,187,-60,-1,1,60)","93000037","35011008"
"43050227","(8,7,12)","(560,280,90,1350,680,230,3380,1690,560,8780,4390,1460,23850,11930,3980,67500,33750,11250,198000,99000,33000,603000,301500,100500,1908000,954000,318000)","2000","20","31020001","1","(0,70,70,70)","(0,80,80,80)","(50,50,50)","(-374,-1,1,374,-187,-1,1,187,-60,-1,1,60)","(100,100,100)","(-374,-1,1,374,-187,-1,1,187,-60,-1,1,60)","93000158","35011008"
"43050228","(8,7,12)","(560,280,90,1350,680,230,3380,1690,560,8780,4390,1460,23850,11930,3980,67500,33750,11250,198000,99000,33000,603000,301500,100500,1908000,954000,318000)","2000","20","31020001","1","(0,70,70,70)","(0,80,80,80)","(50,50,50)","(-374,-1,1,374,-187,-1,1,187,-60,-1,1,60)","(100,100,100)","(-374,-1,1,374,-187,-1,1,187,-60,-1,1,60)","93000158","35011008"
"43050229","(8,7,12)","(0,0,0)","2000","20","31020001","1","(0,70,70,70)","(0,80,80,80)","(50,50,50)","(-374,-1,1,374,-187,-1,1,187,-60,-1,1,60)","(100,100,100)","(-374,-1,1,374,-187,-1,1,187,-60,-1,1,60)","93000037","35011008"
"43050230","(8,7,12)","(560,280,90,1350,680,230,3380,1690,560,8780,4390,1460,23850,11930,3980,67500,33750,11250,198000,99000,33000)","2000","20","31020001","1","(0,70,70,70)","(0,80,80,80)","(50,50,50)","(-374,-1,1,374,-187,-1,1,187,-60,-1,1,60)","(100,100,100)","(-374,-1,1,374,-187,-1,1,187,-60,-1,1,60)","93000037","35011008"
"43050231","(8,7,12)","(560,280,90,1350,680,230,3380,1690,560,8780,4390,1460,23850,11930,3980,67500,33750,11250,198000,99000,33000,603000,301500,100500)","2000","20","31020001","1","(0,70,70,70)","(0,80,80,80)","(50,50,50)","(-374,-1,1,374,-187,-1,1,187,-60,-1,1,60)","(100,100,100)","(-374,-1,1,374,-187,-1,1,187,-60,-1,1,60)","93000037","35011008"
"43050232","(8,7,12)","(560,280,90,1350,680,230,3380,1690,560,8780,4390,1460,23850,11930,3980,67500,33750,11250,198000,99000,33000,603000,301500,100500,1908000,954000,318000)","2000","20","31020001","1","(0,70,70,70)","(0,80,80,80)","(50,50,50)","(-374,-1,1,374,-187,-1,1,187,-60,-1,1,60)","(100,100,100)","(-374,-1,1,374,-187,-1,1,187,-60,-1,1,60)","93000037","35011008"
"43050233","(8,7,12)","(560,280,90,1350,680,230,3380,1690,560,8780,4390,1460,23850,11930,3980,67500,33750,11250,198000,99000,33000,603000,301500,100500,1908000,954000,318000)","2000","20","31020001","1","(0,70,70,70)","(0,80,80,80)","(50,50,50)","(-374,-1,1,374,-187,-1,1,187,-60,-1,1,60)","(100,100,100)","(-374,-1,1,374,-187,-1,1,187,-60,-1,1,60)","93000158","35011008"
"43050234","(8,7,12)","(560,280,90,1350,680,230,3380,1690,560,8780,4390,1460,23850,11930,3980,67500,33750,11250,198000,99000,33000,603000,301500,100500,1908000,954000,318000)","2000","20","31020001","1","(0,70,70,70)","(0,80,80,80)","(50,50,50)","(-374,-1,1,374,-187,-1,1,187,-60,-1,1,60)","(100,100,100)","(-374,-1,1,374,-187,-1,1,187,-60,-1,1,60)","93000158","35011008"
"43050235","(8,7,12)","(0,0,0)","2000","20","31020001","1","(0,70,70,70)","(0,80,80,80)","(50,50,50)","(-374,-1,1,374,-187,-1,1,187,-60,-1,1,60)","(100,100,100)","(-374,-1,1,374,-187,-1,1,187,-60,-1,1,60)","93000037","35011008"
"43050236","(8,7,12)","(560,280,90,1350,680,230,3380,1690,560,8780,4390,1460,23850,11930,3980,67500,33750,11250,198000,99000,33000,603000,301500,100500)","2000","20","31020001","1","(0,70,70,70)","(0,80,80,80)","(50,50,50)","(-374,-1,1,374,-187,-1,1,187,-60,-1,1,60)","(100,100,100)","(-374,-1,1,374,-187,-1,1,187,-60,-1,1,60)","93000037","35011008"
"43050237","(8,7,12)","(560,280,90,1350,680,230,3380,1690,560,8780,4390,1460,23850,11930,3980,67500,33750,11250,198000,99000,33000,603000,301500,100500,1908000,954000,318000)","2000","20","31020001","1","(0,70,70,70)","(0,80,80,80)","(50,50,50)","(-374,-1,1,374,-187,-1,1,187,-60,-1,1,60)","(100,100,100)","(-374,-1,1,374,-187,-1,1,187,-60,-1,1,60)","93000037","35011008"
"43050238","(8,7,12)","(560,280,90,1350,680,230,3380,1690,560,8780,4390,1460,23850,11930,3980,67500,33750,11250,198000,99000,33000,603000,301500,100500,1908000,954000,318000)","2000","20","31020001","1","(0,70,70,70)","(0,80,80,80)","(50,50,50)","(-374,-1,1,374,-187,-1,1,187,-60,-1,1,60)","(100,100,100)","(-374,-1,1,374,-187,-1,1,187,-60,-1,1,60)","93000037","35011008"
"43050239","(8,7,12)","(560,280,90,1350,680,230,3380,1690,560,8780,4390,1460,23850,11930,3980,67500,33750,11250,198000,99000,33000,603000,301500,100500,1908000,954000,318000)","2000","20","31020001","1","(0,70,70,70)","(0,80,80,80)","(50,50,50)","(-374,-1,1,374,-187,-1,1,187,-60,-1,1,60)","(100,100,100)","(-374,-1,1,374,-187,-1,1,187,-60,-1,1,60)","93000158","35011008"
"43050240","(8,7,12)","(560,280,90,1350,680,230,3380,1690,560,8780,4390,1460,23850,11930,3980,67500,33750,11250,198000,99000,33000,603000,301500,100500,1908000,954000,318000)","2000","20","31020001","1","(0,70,70,70)","(0,80,80,80)","(50,50,50)","(-374,-1,1,374,-187,-1,1,187,-60,-1,1,60)","(100,100,100)","(-374,-1,1,374,-187,-1,1,187,-60,-1,1,60)","93000158","35011008"
"43050241","(8,7,12)","(560,280,90,1350,680,230,3380,1690,560,8780,4390,1460,23850,11930,3980,67500,33750,11250)","2000","20","31020001","1","(0,70,70,70)","(0,80,80,80)","(50,50,50)","(-374,-1,1,374,-187,-1,1,187,-60,-1,1,60)","(100,100,100)","(-374,-1,1,374,-187,-1,1,187,-60,-1,1,60)","93000158","35011008"
"43050242","(8,7,12)","(560,280,90,1350,680,230,3380,1690,560,8780,4390,1460,23850,11930,3980,67500,33750,11250,198000,99000,33000)","2000","20","31020001","1","(0,70,70,70)","(0,80,80,80)","(50,50,50)","(-374,-1,1,374,-187,-1,1,187,-60,-1,1,60)","(100,100,100)","(-374,-1,1,374,-187,-1,1,187,-60,-1,1,60)","93000158","35011008"
"43050243","(8,7,12)","(560,280,90,1350,680,230,3380,1690,560,8780,4390,1460,23850,11930,3980,67500,33750,11250,198000,99000,33000,603000,301500,100500)","2000","20","31020001","1","(0,70,70,70)","(0,80,80,80)","(50,50,50)","(-374,-1,1,374,-187,-1,1,187,-60,-1,1,60)","(100,100,100)","(-374,-1,1,374,-187,-1,1,187,-60,-1,1,60)","93000158","35011008"
"43050244","(8,7,12)","(560,280,90,1350,680,230,3380,1690,560,8780,4390,1460,23850,11930,3980,67500,33750,11250,198000,99000,33000,603000,301500,100500,1908000,954000,318000)","2000","20","31020001","1","(0,70,70,70)","(0,80,80,80)","(50,50,50)","(-374,-1,1,374,-187,-1,1,187,-60,-1,1,60)","(100,100,100)","(-374,-1,1,374,-187,-1,1,187,-60,-1,1,60)","93000158","35011008"
"43050245","(8,7,12)","(560,280,90,1350,680,230,3380,1690,560,8780,4390,1460,23850,11930,3980,67500,33750,11250,198000,99000,33000,603000,301500,100500,1908000,954000,318000)","2000","20","31020001","1","(0,70,70,70)","(0,80,80,80)","(50,50,50)","(-374,-1,1,374,-187,-1,1,187,-60,-1,1,60)","(100,100,100)","(-374,-1,1,374,-187,-1,1,187,-60,-1,1,60)","93000158","35011008"
"43050246","(8,7,12)","(560,280,90,1350,680,230,3380,1690,560,8780,4390,1460,23850,11930,3980,67500,33750,11250,198000,99000,33000,603000,301500,100500,1908000,954000,318000)","2000","20","31020001","1","(0,70,70,70)","(0,80,80,80)","(50,50,50)","(-374,-1,1,374,-187,-1,1,187,-60,-1,1,60)","(100,100,100)","(-374,-1,1,374,-187,-1,1,187,-60,-1,1,60)","93000158","35011008"
"43050247","(8,7,12)","(560,280,90,1350,680,230,3380,1690,560,8780,4390,1460,23850,11930,3980,67500,33750,11250,198000,99000,33000,603000,301500,100500,1908000,954000,318000)","2000","20","31020001","1","(0,70,70,70)","(0,80,80,80)","(50,50,50)","(-374,-1,1,374,-187,-1,1,187,-60,-1,1,60)","(100,100,100)","(-374,-1,1,374,-187,-1,1,187,-60,-1,1,60)","93000158","35011008"
"43050248","(8,7,12)","(560,280,90,1350,680,230,3380,1690,560,8780,4390,1460,23850,11930,3980,67500,33750,11250,198000,99000,33000,603000,301500,100500,1908000,954000,318000)","2000","20","31020001","1","(0,70,70,70)","(0,80,80,80)","(50,50,50)","(-374,-1,1,374,-187,-1,1,187,-60,-1,1,60)","(100,100,100)","(-374,-1,1,374,-187,-1,1,187,-60,-1,1,60)","93000158","35011008"
"43050249","(8,7,12)","(560,280,90,1350,680,230,3380,1690,560,8780,4390,1460,23850,11930,3980,67500,33750,11250,198000,99000,33000,603000,301500,100500,1908000,954000,318000)","2000","20","31020001","1","(0,70,70,70)","(0,80,80,80)","(50,50,50)","(-374,-1,1,374,-187,-1,1,187,-60,-1,1,60)","(100,100,100)","(-374,-1,1,374,-187,-1,1,187,-60,-1,1,60)","93000158","35011008"
"43050250","(8,7,12)","(560,280,90,1350,680,230,3380,1690,560,8780,4390,1460,23850,11930,3980,67500,33750,11250,198000,99000,33000,603000,301500,100500,1908000,954000,318000)","2000","20","31020001","1","(0,70,70,70)","(0,80,80,80)","(50,50,50)","(-374,-1,1,374,-187,-1,1,187,-60,-1,1,60)","(100,100,100)","(-374,-1,1,374,-187,-1,1,187,-60,-1,1,60)","93000158","35011008"
"43050251","(8,7,12)","(560,280,90,1350,680,230,3380,1690,560,8780,4390,1460,23850,11930,3980,67500,33750,11250)","2000","20","31020001","1","(0,70,70,70)","(0,80,80,80)","(50,50,50)","(-374,-1,1,374,-187,-1,1,187,-60,-1,1,60)","(100,100,100)","(-374,-1,1,374,-187,-1,1,187,-60,-1,1,60)","93000158","35011008"
"43050252","(8,7,12)","(560,280,90,1350,680,230,3380,1690,560,8780,4390,1460,23850,11930,3980,67500,33750,11250,198000,99000,33000)","2000","20","31020001","1","(0,70,70,70)","(0,80,80,80)","(50,50,50)","(-374,-1,1,374,-187,-1,1,187,-60,-1,1,60)","(100,100,100)","(-374,-1,1,374,-187,-1,1,187,-60,-1,1,60)","93000158","35011008"
"43050253","(8,7,12)","(560,280,90,1350,680,230,3380,1690,560,8780,4390,1460,23850,11930,3980,67500,33750,11250,198000,99000,33000,603000,301500,100500)","2000","20","31020001","1","(0,70,70,70)","(0,80,80,80)","(50,50,50)","(-374,-1,1,374,-187,-1,1,187,-60,-1,1,60)","(100,100,100)","(-374,-1,1,374,-187,-1,1,187,-60,-1,1,60)","93000158","35011008"
"43050254","(8,7,12)","(560,280,90,1350,680,230,3380,1690,560,8780,4390,1460,23850,11930,3980,67500,33750,11250,198000,99000,33000,603000,301500,100500,1908000,954000,318000)","2000","20","31020001","1","(0,70,70,70)","(0,80,80,80)","(50,50,50)","(-374,-1,1,374,-187,-1,1,187,-60,-1,1,60)","(100,100,100)","(-374,-1,1,374,-187,-1,1,187,-60,-1,1,60)","93000158","35011008"
"43050255","(8,7,12)","(560,280,90,1350,680,230,3380,1690,560,8780,4390,1460,23850,11930,3980,67500,33750,11250,198000,99000,33000,603000,301500,100500,1908000,954000,318000)","2000","20","31020001","1","(0,70,70,70)","(0,80,80,80)","(50,50,50)","(-374,-1,1,374,-187,-1,1,187,-60,-1,1,60)","(100,100,100)","(-374,-1,1,374,-187,-1,1,187,-60,-1,1,60)","93000158","35011008"
"43050256","(8,7,12)","(560,280,90,1350,680,230,3380,1690,560,8780,4390,1460,23850,11930,3980,67500,33750,11250,198000,99000,33000,603000,301500,100500,1908000,954000,318000)","2000","20","31020001","1","(0,70,70,70)","(0,80,80,80)","(50,50,50)","(-374,-1,1,374,-187,-1,1,187,-60,-1,1,60)","(100,100,100)","(-374,-1,1,374,-187,-1,1,187,-60,-1,1,60)","93000158","35011008"
"43050257","(8,7,12)","(560,280,90,1350,680,230,3380,1690,560,8780,4390,1460,23850,11930,3980,67500,33750,11250,198000,99000,33000,603000,301500,100500,1908000,954000,318000)","2000","20","31020001","1","(0,70,70,70)","(0,80,80,80)","(50,50,50)","(-374,-1,1,374,-187,-1,1,187,-60,-1,1,60)","(100,100,100)","(-374,-1,1,374,-187,-1,1,187,-60,-1,1,60)","93000158","35011008"
"43050258","(8,7,12)","(560,280,90,1350,680,230,3380,1690,560,8780,4390,1460,23850,11930,3980,67500,33750,11250,198000,99000,33000,603000,301500,100500,1908000,954000,318000)","2000","20","31020001","1","(0,70,70,70)","(0,80,80,80)","(50,50,50)","(-374,-1,1,374,-187,-1,1,187,-60,-1,1,60)","(100,100,100)","(-374,-1,1,374,-187,-1,1,187,-60,-1,1,60)","93000158","35011008"
"43050259","(8,7,12)","(560,280,90,1350,680,230,3380,1690,560,8780,4390,1460,23850,11930,3980,67500,33750,11250,198000,99000,33000,603000,301500,100500,1908000,954000,318000)","2000","20","31020001","1","(0,70,70,70)","(0,80,80,80)","(50,50,50)","(-374,-1,1,374,-187,-1,1,187,-60,-1,1,60)","(100,100,100)","(-374,-1,1,374,-187,-1,1,187,-60,-1,1,60)","93000158","35011008"
"43050260","(8,7,12)","(560,280,90,1350,680,230,3380,1690,560,8780,4390,1460,23850,11930,3980,67500,33750,11250,198000,99000,33000,603000,301500,100500,1908000,954000,318000)","2000","20","31020001","1","(0,70,70,70)","(0,80,80,80)","(50,50,50)","(-374,-1,1,374,-187,-1,1,187,-60,-1,1,60)","(100,100,100)","(-374,-1,1,374,-187,-1,1,187,-60,-1,1,60)","93000158","35011008"
"43050261","(8,7,12)","(560,280,90,1350,680,230,3380,1690,560,8780,4390,1460,23850,11930,3980,67500,33750,11250)","2000","20","31020001","1","(0,70,70,70)","(0,80,80,80)","(50,50,50)","(-374,-1,1,374,-187,-1,1,187,-60,-1,1,60)","(100,100,100)","(-374,-1,1,374,-187,-1,1,187,-60,-1,1,60)","93000158","35011008"
"43050262","(8,7,12)","(560,280,90,1350,680,230,3380,1690,560,8780,4390,1460,23850,11930,3980,67500,33750,11250,198000,99000,33000)","2000","20","31020001","1","(0,70,70,70)","(0,80,80,80)","(50,50,50)","(-374,-1,1,374,-187,-1,1,187,-60,-1,1,60)","(100,100,100)","(-374,-1,1,374,-187,-1,1,187,-60,-1,1,60)","93000158","35011008"
"43050263","(8,7,12)","(560,280,90,1350,680,230,3380,1690,560,8780,4390,1460,23850,11930,3980,67500,33750,11250,198000,99000,33000,603000,301500,100500)","2000","20","31020001","1","(0,70,70,70)","(0,80,80,80)","(50,50,50)","(-374,-1,1,374,-187,-1,1,187,-60,-1,1,60)","(100,100,100)","(-374,-1,1,374,-187,-1,1,187,-60,-1,1,60)","93000158","35011008"
"43050264","(8,7,12)","(560,280,90,1350,680,230,3380,1690,560,8780,4390,1460,23850,11930,3980,67500,33750,11250,198000,99000,33000,603000,301500,100500,1908000,954000,318000)","2000","20","31020001","1","(0,70,70,70)","(0,80,80,80)","(50,50,50)","(-374,-1,1,374,-187,-1,1,187,-60,-1,1,60)","(100,100,100)","(-374,-1,1,374,-187,-1,1,187,-60,-1,1,60)","93000158","35011008"
"43050265","(8,7,12)","(560,280,90,1350,680,230,3380,1690,560,8780,4390,1460,23850,11930,3980,67500,33750,11250,198000,99000,33000,603000,301500,100500,1908000,954000,318000)","2000","20","31020001","1","(0,70,70,70)","(0,80,80,80)","(50,50,50)","(-374,-1,1,374,-187,-1,1,187,-60,-1,1,60)","(100,100,100)","(-374,-1,1,374,-187,-1,1,187,-60,-1,1,60)","93000158","35011008"
"43050266","(8,7,12)","(560,280,90,1350,680,230,3380,1690,560,8780,4390,1460,23850,11930,3980,67500,33750,11250,198000,99000,33000,603000,301500,100500,1908000,954000,318000)","2000","20","31020001","1","(0,70,70,70)","(0,80,80,80)","(50,50,50)","(-374,-1,1,374,-187,-1,1,187,-60,-1,1,60)","(100,100,100)","(-374,-1,1,374,-187,-1,1,187,-60,-1,1,60)","93000158","35011008"
"43050267","(8,7,12)","(560,280,90,1350,680,230,3380,1690,560,8780,4390,1460,23850,11930,3980,67500,33750,11250,198000,99000,33000,603000,301500,100500,1908000,954000,318000)","2000","20","31020001","1","(0,70,70,70)","(0,80,80,80)","(50,50,50)","(-374,-1,1,374,-187,-1,1,187,-60,-1,1,60)","(100,100,100)","(-374,-1,1,374,-187,-1,1,187,-60,-1,1,60)","93000158","35011008"
"43050268","(8,7,12)","(560,280,90,1350,680,230,3380,1690,560,8780,4390,1460,23850,11930,3980,67500,33750,11250,198000,99000,33000,603000,301500,100500,1908000,954000,318000)","2000","20","31020001","1","(0,70,70,70)","(0,80,80,80)","(50,50,50)","(-374,-1,1,374,-187,-1,1,187,-60,-1,1,60)","(100,100,100)","(-374,-1,1,374,-187,-1,1,187,-60,-1,1,60)","93000158","35011008"
"43050269","(8,7,12)","(560,280,90,1350,680,230,3380,1690,560,8780,4390,1460,23850,11930,3980,67500,33750,11250,198000,99000,33000,603000,301500,100500,1908000,954000,318000)","2000","20","31020001","1","(0,70,70,70)","(0,80,80,80)","(50,50,50)","(-374,-1,1,374,-187,-1,1,187,-60,-1,1,60)","(100,100,100)","(-374,-1,1,374,-187,-1,1,187,-60,-1,1,60)","93000158","35011008"
"43050270","(8,7,12)","(560,280,90,1350,680,230,3380,1690,560,8780,4390,1460,23850,11930,3980,67500,33750,11250,198000,99000,33000,603000,301500,100500,1908000,954000,318000)","2000","20","31020001","1","(0,70,70,70)","(0,80,80,80)","(50,50,50)","(-374,-1,1,374,-187,-1,1,187,-60,-1,1,60)","(100,100,100)","(-374,-1,1,374,-187,-1,1,187,-60,-1,1,60)","93000158","35011008"
"43050271","(8,7,12)","(560,280,90,1350,680,230,3380,1690,560,8780,4390,1460,23850,11930,3980,67500,33750,11250)","2000","20","31020001","1","(0,70,70,70)","(0,80,80,80)","(50,50,50)","(-374,-1,1,374,-187,-1,1,187,-60,-1,1,60)","(100,100,100)","(-374,-1,1,374,-187,-1,1,187,-60,-1,1,60)","93000158","35011008"
"43050272","(8,7,12)","(560,280,90,1350,680,230,3380,1690,560,8780,4390,1460,23850,11930,3980,67500,33750,11250,198000,99000,33000)","2000","20","31020001","1","(0,70,70,70)","(0,80,80,80)","(50,50,50)","(-374,-1,1,374,-187,-1,1,187,-60,-1,1,60)","(100,100,100)","(-374,-1,1,374,-187,-1,1,187,-60,-1,1,60)","93000158","35011008"
"43050273","(8,7,12)","(560,280,90,1350,680,230,3380,1690,560,8780,4390,1460,23850,11930,3980,67500,33750,11250,198000,99000,33000,603000,301500,100500)","2000","20","31020001","1","(0,70,70,70)","(0,80,80,80)","(50,50,50)","(-374,-1,1,374,-187,-1,1,187,-60,-1,1,60)","(100,100,100)","(-374,-1,1,374,-187,-1,1,187,-60,-1,1,60)","93000158","35011008"
"43050274","(8,7,12)","(560,280,90,1350,680,230,3380,1690,560,8780,4390,1460,23850,11930,3980,67500,33750,11250,198000,99000,33000,603000,301500,100500,1908000,954000,318000)","2000","20","31020001","1","(0,70,70,70)","(0,80,80,80)","(50,50,50)","(-374,-1,1,374,-187,-1,1,187,-60,-1,1,60)","(100,100,100)","(-374,-1,1,374,-187,-1,1,187,-60,-1,1,60)","93000158","35011008"
"43050275","(8,7,12)","(560,280,90,1350,680,230,3380,1690,560,8780,4390,1460,23850,11930,3980,67500,33750,11250,198000,99000,33000,603000,301500,100500,1908000,954000,318000)","2000","20","31020001","1","(0,70,70,70)","(0,80,80,80)","(50,50,50)","(-374,-1,1,374,-187,-1,1,187,-60,-1,1,60)","(100,100,100)","(-374,-1,1,374,-187,-1,1,187,-60,-1,1,60)","93000158","35011008"
"43050276","(8,7,12)","(560,280,90,1350,680,230,3380,1690,560,8780,4390,1460,23850,11930,3980,67500,33750,11250,198000,99000,33000,603000,301500,100500,1908000,954000,318000)","2000","20","31020001","1","(0,70,70,70)","(0,80,80,80)","(50,50,50)","(-374,-1,1,374,-187,-1,1,187,-60,-1,1,60)","(100,100,100)","(-374,-1,1,374,-187,-1,1,187,-60,-1,1,60)","93000158","35011008"
"43050277","(8,7,12)","(560,280,90,1350,680,230,3380,1690,560,8780,4390,1460,23850,11930,3980,67500,33750,11250,198000,99000,33000,603000,301500,100500,1908000,954000,318000)","2000","20","31020001","1","(0,70,70,70)","(0,80,80,80)","(50,50,50)","(-374,-1,1,374,-187,-1,1,187,-60,-1,1,60)","(100,100,100)","(-374,-1,1,374,-187,-1,1,187,-60,-1,1,60)","93000158","35011008"
"43050278","(8,7,12)","(560,280,90,1350,680,230,3380,1690,560,8780,4390,1460,23850,11930,3980,67500,33750,11250,198000,99000,33000,603000,301500,100500,1908000,954000,318000)","2000","20","31020001","1","(0,70,70,70)","(0,80,80,80)","(50,50,50)","(-374,-1,1,374,-187,-1,1,187,-60,-1,1,60)","(100,100,100)","(-374,-1,1,374,-187,-1,1,187,-60,-1,1,60)","93000158","35011008"
"43050279","(8,7,12)","(560,280,90,1350,680,230,3380,1690,560,8780,4390,1460,23850,11930,3980,67500,33750,11250,198000,99000,33000,603000,301500,100500,1908000,954000,318000)","2000","20","31020001","1","(0,70,70,70)","(0,80,80,80)","(50,50,50)","(-374,-1,1,374,-187,-1,1,187,-60,-1,1,60)","(100,100,100)","(-374,-1,1,374,-187,-1,1,187,-60,-1,1,60)","93000158","35011008"
"43050280","(8,7,12)","(560,280,90,1350,680,230,3380,1690,560,8780,4390,1460,23850,11930,3980,67500,33750,11250,198000,99000,33000,603000,301500,100500,1908000,954000,318000)","2000","20","31020001","1","(0,70,70,70)","(0,80,80,80)","(50,50,50)","(-374,-1,1,374,-187,-1,1,187,-60,-1,1,60)","(100,100,100)","(-374,-1,1,374,-187,-1,1,187,-60,-1,1,60)","93000158","35011008"
"43060001","(8,7,10)","(0,0,0)","2000","20","31020001","1","(0,70,70,70)","(0,80,80,80)","(50,50,50)","(-374,-1,1,374,-187,-1,1,187,-30,-1,1,30)","(100,100,100)","(-374,-1,1,374,-187,-1,1,187,-30,-1,1,30)","93000037","35011008"
"43060002","(8,7,10)","(560,280,50)","2000","20","31020001","1","(0,70,70,70)","(0,80,80,80)","(50,50,50)","(-374,-1,1,374,-187,-1,1,187,-30,-1,1,30)","(100,100,100)","(-374,-1,1,374,-187,-1,1,187,-30,-1,1,30)","93000037","35011008"
"43060003","(8,7,10)","(560,280,50)","2000","20","31020001","1","(0,70,70,70)","(0,80,80,80)","(50,50,50)","(-374,-1,1,374,-187,-1,1,187,-30,-1,1,30)","(100,100,100)","(-374,-1,1,374,-187,-1,1,187,-30,-1,1,30)","93000037","35011008"
"43060004","(8,7,10)","(560,280,50)","2000","20","31020001","1","(0,70,70,70)","(0,80,80,80)","(50,50,50)","(-374,-1,1,374,-187,-1,1,187,-30,-1,1,30)","(100,100,100)","(-374,-1,1,374,-187,-1,1,187,-30,-1,1,30)","93000037","35011008"
"43060005","(8,7,10)","(560,280,50,1350,680,110,3380,1690,280)","2000","20","31020001","1","(0,70,70,70)","(0,80,80,80)","(50,50,50)","(-374,-1,1,374,-187,-1,1,187,-30,-1,1,30)","(100,100,100)","(-374,-1,1,374,-187,-1,1,187,-30,-1,1,30)","93000158","35011008"
"43060006","(8,7,10)","(560,280,50,1350,680,110,3380,1690,280,8780,4390,730,23850,11930,1990)","2000","20","31020001","1","(0,70,70,70)","(0,80,80,80)","(50,50,50)","(-374,-1,1,374,-187,-1,1,187,-30,-1,1,30)","(100,100,100)","(-374,-1,1,374,-187,-1,1,187,-30,-1,1,30)","93000158","35011008"
"43060007","(8,7,10)","(0,0,0)","2000","20","31020001","1","(0,70,70,70)","(0,80,80,80)","(50,50,50)","(-374,-1,1,374,-187,-1,1,187,-30,-1,1,30)","(100,100,100)","(-374,-1,1,374,-187,-1,1,187,-30,-1,1,30)","93000037","35011008"
"43060008","(8,7,10)","(560,280,50)","2000","20","31020001","1","(0,70,70,70)","(0,80,80,80)","(50,50,50)","(-374,-1,1,374,-187,-1,1,187,-30,-1,1,30)","(100,100,100)","(-374,-1,1,374,-187,-1,1,187,-30,-1,1,30)","93000037","35011008"
"43060009","(8,7,10)","(560,280,50)","2000","20","31020001","1","(0,70,70,70)","(0,80,80,80)","(50,50,50)","(-374,-1,1,374,-187,-1,1,187,-30,-1,1,30)","(100,100,100)","(-374,-1,1,374,-187,-1,1,187,-30,-1,1,30)","93000037","35011008"
"43060010","(8,7,10)","(560,280,50,1350,680,110)","2000","20","31020001","1","(0,70,70,70)","(0,80,80,80)","(50,50,50)","(-374,-1,1,374,-187,-1,1,187,-30,-1,1,30)","(100,100,100)","(-374,-1,1,374,-187,-1,1,187,-30,-1,1,30)","93000037","35011008"
"43060011","(8,7,10)","(560,280,50,1350,680,110,3380,1690,280,8780,4390,730)","2000","20","31020001","1","(0,70,70,70)","(0,80,80,80)","(50,50,50)","(-374,-1,1,374,-187,-1,1,187,-30,-1,1,30)","(100,100,100)","(-374,-1,1,374,-187,-1,1,187,-30,-1,1,30)","93000158","35011008"
"43060012","(8,7,10)","(560,280,50,1350,680,110,3380,1690,280,8780,4390,730,23850,11930,1990,67500,33750,5630)","2000","20","31020001","1","(0,70,70,70)","(0,80,80,80)","(50,50,50)","(-374,-1,1,374,-187,-1,1,187,-30,-1,1,30)","(100,100,100)","(-374,-1,1,374,-187,-1,1,187,-30,-1,1,30)","93000158","35011008"
"43060013","(8,7,10)","(0,0,0)","2000","20","31020001","1","(0,70,70,70)","(0,80,80,80)","(50,50,50)","(-374,-1,1,374,-187,-1,1,187,-30,-1,1,30)","(100,100,100)","(-374,-1,1,374,-187,-1,1,187,-30,-1,1,30)","93000037","35011008"
"43060014","(8,7,10)","(560,280,50)","2000","20","31020001","1","(0,70,70,70)","(0,80,80,80)","(50,50,50)","(-374,-1,1,374,-187,-1,1,187,-30,-1,1,30)","(100,100,100)","(-374,-1,1,374,-187,-1,1,187,-30,-1,1,30)","93000037","35011008"
"43060015","(8,7,10)","(560,280,50,1350,680,110)","2000","20","31020001","1","(0,70,70,70)","(0,80,80,80)","(50,50,50)","(-374,-1,1,374,-187,-1,1,187,-30,-1,1,30)","(100,100,100)","(-374,-1,1,374,-187,-1,1,187,-30,-1,1,30)","93000037","35011008"
"43060016","(8,7,10)","(560,280,50,1350,680,110,3380,1690,280)","2000","20","31020001","1","(0,70,70,70)","(0,80,80,80)","(50,50,50)","(-374,-1,1,374,-187,-1,1,187,-30,-1,1,30)","(100,100,100)","(-374,-1,1,374,-187,-1,1,187,-30,-1,1,30)","93000037","35011008"
"43060017","(8,7,10)","(560,280,50,1350,680,110,3380,1690,280,8780,4390,730,23850,11930,1990)","2000","20","31020001","1","(0,70,70,70)","(0,80,80,80)","(50,50,50)","(-374,-1,1,374,-187,-1,1,187,-30,-1,1,30)","(100,100,100)","(-374,-1,1,374,-187,-1,1,187,-30,-1,1,30)","93000158","35011008"
"43060018","(8,7,10)","(560,280,50,1350,680,110,3380,1690,280,8780,4390,730,23850,11930,1990,67500,33750,5630,198000,99000,16500)","2000","20","31020001","1","(0,70,70,70)","(0,80,80,80)","(50,50,50)","(-374,-1,1,374,-187,-1,1,187,-30,-1,1,30)","(100,100,100)","(-374,-1,1,374,-187,-1,1,187,-30,-1,1,30)","93000158","35011008"
"43060019","(8,7,10)","(0,0,0)","2000","20","31020001","1","(0,70,70,70)","(0,80,80,80)","(50,50,50)","(-374,-1,1,374,-187,-1,1,187,-30,-1,1,30)","(100,100,100)","(-374,-1,1,374,-187,-1,1,187,-30,-1,1,30)","93000037","35011008"
"43060020","(8,7,10)","(560,280,50,1350,680,110)","2000","20","31020001","1","(0,70,70,70)","(0,80,80,80)","(50,50,50)","(-374,-1,1,374,-187,-1,1,187,-30,-1,1,30)","(100,100,100)","(-374,-1,1,374,-187,-1,1,187,-30,-1,1,30)","93000037","35011008"
"43060021","(8,7,10)","(560,280,50,1350,680,110,3380,1690,280)","2000","20","31020001","1","(0,70,70,70)","(0,80,80,80)","(50,50,50)","(-374,-1,1,374,-187,-1,1,187,-30,-1,1,30)","(100,100,100)","(-374,-1,1,374,-187,-1,1,187,-30,-1,1,30)","93000037","35011008"
"43060022","(8,7,10)","(560,280,50,1350,680,110,3380,1690,280,8780,4390,730)","2000","20","31020001","1","(0,70,70,70)","(0,80,80,80)","(50,50,50)","(-374,-1,1,374,-187,-1,1,187,-30,-1,1,30)","(100,100,100)","(-374,-1,1,374,-187,-1,1,187,-30,-1,1,30)","93000037","35011008"
"43060023","(8,7,10)","(560,280,50,1350,680,110,3380,1690,280,8780,4390,730,23850,11930,1990,67500,33750,5630)","2000","20","31020001","1","(0,70,70,70)","(0,80,80,80)","(50,50,50)","(-374,-1,1,374,-187,-1,1,187,-30,-1,1,30)","(100,100,100)","(-374,-1,1,374,-187,-1,1,187,-30,-1,1,30)","93000158","35011008"
"43060024","(8,7,10)","(560,280,50,1350,680,110,3380,1690,280,8780,4390,730,23850,11930,1990,67500,33750,5630,198000,99000,16500)","2000","20","31020001","1","(0,70,70,70)","(0,80,80,80)","(50,50,50)","(-374,-1,1,374,-187,-1,1,187,-30,-1,1,30)","(100,100,100)","(-374,-1,1,374,-187,-1,1,187,-30,-1,1,30)","93000158","35011008"
"43060025","(8,7,10)","(0,0,0)","2000","20","31020001","1","(0,70,70,70)","(0,80,80,80)","(50,50,50)","(-374,-1,1,374,-187,-1,1,187,-30,-1,1,30)","(100,100,100)","(-374,-1,1,374,-187,-1,1,187,-30,-1,1,30)","93000037","35011008"
"43060026","(8,7,10)","(560,280,50,1350,680,110,3380,1690,280","2000","20","31020001","1","(0,70,70,70)","(0,80,80,80)","(50,50,50)","(-374,-1,1,374,-187,-1,1,187,-30,-1,1,30)","(100,100,100)","(-374,-1,1,374,-187,-1,1,187,-30,-1,1,30)","93000037","35011008"
"43060027","(8,7,10)","(560,280,50,1350,680,110,3380,1690,280,8780,4390,730)","2000","20","31020001","1","(0,70,70,70)","(0,80,80,80)","(50,50,50)","(-374,-1,1,374,-187,-1,1,187,-30,-1,1,30)","(100,100,100)","(-374,-1,1,374,-187,-1,1,187,-30,-1,1,30)","93000037","35011008"
"43060028","(8,7,10)","(560,280,50,1350,680,110,3380,1690,280,8780,4390,730,23850,11930,1990)","2000","20","31020001","1","(0,70,70,70)","(0,80,80,80)","(50,50,50)","(-374,-1,1,374,-187,-1,1,187,-30,-1,1,30)","(100,100,100)","(-374,-1,1,374,-187,-1,1,187,-30,-1,1,30)","93000037","35011008"
"43060029","(8,7,10)","(560,280,50,1350,680,110,3380,1690,280,8780,4390,730,23850,11930,1990,67500,33750,5630,198000,99000,16500)","2000","20","31020001","1","(0,70,70,70)","(0,80,80,80)","(50,50,50)","(-374,-1,1,374,-187,-1,1,187,-30,-1,1,30)","(100,100,100)","(-374,-1,1,374,-187,-1,1,187,-30,-1,1,30)","93000158","35011008"
"43060030","(8,7,10)","(560,280,50,1350,680,110,3380,1690,280,8780,4390,730,23850,11930,1990,67500,33750,5630,198000,99000,16500)","2000","20","31020001","1","(0,70,70,70)","(0,80,80,80)","(50,50,50)","(-374,-1,1,374,-187,-1,1,187,-30,-1,1,30)","(100,100,100)","(-374,-1,1,374,-187,-1,1,187,-30,-1,1,30)","93000158","35011008"
"43060031","(8,7,10)","(0,0,0)","2000","20","31020001","1","(0,70,70,70)","(0,80,80,80)","(50,50,50)","(-374,-1,1,374,-187,-1,1,187,-30,-1,1,30)","(100,100,100)","(-374,-1,1,374,-187,-1,1,187,-30,-1,1,30)","93000037","35011008"
"43060032","(8,7,10)","(560,280,50,1350,680,110,3380,1690,280,8780,4390,730)","2000","20","31020001","1","(0,70,70,70)","(0,80,80,80)","(50,50,50)","(-374,-1,1,374,-187,-1,1,187,-30,-1,1,30)","(100,100,100)","(-374,-1,1,374,-187,-1,1,187,-30,-1,1,30)","93000037","35011008"
"43060033","(8,7,10)","(560,280,50,1350,680,110,3380,1690,280,8780,4390,730,23850,11930,1990)","2000","20","31020001","1","(0,70,70,70)","(0,80,80,80)","(50,50,50)","(-374,-1,1,374,-187,-1,1,187,-30,-1,1,30)","(100,100,100)","(-374,-1,1,374,-187,-1,1,187,-30,-1,1,30)","93000037","35011008"
"43060034","(8,7,10)","(560,280,50,1350,680,110,3380,1690,280,8780,4390,730,23850,11930,1990,67500,33750,5630)","2000","20","31020001","1","(0,70,70,70)","(0,80,80,80)","(50,50,50)","(-374,-1,1,374,-187,-1,1,187,-30,-1,1,30)","(100,100,100)","(-374,-1,1,374,-187,-1,1,187,-30,-1,1,30)","93000037","35011008"
"43060035","(8,7,10)","(560,280,50,1350,680,110,3380,1690,280,8780,4390,730,23850,11930,1990,67500,33750,5630,198000,99000,16500)","2000","20","31020001","1","(0,70,70,70)","(0,80,80,80)","(50,50,50)","(-374,-1,1,374,-187,-1,1,187,-30,-1,1,30)","(100,100,100)","(-374,-1,1,374,-187,-1,1,187,-30,-1,1,30)","93000158","35011008"
"43060036","(8,7,10)","(560,280,50,1350,680,110,3380,1690,280,8780,4390,730,23850,11930,1990,67500,33750,5630,198000,99000,16500,603000,301500,50250)","2000","20","31020001","1","(0,70,70,70)","(0,80,80,80)","(50,50,50)","(-374,-1,1,374,-187,-1,1,187,-30,-1,1,30)","(100,100,100)","(-374,-1,1,374,-187,-1,1,187,-30,-1,1,30)","93000158","35011008"
"43060037","(8,7,10)","(0,0,0)","2000","20","31020001","1","(0,70,70,70)","(0,80,80,80)","(50,50,50)","(-374,-1,1,374,-187,-1,1,187,-30,-1,1,30)","(100,100,100)","(-374,-1,1,374,-187,-1,1,187,-30,-1,1,30)","93000037","35011008"
"43060038","(8,7,10)","(560,280,50,1350,680,110,3380,1690,280,8780,4390,730,23850,11930,1990)","2000","20","31020001","1","(0,70,70,70)","(0,80,80,80)","(50,50,50)","(-374,-1,1,374,-187,-1,1,187,-30,-1,1,30)","(100,100,100)","(-374,-1,1,374,-187,-1,1,187,-30,-1,1,30)","93000037","35011008"
"43060039","(8,7,10)","(560,280,50,1350,680,110,3380,1690,280,8780,4390,730,23850,11930,1990,67500,33750,5630)","2000","20","31020001","1","(0,70,70,70)","(0,80,80,80)","(50,50,50)","(-374,-1,1,374,-187,-1,1,187,-30,-1,1,30)","(100,100,100)","(-374,-1,1,374,-187,-1,1,187,-30,-1,1,30)","93000037","35011008"
"43060040","(8,7,10)","(560,280,50,1350,680,110,3380,1690,280,8780,4390,730,23850,11930,1990,67500,33750,5630,198000,99000,16500)","2000","20","31020001","1","(0,70,70,70)","(0,80,80,80)","(50,50,50)","(-374,-1,1,374,-187,-1,1,187,-30,-1,1,30)","(100,100,100)","(-374,-1,1,374,-187,-1,1,187,-30,-1,1,30)","93000037","35011008"
"43060041","(8,7,10)","(560,280,50,1350,680,110,3380,1690,280,8780,4390,730,23850,11930,1990,67500,33750,5630,198000,99000,16500,603000,301500,50250)","2000","20","31020001","1","(0,70,70,70)","(0,80,80,80)","(50,50,50)","(-374,-1,1,374,-187,-1,1,187,-30,-1,1,30)","(100,100,100)","(-374,-1,1,374,-187,-1,1,187,-30,-1,1,30)","93000158","35011008"
"43060042","(8,7,10)","(560,280,50,1350,680,110,3380,1690,280,8780,4390,730,23850,11930,1990,67500,33750,5630,198000,99000,16500,603000,301500,50250,1908000,954000,159000)","2000","20","31020001","1","(0,70,70,70)","(0,80,80,80)","(50,50,50)","(-374,-1,1,374,-187,-1,1,187,-30,-1,1,30)","(100,100,100)","(-374,-1,1,374,-187,-1,1,187,-30,-1,1,30)","93000158","35011008"
"43060043","(8,7,10)","(0,0,0)","2000","20","31020001","1","(0,70,70,70)","(0,80,80,80)","(50,50,50)","(-374,-1,1,374,-187,-1,1,187,-30,-1,1,30)","(100,100,100)","(-374,-1,1,374,-187,-1,1,187,-30,-1,1,30)","93000037","35011008"
"43060044","(8,7,10)","(560,280,50,1350,680,110,3380,1690,280,8780,4390,730,23850,11930,1990,67500,33750,5630)","2000","20","31020001","1","(0,70,70,70)","(0,80,80,80)","(50,50,50)","(-374,-1,1,374,-187,-1,1,187,-30,-1,1,30)","(100,100,100)","(-374,-1,1,374,-187,-1,1,187,-30,-1,1,30)","93000037","35011008"
"43060045","(8,7,10)","(560,280,50,1350,680,110,3380,1690,280,8780,4390,730,23850,11930,1990,67500,33750,5630,198000,99000,16500)","2000","20","31020001","1","(0,70,70,70)","(0,80,80,80)","(50,50,50)","(-374,-1,1,374,-187,-1,1,187,-30,-1,1,30)","(100,100,100)","(-374,-1,1,374,-187,-1,1,187,-30,-1,1,30)","93000037","35011008"
"43060046","(8,7,10)","(560,280,50,1350,680,110,3380,1690,280,8780,4390,730,23850,11930,1990,67500,33750,5630,198000,99000,16500,603000,301500,50250)","2000","20","31020001","1","(0,70,70,70)","(0,80,80,80)","(50,50,50)","(-374,-1,1,374,-187,-1,1,187,-30,-1,1,30)","(100,100,100)","(-374,-1,1,374,-187,-1,1,187,-30,-1,1,30)","93000037","35011008"
"43060047","(8,7,10)","(560,280,50,1350,680,110,3380,1690,280,8780,4390,730,23850,11930,1990,67500,33750,5630,198000,99000,16500,603000,301500,50250,1908000,954000,159000)","2000","20","31020001","1","(0,70,70,70)","(0,80,80,80)","(50,50,50)","(-374,-1,1,374,-187,-1,1,187,-30,-1,1,30)","(100,100,100)","(-374,-1,1,374,-187,-1,1,187,-30,-1,1,30)","93000158","35011008"
"43060048","(8,7,10)","(560,280,50,1350,680,110,3380,1690,280,8780,4390,730,23850,11930,1990,67500,33750,5630,198000,99000,16500,603000,301500,50250,1908000,954000,159000)","2000","20","31020001","1","(0,70,70,70)","(0,80,80,80)","(50,50,50)","(-374,-1,1,374,-187,-1,1,187,-30,-1,1,30)","(100,100,100)","(-374,-1,1,374,-187,-1,1,187,-30,-1,1,30)","93000158","35011008"
"43060049","(8,7,10)","(0,0,0)","2000","20","31020001","1","(0,70,70,70)","(0,80,80,80)","(50,50,50)","(-374,-1,1,374,-187,-1,1,187,-30,-1,1,30)","(100,100,100)","(-374,-1,1,374,-187,-1,1,187,-30,-1,1,30)","93000037","35011008"
"43060050","(8,7,10)","(560,280,50,1350,680,110,3380,1690,280,8780,4390,730,23850,11930,1990,67500,33750,5630,198000,99000,16500)","2000","20","31020001","1","(0,70,70,70)","(0,80,80,80)","(50,50,50)","(-374,-1,1,374,-187,-1,1,187,-30,-1,1,30)","(100,100,100)","(-374,-1,1,374,-187,-1,1,187,-30,-1,1,30)","93000037","35011008"
"43060051","(8,7,10)","(560,280,50,1350,680,110,3380,1690,280,8780,4390,730,23850,11930,1990,67500,33750,5630,198000,99000,16500,603000,301500,50250)","2000","20","31020001","1","(0,70,70,70)","(0,80,80,80)","(50,50,50)","(-374,-1,1,374,-187,-1,1,187,-30,-1,1,30)","(100,100,100)","(-374,-1,1,374,-187,-1,1,187,-30,-1,1,30)","93000037","35011008"
"43060052","(8,7,10)","(560,280,50,1350,680,110,3380,1690,280,8780,4390,730,23850,11930,1990,67500,33750,5630,198000,99000,16500,603000,301500,50250,1908000,954000,159000)","2000","20","31020001","1","(0,70,70,70)","(0,80,80,80)","(50,50,50)","(-374,-1,1,374,-187,-1,1,187,-30,-1,1,30)","(100,100,100)","(-374,-1,1,374,-187,-1,1,187,-30,-1,1,30)","93000037","35011008"
"43060053","(8,7,10)","(560,280,50,1350,680,110,3380,1690,280,8780,4390,730,23850,11930,1990,67500,33750,5630,198000,99000,16500,603000,301500,50250,1908000,954000,159000)","2000","20","31020001","1","(0,70,70,70)","(0,80,80,80)","(50,50,50)","(-374,-1,1,374,-187,-1,1,187,-30,-1,1,30)","(100,100,100)","(-374,-1,1,374,-187,-1,1,187,-30,-1,1,30)","93000158","35011008"
"43060054","(8,7,10)","(560,280,50,1350,680,110,3380,1690,280,8780,4390,730,23850,11930,1990,67500,33750,5630,198000,99000,16500,603000,301500,50250,1908000,954000,159000)","2000","20","31020001","1","(0,70,70,70)","(0,80,80,80)","(50,50,50)","(-374,-1,1,374,-187,-1,1,187,-30,-1,1,30)","(100,100,100)","(-374,-1,1,374,-187,-1,1,187,-30,-1,1,30)","93000158","35011008"
"43060055","(8,7,10)","(0,0,0)","2000","20","31020001","1","(0,70,70,70)","(0,80,80,80)","(50,50,50)","(-374,-1,1,374,-187,-1,1,187,-30,-1,1,30)","(100,100,100)","(-374,-1,1,374,-187,-1,1,187,-30,-1,1,30)","93000037","35011008"
"43060056","(8,7,10)","(560,280,50,1350,680,110,3380,1690,280,8780,4390,730,23850,11930,1990,67500,33750,5630,198000,99000,16500,603000,301500,50250)","2000","20","31020001","1","(0,70,70,70)","(0,80,80,80)","(50,50,50)","(-374,-1,1,374,-187,-1,1,187,-30,-1,1,30)","(100,100,100)","(-374,-1,1,374,-187,-1,1,187,-30,-1,1,30)","93000037","35011008"
"43060057","(8,7,10)","(560,280,50,1350,680,110,3380,1690,280,8780,4390,730,23850,11930,1990,67500,33750,5630,198000,99000,16500,603000,301500,50250,1908000,954000,159000)","2000","20","31020001","1","(0,70,70,70)","(0,80,80,80)","(50,50,50)","(-374,-1,1,374,-187,-1,1,187,-30,-1,1,30)","(100,100,100)","(-374,-1,1,374,-187,-1,1,187,-30,-1,1,30)","93000037","35011008"
"43060058","(8,7,10)","(560,280,50,1350,680,110,3380,1690,280,8780,4390,730,23850,11930,1990,67500,33750,5630,198000,99000,16500,603000,301500,50250,1908000,954000,159000)","2000","20","31020001","1","(0,70,70,70)","(0,80,80,80)","(50,50,50)","(-374,-1,1,374,-187,-1,1,187,-30,-1,1,30)","(100,100,100)","(-374,-1,1,374,-187,-1,1,187,-30,-1,1,30)","93000037","35011008"
"43060059","(8,7,10)","(560,280,50,1350,680,110,3380,1690,280,8780,4390,730,23850,11930,1990,67500,33750,5630,198000,99000,16500,603000,301500,50250,1908000,954000,159000)","2000","20","31020001","1","(0,70,70,70)","(0,80,80,80)","(50,50,50)","(-374,-1,1,374,-187,-1,1,187,-30,-1,1,30)","(100,100,100)","(-374,-1,1,374,-187,-1,1,187,-30,-1,1,30)","93000158","35011008"
"43060060","(8,7,10)","(560,280,50,1350,680,110,3380,1690,280,8780,4390,730,23850,11930,1990,67500,33750,5630,198000,99000,16500,603000,301500,50250,1908000,954000,159000)","2000","20","31020001","1","(0,70,70,70)","(0,80,80,80)","(50,50,50)","(-374,-1,1,374,-187,-1,1,187,-30,-1,1,30)","(100,100,100)","(-374,-1,1,374,-187,-1,1,187,-30,-1,1,30)","93000158","35011008"
"43060061","(8,7,10)","(0,0,0)","2000","20","31020001","1","(0,70,70,70)","(0,80,80,80)","(50,50,50)","(-374,-1,1,374,-187,-1,1,187,-30,-1,1,30)","(100,100,100)","(-374,-1,1,374,-187,-1,1,187,-30,-1,1,30)","93000037","35011008"
"43060062","(8,7,10)","(560,280,50)","2000","20","31020001","1","(0,70,70,70)","(0,80,80,80)","(50,50,50)","(-374,-1,1,374,-187,-1,1,187,-30,-1,1,30)","(100,100,100)","(-374,-1,1,374,-187,-1,1,187,-30,-1,1,30)","93000037","35011008"
"43060063","(8,7,10)","(560,280,50)","2000","20","31020001","1","(0,70,70,70)","(0,80,80,80)","(50,50,50)","(-374,-1,1,374,-187,-1,1,187,-30,-1,1,30)","(100,100,100)","(-374,-1,1,374,-187,-1,1,187,-30,-1,1,30)","93000037","35011008"
"43060064","(8,7,10)","(560,280,50)","2000","20","31020001","1","(0,70,70,70)","(0,80,80,80)","(50,50,50)","(-374,-1,1,374,-187,-1,1,187,-30,-1,1,30)","(100,100,100)","(-374,-1,1,374,-187,-1,1,187,-30,-1,1,30)","93000037","35011008"
"43060065","(8,7,10)","(560,280,50,1350,680,110,3380,1690,280)","2000","20","31020001","1","(0,70,70,70)","(0,80,80,80)","(50,50,50)","(-374,-1,1,374,-187,-1,1,187,-30,-1,1,30)","(100,100,100)","(-374,-1,1,374,-187,-1,1,187,-30,-1,1,30)","93000158","35011008"
"43060066","(8,7,10)","(560,280,50,1350,680,110,3380,1690,280,8780,4390,730,23850,11930,1990)","2000","20","31020001","1","(0,70,70,70)","(0,80,80,80)","(50,50,50)","(-374,-1,1,374,-187,-1,1,187,-30,-1,1,30)","(100,100,100)","(-374,-1,1,374,-187,-1,1,187,-30,-1,1,30)","93000158","35011008"
"43060067","(8,7,10)","(0,0,0)","2000","20","31020001","1","(0,70,70,70)","(0,80,80,80)","(50,50,50)","(-374,-1,1,374,-187,-1,1,187,-30,-1,1,30)","(100,100,100)","(-374,-1,1,374,-187,-1,1,187,-30,-1,1,30)","93000037","35011008"
"43060068","(8,7,10)","(560,280,50)","2000","20","31020001","1","(0,70,70,70)","(0,80,80,80)","(50,50,50)","(-374,-1,1,374,-187,-1,1,187,-30,-1,1,30)","(100,100,100)","(-374,-1,1,374,-187,-1,1,187,-30,-1,1,30)","93000037","35011008"
"43060069","(8,7,10)","(560,280,50)","2000","20","31020001","1","(0,70,70,70)","(0,80,80,80)","(50,50,50)","(-374,-1,1,374,-187,-1,1,187,-30,-1,1,30)","(100,100,100)","(-374,-1,1,374,-187,-1,1,187,-30,-1,1,30)","93000037","35011008"
"43060070","(8,7,10)","(560,280,50,1350,680,110)","2000","20","31020001","1","(0,70,70,70)","(0,80,80,80)","(50,50,50)","(-374,-1,1,374,-187,-1,1,187,-30,-1,1,30)","(100,100,100)","(-374,-1,1,374,-187,-1,1,187,-30,-1,1,30)","93000037","35011008"
"43060071","(8,7,10)","(560,280,50,1350,680,110,3380,1690,280,8780,4390,730)","2000","20","31020001","1","(0,70,70,70)","(0,80,80,80)","(50,50,50)","(-374,-1,1,374,-187,-1,1,187,-30,-1,1,30)","(100,100,100)","(-374,-1,1,374,-187,-1,1,187,-30,-1,1,30)","93000158","35011008"
"43060072","(8,7,10)","(560,280,50,1350,680,110,3380,1690,280,8780,4390,730,23850,11930,1990,67500,33750,5630)","2000","20","31020001","1","(0,70,70,70)","(0,80,80,80)","(50,50,50)","(-374,-1,1,374,-187,-1,1,187,-30,-1,1,30)","(100,100,100)","(-374,-1,1,374,-187,-1,1,187,-30,-1,1,30)","93000158","35011008"
"43060073","(8,7,10)","(0,0,0)","2000","20","31020001","1","(0,70,70,70)","(0,80,80,80)","(50,50,50)","(-374,-1,1,374,-187,-1,1,187,-30,-1,1,30)","(100,100,100)","(-374,-1,1,374,-187,-1,1,187,-30,-1,1,30)","93000037","35011008"
"43060074","(8,7,10)","(560,280,50)","2000","20","31020001","1","(0,70,70,70)","(0,80,80,80)","(50,50,50)","(-374,-1,1,374,-187,-1,1,187,-30,-1,1,30)","(100,100,100)","(-374,-1,1,374,-187,-1,1,187,-30,-1,1,30)","93000037","35011008"
"43060075","(8,7,10)","(560,280,50,1350,680,110)","2000","20","31020001","1","(0,70,70,70)","(0,80,80,80)","(50,50,50)","(-374,-1,1,374,-187,-1,1,187,-30,-1,1,30)","(100,100,100)","(-374,-1,1,374,-187,-1,1,187,-30,-1,1,30)","93000037","35011008"
"43060076","(8,7,10)","(560,280,50,1350,680,110,3380,1690,280)","2000","20","31020001","1","(0,70,70,70)","(0,80,80,80)","(50,50,50)","(-374,-1,1,374,-187,-1,1,187,-30,-1,1,30)","(100,100,100)","(-374,-1,1,374,-187,-1,1,187,-30,-1,1,30)","93000037","35011008"
"43060077","(8,7,10)","(560,280,50,1350,680,110,3380,1690,280,8780,4390,730,23850,11930,1990)","2000","20","31020001","1","(0,70,70,70)","(0,80,80,80)","(50,50,50)","(-374,-1,1,374,-187,-1,1,187,-30,-1,1,30)","(100,100,100)","(-374,-1,1,374,-187,-1,1,187,-30,-1,1,30)","93000158","35011008"
"43060078","(8,7,10)","(560,280,50,1350,680,110,3380,1690,280,8780,4390,730,23850,11930,1990,67500,33750,5630,198000,99000,16500)","2000","20","31020001","1","(0,70,70,70)","(0,80,80,80)","(50,50,50)","(-374,-1,1,374,-187,-1,1,187,-30,-1,1,30)","(100,100,100)","(-374,-1,1,374,-187,-1,1,187,-30,-1,1,30)","93000158","35011008"
"43060079","(8,7,10)","(0,0,0)","2000","20","31020001","1","(0,70,70,70)","(0,80,80,80)","(50,50,50)","(-374,-1,1,374,-187,-1,1,187,-30,-1,1,30)","(100,100,100)","(-374,-1,1,374,-187,-1,1,187,-30,-1,1,30)","93000037","35011008"
"43060080","(8,7,10)","(560,280,50,1350,680,110)","2000","20","31020001","1","(0,70,70,70)","(0,80,80,80)","(50,50,50)","(-374,-1,1,374,-187,-1,1,187,-30,-1,1,30)","(100,100,100)","(-374,-1,1,374,-187,-1,1,187,-30,-1,1,30)","93000037","35011008"
"43060081","(8,7,10)","(560,280,50,1350,680,110,3380,1690,280)","2000","20","31020001","1","(0,70,70,70)","(0,80,80,80)","(50,50,50)","(-374,-1,1,374,-187,-1,1,187,-30,-1,1,30)","(100,100,100)","(-374,-1,1,374,-187,-1,1,187,-30,-1,1,30)","93000037","35011008"
"43060082","(8,7,10)","(560,280,50,1350,680,110,3380,1690,280,8780,4390,730)","2000","20","31020001","1","(0,70,70,70)","(0,80,80,80)","(50,50,50)","(-374,-1,1,374,-187,-1,1,187,-30,-1,1,30)","(100,100,100)","(-374,-1,1,374,-187,-1,1,187,-30,-1,1,30)","93000037","35011008"
"43060083","(8,7,10)","(560,280,50,1350,680,110,3380,1690,280,8780,4390,730,23850,11930,1990,67500,33750,5630)","2000","20","31020001","1","(0,70,70,70)","(0,80,80,80)","(50,50,50)","(-374,-1,1,374,-187,-1,1,187,-30,-1,1,30)","(100,100,100)","(-374,-1,1,374,-187,-1,1,187,-30,-1,1,30)","93000037","35011008"
"43060084","(8,7,10)","(560,280,50,1350,680,110,3380,1690,280,8780,4390,730,23850,11930,1990,67500,33750,5630,198000,99000,16500)","2000","20","31020001","1","(0,70,70,70)","(0,80,80,80)","(50,50,50)","(-374,-1,1,374,-187,-1,1,187,-30,-1,1,30)","(100,100,100)","(-374,-1,1,374,-187,-1,1,187,-30,-1,1,30)","93000037","35011008"
"43060085","(8,7,10)","(0,0,0)","2000","20","31020001","1","(0,70,70,70)","(0,80,80,80)","(50,50,50)","(-374,-1,1,374,-187,-1,1,187,-30,-1,1,30)","(100,100,100)","(-374,-1,1,374,-187,-1,1,187,-30,-1,1,30)","93000037","35011008"
"43060086","(8,7,10)","(560,280,50,1350,680,110,3380,1690,280","2000","20","31020001","1","(0,70,70,70)","(0,80,80,80)","(50,50,50)","(-374,-1,1,374,-187,-1,1,187,-30,-1,1,30)","(100,100,100)","(-374,-1,1,374,-187,-1,1,187,-30,-1,1,30)","93000037","35011008"
"43060087","(8,7,10)","(560,280,50,1350,680,110,3380,1690,280,8780,4390,730)","2000","20","31020001","1","(0,70,70,70)","(0,80,80,80)","(50,50,50)","(-374,-1,1,374,-187,-1,1,187,-30,-1,1,30)","(100,100,100)","(-374,-1,1,374,-187,-1,1,187,-30,-1,1,30)","93000037","35011008"
"43060088","(8,7,10)","(560,280,50,1350,680,110,3380,1690,280,8780,4390,730,23850,11930,1990)","2000","20","31020001","1","(0,70,70,70)","(0,80,80,80)","(50,50,50)","(-374,-1,1,374,-187,-1,1,187,-30,-1,1,30)","(100,100,100)","(-374,-1,1,374,-187,-1,1,187,-30,-1,1,30)","93000037","35011008"
"43060089","(8,7,10)","(560,280,50,1350,680,110,3380,1690,280,8780,4390,730,23850,11930,1990,67500,33750,5630,198000,99000,16500)","2000","20","31020001","1","(0,70,70,70)","(0,80,80,80)","(50,50,50)","(-374,-1,1,374,-187,-1,1,187,-30,-1,1,30)","(100,100,100)","(-374,-1,1,374,-187,-1,1,187,-30,-1,1,30)","93000037","35011008"
"43060090","(8,7,10)","(560,280,50,1350,680,110,3380,1690,280,8780,4390,730,23850,11930,1990,67500,33750,5630,198000,99000,16500)","2000","20","31020001","1","(0,70,70,70)","(0,80,80,80)","(50,50,50)","(-374,-1,1,374,-187,-1,1,187,-30,-1,1,30)","(100,100,100)","(-374,-1,1,374,-187,-1,1,187,-30,-1,1,30)","93000037","35011008"
"43060091","(8,7,10)","(0,0,0)","2000","20","31020001","1","(0,70,70,70)","(0,80,80,80)","(50,50,50)","(-374,-1,1,374,-187,-1,1,187,-30,-1,1,30)","(100,100,100)","(-374,-1,1,374,-187,-1,1,187,-30,-1,1,30)","93000037","35011008"
"43060092","(8,7,10)","(560,280,50,1350,680,110,3380,1690,280,8780,4390,730)","2000","20","31020001","1","(0,70,70,70)","(0,80,80,80)","(50,50,50)","(-374,-1,1,374,-187,-1,1,187,-30,-1,1,30)","(100,100,100)","(-374,-1,1,374,-187,-1,1,187,-30,-1,1,30)","93000037","35011008"
"43060093","(8,7,10)","(560,280,50,1350,680,110,3380,1690,280,8780,4390,730,23850,11930,1990)","2000","20","31020001","1","(0,70,70,70)","(0,80,80,80)","(50,50,50)","(-374,-1,1,374,-187,-1,1,187,-30,-1,1,30)","(100,100,100)","(-374,-1,1,374,-187,-1,1,187,-30,-1,1,30)","93000037","35011008"
"43060094","(8,7,10)","(560,280,50,1350,680,110,3380,1690,280,8780,4390,730,23850,11930,1990,67500,33750,5630)","2000","20","31020001","1","(0,70,70,70)","(0,80,80,80)","(50,50,50)","(-374,-1,1,374,-187,-1,1,187,-30,-1,1,30)","(100,100,100)","(-374,-1,1,374,-187,-1,1,187,-30,-1,1,30)","93000037","35011008"
"43060095","(8,7,10)","(560,280,50,1350,680,110,3380,1690,280,8780,4390,730,23850,11930,1990,67500,33750,5630,198000,99000,16500)","2000","20","31020001","1","(0,70,70,70)","(0,80,80,80)","(50,50,50)","(-374,-1,1,374,-187,-1,1,187,-30,-1,1,30)","(100,100,100)","(-374,-1,1,374,-187,-1,1,187,-30,-1,1,30)","93000037","35011008"
"43060096","(8,7,10)","(560,280,50,1350,680,110,3380,1690,280,8780,4390,730,23850,11930,1990,67500,33750,5630,198000,99000,16500,603000,301500,50250)","2000","20","31020001","1","(0,70,70,70)","(0,80,80,80)","(50,50,50)","(-374,-1,1,374,-187,-1,1,187,-30,-1,1,30)","(100,100,100)","(-374,-1,1,374,-187,-1,1,187,-30,-1,1,30)","93000037","35011008"
"43060097","(8,7,10)","(0,0,0)","2000","20","31020001","1","(0,70,70,70)","(0,80,80,80)","(50,50,50)","(-374,-1,1,374,-187,-1,1,187,-30,-1,1,30)","(100,100,100)","(-374,-1,1,374,-187,-1,1,187,-30,-1,1,30)","93000037","35011008"
"43060098","(8,7,10)","(560,280,50,1350,680,110,3380,1690,280,8780,4390,730,23850,11930,1990)","2000","20","31020001","1","(0,70,70,70)","(0,80,80,80)","(50,50,50)","(-374,-1,1,374,-187,-1,1,187,-30,-1,1,30)","(100,100,100)","(-374,-1,1,374,-187,-1,1,187,-30,-1,1,30)","93000037","35011008"
"43060099","(8,7,10)","(560,280,50,1350,680,110,3380,1690,280,8780,4390,730,23850,11930,1990,67500,33750,5630)","2000","20","31020001","1","(0,70,70,70)","(0,80,80,80)","(50,50,50)","(-374,-1,1,374,-187,-1,1,187,-30,-1,1,30)","(100,100,100)","(-374,-1,1,374,-187,-1,1,187,-30,-1,1,30)","93000037","35011008"
"43060100","(8,7,10)","(560,280,50,1350,680,110,3380,1690,280,8780,4390,730,23850,11930,1990,67500,33750,5630,198000,99000,16500)","2000","20","31020001","1","(0,70,70,70)","(0,80,80,80)","(50,50,50)","(-374,-1,1,374,-187,-1,1,187,-30,-1,1,30)","(100,100,100)","(-374,-1,1,374,-187,-1,1,187,-30,-1,1,30)","93000037","35011008"
"43060101","(8,7,10)","(560,280,50,1350,680,110,3380,1690,280,8780,4390,730,23850,11930,1990,67500,33750,5630,198000,99000,16500,603000,301500,50250)","2000","20","31020001","1","(0,70,70,70)","(0,80,80,80)","(50,50,50)","(-374,-1,1,374,-187,-1,1,187,-30,-1,1,30)","(100,100,100)","(-374,-1,1,374,-187,-1,1,187,-30,-1,1,30)","93000037","35011008"
"43060102","(8,7,10)","(560,280,50,1350,680,110,3380,1690,280,8780,4390,730,23850,11930,1990,67500,33750,5630,198000,99000,16500,603000,301500,50250,1908000,954000,159000)","2000","20","31020001","1","(0,70,70,70)","(0,80,80,80)","(50,50,50)","(-374,-1,1,374,-187,-1,1,187,-30,-1,1,30)","(100,100,100)","(-374,-1,1,374,-187,-1,1,187,-30,-1,1,30)","93000037","35011008"
"43060103","(8,7,10)","(0,0,0)","2000","20","31020001","1","(0,70,70,70)","(0,80,80,80)","(50,50,50)","(-374,-1,1,374,-187,-1,1,187,-30,-1,1,30)","(100,100,100)","(-374,-1,1,374,-187,-1,1,187,-30,-1,1,30)","93000037","35011008"
"43060104","(8,7,10)","(560,280,50,1350,680,110,3380,1690,280,8780,4390,730,23850,11930,1990,67500,33750,5630)","2000","20","31020001","1","(0,70,70,70)","(0,80,80,80)","(50,50,50)","(-374,-1,1,374,-187,-1,1,187,-30,-1,1,30)","(100,100,100)","(-374,-1,1,374,-187,-1,1,187,-30,-1,1,30)","93000037","35011008"
"43060105","(8,7,10)","(560,280,50,1350,680,110,3380,1690,280,8780,4390,730,23850,11930,1990,67500,33750,5630,198000,99000,16500)","2000","20","31020001","1","(0,70,70,70)","(0,80,80,80)","(50,50,50)","(-374,-1,1,374,-187,-1,1,187,-30,-1,1,30)","(100,100,100)","(-374,-1,1,374,-187,-1,1,187,-30,-1,1,30)","93000037","35011008"
"43060106","(8,7,10)","(560,280,50,1350,680,110,3380,1690,280,8780,4390,730,23850,11930,1990,67500,33750,5630,198000,99000,16500,603000,301500,50250)","2000","20","31020001","1","(0,70,70,70)","(0,80,80,80)","(50,50,50)","(-374,-1,1,374,-187,-1,1,187,-30,-1,1,30)","(100,100,100)","(-374,-1,1,374,-187,-1,1,187,-30,-1,1,30)","93000037","35011008"
"43060107","(8,7,10)","(560,280,50,1350,680,110,3380,1690,280,8780,4390,730,23850,11930,1990,67500,33750,5630,198000,99000,16500,603000,301500,50250,1908000,954000,159000)","2000","20","31020001","1","(0,70,70,70)","(0,80,80,80)","(50,50,50)","(-374,-1,1,374,-187,-1,1,187,-30,-1,1,30)","(100,100,100)","(-374,-1,1,374,-187,-1,1,187,-30,-1,1,30)","93000037","35011008"
"43060108","(8,7,10)","(560,280,50,1350,680,110,3380,1690,280,8780,4390,730,23850,11930,1990,67500,33750,5630,198000,99000,16500,603000,301500,50250,1908000,954000,159000)","2000","20","31020001","1","(0,70,70,70)","(0,80,80,80)","(50,50,50)","(-374,-1,1,374,-187,-1,1,187,-30,-1,1,30)","(100,100,100)","(-374,-1,1,374,-187,-1,1,187,-30,-1,1,30)","93000037","35011008"
"43060109","(8,7,10)","(0,0,0)","2000","20","31020001","1","(0,70,70,70)","(0,80,80,80)","(50,50,50)","(-374,-1,1,374,-187,-1,1,187,-30,-1,1,30)","(100,100,100)","(-374,-1,1,374,-187,-1,1,187,-30,-1,1,30)","93000037","35011008"
"43060110","(8,7,10)","(560,280,50,1350,680,110,3380,1690,280,8780,4390,730,23850,11930,1990,67500,33750,5630,198000,99000,16500)","2000","20","31020001","1","(0,70,70,70)","(0,80,80,80)","(50,50,50)","(-374,-1,1,374,-187,-1,1,187,-30,-1,1,30)","(100,100,100)","(-374,-1,1,374,-187,-1,1,187,-30,-1,1,30)","93000037","35011008"
"43060111","(8,7,10)","(560,280,50,1350,680,110,3380,1690,280,8780,4390,730,23850,11930,1990,67500,33750,5630,198000,99000,16500,603000,301500,50250)","2000","20","31020001","1","(0,70,70,70)","(0,80,80,80)","(50,50,50)","(-374,-1,1,374,-187,-1,1,187,-30,-1,1,30)","(100,100,100)","(-374,-1,1,374,-187,-1,1,187,-30,-1,1,30)","93000037","35011008"
"43060112","(8,7,10)","(560,280,50,1350,680,110,3380,1690,280,8780,4390,730,23850,11930,1990,67500,33750,5630,198000,99000,16500,603000,301500,50250,1908000,954000,159000)","2000","20","31020001","1","(0,70,70,70)","(0,80,80,80)","(50,50,50)","(-374,-1,1,374,-187,-1,1,187,-30,-1,1,30)","(100,100,100)","(-374,-1,1,374,-187,-1,1,187,-30,-1,1,30)","93000037","35011008"
"43060113","(8,7,10)","(560,280,50,1350,680,110,3380,1690,280,8780,4390,730,23850,11930,1990,67500,33750,5630,198000,99000,16500,603000,301500,50250,1908000,954000,159000)","2000","20","31020001","1","(0,70,70,70)","(0,80,80,80)","(50,50,50)","(-374,-1,1,374,-187,-1,1,187,-30,-1,1,30)","(100,100,100)","(-374,-1,1,374,-187,-1,1,187,-30,-1,1,30)","93000037","35011008"
"43060114","(8,7,10)","(560,280,50,1350,680,110,3380,1690,280,8780,4390,730,23850,11930,1990,67500,33750,5630,198000,99000,16500,603000,301500,50250,1908000,954000,159000)","2000","20","31020001","1","(0,70,70,70)","(0,80,80,80)","(50,50,50)","(-374,-1,1,374,-187,-1,1,187,-30,-1,1,30)","(100,100,100)","(-374,-1,1,374,-187,-1,1,187,-30,-1,1,30)","93000037","35011008"
"43060115","(8,7,10)","(0,0,0)","2000","20","31020001","1","(0,70,70,70)","(0,80,80,80)","(50,50,50)","(-374,-1,1,374,-187,-1,1,187,-30,-1,1,30)","(100,100,100)","(-374,-1,1,374,-187,-1,1,187,-30,-1,1,30)","93000037","35011008"
"43060116","(8,7,10)","(560,280,50,1350,680,110,3380,1690,280,8780,4390,730,23850,11930,1990,67500,33750,5630,198000,99000,16500,603000,301500,50250)","2000","20","31020001","1","(0,70,70,70)","(0,80,80,80)","(50,50,50)","(-374,-1,1,374,-187,-1,1,187,-30,-1,1,30)","(100,100,100)","(-374,-1,1,374,-187,-1,1,187,-30,-1,1,30)","93000037","35011008"
"43060117","(8,7,10)","(560,280,50,1350,680,110,3380,1690,280,8780,4390,730,23850,11930,1990,67500,33750,5630,198000,99000,16500,603000,301500,50250,1908000,954000,159000)","2000","20","31020001","1","(0,70,70,70)","(0,80,80,80)","(50,50,50)","(-374,-1,1,374,-187,-1,1,187,-30,-1,1,30)","(100,100,100)","(-374,-1,1,374,-187,-1,1,187,-30,-1,1,30)","93000037","35011008"
"43060118","(8,7,10)","(560,280,50,1350,680,110,3380,1690,280,8780,4390,730,23850,11930,1990,67500,33750,5630,198000,99000,16500,603000,301500,50250,1908000,954000,159000)","2000","20","31020001","1","(0,70,70,70)","(0,80,80,80)","(50,50,50)","(-374,-1,1,374,-187,-1,1,187,-30,-1,1,30)","(100,100,100)","(-374,-1,1,374,-187,-1,1,187,-30,-1,1,30)","93000037","35011008"
"43060119","(8,7,10)","(560,280,50,1350,680,110,3380,1690,280,8780,4390,730,23850,11930,1990,67500,33750,5630,198000,99000,16500,603000,301500,50250,1908000,954000,159000)","2000","20","31020001","1","(0,70,70,70)","(0,80,80,80)","(50,50,50)","(-374,-1,1,374,-187,-1,1,187,-30,-1,1,30)","(100,100,100)","(-374,-1,1,374,-187,-1,1,187,-30,-1,1,30)","93000037","35011008"
"43060120","(8,7,10)","(560,280,50,1350,680,110,3380,1690,280,8780,4390,730,23850,11930,1990,67500,33750,5630,198000,99000,16500,603000,301500,50250,1908000,954000,159000)","2000","20","31020001","1","(0,70,70,70)","(0,80,80,80)","(50,50,50)","(-374,-1,1,374,-187,-1,1,187,-30,-1,1,30)","(100,100,100)","(-374,-1,1,374,-187,-1,1,187,-30,-1,1,30)","93000037","35011008"
"43060121","(8,7,10)","(0,0,0)","2000","20","31020001","1","(0,70,70,70)","(0,80,80,80)","(50,50,50)","(-374,-1,1,374,-187,-1,1,187,-30,-1,1,30)","(100,100,100)","(-374,-1,1,374,-187,-1,1,187,-30,-1,1,30)","93000037","35011008"
"43060122","(8,7,10)","(560,280,50)","2000","20","31020001","1","(0,70,70,70)","(0,80,80,80)","(50,50,50)","(-374,-1,1,374,-187,-1,1,187,-30,-1,1,30)","(100,100,100)","(-374,-1,1,374,-187,-1,1,187,-30,-1,1,30)","93000037","35011008"
"43060123","(8,7,10)","(560,280,50)","2000","20","31020001","1","(0,70,70,70)","(0,80,80,80)","(50,50,50)","(-374,-1,1,374,-187,-1,1,187,-30,-1,1,30)","(100,100,100)","(-374,-1,1,374,-187,-1,1,187,-30,-1,1,30)","93000037","35011008"
"43060124","(8,7,10)","(560,280,50)","2000","20","31020001","1","(0,70,70,70)","(0,80,80,80)","(50,50,50)","(-374,-1,1,374,-187,-1,1,187,-30,-1,1,30)","(100,100,100)","(-374,-1,1,374,-187,-1,1,187,-30,-1,1,30)","93000037","35011008"
"43060125","(8,7,10)","(560,280,50,1350,680,110,3380,1690,280)","2000","20","31020001","1","(0,70,70,70)","(0,80,80,80)","(50,50,50)","(-374,-1,1,374,-187,-1,1,187,-30,-1,1,30)","(100,100,100)","(-374,-1,1,374,-187,-1,1,187,-30,-1,1,30)","93000037","35011008"
"43060126","(8,7,10)","(560,280,50,1350,680,110,3380,1690,280,8780,4390,730,23850,11930,1990)","2000","20","31020001","1","(0,70,70,70)","(0,80,80,80)","(50,50,50)","(-374,-1,1,374,-187,-1,1,187,-30,-1,1,30)","(100,100,100)","(-374,-1,1,374,-187,-1,1,187,-30,-1,1,30)","93000037","35011008"
"43060127","(8,7,10)","(0,0,0)","2000","20","31020001","1","(0,70,70,70)","(0,80,80,80)","(50,50,50)","(-374,-1,1,374,-187,-1,1,187,-30,-1,1,30)","(100,100,100)","(-374,-1,1,374,-187,-1,1,187,-30,-1,1,30)","93000037","35011008"
"43060128","(8,7,10)","(560,280,50)","2000","20","31020001","1","(0,70,70,70)","(0,80,80,80)","(50,50,50)","(-374,-1,1,374,-187,-1,1,187,-30,-1,1,30)","(100,100,100)","(-374,-1,1,374,-187,-1,1,187,-30,-1,1,30)","93000037","35011008"
"43060129","(8,7,10)","(560,280,50)","2000","20","31020001","1","(0,70,70,70)","(0,80,80,80)","(50,50,50)","(-374,-1,1,374,-187,-1,1,187,-30,-1,1,30)","(100,100,100)","(-374,-1,1,374,-187,-1,1,187,-30,-1,1,30)","93000037","35011008"
"43060130","(8,7,10)","(560,280,50,1350,680,110)","2000","20","31020001","1","(0,70,70,70)","(0,80,80,80)","(50,50,50)","(-374,-1,1,374,-187,-1,1,187,-30,-1,1,30)","(100,100,100)","(-374,-1,1,374,-187,-1,1,187,-30,-1,1,30)","93000037","35011008"
"43060131","(8,7,10)","(560,280,50,1350,680,110,3380,1690,280,8780,4390,730)","2000","20","31020001","1","(0,70,70,70)","(0,80,80,80)","(50,50,50)","(-374,-1,1,374,-187,-1,1,187,-30,-1,1,30)","(100,100,100)","(-374,-1,1,374,-187,-1,1,187,-30,-1,1,30)","93000037","35011008"
"43060132","(8,7,10)","(560,280,50,1350,680,110,3380,1690,280,8780,4390,730,23850,11930,1990,67500,33750,5630)","2000","20","31020001","1","(0,70,70,70)","(0,80,80,80)","(50,50,50)","(-374,-1,1,374,-187,-1,1,187,-30,-1,1,30)","(100,100,100)","(-374,-1,1,374,-187,-1,1,187,-30,-1,1,30)","93000037","35011008"
"43060133","(8,7,10)","(0,0,0)","2000","20","31020001","1","(0,70,70,70)","(0,80,80,80)","(50,50,50)","(-374,-1,1,374,-187,-1,1,187,-30,-1,1,30)","(100,100,100)","(-374,-1,1,374,-187,-1,1,187,-30,-1,1,30)","93000037","35011008"
"43060134","(8,7,10)","(560,280,50)","2000","20","31020001","1","(0,70,70,70)","(0,80,80,80)","(50,50,50)","(-374,-1,1,374,-187,-1,1,187,-30,-1,1,30)","(100,100,100)","(-374,-1,1,374,-187,-1,1,187,-30,-1,1,30)","93000037","35011008"
"43060135","(8,7,10)","(560,280,50,1350,680,110)","2000","20","31020001","1","(0,70,70,70)","(0,80,80,80)","(50,50,50)","(-374,-1,1,374,-187,-1,1,187,-30,-1,1,30)","(100,100,100)","(-374,-1,1,374,-187,-1,1,187,-30,-1,1,30)","93000037","35011008"
"43060136","(8,7,10)","(560,280,50,1350,680,110,3380,1690,280)","2000","20","31020001","1","(0,70,70,70)","(0,80,80,80)","(50,50,50)","(-374,-1,1,374,-187,-1,1,187,-30,-1,1,30)","(100,100,100)","(-374,-1,1,374,-187,-1,1,187,-30,-1,1,30)","93000037","35011008"
"43060137","(8,7,10)","(560,280,50,1350,680,110,3380,1690,280,8780,4390,730,23850,11930,1990)","2000","20","31020001","1","(0,70,70,70)","(0,80,80,80)","(50,50,50)","(-374,-1,1,374,-187,-1,1,187,-30,-1,1,30)","(100,100,100)","(-374,-1,1,374,-187,-1,1,187,-30,-1,1,30)","93000037","35011008"
"43060138","(8,7,10)","(560,280,50,1350,680,110,3380,1690,280,8780,4390,730,23850,11930,1990,67500,33750,5630,198000,99000,16500)","2000","20","31020001","1","(0,70,70,70)","(0,80,80,80)","(50,50,50)","(-374,-1,1,374,-187,-1,1,187,-30,-1,1,30)","(100,100,100)","(-374,-1,1,374,-187,-1,1,187,-30,-1,1,30)","93000037","35011008"
"43060139","(8,7,10)","(0,0,0)","2000","20","31020001","1","(0,70,70,70)","(0,80,80,80)","(50,50,50)","(-374,-1,1,374,-187,-1,1,187,-30,-1,1,30)","(100,100,100)","(-374,-1,1,374,-187,-1,1,187,-30,-1,1,30)","93000037","35011008"
"43060140","(8,7,10)","(560,280,50,1350,680,110)","2000","20","31020001","1","(0,70,70,70)","(0,80,80,80)","(50,50,50)","(-374,-1,1,374,-187,-1,1,187,-30,-1,1,30)","(100,100,100)","(-374,-1,1,374,-187,-1,1,187,-30,-1,1,30)","93000037","35011008"
"43060141","(8,7,10)","(560,280,50,1350,680,110,3380,1690,280)","2000","20","31020001","1","(0,70,70,70)","(0,80,80,80)","(50,50,50)","(-374,-1,1,374,-187,-1,1,187,-30,-1,1,30)","(100,100,100)","(-374,-1,1,374,-187,-1,1,187,-30,-1,1,30)","93000037","35011008"
"43060142","(8,7,10)","(560,280,50,1350,680,110,3380,1690,280,8780,4390,730)","2000","20","31020001","1","(0,70,70,70)","(0,80,80,80)","(50,50,50)","(-374,-1,1,374,-187,-1,1,187,-30,-1,1,30)","(100,100,100)","(-374,-1,1,374,-187,-1,1,187,-30,-1,1,30)","93000037","35011008"
"43060143","(8,7,10)","(560,280,50,1350,680,110,3380,1690,280,8780,4390,730,23850,11930,1990,67500,33750,5630)","2000","20","31020001","1","(0,70,70,70)","(0,80,80,80)","(50,50,50)","(-374,-1,1,374,-187,-1,1,187,-30,-1,1,30)","(100,100,100)","(-374,-1,1,374,-187,-1,1,187,-30,-1,1,30)","93000037","35011008"
"43060144","(8,7,10)","(560,280,50,1350,680,110,3380,1690,280,8780,4390,730,23850,11930,1990,67500,33750,5630,198000,99000,16500)","2000","20","31020001","1","(0,70,70,70)","(0,80,80,80)","(50,50,50)","(-374,-1,1,374,-187,-1,1,187,-30,-1,1,30)","(100,100,100)","(-374,-1,1,374,-187,-1,1,187,-30,-1,1,30)","93000037","35011008"
"43060145","(8,7,10)","(0,0,0)","2000","20","31020001","1","(0,70,70,70)","(0,80,80,80)","(50,50,50)","(-374,-1,1,374,-187,-1,1,187,-30,-1,1,30)","(100,100,100)","(-374,-1,1,374,-187,-1,1,187,-30,-1,1,30)","93000037","35011008"
"43060146","(8,7,10)","(560,280,50,1350,680,110,3380,1690,280","2000","20","31020001","1","(0,70,70,70)","(0,80,80,80)","(50,50,50)","(-374,-1,1,374,-187,-1,1,187,-30,-1,1,30)","(100,100,100)","(-374,-1,1,374,-187,-1,1,187,-30,-1,1,30)","93000037","35011008"
"43060147","(8,7,10)","(560,280,50,1350,680,110,3380,1690,280,8780,4390,730)","2000","20","31020001","1","(0,70,70,70)","(0,80,80,80)","(50,50,50)","(-374,-1,1,374,-187,-1,1,187,-30,-1,1,30)","(100,100,100)","(-374,-1,1,374,-187,-1,1,187,-30,-1,1,30)","93000037","35011008"
"43060148","(8,7,10)","(560,280,50,1350,680,110,3380,1690,280,8780,4390,730,23850,11930,1990)","2000","20","31020001","1","(0,70,70,70)","(0,80,80,80)","(50,50,50)","(-374,-1,1,374,-187,-1,1,187,-30,-1,1,30)","(100,100,100)","(-374,-1,1,374,-187,-1,1,187,-30,-1,1,30)","93000037","35011008"
"43060149","(8,7,10)","(560,280,50,1350,680,110,3380,1690,280,8780,4390,730,23850,11930,1990,67500,33750,5630,198000,99000,16500)","2000","20","31020001","1","(0,70,70,70)","(0,80,80,80)","(50,50,50)","(-374,-1,1,374,-187,-1,1,187,-30,-1,1,30)","(100,100,100)","(-374,-1,1,374,-187,-1,1,187,-30,-1,1,30)","93000037","35011008"
"43060150","(8,7,10)","(560,280,50,1350,680,110,3380,1690,280,8780,4390,730,23850,11930,1990,67500,33750,5630,198000,99000,16500)","2000","20","31020001","1","(0,70,70,70)","(0,80,80,80)","(50,50,50)","(-374,-1,1,374,-187,-1,1,187,-30,-1,1,30)","(100,100,100)","(-374,-1,1,374,-187,-1,1,187,-30,-1,1,30)","93000037","35011008"
"43060151","(8,7,10)","(0,0,0)","2000","20","31020001","1","(0,70,70,70)","(0,80,80,80)","(50,50,50)","(-374,-1,1,374,-187,-1,1,187,-30,-1,1,30)","(100,100,100)","(-374,-1,1,374,-187,-1,1,187,-30,-1,1,30)","93000037","35011008"
"43060152","(8,7,10)","(560,280,50,1350,680,110,3380,1690,280,8780,4390,730)","2000","20","31020001","1","(0,70,70,70)","(0,80,80,80)","(50,50,50)","(-374,-1,1,374,-187,-1,1,187,-30,-1,1,30)","(100,100,100)","(-374,-1,1,374,-187,-1,1,187,-30,-1,1,30)","93000037","35011008"
"43060153","(8,7,10)","(560,280,50,1350,680,110,3380,1690,280,8780,4390,730,23850,11930,1990)","2000","20","31020001","1","(0,70,70,70)","(0,80,80,80)","(50,50,50)","(-374,-1,1,374,-187,-1,1,187,-30,-1,1,30)","(100,100,100)","(-374,-1,1,374,-187,-1,1,187,-30,-1,1,30)","93000037","35011008"
"43060154","(8,7,10)","(560,280,50,1350,680,110,3380,1690,280,8780,4390,730,23850,11930,1990,67500,33750,5630)","2000","20","31020001","1","(0,70,70,70)","(0,80,80,80)","(50,50,50)","(-374,-1,1,374,-187,-1,1,187,-30,-1,1,30)","(100,100,100)","(-374,-1,1,374,-187,-1,1,187,-30,-1,1,30)","93000037","35011008"
"43060155","(8,7,10)","(560,280,50,1350,680,110,3380,1690,280,8780,4390,730,23850,11930,1990,67500,33750,5630,198000,99000,16500)","2000","20","31020001","1","(0,70,70,70)","(0,80,80,80)","(50,50,50)","(-374,-1,1,374,-187,-1,1,187,-30,-1,1,30)","(100,100,100)","(-374,-1,1,374,-187,-1,1,187,-30,-1,1,30)","93000037","35011008"
"43060156","(8,7,10)","(560,280,50,1350,680,110,3380,1690,280,8780,4390,730,23850,11930,1990,67500,33750,5630,198000,99000,16500,603000,301500,50250)","2000","20","31020001","1","(0,70,70,70)","(0,80,80,80)","(50,50,50)","(-374,-1,1,374,-187,-1,1,187,-30,-1,1,30)","(100,100,100)","(-374,-1,1,374,-187,-1,1,187,-30,-1,1,30)","93000037","35011008"
"43060157","(8,7,10)","(0,0,0)","2000","20","31020001","1","(0,70,70,70)","(0,80,80,80)","(50,50,50)","(-374,-1,1,374,-187,-1,1,187,-30,-1,1,30)","(100,100,100)","(-374,-1,1,374,-187,-1,1,187,-30,-1,1,30)","93000037","35011008"
"43060158","(8,7,10)","(560,280,50,1350,680,110,3380,1690,280,8780,4390,730,23850,11930,1990)","2000","20","31020001","1","(0,70,70,70)","(0,80,80,80)","(50,50,50)","(-374,-1,1,374,-187,-1,1,187,-30,-1,1,30)","(100,100,100)","(-374,-1,1,374,-187,-1,1,187,-30,-1,1,30)","93000037","35011008"
"43060159","(8,7,10)","(560,280,50,1350,680,110,3380,1690,280,8780,4390,730,23850,11930,1990,67500,33750,5630)","2000","20","31020001","1","(0,70,70,70)","(0,80,80,80)","(50,50,50)","(-374,-1,1,374,-187,-1,1,187,-30,-1,1,30)","(100,100,100)","(-374,-1,1,374,-187,-1,1,187,-30,-1,1,30)","93000037","35011008"
"43060160","(8,7,10)","(560,280,50,1350,680,110,3380,1690,280,8780,4390,730,23850,11930,1990,67500,33750,5630,198000,99000,16500)","2000","20","31020001","1","(0,70,70,70)","(0,80,80,80)","(50,50,50)","(-374,-1,1,374,-187,-1,1,187,-30,-1,1,30)","(100,100,100)","(-374,-1,1,374,-187,-1,1,187,-30,-1,1,30)","93000037","35011008"
"43060161","(8,7,10)","(560,280,50,1350,680,110,3380,1690,280,8780,4390,730,23850,11930,1990,67500,33750,5630,198000,99000,16500,603000,301500,50250)","2000","20","31020001","1","(0,70,70,70)","(0,80,80,80)","(50,50,50)","(-374,-1,1,374,-187,-1,1,187,-30,-1,1,30)","(100,100,100)","(-374,-1,1,374,-187,-1,1,187,-30,-1,1,30)","93000037","35011008"
"43060162","(8,7,10)","(560,280,50,1350,680,110,3380,1690,280,8780,4390,730,23850,11930,1990,67500,33750,5630,198000,99000,16500,603000,301500,50250,1908000,954000,159000)","2000","20","31020001","1","(0,70,70,70)","(0,80,80,80)","(50,50,50)","(-374,-1,1,374,-187,-1,1,187,-30,-1,1,30)","(100,100,100)","(-374,-1,1,374,-187,-1,1,187,-30,-1,1,30)","93000037","35011008"
"43060163","(8,7,10)","(0,0,0)","2000","20","31020001","1","(0,70,70,70)","(0,80,80,80)","(50,50,50)","(-374,-1,1,374,-187,-1,1,187,-30,-1,1,30)","(100,100,100)","(-374,-1,1,374,-187,-1,1,187,-30,-1,1,30)","93000037","35011008"
"43060164","(8,7,10)","(560,280,50,1350,680,110,3380,1690,280,8780,4390,730,23850,11930,1990,67500,33750,5630)","2000","20","31020001","1","(0,70,70,70)","(0,80,80,80)","(50,50,50)","(-374,-1,1,374,-187,-1,1,187,-30,-1,1,30)","(100,100,100)","(-374,-1,1,374,-187,-1,1,187,-30,-1,1,30)","93000037","35011008"
"43060165","(8,7,10)","(560,280,50,1350,680,110,3380,1690,280,8780,4390,730,23850,11930,1990,67500,33750,5630,198000,99000,16500)","2000","20","31020001","1","(0,70,70,70)","(0,80,80,80)","(50,50,50)","(-374,-1,1,374,-187,-1,1,187,-30,-1,1,30)","(100,100,100)","(-374,-1,1,374,-187,-1,1,187,-30,-1,1,30)","93000037","35011008"
"43060166","(8,7,10)","(560,280,50,1350,680,110,3380,1690,280,8780,4390,730,23850,11930,1990,67500,33750,5630,198000,99000,16500,603000,301500,50250)","2000","20","31020001","1","(0,70,70,70)","(0,80,80,80)","(50,50,50)","(-374,-1,1,374,-187,-1,1,187,-30,-1,1,30)","(100,100,100)","(-374,-1,1,374,-187,-1,1,187,-30,-1,1,30)","93000037","35011008"
"43060167","(8,7,10)","(560,280,50,1350,680,110,3380,1690,280,8780,4390,730,23850,11930,1990,67500,33750,5630,198000,99000,16500,603000,301500,50250,1908000,954000,159000)","2000","20","31020001","1","(0,70,70,70)","(0,80,80,80)","(50,50,50)","(-374,-1,1,374,-187,-1,1,187,-30,-1,1,30)","(100,100,100)","(-374,-1,1,374,-187,-1,1,187,-30,-1,1,30)","93000037","35011008"
"43060168","(8,7,10)","(560,280,50,1350,680,110,3380,1690,280,8780,4390,730,23850,11930,1990,67500,33750,5630,198000,99000,16500,603000,301500,50250,1908000,954000,159000)","2000","20","31020001","1","(0,70,70,70)","(0,80,80,80)","(50,50,50)","(-374,-1,1,374,-187,-1,1,187,-30,-1,1,30)","(100,100,100)","(-374,-1,1,374,-187,-1,1,187,-30,-1,1,30)","93000037","35011008"
"43060169","(8,7,10)","(0,0,0)","2000","20","31020001","1","(0,70,70,70)","(0,80,80,80)","(50,50,50)","(-374,-1,1,374,-187,-1,1,187,-30,-1,1,30)","(100,100,100)","(-374,-1,1,374,-187,-1,1,187,-30,-1,1,30)","93000037","35011008"
"43060170","(8,7,10)","(560,280,50,1350,680,110,3380,1690,280,8780,4390,730,23850,11930,1990,67500,33750,5630,198000,99000,16500)","2000","20","31020001","1","(0,70,70,70)","(0,80,80,80)","(50,50,50)","(-374,-1,1,374,-187,-1,1,187,-30,-1,1,30)","(100,100,100)","(-374,-1,1,374,-187,-1,1,187,-30,-1,1,30)","93000037","35011008"
"43060171","(8,7,10)","(560,280,50,1350,680,110,3380,1690,280,8780,4390,730,23850,11930,1990,67500,33750,5630,198000,99000,16500,603000,301500,50250)","2000","20","31020001","1","(0,70,70,70)","(0,80,80,80)","(50,50,50)","(-374,-1,1,374,-187,-1,1,187,-30,-1,1,30)","(100,100,100)","(-374,-1,1,374,-187,-1,1,187,-30,-1,1,30)","93000037","35011008"
"43060172","(8,7,10)","(560,280,50,1350,680,110,3380,1690,280,8780,4390,730,23850,11930,1990,67500,33750,5630,198000,99000,16500,603000,301500,50250,1908000,954000,159000)","2000","20","31020001","1","(0,70,70,70)","(0,80,80,80)","(50,50,50)","(-374,-1,1,374,-187,-1,1,187,-30,-1,1,30)","(100,100,100)","(-374,-1,1,374,-187,-1,1,187,-30,-1,1,30)","93000037","35011008"
"43060173","(8,7,10)","(560,280,50,1350,680,110,3380,1690,280,8780,4390,730,23850,11930,1990,67500,33750,5630,198000,99000,16500,603000,301500,50250,1908000,954000,159000)","2000","20","31020001","1","(0,70,70,70)","(0,80,80,80)","(50,50,50)","(-374,-1,1,374,-187,-1,1,187,-30,-1,1,30)","(100,100,100)","(-374,-1,1,374,-187,-1,1,187,-30,-1,1,30)","93000037","35011008"
"43060174","(8,7,10)","(560,280,50,1350,680,110,3380,1690,280,8780,4390,730,23850,11930,1990,67500,33750,5630,198000,99000,16500,603000,301500,50250,1908000,954000,159000)","2000","20","31020001","1","(0,70,70,70)","(0,80,80,80)","(50,50,50)","(-374,-1,1,374,-187,-1,1,187,-30,-1,1,30)","(100,100,100)","(-374,-1,1,374,-187,-1,1,187,-30,-1,1,30)","93000037","35011008"
"43060175","(8,7,10)","(0,0,0)","2000","20","31020001","1","(0,70,70,70)","(0,80,80,80)","(50,50,50)","(-374,-1,1,374,-187,-1,1,187,-30,-1,1,30)","(100,100,100)","(-374,-1,1,374,-187,-1,1,187,-30,-1,1,30)","93000037","35011008"
"43060176","(8,7,10)","(560,280,50,1350,680,110,3380,1690,280,8780,4390,730,23850,11930,1990,67500,33750,5630,198000,99000,16500,603000,301500,50250)","2000","20","31020001","1","(0,70,70,70)","(0,80,80,80)","(50,50,50)","(-374,-1,1,374,-187,-1,1,187,-30,-1,1,30)","(100,100,100)","(-374,-1,1,374,-187,-1,1,187,-30,-1,1,30)","93000037","35011008"
"43060177","(8,7,10)","(560,280,50,1350,680,110,3380,1690,280,8780,4390,730,23850,11930,1990,67500,33750,5630,198000,99000,16500,603000,301500,50250,1908000,954000,159000)","2000","20","31020001","1","(0,70,70,70)","(0,80,80,80)","(50,50,50)","(-374,-1,1,374,-187,-1,1,187,-30,-1,1,30)","(100,100,100)","(-374,-1,1,374,-187,-1,1,187,-30,-1,1,30)","93000037","35011008"
"43060178","(8,7,10)","(560,280,50,1350,680,110,3380,1690,280,8780,4390,730,23850,11930,1990,67500,33750,5630,198000,99000,16500,603000,301500,50250,1908000,954000,159000)","2000","20","31020001","1","(0,70,70,70)","(0,80,80,80)","(50,50,50)","(-374,-1,1,374,-187,-1,1,187,-30,-1,1,30)","(100,100,100)","(-374,-1,1,374,-187,-1,1,187,-30,-1,1,30)","93000037","35011008"
"43060179","(8,7,10)","(560,280,50,1350,680,110,3380,1690,280,8780,4390,730,23850,11930,1990,67500,33750,5630,198000,99000,16500,603000,301500,50250,1908000,954000,159000)","2000","20","31020001","1","(0,70,70,70)","(0,80,80,80)","(50,50,50)","(-374,-1,1,374,-187,-1,1,187,-30,-1,1,30)","(100,100,100)","(-374,-1,1,374,-187,-1,1,187,-30,-1,1,30)","93000037","35011008"
"43060180","(8,7,10)","(560,280,50,1350,680,110,3380,1690,280,8780,4390,730,23850,11930,1990,67500,33750,5630,198000,99000,16500,603000,301500,50250,1908000,954000,159000)","2000","20","31020001","1","(0,70,70,70)","(0,80,80,80)","(50,50,50)","(-374,-1,1,374,-187,-1,1,187,-30,-1,1,30)","(100,100,100)","(-374,-1,1,374,-187,-1,1,187,-30,-1,1,30)","93000037","35011008"
"43060181","(8,7,10)","(0,0,0)","2000","20","31020001","1","(0,70,70,70)","(0,80,80,80)","(50,50,50)","(-374,-1,1,374,-187,-1,1,187,-30,-1,1,30)","(100,100,100)","(-374,-1,1,374,-187,-1,1,187,-30,-1,1,30)","93000037","35011008"
"43060182","(8,7,10)","(560,280,50)","2000","20","31020001","1","(0,70,70,70)","(0,80,80,80)","(50,50,50)","(-374,-1,1,374,-187,-1,1,187,-30,-1,1,30)","(100,100,100)","(-374,-1,1,374,-187,-1,1,187,-30,-1,1,30)","93000037","35011008"
"43060183","(8,7,10)","(560,280,50)","2000","20","31020001","1","(0,70,70,70)","(0,80,80,80)","(50,50,50)","(-374,-1,1,374,-187,-1,1,187,-30,-1,1,30)","(100,100,100)","(-374,-1,1,374,-187,-1,1,187,-30,-1,1,30)","93000037","35011008"
"43060184","(8,7,10)","(560,280,50)","2000","20","31020001","1","(0,70,70,70)","(0,80,80,80)","(50,50,50)","(-374,-1,1,374,-187,-1,1,187,-30,-1,1,30)","(100,100,100)","(-374,-1,1,374,-187,-1,1,187,-30,-1,1,30)","93000037","35011008"
"43060185","(8,7,10)","(560,280,50,1350,680,110,3380,1690,280)","2000","20","31020001","1","(0,70,70,70)","(0,80,80,80)","(50,50,50)","(-374,-1,1,374,-187,-1,1,187,-30,-1,1,30)","(100,100,100)","(-374,-1,1,374,-187,-1,1,187,-30,-1,1,30)","93000037","35011008"
"43060186","(8,7,10)","(560,280,50,1350,680,110,3380,1690,280,8780,4390,730,23850,11930,1990)","2000","20","31020001","1","(0,70,70,70)","(0,80,80,80)","(50,50,50)","(-374,-1,1,374,-187,-1,1,187,-30,-1,1,30)","(100,100,100)","(-374,-1,1,374,-187,-1,1,187,-30,-1,1,30)","93000037","35011008"
"43060187","(8,7,10)","(0,0,0)","2000","20","31020001","1","(0,70,70,70)","(0,80,80,80)","(50,50,50)","(-374,-1,1,374,-187,-1,1,187,-30,-1,1,30)","(100,100,100)","(-374,-1,1,374,-187,-1,1,187,-30,-1,1,30)","93000037","35011008"
"43060188","(8,7,10)","(560,280,50)","2000","20","31020001","1","(0,70,70,70)","(0,80,80,80)","(50,50,50)","(-374,-1,1,374,-187,-1,1,187,-30,-1,1,30)","(100,100,100)","(-374,-1,1,374,-187,-1,1,187,-30,-1,1,30)","93000037","35011008"
"43060189","(8,7,10)","(560,280,50)","2000","20","31020001","1","(0,70,70,70)","(0,80,80,80)","(50,50,50)","(-374,-1,1,374,-187,-1,1,187,-30,-1,1,30)","(100,100,100)","(-374,-1,1,374,-187,-1,1,187,-30,-1,1,30)","93000037","35011008"
"43060190","(8,7,10)","(560,280,50,1350,680,110)","2000","20","31020001","1","(0,70,70,70)","(0,80,80,80)","(50,50,50)","(-374,-1,1,374,-187,-1,1,187,-30,-1,1,30)","(100,100,100)","(-374,-1,1,374,-187,-1,1,187,-30,-1,1,30)","93000037","35011008"
"43060191","(8,7,10)","(560,280,50,1350,680,110,3380,1690,280,8780,4390,730)","2000","20","31020001","1","(0,70,70,70)","(0,80,80,80)","(50,50,50)","(-374,-1,1,374,-187,-1,1,187,-30,-1,1,30)","(100,100,100)","(-374,-1,1,374,-187,-1,1,187,-30,-1,1,30)","93000037","35011008"
"43060192","(8,7,10)","(560,280,50,1350,680,110,3380,1690,280,8780,4390,730,23850,11930,1990,67500,33750,5630)","2000","20","31020001","1","(0,70,70,70)","(0,80,80,80)","(50,50,50)","(-374,-1,1,374,-187,-1,1,187,-30,-1,1,30)","(100,100,100)","(-374,-1,1,374,-187,-1,1,187,-30,-1,1,30)","93000037","35011008"
"43060193","(8,7,10)","(0,0,0)","2000","20","31020001","1","(0,70,70,70)","(0,80,80,80)","(50,50,50)","(-374,-1,1,374,-187,-1,1,187,-30,-1,1,30)","(100,100,100)","(-374,-1,1,374,-187,-1,1,187,-30,-1,1,30)","93000037","35011008"
"43060194","(8,7,10)","(560,280,50)","2000","20","31020001","1","(0,70,70,70)","(0,80,80,80)","(50,50,50)","(-374,-1,1,374,-187,-1,1,187,-30,-1,1,30)","(100,100,100)","(-374,-1,1,374,-187,-1,1,187,-30,-1,1,30)","93000037","35011008"
"43060195","(8,7,10)","(560,280,50,1350,680,110)","2000","20","31020001","1","(0,70,70,70)","(0,80,80,80)","(50,50,50)","(-374,-1,1,374,-187,-1,1,187,-30,-1,1,30)","(100,100,100)","(-374,-1,1,374,-187,-1,1,187,-30,-1,1,30)","93000037","35011008"
"43060196","(8,7,10)","(560,280,50,1350,680,110,3380,1690,280)","2000","20","31020001","1","(0,70,70,70)","(0,80,80,80)","(50,50,50)","(-374,-1,1,374,-187,-1,1,187,-30,-1,1,30)","(100,100,100)","(-374,-1,1,374,-187,-1,1,187,-30,-1,1,30)","93000037","35011008"
"43060197","(8,7,10)","(560,280,50,1350,680,110,3380,1690,280,8780,4390,730,23850,11930,1990)","2000","20","31020001","1","(0,70,70,70)","(0,80,80,80)","(50,50,50)","(-374,-1,1,374,-187,-1,1,187,-30,-1,1,30)","(100,100,100)","(-374,-1,1,374,-187,-1,1,187,-30,-1,1,30)","93000037","35011008"
"43060198","(8,7,10)","(560,280,50,1350,680,110,3380,1690,280,8780,4390,730,23850,11930,1990,67500,33750,5630,198000,99000,16500)","2000","20","31020001","1","(0,70,70,70)","(0,80,80,80)","(50,50,50)","(-374,-1,1,374,-187,-1,1,187,-30,-1,1,30)","(100,100,100)","(-374,-1,1,374,-187,-1,1,187,-30,-1,1,30)","93000037","35011008"
"43060199","(8,7,10)","(0,0,0)","2000","20","31020001","1","(0,70,70,70)","(0,80,80,80)","(50,50,50)","(-374,-1,1,374,-187,-1,1,187,-30,-1,1,30)","(100,100,100)","(-374,-1,1,374,-187,-1,1,187,-30,-1,1,30)","93000037","35011008"
"43060200","(8,7,10)","(560,280,50,1350,680,110)","2000","20","31020001","1","(0,70,70,70)","(0,80,80,80)","(50,50,50)","(-374,-1,1,374,-187,-1,1,187,-30,-1,1,30)","(100,100,100)","(-374,-1,1,374,-187,-1,1,187,-30,-1,1,30)","93000037","35011008"
"43060201","(8,7,10)","(560,280,50,1350,680,110,3380,1690,280)","2000","20","31020001","1","(0,70,70,70)","(0,80,80,80)","(50,50,50)","(-374,-1,1,374,-187,-1,1,187,-30,-1,1,30)","(100,100,100)","(-374,-1,1,374,-187,-1,1,187,-30,-1,1,30)","93000037","35011008"
"43060202","(8,7,10)","(560,280,50,1350,680,110,3380,1690,280,8780,4390,730)","2000","20","31020001","1","(0,70,70,70)","(0,80,80,80)","(50,50,50)","(-374,-1,1,374,-187,-1,1,187,-30,-1,1,30)","(100,100,100)","(-374,-1,1,374,-187,-1,1,187,-30,-1,1,30)","93000037","35011008"
"43060203","(8,7,10)","(560,280,50,1350,680,110,3380,1690,280,8780,4390,730,23850,11930,1990,67500,33750,5630)","2000","20","31020001","1","(0,70,70,70)","(0,80,80,80)","(50,50,50)","(-374,-1,1,374,-187,-1,1,187,-30,-1,1,30)","(100,100,100)","(-374,-1,1,374,-187,-1,1,187,-30,-1,1,30)","93000037","35011008"
"43060204","(8,7,10)","(560,280,50,1350,680,110,3380,1690,280,8780,4390,730,23850,11930,1990,67500,33750,5630,198000,99000,16500)","2000","20","31020001","1","(0,70,70,70)","(0,80,80,80)","(50,50,50)","(-374,-1,1,374,-187,-1,1,187,-30,-1,1,30)","(100,100,100)","(-374,-1,1,374,-187,-1,1,187,-30,-1,1,30)","93000037","35011008"
"43060205","(8,7,10)","(0,0,0)","2000","20","31020001","1","(0,70,70,70)","(0,80,80,80)","(50,50,50)","(-374,-1,1,374,-187,-1,1,187,-30,-1,1,30)","(100,100,100)","(-374,-1,1,374,-187,-1,1,187,-30,-1,1,30)","93000037","35011008"
"43060206","(8,7,10)","(560,280,50,1350,680,110,3380,1690,280","2000","20","31020001","1","(0,70,70,70)","(0,80,80,80)","(50,50,50)","(-374,-1,1,374,-187,-1,1,187,-30,-1,1,30)","(100,100,100)","(-374,-1,1,374,-187,-1,1,187,-30,-1,1,30)","93000037","35011008"
"43060207","(8,7,10)","(560,280,50,1350,680,110,3380,1690,280,8780,4390,730)","2000","20","31020001","1","(0,70,70,70)","(0,80,80,80)","(50,50,50)","(-374,-1,1,374,-187,-1,1,187,-30,-1,1,30)","(100,100,100)","(-374,-1,1,374,-187,-1,1,187,-30,-1,1,30)","93000037","35011008"
"43060208","(8,7,10)","(560,280,50,1350,680,110,3380,1690,280,8780,4390,730,23850,11930,1990)","2000","20","31020001","1","(0,70,70,70)","(0,80,80,80)","(50,50,50)","(-374,-1,1,374,-187,-1,1,187,-30,-1,1,30)","(100,100,100)","(-374,-1,1,374,-187,-1,1,187,-30,-1,1,30)","93000037","35011008"
"43060209","(8,7,10)","(560,280,50,1350,680,110,3380,1690,280,8780,4390,730,23850,11930,1990,67500,33750,5630,198000,99000,16500)","2000","20","31020001","1","(0,70,70,70)","(0,80,80,80)","(50,50,50)","(-374,-1,1,374,-187,-1,1,187,-30,-1,1,30)","(100,100,100)","(-374,-1,1,374,-187,-1,1,187,-30,-1,1,30)","93000158","35011008"
"43060210","(8,7,10)","(560,280,50,1350,680,110,3380,1690,280,8780,4390,730,23850,11930,1990,67500,33750,5630,198000,99000,16500)","2000","20","31020001","1","(0,70,70,70)","(0,80,80,80)","(50,50,50)","(-374,-1,1,374,-187,-1,1,187,-30,-1,1,30)","(100,100,100)","(-374,-1,1,374,-187,-1,1,187,-30,-1,1,30)","93000158","35011008"
"43060211","(8,7,10)","(0,0,0)","2000","20","31020001","1","(0,70,70,70)","(0,80,80,80)","(50,50,50)","(-374,-1,1,374,-187,-1,1,187,-30,-1,1,30)","(100,100,100)","(-374,-1,1,374,-187,-1,1,187,-30,-1,1,30)","93000037","35011008"
"43060212","(8,7,10)","(560,280,50,1350,680,110,3380,1690,280,8780,4390,730)","2000","20","31020001","1","(0,70,70,70)","(0,80,80,80)","(50,50,50)","(-374,-1,1,374,-187,-1,1,187,-30,-1,1,30)","(100,100,100)","(-374,-1,1,374,-187,-1,1,187,-30,-1,1,30)","93000037","35011008"
"43060213","(8,7,10)","(560,280,50,1350,680,110,3380,1690,280,8780,4390,730,23850,11930,1990)","2000","20","31020001","1","(0,70,70,70)","(0,80,80,80)","(50,50,50)","(-374,-1,1,374,-187,-1,1,187,-30,-1,1,30)","(100,100,100)","(-374,-1,1,374,-187,-1,1,187,-30,-1,1,30)","93000037","35011008"
"43060214","(8,7,10)","(560,280,50,1350,680,110,3380,1690,280,8780,4390,730,23850,11930,1990,67500,33750,5630)","2000","20","31020001","1","(0,70,70,70)","(0,80,80,80)","(50,50,50)","(-374,-1,1,374,-187,-1,1,187,-30,-1,1,30)","(100,100,100)","(-374,-1,1,374,-187,-1,1,187,-30,-1,1,30)","93000037","35011008"
"43060215","(8,7,10)","(560,280,50,1350,680,110,3380,1690,280,8780,4390,730,23850,11930,1990,67500,33750,5630,198000,99000,16500)","2000","20","31020001","1","(0,70,70,70)","(0,80,80,80)","(50,50,50)","(-374,-1,1,374,-187,-1,1,187,-30,-1,1,30)","(100,100,100)","(-374,-1,1,374,-187,-1,1,187,-30,-1,1,30)","93000158","35011008"
"43060216","(8,7,10)","(560,280,50,1350,680,110,3380,1690,280,8780,4390,730,23850,11930,1990,67500,33750,5630,198000,99000,16500,603000,301500,50250)","2000","20","31020001","1","(0,70,70,70)","(0,80,80,80)","(50,50,50)","(-374,-1,1,374,-187,-1,1,187,-30,-1,1,30)","(100,100,100)","(-374,-1,1,374,-187,-1,1,187,-30,-1,1,30)","93000158","35011008"
"43060217","(8,7,10)","(0,0,0)","2000","20","31020001","1","(0,70,70,70)","(0,80,80,80)","(50,50,50)","(-374,-1,1,374,-187,-1,1,187,-30,-1,1,30)","(100,100,100)","(-374,-1,1,374,-187,-1,1,187,-30,-1,1,30)","93000037","35011008"
"43060218","(8,7,10)","(560,280,50,1350,680,110,3380,1690,280,8780,4390,730,23850,11930,1990)","2000","20","31020001","1","(0,70,70,70)","(0,80,80,80)","(50,50,50)","(-374,-1,1,374,-187,-1,1,187,-30,-1,1,30)","(100,100,100)","(-374,-1,1,374,-187,-1,1,187,-30,-1,1,30)","93000037","35011008"
"43060219","(8,7,10)","(560,280,50,1350,680,110,3380,1690,280,8780,4390,730,23850,11930,1990,67500,33750,5630)","2000","20","31020001","1","(0,70,70,70)","(0,80,80,80)","(50,50,50)","(-374,-1,1,374,-187,-1,1,187,-30,-1,1,30)","(100,100,100)","(-374,-1,1,374,-187,-1,1,187,-30,-1,1,30)","93000037","35011008"
"43060220","(8,7,10)","(560,280,50,1350,680,110,3380,1690,280,8780,4390,730,23850,11930,1990,67500,33750,5630,198000,99000,16500)","2000","20","31020001","1","(0,70,70,70)","(0,80,80,80)","(50,50,50)","(-374,-1,1,374,-187,-1,1,187,-30,-1,1,30)","(100,100,100)","(-374,-1,1,374,-187,-1,1,187,-30,-1,1,30)","93000037","35011008"
"43060221","(8,7,10)","(560,280,50,1350,680,110,3380,1690,280,8780,4390,730,23850,11930,1990,67500,33750,5630,198000,99000,16500,603000,301500,50250)","2000","20","31020001","1","(0,70,70,70)","(0,80,80,80)","(50,50,50)","(-374,-1,1,374,-187,-1,1,187,-30,-1,1,30)","(100,100,100)","(-374,-1,1,374,-187,-1,1,187,-30,-1,1,30)","93000158","35011008"
"43060222","(8,7,10)","(560,280,50,1350,680,110,3380,1690,280,8780,4390,730,23850,11930,1990,67500,33750,5630,198000,99000,16500,603000,301500,50250,1908000,954000,159000)","2000","20","31020001","1","(0,70,70,70)","(0,80,80,80)","(50,50,50)","(-374,-1,1,374,-187,-1,1,187,-30,-1,1,30)","(100,100,100)","(-374,-1,1,374,-187,-1,1,187,-30,-1,1,30)","93000158","35011008"
"43060223","(8,7,10)","(0,0,0)","2000","20","31020001","1","(0,70,70,70)","(0,80,80,80)","(50,50,50)","(-374,-1,1,374,-187,-1,1,187,-30,-1,1,30)","(100,100,100)","(-374,-1,1,374,-187,-1,1,187,-30,-1,1,30)","93000037","35011008"
"43060224","(8,7,10)","(560,280,50,1350,680,110,3380,1690,280,8780,4390,730,23850,11930,1990,67500,33750,5630)","2000","20","31020001","1","(0,70,70,70)","(0,80,80,80)","(50,50,50)","(-374,-1,1,374,-187,-1,1,187,-30,-1,1,30)","(100,100,100)","(-374,-1,1,374,-187,-1,1,187,-30,-1,1,30)","93000037","35011008"
"43060225","(8,7,10)","(560,280,50,1350,680,110,3380,1690,280,8780,4390,730,23850,11930,1990,67500,33750,5630,198000,99000,16500)","2000","20","31020001","1","(0,70,70,70)","(0,80,80,80)","(50,50,50)","(-374,-1,1,374,-187,-1,1,187,-30,-1,1,30)","(100,100,100)","(-374,-1,1,374,-187,-1,1,187,-30,-1,1,30)","93000037","35011008"
"43060226","(8,7,10)","(560,280,50,1350,680,110,3380,1690,280,8780,4390,730,23850,11930,1990,67500,33750,5630,198000,99000,16500,603000,301500,50250)","2000","20","31020001","1","(0,70,70,70)","(0,80,80,80)","(50,50,50)","(-374,-1,1,374,-187,-1,1,187,-30,-1,1,30)","(100,100,100)","(-374,-1,1,374,-187,-1,1,187,-30,-1,1,30)","93000037","35011008"
"43060227","(8,7,10)","(560,280,50,1350,680,110,3380,1690,280,8780,4390,730,23850,11930,1990,67500,33750,5630,198000,99000,16500,603000,301500,50250,1908000,954000,159000)","2000","20","31020001","1","(0,70,70,70)","(0,80,80,80)","(50,50,50)","(-374,-1,1,374,-187,-1,1,187,-30,-1,1,30)","(100,100,100)","(-374,-1,1,374,-187,-1,1,187,-30,-1,1,30)","93000158","35011008"
"43060228","(8,7,10)","(560,280,50,1350,680,110,3380,1690,280,8780,4390,730,23850,11930,1990,67500,33750,5630,198000,99000,16500,603000,301500,50250,1908000,954000,159000)","2000","20","31020001","1","(0,70,70,70)","(0,80,80,80)","(50,50,50)","(-374,-1,1,374,-187,-1,1,187,-30,-1,1,30)","(100,100,100)","(-374,-1,1,374,-187,-1,1,187,-30,-1,1,30)","93000158","35011008"
"43060229","(8,7,10)","(0,0,0)","2000","20","31020001","1","(0,70,70,70)","(0,80,80,80)","(50,50,50)","(-374,-1,1,374,-187,-1,1,187,-30,-1,1,30)","(100,100,100)","(-374,-1,1,374,-187,-1,1,187,-30,-1,1,30)","93000037","35011008"
"43060230","(8,7,10)","(560,280,50,1350,680,110,3380,1690,280,8780,4390,730,23850,11930,1990,67500,33750,5630,198000,99000,16500)","2000","20","31020001","1","(0,70,70,70)","(0,80,80,80)","(50,50,50)","(-374,-1,1,374,-187,-1,1,187,-30,-1,1,30)","(100,100,100)","(-374,-1,1,374,-187,-1,1,187,-30,-1,1,30)","93000037","35011008"
"43060231","(8,7,10)","(560,280,50,1350,680,110,3380,1690,280,8780,4390,730,23850,11930,1990,67500,33750,5630,198000,99000,16500,603000,301500,50250)","2000","20","31020001","1","(0,70,70,70)","(0,80,80,80)","(50,50,50)","(-374,-1,1,374,-187,-1,1,187,-30,-1,1,30)","(100,100,100)","(-374,-1,1,374,-187,-1,1,187,-30,-1,1,30)","93000037","35011008"
"43060232","(8,7,10)","(560,280,50,1350,680,110,3380,1690,280,8780,4390,730,23850,11930,1990,67500,33750,5630,198000,99000,16500,603000,301500,50250,1908000,954000,159000)","2000","20","31020001","1","(0,70,70,70)","(0,80,80,80)","(50,50,50)","(-374,-1,1,374,-187,-1,1,187,-30,-1,1,30)","(100,100,100)","(-374,-1,1,374,-187,-1,1,187,-30,-1,1,30)","93000037","35011008"
"43060233","(8,7,10)","(560,280,50,1350,680,110,3380,1690,280,8780,4390,730,23850,11930,1990,67500,33750,5630,198000,99000,16500,603000,301500,50250,1908000,954000,159000)","2000","20","31020001","1","(0,70,70,70)","(0,80,80,80)","(50,50,50)","(-374,-1,1,374,-187,-1,1,187,-30,-1,1,30)","(100,100,100)","(-374,-1,1,374,-187,-1,1,187,-30,-1,1,30)","93000158","35011008"
"43060234","(8,7,10)","(560,280,50,1350,680,110,3380,1690,280,8780,4390,730,23850,11930,1990,67500,33750,5630,198000,99000,16500,603000,301500,50250,1908000,954000,159000)","2000","20","31020001","1","(0,70,70,70)","(0,80,80,80)","(50,50,50)","(-374,-1,1,374,-187,-1,1,187,-30,-1,1,30)","(100,100,100)","(-374,-1,1,374,-187,-1,1,187,-30,-1,1,30)","93000158","35011008"
"43060235","(8,7,10)","(0,0,0)","2000","20","31020001","1","(0,70,70,70)","(0,80,80,80)","(50,50,50)","(-374,-1,1,374,-187,-1,1,187,-30,-1,1,30)","(100,100,100)","(-374,-1,1,374,-187,-1,1,187,-30,-1,1,30)","93000037","35011008"
"43060236","(8,7,10)","(560,280,50,1350,680,110,3380,1690,280,8780,4390,730,23850,11930,1990,67500,33750,5630,198000,99000,16500,603000,301500,50250)","2000","20","31020001","1","(0,70,70,70)","(0,80,80,80)","(50,50,50)","(-374,-1,1,374,-187,-1,1,187,-30,-1,1,30)","(100,100,100)","(-374,-1,1,374,-187,-1,1,187,-30,-1,1,30)","93000037","35011008"
"43060237","(8,7,10)","(560,280,50,1350,680,110,3380,1690,280,8780,4390,730,23850,11930,1990,67500,33750,5630,198000,99000,16500,603000,301500,50250,1908000,954000,159000)","2000","20","31020001","1","(0,70,70,70)","(0,80,80,80)","(50,50,50)","(-374,-1,1,374,-187,-1,1,187,-30,-1,1,30)","(100,100,100)","(-374,-1,1,374,-187,-1,1,187,-30,-1,1,30)","93000037","35011008"
"43060238","(8,7,10)","(560,280,50,1350,680,110,3380,1690,280,8780,4390,730,23850,11930,1990,67500,33750,5630,198000,99000,16500,603000,301500,50250,1908000,954000,159000)","2000","20","31020001","1","(0,70,70,70)","(0,80,80,80)","(50,50,50)","(-374,-1,1,374,-187,-1,1,187,-30,-1,1,30)","(100,100,100)","(-374,-1,1,374,-187,-1,1,187,-30,-1,1,30)","93000037","35011008"
"43060239","(8,7,10)","(560,280,50,1350,680,110,3380,1690,280,8780,4390,730,23850,11930,1990,67500,33750,5630,198000,99000,16500,603000,301500,50250,1908000,954000,159000)","2000","20","31020001","1","(0,70,70,70)","(0,80,80,80)","(50,50,50)","(-374,-1,1,374,-187,-1,1,187,-30,-1,1,30)","(100,100,100)","(-374,-1,1,374,-187,-1,1,187,-30,-1,1,30)","93000158","35011008"
"43060240","(8,7,10)","(560,280,50,1350,680,110,3380,1690,280,8780,4390,730,23850,11930,1990,67500,33750,5630,198000,99000,16500,603000,301500,50250,1908000,954000,159000)","2000","20","31020001","1","(0,70,70,70)","(0,80,80,80)","(50,50,50)","(-374,-1,1,374,-187,-1,1,187,-30,-1,1,30)","(100,100,100)","(-374,-1,1,374,-187,-1,1,187,-30,-1,1,30)","93000158","35011008"
"43060241","(8,7,10)","(560,280,50,1350,680,110,3380,1690,280,8780,4390,730,23850,11930,1990,67500,33750,5630)","2000","20","31020001","1","(0,70,70,70)","(0,80,80,80)","(50,50,50)","(-374,-1,1,374,-187,-1,1,187,-30,-1,1,30)","(100,100,100)","(-374,-1,1,374,-187,-1,1,187,-30,-1,1,30)","93000158","35011008"
"43060242","(8,7,10)","(560,280,50,1350,680,110,3380,1690,280,8780,4390,730,23850,11930,1990,67500,33750,5630,198000,99000,16500)","2000","20","31020001","1","(0,70,70,70)","(0,80,80,80)","(50,50,50)","(-374,-1,1,374,-187,-1,1,187,-30,-1,1,30)","(100,100,100)","(-374,-1,1,374,-187,-1,1,187,-30,-1,1,30)","93000158","35011008"
"43060243","(8,7,10)","(560,280,50,1350,680,110,3380,1690,280,8780,4390,730,23850,11930,1990,67500,33750,5630,198000,99000,16500)","2000","20","31020001","1","(0,70,70,70)","(0,80,80,80)","(50,50,50)","(-374,-1,1,374,-187,-1,1,187,-30,-1,1,30)","(100,100,100)","(-374,-1,1,374,-187,-1,1,187,-30,-1,1,30)","93000158","35011008"
"43060244","(8,7,10)","(560,280,50,1350,680,110,3380,1690,280,8780,4390,730,23850,11930,1990,67500,33750,5630,198000,99000,16500)","2000","20","31020001","1","(0,70,70,70)","(0,80,80,80)","(50,50,50)","(-374,-1,1,374,-187,-1,1,187,-30,-1,1,30)","(100,100,100)","(-374,-1,1,374,-187,-1,1,187,-30,-1,1,30)","93000158","35011008"
"43060245","(8,7,10)","(560,280,50,1350,680,110,3380,1690,280,8780,4390,730,23850,11930,1990,67500,33750,5630,198000,99000,16500,603000,301500,50250)","2000","20","31020001","1","(0,70,70,70)","(0,80,80,80)","(50,50,50)","(-374,-1,1,374,-187,-1,1,187,-30,-1,1,30)","(100,100,100)","(-374,-1,1,374,-187,-1,1,187,-30,-1,1,30)","93000158","35011008"
"43060246","(8,7,10)","(560,280,50,1350,680,110,3380,1690,280,8780,4390,730,23850,11930,1990,67500,33750,5630,198000,99000,16500,603000,301500,50250,1908000,954000,159000)","2000","20","31020001","1","(0,70,70,70)","(0,80,80,80)","(50,50,50)","(-374,-1,1,374,-187,-1,1,187,-30,-1,1,30)","(100,100,100)","(-374,-1,1,374,-187,-1,1,187,-30,-1,1,30)","93000158","35011008"
"43060247","(8,7,10)","(560,280,50,1350,680,110,3380,1690,280,8780,4390,730,23850,11930,1990,67500,33750,5630,198000,99000,16500,603000,301500,50250,1908000,954000,159000)","2000","20","31020001","1","(0,70,70,70)","(0,80,80,80)","(50,50,50)","(-374,-1,1,374,-187,-1,1,187,-30,-1,1,30)","(100,100,100)","(-374,-1,1,374,-187,-1,1,187,-30,-1,1,30)","93000158","35011008"
"43060248","(8,7,10)","(560,280,50,1350,680,110,3380,1690,280,8780,4390,730,23850,11930,1990,67500,33750,5630,198000,99000,16500,603000,301500,50250,1908000,954000,159000)","2000","20","31020001","1","(0,70,70,70)","(0,80,80,80)","(50,50,50)","(-374,-1,1,374,-187,-1,1,187,-30,-1,1,30)","(100,100,100)","(-374,-1,1,374,-187,-1,1,187,-30,-1,1,30)","93000158","35011008"
"43060249","(8,7,10)","(560,280,50,1350,680,110,3380,1690,280,8780,4390,730,23850,11930,1990,67500,33750,5630,198000,99000,16500,603000,301500,50250,1908000,954000,159000)","2000","20","31020001","1","(0,70,70,70)","(0,80,80,80)","(50,50,50)","(-374,-1,1,374,-187,-1,1,187,-30,-1,1,30)","(100,100,100)","(-374,-1,1,374,-187,-1,1,187,-30,-1,1,30)","93000158","35011008"
"43060250","(8,7,10)","(560,280,50,1350,680,110,3380,1690,280,8780,4390,730,23850,11930,1990,67500,33750,5630,198000,99000,16500,603000,301500,50250,1908000,954000,159000)","2000","20","31020001","1","(0,70,70,70)","(0,80,80,80)","(50,50,50)","(-374,-1,1,374,-187,-1,1,187,-30,-1,1,30)","(100,100,100)","(-374,-1,1,374,-187,-1,1,187,-30,-1,1,30)","93000158","35011008"
"43060251","(8,7,10)","(560,280,50,1350,680,110,3380,1690,280,8780,4390,730,23850,11930,1990,67500,33750,5630)","2000","20","31020001","1","(0,70,70,70)","(0,80,80,80)","(50,50,50)","(-374,-1,1,374,-187,-1,1,187,-30,-1,1,30)","(100,100,100)","(-374,-1,1,374,-187,-1,1,187,-30,-1,1,30)","93000158","35011008"
"43060252","(8,7,10)","(560,280,50,1350,680,110,3380,1690,280,8780,4390,730,23850,11930,1990,67500,33750,5630,198000,99000,16500)","2000","20","31020001","1","(0,70,70,70)","(0,80,80,80)","(50,50,50)","(-374,-1,1,374,-187,-1,1,187,-30,-1,1,30)","(100,100,100)","(-374,-1,1,374,-187,-1,1,187,-30,-1,1,30)","93000158","35011008"
"43060253","(8,7,10)","(560,280,50,1350,680,110,3380,1690,280,8780,4390,730,23850,11930,1990,67500,33750,5630,198000,99000,16500)","2000","20","31020001","1","(0,70,70,70)","(0,80,80,80)","(50,50,50)","(-374,-1,1,374,-187,-1,1,187,-30,-1,1,30)","(100,100,100)","(-374,-1,1,374,-187,-1,1,187,-30,-1,1,30)","93000158","35011008"
"43060254","(8,7,10)","(560,280,50,1350,680,110,3380,1690,280,8780,4390,730,23850,11930,1990,67500,33750,5630,198000,99000,16500)","2000","20","31020001","1","(0,70,70,70)","(0,80,80,80)","(50,50,50)","(-374,-1,1,374,-187,-1,1,187,-30,-1,1,30)","(100,100,100)","(-374,-1,1,374,-187,-1,1,187,-30,-1,1,30)","93000158","35011008"
"43060255","(8,7,10)","(560,280,50,1350,680,110,3380,1690,280,8780,4390,730,23850,11930,1990,67500,33750,5630,198000,99000,16500,603000,301500,50250)","2000","20","31020001","1","(0,70,70,70)","(0,80,80,80)","(50,50,50)","(-374,-1,1,374,-187,-1,1,187,-30,-1,1,30)","(100,100,100)","(-374,-1,1,374,-187,-1,1,187,-30,-1,1,30)","93000158","35011008"
"43060256","(8,7,10)","(560,280,50,1350,680,110,3380,1690,280,8780,4390,730,23850,11930,1990,67500,33750,5630,198000,99000,16500,603000,301500,50250,1908000,954000,159000)","2000","20","31020001","1","(0,70,70,70)","(0,80,80,80)","(50,50,50)","(-374,-1,1,374,-187,-1,1,187,-30,-1,1,30)","(100,100,100)","(-374,-1,1,374,-187,-1,1,187,-30,-1,1,30)","93000158","35011008"
"43060257","(8,7,10)","(560,280,50,1350,680,110,3380,1690,280,8780,4390,730,23850,11930,1990,67500,33750,5630,198000,99000,16500,603000,301500,50250,1908000,954000,159000)","2000","20","31020001","1","(0,70,70,70)","(0,80,80,80)","(50,50,50)","(-374,-1,1,374,-187,-1,1,187,-30,-1,1,30)","(100,100,100)","(-374,-1,1,374,-187,-1,1,187,-30,-1,1,30)","93000158","35011008"
"43060258","(8,7,10)","(560,280,50,1350,680,110,3380,1690,280,8780,4390,730,23850,11930,1990,67500,33750,5630,198000,99000,16500,603000,301500,50250,1908000,954000,159000)","2000","20","31020001","1","(0,70,70,70)","(0,80,80,80)","(50,50,50)","(-374,-1,1,374,-187,-1,1,187,-30,-1,1,30)","(100,100,100)","(-374,-1,1,374,-187,-1,1,187,-30,-1,1,30)","93000158","35011008"
"43060259","(8,7,10)","(560,280,50,1350,680,110,3380,1690,280,8780,4390,730,23850,11930,1990,67500,33750,5630,198000,99000,16500,603000,301500,50250,1908000,954000,159000)","2000","20","31020001","1","(0,70,70,70)","(0,80,80,80)","(50,50,50)","(-374,-1,1,374,-187,-1,1,187,-30,-1,1,30)","(100,100,100)","(-374,-1,1,374,-187,-1,1,187,-30,-1,1,30)","93000158","35011008"
"43060260","(8,7,10)","(560,280,50,1350,680,110,3380,1690,280,8780,4390,730,23850,11930,1990,67500,33750,5630,198000,99000,16500,603000,301500,50250,1908000,954000,159000)","2000","20","31020001","1","(0,70,70,70)","(0,80,80,80)","(50,50,50)","(-374,-1,1,374,-187,-1,1,187,-30,-1,1,30)","(100,100,100)","(-374,-1,1,374,-187,-1,1,187,-30,-1,1,30)","93000158","35011008"
"43060261","(8,7,10)","(560,280,50,1350,680,110,3380,1690,280,8780,4390,730,23850,11930,1990,67500,33750,5630)","2000","20","31020001","1","(0,70,70,70)","(0,80,80,80)","(50,50,50)","(-374,-1,1,374,-187,-1,1,187,-30,-1,1,30)","(100,100,100)","(-374,-1,1,374,-187,-1,1,187,-30,-1,1,30)","93000158","35011008"
"43060262","(8,7,10)","(560,280,50,1350,680,110,3380,1690,280,8780,4390,730,23850,11930,1990,67500,33750,5630,198000,99000,16500)","2000","20","31020001","1","(0,70,70,70)","(0,80,80,80)","(50,50,50)","(-374,-1,1,374,-187,-1,1,187,-30,-1,1,30)","(100,100,100)","(-374,-1,1,374,-187,-1,1,187,-30,-1,1,30)","93000158","35011008"
"43060263","(8,7,10)","(560,280,50,1350,680,110,3380,1690,280,8780,4390,730,23850,11930,1990,67500,33750,5630,198000,99000,16500)","2000","20","31020001","1","(0,70,70,70)","(0,80,80,80)","(50,50,50)","(-374,-1,1,374,-187,-1,1,187,-30,-1,1,30)","(100,100,100)","(-374,-1,1,374,-187,-1,1,187,-30,-1,1,30)","93000158","35011008"
"43060264","(8,7,10)","(560,280,50,1350,680,110,3380,1690,280,8780,4390,730,23850,11930,1990,67500,33750,5630,198000,99000,16500)","2000","20","31020001","1","(0,70,70,70)","(0,80,80,80)","(50,50,50)","(-374,-1,1,374,-187,-1,1,187,-30,-1,1,30)","(100,100,100)","(-374,-1,1,374,-187,-1,1,187,-30,-1,1,30)","93000158","35011008"
"43060265","(8,7,10)","(560,280,50,1350,680,110,3380,1690,280,8780,4390,730,23850,11930,1990,67500,33750,5630,198000,99000,16500,603000,301500,50250)","2000","20","31020001","1","(0,70,70,70)","(0,80,80,80)","(50,50,50)","(-374,-1,1,374,-187,-1,1,187,-30,-1,1,30)","(100,100,100)","(-374,-1,1,374,-187,-1,1,187,-30,-1,1,30)","93000158","35011008"
"43060266","(8,7,10)","(560,280,50,1350,680,110,3380,1690,280,8780,4390,730,23850,11930,1990,67500,33750,5630,198000,99000,16500,603000,301500,50250,1908000,954000,159000)","2000","20","31020001","1","(0,70,70,70)","(0,80,80,80)","(50,50,50)","(-374,-1,1,374,-187,-1,1,187,-30,-1,1,30)","(100,100,100)","(-374,-1,1,374,-187,-1,1,187,-30,-1,1,30)","93000158","35011008"
"43060267","(8,7,10)","(560,280,50,1350,680,110,3380,1690,280,8780,4390,730,23850,11930,1990,67500,33750,5630,198000,99000,16500,603000,301500,50250,1908000,954000,159000)","2000","20","31020001","1","(0,70,70,70)","(0,80,80,80)","(50,50,50)","(-374,-1,1,374,-187,-1,1,187,-30,-1,1,30)","(100,100,100)","(-374,-1,1,374,-187,-1,1,187,-30,-1,1,30)","93000158","35011008"
"43060268","(8,7,10)","(560,280,50,1350,680,110,3380,1690,280,8780,4390,730,23850,11930,1990,67500,33750,5630,198000,99000,16500,603000,301500,50250,1908000,954000,159000)","2000","20","31020001","1","(0,70,70,70)","(0,80,80,80)","(50,50,50)","(-374,-1,1,374,-187,-1,1,187,-30,-1,1,30)","(100,100,100)","(-374,-1,1,374,-187,-1,1,187,-30,-1,1,30)","93000158","35011008"
"43060269","(8,7,10)","(560,280,50,1350,680,110,3380,1690,280,8780,4390,730,23850,11930,1990,67500,33750,5630,198000,99000,16500,603000,301500,50250,1908000,954000,159000)","2000","20","31020001","1","(0,70,70,70)","(0,80,80,80)","(50,50,50)","(-374,-1,1,374,-187,-1,1,187,-30,-1,1,30)","(100,100,100)","(-374,-1,1,374,-187,-1,1,187,-30,-1,1,30)","93000158","35011008"
"43060270","(8,7,10)","(560,280,50,1350,680,110,3380,1690,280,8780,4390,730,23850,11930,1990,67500,33750,5630,198000,99000,16500,603000,301500,50250,1908000,954000,159000)","2000","20","31020001","1","(0,70,70,70)","(0,80,80,80)","(50,50,50)","(-374,-1,1,374,-187,-1,1,187,-30,-1,1,30)","(100,100,100)","(-374,-1,1,374,-187,-1,1,187,-30,-1,1,30)","93000158","35011008"
"43060271","(8,7,10)","(560,280,50,1350,680,110,3380,1690,280,8780,4390,730,23850,11930,1990,67500,33750,5630)","2000","20","31020001","1","(0,70,70,70)","(0,80,80,80)","(50,50,50)","(-374,-1,1,374,-187,-1,1,187,-30,-1,1,30)","(100,100,100)","(-374,-1,1,374,-187,-1,1,187,-30,-1,1,30)","93000158","35011008"
"43060272","(8,7,10)","(560,280,50,1350,680,110,3380,1690,280,8780,4390,730,23850,11930,1990,67500,33750,5630,198000,99000,16500)","2000","20","31020001","1","(0,70,70,70)","(0,80,80,80)","(50,50,50)","(-374,-1,1,374,-187,-1,1,187,-30,-1,1,30)","(100,100,100)","(-374,-1,1,374,-187,-1,1,187,-30,-1,1,30)","93000158","35011008"
"43060273","(8,7,10)","(560,280,50,1350,680,110,3380,1690,280,8780,4390,730,23850,11930,1990,67500,33750,5630,198000,99000,16500)","2000","20","31020001","1","(0,70,70,70)","(0,80,80,80)","(50,50,50)","(-374,-1,1,374,-187,-1,1,187,-30,-1,1,30)","(100,100,100)","(-374,-1,1,374,-187,-1,1,187,-30,-1,1,30)","93000158","35011008"
"43060274","(8,7,10)","(560,280,50,1350,680,110,3380,1690,280,8780,4390,730,23850,11930,1990,67500,33750,5630,198000,99000,16500)","2000","20","31020001","1","(0,70,70,70)","(0,80,80,80)","(50,50,50)","(-374,-1,1,374,-187,-1,1,187,-30,-1,1,30)","(100,100,100)","(-374,-1,1,374,-187,-1,1,187,-30,-1,1,30)","93000158","35011008"
"43060275","(8,7,10)","(560,280,50,1350,680,110,3380,1690,280,8780,4390,730,23850,11930,1990,67500,33750,5630,198000,99000,16500,603000,301500,50250)","2000","20","31020001","1","(0,70,70,70)","(0,80,80,80)","(50,50,50)","(-374,-1,1,374,-187,-1,1,187,-30,-1,1,30)","(100,100,100)","(-374,-1,1,374,-187,-1,1,187,-30,-1,1,30)","93000158","35011008"
"43060276","(8,7,10)","(560,280,50,1350,680,110,3380,1690,280,8780,4390,730,23850,11930,1990,67500,33750,5630,198000,99000,16500,603000,301500,50250,1908000,954000,159000)","2000","20","31020001","1","(0,70,70,70)","(0,80,80,80)","(50,50,50)","(-374,-1,1,374,-187,-1,1,187,-30,-1,1,30)","(100,100,100)","(-374,-1,1,374,-187,-1,1,187,-30,-1,1,30)","93000158","35011008"
"43060277","(8,7,10)","(560,280,50,1350,680,110,3380,1690,280,8780,4390,730,23850,11930,1990,67500,33750,5630,198000,99000,16500,603000,301500,50250,1908000,954000,159000)","2000","20","31020001","1","(0,70,70,70)","(0,80,80,80)","(50,50,50)","(-374,-1,1,374,-187,-1,1,187,-30,-1,1,30)","(100,100,100)","(-374,-1,1,374,-187,-1,1,187,-30,-1,1,30)","93000158","35011008"
"43060278","(8,7,10)","(560,280,50,1350,680,110,3380,1690,280,8780,4390,730,23850,11930,1990,67500,33750,5630,198000,99000,16500,603000,301500,50250,1908000,954000,159000)","2000","20","31020001","1","(0,70,70,70)","(0,80,80,80)","(50,50,50)","(-374,-1,1,374,-187,-1,1,187,-30,-1,1,30)","(100,100,100)","(-374,-1,1,374,-187,-1,1,187,-30,-1,1,30)","93000158","35011008"
"43060279","(8,7,10)","(560,280,50,1350,680,110,3380,1690,280,8780,4390,730,23850,11930,1990,67500,33750,5630,198000,99000,16500,603000,301500,50250,1908000,954000,159000)","2000","20","31020001","1","(0,70,70,70)","(0,80,80,80)","(50,50,50)","(-374,-1,1,374,-187,-1,1,187,-30,-1,1,30)","(100,100,100)","(-374,-1,1,374,-187,-1,1,187,-30,-1,1,30)","93000158","35011008"
"43060280","(8,7,10)","(560,280,50,1350,680,110,3380,1690,280,8780,4390,730,23850,11930,1990,67500,33750,5630,198000,99000,16500,603000,301500,50250,1908000,954000,159000)","2000","20","31020001","1","(0,70,70,70)","(0,80,80,80)","(50,50,50)","(-374,-1,1,374,-187,-1,1,187,-30,-1,1,30)","(100,100,100)","(-374,-1,1,374,-187,-1,1,187,-30,-1,1,30)","93000158","35011008"
"43070001","(8,9,11)","(0,0,0)","2000","20","31020001","1","(0,70,70,70)","(0,80,80,80)","(50,50,50)","(-374,-1,1,374,-30,-1,1,30,-60,-1,1,60)","(100,100,100)","(-374,-1,1,374,-30,-1,1,30,-60,-1,1,60)","93000037","35011008"
"43070002","(8,9,11)","(560,50,90)","2000","20","31020001","1","(0,70,70,70)","(0,80,80,80)","(50,50,50)","(-374,-1,1,374,-30,-1,1,30,-60,-1,1,60)","(100,100,100)","(-374,-1,1,374,-30,-1,1,30,-60,-1,1,60)","93000037","35011008"
"43070003","(8,9,11)","(560,50,90)","2000","20","31020001","1","(0,70,70,70)","(0,80,80,80)","(50,50,50)","(-374,-1,1,374,-30,-1,1,30,-60,-1,1,60)","(100,100,100)","(-374,-1,1,374,-30,-1,1,30,-60,-1,1,60)","93000037","35011008"
"43070004","(8,9,11)","(560,50,90)","2000","20","31020001","1","(0,70,70,70)","(0,80,80,80)","(50,50,50)","(-374,-1,1,374,-30,-1,1,30,-60,-1,1,60)","(100,100,100)","(-374,-1,1,374,-30,-1,1,30,-60,-1,1,60)","93000037","35011008"
"43070005","(8,9,11)","(560,50,90,1350,110,230,3380,280,560)","2000","20","31020001","1","(0,70,70,70)","(0,80,80,80)","(50,50,50)","(-374,-1,1,374,-30,-1,1,30,-60,-1,1,60)","(100,100,100)","(-374,-1,1,374,-30,-1,1,30,-60,-1,1,60)","93000158","35011008"
"43070006","(8,9,11)","(560,50,90,1350,110,230,3380,280,560,8780,730,1460,23850,1990,3980)","2000","20","31020001","1","(0,70,70,70)","(0,80,80,80)","(50,50,50)","(-374,-1,1,374,-30,-1,1,30,-60,-1,1,60)","(100,100,100)","(-374,-1,1,374,-30,-1,1,30,-60,-1,1,60)","93000158","35011008"
"43070007","(8,9,11)","(0,0,0)","2000","20","31020001","1","(0,70,70,70)","(0,80,80,80)","(50,50,50)","(-374,-1,1,374,-30,-1,1,30,-60,-1,1,60)","(100,100,100)","(-374,-1,1,374,-30,-1,1,30,-60,-1,1,60)","93000037","35011008"
"43070008","(8,9,11)","(560,50,90)","2000","20","31020001","1","(0,70,70,70)","(0,80,80,80)","(50,50,50)","(-374,-1,1,374,-30,-1,1,30,-60,-1,1,60)","(100,100,100)","(-374,-1,1,374,-30,-1,1,30,-60,-1,1,60)","93000037","35011008"
"43070009","(8,9,11)","(560,50,90)","2000","20","31020001","1","(0,70,70,70)","(0,80,80,80)","(50,50,50)","(-374,-1,1,374,-30,-1,1,30,-60,-1,1,60)","(100,100,100)","(-374,-1,1,374,-30,-1,1,30,-60,-1,1,60)","93000037","35011008"
"43070010","(8,9,11)","(560,50,90,1350,110,230)","2000","20","31020001","1","(0,70,70,70)","(0,80,80,80)","(50,50,50)","(-374,-1,1,374,-30,-1,1,30,-60,-1,1,60)","(100,100,100)","(-374,-1,1,374,-30,-1,1,30,-60,-1,1,60)","93000037","35011008"
"43070011","(8,9,11)","(560,50,90,1350,110,230,3380,280,560,8780,730,1460)","2000","20","31020001","1","(0,70,70,70)","(0,80,80,80)","(50,50,50)","(-374,-1,1,374,-30,-1,1,30,-60,-1,1,60)","(100,100,100)","(-374,-1,1,374,-30,-1,1,30,-60,-1,1,60)","93000158","35011008"
"43070012","(8,9,11)","(560,50,90,1350,110,230,3380,280,560,8780,730,1460,23850,1990,3980,67500,5630,11250)","2000","20","31020001","1","(0,70,70,70)","(0,80,80,80)","(50,50,50)","(-374,-1,1,374,-30,-1,1,30,-60,-1,1,60)","(100,100,100)","(-374,-1,1,374,-30,-1,1,30,-60,-1,1,60)","93000158","35011008"
"43070013","(8,9,11)","(0,0,0)","2000","20","31020001","1","(0,70,70,70)","(0,80,80,80)","(50,50,50)","(-374,-1,1,374,-30,-1,1,30,-60,-1,1,60)","(100,100,100)","(-374,-1,1,374,-30,-1,1,30,-60,-1,1,60)","93000037","35011008"
"43070014","(8,9,11)","(560,50,90)","2000","20","31020001","1","(0,70,70,70)","(0,80,80,80)","(50,50,50)","(-374,-1,1,374,-30,-1,1,30,-60,-1,1,60)","(100,100,100)","(-374,-1,1,374,-30,-1,1,30,-60,-1,1,60)","93000037","35011008"
"43070015","(8,9,11)","(560,50,90,1350,110,230)","2000","20","31020001","1","(0,70,70,70)","(0,80,80,80)","(50,50,50)","(-374,-1,1,374,-30,-1,1,30,-60,-1,1,60)","(100,100,100)","(-374,-1,1,374,-30,-1,1,30,-60,-1,1,60)","93000037","35011008"
"43070016","(8,9,11)","(560,50,90,1350,110,230,3380,280,560)","2000","20","31020001","1","(0,70,70,70)","(0,80,80,80)","(50,50,50)","(-374,-1,1,374,-30,-1,1,30,-60,-1,1,60)","(100,100,100)","(-374,-1,1,374,-30,-1,1,30,-60,-1,1,60)","93000037","35011008"
"43070017","(8,9,11)","(560,50,90,1350,110,230,3380,280,560,8780,730,1460,23850,1990,3980)","2000","20","31020001","1","(0,70,70,70)","(0,80,80,80)","(50,50,50)","(-374,-1,1,374,-30,-1,1,30,-60,-1,1,60)","(100,100,100)","(-374,-1,1,374,-30,-1,1,30,-60,-1,1,60)","93000158","35011008"
"43070018","(8,9,11)","(560,50,90,1350,110,230,3380,280,560,8780,730,1460,23850,1990,3980,67500,5630,11250,198000,16500,33000)","2000","20","31020001","1","(0,70,70,70)","(0,80,80,80)","(50,50,50)","(-374,-1,1,374,-30,-1,1,30,-60,-1,1,60)","(100,100,100)","(-374,-1,1,374,-30,-1,1,30,-60,-1,1,60)","93000158","35011008"
"43070019","(8,9,11)","(0,0,0)","2000","20","31020001","1","(0,70,70,70)","(0,80,80,80)","(50,50,50)","(-374,-1,1,374,-30,-1,1,30,-60,-1,1,60)","(100,100,100)","(-374,-1,1,374,-30,-1,1,30,-60,-1,1,60)","93000037","35011008"
"43070020","(8,9,11)","(560,50,90,1350,110,230)","2000","20","31020001","1","(0,70,70,70)","(0,80,80,80)","(50,50,50)","(-374,-1,1,374,-30,-1,1,30,-60,-1,1,60)","(100,100,100)","(-374,-1,1,374,-30,-1,1,30,-60,-1,1,60)","93000037","35011008"
"43070021","(8,9,11)","(560,50,90,1350,110,230,3380,280,560)","2000","20","31020001","1","(0,70,70,70)","(0,80,80,80)","(50,50,50)","(-374,-1,1,374,-30,-1,1,30,-60,-1,1,60)","(100,100,100)","(-374,-1,1,374,-30,-1,1,30,-60,-1,1,60)","93000037","35011008"
"43070022","(8,9,11)","(560,50,90,1350,110,230,3380,280,560,8780,730,1460)","2000","20","31020001","1","(0,70,70,70)","(0,80,80,80)","(50,50,50)","(-374,-1,1,374,-30,-1,1,30,-60,-1,1,60)","(100,100,100)","(-374,-1,1,374,-30,-1,1,30,-60,-1,1,60)","93000037","35011008"
"43070023","(8,9,11)","(560,50,90,1350,110,230,3380,280,560,8780,730,1460,23850,1990,3980,67500,5630,11250)","2000","20","31020001","1","(0,70,70,70)","(0,80,80,80)","(50,50,50)","(-374,-1,1,374,-30,-1,1,30,-60,-1,1,60)","(100,100,100)","(-374,-1,1,374,-30,-1,1,30,-60,-1,1,60)","93000158","35011008"
"43070024","(8,9,11)","(560,50,90,1350,110,230,3380,280,560,8780,730,1460,23850,1990,3980,67500,5630,11250,198000,16500,33000)","2000","20","31020001","1","(0,70,70,70)","(0,80,80,80)","(50,50,50)","(-374,-1,1,374,-30,-1,1,30,-60,-1,1,60)","(100,100,100)","(-374,-1,1,374,-30,-1,1,30,-60,-1,1,60)","93000158","35011008"
"43070025","(8,9,11)","(0,0,0)","2000","20","31020001","1","(0,70,70,70)","(0,80,80,80)","(50,50,50)","(-374,-1,1,374,-30,-1,1,30,-60,-1,1,60)","(100,100,100)","(-374,-1,1,374,-30,-1,1,30,-60,-1,1,60)","93000037","35011008"
"43070026","(8,9,11)","(560,50,90,1350,110,230,3380,280,560)","2000","20","31020001","1","(0,70,70,70)","(0,80,80,80)","(50,50,50)","(-374,-1,1,374,-30,-1,1,30,-60,-1,1,60)","(100,100,100)","(-374,-1,1,374,-30,-1,1,30,-60,-1,1,60)","93000037","35011008"
"43070027","(8,9,11)","(560,50,90,1350,110,230,3380,280,560,8780,730,1460)","2000","20","31020001","1","(0,70,70,70)","(0,80,80,80)","(50,50,50)","(-374,-1,1,374,-30,-1,1,30,-60,-1,1,60)","(100,100,100)","(-374,-1,1,374,-30,-1,1,30,-60,-1,1,60)","93000037","35011008"
"43070028","(8,9,11)","(560,50,90,1350,110,230,3380,280,560,8780,730,1460,23850,1990,3980)","2000","20","31020001","1","(0,70,70,70)","(0,80,80,80)","(50,50,50)","(-374,-1,1,374,-30,-1,1,30,-60,-1,1,60)","(100,100,100)","(-374,-1,1,374,-30,-1,1,30,-60,-1,1,60)","93000037","35011008"
"43070029","(8,9,11)","(560,50,90,1350,110,230,3380,280,560,8780,730,1460,23850,1990,3980,67500,5630,11250,198000,16500,33000)","2000","20","31020001","1","(0,70,70,70)","(0,80,80,80)","(50,50,50)","(-374,-1,1,374,-30,-1,1,30,-60,-1,1,60)","(100,100,100)","(-374,-1,1,374,-30,-1,1,30,-60,-1,1,60)","93000158","35011008"
"43070030","(8,9,11)","(560,50,90,1350,110,230,3380,280,560,8780,730,1460,23850,1990,3980,67500,5630,11250,198000,16500,33000)","2000","20","31020001","1","(0,70,70,70)","(0,80,80,80)","(50,50,50)","(-374,-1,1,374,-30,-1,1,30,-60,-1,1,60)","(100,100,100)","(-374,-1,1,374,-30,-1,1,30,-60,-1,1,60)","93000158","35011008"
"43070031","(8,9,11)","(0,0,0)","2000","20","31020001","1","(0,70,70,70)","(0,80,80,80)","(50,50,50)","(-374,-1,1,374,-30,-1,1,30,-60,-1,1,60)","(100,100,100)","(-374,-1,1,374,-30,-1,1,30,-60,-1,1,60)","93000037","35011008"
"43070032","(8,9,11)","(560,50,90,1350,110,230,3380,280,560,8780,730,1460)","2000","20","31020001","1","(0,70,70,70)","(0,80,80,80)","(50,50,50)","(-374,-1,1,374,-30,-1,1,30,-60,-1,1,60)","(100,100,100)","(-374,-1,1,374,-30,-1,1,30,-60,-1,1,60)","93000037","35011008"
"43070033","(8,9,11)","(560,50,90,1350,110,230,3380,280,560,8780,730,1460,23850,1990,3980)","2000","20","31020001","1","(0,70,70,70)","(0,80,80,80)","(50,50,50)","(-374,-1,1,374,-30,-1,1,30,-60,-1,1,60)","(100,100,100)","(-374,-1,1,374,-30,-1,1,30,-60,-1,1,60)","93000037","35011008"
"43070034","(8,9,11)","(560,50,90,1350,110,230,3380,280,560,8780,730,1460,23850,1990,3980,67500,5630,11250)","2000","20","31020001","1","(0,70,70,70)","(0,80,80,80)","(50,50,50)","(-374,-1,1,374,-30,-1,1,30,-60,-1,1,60)","(100,100,100)","(-374,-1,1,374,-30,-1,1,30,-60,-1,1,60)","93000037","35011008"
"43070035","(8,9,11)","(560,50,90,1350,110,230,3380,280,560,8780,730,1460,23850,1990,3980,67500,5630,11250,198000,16500,33000)","2000","20","31020001","1","(0,70,70,70)","(0,80,80,80)","(50,50,50)","(-374,-1,1,374,-30,-1,1,30,-60,-1,1,60)","(100,100,100)","(-374,-1,1,374,-30,-1,1,30,-60,-1,1,60)","93000158","35011008"
"43070036","(8,9,11)","(560,50,90,1350,110,230,3380,280,560,8780,730,1460,23850,1990,3980,67500,5630,11250,198000,16500,33000,603000,50250,100500)","2000","20","31020001","1","(0,70,70,70)","(0,80,80,80)","(50,50,50)","(-374,-1,1,374,-30,-1,1,30,-60,-1,1,60)","(100,100,100)","(-374,-1,1,374,-30,-1,1,30,-60,-1,1,60)","93000158","35011008"
"43070037","(8,9,11)","(0,0,0)","2000","20","31020001","1","(0,70,70,70)","(0,80,80,80)","(50,50,50)","(-374,-1,1,374,-30,-1,1,30,-60,-1,1,60)","(100,100,100)","(-374,-1,1,374,-30,-1,1,30,-60,-1,1,60)","93000037","35011008"
"43070038","(8,9,11)","(560,50,90,1350,110,230,3380,280,560,8780,730,1460,23850,1990,3980)","2000","20","31020001","1","(0,70,70,70)","(0,80,80,80)","(50,50,50)","(-374,-1,1,374,-30,-1,1,30,-60,-1,1,60)","(100,100,100)","(-374,-1,1,374,-30,-1,1,30,-60,-1,1,60)","93000037","35011008"
"43070039","(8,9,11)","(560,50,90,1350,110,230,3380,280,560,8780,730,1460,23850,1990,3980,67500,5630,11250)","2000","20","31020001","1","(0,70,70,70)","(0,80,80,80)","(50,50,50)","(-374,-1,1,374,-30,-1,1,30,-60,-1,1,60)","(100,100,100)","(-374,-1,1,374,-30,-1,1,30,-60,-1,1,60)","93000037","35011008"
"43070040","(8,9,11)","(560,50,90,1350,110,230,3380,280,560,8780,730,1460,23850,1990,3980,67500,5630,11250,198000,16500,33000)","2000","20","31020001","1","(0,70,70,70)","(0,80,80,80)","(50,50,50)","(-374,-1,1,374,-30,-1,1,30,-60,-1,1,60)","(100,100,100)","(-374,-1,1,374,-30,-1,1,30,-60,-1,1,60)","93000037","35011008"
"43070041","(8,9,11)","(560,50,90,1350,110,230,3380,280,560,8780,730,1460,23850,1990,3980,67500,5630,11250,198000,16500,33000,603000,50250,100500)","2000","20","31020001","1","(0,70,70,70)","(0,80,80,80)","(50,50,50)","(-374,-1,1,374,-30,-1,1,30,-60,-1,1,60)","(100,100,100)","(-374,-1,1,374,-30,-1,1,30,-60,-1,1,60)","93000158","35011008"
"43070042","(8,9,11)","(560,50,90,1350,110,230,3380,280,560,8780,730,1460,23850,1990,3980,67500,5630,11250,198000,16500,33000,603000,50250,100500,1908000,159000,318000)","2000","20","31020001","1","(0,70,70,70)","(0,80,80,80)","(50,50,50)","(-374,-1,1,374,-30,-1,1,30,-60,-1,1,60)","(100,100,100)","(-374,-1,1,374,-30,-1,1,30,-60,-1,1,60)","93000158","35011008"
"43070043","(8,9,11)","(0,0,0)","2000","20","31020001","1","(0,70,70,70)","(0,80,80,80)","(50,50,50)","(-374,-1,1,374,-30,-1,1,30,-60,-1,1,60)","(100,100,100)","(-374,-1,1,374,-30,-1,1,30,-60,-1,1,60)","93000037","35011008"
"43070044","(8,9,11)","(560,50,90,1350,110,230,3380,280,560,8780,730,1460,23850,1990,3980,67500,5630,11250)","2000","20","31020001","1","(0,70,70,70)","(0,80,80,80)","(50,50,50)","(-374,-1,1,374,-30,-1,1,30,-60,-1,1,60)","(100,100,100)","(-374,-1,1,374,-30,-1,1,30,-60,-1,1,60)","93000037","35011008"
"43070045","(8,9,11)","(560,50,90,1350,110,230,3380,280,560,8780,730,1460,23850,1990,3980,67500,5630,11250,198000,16500,33000)","2000","20","31020001","1","(0,70,70,70)","(0,80,80,80)","(50,50,50)","(-374,-1,1,374,-30,-1,1,30,-60,-1,1,60)","(100,100,100)","(-374,-1,1,374,-30,-1,1,30,-60,-1,1,60)","93000037","35011008"
"43070046","(8,9,11)","(560,50,90,1350,110,230,3380,280,560,8780,730,1460,23850,1990,3980,67500,5630,11250,198000,16500,33000,603000,50250,100500)","2000","20","31020001","1","(0,70,70,70)","(0,80,80,80)","(50,50,50)","(-374,-1,1,374,-30,-1,1,30,-60,-1,1,60)","(100,100,100)","(-374,-1,1,374,-30,-1,1,30,-60,-1,1,60)","93000037","35011008"
"43070047","(8,9,11)","(560,50,90,1350,110,230,3380,280,560,8780,730,1460,23850,1990,3980,67500,5630,11250,198000,16500,33000,603000,50250,100500,1908000,159000,318000)","2000","20","31020001","1","(0,70,70,70)","(0,80,80,80)","(50,50,50)","(-374,-1,1,374,-30,-1,1,30,-60,-1,1,60)","(100,100,100)","(-374,-1,1,374,-30,-1,1,30,-60,-1,1,60)","93000158","35011008"
"43070048","(8,9,11)","(560,50,90,1350,110,230,3380,280,560,8780,730,1460,23850,1990,3980,67500,5630,11250,198000,16500,33000,603000,50250,100500,1908000,159000,318000)","2000","20","31020001","1","(0,70,70,70)","(0,80,80,80)","(50,50,50)","(-374,-1,1,374,-30,-1,1,30,-60,-1,1,60)","(100,100,100)","(-374,-1,1,374,-30,-1,1,30,-60,-1,1,60)","93000158","35011008"
"43070049","(8,9,11)","(0,0,0)","2000","20","31020001","1","(0,70,70,70)","(0,80,80,80)","(50,50,50)","(-374,-1,1,374,-30,-1,1,30,-60,-1,1,60)","(100,100,100)","(-374,-1,1,374,-30,-1,1,30,-60,-1,1,60)","93000037","35011008"
"43070050","(8,9,11)","(560,50,90,1350,110,230,3380,280,560,8780,730,1460,23850,1990,3980,67500,5630,11250,198000,16500,33000)","2000","20","31020001","1","(0,70,70,70)","(0,80,80,80)","(50,50,50)","(-374,-1,1,374,-30,-1,1,30,-60,-1,1,60)","(100,100,100)","(-374,-1,1,374,-30,-1,1,30,-60,-1,1,60)","93000037","35011008"
"43070051","(8,9,11)","(560,50,90,1350,110,230,3380,280,560,8780,730,1460,23850,1990,3980,67500,5630,11250,198000,16500,33000,603000,50250,100500)","2000","20","31020001","1","(0,70,70,70)","(0,80,80,80)","(50,50,50)","(-374,-1,1,374,-30,-1,1,30,-60,-1,1,60)","(100,100,100)","(-374,-1,1,374,-30,-1,1,30,-60,-1,1,60)","93000037","35011008"
"43070052","(8,9,11)","(560,50,90,1350,110,230,3380,280,560,8780,730,1460,23850,1990,3980,67500,5630,11250,198000,16500,33000,603000,50250,100500,1908000,159000,318000)","2000","20","31020001","1","(0,70,70,70)","(0,80,80,80)","(50,50,50)","(-374,-1,1,374,-30,-1,1,30,-60,-1,1,60)","(100,100,100)","(-374,-1,1,374,-30,-1,1,30,-60,-1,1,60)","93000037","35011008"
"43070053","(8,9,11)","(560,50,90,1350,110,230,3380,280,560,8780,730,1460,23850,1990,3980,67500,5630,11250,198000,16500,33000,603000,50250,100500,1908000,159000,318000)","2000","20","31020001","1","(0,70,70,70)","(0,80,80,80)","(50,50,50)","(-374,-1,1,374,-30,-1,1,30,-60,-1,1,60)","(100,100,100)","(-374,-1,1,374,-30,-1,1,30,-60,-1,1,60)","93000158","35011008"
"43070054","(8,9,11)","(560,50,90,1350,110,230,3380,280,560,8780,730,1460,23850,1990,3980,67500,5630,11250,198000,16500,33000,603000,50250,100500,1908000,159000,318000)","2000","20","31020001","1","(0,70,70,70)","(0,80,80,80)","(50,50,50)","(-374,-1,1,374,-30,-1,1,30,-60,-1,1,60)","(100,100,100)","(-374,-1,1,374,-30,-1,1,30,-60,-1,1,60)","93000158","35011008"
"43070055","(8,9,11)","(0,0,0)","2000","20","31020001","1","(0,70,70,70)","(0,80,80,80)","(50,50,50)","(-374,-1,1,374,-30,-1,1,30,-60,-1,1,60)","(100,100,100)","(-374,-1,1,374,-30,-1,1,30,-60,-1,1,60)","93000037","35011008"
"43070056","(8,9,11)","(560,50,90,1350,110,230,3380,280,560,8780,730,1460,23850,1990,3980,67500,5630,11250,198000,16500,33000,603000,50250,100500)","2000","20","31020001","1","(0,70,70,70)","(0,80,80,80)","(50,50,50)","(-374,-1,1,374,-30,-1,1,30,-60,-1,1,60)","(100,100,100)","(-374,-1,1,374,-30,-1,1,30,-60,-1,1,60)","93000037","35011008"
"43070057","(8,9,11)","(560,50,90,1350,110,230,3380,280,560,8780,730,1460,23850,1990,3980,67500,5630,11250,198000,16500,33000,603000,50250,100500,1908000,159000,318000)","2000","20","31020001","1","(0,70,70,70)","(0,80,80,80)","(50,50,50)","(-374,-1,1,374,-30,-1,1,30,-60,-1,1,60)","(100,100,100)","(-374,-1,1,374,-30,-1,1,30,-60,-1,1,60)","93000037","35011008"
"43070058","(8,9,11)","(560,50,90,1350,110,230,3380,280,560,8780,730,1460,23850,1990,3980,67500,5630,11250,198000,16500,33000,603000,50250,100500,1908000,159000,318000)","2000","20","31020001","1","(0,70,70,70)","(0,80,80,80)","(50,50,50)","(-374,-1,1,374,-30,-1,1,30,-60,-1,1,60)","(100,100,100)","(-374,-1,1,374,-30,-1,1,30,-60,-1,1,60)","93000037","35011008"
"43070059","(8,9,11)","(560,50,90,1350,110,230,3380,280,560,8780,730,1460,23850,1990,3980,67500,5630,11250,198000,16500,33000,603000,50250,100500,1908000,159000,318000)","2000","20","31020001","1","(0,70,70,70)","(0,80,80,80)","(50,50,50)","(-374,-1,1,374,-30,-1,1,30,-60,-1,1,60)","(100,100,100)","(-374,-1,1,374,-30,-1,1,30,-60,-1,1,60)","93000158","35011008"
"43070060","(8,9,11)","(560,50,90,1350,110,230,3380,280,560,8780,730,1460,23850,1990,3980,67500,5630,11250,198000,16500,33000,603000,50250,100500,1908000,159000,318000)","2000","20","31020001","1","(0,70,70,70)","(0,80,80,80)","(50,50,50)","(-374,-1,1,374,-30,-1,1,30,-60,-1,1,60)","(100,100,100)","(-374,-1,1,374,-30,-1,1,30,-60,-1,1,60)","93000158","35011008"
"43070061","(8,9,11)","(0,0,0)","2000","20","31020001","1","(0,70,70,70)","(0,80,80,80)","(50,50,50)","(-374,-1,1,374,-30,-1,1,30,-60,-1,1,60)","(100,100,100)","(-374,-1,1,374,-30,-1,1,30,-60,-1,1,60)","93000037","35011008"
"43070062","(8,9,11)","(560,50,90)","2000","20","31020001","1","(0,70,70,70)","(0,80,80,80)","(50,50,50)","(-374,-1,1,374,-30,-1,1,30,-60,-1,1,60)","(100,100,100)","(-374,-1,1,374,-30,-1,1,30,-60,-1,1,60)","93000037","35011008"
"43070063","(8,9,11)","(560,50,90)","2000","20","31020001","1","(0,70,70,70)","(0,80,80,80)","(50,50,50)","(-374,-1,1,374,-30,-1,1,30,-60,-1,1,60)","(100,100,100)","(-374,-1,1,374,-30,-1,1,30,-60,-1,1,60)","93000037","35011008"
"43070064","(8,9,11)","(560,50,90)","2000","20","31020001","1","(0,70,70,70)","(0,80,80,80)","(50,50,50)","(-374,-1,1,374,-30,-1,1,30,-60,-1,1,60)","(100,100,100)","(-374,-1,1,374,-30,-1,1,30,-60,-1,1,60)","93000037","35011008"
"43070065","(8,9,11)","(560,50,90,1350,110,230,3380,280,560)","2000","20","31020001","1","(0,70,70,70)","(0,80,80,80)","(50,50,50)","(-374,-1,1,374,-30,-1,1,30,-60,-1,1,60)","(100,100,100)","(-374,-1,1,374,-30,-1,1,30,-60,-1,1,60)","93000158","35011008"
"43070066","(8,9,11)","(560,50,90,1350,110,230,3380,280,560,8780,730,1460,23850,1990,3980)","2000","20","31020001","1","(0,70,70,70)","(0,80,80,80)","(50,50,50)","(-374,-1,1,374,-30,-1,1,30,-60,-1,1,60)","(100,100,100)","(-374,-1,1,374,-30,-1,1,30,-60,-1,1,60)","93000158","35011008"
"43070067","(8,9,11)","(0,0,0)","2000","20","31020001","1","(0,70,70,70)","(0,80,80,80)","(50,50,50)","(-374,-1,1,374,-30,-1,1,30,-60,-1,1,60)","(100,100,100)","(-374,-1,1,374,-30,-1,1,30,-60,-1,1,60)","93000037","35011008"
"43070068","(8,9,11)","(560,50,90)","2000","20","31020001","1","(0,70,70,70)","(0,80,80,80)","(50,50,50)","(-374,-1,1,374,-30,-1,1,30,-60,-1,1,60)","(100,100,100)","(-374,-1,1,374,-30,-1,1,30,-60,-1,1,60)","93000037","35011008"
"43070069","(8,9,11)","(560,50,90)","2000","20","31020001","1","(0,70,70,70)","(0,80,80,80)","(50,50,50)","(-374,-1,1,374,-30,-1,1,30,-60,-1,1,60)","(100,100,100)","(-374,-1,1,374,-30,-1,1,30,-60,-1,1,60)","93000037","35011008"
"43070070","(8,9,11)","(560,50,90,1350,110,230)","2000","20","31020001","1","(0,70,70,70)","(0,80,80,80)","(50,50,50)","(-374,-1,1,374,-30,-1,1,30,-60,-1,1,60)","(100,100,100)","(-374,-1,1,374,-30,-1,1,30,-60,-1,1,60)","93000037","35011008"
"43070071","(8,9,11)","(560,50,90,1350,110,230,3380,280,560,8780,730,1460)","2000","20","31020001","1","(0,70,70,70)","(0,80,80,80)","(50,50,50)","(-374,-1,1,374,-30,-1,1,30,-60,-1,1,60)","(100,100,100)","(-374,-1,1,374,-30,-1,1,30,-60,-1,1,60)","93000158","35011008"
"43070072","(8,9,11)","(560,50,90,1350,110,230,3380,280,560,8780,730,1460,23850,1990,3980,67500,5630,11250)","2000","20","31020001","1","(0,70,70,70)","(0,80,80,80)","(50,50,50)","(-374,-1,1,374,-30,-1,1,30,-60,-1,1,60)","(100,100,100)","(-374,-1,1,374,-30,-1,1,30,-60,-1,1,60)","93000158","35011008"
"43070073","(8,9,11)","(0,0,0)","2000","20","31020001","1","(0,70,70,70)","(0,80,80,80)","(50,50,50)","(-374,-1,1,374,-30,-1,1,30,-60,-1,1,60)","(100,100,100)","(-374,-1,1,374,-30,-1,1,30,-60,-1,1,60)","93000037","35011008"
"43070074","(8,9,11)","(560,50,90)","2000","20","31020001","1","(0,70,70,70)","(0,80,80,80)","(50,50,50)","(-374,-1,1,374,-30,-1,1,30,-60,-1,1,60)","(100,100,100)","(-374,-1,1,374,-30,-1,1,30,-60,-1,1,60)","93000037","35011008"
"43070075","(8,9,11)","(560,50,90,1350,110,230)","2000","20","31020001","1","(0,70,70,70)","(0,80,80,80)","(50,50,50)","(-374,-1,1,374,-30,-1,1,30,-60,-1,1,60)","(100,100,100)","(-374,-1,1,374,-30,-1,1,30,-60,-1,1,60)","93000037","35011008"
"43070076","(8,9,11)","(560,50,90,1350,110,230,3380,280,560)","2000","20","31020001","1","(0,70,70,70)","(0,80,80,80)","(50,50,50)","(-374,-1,1,374,-30,-1,1,30,-60,-1,1,60)","(100,100,100)","(-374,-1,1,374,-30,-1,1,30,-60,-1,1,60)","93000037","35011008"
"43070077","(8,9,11)","(560,50,90,1350,110,230,3380,280,560,8780,730,1460,23850,1990,3980)","2000","20","31020001","1","(0,70,70,70)","(0,80,80,80)","(50,50,50)","(-374,-1,1,374,-30,-1,1,30,-60,-1,1,60)","(100,100,100)","(-374,-1,1,374,-30,-1,1,30,-60,-1,1,60)","93000158","35011008"
"43070078","(8,9,11)","(560,50,90,1350,110,230,3380,280,560,8780,730,1460,23850,1990,3980,67500,5630,11250,198000,16500,33000)","2000","20","31020001","1","(0,70,70,70)","(0,80,80,80)","(50,50,50)","(-374,-1,1,374,-30,-1,1,30,-60,-1,1,60)","(100,100,100)","(-374,-1,1,374,-30,-1,1,30,-60,-1,1,60)","93000158","35011008"
"43070079","(8,9,11)","(0,0,0)","2000","20","31020001","1","(0,70,70,70)","(0,80,80,80)","(50,50,50)","(-374,-1,1,374,-30,-1,1,30,-60,-1,1,60)","(100,100,100)","(-374,-1,1,374,-30,-1,1,30,-60,-1,1,60)","93000037","35011008"
"43070080","(8,9,11)","(560,50,90,1350,110,230)","2000","20","31020001","1","(0,70,70,70)","(0,80,80,80)","(50,50,50)","(-374,-1,1,374,-30,-1,1,30,-60,-1,1,60)","(100,100,100)","(-374,-1,1,374,-30,-1,1,30,-60,-1,1,60)","93000037","35011008"
"43070081","(8,9,11)","(560,50,90,1350,110,230,3380,280,560)","2000","20","31020001","1","(0,70,70,70)","(0,80,80,80)","(50,50,50)","(-374,-1,1,374,-30,-1,1,30,-60,-1,1,60)","(100,100,100)","(-374,-1,1,374,-30,-1,1,30,-60,-1,1,60)","93000037","35011008"
"43070082","(8,9,11)","(560,50,90,1350,110,230,3380,280,560,8780,730,1460)","2000","20","31020001","1","(0,70,70,70)","(0,80,80,80)","(50,50,50)","(-374,-1,1,374,-30,-1,1,30,-60,-1,1,60)","(100,100,100)","(-374,-1,1,374,-30,-1,1,30,-60,-1,1,60)","93000037","35011008"
"43070083","(8,9,11)","(560,50,90,1350,110,230,3380,280,560,8780,730,1460,23850,1990,3980,67500,5630,11250)","2000","20","31020001","1","(0,70,70,70)","(0,80,80,80)","(50,50,50)","(-374,-1,1,374,-30,-1,1,30,-60,-1,1,60)","(100,100,100)","(-374,-1,1,374,-30,-1,1,30,-60,-1,1,60)","93000158","35011008"
"43070084","(8,9,11)","(560,50,90,1350,110,230,3380,280,560,8780,730,1460,23850,1990,3980,67500,5630,11250,198000,16500,33000)","2000","20","31020001","1","(0,70,70,70)","(0,80,80,80)","(50,50,50)","(-374,-1,1,374,-30,-1,1,30,-60,-1,1,60)","(100,100,100)","(-374,-1,1,374,-30,-1,1,30,-60,-1,1,60)","93000158","35011008"
"43070085","(8,9,11)","(0,0,0)","2000","20","31020001","1","(0,70,70,70)","(0,80,80,80)","(50,50,50)","(-374,-1,1,374,-30,-1,1,30,-60,-1,1,60)","(100,100,100)","(-374,-1,1,374,-30,-1,1,30,-60,-1,1,60)","93000037","35011008"
"43070086","(8,9,11)","(560,50,90,1350,110,230,3380,280,560)","2000","20","31020001","1","(0,70,70,70)","(0,80,80,80)","(50,50,50)","(-374,-1,1,374,-30,-1,1,30,-60,-1,1,60)","(100,100,100)","(-374,-1,1,374,-30,-1,1,30,-60,-1,1,60)","93000037","35011008"
"43070087","(8,9,11)","(560,50,90,1350,110,230,3380,280,560,8780,730,1460)","2000","20","31020001","1","(0,70,70,70)","(0,80,80,80)","(50,50,50)","(-374,-1,1,374,-30,-1,1,30,-60,-1,1,60)","(100,100,100)","(-374,-1,1,374,-30,-1,1,30,-60,-1,1,60)","93000037","35011008"
"43070088","(8,9,11)","(560,50,90,1350,110,230,3380,280,560,8780,730,1460,23850,1990,3980)","2000","20","31020001","1","(0,70,70,70)","(0,80,80,80)","(50,50,50)","(-374,-1,1,374,-30,-1,1,30,-60,-1,1,60)","(100,100,100)","(-374,-1,1,374,-30,-1,1,30,-60,-1,1,60)","93000037","35011008"
"43070089","(8,9,11)","(560,50,90,1350,110,230,3380,280,560,8780,730,1460,23850,1990,3980,67500,5630,11250,198000,16500,33000)","2000","20","31020001","1","(0,70,70,70)","(0,80,80,80)","(50,50,50)","(-374,-1,1,374,-30,-1,1,30,-60,-1,1,60)","(100,100,100)","(-374,-1,1,374,-30,-1,1,30,-60,-1,1,60)","93000158","35011008"
"43070090","(8,9,11)","(560,50,90,1350,110,230,3380,280,560,8780,730,1460,23850,1990,3980,67500,5630,11250,198000,16500,33000)","2000","20","31020001","1","(0,70,70,70)","(0,80,80,80)","(50,50,50)","(-374,-1,1,374,-30,-1,1,30,-60,-1,1,60)","(100,100,100)","(-374,-1,1,374,-30,-1,1,30,-60,-1,1,60)","93000158","35011008"
"43070091","(8,9,11)","(0,0,0)","2000","20","31020001","1","(0,70,70,70)","(0,80,80,80)","(50,50,50)","(-374,-1,1,374,-30,-1,1,30,-60,-1,1,60)","(100,100,100)","(-374,-1,1,374,-30,-1,1,30,-60,-1,1,60)","93000037","35011008"
"43070092","(8,9,11)","(560,50,90,1350,110,230,3380,280,560,8780,730,1460)","2000","20","31020001","1","(0,70,70,70)","(0,80,80,80)","(50,50,50)","(-374,-1,1,374,-30,-1,1,30,-60,-1,1,60)","(100,100,100)","(-374,-1,1,374,-30,-1,1,30,-60,-1,1,60)","93000037","35011008"
"43070093","(8,9,11)","(560,50,90,1350,110,230,3380,280,560,8780,730,1460,23850,1990,3980)","2000","20","31020001","1","(0,70,70,70)","(0,80,80,80)","(50,50,50)","(-374,-1,1,374,-30,-1,1,30,-60,-1,1,60)","(100,100,100)","(-374,-1,1,374,-30,-1,1,30,-60,-1,1,60)","93000037","35011008"
"43070094","(8,9,11)","(560,50,90,1350,110,230,3380,280,560,8780,730,1460,23850,1990,3980,67500,5630,11250)","2000","20","31020001","1","(0,70,70,70)","(0,80,80,80)","(50,50,50)","(-374,-1,1,374,-30,-1,1,30,-60,-1,1,60)","(100,100,100)","(-374,-1,1,374,-30,-1,1,30,-60,-1,1,60)","93000037","35011008"
"43070095","(8,9,11)","(560,50,90,1350,110,230,3380,280,560,8780,730,1460,23850,1990,3980,67500,5630,11250,198000,16500,33000)","2000","20","31020001","1","(0,70,70,70)","(0,80,80,80)","(50,50,50)","(-374,-1,1,374,-30,-1,1,30,-60,-1,1,60)","(100,100,100)","(-374,-1,1,374,-30,-1,1,30,-60,-1,1,60)","93000158","35011008"
"43070096","(8,9,11)","(560,50,90,1350,110,230,3380,280,560,8780,730,1460,23850,1990,3980,67500,5630,11250,198000,16500,33000,603000,50250,100500)","2000","20","31020001","1","(0,70,70,70)","(0,80,80,80)","(50,50,50)","(-374,-1,1,374,-30,-1,1,30,-60,-1,1,60)","(100,100,100)","(-374,-1,1,374,-30,-1,1,30,-60,-1,1,60)","93000158","35011008"
"43070097","(8,9,11)","(0,0,0)","2000","20","31020001","1","(0,70,70,70)","(0,80,80,80)","(50,50,50)","(-374,-1,1,374,-30,-1,1,30,-60,-1,1,60)","(100,100,100)","(-374,-1,1,374,-30,-1,1,30,-60,-1,1,60)","93000037","35011008"
"43070098","(8,9,11)","(560,50,90,1350,110,230,3380,280,560,8780,730,1460,23850,1990,3980)","2000","20","31020001","1","(0,70,70,70)","(0,80,80,80)","(50,50,50)","(-374,-1,1,374,-30,-1,1,30,-60,-1,1,60)","(100,100,100)","(-374,-1,1,374,-30,-1,1,30,-60,-1,1,60)","93000037","35011008"
"43070099","(8,9,11)","(560,50,90,1350,110,230,3380,280,560,8780,730,1460,23850,1990,3980,67500,5630,11250)","2000","20","31020001","1","(0,70,70,70)","(0,80,80,80)","(50,50,50)","(-374,-1,1,374,-30,-1,1,30,-60,-1,1,60)","(100,100,100)","(-374,-1,1,374,-30,-1,1,30,-60,-1,1,60)","93000037","35011008"
"43070100","(8,9,11)","(560,50,90,1350,110,230,3380,280,560,8780,730,1460,23850,1990,3980,67500,5630,11250,198000,16500,33000)","2000","20","31020001","1","(0,70,70,70)","(0,80,80,80)","(50,50,50)","(-374,-1,1,374,-30,-1,1,30,-60,-1,1,60)","(100,100,100)","(-374,-1,1,374,-30,-1,1,30,-60,-1,1,60)","93000037","35011008"
"43070101","(8,9,11)","(560,50,90,1350,110,230,3380,280,560,8780,730,1460,23850,1990,3980,67500,5630,11250,198000,16500,33000,603000,50250,100500)","2000","20","31020001","1","(0,70,70,70)","(0,80,80,80)","(50,50,50)","(-374,-1,1,374,-30,-1,1,30,-60,-1,1,60)","(100,100,100)","(-374,-1,1,374,-30,-1,1,30,-60,-1,1,60)","93000158","35011008"
"43070102","(8,9,11)","(560,50,90,1350,110,230,3380,280,560,8780,730,1460,23850,1990,3980,67500,5630,11250,198000,16500,33000,603000,50250,100500,1908000,159000,318000)","2000","20","31020001","1","(0,70,70,70)","(0,80,80,80)","(50,50,50)","(-374,-1,1,374,-30,-1,1,30,-60,-1,1,60)","(100,100,100)","(-374,-1,1,374,-30,-1,1,30,-60,-1,1,60)","93000158","35011008"
"43070103","(8,9,11)","(0,0,0)","2000","20","31020001","1","(0,70,70,70)","(0,80,80,80)","(50,50,50)","(-374,-1,1,374,-30,-1,1,30,-60,-1,1,60)","(100,100,100)","(-374,-1,1,374,-30,-1,1,30,-60,-1,1,60)","93000037","35011008"
"43070104","(8,9,11)","(560,50,90,1350,110,230,3380,280,560,8780,730,1460,23850,1990,3980,67500,5630,11250)","2000","20","31020001","1","(0,70,70,70)","(0,80,80,80)","(50,50,50)","(-374,-1,1,374,-30,-1,1,30,-60,-1,1,60)","(100,100,100)","(-374,-1,1,374,-30,-1,1,30,-60,-1,1,60)","93000037","35011008"
"43070105","(8,9,11)","(560,50,90,1350,110,230,3380,280,560,8780,730,1460,23850,1990,3980,67500,5630,11250,198000,16500,33000)","2000","20","31020001","1","(0,70,70,70)","(0,80,80,80)","(50,50,50)","(-374,-1,1,374,-30,-1,1,30,-60,-1,1,60)","(100,100,100)","(-374,-1,1,374,-30,-1,1,30,-60,-1,1,60)","93000037","35011008"
"43070106","(8,9,11)","(560,50,90,1350,110,230,3380,280,560,8780,730,1460,23850,1990,3980,67500,5630,11250,198000,16500,33000,603000,50250,100500)","2000","20","31020001","1","(0,70,70,70)","(0,80,80,80)","(50,50,50)","(-374,-1,1,374,-30,-1,1,30,-60,-1,1,60)","(100,100,100)","(-374,-1,1,374,-30,-1,1,30,-60,-1,1,60)","93000037","35011008"
"43070107","(8,9,11)","(560,50,90,1350,110,230,3380,280,560,8780,730,1460,23850,1990,3980,67500,5630,11250,198000,16500,33000,603000,50250,100500,1908000,159000,318000)","2000","20","31020001","1","(0,70,70,70)","(0,80,80,80)","(50,50,50)","(-374,-1,1,374,-30,-1,1,30,-60,-1,1,60)","(100,100,100)","(-374,-1,1,374,-30,-1,1,30,-60,-1,1,60)","93000158","35011008"
"43070108","(8,9,11)","(560,50,90,1350,110,230,3380,280,560,8780,730,1460,23850,1990,3980,67500,5630,11250,198000,16500,33000,603000,50250,100500,1908000,159000,318000)","2000","20","31020001","1","(0,70,70,70)","(0,80,80,80)","(50,50,50)","(-374,-1,1,374,-30,-1,1,30,-60,-1,1,60)","(100,100,100)","(-374,-1,1,374,-30,-1,1,30,-60,-1,1,60)","93000158","35011008"
"43070109","(8,9,11)","(0,0,0)","2000","20","31020001","1","(0,70,70,70)","(0,80,80,80)","(50,50,50)","(-374,-1,1,374,-30,-1,1,30,-60,-1,1,60)","(100,100,100)","(-374,-1,1,374,-30,-1,1,30,-60,-1,1,60)","93000037","35011008"
"43070110","(8,9,11)","(560,50,90,1350,110,230,3380,280,560,8780,730,1460,23850,1990,3980,67500,5630,11250,198000,16500,33000)","2000","20","31020001","1","(0,70,70,70)","(0,80,80,80)","(50,50,50)","(-374,-1,1,374,-30,-1,1,30,-60,-1,1,60)","(100,100,100)","(-374,-1,1,374,-30,-1,1,30,-60,-1,1,60)","93000037","35011008"
"43070111","(8,9,11)","(560,50,90,1350,110,230,3380,280,560,8780,730,1460,23850,1990,3980,67500,5630,11250,198000,16500,33000,603000,50250,100500)","2000","20","31020001","1","(0,70,70,70)","(0,80,80,80)","(50,50,50)","(-374,-1,1,374,-30,-1,1,30,-60,-1,1,60)","(100,100,100)","(-374,-1,1,374,-30,-1,1,30,-60,-1,1,60)","93000037","35011008"
"43070112","(8,9,11)","(560,50,90,1350,110,230,3380,280,560,8780,730,1460,23850,1990,3980,67500,5630,11250,198000,16500,33000,603000,50250,100500,1908000,159000,318000)","2000","20","31020001","1","(0,70,70,70)","(0,80,80,80)","(50,50,50)","(-374,-1,1,374,-30,-1,1,30,-60,-1,1,60)","(100,100,100)","(-374,-1,1,374,-30,-1,1,30,-60,-1,1,60)","93000037","35011008"
"43070113","(8,9,11)","(560,50,90,1350,110,230,3380,280,560,8780,730,1460,23850,1990,3980,67500,5630,11250,198000,16500,33000,603000,50250,100500,1908000,159000,318000)","2000","20","31020001","1","(0,70,70,70)","(0,80,80,80)","(50,50,50)","(-374,-1,1,374,-30,-1,1,30,-60,-1,1,60)","(100,100,100)","(-374,-1,1,374,-30,-1,1,30,-60,-1,1,60)","93000158","35011008"
"43070114","(8,9,11)","(560,50,90,1350,110,230,3380,280,560,8780,730,1460,23850,1990,3980,67500,5630,11250,198000,16500,33000,603000,50250,100500,1908000,159000,318000)","2000","20","31020001","1","(0,70,70,70)","(0,80,80,80)","(50,50,50)","(-374,-1,1,374,-30,-1,1,30,-60,-1,1,60)","(100,100,100)","(-374,-1,1,374,-30,-1,1,30,-60,-1,1,60)","93000158","35011008"
"43070115","(8,9,11)","(0,0,0)","2000","20","31020001","1","(0,70,70,70)","(0,80,80,80)","(50,50,50)","(-374,-1,1,374,-30,-1,1,30,-60,-1,1,60)","(100,100,100)","(-374,-1,1,374,-30,-1,1,30,-60,-1,1,60)","93000037","35011008"
"43070116","(8,9,11)","(560,50,90,1350,110,230,3380,280,560,8780,730,1460,23850,1990,3980,67500,5630,11250,198000,16500,33000,603000,50250,100500)","2000","20","31020001","1","(0,70,70,70)","(0,80,80,80)","(50,50,50)","(-374,-1,1,374,-30,-1,1,30,-60,-1,1,60)","(100,100,100)","(-374,-1,1,374,-30,-1,1,30,-60,-1,1,60)","93000037","35011008"
"43070117","(8,9,11)","(560,50,90,1350,110,230,3380,280,560,8780,730,1460,23850,1990,3980,67500,5630,11250,198000,16500,33000,603000,50250,100500,1908000,159000,318000)","2000","20","31020001","1","(0,70,70,70)","(0,80,80,80)","(50,50,50)","(-374,-1,1,374,-30,-1,1,30,-60,-1,1,60)","(100,100,100)","(-374,-1,1,374,-30,-1,1,30,-60,-1,1,60)","93000037","35011008"
"43070118","(8,9,11)","(560,50,90,1350,110,230,3380,280,560,8780,730,1460,23850,1990,3980,67500,5630,11250,198000,16500,33000,603000,50250,100500,1908000,159000,318000)","2000","20","31020001","1","(0,70,70,70)","(0,80,80,80)","(50,50,50)","(-374,-1,1,374,-30,-1,1,30,-60,-1,1,60)","(100,100,100)","(-374,-1,1,374,-30,-1,1,30,-60,-1,1,60)","93000037","35011008"
"43070119","(8,9,11)","(560,50,90,1350,110,230,3380,280,560,8780,730,1460,23850,1990,3980,67500,5630,11250,198000,16500,33000,603000,50250,100500,1908000,159000,318000)","2000","20","31020001","1","(0,70,70,70)","(0,80,80,80)","(50,50,50)","(-374,-1,1,374,-30,-1,1,30,-60,-1,1,60)","(100,100,100)","(-374,-1,1,374,-30,-1,1,30,-60,-1,1,60)","93000158","35011008"
"43070120","(8,9,11)","(560,50,90,1350,110,230,3380,280,560,8780,730,1460,23850,1990,3980,67500,5630,11250,198000,16500,33000,603000,50250,100500,1908000,159000,318000)","2000","20","31020001","1","(0,70,70,70)","(0,80,80,80)","(50,50,50)","(-374,-1,1,374,-30,-1,1,30,-60,-1,1,60)","(100,100,100)","(-374,-1,1,374,-30,-1,1,30,-60,-1,1,60)","93000158","35011008"
"43070121","(8,9,11)","(0,0,0)","2000","20","31020001","1","(0,70,70,70)","(0,80,80,80)","(50,50,50)","(-374,-1,1,374,-30,-1,1,30,-60,-1,1,60)","(100,100,100)","(-374,-1,1,374,-30,-1,1,30,-60,-1,1,60)","93000037","35011008"
"43070122","(8,9,11)","(560,50,90)","2000","20","31020001","1","(0,70,70,70)","(0,80,80,80)","(50,50,50)","(-374,-1,1,374,-30,-1,1,30,-60,-1,1,60)","(100,100,100)","(-374,-1,1,374,-30,-1,1,30,-60,-1,1,60)","93000037","35011008"
"43070123","(8,9,11)","(560,50,90)","2000","20","31020001","1","(0,70,70,70)","(0,80,80,80)","(50,50,50)","(-374,-1,1,374,-30,-1,1,30,-60,-1,1,60)","(100,100,100)","(-374,-1,1,374,-30,-1,1,30,-60,-1,1,60)","93000037","35011008"
"43070124","(8,9,11)","(560,50,90)","2000","20","31020001","1","(0,70,70,70)","(0,80,80,80)","(50,50,50)","(-374,-1,1,374,-30,-1,1,30,-60,-1,1,60)","(100,100,100)","(-374,-1,1,374,-30,-1,1,30,-60,-1,1,60)","93000037","35011008"
"43070125","(8,9,11)","(560,50,90,1350,110,230,3380,280,560)","2000","20","31020001","1","(0,70,70,70)","(0,80,80,80)","(50,50,50)","(-374,-1,1,374,-30,-1,1,30,-60,-1,1,60)","(100,100,100)","(-374,-1,1,374,-30,-1,1,30,-60,-1,1,60)","93000158","35011008"
"43070126","(8,9,11)","(560,50,90,1350,110,230,3380,280,560,8780,730,1460,23850,1990,3980)","2000","20","31020001","1","(0,70,70,70)","(0,80,80,80)","(50,50,50)","(-374,-1,1,374,-30,-1,1,30,-60,-1,1,60)","(100,100,100)","(-374,-1,1,374,-30,-1,1,30,-60,-1,1,60)","93000158","35011008"
"43070127","(8,9,11)","(0,0,0)","2000","20","31020001","1","(0,70,70,70)","(0,80,80,80)","(50,50,50)","(-374,-1,1,374,-30,-1,1,30,-60,-1,1,60)","(100,100,100)","(-374,-1,1,374,-30,-1,1,30,-60,-1,1,60)","93000037","35011008"
"43070128","(8,9,11)","(560,50,90)","2000","20","31020001","1","(0,70,70,70)","(0,80,80,80)","(50,50,50)","(-374,-1,1,374,-30,-1,1,30,-60,-1,1,60)","(100,100,100)","(-374,-1,1,374,-30,-1,1,30,-60,-1,1,60)","93000037","35011008"
"43070129","(8,9,11)","(560,50,90)","2000","20","31020001","1","(0,70,70,70)","(0,80,80,80)","(50,50,50)","(-374,-1,1,374,-30,-1,1,30,-60,-1,1,60)","(100,100,100)","(-374,-1,1,374,-30,-1,1,30,-60,-1,1,60)","93000037","35011008"
"43070130","(8,9,11)","(560,50,90,1350,110,230)","2000","20","31020001","1","(0,70,70,70)","(0,80,80,80)","(50,50,50)","(-374,-1,1,374,-30,-1,1,30,-60,-1,1,60)","(100,100,100)","(-374,-1,1,374,-30,-1,1,30,-60,-1,1,60)","93000037","35011008"
"43070131","(8,9,11)","(560,50,90,1350,110,230,3380,280,560,8780,730,1460)","2000","20","31020001","1","(0,70,70,70)","(0,80,80,80)","(50,50,50)","(-374,-1,1,374,-30,-1,1,30,-60,-1,1,60)","(100,100,100)","(-374,-1,1,374,-30,-1,1,30,-60,-1,1,60)","93000158","35011008"
"43070132","(8,9,11)","(560,50,90,1350,110,230,3380,280,560,8780,730,1460,23850,1990,3980,67500,5630,11250)","2000","20","31020001","1","(0,70,70,70)","(0,80,80,80)","(50,50,50)","(-374,-1,1,374,-30,-1,1,30,-60,-1,1,60)","(100,100,100)","(-374,-1,1,374,-30,-1,1,30,-60,-1,1,60)","93000158","35011008"
"43070133","(8,9,11)","(0,0,0)","2000","20","31020001","1","(0,70,70,70)","(0,80,80,80)","(50,50,50)","(-374,-1,1,374,-30,-1,1,30,-60,-1,1,60)","(100,100,100)","(-374,-1,1,374,-30,-1,1,30,-60,-1,1,60)","93000037","35011008"
"43070134","(8,9,11)","(560,50,90)","2000","20","31020001","1","(0,70,70,70)","(0,80,80,80)","(50,50,50)","(-374,-1,1,374,-30,-1,1,30,-60,-1,1,60)","(100,100,100)","(-374,-1,1,374,-30,-1,1,30,-60,-1,1,60)","93000037","35011008"
"43070135","(8,9,11)","(560,50,90,1350,110,230)","2000","20","31020001","1","(0,70,70,70)","(0,80,80,80)","(50,50,50)","(-374,-1,1,374,-30,-1,1,30,-60,-1,1,60)","(100,100,100)","(-374,-1,1,374,-30,-1,1,30,-60,-1,1,60)","93000037","35011008"
"43070136","(8,9,11)","(560,50,90,1350,110,230,3380,280,560)","2000","20","31020001","1","(0,70,70,70)","(0,80,80,80)","(50,50,50)","(-374,-1,1,374,-30,-1,1,30,-60,-1,1,60)","(100,100,100)","(-374,-1,1,374,-30,-1,1,30,-60,-1,1,60)","93000037","35011008"
"43070137","(8,9,11)","(560,50,90,1350,110,230,3380,280,560,8780,730,1460,23850,1990,3980)","2000","20","31020001","1","(0,70,70,70)","(0,80,80,80)","(50,50,50)","(-374,-1,1,374,-30,-1,1,30,-60,-1,1,60)","(100,100,100)","(-374,-1,1,374,-30,-1,1,30,-60,-1,1,60)","93000158","35011008"
"43070138","(8,9,11)","(560,50,90,1350,110,230,3380,280,560,8780,730,1460,23850,1990,3980,67500,5630,11250,198000,16500,33000)","2000","20","31020001","1","(0,70,70,70)","(0,80,80,80)","(50,50,50)","(-374,-1,1,374,-30,-1,1,30,-60,-1,1,60)","(100,100,100)","(-374,-1,1,374,-30,-1,1,30,-60,-1,1,60)","93000158","35011008"
"43070139","(8,9,11)","(0,0,0)","2000","20","31020001","1","(0,70,70,70)","(0,80,80,80)","(50,50,50)","(-374,-1,1,374,-30,-1,1,30,-60,-1,1,60)","(100,100,100)","(-374,-1,1,374,-30,-1,1,30,-60,-1,1,60)","93000037","35011008"
"43070140","(8,9,11)","(560,50,90,1350,110,230)","2000","20","31020001","1","(0,70,70,70)","(0,80,80,80)","(50,50,50)","(-374,-1,1,374,-30,-1,1,30,-60,-1,1,60)","(100,100,100)","(-374,-1,1,374,-30,-1,1,30,-60,-1,1,60)","93000037","35011008"
"43070141","(8,9,11)","(560,50,90,1350,110,230,3380,280,560)","2000","20","31020001","1","(0,70,70,70)","(0,80,80,80)","(50,50,50)","(-374,-1,1,374,-30,-1,1,30,-60,-1,1,60)","(100,100,100)","(-374,-1,1,374,-30,-1,1,30,-60,-1,1,60)","93000037","35011008"
"43070142","(8,9,11)","(560,50,90,1350,110,230,3380,280,560,8780,730,1460)","2000","20","31020001","1","(0,70,70,70)","(0,80,80,80)","(50,50,50)","(-374,-1,1,374,-30,-1,1,30,-60,-1,1,60)","(100,100,100)","(-374,-1,1,374,-30,-1,1,30,-60,-1,1,60)","93000037","35011008"
"43070143","(8,9,11)","(560,50,90,1350,110,230,3380,280,560,8780,730,1460,23850,1990,3980,67500,5630,11250)","2000","20","31020001","1","(0,70,70,70)","(0,80,80,80)","(50,50,50)","(-374,-1,1,374,-30,-1,1,30,-60,-1,1,60)","(100,100,100)","(-374,-1,1,374,-30,-1,1,30,-60,-1,1,60)","93000158","35011008"
"43070144","(8,9,11)","(560,50,90,1350,110,230,3380,280,560,8780,730,1460,23850,1990,3980,67500,5630,11250,198000,16500,33000)","2000","20","31020001","1","(0,70,70,70)","(0,80,80,80)","(50,50,50)","(-374,-1,1,374,-30,-1,1,30,-60,-1,1,60)","(100,100,100)","(-374,-1,1,374,-30,-1,1,30,-60,-1,1,60)","93000158","35011008"
"43070145","(8,9,11)","(0,0,0)","2000","20","31020001","1","(0,70,70,70)","(0,80,80,80)","(50,50,50)","(-374,-1,1,374,-30,-1,1,30,-60,-1,1,60)","(100,100,100)","(-374,-1,1,374,-30,-1,1,30,-60,-1,1,60)","93000037","35011008"
"43070146","(8,9,11)","(560,50,90,1350,110,230,3380,280,560)","2000","20","31020001","1","(0,70,70,70)","(0,80,80,80)","(50,50,50)","(-374,-1,1,374,-30,-1,1,30,-60,-1,1,60)","(100,100,100)","(-374,-1,1,374,-30,-1,1,30,-60,-1,1,60)","93000037","35011008"
"43070147","(8,9,11)","(560,50,90,1350,110,230,3380,280,560,8780,730,1460)","2000","20","31020001","1","(0,70,70,70)","(0,80,80,80)","(50,50,50)","(-374,-1,1,374,-30,-1,1,30,-60,-1,1,60)","(100,100,100)","(-374,-1,1,374,-30,-1,1,30,-60,-1,1,60)","93000037","35011008"
"43070148","(8,9,11)","(560,50,90,1350,110,230,3380,280,560,8780,730,1460,23850,1990,3980)","2000","20","31020001","1","(0,70,70,70)","(0,80,80,80)","(50,50,50)","(-374,-1,1,374,-30,-1,1,30,-60,-1,1,60)","(100,100,100)","(-374,-1,1,374,-30,-1,1,30,-60,-1,1,60)","93000037","35011008"
"43070149","(8,9,11)","(560,50,90,1350,110,230,3380,280,560,8780,730,1460,23850,1990,3980,67500,5630,11250,198000,16500,33000)","2000","20","31020001","1","(0,70,70,70)","(0,80,80,80)","(50,50,50)","(-374,-1,1,374,-30,-1,1,30,-60,-1,1,60)","(100,100,100)","(-374,-1,1,374,-30,-1,1,30,-60,-1,1,60)","93000158","35011008"
"43070150","(8,9,11)","(560,50,90,1350,110,230,3380,280,560,8780,730,1460,23850,1990,3980,67500,5630,11250,198000,16500,33000)","2000","20","31020001","1","(0,70,70,70)","(0,80,80,80)","(50,50,50)","(-374,-1,1,374,-30,-1,1,30,-60,-1,1,60)","(100,100,100)","(-374,-1,1,374,-30,-1,1,30,-60,-1,1,60)","93000158","35011008"
"43070151","(8,9,11)","(0,0,0)","2000","20","31020001","1","(0,70,70,70)","(0,80,80,80)","(50,50,50)","(-374,-1,1,374,-30,-1,1,30,-60,-1,1,60)","(100,100,100)","(-374,-1,1,374,-30,-1,1,30,-60,-1,1,60)","93000037","35011008"
"43070152","(8,9,11)","(560,50,90,1350,110,230,3380,280,560,8780,730,1460)","2000","20","31020001","1","(0,70,70,70)","(0,80,80,80)","(50,50,50)","(-374,-1,1,374,-30,-1,1,30,-60,-1,1,60)","(100,100,100)","(-374,-1,1,374,-30,-1,1,30,-60,-1,1,60)","93000037","35011008"
"43070153","(8,9,11)","(560,50,90,1350,110,230,3380,280,560,8780,730,1460,23850,1990,3980)","2000","20","31020001","1","(0,70,70,70)","(0,80,80,80)","(50,50,50)","(-374,-1,1,374,-30,-1,1,30,-60,-1,1,60)","(100,100,100)","(-374,-1,1,374,-30,-1,1,30,-60,-1,1,60)","93000037","35011008"
"43070154","(8,9,11)","(560,50,90,1350,110,230,3380,280,560,8780,730,1460,23850,1990,3980,67500,5630,11250)","2000","20","31020001","1","(0,70,70,70)","(0,80,80,80)","(50,50,50)","(-374,-1,1,374,-30,-1,1,30,-60,-1,1,60)","(100,100,100)","(-374,-1,1,374,-30,-1,1,30,-60,-1,1,60)","93000037","35011008"
"43070155","(8,9,11)","(560,50,90,1350,110,230,3380,280,560,8780,730,1460,23850,1990,3980,67500,5630,11250,198000,16500,33000)","2000","20","31020001","1","(0,70,70,70)","(0,80,80,80)","(50,50,50)","(-374,-1,1,374,-30,-1,1,30,-60,-1,1,60)","(100,100,100)","(-374,-1,1,374,-30,-1,1,30,-60,-1,1,60)","93000158","35011008"
"43070156","(8,9,11)","(560,50,90,1350,110,230,3380,280,560,8780,730,1460,23850,1990,3980,67500,5630,11250,198000,16500,33000,603000,50250,100500)","2000","20","31020001","1","(0,70,70,70)","(0,80,80,80)","(50,50,50)","(-374,-1,1,374,-30,-1,1,30,-60,-1,1,60)","(100,100,100)","(-374,-1,1,374,-30,-1,1,30,-60,-1,1,60)","93000158","35011008"
"43070157","(8,9,11)","(0,0,0)","2000","20","31020001","1","(0,70,70,70)","(0,80,80,80)","(50,50,50)","(-374,-1,1,374,-30,-1,1,30,-60,-1,1,60)","(100,100,100)","(-374,-1,1,374,-30,-1,1,30,-60,-1,1,60)","93000037","35011008"
"43070158","(8,9,11)","(560,50,90,1350,110,230,3380,280,560,8780,730,1460,23850,1990,3980)","2000","20","31020001","1","(0,70,70,70)","(0,80,80,80)","(50,50,50)","(-374,-1,1,374,-30,-1,1,30,-60,-1,1,60)","(100,100,100)","(-374,-1,1,374,-30,-1,1,30,-60,-1,1,60)","93000037","35011008"
"43070159","(8,9,11)","(560,50,90,1350,110,230,3380,280,560,8780,730,1460,23850,1990,3980,67500,5630,11250)","2000","20","31020001","1","(0,70,70,70)","(0,80,80,80)","(50,50,50)","(-374,-1,1,374,-30,-1,1,30,-60,-1,1,60)","(100,100,100)","(-374,-1,1,374,-30,-1,1,30,-60,-1,1,60)","93000037","35011008"
"43070160","(8,9,11)","(560,50,90,1350,110,230,3380,280,560,8780,730,1460,23850,1990,3980,67500,5630,11250,198000,16500,33000)","2000","20","31020001","1","(0,70,70,70)","(0,80,80,80)","(50,50,50)","(-374,-1,1,374,-30,-1,1,30,-60,-1,1,60)","(100,100,100)","(-374,-1,1,374,-30,-1,1,30,-60,-1,1,60)","93000037","35011008"
"43070161","(8,9,11)","(560,50,90,1350,110,230,3380,280,560,8780,730,1460,23850,1990,3980,67500,5630,11250,198000,16500,33000,603000,50250,100500)","2000","20","31020001","1","(0,70,70,70)","(0,80,80,80)","(50,50,50)","(-374,-1,1,374,-30,-1,1,30,-60,-1,1,60)","(100,100,100)","(-374,-1,1,374,-30,-1,1,30,-60,-1,1,60)","93000158","35011008"
"43070162","(8,9,11)","(560,50,90,1350,110,230,3380,280,560,8780,730,1460,23850,1990,3980,67500,5630,11250,198000,16500,33000,603000,50250,100500,1908000,159000,318000)","2000","20","31020001","1","(0,70,70,70)","(0,80,80,80)","(50,50,50)","(-374,-1,1,374,-30,-1,1,30,-60,-1,1,60)","(100,100,100)","(-374,-1,1,374,-30,-1,1,30,-60,-1,1,60)","93000158","35011008"
"43070163","(8,9,11)","(0,0,0)","2000","20","31020001","1","(0,70,70,70)","(0,80,80,80)","(50,50,50)","(-374,-1,1,374,-30,-1,1,30,-60,-1,1,60)","(100,100,100)","(-374,-1,1,374,-30,-1,1,30,-60,-1,1,60)","93000037","35011008"
"43070164","(8,9,11)","(560,50,90,1350,110,230,3380,280,560,8780,730,1460,23850,1990,3980,67500,5630,11250)","2000","20","31020001","1","(0,70,70,70)","(0,80,80,80)","(50,50,50)","(-374,-1,1,374,-30,-1,1,30,-60,-1,1,60)","(100,100,100)","(-374,-1,1,374,-30,-1,1,30,-60,-1,1,60)","93000037","35011008"
"43070165","(8,9,11)","(560,50,90,1350,110,230,3380,280,560,8780,730,1460,23850,1990,3980,67500,5630,11250,198000,16500,33000)","2000","20","31020001","1","(0,70,70,70)","(0,80,80,80)","(50,50,50)","(-374,-1,1,374,-30,-1,1,30,-60,-1,1,60)","(100,100,100)","(-374,-1,1,374,-30,-1,1,30,-60,-1,1,60)","93000037","35011008"
"43070166","(8,9,11)","(560,50,90,1350,110,230,3380,280,560,8780,730,1460,23850,1990,3980,67500,5630,11250,198000,16500,33000,603000,50250,100500)","2000","20","31020001","1","(0,70,70,70)","(0,80,80,80)","(50,50,50)","(-374,-1,1,374,-30,-1,1,30,-60,-1,1,60)","(100,100,100)","(-374,-1,1,374,-30,-1,1,30,-60,-1,1,60)","93000037","35011008"
"43070167","(8,9,11)","(560,50,90,1350,110,230,3380,280,560,8780,730,1460,23850,1990,3980,67500,5630,11250,198000,16500,33000,603000,50250,100500,1908000,159000,318000)","2000","20","31020001","1","(0,70,70,70)","(0,80,80,80)","(50,50,50)","(-374,-1,1,374,-30,-1,1,30,-60,-1,1,60)","(100,100,100)","(-374,-1,1,374,-30,-1,1,30,-60,-1,1,60)","93000158","35011008"
"43070168","(8,9,11)","(560,50,90,1350,110,230,3380,280,560,8780,730,1460,23850,1990,3980,67500,5630,11250,198000,16500,33000,603000,50250,100500,1908000,159000,318000)","2000","20","31020001","1","(0,70,70,70)","(0,80,80,80)","(50,50,50)","(-374,-1,1,374,-30,-1,1,30,-60,-1,1,60)","(100,100,100)","(-374,-1,1,374,-30,-1,1,30,-60,-1,1,60)","93000158","35011008"
"43070169","(8,9,11)","(0,0,0)","2000","20","31020001","1","(0,70,70,70)","(0,80,80,80)","(50,50,50)","(-374,-1,1,374,-30,-1,1,30,-60,-1,1,60)","(100,100,100)","(-374,-1,1,374,-30,-1,1,30,-60,-1,1,60)","93000037","35011008"
"43070170","(8,9,11)","(560,50,90,1350,110,230,3380,280,560,8780,730,1460,23850,1990,3980,67500,5630,11250,198000,16500,33000)","2000","20","31020001","1","(0,70,70,70)","(0,80,80,80)","(50,50,50)","(-374,-1,1,374,-30,-1,1,30,-60,-1,1,60)","(100,100,100)","(-374,-1,1,374,-30,-1,1,30,-60,-1,1,60)","93000037","35011008"
"43070171","(8,9,11)","(560,50,90,1350,110,230,3380,280,560,8780,730,1460,23850,1990,3980,67500,5630,11250,198000,16500,33000,603000,50250,100500)","2000","20","31020001","1","(0,70,70,70)","(0,80,80,80)","(50,50,50)","(-374,-1,1,374,-30,-1,1,30,-60,-1,1,60)","(100,100,100)","(-374,-1,1,374,-30,-1,1,30,-60,-1,1,60)","93000037","35011008"
"43070172","(8,9,11)","(560,50,90,1350,110,230,3380,280,560,8780,730,1460,23850,1990,3980,67500,5630,11250,198000,16500,33000,603000,50250,100500,1908000,159000,318000)","2000","20","31020001","1","(0,70,70,70)","(0,80,80,80)","(50,50,50)","(-374,-1,1,374,-30,-1,1,30,-60,-1,1,60)","(100,100,100)","(-374,-1,1,374,-30,-1,1,30,-60,-1,1,60)","93000037","35011008"
"43070173","(8,9,11)","(560,50,90,1350,110,230,3380,280,560,8780,730,1460,23850,1990,3980,67500,5630,11250,198000,16500,33000,603000,50250,100500,1908000,159000,318000)","2000","20","31020001","1","(0,70,70,70)","(0,80,80,80)","(50,50,50)","(-374,-1,1,374,-30,-1,1,30,-60,-1,1,60)","(100,100,100)","(-374,-1,1,374,-30,-1,1,30,-60,-1,1,60)","93000158","35011008"
"43070174","(8,9,11)","(560,50,90,1350,110,230,3380,280,560,8780,730,1460,23850,1990,3980,67500,5630,11250,198000,16500,33000,603000,50250,100500,1908000,159000,318000)","2000","20","31020001","1","(0,70,70,70)","(0,80,80,80)","(50,50,50)","(-374,-1,1,374,-30,-1,1,30,-60,-1,1,60)","(100,100,100)","(-374,-1,1,374,-30,-1,1,30,-60,-1,1,60)","93000158","35011008"
"43070175","(8,9,11)","(0,0,0)","2000","20","31020001","1","(0,70,70,70)","(0,80,80,80)","(50,50,50)","(-374,-1,1,374,-30,-1,1,30,-60,-1,1,60)","(100,100,100)","(-374,-1,1,374,-30,-1,1,30,-60,-1,1,60)","93000037","35011008"
"43070176","(8,9,11)","(560,50,90,1350,110,230,3380,280,560,8780,730,1460,23850,1990,3980,67500,5630,11250,198000,16500,33000,603000,50250,100500)","2000","20","31020001","1","(0,70,70,70)","(0,80,80,80)","(50,50,50)","(-374,-1,1,374,-30,-1,1,30,-60,-1,1,60)","(100,100,100)","(-374,-1,1,374,-30,-1,1,30,-60,-1,1,60)","93000037","35011008"
"43070177","(8,9,11)","(560,50,90,1350,110,230,3380,280,560,8780,730,1460,23850,1990,3980,67500,5630,11250,198000,16500,33000,603000,50250,100500,1908000,159000,318000)","2000","20","31020001","1","(0,70,70,70)","(0,80,80,80)","(50,50,50)","(-374,-1,1,374,-30,-1,1,30,-60,-1,1,60)","(100,100,100)","(-374,-1,1,374,-30,-1,1,30,-60,-1,1,60)","93000037","35011008"
"43070178","(8,9,11)","(560,50,90,1350,110,230,3380,280,560,8780,730,1460,23850,1990,3980,67500,5630,11250,198000,16500,33000,603000,50250,100500,1908000,159000,318000)","2000","20","31020001","1","(0,70,70,70)","(0,80,80,80)","(50,50,50)","(-374,-1,1,374,-30,-1,1,30,-60,-1,1,60)","(100,100,100)","(-374,-1,1,374,-30,-1,1,30,-60,-1,1,60)","93000037","35011008"
"43070179","(8,9,11)","(560,50,90,1350,110,230,3380,280,560,8780,730,1460,23850,1990,3980,67500,5630,11250,198000,16500,33000,603000,50250,100500,1908000,159000,318000)","2000","20","31020001","1","(0,70,70,70)","(0,80,80,80)","(50,50,50)","(-374,-1,1,374,-30,-1,1,30,-60,-1,1,60)","(100,100,100)","(-374,-1,1,374,-30,-1,1,30,-60,-1,1,60)","93000158","35011008"
"43070180","(8,9,11)","(560,50,90,1350,110,230,3380,280,560,8780,730,1460,23850,1990,3980,67500,5630,11250,198000,16500,33000,603000,50250,100500,1908000,159000,318000)","2000","20","31020001","1","(0,70,70,70)","(0,80,80,80)","(50,50,50)","(-374,-1,1,374,-30,-1,1,30,-60,-1,1,60)","(100,100,100)","(-374,-1,1,374,-30,-1,1,30,-60,-1,1,60)","93000158","35011008"
"43070181","(8,9,11)","(0,0,0)","2000","20","31020001","1","(0,70,70,70)","(0,80,80,80)","(50,50,50)","(-374,-1,1,374,-30,-1,1,30,-60,-1,1,60)","(100,100,100)","(-374,-1,1,374,-30,-1,1,30,-60,-1,1,60)","93000037","35011008"
"43070182","(8,9,11)","(560,50,90)","2000","20","31020001","1","(0,70,70,70)","(0,80,80,80)","(50,50,50)","(-374,-1,1,374,-30,-1,1,30,-60,-1,1,60)","(100,100,100)","(-374,-1,1,374,-30,-1,1,30,-60,-1,1,60)","93000037","35011008"
"43070183","(8,9,11)","(560,50,90)","2000","20","31020001","1","(0,70,70,70)","(0,80,80,80)","(50,50,50)","(-374,-1,1,374,-30,-1,1,30,-60,-1,1,60)","(100,100,100)","(-374,-1,1,374,-30,-1,1,30,-60,-1,1,60)","93000037","35011008"
"43070184","(8,9,11)","(560,50,90)","2000","20","31020001","1","(0,70,70,70)","(0,80,80,80)","(50,50,50)","(-374,-1,1,374,-30,-1,1,30,-60,-1,1,60)","(100,100,100)","(-374,-1,1,374,-30,-1,1,30,-60,-1,1,60)","93000037","35011008"
"43070185","(8,9,11)","(560,50,90,1350,110,230,3380,280,560)","2000","20","31020001","1","(0,70,70,70)","(0,80,80,80)","(50,50,50)","(-374,-1,1,374,-30,-1,1,30,-60,-1,1,60)","(100,100,100)","(-374,-1,1,374,-30,-1,1,30,-60,-1,1,60)","93000158","35011008"
"43070186","(8,9,11)","(560,50,90,1350,110,230,3380,280,560,8780,730,1460,23850,1990,3980)","2000","20","31020001","1","(0,70,70,70)","(0,80,80,80)","(50,50,50)","(-374,-1,1,374,-30,-1,1,30,-60,-1,1,60)","(100,100,100)","(-374,-1,1,374,-30,-1,1,30,-60,-1,1,60)","93000158","35011008"
"43070187","(8,9,11)","(0,0,0)","2000","20","31020001","1","(0,70,70,70)","(0,80,80,80)","(50,50,50)","(-374,-1,1,374,-30,-1,1,30,-60,-1,1,60)","(100,100,100)","(-374,-1,1,374,-30,-1,1,30,-60,-1,1,60)","93000037","35011008"
"43070188","(8,9,11)","(560,50,90)","2000","20","31020001","1","(0,70,70,70)","(0,80,80,80)","(50,50,50)","(-374,-1,1,374,-30,-1,1,30,-60,-1,1,60)","(100,100,100)","(-374,-1,1,374,-30,-1,1,30,-60,-1,1,60)","93000037","35011008"
"43070189","(8,9,11)","(560,50,90)","2000","20","31020001","1","(0,70,70,70)","(0,80,80,80)","(50,50,50)","(-374,-1,1,374,-30,-1,1,30,-60,-1,1,60)","(100,100,100)","(-374,-1,1,374,-30,-1,1,30,-60,-1,1,60)","93000037","35011008"
"43070190","(8,9,11)","(560,50,90,1350,110,230)","2000","20","31020001","1","(0,70,70,70)","(0,80,80,80)","(50,50,50)","(-374,-1,1,374,-30,-1,1,30,-60,-1,1,60)","(100,100,100)","(-374,-1,1,374,-30,-1,1,30,-60,-1,1,60)","93000037","35011008"
"43070191","(8,9,11)","(560,50,90,1350,110,230,3380,280,560,8780,730,1460)","2000","20","31020001","1","(0,70,70,70)","(0,80,80,80)","(50,50,50)","(-374,-1,1,374,-30,-1,1,30,-60,-1,1,60)","(100,100,100)","(-374,-1,1,374,-30,-1,1,30,-60,-1,1,60)","93000158","35011008"
"43070192","(8,9,11)","(560,50,90,1350,110,230,3380,280,560,8780,730,1460,23850,1990,3980,67500,5630,11250)","2000","20","31020001","1","(0,70,70,70)","(0,80,80,80)","(50,50,50)","(-374,-1,1,374,-30,-1,1,30,-60,-1,1,60)","(100,100,100)","(-374,-1,1,374,-30,-1,1,30,-60,-1,1,60)","93000158","35011008"
"43070193","(8,9,11)","(0,0,0)","2000","20","31020001","1","(0,70,70,70)","(0,80,80,80)","(50,50,50)","(-374,-1,1,374,-30,-1,1,30,-60,-1,1,60)","(100,100,100)","(-374,-1,1,374,-30,-1,1,30,-60,-1,1,60)","93000037","35011008"
"43070194","(8,9,11)","(560,50,90)","2000","20","31020001","1","(0,70,70,70)","(0,80,80,80)","(50,50,50)","(-374,-1,1,374,-30,-1,1,30,-60,-1,1,60)","(100,100,100)","(-374,-1,1,374,-30,-1,1,30,-60,-1,1,60)","93000037","35011008"
"43070195","(8,9,11)","(560,50,90,1350,110,230)","2000","20","31020001","1","(0,70,70,70)","(0,80,80,80)","(50,50,50)","(-374,-1,1,374,-30,-1,1,30,-60,-1,1,60)","(100,100,100)","(-374,-1,1,374,-30,-1,1,30,-60,-1,1,60)","93000037","35011008"
"43070196","(8,9,11)","(560,50,90,1350,110,230,3380,280,560)","2000","20","31020001","1","(0,70,70,70)","(0,80,80,80)","(50,50,50)","(-374,-1,1,374,-30,-1,1,30,-60,-1,1,60)","(100,100,100)","(-374,-1,1,374,-30,-1,1,30,-60,-1,1,60)","93000037","35011008"
"43070197","(8,9,11)","(560,50,90,1350,110,230,3380,280,560,8780,730,1460,23850,1990,3980)","2000","20","31020001","1","(0,70,70,70)","(0,80,80,80)","(50,50,50)","(-374,-1,1,374,-30,-1,1,30,-60,-1,1,60)","(100,100,100)","(-374,-1,1,374,-30,-1,1,30,-60,-1,1,60)","93000158","35011008"
"43070198","(8,9,11)","(560,50,90,1350,110,230,3380,280,560,8780,730,1460,23850,1990,3980,67500,5630,11250,198000,16500,33000)","2000","20","31020001","1","(0,70,70,70)","(0,80,80,80)","(50,50,50)","(-374,-1,1,374,-30,-1,1,30,-60,-1,1,60)","(100,100,100)","(-374,-1,1,374,-30,-1,1,30,-60,-1,1,60)","93000158","35011008"
"43070199","(8,9,11)","(0,0,0)","2000","20","31020001","1","(0,70,70,70)","(0,80,80,80)","(50,50,50)","(-374,-1,1,374,-30,-1,1,30,-60,-1,1,60)","(100,100,100)","(-374,-1,1,374,-30,-1,1,30,-60,-1,1,60)","93000037","35011008"
"43070200","(8,9,11)","(560,50,90,1350,110,230)","2000","20","31020001","1","(0,70,70,70)","(0,80,80,80)","(50,50,50)","(-374,-1,1,374,-30,-1,1,30,-60,-1,1,60)","(100,100,100)","(-374,-1,1,374,-30,-1,1,30,-60,-1,1,60)","93000037","35011008"
"43070201","(8,9,11)","(560,50,90,1350,110,230,3380,280,560)","2000","20","31020001","1","(0,70,70,70)","(0,80,80,80)","(50,50,50)","(-374,-1,1,374,-30,-1,1,30,-60,-1,1,60)","(100,100,100)","(-374,-1,1,374,-30,-1,1,30,-60,-1,1,60)","93000037","35011008"
"43070202","(8,9,11)","(560,50,90,1350,110,230,3380,280,560,8780,730,1460)","2000","20","31020001","1","(0,70,70,70)","(0,80,80,80)","(50,50,50)","(-374,-1,1,374,-30,-1,1,30,-60,-1,1,60)","(100,100,100)","(-374,-1,1,374,-30,-1,1,30,-60,-1,1,60)","93000037","35011008"
"43070203","(8,9,11)","(560,50,90,1350,110,230,3380,280,560,8780,730,1460,23850,1990,3980,67500,5630,11250)","2000","20","31020001","1","(0,70,70,70)","(0,80,80,80)","(50,50,50)","(-374,-1,1,374,-30,-1,1,30,-60,-1,1,60)","(100,100,100)","(-374,-1,1,374,-30,-1,1,30,-60,-1,1,60)","93000158","35011008"
"43070204","(8,9,11)","(560,50,90,1350,110,230,3380,280,560,8780,730,1460,23850,1990,3980,67500,5630,11250,198000,16500,33000)","2000","20","31020001","1","(0,70,70,70)","(0,80,80,80)","(50,50,50)","(-374,-1,1,374,-30,-1,1,30,-60,-1,1,60)","(100,100,100)","(-374,-1,1,374,-30,-1,1,30,-60,-1,1,60)","93000158","35011008"
"43070205","(8,9,11)","(0,0,0)","2000","20","31020001","1","(0,70,70,70)","(0,80,80,80)","(50,50,50)","(-374,-1,1,374,-30,-1,1,30,-60,-1,1,60)","(100,100,100)","(-374,-1,1,374,-30,-1,1,30,-60,-1,1,60)","93000037","35011008"
"43070206","(8,9,11)","(560,50,90,1350,110,230,3380,280,560)","2000","20","31020001","1","(0,70,70,70)","(0,80,80,80)","(50,50,50)","(-374,-1,1,374,-30,-1,1,30,-60,-1,1,60)","(100,100,100)","(-374,-1,1,374,-30,-1,1,30,-60,-1,1,60)","93000037","35011008"
"43070207","(8,9,11)","(560,50,90,1350,110,230,3380,280,560,8780,730,1460)","2000","20","31020001","1","(0,70,70,70)","(0,80,80,80)","(50,50,50)","(-374,-1,1,374,-30,-1,1,30,-60,-1,1,60)","(100,100,100)","(-374,-1,1,374,-30,-1,1,30,-60,-1,1,60)","93000037","35011008"
"43070208","(8,9,11)","(560,50,90,1350,110,230,3380,280,560,8780,730,1460,23850,1990,3980)","2000","20","31020001","1","(0,70,70,70)","(0,80,80,80)","(50,50,50)","(-374,-1,1,374,-30,-1,1,30,-60,-1,1,60)","(100,100,100)","(-374,-1,1,374,-30,-1,1,30,-60,-1,1,60)","93000037","35011008"
"43070209","(8,9,11)","(560,50,90,1350,110,230,3380,280,560,8780,730,1460,23850,1990,3980,67500,5630,11250,198000,16500,33000)","2000","20","31020001","1","(0,70,70,70)","(0,80,80,80)","(50,50,50)","(-374,-1,1,374,-30,-1,1,30,-60,-1,1,60)","(100,100,100)","(-374,-1,1,374,-30,-1,1,30,-60,-1,1,60)","93000158","35011008"
"43070210","(8,9,11)","(560,50,90,1350,110,230,3380,280,560,8780,730,1460,23850,1990,3980,67500,5630,11250,198000,16500,33000)","2000","20","31020001","1","(0,70,70,70)","(0,80,80,80)","(50,50,50)","(-374,-1,1,374,-30,-1,1,30,-60,-1,1,60)","(100,100,100)","(-374,-1,1,374,-30,-1,1,30,-60,-1,1,60)","93000158","35011008"
"43070211","(8,9,11)","(0,0,0)","2000","20","31020001","1","(0,70,70,70)","(0,80,80,80)","(50,50,50)","(-374,-1,1,374,-30,-1,1,30,-60,-1,1,60)","(100,100,100)","(-374,-1,1,374,-30,-1,1,30,-60,-1,1,60)","93000037","35011008"
"43070212","(8,9,11)","(560,50,90,1350,110,230,3380,280,560,8780,730,1460)","2000","20","31020001","1","(0,70,70,70)","(0,80,80,80)","(50,50,50)","(-374,-1,1,374,-30,-1,1,30,-60,-1,1,60)","(100,100,100)","(-374,-1,1,374,-30,-1,1,30,-60,-1,1,60)","93000037","35011008"
"43070213","(8,9,11)","(560,50,90,1350,110,230,3380,280,560,8780,730,1460,23850,1990,3980)","2000","20","31020001","1","(0,70,70,70)","(0,80,80,80)","(50,50,50)","(-374,-1,1,374,-30,-1,1,30,-60,-1,1,60)","(100,100,100)","(-374,-1,1,374,-30,-1,1,30,-60,-1,1,60)","93000037","35011008"
"43070214","(8,9,11)","(560,50,90,1350,110,230,3380,280,560,8780,730,1460,23850,1990,3980,67500,5630,11250)","2000","20","31020001","1","(0,70,70,70)","(0,80,80,80)","(50,50,50)","(-374,-1,1,374,-30,-1,1,30,-60,-1,1,60)","(100,100,100)","(-374,-1,1,374,-30,-1,1,30,-60,-1,1,60)","93000037","35011008"
"43070215","(8,9,11)","(560,50,90,1350,110,230,3380,280,560,8780,730,1460,23850,1990,3980,67500,5630,11250,198000,16500,33000)","2000","20","31020001","1","(0,70,70,70)","(0,80,80,80)","(50,50,50)","(-374,-1,1,374,-30,-1,1,30,-60,-1,1,60)","(100,100,100)","(-374,-1,1,374,-30,-1,1,30,-60,-1,1,60)","93000158","35011008"
"43070216","(8,9,11)","(560,50,90,1350,110,230,3380,280,560,8780,730,1460,23850,1990,3980,67500,5630,11250,198000,16500,33000,603000,50250,100500)","2000","20","31020001","1","(0,70,70,70)","(0,80,80,80)","(50,50,50)","(-374,-1,1,374,-30,-1,1,30,-60,-1,1,60)","(100,100,100)","(-374,-1,1,374,-30,-1,1,30,-60,-1,1,60)","93000158","35011008"
"43070217","(8,9,11)","(0,0,0)","2000","20","31020001","1","(0,70,70,70)","(0,80,80,80)","(50,50,50)","(-374,-1,1,374,-30,-1,1,30,-60,-1,1,60)","(100,100,100)","(-374,-1,1,374,-30,-1,1,30,-60,-1,1,60)","93000037","35011008"
"43070218","(8,9,11)","(560,50,90,1350,110,230,3380,280,560,8780,730,1460,23850,1990,3980)","2000","20","31020001","1","(0,70,70,70)","(0,80,80,80)","(50,50,50)","(-374,-1,1,374,-30,-1,1,30,-60,-1,1,60)","(100,100,100)","(-374,-1,1,374,-30,-1,1,30,-60,-1,1,60)","93000037","35011008"
"43070219","(8,9,11)","(560,50,90,1350,110,230,3380,280,560,8780,730,1460,23850,1990,3980,67500,5630,11250)","2000","20","31020001","1","(0,70,70,70)","(0,80,80,80)","(50,50,50)","(-374,-1,1,374,-30,-1,1,30,-60,-1,1,60)","(100,100,100)","(-374,-1,1,374,-30,-1,1,30,-60,-1,1,60)","93000037","35011008"
"43070220","(8,9,11)","(560,50,90,1350,110,230,3380,280,560,8780,730,1460,23850,1990,3980,67500,5630,11250,198000,16500,33000)","2000","20","31020001","1","(0,70,70,70)","(0,80,80,80)","(50,50,50)","(-374,-1,1,374,-30,-1,1,30,-60,-1,1,60)","(100,100,100)","(-374,-1,1,374,-30,-1,1,30,-60,-1,1,60)","93000037","35011008"
"43070221","(8,9,11)","(560,50,90,1350,110,230,3380,280,560,8780,730,1460,23850,1990,3980,67500,5630,11250,198000,16500,33000,603000,50250,100500)","2000","20","31020001","1","(0,70,70,70)","(0,80,80,80)","(50,50,50)","(-374,-1,1,374,-30,-1,1,30,-60,-1,1,60)","(100,100,100)","(-374,-1,1,374,-30,-1,1,30,-60,-1,1,60)","93000158","35011008"
"43070222","(8,9,11)","(560,50,90,1350,110,230,3380,280,560,8780,730,1460,23850,1990,3980,67500,5630,11250,198000,16500,33000,603000,50250,100500,1908000,159000,318000)","2000","20","31020001","1","(0,70,70,70)","(0,80,80,80)","(50,50,50)","(-374,-1,1,374,-30,-1,1,30,-60,-1,1,60)","(100,100,100)","(-374,-1,1,374,-30,-1,1,30,-60,-1,1,60)","93000158","35011008"
"43070223","(8,9,11)","(0,0,0)","2000","20","31020001","1","(0,70,70,70)","(0,80,80,80)","(50,50,50)","(-374,-1,1,374,-30,-1,1,30,-60,-1,1,60)","(100,100,100)","(-374,-1,1,374,-30,-1,1,30,-60,-1,1,60)","93000037","35011008"
"43070224","(8,9,11)","(560,50,90,1350,110,230,3380,280,560,8780,730,1460,23850,1990,3980,67500,5630,11250)","2000","20","31020001","1","(0,70,70,70)","(0,80,80,80)","(50,50,50)","(-374,-1,1,374,-30,-1,1,30,-60,-1,1,60)","(100,100,100)","(-374,-1,1,374,-30,-1,1,30,-60,-1,1,60)","93000037","35011008"
"43070225","(8,9,11)","(560,50,90,1350,110,230,3380,280,560,8780,730,1460,23850,1990,3980,67500,5630,11250,198000,16500,33000)","2000","20","31020001","1","(0,70,70,70)","(0,80,80,80)","(50,50,50)","(-374,-1,1,374,-30,-1,1,30,-60,-1,1,60)","(100,100,100)","(-374,-1,1,374,-30,-1,1,30,-60,-1,1,60)","93000037","35011008"
"43070226","(8,9,11)","(560,50,90,1350,110,230,3380,280,560,8780,730,1460,23850,1990,3980,67500,5630,11250,198000,16500,33000,603000,50250,100500)","2000","20","31020001","1","(0,70,70,70)","(0,80,80,80)","(50,50,50)","(-374,-1,1,374,-30,-1,1,30,-60,-1,1,60)","(100,100,100)","(-374,-1,1,374,-30,-1,1,30,-60,-1,1,60)","93000037","35011008"
"43070227","(8,9,11)","(560,50,90,1350,110,230,3380,280,560,8780,730,1460,23850,1990,3980,67500,5630,11250,198000,16500,33000,603000,50250,100500,1908000,159000,318000)","2000","20","31020001","1","(0,70,70,70)","(0,80,80,80)","(50,50,50)","(-374,-1,1,374,-30,-1,1,30,-60,-1,1,60)","(100,100,100)","(-374,-1,1,374,-30,-1,1,30,-60,-1,1,60)","93000158","35011008"
"43070228","(8,9,11)","(560,50,90,1350,110,230,3380,280,560,8780,730,1460,23850,1990,3980,67500,5630,11250,198000,16500,33000,603000,50250,100500,1908000,159000,318000)","2000","20","31020001","1","(0,70,70,70)","(0,80,80,80)","(50,50,50)","(-374,-1,1,374,-30,-1,1,30,-60,-1,1,60)","(100,100,100)","(-374,-1,1,374,-30,-1,1,30,-60,-1,1,60)","93000158","35011008"
"43070229","(8,9,11)","(0,0,0)","2000","20","31020001","1","(0,70,70,70)","(0,80,80,80)","(50,50,50)","(-374,-1,1,374,-30,-1,1,30,-60,-1,1,60)","(100,100,100)","(-374,-1,1,374,-30,-1,1,30,-60,-1,1,60)","93000037","35011008"
"43070230","(8,9,11)","(560,50,90,1350,110,230,3380,280,560,8780,730,1460,23850,1990,3980,67500,5630,11250,198000,16500,33000)","2000","20","31020001","1","(0,70,70,70)","(0,80,80,80)","(50,50,50)","(-374,-1,1,374,-30,-1,1,30,-60,-1,1,60)","(100,100,100)","(-374,-1,1,374,-30,-1,1,30,-60,-1,1,60)","93000037","35011008"
"43070231","(8,9,11)","(560,50,90,1350,110,230,3380,280,560,8780,730,1460,23850,1990,3980,67500,5630,11250,198000,16500,33000,603000,50250,100500)","2000","20","31020001","1","(0,70,70,70)","(0,80,80,80)","(50,50,50)","(-374,-1,1,374,-30,-1,1,30,-60,-1,1,60)","(100,100,100)","(-374,-1,1,374,-30,-1,1,30,-60,-1,1,60)","93000037","35011008"
"43070232","(8,9,11)","(560,50,90,1350,110,230,3380,280,560,8780,730,1460,23850,1990,3980,67500,5630,11250,198000,16500,33000,603000,50250,100500,1908000,159000,318000)","2000","20","31020001","1","(0,70,70,70)","(0,80,80,80)","(50,50,50)","(-374,-1,1,374,-30,-1,1,30,-60,-1,1,60)","(100,100,100)","(-374,-1,1,374,-30,-1,1,30,-60,-1,1,60)","93000037","35011008"
"43070233","(8,9,11)","(560,50,90,1350,110,230,3380,280,560,8780,730,1460,23850,1990,3980,67500,5630,11250,198000,16500,33000,603000,50250,100500,1908000,159000,318000)","2000","20","31020001","1","(0,70,70,70)","(0,80,80,80)","(50,50,50)","(-374,-1,1,374,-30,-1,1,30,-60,-1,1,60)","(100,100,100)","(-374,-1,1,374,-30,-1,1,30,-60,-1,1,60)","93000158","35011008"
"43070234","(8,9,11)","(560,50,90,1350,110,230,3380,280,560,8780,730,1460,23850,1990,3980,67500,5630,11250,198000,16500,33000,603000,50250,100500,1908000,159000,318000)","2000","20","31020001","1","(0,70,70,70)","(0,80,80,80)","(50,50,50)","(-374,-1,1,374,-30,-1,1,30,-60,-1,1,60)","(100,100,100)","(-374,-1,1,374,-30,-1,1,30,-60,-1,1,60)","93000158","35011008"
"43070235","(8,9,11)","(0,0,0)","2000","20","31020001","1","(0,70,70,70)","(0,80,80,80)","(50,50,50)","(-374,-1,1,374,-30,-1,1,30,-60,-1,1,60)","(100,100,100)","(-374,-1,1,374,-30,-1,1,30,-60,-1,1,60)","93000037","35011008"
"43070236","(8,9,11)","(560,50,90,1350,110,230,3380,280,560,8780,730,1460,23850,1990,3980,67500,5630,11250,198000,16500,33000,603000,50250,100500)","2000","20","31020001","1","(0,70,70,70)","(0,80,80,80)","(50,50,50)","(-374,-1,1,374,-30,-1,1,30,-60,-1,1,60)","(100,100,100)","(-374,-1,1,374,-30,-1,1,30,-60,-1,1,60)","93000037","35011008"
"43070237","(8,9,11)","(560,50,90,1350,110,230,3380,280,560,8780,730,1460,23850,1990,3980,67500,5630,11250,198000,16500,33000,603000,50250,100500,1908000,159000,318000)","2000","20","31020001","1","(0,70,70,70)","(0,80,80,80)","(50,50,50)","(-374,-1,1,374,-30,-1,1,30,-60,-1,1,60)","(100,100,100)","(-374,-1,1,374,-30,-1,1,30,-60,-1,1,60)","93000037","35011008"
"43070238","(8,9,11)","(560,50,90,1350,110,230,3380,280,560,8780,730,1460,23850,1990,3980,67500,5630,11250,198000,16500,33000,603000,50250,100500,1908000,159000,318000)","2000","20","31020001","1","(0,70,70,70)","(0,80,80,80)","(50,50,50)","(-374,-1,1,374,-30,-1,1,30,-60,-1,1,60)","(100,100,100)","(-374,-1,1,374,-30,-1,1,30,-60,-1,1,60)","93000037","35011008"
"43070239","(8,9,11)","(560,50,90,1350,110,230,3380,280,560,8780,730,1460,23850,1990,3980,67500,5630,11250,198000,16500,33000,603000,50250,100500,1908000,159000,318000)","2000","20","31020001","1","(0,70,70,70)","(0,80,80,80)","(50,50,50)","(-374,-1,1,374,-30,-1,1,30,-60,-1,1,60)","(100,100,100)","(-374,-1,1,374,-30,-1,1,30,-60,-1,1,60)","93000158","35011008"
"43070240","(8,9,11)","(560,50,90,1350,110,230,3380,280,560,8780,730,1460,23850,1990,3980,67500,5630,11250,198000,16500,33000,603000,50250,100500,1908000,159000,318000)","2000","20","31020001","1","(0,70,70,70)","(0,80,80,80)","(50,50,50)","(-374,-1,1,374,-30,-1,1,30,-60,-1,1,60)","(100,100,100)","(-374,-1,1,374,-30,-1,1,30,-60,-1,1,60)","93000158","35011008"
"43070241","(8,9,11)","(560,50,90,1350,110,230,3380,280,560,8780,730,1460,23850,1990,3980,67500,5630,11250)","2000","20","31020001","1","(0,70,70,70)","(0,80,80,80)","(50,50,50)","(-374,-1,1,374,-30,-1,1,30,-60,-1,1,60)","(100,100,100)","(-374,-1,1,374,-30,-1,1,30,-60,-1,1,60)","93000158","35011008"
"43070242","(8,9,11)","(560,50,90,1350,110,230,3380,280,560,8780,730,1460,23850,1990,3980,67500,5630,11250,198000,16500,33000)","2000","20","31020001","1","(0,70,70,70)","(0,80,80,80)","(50,50,50)","(-374,-1,1,374,-30,-1,1,30,-60,-1,1,60)","(100,100,100)","(-374,-1,1,374,-30,-1,1,30,-60,-1,1,60)","93000158","35011008"
"43070243","(8,9,11)","(560,50,90,1350,110,230,3380,280,560,8780,730,1460,23850,1990,3980,67500,5630,11250,198000,16500,33000)","2000","20","31020001","1","(0,70,70,70)","(0,80,80,80)","(50,50,50)","(-374,-1,1,374,-30,-1,1,30,-60,-1,1,60)","(100,100,100)","(-374,-1,1,374,-30,-1,1,30,-60,-1,1,60)","93000158","35011008"
"43070244","(8,9,11)","(560,50,90,1350,110,230,3380,280,560,8780,730,1460,23850,1990,3980,67500,5630,11250,198000,16500,33000)","2000","20","31020001","1","(0,70,70,70)","(0,80,80,80)","(50,50,50)","(-374,-1,1,374,-30,-1,1,30,-60,-1,1,60)","(100,100,100)","(-374,-1,1,374,-30,-1,1,30,-60,-1,1,60)","93000158","35011008"
"43070245","(8,9,11)","(560,50,90,1350,110,230,3380,280,560,8780,730,1460,23850,1990,3980,67500,5630,11250,198000,16500,33000,603000,50250,100500)","2000","20","31020001","1","(0,70,70,70)","(0,80,80,80)","(50,50,50)","(-374,-1,1,374,-30,-1,1,30,-60,-1,1,60)","(100,100,100)","(-374,-1,1,374,-30,-1,1,30,-60,-1,1,60)","93000158","35011008"
"43070246","(8,9,11)","(560,50,90,1350,110,230,3380,280,560,8780,730,1460,23850,1990,3980,67500,5630,11250,198000,16500,33000,603000,50250,100500,1908000,159000,318000)","2000","20","31020001","1","(0,70,70,70)","(0,80,80,80)","(50,50,50)","(-374,-1,1,374,-30,-1,1,30,-60,-1,1,60)","(100,100,100)","(-374,-1,1,374,-30,-1,1,30,-60,-1,1,60)","93000158","35011008"
"43070247","(8,9,11)","(560,50,90,1350,110,230,3380,280,560,8780,730,1460,23850,1990,3980,67500,5630,11250,198000,16500,33000,603000,50250,100500,1908000,159000,318000)","2000","20","31020001","1","(0,70,70,70)","(0,80,80,80)","(50,50,50)","(-374,-1,1,374,-30,-1,1,30,-60,-1,1,60)","(100,100,100)","(-374,-1,1,374,-30,-1,1,30,-60,-1,1,60)","93000158","35011008"
"43070248","(8,9,11)","(560,50,90,1350,110,230,3380,280,560,8780,730,1460,23850,1990,3980,67500,5630,11250,198000,16500,33000,603000,50250,100500,1908000,159000,318000)","2000","20","31020001","1","(0,70,70,70)","(0,80,80,80)","(50,50,50)","(-374,-1,1,374,-30,-1,1,30,-60,-1,1,60)","(100,100,100)","(-374,-1,1,374,-30,-1,1,30,-60,-1,1,60)","93000158","35011008"
"43070249","(8,9,11)","(560,50,90,1350,110,230,3380,280,560,8780,730,1460,23850,1990,3980,67500,5630,11250,198000,16500,33000,603000,50250,100500,1908000,159000,318000)","2000","20","31020001","1","(0,70,70,70)","(0,80,80,80)","(50,50,50)","(-374,-1,1,374,-30,-1,1,30,-60,-1,1,60)","(100,100,100)","(-374,-1,1,374,-30,-1,1,30,-60,-1,1,60)","93000158","35011008"
"43070250","(8,9,11)","(560,50,90,1350,110,230,3380,280,560,8780,730,1460,23850,1990,3980,67500,5630,11250,198000,16500,33000,603000,50250,100500,1908000,159000,318000)","2000","20","31020001","1","(0,70,70,70)","(0,80,80,80)","(50,50,50)","(-374,-1,1,374,-30,-1,1,30,-60,-1,1,60)","(100,100,100)","(-374,-1,1,374,-30,-1,1,30,-60,-1,1,60)","93000158","35011008"
"43070251","(8,9,11)","(560,50,90,1350,110,230,3380,280,560,8780,730,1460,23850,1990,3980,67500,5630,11250)","2000","20","31020001","1","(0,70,70,70)","(0,80,80,80)","(50,50,50)","(-374,-1,1,374,-30,-1,1,30,-60,-1,1,60)","(100,100,100)","(-374,-1,1,374,-30,-1,1,30,-60,-1,1,60)","93000158","35011008"
"43070252","(8,9,11)","(560,50,90,1350,110,230,3380,280,560,8780,730,1460,23850,1990,3980,67500,5630,11250,198000,16500,33000)","2000","20","31020001","1","(0,70,70,70)","(0,80,80,80)","(50,50,50)","(-374,-1,1,374,-30,-1,1,30,-60,-1,1,60)","(100,100,100)","(-374,-1,1,374,-30,-1,1,30,-60,-1,1,60)","93000158","35011008"
"43070253","(8,9,11)","(560,50,90,1350,110,230,3380,280,560,8780,730,1460,23850,1990,3980,67500,5630,11250,198000,16500,33000)","2000","20","31020001","1","(0,70,70,70)","(0,80,80,80)","(50,50,50)","(-374,-1,1,374,-30,-1,1,30,-60,-1,1,60)","(100,100,100)","(-374,-1,1,374,-30,-1,1,30,-60,-1,1,60)","93000158","35011008"
"43070254","(8,9,11)","(560,50,90,1350,110,230,3380,280,560,8780,730,1460,23850,1990,3980,67500,5630,11250,198000,16500,33000)","2000","20","31020001","1","(0,70,70,70)","(0,80,80,80)","(50,50,50)","(-374,-1,1,374,-30,-1,1,30,-60,-1,1,60)","(100,100,100)","(-374,-1,1,374,-30,-1,1,30,-60,-1,1,60)","93000158","35011008"
"43070255","(8,9,11)","(560,50,90,1350,110,230,3380,280,560,8780,730,1460,23850,1990,3980,67500,5630,11250,198000,16500,33000,603000,50250,100500)","2000","20","31020001","1","(0,70,70,70)","(0,80,80,80)","(50,50,50)","(-374,-1,1,374,-30,-1,1,30,-60,-1,1,60)","(100,100,100)","(-374,-1,1,374,-30,-1,1,30,-60,-1,1,60)","93000158","35011008"
"43070256","(8,9,11)","(560,50,90,1350,110,230,3380,280,560,8780,730,1460,23850,1990,3980,67500,5630,11250,198000,16500,33000,603000,50250,100500,1908000,159000,318000)","2000","20","31020001","1","(0,70,70,70)","(0,80,80,80)","(50,50,50)","(-374,-1,1,374,-30,-1,1,30,-60,-1,1,60)","(100,100,100)","(-374,-1,1,374,-30,-1,1,30,-60,-1,1,60)","93000158","35011008"
"43070257","(8,9,11)","(560,50,90,1350,110,230,3380,280,560,8780,730,1460,23850,1990,3980,67500,5630,11250,198000,16500,33000,603000,50250,100500,1908000,159000,318000)","2000","20","31020001","1","(0,70,70,70)","(0,80,80,80)","(50,50,50)","(-374,-1,1,374,-30,-1,1,30,-60,-1,1,60)","(100,100,100)","(-374,-1,1,374,-30,-1,1,30,-60,-1,1,60)","93000158","35011008"
"43070258","(8,9,11)","(560,50,90,1350,110,230,3380,280,560,8780,730,1460,23850,1990,3980,67500,5630,11250,198000,16500,33000,603000,50250,100500,1908000,159000,318000)","2000","20","31020001","1","(0,70,70,70)","(0,80,80,80)","(50,50,50)","(-374,-1,1,374,-30,-1,1,30,-60,-1,1,60)","(100,100,100)","(-374,-1,1,374,-30,-1,1,30,-60,-1,1,60)","93000158","35011008"
"43070259","(8,9,11)","(560,50,90,1350,110,230,3380,280,560,8780,730,1460,23850,1990,3980,67500,5630,11250,198000,16500,33000,603000,50250,100500,1908000,159000,318000)","2000","20","31020001","1","(0,70,70,70)","(0,80,80,80)","(50,50,50)","(-374,-1,1,374,-30,-1,1,30,-60,-1,1,60)","(100,100,100)","(-374,-1,1,374,-30,-1,1,30,-60,-1,1,60)","93000158","35011008"
"43070260","(8,9,11)","(560,50,90,1350,110,230,3380,280,560,8780,730,1460,23850,1990,3980,67500,5630,11250,198000,16500,33000,603000,50250,100500,1908000,159000,318000)","2000","20","31020001","1","(0,70,70,70)","(0,80,80,80)","(50,50,50)","(-374,-1,1,374,-30,-1,1,30,-60,-1,1,60)","(100,100,100)","(-374,-1,1,374,-30,-1,1,30,-60,-1,1,60)","93000158","35011008"
"43070261","(8,9,11)","(560,50,90,1350,110,230,3380,280,560,8780,730,1460,23850,1990,3980,67500,5630,11250)","2000","20","31020001","1","(0,70,70,70)","(0,80,80,80)","(50,50,50)","(-374,-1,1,374,-30,-1,1,30,-60,-1,1,60)","(100,100,100)","(-374,-1,1,374,-30,-1,1,30,-60,-1,1,60)","93000158","35011008"
"43070262","(8,9,11)","(560,50,90,1350,110,230,3380,280,560,8780,730,1460,23850,1990,3980,67500,5630,11250,198000,16500,33000)","2000","20","31020001","1","(0,70,70,70)","(0,80,80,80)","(50,50,50)","(-374,-1,1,374,-30,-1,1,30,-60,-1,1,60)","(100,100,100)","(-374,-1,1,374,-30,-1,1,30,-60,-1,1,60)","93000158","35011008"
"43070263","(8,9,11)","(560,50,90,1350,110,230,3380,280,560,8780,730,1460,23850,1990,3980,67500,5630,11250,198000,16500,33000)","2000","20","31020001","1","(0,70,70,70)","(0,80,80,80)","(50,50,50)","(-374,-1,1,374,-30,-1,1,30,-60,-1,1,60)","(100,100,100)","(-374,-1,1,374,-30,-1,1,30,-60,-1,1,60)","93000158","35011008"
"43070264","(8,9,11)","(560,50,90,1350,110,230,3380,280,560,8780,730,1460,23850,1990,3980,67500,5630,11250,198000,16500,33000)","2000","20","31020001","1","(0,70,70,70)","(0,80,80,80)","(50,50,50)","(-374,-1,1,374,-30,-1,1,30,-60,-1,1,60)","(100,100,100)","(-374,-1,1,374,-30,-1,1,30,-60,-1,1,60)","93000158","35011008"
"43070265","(8,9,11)","(560,50,90,1350,110,230,3380,280,560,8780,730,1460,23850,1990,3980,67500,5630,11250,198000,16500,33000,603000,50250,100500)","2000","20","31020001","1","(0,70,70,70)","(0,80,80,80)","(50,50,50)","(-374,-1,1,374,-30,-1,1,30,-60,-1,1,60)","(100,100,100)","(-374,-1,1,374,-30,-1,1,30,-60,-1,1,60)","93000158","35011008"
"43070266","(8,9,11)","(560,50,90,1350,110,230,3380,280,560,8780,730,1460,23850,1990,3980,67500,5630,11250,198000,16500,33000,603000,50250,100500,1908000,159000,318000)","2000","20","31020001","1","(0,70,70,70)","(0,80,80,80)","(50,50,50)","(-374,-1,1,374,-30,-1,1,30,-60,-1,1,60)","(100,100,100)","(-374,-1,1,374,-30,-1,1,30,-60,-1,1,60)","93000158","35011008"
"43070267","(8,9,11)","(560,50,90,1350,110,230,3380,280,560,8780,730,1460,23850,1990,3980,67500,5630,11250,198000,16500,33000,603000,50250,100500,1908000,159000,318000)","2000","20","31020001","1","(0,70,70,70)","(0,80,80,80)","(50,50,50)","(-374,-1,1,374,-30,-1,1,30,-60,-1,1,60)","(100,100,100)","(-374,-1,1,374,-30,-1,1,30,-60,-1,1,60)","93000158","35011008"
"43070268","(8,9,11)","(560,50,90,1350,110,230,3380,280,560,8780,730,1460,23850,1990,3980,67500,5630,11250,198000,16500,33000,603000,50250,100500,1908000,159000,318000)","2000","20","31020001","1","(0,70,70,70)","(0,80,80,80)","(50,50,50)","(-374,-1,1,374,-30,-1,1,30,-60,-1,1,60)","(100,100,100)","(-374,-1,1,374,-30,-1,1,30,-60,-1,1,60)","93000158","35011008"
"43070269","(8,9,11)","(560,50,90,1350,110,230,3380,280,560,8780,730,1460,23850,1990,3980,67500,5630,11250,198000,16500,33000,603000,50250,100500,1908000,159000,318000)","2000","20","31020001","1","(0,70,70,70)","(0,80,80,80)","(50,50,50)","(-374,-1,1,374,-30,-1,1,30,-60,-1,1,60)","(100,100,100)","(-374,-1,1,374,-30,-1,1,30,-60,-1,1,60)","93000158","35011008"
"43070270","(8,9,11)","(560,50,90,1350,110,230,3380,280,560,8780,730,1460,23850,1990,3980,67500,5630,11250,198000,16500,33000,603000,50250,100500,1908000,159000,318000)","2000","20","31020001","1","(0,70,70,70)","(0,80,80,80)","(50,50,50)","(-374,-1,1,374,-30,-1,1,30,-60,-1,1,60)","(100,100,100)","(-374,-1,1,374,-30,-1,1,30,-60,-1,1,60)","93000158","35011008"
"43070271","(8,9,11)","(560,50,90,1350,110,230,3380,280,560,8780,730,1460,23850,1990,3980,67500,5630,11250)","2000","20","31020001","1","(0,70,70,70)","(0,80,80,80)","(50,50,50)","(-374,-1,1,374,-30,-1,1,30,-60,-1,1,60)","(100,100,100)","(-374,-1,1,374,-30,-1,1,30,-60,-1,1,60)","93000158","35011008"
"43070272","(8,9,11)","(560,50,90,1350,110,230,3380,280,560,8780,730,1460,23850,1990,3980,67500,5630,11250,198000,16500,33000)","2000","20","31020001","1","(0,70,70,70)","(0,80,80,80)","(50,50,50)","(-374,-1,1,374,-30,-1,1,30,-60,-1,1,60)","(100,100,100)","(-374,-1,1,374,-30,-1,1,30,-60,-1,1,60)","93000158","35011008"
"43070273","(8,9,11)","(560,50,90,1350,110,230,3380,280,560,8780,730,1460,23850,1990,3980,67500,5630,11250,198000,16500,33000)","2000","20","31020001","1","(0,70,70,70)","(0,80,80,80)","(50,50,50)","(-374,-1,1,374,-30,-1,1,30,-60,-1,1,60)","(100,100,100)","(-374,-1,1,374,-30,-1,1,30,-60,-1,1,60)","93000158","35011008"
"43070274","(8,9,11)","(560,50,90,1350,110,230,3380,280,560,8780,730,1460,23850,1990,3980,67500,5630,11250,198000,16500,33000)","2000","20","31020001","1","(0,70,70,70)","(0,80,80,80)","(50,50,50)","(-374,-1,1,374,-30,-1,1,30,-60,-1,1,60)","(100,100,100)","(-374,-1,1,374,-30,-1,1,30,-60,-1,1,60)","93000158","35011008"
"43070275","(8,9,11)","(560,50,90,1350,110,230,3380,280,560,8780,730,1460,23850,1990,3980,67500,5630,11250,198000,16500,33000,603000,50250,100500)","2000","20","31020001","1","(0,70,70,70)","(0,80,80,80)","(50,50,50)","(-374,-1,1,374,-30,-1,1,30,-60,-1,1,60)","(100,100,100)","(-374,-1,1,374,-30,-1,1,30,-60,-1,1,60)","93000158","35011008"
"43070276","(8,9,11)","(560,50,90,1350,110,230,3380,280,560,8780,730,1460,23850,1990,3980,67500,5630,11250,198000,16500,33000,603000,50250,100500,1908000,159000,318000)","2000","20","31020001","1","(0,70,70,70)","(0,80,80,80)","(50,50,50)","(-374,-1,1,374,-30,-1,1,30,-60,-1,1,60)","(100,100,100)","(-374,-1,1,374,-30,-1,1,30,-60,-1,1,60)","93000158","35011008"
"43070277","(8,9,11)","(560,50,90,1350,110,230,3380,280,560,8780,730,1460,23850,1990,3980,67500,5630,11250,198000,16500,33000,603000,50250,100500,1908000,159000,318000)","2000","20","31020001","1","(0,70,70,70)","(0,80,80,80)","(50,50,50)","(-374,-1,1,374,-30,-1,1,30,-60,-1,1,60)","(100,100,100)","(-374,-1,1,374,-30,-1,1,30,-60,-1,1,60)","93000158","35011008"
"43070278","(8,9,11)","(560,50,90,1350,110,230,3380,280,560,8780,730,1460,23850,1990,3980,67500,5630,11250,198000,16500,33000,603000,50250,100500,1908000,159000,318000)","2000","20","31020001","1","(0,70,70,70)","(0,80,80,80)","(50,50,50)","(-374,-1,1,374,-30,-1,1,30,-60,-1,1,60)","(100,100,100)","(-374,-1,1,374,-30,-1,1,30,-60,-1,1,60)","93000158","35011008"
"43070279","(8,9,11)","(560,50,90,1350,110,230,3380,280,560,8780,730,1460,23850,1990,3980,67500,5630,11250,198000,16500,33000,603000,50250,100500,1908000,159000,318000)","2000","20","31020001","1","(0,70,70,70)","(0,80,80,80)","(50,50,50)","(-374,-1,1,374,-30,-1,1,30,-60,-1,1,60)","(100,100,100)","(-374,-1,1,374,-30,-1,1,30,-60,-1,1,60)","93000158","35011008"
"43070280","(8,9,11)","(560,50,90,1350,110,230,3380,280,560,8780,730,1460,23850,1990,3980,67500,5630,11250,198000,16500,33000,603000,50250,100500,1908000,159000,318000)","2000","20","31020001","1","(0,70,70,70)","(0,80,80,80)","(50,50,50)","(-374,-1,1,374,-30,-1,1,30,-60,-1,1,60)","(100,100,100)","(-374,-1,1,374,-30,-1,1,30,-60,-1,1,60)","93000158","35011008"
"43080001","(5,6,9)","(0,0,0)","2000","20","31020001","1","(0,70,70,70)","(0,80,80,80)","(50,50,50)","(-60,-1,1,60,-67,-1,1,67,-30,-1,1,30)","(100,100,100)","(-60,-1,1,60,-67,-1,1,67,-30,-1,1,30)","93000037","35011008"
"43080002","(5,6,9)","(90,100,50)","2000","20","31020001","1","(0,70,70,70)","(0,80,80,80)","(50,50,50)","(-60,-1,1,60,-67,-1,1,67,-30,-1,1,30)","(100,100,100)","(-60,-1,1,60,-67,-1,1,67,-30,-1,1,30)","93000037","35011008"
"43080003","(5,6,9)","(90,100,50)","2000","20","31020001","1","(0,70,70,70)","(0,80,80,80)","(50,50,50)","(-60,-1,1,60,-67,-1,1,67,-30,-1,1,30)","(100,100,100)","(-60,-1,1,60,-67,-1,1,67,-30,-1,1,30)","93000037","35011008"
"43080004","(5,6,9)","(90,100,50)","2000","20","31020001","1","(0,70,70,70)","(0,80,80,80)","(50,50,50)","(-60,-1,1,60,-67,-1,1,67,-30,-1,1,30)","(100,100,100)","(-60,-1,1,60,-67,-1,1,67,-30,-1,1,30)","93000037","35011008"
"43080005","(5,6,9)","(90,100,50,200,250,110,510,610,280)","2000","20","31020001","1","(0,70,70,70)","(0,80,80,80)","(50,50,50)","(-60,-1,1,60,-67,-1,1,67,-30,-1,1,30)","(100,100,100)","(-60,-1,1,60,-67,-1,1,67,-30,-1,1,30)","93000158","35011008"
"43080006","(5,6,9)","(90,100,50,200,250,110,510,610,280,1330,1600,730,3610,4340,1990)","2000","20","31020001","1","(0,70,70,70)","(0,80,80,80)","(50,50,50)","(-60,-1,1,60,-67,-1,1,67,-30,-1,1,30)","(100,100,100)","(-60,-1,1,60,-67,-1,1,67,-30,-1,1,30)","93000158","35011008"
"43080007","(5,6,9)","(0,0,0)","2000","20","31020001","1","(0,70,70,70)","(0,80,80,80)","(50,50,50)","(-60,-1,1,60,-67,-1,1,67,-30,-1,1,30)","(100,100,100)","(-60,-1,1,60,-67,-1,1,67,-30,-1,1,30)","93000037","35011008"
"43080008","(5,6,9)","(90,100,50)","2000","20","31020001","1","(0,70,70,70)","(0,80,80,80)","(50,50,50)","(-60,-1,1,60,-67,-1,1,67,-30,-1,1,30)","(100,100,100)","(-60,-1,1,60,-67,-1,1,67,-30,-1,1,30)","93000037","35011008"
"43080009","(5,6,9)","(90,100,50)","2000","20","31020001","1","(0,70,70,70)","(0,80,80,80)","(50,50,50)","(-60,-1,1,60,-67,-1,1,67,-30,-1,1,30)","(100,100,100)","(-60,-1,1,60,-67,-1,1,67,-30,-1,1,30)","93000037","35011008"
"43080010","(5,6,9)","(90,100,50,200,250,110)","2000","20","31020001","1","(0,70,70,70)","(0,80,80,80)","(50,50,50)","(-60,-1,1,60,-67,-1,1,67,-30,-1,1,30)","(100,100,100)","(-60,-1,1,60,-67,-1,1,67,-30,-1,1,30)","93000037","35011008"
"43080011","(5,6,9)","(90,100,50,200,250,110,510,610,280,1330,1600,730)","2000","20","31020001","1","(0,70,70,70)","(0,80,80,80)","(50,50,50)","(-60,-1,1,60,-67,-1,1,67,-30,-1,1,30)","(100,100,100)","(-60,-1,1,60,-67,-1,1,67,-30,-1,1,30)","93000158","35011008"
"43080012","(5,6,9)","(90,100,50,200,250,110,510,610,280,1330,1600,730,3610,4340,1990,10230,12270,5630)","2000","20","31020001","1","(0,70,70,70)","(0,80,80,80)","(50,50,50)","(-60,-1,1,60,-67,-1,1,67,-30,-1,1,30)","(100,100,100)","(-60,-1,1,60,-67,-1,1,67,-30,-1,1,30)","93000158","35011008"
"43080013","(5,6,9)","(0,0,0)","2000","20","31020001","1","(0,70,70,70)","(0,80,80,80)","(50,50,50)","(-60,-1,1,60,-67,-1,1,67,-30,-1,1,30)","(100,100,100)","(-60,-1,1,60,-67,-1,1,67,-30,-1,1,30)","93000037","35011008"
"43080014","(5,6,9)","(90,100,50)","2000","20","31020001","1","(0,70,70,70)","(0,80,80,80)","(50,50,50)","(-60,-1,1,60,-67,-1,1,67,-30,-1,1,30)","(100,100,100)","(-60,-1,1,60,-67,-1,1,67,-30,-1,1,30)","93000037","35011008"
"43080015","(5,6,9)","(90,100,50,200,250,110)","2000","20","31020001","1","(0,70,70,70)","(0,80,80,80)","(50,50,50)","(-60,-1,1,60,-67,-1,1,67,-30,-1,1,30)","(100,100,100)","(-60,-1,1,60,-67,-1,1,67,-30,-1,1,30)","93000037","35011008"
"43080016","(5,6,9)","(90,100,50,200,250,110,510,610,280)","2000","20","31020001","1","(0,70,70,70)","(0,80,80,80)","(50,50,50)","(-60,-1,1,60,-67,-1,1,67,-30,-1,1,30)","(100,100,100)","(-60,-1,1,60,-67,-1,1,67,-30,-1,1,30)","93000037","35011008"
"43080017","(5,6,9)","(90,100,50,200,250,110,510,610,280,1330,1600,730,3610,4340,1990)","2000","20","31020001","1","(0,70,70,70)","(0,80,80,80)","(50,50,50)","(-60,-1,1,60,-67,-1,1,67,-30,-1,1,30)","(100,100,100)","(-60,-1,1,60,-67,-1,1,67,-30,-1,1,30)","93000158","35011008"
"43080018","(5,6,9)","(90,100,50,200,250,110,510,610,280,1330,1600,730,3610,4340,1990,10230,12270,5630,30000,36000,16500)","2000","20","31020001","1","(0,70,70,70)","(0,80,80,80)","(50,50,50)","(-60,-1,1,60,-67,-1,1,67,-30,-1,1,30)","(100,100,100)","(-60,-1,1,60,-67,-1,1,67,-30,-1,1,30)","93000158","35011008"
"43080019","(5,6,9)","(0,0,0)","2000","20","31020001","1","(0,70,70,70)","(0,80,80,80)","(50,50,50)","(-60,-1,1,60,-67,-1,1,67,-30,-1,1,30)","(100,100,100)","(-60,-1,1,60,-67,-1,1,67,-30,-1,1,30)","93000037","35011008"
"43080020","(5,6,9)","(90,100,50,200,250,110)","2000","20","31020001","1","(0,70,70,70)","(0,80,80,80)","(50,50,50)","(-60,-1,1,60,-67,-1,1,67,-30,-1,1,30)","(100,100,100)","(-60,-1,1,60,-67,-1,1,67,-30,-1,1,30)","93000037","35011008"
"43080021","(5,6,9)","(90,100,50,200,250,110,510,610,280)","2000","20","31020001","1","(0,70,70,70)","(0,80,80,80)","(50,50,50)","(-60,-1,1,60,-67,-1,1,67,-30,-1,1,30)","(100,100,100)","(-60,-1,1,60,-67,-1,1,67,-30,-1,1,30)","93000037","35011008"
"43080022","(5,6,9)","(90,100,50,200,250,110,510,610,280,1330,1600,730)","2000","20","31020001","1","(0,70,70,70)","(0,80,80,80)","(50,50,50)","(-60,-1,1,60,-67,-1,1,67,-30,-1,1,30)","(100,100,100)","(-60,-1,1,60,-67,-1,1,67,-30,-1,1,30)","93000037","35011008"
"43080023","(5,6,9)","(90,100,50,200,250,110,510,610,280,1330,1600,730,3610,4340,1990,10230,12270,5630)","2000","20","31020001","1","(0,70,70,70)","(0,80,80,80)","(50,50,50)","(-60,-1,1,60,-67,-1,1,67,-30,-1,1,30)","(100,100,100)","(-60,-1,1,60,-67,-1,1,67,-30,-1,1,30)","93000158","35011008"
"43080024","(5,6,9)","(90,100,50,200,250,110,510,610,280,1330,1600,730,3610,4340,1990,10230,12270,5630,30000,36000,16500)","2000","20","31020001","1","(0,70,70,70)","(0,80,80,80)","(50,50,50)","(-60,-1,1,60,-67,-1,1,67,-30,-1,1,30)","(100,100,100)","(-60,-1,1,60,-67,-1,1,67,-30,-1,1,30)","93000158","35011008"
"43080025","(5,6,9)","(0,0,0)","2000","20","31020001","1","(0,70,70,70)","(0,80,80,80)","(50,50,50)","(-60,-1,1,60,-67,-1,1,67,-30,-1,1,30)","(100,100,100)","(-60,-1,1,60,-67,-1,1,67,-30,-1,1,30)","93000037","35011008"
"43080026","(5,6,9)","(90,100,50,200,250,110,510,610,280","2000","20","31020001","1","(0,70,70,70)","(0,80,80,80)","(50,50,50)","(-60,-1,1,60,-67,-1,1,67,-30,-1,1,30)","(100,100,100)","(-60,-1,1,60,-67,-1,1,67,-30,-1,1,30)","93000037","35011008"
"43080027","(5,6,9)","(90,100,50,200,250,110,510,610,280,1330,1600,730)","2000","20","31020001","1","(0,70,70,70)","(0,80,80,80)","(50,50,50)","(-60,-1,1,60,-67,-1,1,67,-30,-1,1,30)","(100,100,100)","(-60,-1,1,60,-67,-1,1,67,-30,-1,1,30)","93000037","35011008"
"43080028","(5,6,9)","(90,100,50,200,250,110,510,610,280,1330,1600,730,3610,4340,1990)","2000","20","31020001","1","(0,70,70,70)","(0,80,80,80)","(50,50,50)","(-60,-1,1,60,-67,-1,1,67,-30,-1,1,30)","(100,100,100)","(-60,-1,1,60,-67,-1,1,67,-30,-1,1,30)","93000037","35011008"
"43080029","(5,6,9)","(90,100,50,200,250,110,510,610,280,1330,1600,730,3610,4340,1990,10230,12270,5630,30000,36000,16500)","2000","20","31020001","1","(0,70,70,70)","(0,80,80,80)","(50,50,50)","(-60,-1,1,60,-67,-1,1,67,-30,-1,1,30)","(100,100,100)","(-60,-1,1,60,-67,-1,1,67,-30,-1,1,30)","93000158","35011008"
"43080030","(5,6,9)","(90,100,50,200,250,110,510,610,280,1330,1600,730,3610,4340,1990,10230,12270,5630,30000,36000,16500)","2000","20","31020001","1","(0,70,70,70)","(0,80,80,80)","(50,50,50)","(-60,-1,1,60,-67,-1,1,67,-30,-1,1,30)","(100,100,100)","(-60,-1,1,60,-67,-1,1,67,-30,-1,1,30)","93000158","35011008"
"43080031","(5,6,9)","(0,0,0)","2000","20","31020001","1","(0,70,70,70)","(0,80,80,80)","(50,50,50)","(-60,-1,1,60,-67,-1,1,67,-30,-1,1,30)","(100,100,100)","(-60,-1,1,60,-67,-1,1,67,-30,-1,1,30)","93000037","35011008"
"43080032","(5,6,9)","(90,100,50,200,250,110,510,610,280,1330,1600,730)","2000","20","31020001","1","(0,70,70,70)","(0,80,80,80)","(50,50,50)","(-60,-1,1,60,-67,-1,1,67,-30,-1,1,30)","(100,100,100)","(-60,-1,1,60,-67,-1,1,67,-30,-1,1,30)","93000037","35011008"
"43080033","(5,6,9)","(90,100,50,200,250,110,510,610,280,1330,1600,730,3610,4340,1990)","2000","20","31020001","1","(0,70,70,70)","(0,80,80,80)","(50,50,50)","(-60,-1,1,60,-67,-1,1,67,-30,-1,1,30)","(100,100,100)","(-60,-1,1,60,-67,-1,1,67,-30,-1,1,30)","93000037","35011008"
"43080034","(5,6,9)","(90,100,50,200,250,110,510,610,280,1330,1600,730,3610,4340,1990,10230,12270,5630)","2000","20","31020001","1","(0,70,70,70)","(0,80,80,80)","(50,50,50)","(-60,-1,1,60,-67,-1,1,67,-30,-1,1,30)","(100,100,100)","(-60,-1,1,60,-67,-1,1,67,-30,-1,1,30)","93000037","35011008"
"43080035","(5,6,9)","(90,100,50,200,250,110,510,610,280,1330,1600,730,3610,4340,1990,10230,12270,5630,30000,36000,16500)","2000","20","31020001","1","(0,70,70,70)","(0,80,80,80)","(50,50,50)","(-60,-1,1,60,-67,-1,1,67,-30,-1,1,30)","(100,100,100)","(-60,-1,1,60,-67,-1,1,67,-30,-1,1,30)","93000158","35011008"
"43080036","(5,6,9)","(90,100,50,200,250,110,510,610,280,1330,1600,730,3610,4340,1990,10230,12270,5630,30000,36000,16500,91360,109640,50250)","2000","20","31020001","1","(0,70,70,70)","(0,80,80,80)","(50,50,50)","(-60,-1,1,60,-67,-1,1,67,-30,-1,1,30)","(100,100,100)","(-60,-1,1,60,-67,-1,1,67,-30,-1,1,30)","93000158","35011008"
"43080037","(5,6,9)","(0,0,0)","2000","20","31020001","1","(0,70,70,70)","(0,80,80,80)","(50,50,50)","(-60,-1,1,60,-67,-1,1,67,-30,-1,1,30)","(100,100,100)","(-60,-1,1,60,-67,-1,1,67,-30,-1,1,30)","93000037","35011008"
"43080038","(5,6,9)","(90,100,50,200,250,110,510,610,280,1330,1600,730,3610,4340,1990)","2000","20","31020001","1","(0,70,70,70)","(0,80,80,80)","(50,50,50)","(-60,-1,1,60,-67,-1,1,67,-30,-1,1,30)","(100,100,100)","(-60,-1,1,60,-67,-1,1,67,-30,-1,1,30)","93000037","35011008"
"43080039","(5,6,9)","(90,100,50,200,250,110,510,610,280,1330,1600,730,3610,4340,1990,10230,12270,5630)","2000","20","31020001","1","(0,70,70,70)","(0,80,80,80)","(50,50,50)","(-60,-1,1,60,-67,-1,1,67,-30,-1,1,30)","(100,100,100)","(-60,-1,1,60,-67,-1,1,67,-30,-1,1,30)","93000037","35011008"
"43080040","(5,6,9)","(90,100,50,200,250,110,510,610,280,1330,1600,730,3610,4340,1990,10230,12270,5630,30000,36000,16500)","2000","20","31020001","1","(0,70,70,70)","(0,80,80,80)","(50,50,50)","(-60,-1,1,60,-67,-1,1,67,-30,-1,1,30)","(100,100,100)","(-60,-1,1,60,-67,-1,1,67,-30,-1,1,30)","93000037","35011008"
"43080041","(5,6,9)","(90,100,50,200,250,110,510,610,280,1330,1600,730,3610,4340,1990,10230,12270,5630,30000,36000,16500,91360,109640,50250)","2000","20","31020001","1","(0,70,70,70)","(0,80,80,80)","(50,50,50)","(-60,-1,1,60,-67,-1,1,67,-30,-1,1,30)","(100,100,100)","(-60,-1,1,60,-67,-1,1,67,-30,-1,1,30)","93000158","35011008"
"43080042","(5,6,9)","(90,100,50,200,250,110,510,610,280,1330,1600,730,3610,4340,1990,10230,12270,5630,30000,36000,16500,91360,109640,50250,289090,346910,159000)","2000","20","31020001","1","(0,70,70,70)","(0,80,80,80)","(50,50,50)","(-60,-1,1,60,-67,-1,1,67,-30,-1,1,30)","(100,100,100)","(-60,-1,1,60,-67,-1,1,67,-30,-1,1,30)","93000158","35011008"
"43080043","(5,6,9)","(0,0,0)","2000","20","31020001","1","(0,70,70,70)","(0,80,80,80)","(50,50,50)","(-60,-1,1,60,-67,-1,1,67,-30,-1,1,30)","(100,100,100)","(-60,-1,1,60,-67,-1,1,67,-30,-1,1,30)","93000037","35011008"
"43080044","(5,6,9)","(90,100,50,200,250,110,510,610,280,1330,1600,730,3610,4340,1990,10230,12270,5630)","2000","20","31020001","1","(0,70,70,70)","(0,80,80,80)","(50,50,50)","(-60,-1,1,60,-67,-1,1,67,-30,-1,1,30)","(100,100,100)","(-60,-1,1,60,-67,-1,1,67,-30,-1,1,30)","93000037","35011008"
"43080045","(5,6,9)","(90,100,50,200,250,110,510,610,280,1330,1600,730,3610,4340,1990,10230,12270,5630,30000,36000,16500)","2000","20","31020001","1","(0,70,70,70)","(0,80,80,80)","(50,50,50)","(-60,-1,1,60,-67,-1,1,67,-30,-1,1,30)","(100,100,100)","(-60,-1,1,60,-67,-1,1,67,-30,-1,1,30)","93000037","35011008"
"43080046","(5,6,9)","(90,100,50,200,250,110,510,610,280,1330,1600,730,3610,4340,1990,10230,12270,5630,30000,36000,16500,91360,109640,50250)","2000","20","31020001","1","(0,70,70,70)","(0,80,80,80)","(50,50,50)","(-60,-1,1,60,-67,-1,1,67,-30,-1,1,30)","(100,100,100)","(-60,-1,1,60,-67,-1,1,67,-30,-1,1,30)","93000037","35011008"
"43080047","(5,6,9)","(90,100,50,200,250,110,510,610,280,1330,1600,730,3610,4340,1990,10230,12270,5630,30000,36000,16500,91360,109640,50250,289090,346910,159000)","2000","20","31020001","1","(0,70,70,70)","(0,80,80,80)","(50,50,50)","(-60,-1,1,60,-67,-1,1,67,-30,-1,1,30)","(100,100,100)","(-60,-1,1,60,-67,-1,1,67,-30,-1,1,30)","93000158","35011008"
"43080048","(5,6,9)","(90,100,50,200,250,110,510,610,280,1330,1600,730,3610,4340,1990,10230,12270,5630,30000,36000,16500,91360,109640,50250,289090,346910,159000)","2000","20","31020001","1","(0,70,70,70)","(0,80,80,80)","(50,50,50)","(-60,-1,1,60,-67,-1,1,67,-30,-1,1,30)","(100,100,100)","(-60,-1,1,60,-67,-1,1,67,-30,-1,1,30)","93000158","35011008"
"43080049","(5,6,9)","(0,0,0)","2000","20","31020001","1","(0,70,70,70)","(0,80,80,80)","(50,50,50)","(-60,-1,1,60,-67,-1,1,67,-30,-1,1,30)","(100,100,100)","(-60,-1,1,60,-67,-1,1,67,-30,-1,1,30)","93000037","35011008"
"43080050","(5,6,9)","(90,100,50,200,250,110,510,610,280,1330,1600,730,3610,4340,1990,10230,12270,5630,30000,36000,16500)","2000","20","31020001","1","(0,70,70,70)","(0,80,80,80)","(50,50,50)","(-60,-1,1,60,-67,-1,1,67,-30,-1,1,30)","(100,100,100)","(-60,-1,1,60,-67,-1,1,67,-30,-1,1,30)","93000037","35011008"
"43080051","(5,6,9)","(90,100,50,200,250,110,510,610,280,1330,1600,730,3610,4340,1990,10230,12270,5630,30000,36000,16500,91360,109640,50250)","2000","20","31020001","1","(0,70,70,70)","(0,80,80,80)","(50,50,50)","(-60,-1,1,60,-67,-1,1,67,-30,-1,1,30)","(100,100,100)","(-60,-1,1,60,-67,-1,1,67,-30,-1,1,30)","93000037","35011008"
"43080052","(5,6,9)","(90,100,50,200,250,110,510,610,280,1330,1600,730,3610,4340,1990,10230,12270,5630,30000,36000,16500,91360,109640,50250,289090,346910,159000)","2000","20","31020001","1","(0,70,70,70)","(0,80,80,80)","(50,50,50)","(-60,-1,1,60,-67,-1,1,67,-30,-1,1,30)","(100,100,100)","(-60,-1,1,60,-67,-1,1,67,-30,-1,1,30)","93000037","35011008"
"43080053","(5,6,9)","(90,100,50,200,250,110,510,610,280,1330,1600,730,3610,4340,1990,10230,12270,5630,30000,36000,16500,91360,109640,50250,289090,346910,159000)","2000","20","31020001","1","(0,70,70,70)","(0,80,80,80)","(50,50,50)","(-60,-1,1,60,-67,-1,1,67,-30,-1,1,30)","(100,100,100)","(-60,-1,1,60,-67,-1,1,67,-30,-1,1,30)","93000158","35011008"
"43080054","(5,6,9)","(90,100,50,200,250,110,510,610,280,1330,1600,730,3610,4340,1990,10230,12270,5630,30000,36000,16500,91360,109640,50250,289090,346910,159000)","2000","20","31020001","1","(0,70,70,70)","(0,80,80,80)","(50,50,50)","(-60,-1,1,60,-67,-1,1,67,-30,-1,1,30)","(100,100,100)","(-60,-1,1,60,-67,-1,1,67,-30,-1,1,30)","93000158","35011008"
"43080055","(5,6,9)","(0,0,0)","2000","20","31020001","1","(0,70,70,70)","(0,80,80,80)","(50,50,50)","(-60,-1,1,60,-67,-1,1,67,-30,-1,1,30)","(100,100,100)","(-60,-1,1,60,-67,-1,1,67,-30,-1,1,30)","93000037","35011008"
"43080056","(5,6,9)","(90,100,50,200,250,110,510,610,280,1330,1600,730,3610,4340,1990,10230,12270,5630,30000,36000,16500,91360,109640,50250)","2000","20","31020001","1","(0,70,70,70)","(0,80,80,80)","(50,50,50)","(-60,-1,1,60,-67,-1,1,67,-30,-1,1,30)","(100,100,100)","(-60,-1,1,60,-67,-1,1,67,-30,-1,1,30)","93000037","35011008"
"43080057","(5,6,9)","(90,100,50,200,250,110,510,610,280,1330,1600,730,3610,4340,1990,10230,12270,5630,30000,36000,16500,91360,109640,50250,289090,346910,159000)","2000","20","31020001","1","(0,70,70,70)","(0,80,80,80)","(50,50,50)","(-60,-1,1,60,-67,-1,1,67,-30,-1,1,30)","(100,100,100)","(-60,-1,1,60,-67,-1,1,67,-30,-1,1,30)","93000037","35011008"
"43080058","(5,6,9)","(90,100,50,200,250,110,510,610,280,1330,1600,730,3610,4340,1990,10230,12270,5630,30000,36000,16500,91360,109640,50250,289090,346910,159000)","2000","20","31020001","1","(0,70,70,70)","(0,80,80,80)","(50,50,50)","(-60,-1,1,60,-67,-1,1,67,-30,-1,1,30)","(100,100,100)","(-60,-1,1,60,-67,-1,1,67,-30,-1,1,30)","93000037","35011008"
"43080059","(5,6,9)","(90,100,50,200,250,110,510,610,280,1330,1600,730,3610,4340,1990,10230,12270,5630,30000,36000,16500,91360,109640,50250,289090,346910,159000)","2000","20","31020001","1","(0,70,70,70)","(0,80,80,80)","(50,50,50)","(-60,-1,1,60,-67,-1,1,67,-30,-1,1,30)","(100,100,100)","(-60,-1,1,60,-67,-1,1,67,-30,-1,1,30)","93000158","35011008"
"43080060","(5,6,9)","(90,100,50,200,250,110,510,610,280,1330,1600,730,3610,4340,1990,10230,12270,5630,30000,36000,16500,91360,109640,50250,289090,346910,159000)","2000","20","31020001","1","(0,70,70,70)","(0,80,80,80)","(50,50,50)","(-60,-1,1,60,-67,-1,1,67,-30,-1,1,30)","(100,100,100)","(-60,-1,1,60,-67,-1,1,67,-30,-1,1,30)","93000158","35011008"
"43080061","(5,6,9)","(0,0,0)","2000","20","31020001","1","(0,70,70,70)","(0,80,80,80)","(50,50,50)","(-60,-1,1,60,-67,-1,1,67,-30,-1,1,30)","(100,100,100)","(-60,-1,1,60,-67,-1,1,67,-30,-1,1,30)","93000037","35011008"
"43080062","(5,6,9)","(90,100,50)","2000","20","31020001","1","(0,70,70,70)","(0,80,80,80)","(50,50,50)","(-60,-1,1,60,-67,-1,1,67,-30,-1,1,30)","(100,100,100)","(-60,-1,1,60,-67,-1,1,67,-30,-1,1,30)","93000037","35011008"
"43080063","(5,6,9)","(90,100,50)","2000","20","31020001","1","(0,70,70,70)","(0,80,80,80)","(50,50,50)","(-60,-1,1,60,-67,-1,1,67,-30,-1,1,30)","(100,100,100)","(-60,-1,1,60,-67,-1,1,67,-30,-1,1,30)","93000037","35011008"
"43080064","(5,6,9)","(90,100,50)","2000","20","31020001","1","(0,70,70,70)","(0,80,80,80)","(50,50,50)","(-60,-1,1,60,-67,-1,1,67,-30,-1,1,30)","(100,100,100)","(-60,-1,1,60,-67,-1,1,67,-30,-1,1,30)","93000037","35011008"
"43080065","(5,6,9)","(90,100,50,200,250,110,510,610,280)","2000","20","31020001","1","(0,70,70,70)","(0,80,80,80)","(50,50,50)","(-60,-1,1,60,-67,-1,1,67,-30,-1,1,30)","(100,100,100)","(-60,-1,1,60,-67,-1,1,67,-30,-1,1,30)","93000158","35011008"
"43080066","(5,6,9)","(90,100,50,200,250,110,510,610,280,1330,1600,730,3610,4340,1990)","2000","20","31020001","1","(0,70,70,70)","(0,80,80,80)","(50,50,50)","(-60,-1,1,60,-67,-1,1,67,-30,-1,1,30)","(100,100,100)","(-60,-1,1,60,-67,-1,1,67,-30,-1,1,30)","93000158","35011008"
"43080067","(5,6,9)","(0,0,0)","2000","20","31020001","1","(0,70,70,70)","(0,80,80,80)","(50,50,50)","(-60,-1,1,60,-67,-1,1,67,-30,-1,1,30)","(100,100,100)","(-60,-1,1,60,-67,-1,1,67,-30,-1,1,30)","93000037","35011008"
"43080068","(5,6,9)","(90,100,50)","2000","20","31020001","1","(0,70,70,70)","(0,80,80,80)","(50,50,50)","(-60,-1,1,60,-67,-1,1,67,-30,-1,1,30)","(100,100,100)","(-60,-1,1,60,-67,-1,1,67,-30,-1,1,30)","93000037","35011008"
"43080069","(5,6,9)","(90,100,50)","2000","20","31020001","1","(0,70,70,70)","(0,80,80,80)","(50,50,50)","(-60,-1,1,60,-67,-1,1,67,-30,-1,1,30)","(100,100,100)","(-60,-1,1,60,-67,-1,1,67,-30,-1,1,30)","93000037","35011008"
"43080070","(5,6,9)","(90,100,50,200,250,110)","2000","20","31020001","1","(0,70,70,70)","(0,80,80,80)","(50,50,50)","(-60,-1,1,60,-67,-1,1,67,-30,-1,1,30)","(100,100,100)","(-60,-1,1,60,-67,-1,1,67,-30,-1,1,30)","93000037","35011008"
"43080071","(5,6,9)","(90,100,50,200,250,110,510,610,280,1330,1600,730)","2000","20","31020001","1","(0,70,70,70)","(0,80,80,80)","(50,50,50)","(-60,-1,1,60,-67,-1,1,67,-30,-1,1,30)","(100,100,100)","(-60,-1,1,60,-67,-1,1,67,-30,-1,1,30)","93000158","35011008"
"43080072","(5,6,9)","(90,100,50,200,250,110,510,610,280,1330,1600,730,3610,4340,1990,10230,12270,5630)","2000","20","31020001","1","(0,70,70,70)","(0,80,80,80)","(50,50,50)","(-60,-1,1,60,-67,-1,1,67,-30,-1,1,30)","(100,100,100)","(-60,-1,1,60,-67,-1,1,67,-30,-1,1,30)","93000158","35011008"
"43080073","(5,6,9)","(0,0,0)","2000","20","31020001","1","(0,70,70,70)","(0,80,80,80)","(50,50,50)","(-60,-1,1,60,-67,-1,1,67,-30,-1,1,30)","(100,100,100)","(-60,-1,1,60,-67,-1,1,67,-30,-1,1,30)","93000037","35011008"
"43080074","(5,6,9)","(90,100,50)","2000","20","31020001","1","(0,70,70,70)","(0,80,80,80)","(50,50,50)","(-60,-1,1,60,-67,-1,1,67,-30,-1,1,30)","(100,100,100)","(-60,-1,1,60,-67,-1,1,67,-30,-1,1,30)","93000037","35011008"
"43080075","(5,6,9)","(90,100,50,200,250,110)","2000","20","31020001","1","(0,70,70,70)","(0,80,80,80)","(50,50,50)","(-60,-1,1,60,-67,-1,1,67,-30,-1,1,30)","(100,100,100)","(-60,-1,1,60,-67,-1,1,67,-30,-1,1,30)","93000037","35011008"
"43080076","(5,6,9)","(90,100,50,200,250,110,510,610,280)","2000","20","31020001","1","(0,70,70,70)","(0,80,80,80)","(50,50,50)","(-60,-1,1,60,-67,-1,1,67,-30,-1,1,30)","(100,100,100)","(-60,-1,1,60,-67,-1,1,67,-30,-1,1,30)","93000037","35011008"
"43080077","(5,6,9)","(90,100,50,200,250,110,510,610,280,1330,1600,730,3610,4340,1990)","2000","20","31020001","1","(0,70,70,70)","(0,80,80,80)","(50,50,50)","(-60,-1,1,60,-67,-1,1,67,-30,-1,1,30)","(100,100,100)","(-60,-1,1,60,-67,-1,1,67,-30,-1,1,30)","93000158","35011008"
"43080078","(5,6,9)","(90,100,50,200,250,110,510,610,280,1330,1600,730,3610,4340,1990,10230,12270,5630,30000,36000,16500)","2000","20","31020001","1","(0,70,70,70)","(0,80,80,80)","(50,50,50)","(-60,-1,1,60,-67,-1,1,67,-30,-1,1,30)","(100,100,100)","(-60,-1,1,60,-67,-1,1,67,-30,-1,1,30)","93000158","35011008"
"43080079","(5,6,9)","(0,0,0)","2000","20","31020001","1","(0,70,70,70)","(0,80,80,80)","(50,50,50)","(-60,-1,1,60,-67,-1,1,67,-30,-1,1,30)","(100,100,100)","(-60,-1,1,60,-67,-1,1,67,-30,-1,1,30)","93000037","35011008"
"43080080","(5,6,9)","(90,100,50,200,250,110)","2000","20","31020001","1","(0,70,70,70)","(0,80,80,80)","(50,50,50)","(-60,-1,1,60,-67,-1,1,67,-30,-1,1,30)","(100,100,100)","(-60,-1,1,60,-67,-1,1,67,-30,-1,1,30)","93000037","35011008"
"43080081","(5,6,9)","(90,100,50,200,250,110,510,610,280)","2000","20","31020001","1","(0,70,70,70)","(0,80,80,80)","(50,50,50)","(-60,-1,1,60,-67,-1,1,67,-30,-1,1,30)","(100,100,100)","(-60,-1,1,60,-67,-1,1,67,-30,-1,1,30)","93000037","35011008"
"43080082","(5,6,9)","(90,100,50,200,250,110,510,610,280,1330,1600,730)","2000","20","31020001","1","(0,70,70,70)","(0,80,80,80)","(50,50,50)","(-60,-1,1,60,-67,-1,1,67,-30,-1,1,30)","(100,100,100)","(-60,-1,1,60,-67,-1,1,67,-30,-1,1,30)","93000037","35011008"
"43080083","(5,6,9)","(90,100,50,200,250,110,510,610,280,1330,1600,730,3610,4340,1990,10230,12270,5630)","2000","20","31020001","1","(0,70,70,70)","(0,80,80,80)","(50,50,50)","(-60,-1,1,60,-67,-1,1,67,-30,-1,1,30)","(100,100,100)","(-60,-1,1,60,-67,-1,1,67,-30,-1,1,30)","93000158","35011008"
"43080084","(5,6,9)","(90,100,50,200,250,110,510,610,280,1330,1600,730,3610,4340,1990,10230,12270,5630,30000,36000,16500)","2000","20","31020001","1","(0,70,70,70)","(0,80,80,80)","(50,50,50)","(-60,-1,1,60,-67,-1,1,67,-30,-1,1,30)","(100,100,100)","(-60,-1,1,60,-67,-1,1,67,-30,-1,1,30)","93000158","35011008"
"43080085","(5,6,9)","(0,0,0)","2000","20","31020001","1","(0,70,70,70)","(0,80,80,80)","(50,50,50)","(-60,-1,1,60,-67,-1,1,67,-30,-1,1,30)","(100,100,100)","(-60,-1,1,60,-67,-1,1,67,-30,-1,1,30)","93000037","35011008"
"43080086","(5,6,9)","(90,100,50,200,250,110,510,610,280","2000","20","31020001","1","(0,70,70,70)","(0,80,80,80)","(50,50,50)","(-60,-1,1,60,-67,-1,1,67,-30,-1,1,30)","(100,100,100)","(-60,-1,1,60,-67,-1,1,67,-30,-1,1,30)","93000037","35011008"
"43080087","(5,6,9)","(90,100,50,200,250,110,510,610,280,1330,1600,730)","2000","20","31020001","1","(0,70,70,70)","(0,80,80,80)","(50,50,50)","(-60,-1,1,60,-67,-1,1,67,-30,-1,1,30)","(100,100,100)","(-60,-1,1,60,-67,-1,1,67,-30,-1,1,30)","93000037","35011008"
"43080088","(5,6,9)","(90,100,50,200,250,110,510,610,280,1330,1600,730,3610,4340,1990)","2000","20","31020001","1","(0,70,70,70)","(0,80,80,80)","(50,50,50)","(-60,-1,1,60,-67,-1,1,67,-30,-1,1,30)","(100,100,100)","(-60,-1,1,60,-67,-1,1,67,-30,-1,1,30)","93000037","35011008"
"43080089","(5,6,9)","(90,100,50,200,250,110,510,610,280,1330,1600,730,3610,4340,1990,10230,12270,5630,30000,36000,16500)","2000","20","31020001","1","(0,70,70,70)","(0,80,80,80)","(50,50,50)","(-60,-1,1,60,-67,-1,1,67,-30,-1,1,30)","(100,100,100)","(-60,-1,1,60,-67,-1,1,67,-30,-1,1,30)","93000158","35011008"
"43080090","(5,6,9)","(90,100,50,200,250,110,510,610,280,1330,1600,730,3610,4340,1990,10230,12270,5630,30000,36000,16500)","2000","20","31020001","1","(0,70,70,70)","(0,80,80,80)","(50,50,50)","(-60,-1,1,60,-67,-1,1,67,-30,-1,1,30)","(100,100,100)","(-60,-1,1,60,-67,-1,1,67,-30,-1,1,30)","93000158","35011008"
"43080091","(5,6,9)","(0,0,0)","2000","20","31020001","1","(0,70,70,70)","(0,80,80,80)","(50,50,50)","(-60,-1,1,60,-67,-1,1,67,-30,-1,1,30)","(100,100,100)","(-60,-1,1,60,-67,-1,1,67,-30,-1,1,30)","93000037","35011008"
"43080092","(5,6,9)","(90,100,50,200,250,110,510,610,280,1330,1600,730)","2000","20","31020001","1","(0,70,70,70)","(0,80,80,80)","(50,50,50)","(-60,-1,1,60,-67,-1,1,67,-30,-1,1,30)","(100,100,100)","(-60,-1,1,60,-67,-1,1,67,-30,-1,1,30)","93000037","35011008"
"43080093","(5,6,9)","(90,100,50,200,250,110,510,610,280,1330,1600,730,3610,4340,1990)","2000","20","31020001","1","(0,70,70,70)","(0,80,80,80)","(50,50,50)","(-60,-1,1,60,-67,-1,1,67,-30,-1,1,30)","(100,100,100)","(-60,-1,1,60,-67,-1,1,67,-30,-1,1,30)","93000037","35011008"
"43080094","(5,6,9)","(90,100,50,200,250,110,510,610,280,1330,1600,730,3610,4340,1990,10230,12270,5630)","2000","20","31020001","1","(0,70,70,70)","(0,80,80,80)","(50,50,50)","(-60,-1,1,60,-67,-1,1,67,-30,-1,1,30)","(100,100,100)","(-60,-1,1,60,-67,-1,1,67,-30,-1,1,30)","93000037","35011008"
"43080095","(5,6,9)","(90,100,50,200,250,110,510,610,280,1330,1600,730,3610,4340,1990,10230,12270,5630,30000,36000,16500)","2000","20","31020001","1","(0,70,70,70)","(0,80,80,80)","(50,50,50)","(-60,-1,1,60,-67,-1,1,67,-30,-1,1,30)","(100,100,100)","(-60,-1,1,60,-67,-1,1,67,-30,-1,1,30)","93000158","35011008"
"43080096","(5,6,9)","(90,100,50,200,250,110,510,610,280,1330,1600,730,3610,4340,1990,10230,12270,5630,30000,36000,16500,91360,109640,50250)","2000","20","31020001","1","(0,70,70,70)","(0,80,80,80)","(50,50,50)","(-60,-1,1,60,-67,-1,1,67,-30,-1,1,30)","(100,100,100)","(-60,-1,1,60,-67,-1,1,67,-30,-1,1,30)","93000158","35011008"
"43080097","(5,6,9)","(0,0,0)","2000","20","31020001","1","(0,70,70,70)","(0,80,80,80)","(50,50,50)","(-60,-1,1,60,-67,-1,1,67,-30,-1,1,30)","(100,100,100)","(-60,-1,1,60,-67,-1,1,67,-30,-1,1,30)","93000037","35011008"
"43080098","(5,6,9)","(90,100,50,200,250,110,510,610,280,1330,1600,730,3610,4340,1990)","2000","20","31020001","1","(0,70,70,70)","(0,80,80,80)","(50,50,50)","(-60,-1,1,60,-67,-1,1,67,-30,-1,1,30)","(100,100,100)","(-60,-1,1,60,-67,-1,1,67,-30,-1,1,30)","93000037","35011008"
"43080099","(5,6,9)","(90,100,50,200,250,110,510,610,280,1330,1600,730,3610,4340,1990,10230,12270,5630)","2000","20","31020001","1","(0,70,70,70)","(0,80,80,80)","(50,50,50)","(-60,-1,1,60,-67,-1,1,67,-30,-1,1,30)","(100,100,100)","(-60,-1,1,60,-67,-1,1,67,-30,-1,1,30)","93000037","35011008"
"43080100","(5,6,9)","(90,100,50,200,250,110,510,610,280,1330,1600,730,3610,4340,1990,10230,12270,5630,30000,36000,16500)","2000","20","31020001","1","(0,70,70,70)","(0,80,80,80)","(50,50,50)","(-60,-1,1,60,-67,-1,1,67,-30,-1,1,30)","(100,100,100)","(-60,-1,1,60,-67,-1,1,67,-30,-1,1,30)","93000037","35011008"
"43080101","(5,6,9)","(90,100,50,200,250,110,510,610,280,1330,1600,730,3610,4340,1990,10230,12270,5630,30000,36000,16500,91360,109640,50250)","2000","20","31020001","1","(0,70,70,70)","(0,80,80,80)","(50,50,50)","(-60,-1,1,60,-67,-1,1,67,-30,-1,1,30)","(100,100,100)","(-60,-1,1,60,-67,-1,1,67,-30,-1,1,30)","93000158","35011008"
"43080102","(5,6,9)","(90,100,50,200,250,110,510,610,280,1330,1600,730,3610,4340,1990,10230,12270,5630,30000,36000,16500,91360,109640,50250,289090,346910,159000)","2000","20","31020001","1","(0,70,70,70)","(0,80,80,80)","(50,50,50)","(-60,-1,1,60,-67,-1,1,67,-30,-1,1,30)","(100,100,100)","(-60,-1,1,60,-67,-1,1,67,-30,-1,1,30)","93000158","35011008"
"43080103","(5,6,9)","(0,0,0)","2000","20","31020001","1","(0,70,70,70)","(0,80,80,80)","(50,50,50)","(-60,-1,1,60,-67,-1,1,67,-30,-1,1,30)","(100,100,100)","(-60,-1,1,60,-67,-1,1,67,-30,-1,1,30)","93000037","35011008"
"43080104","(5,6,9)","(90,100,50,200,250,110,510,610,280,1330,1600,730,3610,4340,1990,10230,12270,5630)","2000","20","31020001","1","(0,70,70,70)","(0,80,80,80)","(50,50,50)","(-60,-1,1,60,-67,-1,1,67,-30,-1,1,30)","(100,100,100)","(-60,-1,1,60,-67,-1,1,67,-30,-1,1,30)","93000037","35011008"
"43080105","(5,6,9)","(90,100,50,200,250,110,510,610,280,1330,1600,730,3610,4340,1990,10230,12270,5630,30000,36000,16500)","2000","20","31020001","1","(0,70,70,70)","(0,80,80,80)","(50,50,50)","(-60,-1,1,60,-67,-1,1,67,-30,-1,1,30)","(100,100,100)","(-60,-1,1,60,-67,-1,1,67,-30,-1,1,30)","93000037","35011008"
"43080106","(5,6,9)","(90,100,50,200,250,110,510,610,280,1330,1600,730,3610,4340,1990,10230,12270,5630,30000,36000,16500,91360,109640,50250)","2000","20","31020001","1","(0,70,70,70)","(0,80,80,80)","(50,50,50)","(-60,-1,1,60,-67,-1,1,67,-30,-1,1,30)","(100,100,100)","(-60,-1,1,60,-67,-1,1,67,-30,-1,1,30)","93000037","35011008"
"43080107","(5,6,9)","(90,100,50,200,250,110,510,610,280,1330,1600,730,3610,4340,1990,10230,12270,5630,30000,36000,16500,91360,109640,50250,289090,346910,159000)","2000","20","31020001","1","(0,70,70,70)","(0,80,80,80)","(50,50,50)","(-60,-1,1,60,-67,-1,1,67,-30,-1,1,30)","(100,100,100)","(-60,-1,1,60,-67,-1,1,67,-30,-1,1,30)","93000158","35011008"
"43080108","(5,6,9)","(90,100,50,200,250,110,510,610,280,1330,1600,730,3610,4340,1990,10230,12270,5630,30000,36000,16500,91360,109640,50250,289090,346910,159000)","2000","20","31020001","1","(0,70,70,70)","(0,80,80,80)","(50,50,50)","(-60,-1,1,60,-67,-1,1,67,-30,-1,1,30)","(100,100,100)","(-60,-1,1,60,-67,-1,1,67,-30,-1,1,30)","93000158","35011008"
"43080109","(5,6,9)","(0,0,0)","2000","20","31020001","1","(0,70,70,70)","(0,80,80,80)","(50,50,50)","(-60,-1,1,60,-67,-1,1,67,-30,-1,1,30)","(100,100,100)","(-60,-1,1,60,-67,-1,1,67,-30,-1,1,30)","93000037","35011008"
"43080110","(5,6,9)","(90,100,50,200,250,110,510,610,280,1330,1600,730,3610,4340,1990,10230,12270,5630,30000,36000,16500)","2000","20","31020001","1","(0,70,70,70)","(0,80,80,80)","(50,50,50)","(-60,-1,1,60,-67,-1,1,67,-30,-1,1,30)","(100,100,100)","(-60,-1,1,60,-67,-1,1,67,-30,-1,1,30)","93000037","35011008"
"43080111","(5,6,9)","(90,100,50,200,250,110,510,610,280,1330,1600,730,3610,4340,1990,10230,12270,5630,30000,36000,16500,91360,109640,50250)","2000","20","31020001","1","(0,70,70,70)","(0,80,80,80)","(50,50,50)","(-60,-1,1,60,-67,-1,1,67,-30,-1,1,30)","(100,100,100)","(-60,-1,1,60,-67,-1,1,67,-30,-1,1,30)","93000037","35011008"
"43080112","(5,6,9)","(90,100,50,200,250,110,510,610,280,1330,1600,730,3610,4340,1990,10230,12270,5630,30000,36000,16500,91360,109640,50250,289090,346910,159000)","2000","20","31020001","1","(0,70,70,70)","(0,80,80,80)","(50,50,50)","(-60,-1,1,60,-67,-1,1,67,-30,-1,1,30)","(100,100,100)","(-60,-1,1,60,-67,-1,1,67,-30,-1,1,30)","93000037","35011008"
"43080113","(5,6,9)","(90,100,50,200,250,110,510,610,280,1330,1600,730,3610,4340,1990,10230,12270,5630,30000,36000,16500,91360,109640,50250,289090,346910,159000)","2000","20","31020001","1","(0,70,70,70)","(0,80,80,80)","(50,50,50)","(-60,-1,1,60,-67,-1,1,67,-30,-1,1,30)","(100,100,100)","(-60,-1,1,60,-67,-1,1,67,-30,-1,1,30)","93000158","35011008"
"43080114","(5,6,9)","(90,100,50,200,250,110,510,610,280,1330,1600,730,3610,4340,1990,10230,12270,5630,30000,36000,16500,91360,109640,50250,289090,346910,159000)","2000","20","31020001","1","(0,70,70,70)","(0,80,80,80)","(50,50,50)","(-60,-1,1,60,-67,-1,1,67,-30,-1,1,30)","(100,100,100)","(-60,-1,1,60,-67,-1,1,67,-30,-1,1,30)","93000158","35011008"
"43080115","(5,6,9)","(0,0,0)","2000","20","31020001","1","(0,70,70,70)","(0,80,80,80)","(50,50,50)","(-60,-1,1,60,-67,-1,1,67,-30,-1,1,30)","(100,100,100)","(-60,-1,1,60,-67,-1,1,67,-30,-1,1,30)","93000037","35011008"
"43080116","(5,6,9)","(90,100,50,200,250,110,510,610,280,1330,1600,730,3610,4340,1990,10230,12270,5630,30000,36000,16500,91360,109640,50250)","2000","20","31020001","1","(0,70,70,70)","(0,80,80,80)","(50,50,50)","(-60,-1,1,60,-67,-1,1,67,-30,-1,1,30)","(100,100,100)","(-60,-1,1,60,-67,-1,1,67,-30,-1,1,30)","93000037","35011008"
"43080117","(5,6,9)","(90,100,50,200,250,110,510,610,280,1330,1600,730,3610,4340,1990,10230,12270,5630,30000,36000,16500,91360,109640,50250,289090,346910,159000)","2000","20","31020001","1","(0,70,70,70)","(0,80,80,80)","(50,50,50)","(-60,-1,1,60,-67,-1,1,67,-30,-1,1,30)","(100,100,100)","(-60,-1,1,60,-67,-1,1,67,-30,-1,1,30)","93000037","35011008"
"43080118","(5,6,9)","(90,100,50,200,250,110,510,610,280,1330,1600,730,3610,4340,1990,10230,12270,5630,30000,36000,16500,91360,109640,50250,289090,346910,159000)","2000","20","31020001","1","(0,70,70,70)","(0,80,80,80)","(50,50,50)","(-60,-1,1,60,-67,-1,1,67,-30,-1,1,30)","(100,100,100)","(-60,-1,1,60,-67,-1,1,67,-30,-1,1,30)","93000037","35011008"
"43080119","(5,6,9)","(90,100,50,200,250,110,510,610,280,1330,1600,730,3610,4340,1990,10230,12270,5630,30000,36000,16500,91360,109640,50250,289090,346910,159000)","2000","20","31020001","1","(0,70,70,70)","(0,80,80,80)","(50,50,50)","(-60,-1,1,60,-67,-1,1,67,-30,-1,1,30)","(100,100,100)","(-60,-1,1,60,-67,-1,1,67,-30,-1,1,30)","93000158","35011008"
"43080120","(5,6,9)","(90,100,50,200,250,110,510,610,280,1330,1600,730,3610,4340,1990,10230,12270,5630,30000,36000,16500,91360,109640,50250,289090,346910,159000)","2000","20","31020001","1","(0,70,70,70)","(0,80,80,80)","(50,50,50)","(-60,-1,1,60,-67,-1,1,67,-30,-1,1,30)","(100,100,100)","(-60,-1,1,60,-67,-1,1,67,-30,-1,1,30)","93000158","35011008"
"43080121","(5,6,9)","(0,0,0)","2000","20","31020001","1","(0,70,70,70)","(0,80,80,80)","(50,50,50)","(-60,-1,1,60,-67,-1,1,67,-30,-1,1,30)","(100,100,100)","(-60,-1,1,60,-67,-1,1,67,-30,-1,1,30)","93000037","35011008"
"43080122","(5,6,9)","(90,100,50)","2000","20","31020001","1","(0,70,70,70)","(0,80,80,80)","(50,50,50)","(-60,-1,1,60,-67,-1,1,67,-30,-1,1,30)","(100,100,100)","(-60,-1,1,60,-67,-1,1,67,-30,-1,1,30)","93000037","35011008"
"43080123","(5,6,9)","(90,100,50)","2000","20","31020001","1","(0,70,70,70)","(0,80,80,80)","(50,50,50)","(-60,-1,1,60,-67,-1,1,67,-30,-1,1,30)","(100,100,100)","(-60,-1,1,60,-67,-1,1,67,-30,-1,1,30)","93000037","35011008"
"43080124","(5,6,9)","(90,100,50)","2000","20","31020001","1","(0,70,70,70)","(0,80,80,80)","(50,50,50)","(-60,-1,1,60,-67,-1,1,67,-30,-1,1,30)","(100,100,100)","(-60,-1,1,60,-67,-1,1,67,-30,-1,1,30)","93000037","35011008"
"43080125","(5,6,9)","(90,100,50,200,250,110,510,610,280)","2000","20","31020001","1","(0,70,70,70)","(0,80,80,80)","(50,50,50)","(-60,-1,1,60,-67,-1,1,67,-30,-1,1,30)","(100,100,100)","(-60,-1,1,60,-67,-1,1,67,-30,-1,1,30)","93000158","35011008"
"43080126","(5,6,9)","(90,100,50,200,250,110,510,610,280,1330,1600,730,3610,4340,1990)","2000","20","31020001","1","(0,70,70,70)","(0,80,80,80)","(50,50,50)","(-60,-1,1,60,-67,-1,1,67,-30,-1,1,30)","(100,100,100)","(-60,-1,1,60,-67,-1,1,67,-30,-1,1,30)","93000158","35011008"
"43080127","(5,6,9)","(0,0,0)","2000","20","31020001","1","(0,70,70,70)","(0,80,80,80)","(50,50,50)","(-60,-1,1,60,-67,-1,1,67,-30,-1,1,30)","(100,100,100)","(-60,-1,1,60,-67,-1,1,67,-30,-1,1,30)","93000037","35011008"
"43080128","(5,6,9)","(90,100,50)","2000","20","31020001","1","(0,70,70,70)","(0,80,80,80)","(50,50,50)","(-60,-1,1,60,-67,-1,1,67,-30,-1,1,30)","(100,100,100)","(-60,-1,1,60,-67,-1,1,67,-30,-1,1,30)","93000037","35011008"
"43080129","(5,6,9)","(90,100,50)","2000","20","31020001","1","(0,70,70,70)","(0,80,80,80)","(50,50,50)","(-60,-1,1,60,-67,-1,1,67,-30,-1,1,30)","(100,100,100)","(-60,-1,1,60,-67,-1,1,67,-30,-1,1,30)","93000037","35011008"
"43080130","(5,6,9)","(90,100,50,200,250,110)","2000","20","31020001","1","(0,70,70,70)","(0,80,80,80)","(50,50,50)","(-60,-1,1,60,-67,-1,1,67,-30,-1,1,30)","(100,100,100)","(-60,-1,1,60,-67,-1,1,67,-30,-1,1,30)","93000037","35011008"
"43080131","(5,6,9)","(90,100,50,200,250,110,510,610,280,1330,1600,730)","2000","20","31020001","1","(0,70,70,70)","(0,80,80,80)","(50,50,50)","(-60,-1,1,60,-67,-1,1,67,-30,-1,1,30)","(100,100,100)","(-60,-1,1,60,-67,-1,1,67,-30,-1,1,30)","93000158","35011008"
"43080132","(5,6,9)","(90,100,50,200,250,110,510,610,280,1330,1600,730,3610,4340,1990,10230,12270,5630)","2000","20","31020001","1","(0,70,70,70)","(0,80,80,80)","(50,50,50)","(-60,-1,1,60,-67,-1,1,67,-30,-1,1,30)","(100,100,100)","(-60,-1,1,60,-67,-1,1,67,-30,-1,1,30)","93000158","35011008"
"43080133","(5,6,9)","(0,0,0)","2000","20","31020001","1","(0,70,70,70)","(0,80,80,80)","(50,50,50)","(-60,-1,1,60,-67,-1,1,67,-30,-1,1,30)","(100,100,100)","(-60,-1,1,60,-67,-1,1,67,-30,-1,1,30)","93000037","35011008"
"43080134","(5,6,9)","(90,100,50)","2000","20","31020001","1","(0,70,70,70)","(0,80,80,80)","(50,50,50)","(-60,-1,1,60,-67,-1,1,67,-30,-1,1,30)","(100,100,100)","(-60,-1,1,60,-67,-1,1,67,-30,-1,1,30)","93000037","35011008"
"43080135","(5,6,9)","(90,100,50,200,250,110)","2000","20","31020001","1","(0,70,70,70)","(0,80,80,80)","(50,50,50)","(-60,-1,1,60,-67,-1,1,67,-30,-1,1,30)","(100,100,100)","(-60,-1,1,60,-67,-1,1,67,-30,-1,1,30)","93000037","35011008"
"43080136","(5,6,9)","(90,100,50,200,250,110,510,610,280)","2000","20","31020001","1","(0,70,70,70)","(0,80,80,80)","(50,50,50)","(-60,-1,1,60,-67,-1,1,67,-30,-1,1,30)","(100,100,100)","(-60,-1,1,60,-67,-1,1,67,-30,-1,1,30)","93000037","35011008"
"43080137","(5,6,9)","(90,100,50,200,250,110,510,610,280,1330,1600,730,3610,4340,1990)","2000","20","31020001","1","(0,70,70,70)","(0,80,80,80)","(50,50,50)","(-60,-1,1,60,-67,-1,1,67,-30,-1,1,30)","(100,100,100)","(-60,-1,1,60,-67,-1,1,67,-30,-1,1,30)","93000158","35011008"
"43080138","(5,6,9)","(90,100,50,200,250,110,510,610,280,1330,1600,730,3610,4340,1990,10230,12270,5630,30000,36000,16500)","2000","20","31020001","1","(0,70,70,70)","(0,80,80,80)","(50,50,50)","(-60,-1,1,60,-67,-1,1,67,-30,-1,1,30)","(100,100,100)","(-60,-1,1,60,-67,-1,1,67,-30,-1,1,30)","93000158","35011008"
"43080139","(5,6,9)","(0,0,0)","2000","20","31020001","1","(0,70,70,70)","(0,80,80,80)","(50,50,50)","(-60,-1,1,60,-67,-1,1,67,-30,-1,1,30)","(100,100,100)","(-60,-1,1,60,-67,-1,1,67,-30,-1,1,30)","93000037","35011008"
"43080140","(5,6,9)","(90,100,50,200,250,110)","2000","20","31020001","1","(0,70,70,70)","(0,80,80,80)","(50,50,50)","(-60,-1,1,60,-67,-1,1,67,-30,-1,1,30)","(100,100,100)","(-60,-1,1,60,-67,-1,1,67,-30,-1,1,30)","93000037","35011008"
"43080141","(5,6,9)","(90,100,50,200,250,110,510,610,280)","2000","20","31020001","1","(0,70,70,70)","(0,80,80,80)","(50,50,50)","(-60,-1,1,60,-67,-1,1,67,-30,-1,1,30)","(100,100,100)","(-60,-1,1,60,-67,-1,1,67,-30,-1,1,30)","93000037","35011008"
"43080142","(5,6,9)","(90,100,50,200,250,110,510,610,280,1330,1600,730)","2000","20","31020001","1","(0,70,70,70)","(0,80,80,80)","(50,50,50)","(-60,-1,1,60,-67,-1,1,67,-30,-1,1,30)","(100,100,100)","(-60,-1,1,60,-67,-1,1,67,-30,-1,1,30)","93000037","35011008"
"43080143","(5,6,9)","(90,100,50,200,250,110,510,610,280,1330,1600,730,3610,4340,1990,10230,12270,5630)","2000","20","31020001","1","(0,70,70,70)","(0,80,80,80)","(50,50,50)","(-60,-1,1,60,-67,-1,1,67,-30,-1,1,30)","(100,100,100)","(-60,-1,1,60,-67,-1,1,67,-30,-1,1,30)","93000158","35011008"
"43080144","(5,6,9)","(90,100,50,200,250,110,510,610,280,1330,1600,730,3610,4340,1990,10230,12270,5630,30000,36000,16500)","2000","20","31020001","1","(0,70,70,70)","(0,80,80,80)","(50,50,50)","(-60,-1,1,60,-67,-1,1,67,-30,-1,1,30)","(100,100,100)","(-60,-1,1,60,-67,-1,1,67,-30,-1,1,30)","93000158","35011008"
"43080145","(5,6,9)","(0,0,0)","2000","20","31020001","1","(0,70,70,70)","(0,80,80,80)","(50,50,50)","(-60,-1,1,60,-67,-1,1,67,-30,-1,1,30)","(100,100,100)","(-60,-1,1,60,-67,-1,1,67,-30,-1,1,30)","93000037","35011008"
"43080146","(5,6,9)","(90,100,50,200,250,110,510,610,280","2000","20","31020001","1","(0,70,70,70)","(0,80,80,80)","(50,50,50)","(-60,-1,1,60,-67,-1,1,67,-30,-1,1,30)","(100,100,100)","(-60,-1,1,60,-67,-1,1,67,-30,-1,1,30)","93000037","35011008"
"43080147","(5,6,9)","(90,100,50,200,250,110,510,610,280,1330,1600,730)","2000","20","31020001","1","(0,70,70,70)","(0,80,80,80)","(50,50,50)","(-60,-1,1,60,-67,-1,1,67,-30,-1,1,30)","(100,100,100)","(-60,-1,1,60,-67,-1,1,67,-30,-1,1,30)","93000037","35011008"
"43080148","(5,6,9)","(90,100,50,200,250,110,510,610,280,1330,1600,730,3610,4340,1990)","2000","20","31020001","1","(0,70,70,70)","(0,80,80,80)","(50,50,50)","(-60,-1,1,60,-67,-1,1,67,-30,-1,1,30)","(100,100,100)","(-60,-1,1,60,-67,-1,1,67,-30,-1,1,30)","93000037","35011008"
"43080149","(5,6,9)","(90,100,50,200,250,110,510,610,280,1330,1600,730,3610,4340,1990,10230,12270,5630,30000,36000,16500)","2000","20","31020001","1","(0,70,70,70)","(0,80,80,80)","(50,50,50)","(-60,-1,1,60,-67,-1,1,67,-30,-1,1,30)","(100,100,100)","(-60,-1,1,60,-67,-1,1,67,-30,-1,1,30)","93000158","35011008"
"43080150","(5,6,9)","(90,100,50,200,250,110,510,610,280,1330,1600,730,3610,4340,1990,10230,12270,5630,30000,36000,16500)","2000","20","31020001","1","(0,70,70,70)","(0,80,80,80)","(50,50,50)","(-60,-1,1,60,-67,-1,1,67,-30,-1,1,30)","(100,100,100)","(-60,-1,1,60,-67,-1,1,67,-30,-1,1,30)","93000158","35011008"
"43080151","(5,6,9)","(0,0,0)","2000","20","31020001","1","(0,70,70,70)","(0,80,80,80)","(50,50,50)","(-60,-1,1,60,-67,-1,1,67,-30,-1,1,30)","(100,100,100)","(-60,-1,1,60,-67,-1,1,67,-30,-1,1,30)","93000037","35011008"
"43080152","(5,6,9)","(90,100,50,200,250,110,510,610,280,1330,1600,730)","2000","20","31020001","1","(0,70,70,70)","(0,80,80,80)","(50,50,50)","(-60,-1,1,60,-67,-1,1,67,-30,-1,1,30)","(100,100,100)","(-60,-1,1,60,-67,-1,1,67,-30,-1,1,30)","93000037","35011008"
"43080153","(5,6,9)","(90,100,50,200,250,110,510,610,280,1330,1600,730,3610,4340,1990)","2000","20","31020001","1","(0,70,70,70)","(0,80,80,80)","(50,50,50)","(-60,-1,1,60,-67,-1,1,67,-30,-1,1,30)","(100,100,100)","(-60,-1,1,60,-67,-1,1,67,-30,-1,1,30)","93000037","35011008"
"43080154","(5,6,9)","(90,100,50,200,250,110,510,610,280,1330,1600,730,3610,4340,1990,10230,12270,5630)","2000","20","31020001","1","(0,70,70,70)","(0,80,80,80)","(50,50,50)","(-60,-1,1,60,-67,-1,1,67,-30,-1,1,30)","(100,100,100)","(-60,-1,1,60,-67,-1,1,67,-30,-1,1,30)","93000037","35011008"
"43080155","(5,6,9)","(90,100,50,200,250,110,510,610,280,1330,1600,730,3610,4340,1990,10230,12270,5630,30000,36000,16500)","2000","20","31020001","1","(0,70,70,70)","(0,80,80,80)","(50,50,50)","(-60,-1,1,60,-67,-1,1,67,-30,-1,1,30)","(100,100,100)","(-60,-1,1,60,-67,-1,1,67,-30,-1,1,30)","93000158","35011008"
"43080156","(5,6,9)","(90,100,50,200,250,110,510,610,280,1330,1600,730,3610,4340,1990,10230,12270,5630,30000,36000,16500,91360,109640,50250)","2000","20","31020001","1","(0,70,70,70)","(0,80,80,80)","(50,50,50)","(-60,-1,1,60,-67,-1,1,67,-30,-1,1,30)","(100,100,100)","(-60,-1,1,60,-67,-1,1,67,-30,-1,1,30)","93000158","35011008"
"43080157","(5,6,9)","(0,0,0)","2000","20","31020001","1","(0,70,70,70)","(0,80,80,80)","(50,50,50)","(-60,-1,1,60,-67,-1,1,67,-30,-1,1,30)","(100,100,100)","(-60,-1,1,60,-67,-1,1,67,-30,-1,1,30)","93000037","35011008"
"43080158","(5,6,9)","(90,100,50,200,250,110,510,610,280,1330,1600,730,3610,4340,1990)","2000","20","31020001","1","(0,70,70,70)","(0,80,80,80)","(50,50,50)","(-60,-1,1,60,-67,-1,1,67,-30,-1,1,30)","(100,100,100)","(-60,-1,1,60,-67,-1,1,67,-30,-1,1,30)","93000037","35011008"
"43080159","(5,6,9)","(90,100,50,200,250,110,510,610,280,1330,1600,730,3610,4340,1990,10230,12270,5630)","2000","20","31020001","1","(0,70,70,70)","(0,80,80,80)","(50,50,50)","(-60,-1,1,60,-67,-1,1,67,-30,-1,1,30)","(100,100,100)","(-60,-1,1,60,-67,-1,1,67,-30,-1,1,30)","93000037","35011008"
"43080160","(5,6,9)","(90,100,50,200,250,110,510,610,280,1330,1600,730,3610,4340,1990,10230,12270,5630,30000,36000,16500)","2000","20","31020001","1","(0,70,70,70)","(0,80,80,80)","(50,50,50)","(-60,-1,1,60,-67,-1,1,67,-30,-1,1,30)","(100,100,100)","(-60,-1,1,60,-67,-1,1,67,-30,-1,1,30)","93000037","35011008"
"43080161","(5,6,9)","(90,100,50,200,250,110,510,610,280,1330,1600,730,3610,4340,1990,10230,12270,5630,30000,36000,16500,91360,109640,50250)","2000","20","31020001","1","(0,70,70,70)","(0,80,80,80)","(50,50,50)","(-60,-1,1,60,-67,-1,1,67,-30,-1,1,30)","(100,100,100)","(-60,-1,1,60,-67,-1,1,67,-30,-1,1,30)","93000158","35011008"
"43080162","(5,6,9)","(90,100,50,200,250,110,510,610,280,1330,1600,730,3610,4340,1990,10230,12270,5630,30000,36000,16500,91360,109640,50250,289090,346910,159000)","2000","20","31020001","1","(0,70,70,70)","(0,80,80,80)","(50,50,50)","(-60,-1,1,60,-67,-1,1,67,-30,-1,1,30)","(100,100,100)","(-60,-1,1,60,-67,-1,1,67,-30,-1,1,30)","93000158","35011008"
"43080163","(5,6,9)","(0,0,0)","2000","20","31020001","1","(0,70,70,70)","(0,80,80,80)","(50,50,50)","(-60,-1,1,60,-67,-1,1,67,-30,-1,1,30)","(100,100,100)","(-60,-1,1,60,-67,-1,1,67,-30,-1,1,30)","93000037","35011008"
"43080164","(5,6,9)","(90,100,50,200,250,110,510,610,280,1330,1600,730,3610,4340,1990,10230,12270,5630)","2000","20","31020001","1","(0,70,70,70)","(0,80,80,80)","(50,50,50)","(-60,-1,1,60,-67,-1,1,67,-30,-1,1,30)","(100,100,100)","(-60,-1,1,60,-67,-1,1,67,-30,-1,1,30)","93000037","35011008"
"43080165","(5,6,9)","(90,100,50,200,250,110,510,610,280,1330,1600,730,3610,4340,1990,10230,12270,5630,30000,36000,16500)","2000","20","31020001","1","(0,70,70,70)","(0,80,80,80)","(50,50,50)","(-60,-1,1,60,-67,-1,1,67,-30,-1,1,30)","(100,100,100)","(-60,-1,1,60,-67,-1,1,67,-30,-1,1,30)","93000037","35011008"
"43080166","(5,6,9)","(90,100,50,200,250,110,510,610,280,1330,1600,730,3610,4340,1990,10230,12270,5630,30000,36000,16500,91360,109640,50250)","2000","20","31020001","1","(0,70,70,70)","(0,80,80,80)","(50,50,50)","(-60,-1,1,60,-67,-1,1,67,-30,-1,1,30)","(100,100,100)","(-60,-1,1,60,-67,-1,1,67,-30,-1,1,30)","93000037","35011008"
"43080167","(5,6,9)","(90,100,50,200,250,110,510,610,280,1330,1600,730,3610,4340,1990,10230,12270,5630,30000,36000,16500,91360,109640,50250,289090,346910,159000)","2000","20","31020001","1","(0,70,70,70)","(0,80,80,80)","(50,50,50)","(-60,-1,1,60,-67,-1,1,67,-30,-1,1,30)","(100,100,100)","(-60,-1,1,60,-67,-1,1,67,-30,-1,1,30)","93000158","35011008"
"43080168","(5,6,9)","(90,100,50,200,250,110,510,610,280,1330,1600,730,3610,4340,1990,10230,12270,5630,30000,36000,16500,91360,109640,50250,289090,346910,159000)","2000","20","31020001","1","(0,70,70,70)","(0,80,80,80)","(50,50,50)","(-60,-1,1,60,-67,-1,1,67,-30,-1,1,30)","(100,100,100)","(-60,-1,1,60,-67,-1,1,67,-30,-1,1,30)","93000158","35011008"
"43080169","(5,6,9)","(0,0,0)","2000","20","31020001","1","(0,70,70,70)","(0,80,80,80)","(50,50,50)","(-60,-1,1,60,-67,-1,1,67,-30,-1,1,30)","(100,100,100)","(-60,-1,1,60,-67,-1,1,67,-30,-1,1,30)","93000037","35011008"
"43080170","(5,6,9)","(90,100,50,200,250,110,510,610,280,1330,1600,730,3610,4340,1990,10230,12270,5630,30000,36000,16500)","2000","20","31020001","1","(0,70,70,70)","(0,80,80,80)","(50,50,50)","(-60,-1,1,60,-67,-1,1,67,-30,-1,1,30)","(100,100,100)","(-60,-1,1,60,-67,-1,1,67,-30,-1,1,30)","93000037","35011008"
"43080171","(5,6,9)","(90,100,50,200,250,110,510,610,280,1330,1600,730,3610,4340,1990,10230,12270,5630,30000,36000,16500,91360,109640,50250)","2000","20","31020001","1","(0,70,70,70)","(0,80,80,80)","(50,50,50)","(-60,-1,1,60,-67,-1,1,67,-30,-1,1,30)","(100,100,100)","(-60,-1,1,60,-67,-1,1,67,-30,-1,1,30)","93000037","35011008"
"43080172","(5,6,9)","(90,100,50,200,250,110,510,610,280,1330,1600,730,3610,4340,1990,10230,12270,5630,30000,36000,16500,91360,109640,50250,289090,346910,159000)","2000","20","31020001","1","(0,70,70,70)","(0,80,80,80)","(50,50,50)","(-60,-1,1,60,-67,-1,1,67,-30,-1,1,30)","(100,100,100)","(-60,-1,1,60,-67,-1,1,67,-30,-1,1,30)","93000037","35011008"
"43080173","(5,6,9)","(90,100,50,200,250,110,510,610,280,1330,1600,730,3610,4340,1990,10230,12270,5630,30000,36000,16500,91360,109640,50250,289090,346910,159000)","2000","20","31020001","1","(0,70,70,70)","(0,80,80,80)","(50,50,50)","(-60,-1,1,60,-67,-1,1,67,-30,-1,1,30)","(100,100,100)","(-60,-1,1,60,-67,-1,1,67,-30,-1,1,30)","93000158","35011008"
"43080174","(5,6,9)","(90,100,50,200,250,110,510,610,280,1330,1600,730,3610,4340,1990,10230,12270,5630,30000,36000,16500,91360,109640,50250,289090,346910,159000)","2000","20","31020001","1","(0,70,70,70)","(0,80,80,80)","(50,50,50)","(-60,-1,1,60,-67,-1,1,67,-30,-1,1,30)","(100,100,100)","(-60,-1,1,60,-67,-1,1,67,-30,-1,1,30)","93000158","35011008"
"43080175","(5,6,9)","(0,0,0)","2000","20","31020001","1","(0,70,70,70)","(0,80,80,80)","(50,50,50)","(-60,-1,1,60,-67,-1,1,67,-30,-1,1,30)","(100,100,100)","(-60,-1,1,60,-67,-1,1,67,-30,-1,1,30)","93000037","35011008"
"43080176","(5,6,9)","(90,100,50,200,250,110,510,610,280,1330,1600,730,3610,4340,1990,10230,12270,5630,30000,36000,16500,91360,109640,50250)","2000","20","31020001","1","(0,70,70,70)","(0,80,80,80)","(50,50,50)","(-60,-1,1,60,-67,-1,1,67,-30,-1,1,30)","(100,100,100)","(-60,-1,1,60,-67,-1,1,67,-30,-1,1,30)","93000037","35011008"
"43080177","(5,6,9)","(90,100,50,200,250,110,510,610,280,1330,1600,730,3610,4340,1990,10230,12270,5630,30000,36000,16500,91360,109640,50250,289090,346910,159000)","2000","20","31020001","1","(0,70,70,70)","(0,80,80,80)","(50,50,50)","(-60,-1,1,60,-67,-1,1,67,-30,-1,1,30)","(100,100,100)","(-60,-1,1,60,-67,-1,1,67,-30,-1,1,30)","93000037","35011008"
"43080178","(5,6,9)","(90,100,50,200,250,110,510,610,280,1330,1600,730,3610,4340,1990,10230,12270,5630,30000,36000,16500,91360,109640,50250,289090,346910,159000)","2000","20","31020001","1","(0,70,70,70)","(0,80,80,80)","(50,50,50)","(-60,-1,1,60,-67,-1,1,67,-30,-1,1,30)","(100,100,100)","(-60,-1,1,60,-67,-1,1,67,-30,-1,1,30)","93000037","35011008"
"43080179","(5,6,9)","(90,100,50,200,250,110,510,610,280,1330,1600,730,3610,4340,1990,10230,12270,5630,30000,36000,16500,91360,109640,50250,289090,346910,159000)","2000","20","31020001","1","(0,70,70,70)","(0,80,80,80)","(50,50,50)","(-60,-1,1,60,-67,-1,1,67,-30,-1,1,30)","(100,100,100)","(-60,-1,1,60,-67,-1,1,67,-30,-1,1,30)","93000158","35011008"
"43080180","(5,6,9)","(90,100,50,200,250,110,510,610,280,1330,1600,730,3610,4340,1990,10230,12270,5630,30000,36000,16500,91360,109640,50250,289090,346910,159000)","2000","20","31020001","1","(0,70,70,70)","(0,80,80,80)","(50,50,50)","(-60,-1,1,60,-67,-1,1,67,-30,-1,1,30)","(100,100,100)","(-60,-1,1,60,-67,-1,1,67,-30,-1,1,30)","93000158","35011008"
"43080181","(5,6,9)","(0,0,0)","2000","20","31020001","1","(0,70,70,70)","(0,80,80,80)","(50,50,50)","(-60,-1,1,60,-67,-1,1,67,-30,-1,1,30)","(100,100,100)","(-60,-1,1,60,-67,-1,1,67,-30,-1,1,30)","93000037","35011008"
"43080182","(5,6,9)","(90,100,50)","2000","20","31020001","1","(0,70,70,70)","(0,80,80,80)","(50,50,50)","(-60,-1,1,60,-67,-1,1,67,-30,-1,1,30)","(100,100,100)","(-60,-1,1,60,-67,-1,1,67,-30,-1,1,30)","93000037","35011008"
"43080183","(5,6,9)","(90,100,50)","2000","20","31020001","1","(0,70,70,70)","(0,80,80,80)","(50,50,50)","(-60,-1,1,60,-67,-1,1,67,-30,-1,1,30)","(100,100,100)","(-60,-1,1,60,-67,-1,1,67,-30,-1,1,30)","93000037","35011008"
"43080184","(5,6,9)","(90,100,50)","2000","20","31020001","1","(0,70,70,70)","(0,80,80,80)","(50,50,50)","(-60,-1,1,60,-67,-1,1,67,-30,-1,1,30)","(100,100,100)","(-60,-1,1,60,-67,-1,1,67,-30,-1,1,30)","93000037","35011008"
"43080185","(5,6,9)","(90,100,50,200,250,110,510,610,280)","2000","20","31020001","1","(0,70,70,70)","(0,80,80,80)","(50,50,50)","(-60,-1,1,60,-67,-1,1,67,-30,-1,1,30)","(100,100,100)","(-60,-1,1,60,-67,-1,1,67,-30,-1,1,30)","93000158","35011008"
"43080186","(5,6,9)","(90,100,50,200,250,110,510,610,280,1330,1600,730,3610,4340,1990)","2000","20","31020001","1","(0,70,70,70)","(0,80,80,80)","(50,50,50)","(-60,-1,1,60,-67,-1,1,67,-30,-1,1,30)","(100,100,100)","(-60,-1,1,60,-67,-1,1,67,-30,-1,1,30)","93000158","35011008"
"43080187","(5,6,9)","(0,0,0)","2000","20","31020001","1","(0,70,70,70)","(0,80,80,80)","(50,50,50)","(-60,-1,1,60,-67,-1,1,67,-30,-1,1,30)","(100,100,100)","(-60,-1,1,60,-67,-1,1,67,-30,-1,1,30)","93000037","35011008"
"43080188","(5,6,9)","(90,100,50)","2000","20","31020001","1","(0,70,70,70)","(0,80,80,80)","(50,50,50)","(-60,-1,1,60,-67,-1,1,67,-30,-1,1,30)","(100,100,100)","(-60,-1,1,60,-67,-1,1,67,-30,-1,1,30)","93000037","35011008"
"43080189","(5,6,9)","(90,100,50)","2000","20","31020001","1","(0,70,70,70)","(0,80,80,80)","(50,50,50)","(-60,-1,1,60,-67,-1,1,67,-30,-1,1,30)","(100,100,100)","(-60,-1,1,60,-67,-1,1,67,-30,-1,1,30)","93000037","35011008"
"43080190","(5,6,9)","(90,100,50,200,250,110)","2000","20","31020001","1","(0,70,70,70)","(0,80,80,80)","(50,50,50)","(-60,-1,1,60,-67,-1,1,67,-30,-1,1,30)","(100,100,100)","(-60,-1,1,60,-67,-1,1,67,-30,-1,1,30)","93000037","35011008"
"43080191","(5,6,9)","(90,100,50,200,250,110,510,610,280,1330,1600,730)","2000","20","31020001","1","(0,70,70,70)","(0,80,80,80)","(50,50,50)","(-60,-1,1,60,-67,-1,1,67,-30,-1,1,30)","(100,100,100)","(-60,-1,1,60,-67,-1,1,67,-30,-1,1,30)","93000158","35011008"
"43080192","(5,6,9)","(90,100,50,200,250,110,510,610,280,1330,1600,730,3610,4340,1990,10230,12270,5630)","2000","20","31020001","1","(0,70,70,70)","(0,80,80,80)","(50,50,50)","(-60,-1,1,60,-67,-1,1,67,-30,-1,1,30)","(100,100,100)","(-60,-1,1,60,-67,-1,1,67,-30,-1,1,30)","93000158","35011008"
"43080193","(5,6,9)","(0,0,0)","2000","20","31020001","1","(0,70,70,70)","(0,80,80,80)","(50,50,50)","(-60,-1,1,60,-67,-1,1,67,-30,-1,1,30)","(100,100,100)","(-60,-1,1,60,-67,-1,1,67,-30,-1,1,30)","93000037","35011008"
"43080194","(5,6,9)","(90,100,50)","2000","20","31020001","1","(0,70,70,70)","(0,80,80,80)","(50,50,50)","(-60,-1,1,60,-67,-1,1,67,-30,-1,1,30)","(100,100,100)","(-60,-1,1,60,-67,-1,1,67,-30,-1,1,30)","93000037","35011008"
"43080195","(5,6,9)","(90,100,50,200,250,110)","2000","20","31020001","1","(0,70,70,70)","(0,80,80,80)","(50,50,50)","(-60,-1,1,60,-67,-1,1,67,-30,-1,1,30)","(100,100,100)","(-60,-1,1,60,-67,-1,1,67,-30,-1,1,30)","93000037","35011008"
"43080196","(5,6,9)","(90,100,50,200,250,110,510,610,280)","2000","20","31020001","1","(0,70,70,70)","(0,80,80,80)","(50,50,50)","(-60,-1,1,60,-67,-1,1,67,-30,-1,1,30)","(100,100,100)","(-60,-1,1,60,-67,-1,1,67,-30,-1,1,30)","93000037","35011008"
"43080197","(5,6,9)","(90,100,50,200,250,110,510,610,280,1330,1600,730,3610,4340,1990)","2000","20","31020001","1","(0,70,70,70)","(0,80,80,80)","(50,50,50)","(-60,-1,1,60,-67,-1,1,67,-30,-1,1,30)","(100,100,100)","(-60,-1,1,60,-67,-1,1,67,-30,-1,1,30)","93000158","35011008"
"43080198","(5,6,9)","(90,100,50,200,250,110,510,610,280,1330,1600,730,3610,4340,1990,10230,12270,5630,30000,36000,16500)","2000","20","31020001","1","(0,70,70,70)","(0,80,80,80)","(50,50,50)","(-60,-1,1,60,-67,-1,1,67,-30,-1,1,30)","(100,100,100)","(-60,-1,1,60,-67,-1,1,67,-30,-1,1,30)","93000158","35011008"
"43080199","(5,6,9)","(0,0,0)","2000","20","31020001","1","(0,70,70,70)","(0,80,80,80)","(50,50,50)","(-60,-1,1,60,-67,-1,1,67,-30,-1,1,30)","(100,100,100)","(-60,-1,1,60,-67,-1,1,67,-30,-1,1,30)","93000037","35011008"
"43080200","(5,6,9)","(90,100,50,200,250,110)","2000","20","31020001","1","(0,70,70,70)","(0,80,80,80)","(50,50,50)","(-60,-1,1,60,-67,-1,1,67,-30,-1,1,30)","(100,100,100)","(-60,-1,1,60,-67,-1,1,67,-30,-1,1,30)","93000037","35011008"
"43080201","(5,6,9)","(90,100,50,200,250,110,510,610,280)","2000","20","31020001","1","(0,70,70,70)","(0,80,80,80)","(50,50,50)","(-60,-1,1,60,-67,-1,1,67,-30,-1,1,30)","(100,100,100)","(-60,-1,1,60,-67,-1,1,67,-30,-1,1,30)","93000037","35011008"
"43080202","(5,6,9)","(90,100,50,200,250,110,510,610,280,1330,1600,730)","2000","20","31020001","1","(0,70,70,70)","(0,80,80,80)","(50,50,50)","(-60,-1,1,60,-67,-1,1,67,-30,-1,1,30)","(100,100,100)","(-60,-1,1,60,-67,-1,1,67,-30,-1,1,30)","93000037","35011008"
"43080203","(5,6,9)","(90,100,50,200,250,110,510,610,280,1330,1600,730,3610,4340,1990,10230,12270,5630)","2000","20","31020001","1","(0,70,70,70)","(0,80,80,80)","(50,50,50)","(-60,-1,1,60,-67,-1,1,67,-30,-1,1,30)","(100,100,100)","(-60,-1,1,60,-67,-1,1,67,-30,-1,1,30)","93000158","35011008"
"43080204","(5,6,9)","(90,100,50,200,250,110,510,610,280,1330,1600,730,3610,4340,1990,10230,12270,5630,30000,36000,16500)","2000","20","31020001","1","(0,70,70,70)","(0,80,80,80)","(50,50,50)","(-60,-1,1,60,-67,-1,1,67,-30,-1,1,30)","(100,100,100)","(-60,-1,1,60,-67,-1,1,67,-30,-1,1,30)","93000158","35011008"
"43080205","(5,6,9)","(0,0,0)","2000","20","31020001","1","(0,70,70,70)","(0,80,80,80)","(50,50,50)","(-60,-1,1,60,-67,-1,1,67,-30,-1,1,30)","(100,100,100)","(-60,-1,1,60,-67,-1,1,67,-30,-1,1,30)","93000037","35011008"
"43080206","(5,6,9)","(90,100,50,200,250,110,510,610,280","2000","20","31020001","1","(0,70,70,70)","(0,80,80,80)","(50,50,50)","(-60,-1,1,60,-67,-1,1,67,-30,-1,1,30)","(100,100,100)","(-60,-1,1,60,-67,-1,1,67,-30,-1,1,30)","93000037","35011008"
"43080207","(5,6,9)","(90,100,50,200,250,110,510,610,280,1330,1600,730)","2000","20","31020001","1","(0,70,70,70)","(0,80,80,80)","(50,50,50)","(-60,-1,1,60,-67,-1,1,67,-30,-1,1,30)","(100,100,100)","(-60,-1,1,60,-67,-1,1,67,-30,-1,1,30)","93000037","35011008"
"43080208","(5,6,9)","(90,100,50,200,250,110,510,610,280,1330,1600,730,3610,4340,1990)","2000","20","31020001","1","(0,70,70,70)","(0,80,80,80)","(50,50,50)","(-60,-1,1,60,-67,-1,1,67,-30,-1,1,30)","(100,100,100)","(-60,-1,1,60,-67,-1,1,67,-30,-1,1,30)","93000037","35011008"
"43080209","(5,6,9)","(90,100,50,200,250,110,510,610,280,1330,1600,730,3610,4340,1990,10230,12270,5630,30000,36000,16500)","2000","20","31020001","1","(0,70,70,70)","(0,80,80,80)","(50,50,50)","(-60,-1,1,60,-67,-1,1,67,-30,-1,1,30)","(100,100,100)","(-60,-1,1,60,-67,-1,1,67,-30,-1,1,30)","93000158","35011008"
"43080210","(5,6,9)","(90,100,50,200,250,110,510,610,280,1330,1600,730,3610,4340,1990,10230,12270,5630,30000,36000,16500)","2000","20","31020001","1","(0,70,70,70)","(0,80,80,80)","(50,50,50)","(-60,-1,1,60,-67,-1,1,67,-30,-1,1,30)","(100,100,100)","(-60,-1,1,60,-67,-1,1,67,-30,-1,1,30)","93000158","35011008"
"43080211","(5,6,9)","(0,0,0)","2000","20","31020001","1","(0,70,70,70)","(0,80,80,80)","(50,50,50)","(-60,-1,1,60,-67,-1,1,67,-30,-1,1,30)","(100,100,100)","(-60,-1,1,60,-67,-1,1,67,-30,-1,1,30)","93000037","35011008"
"43080212","(5,6,9)","(90,100,50,200,250,110,510,610,280,1330,1600,730)","2000","20","31020001","1","(0,70,70,70)","(0,80,80,80)","(50,50,50)","(-60,-1,1,60,-67,-1,1,67,-30,-1,1,30)","(100,100,100)","(-60,-1,1,60,-67,-1,1,67,-30,-1,1,30)","93000037","35011008"
"43080213","(5,6,9)","(90,100,50,200,250,110,510,610,280,1330,1600,730,3610,4340,1990)","2000","20","31020001","1","(0,70,70,70)","(0,80,80,80)","(50,50,50)","(-60,-1,1,60,-67,-1,1,67,-30,-1,1,30)","(100,100,100)","(-60,-1,1,60,-67,-1,1,67,-30,-1,1,30)","93000037","35011008"
"43080214","(5,6,9)","(90,100,50,200,250,110,510,610,280,1330,1600,730,3610,4340,1990,10230,12270,5630)","2000","20","31020001","1","(0,70,70,70)","(0,80,80,80)","(50,50,50)","(-60,-1,1,60,-67,-1,1,67,-30,-1,1,30)","(100,100,100)","(-60,-1,1,60,-67,-1,1,67,-30,-1,1,30)","93000037","35011008"
"43080215","(5,6,9)","(90,100,50,200,250,110,510,610,280,1330,1600,730,3610,4340,1990,10230,12270,5630,30000,36000,16500)","2000","20","31020001","1","(0,70,70,70)","(0,80,80,80)","(50,50,50)","(-60,-1,1,60,-67,-1,1,67,-30,-1,1,30)","(100,100,100)","(-60,-1,1,60,-67,-1,1,67,-30,-1,1,30)","93000158","35011008"
"43080216","(5,6,9)","(90,100,50,200,250,110,510,610,280,1330,1600,730,3610,4340,1990,10230,12270,5630,30000,36000,16500,91360,109640,50250)","2000","20","31020001","1","(0,70,70,70)","(0,80,80,80)","(50,50,50)","(-60,-1,1,60,-67,-1,1,67,-30,-1,1,30)","(100,100,100)","(-60,-1,1,60,-67,-1,1,67,-30,-1,1,30)","93000158","35011008"
"43080217","(5,6,9)","(0,0,0)","2000","20","31020001","1","(0,70,70,70)","(0,80,80,80)","(50,50,50)","(-60,-1,1,60,-67,-1,1,67,-30,-1,1,30)","(100,100,100)","(-60,-1,1,60,-67,-1,1,67,-30,-1,1,30)","93000037","35011008"
"43080218","(5,6,9)","(90,100,50,200,250,110,510,610,280,1330,1600,730,3610,4340,1990)","2000","20","31020001","1","(0,70,70,70)","(0,80,80,80)","(50,50,50)","(-60,-1,1,60,-67,-1,1,67,-30,-1,1,30)","(100,100,100)","(-60,-1,1,60,-67,-1,1,67,-30,-1,1,30)","93000037","35011008"
"43080219","(5,6,9)","(90,100,50,200,250,110,510,610,280,1330,1600,730,3610,4340,1990,10230,12270,5630)","2000","20","31020001","1","(0,70,70,70)","(0,80,80,80)","(50,50,50)","(-60,-1,1,60,-67,-1,1,67,-30,-1,1,30)","(100,100,100)","(-60,-1,1,60,-67,-1,1,67,-30,-1,1,30)","93000037","35011008"
"43080220","(5,6,9)","(90,100,50,200,250,110,510,610,280,1330,1600,730,3610,4340,1990,10230,12270,5630,30000,36000,16500)","2000","20","31020001","1","(0,70,70,70)","(0,80,80,80)","(50,50,50)","(-60,-1,1,60,-67,-1,1,67,-30,-1,1,30)","(100,100,100)","(-60,-1,1,60,-67,-1,1,67,-30,-1,1,30)","93000037","35011008"
"43080221","(5,6,9)","(90,100,50,200,250,110,510,610,280,1330,1600,730,3610,4340,1990,10230,12270,5630,30000,36000,16500,91360,109640,50250)","2000","20","31020001","1","(0,70,70,70)","(0,80,80,80)","(50,50,50)","(-60,-1,1,60,-67,-1,1,67,-30,-1,1,30)","(100,100,100)","(-60,-1,1,60,-67,-1,1,67,-30,-1,1,30)","93000158","35011008"
"43080222","(5,6,9)","(90,100,50,200,250,110,510,610,280,1330,1600,730,3610,4340,1990,10230,12270,5630,30000,36000,16500,91360,109640,50250,289090,346910,159000)","2000","20","31020001","1","(0,70,70,70)","(0,80,80,80)","(50,50,50)","(-60,-1,1,60,-67,-1,1,67,-30,-1,1,30)","(100,100,100)","(-60,-1,1,60,-67,-1,1,67,-30,-1,1,30)","93000158","35011008"
"43080223","(5,6,9)","(0,0,0)","2000","20","31020001","1","(0,70,70,70)","(0,80,80,80)","(50,50,50)","(-60,-1,1,60,-67,-1,1,67,-30,-1,1,30)","(100,100,100)","(-60,-1,1,60,-67,-1,1,67,-30,-1,1,30)","93000037","35011008"
"43080224","(5,6,9)","(90,100,50,200,250,110,510,610,280,1330,1600,730,3610,4340,1990,10230,12270,5630)","2000","20","31020001","1","(0,70,70,70)","(0,80,80,80)","(50,50,50)","(-60,-1,1,60,-67,-1,1,67,-30,-1,1,30)","(100,100,100)","(-60,-1,1,60,-67,-1,1,67,-30,-1,1,30)","93000037","35011008"
"43080225","(5,6,9)","(90,100,50,200,250,110,510,610,280,1330,1600,730,3610,4340,1990,10230,12270,5630,30000,36000,16500)","2000","20","31020001","1","(0,70,70,70)","(0,80,80,80)","(50,50,50)","(-60,-1,1,60,-67,-1,1,67,-30,-1,1,30)","(100,100,100)","(-60,-1,1,60,-67,-1,1,67,-30,-1,1,30)","93000037","35011008"
"43080226","(5,6,9)","(90,100,50,200,250,110,510,610,280,1330,1600,730,3610,4340,1990,10230,12270,5630,30000,36000,16500,91360,109640,50250)","2000","20","31020001","1","(0,70,70,70)","(0,80,80,80)","(50,50,50)","(-60,-1,1,60,-67,-1,1,67,-30,-1,1,30)","(100,100,100)","(-60,-1,1,60,-67,-1,1,67,-30,-1,1,30)","93000037","35011008"
"43080227","(5,6,9)","(90,100,50,200,250,110,510,610,280,1330,1600,730,3610,4340,1990,10230,12270,5630,30000,36000,16500,91360,109640,50250,289090,346910,159000)","2000","20","31020001","1","(0,70,70,70)","(0,80,80,80)","(50,50,50)","(-60,-1,1,60,-67,-1,1,67,-30,-1,1,30)","(100,100,100)","(-60,-1,1,60,-67,-1,1,67,-30,-1,1,30)","93000158","35011008"
"43080228","(5,6,9)","(90,100,50,200,250,110,510,610,280,1330,1600,730,3610,4340,1990,10230,12270,5630,30000,36000,16500,91360,109640,50250,289090,346910,159000)","2000","20","31020001","1","(0,70,70,70)","(0,80,80,80)","(50,50,50)","(-60,-1,1,60,-67,-1,1,67,-30,-1,1,30)","(100,100,100)","(-60,-1,1,60,-67,-1,1,67,-30,-1,1,30)","93000158","35011008"
"43080229","(5,6,9)","(0,0,0)","2000","20","31020001","1","(0,70,70,70)","(0,80,80,80)","(50,50,50)","(-60,-1,1,60,-67,-1,1,67,-30,-1,1,30)","(100,100,100)","(-60,-1,1,60,-67,-1,1,67,-30,-1,1,30)","93000037","35011008"
"43080230","(5,6,9)","(90,100,50,200,250,110,510,610,280,1330,1600,730,3610,4340,1990,10230,12270,5630,30000,36000,16500)","2000","20","31020001","1","(0,70,70,70)","(0,80,80,80)","(50,50,50)","(-60,-1,1,60,-67,-1,1,67,-30,-1,1,30)","(100,100,100)","(-60,-1,1,60,-67,-1,1,67,-30,-1,1,30)","93000037","35011008"
"43080231","(5,6,9)","(90,100,50,200,250,110,510,610,280,1330,1600,730,3610,4340,1990,10230,12270,5630,30000,36000,16500,91360,109640,50250)","2000","20","31020001","1","(0,70,70,70)","(0,80,80,80)","(50,50,50)","(-60,-1,1,60,-67,-1,1,67,-30,-1,1,30)","(100,100,100)","(-60,-1,1,60,-67,-1,1,67,-30,-1,1,30)","93000037","35011008"
"43080232","(5,6,9)","(90,100,50,200,250,110,510,610,280,1330,1600,730,3610,4340,1990,10230,12270,5630,30000,36000,16500,91360,109640,50250,289090,346910,159000)","2000","20","31020001","1","(0,70,70,70)","(0,80,80,80)","(50,50,50)","(-60,-1,1,60,-67,-1,1,67,-30,-1,1,30)","(100,100,100)","(-60,-1,1,60,-67,-1,1,67,-30,-1,1,30)","93000037","35011008"
"43080233","(5,6,9)","(90,100,50,200,250,110,510,610,280,1330,1600,730,3610,4340,1990,10230,12270,5630,30000,36000,16500,91360,109640,50250,289090,346910,159000)","2000","20","31020001","1","(0,70,70,70)","(0,80,80,80)","(50,50,50)","(-60,-1,1,60,-67,-1,1,67,-30,-1,1,30)","(100,100,100)","(-60,-1,1,60,-67,-1,1,67,-30,-1,1,30)","93000158","35011008"
"43080234","(5,6,9)","(90,100,50,200,250,110,510,610,280,1330,1600,730,3610,4340,1990,10230,12270,5630,30000,36000,16500,91360,109640,50250,289090,346910,159000)","2000","20","31020001","1","(0,70,70,70)","(0,80,80,80)","(50,50,50)","(-60,-1,1,60,-67,-1,1,67,-30,-1,1,30)","(100,100,100)","(-60,-1,1,60,-67,-1,1,67,-30,-1,1,30)","93000158","35011008"
"43080235","(5,6,9)","(0,0,0)","2000","20","31020001","1","(0,70,70,70)","(0,80,80,80)","(50,50,50)","(-60,-1,1,60,-67,-1,1,67,-30,-1,1,30)","(100,100,100)","(-60,-1,1,60,-67,-1,1,67,-30,-1,1,30)","93000037","35011008"
"43080236","(5,6,9)","(90,100,50,200,250,110,510,610,280,1330,1600,730,3610,4340,1990,10230,12270,5630,30000,36000,16500,91360,109640,50250)","2000","20","31020001","1","(0,70,70,70)","(0,80,80,80)","(50,50,50)","(-60,-1,1,60,-67,-1,1,67,-30,-1,1,30)","(100,100,100)","(-60,-1,1,60,-67,-1,1,67,-30,-1,1,30)","93000037","35011008"
"43080237","(5,6,9)","(90,100,50,200,250,110,510,610,280,1330,1600,730,3610,4340,1990,10230,12270,5630,30000,36000,16500,91360,109640,50250,289090,346910,159000)","2000","20","31020001","1","(0,70,70,70)","(0,80,80,80)","(50,50,50)","(-60,-1,1,60,-67,-1,1,67,-30,-1,1,30)","(100,100,100)","(-60,-1,1,60,-67,-1,1,67,-30,-1,1,30)","93000037","35011008"
"43080238","(5,6,9)","(90,100,50,200,250,110,510,610,280,1330,1600,730,3610,4340,1990,10230,12270,5630,30000,36000,16500,91360,109640,50250,289090,346910,159000)","2000","20","31020001","1","(0,70,70,70)","(0,80,80,80)","(50,50,50)","(-60,-1,1,60,-67,-1,1,67,-30,-1,1,30)","(100,100,100)","(-60,-1,1,60,-67,-1,1,67,-30,-1,1,30)","93000037","35011008"
"43080239","(5,6,9)","(90,100,50,200,250,110,510,610,280,1330,1600,730,3610,4340,1990,10230,12270,5630,30000,36000,16500,91360,109640,50250,289090,346910,159000)","2000","20","31020001","1","(0,70,70,70)","(0,80,80,80)","(50,50,50)","(-60,-1,1,60,-67,-1,1,67,-30,-1,1,30)","(100,100,100)","(-60,-1,1,60,-67,-1,1,67,-30,-1,1,30)","93000158","35011008"
"43080240","(5,6,9)","(90,100,50,200,250,110,510,610,280,1330,1600,730,3610,4340,1990,10230,12270,5630,30000,36000,16500,91360,109640,50250,289090,346910,159000)","2000","20","31020001","1","(0,70,70,70)","(0,80,80,80)","(50,50,50)","(-60,-1,1,60,-67,-1,1,67,-30,-1,1,30)","(100,100,100)","(-60,-1,1,60,-67,-1,1,67,-30,-1,1,30)","93000158","35011008"
"43080241","(5,6,9)","(90,100,50,200,250,110,510,610,280,1330,1600,730,3610,4340,1990,10230,12270,5630)","2000","20","31020001","1","(0,70,70,70)","(0,80,80,80)","(50,50,50)","(-60,-1,1,60,-67,-1,1,67,-30,-1,1,30)","(100,100,100)","(-60,-1,1,60,-67,-1,1,67,-30,-1,1,30)","93000158","35011008"
"43080242","(5,6,9)","(90,100,50,200,250,110,510,610,280,1330,1600,730,3610,4340,1990,10230,12270,5630,30000,36000,16500)","2000","20","31020001","1","(0,70,70,70)","(0,80,80,80)","(50,50,50)","(-60,-1,1,60,-67,-1,1,67,-30,-1,1,30)","(100,100,100)","(-60,-1,1,60,-67,-1,1,67,-30,-1,1,30)","93000158","35011008"
"43080243","(5,6,9)","(90,100,50,200,250,110,510,610,280,1330,1600,730,3610,4340,1990,10230,12270,5630,30000,36000,16500,91360,109640,50250)","2000","20","31020001","1","(0,70,70,70)","(0,80,80,80)","(50,50,50)","(-60,-1,1,60,-67,-1,1,67,-30,-1,1,30)","(100,100,100)","(-60,-1,1,60,-67,-1,1,67,-30,-1,1,30)","93000158","35011008"
"43080244","(5,6,9)","(90,100,50,200,250,110,510,610,280,1330,1600,730,3610,4340,1990,10230,12270,5630,30000,36000,16500,91360,109640,50250,289090,346910,159000)","2000","20","31020001","1","(0,70,70,70)","(0,80,80,80)","(50,50,50)","(-60,-1,1,60,-67,-1,1,67,-30,-1,1,30)","(100,100,100)","(-60,-1,1,60,-67,-1,1,67,-30,-1,1,30)","93000158","35011008"
"43080245","(5,6,9)","(90,100,50,200,250,110,510,610,280,1330,1600,730,3610,4340,1990,10230,12270,5630,30000,36000,16500,91360,109640,50250,289090,346910,159000)","2000","20","31020001","1","(0,70,70,70)","(0,80,80,80)","(50,50,50)","(-60,-1,1,60,-67,-1,1,67,-30,-1,1,30)","(100,100,100)","(-60,-1,1,60,-67,-1,1,67,-30,-1,1,30)","93000158","35011008"
"43080246","(5,6,9)","(90,100,50,200,250,110,510,610,280,1330,1600,730,3610,4340,1990,10230,12270,5630,30000,36000,16500,91360,109640,50250,289090,346910,159000)","2000","20","31020001","1","(0,70,70,70)","(0,80,80,80)","(50,50,50)","(-60,-1,1,60,-67,-1,1,67,-30,-1,1,30)","(100,100,100)","(-60,-1,1,60,-67,-1,1,67,-30,-1,1,30)","93000158","35011008"
"43080247","(5,6,9)","(90,100,50,200,250,110,510,610,280,1330,1600,730,3610,4340,1990,10230,12270,5630,30000,36000,16500,91360,109640,50250,289090,346910,159000)","2000","20","31020001","1","(0,70,70,70)","(0,80,80,80)","(50,50,50)","(-60,-1,1,60,-67,-1,1,67,-30,-1,1,30)","(100,100,100)","(-60,-1,1,60,-67,-1,1,67,-30,-1,1,30)","93000158","35011008"
"43080248","(5,6,9)","(90,100,50,200,250,110,510,610,280,1330,1600,730,3610,4340,1990,10230,12270,5630,30000,36000,16500,91360,109640,50250,289090,346910,159000)","2000","20","31020001","1","(0,70,70,70)","(0,80,80,80)","(50,50,50)","(-60,-1,1,60,-67,-1,1,67,-30,-1,1,30)","(100,100,100)","(-60,-1,1,60,-67,-1,1,67,-30,-1,1,30)","93000158","35011008"
"43080249","(5,6,9)","(90,100,50,200,250,110,510,610,280,1330,1600,730,3610,4340,1990,10230,12270,5630,30000,36000,16500,91360,109640,50250,289090,346910,159000)","2000","20","31020001","1","(0,70,70,70)","(0,80,80,80)","(50,50,50)","(-60,-1,1,60,-67,-1,1,67,-30,-1,1,30)","(100,100,100)","(-60,-1,1,60,-67,-1,1,67,-30,-1,1,30)","93000158","35011008"
"43080250","(5,6,9)","(90,100,50,200,250,110,510,610,280,1330,1600,730,3610,4340,1990,10230,12270,5630,30000,36000,16500,91360,109640,50250,289090,346910,159000)","2000","20","31020001","1","(0,70,70,70)","(0,80,80,80)","(50,50,50)","(-60,-1,1,60,-67,-1,1,67,-30,-1,1,30)","(100,100,100)","(-60,-1,1,60,-67,-1,1,67,-30,-1,1,30)","93000158","35011008"
"43080251","(5,6,9)","(90,100,50,200,250,110,510,610,280,1330,1600,730,3610,4340,1990,10230,12270,5630)","2000","20","31020001","1","(0,70,70,70)","(0,80,80,80)","(50,50,50)","(-60,-1,1,60,-67,-1,1,67,-30,-1,1,30)","(100,100,100)","(-60,-1,1,60,-67,-1,1,67,-30,-1,1,30)","93000158","35011008"
"43080252","(5,6,9)","(90,100,50,200,250,110,510,610,280,1330,1600,730,3610,4340,1990,10230,12270,5630,30000,36000,16500)","2000","20","31020001","1","(0,70,70,70)","(0,80,80,80)","(50,50,50)","(-60,-1,1,60,-67,-1,1,67,-30,-1,1,30)","(100,100,100)","(-60,-1,1,60,-67,-1,1,67,-30,-1,1,30)","93000158","35011008"
"43080253","(5,6,9)","(90,100,50,200,250,110,510,610,280,1330,1600,730,3610,4340,1990,10230,12270,5630,30000,36000,16500,91360,109640,50250)","2000","20","31020001","1","(0,70,70,70)","(0,80,80,80)","(50,50,50)","(-60,-1,1,60,-67,-1,1,67,-30,-1,1,30)","(100,100,100)","(-60,-1,1,60,-67,-1,1,67,-30,-1,1,30)","93000158","35011008"
"43080254","(5,6,9)","(90,100,50,200,250,110,510,610,280,1330,1600,730,3610,4340,1990,10230,12270,5630,30000,36000,16500,91360,109640,50250,289090,346910,159000)","2000","20","31020001","1","(0,70,70,70)","(0,80,80,80)","(50,50,50)","(-60,-1,1,60,-67,-1,1,67,-30,-1,1,30)","(100,100,100)","(-60,-1,1,60,-67,-1,1,67,-30,-1,1,30)","93000158","35011008"
"43080255","(5,6,9)","(90,100,50,200,250,110,510,610,280,1330,1600,730,3610,4340,1990,10230,12270,5630,30000,36000,16500,91360,109640,50250,289090,346910,159000)","2000","20","31020001","1","(0,70,70,70)","(0,80,80,80)","(50,50,50)","(-60,-1,1,60,-67,-1,1,67,-30,-1,1,30)","(100,100,100)","(-60,-1,1,60,-67,-1,1,67,-30,-1,1,30)","93000158","35011008"
"43080256","(5,6,9)","(90,100,50,200,250,110,510,610,280,1330,1600,730,3610,4340,1990,10230,12270,5630,30000,36000,16500,91360,109640,50250,289090,346910,159000)","2000","20","31020001","1","(0,70,70,70)","(0,80,80,80)","(50,50,50)","(-60,-1,1,60,-67,-1,1,67,-30,-1,1,30)","(100,100,100)","(-60,-1,1,60,-67,-1,1,67,-30,-1,1,30)","93000158","35011008"
"43080257","(5,6,9)","(90,100,50,200,250,110,510,610,280,1330,1600,730,3610,4340,1990,10230,12270,5630,30000,36000,16500,91360,109640,50250,289090,346910,159000)","2000","20","31020001","1","(0,70,70,70)","(0,80,80,80)","(50,50,50)","(-60,-1,1,60,-67,-1,1,67,-30,-1,1,30)","(100,100,100)","(-60,-1,1,60,-67,-1,1,67,-30,-1,1,30)","93000158","35011008"
"43080258","(5,6,9)","(90,100,50,200,250,110,510,610,280,1330,1600,730,3610,4340,1990,10230,12270,5630,30000,36000,16500,91360,109640,50250,289090,346910,159000)","2000","20","31020001","1","(0,70,70,70)","(0,80,80,80)","(50,50,50)","(-60,-1,1,60,-67,-1,1,67,-30,-1,1,30)","(100,100,100)","(-60,-1,1,60,-67,-1,1,67,-30,-1,1,30)","93000158","35011008"
"43080259","(5,6,9)","(90,100,50,200,250,110,510,610,280,1330,1600,730,3610,4340,1990,10230,12270,5630,30000,36000,16500,91360,109640,50250,289090,346910,159000)","2000","20","31020001","1","(0,70,70,70)","(0,80,80,80)","(50,50,50)","(-60,-1,1,60,-67,-1,1,67,-30,-1,1,30)","(100,100,100)","(-60,-1,1,60,-67,-1,1,67,-30,-1,1,30)","93000158","35011008"
"43080260","(5,6,9)","(90,100,50,200,250,110,510,610,280,1330,1600,730,3610,4340,1990,10230,12270,5630,30000,36000,16500,91360,109640,50250,289090,346910,159000)","2000","20","31020001","1","(0,70,70,70)","(0,80,80,80)","(50,50,50)","(-60,-1,1,60,-67,-1,1,67,-30,-1,1,30)","(100,100,100)","(-60,-1,1,60,-67,-1,1,67,-30,-1,1,30)","93000158","35011008"
"43080261","(5,6,9)","(90,100,50,200,250,110,510,610,280,1330,1600,730,3610,4340,1990,10230,12270,5630)","2000","20","31020001","1","(0,70,70,70)","(0,80,80,80)","(50,50,50)","(-60,-1,1,60,-67,-1,1,67,-30,-1,1,30)","(100,100,100)","(-60,-1,1,60,-67,-1,1,67,-30,-1,1,30)","93000158","35011008"
"43080262","(5,6,9)","(90,100,50,200,250,110,510,610,280,1330,1600,730,3610,4340,1990,10230,12270,5630,30000,36000,16500)","2000","20","31020001","1","(0,70,70,70)","(0,80,80,80)","(50,50,50)","(-60,-1,1,60,-67,-1,1,67,-30,-1,1,30)","(100,100,100)","(-60,-1,1,60,-67,-1,1,67,-30,-1,1,30)","93000158","35011008"
"43080263","(5,6,9)","(90,100,50,200,250,110,510,610,280,1330,1600,730,3610,4340,1990,10230,12270,5630,30000,36000,16500,91360,109640,50250)","2000","20","31020001","1","(0,70,70,70)","(0,80,80,80)","(50,50,50)","(-60,-1,1,60,-67,-1,1,67,-30,-1,1,30)","(100,100,100)","(-60,-1,1,60,-67,-1,1,67,-30,-1,1,30)","93000158","35011008"
"43080264","(5,6,9)","(90,100,50,200,250,110,510,610,280,1330,1600,730,3610,4340,1990,10230,12270,5630,30000,36000,16500,91360,109640,50250,289090,346910,159000)","2000","20","31020001","1","(0,70,70,70)","(0,80,80,80)","(50,50,50)","(-60,-1,1,60,-67,-1,1,67,-30,-1,1,30)","(100,100,100)","(-60,-1,1,60,-67,-1,1,67,-30,-1,1,30)","93000158","35011008"
"43080265","(5,6,9)","(90,100,50,200,250,110,510,610,280,1330,1600,730,3610,4340,1990,10230,12270,5630,30000,36000,16500,91360,109640,50250,289090,346910,159000)","2000","20","31020001","1","(0,70,70,70)","(0,80,80,80)","(50,50,50)","(-60,-1,1,60,-67,-1,1,67,-30,-1,1,30)","(100,100,100)","(-60,-1,1,60,-67,-1,1,67,-30,-1,1,30)","93000158","35011008"
"43080266","(5,6,9)","(90,100,50,200,250,110,510,610,280,1330,1600,730,3610,4340,1990,10230,12270,5630,30000,36000,16500,91360,109640,50250,289090,346910,159000)","2000","20","31020001","1","(0,70,70,70)","(0,80,80,80)","(50,50,50)","(-60,-1,1,60,-67,-1,1,67,-30,-1,1,30)","(100,100,100)","(-60,-1,1,60,-67,-1,1,67,-30,-1,1,30)","93000158","35011008"
"43080267","(5,6,9)","(90,100,50,200,250,110,510,610,280,1330,1600,730,3610,4340,1990,10230,12270,5630,30000,36000,16500,91360,109640,50250,289090,346910,159000)","2000","20","31020001","1","(0,70,70,70)","(0,80,80,80)","(50,50,50)","(-60,-1,1,60,-67,-1,1,67,-30,-1,1,30)","(100,100,100)","(-60,-1,1,60,-67,-1,1,67,-30,-1,1,30)","93000158","35011008"
"43080268","(5,6,9)","(90,100,50,200,250,110,510,610,280,1330,1600,730,3610,4340,1990,10230,12270,5630,30000,36000,16500,91360,109640,50250,289090,346910,159000)","2000","20","31020001","1","(0,70,70,70)","(0,80,80,80)","(50,50,50)","(-60,-1,1,60,-67,-1,1,67,-30,-1,1,30)","(100,100,100)","(-60,-1,1,60,-67,-1,1,67,-30,-1,1,30)","93000158","35011008"
"43080269","(5,6,9)","(90,100,50,200,250,110,510,610,280,1330,1600,730,3610,4340,1990,10230,12270,5630,30000,36000,16500,91360,109640,50250,289090,346910,159000)","2000","20","31020001","1","(0,70,70,70)","(0,80,80,80)","(50,50,50)","(-60,-1,1,60,-67,-1,1,67,-30,-1,1,30)","(100,100,100)","(-60,-1,1,60,-67,-1,1,67,-30,-1,1,30)","93000158","35011008"
"43080270","(5,6,9)","(90,100,50,200,250,110,510,610,280,1330,1600,730,3610,4340,1990,10230,12270,5630,30000,36000,16500,91360,109640,50250,289090,346910,159000)","2000","20","31020001","1","(0,70,70,70)","(0,80,80,80)","(50,50,50)","(-60,-1,1,60,-67,-1,1,67,-30,-1,1,30)","(100,100,100)","(-60,-1,1,60,-67,-1,1,67,-30,-1,1,30)","93000158","35011008"
"43080271","(5,6,9)","(90,100,50,200,250,110,510,610,280,1330,1600,730,3610,4340,1990,10230,12270,5630)","2000","20","31020001","1","(0,70,70,70)","(0,80,80,80)","(50,50,50)","(-60,-1,1,60,-67,-1,1,67,-30,-1,1,30)","(100,100,100)","(-60,-1,1,60,-67,-1,1,67,-30,-1,1,30)","93000158","35011008"
"43080272","(5,6,9)","(90,100,50,200,250,110,510,610,280,1330,1600,730,3610,4340,1990,10230,12270,5630,30000,36000,16500)","2000","20","31020001","1","(0,70,70,70)","(0,80,80,80)","(50,50,50)","(-60,-1,1,60,-67,-1,1,67,-30,-1,1,30)","(100,100,100)","(-60,-1,1,60,-67,-1,1,67,-30,-1,1,30)","93000158","35011008"
"43080273","(5,6,9)","(90,100,50,200,250,110,510,610,280,1330,1600,730,3610,4340,1990,10230,12270,5630,30000,36000,16500,91360,109640,50250)","2000","20","31020001","1","(0,70,70,70)","(0,80,80,80)","(50,50,50)","(-60,-1,1,60,-67,-1,1,67,-30,-1,1,30)","(100,100,100)","(-60,-1,1,60,-67,-1,1,67,-30,-1,1,30)","93000158","35011008"
"43080274","(5,6,9)","(90,100,50,200,250,110,510,610,280,1330,1600,730,3610,4340,1990,10230,12270,5630,30000,36000,16500,91360,109640,50250,289090,346910,159000)","2000","20","31020001","1","(0,70,70,70)","(0,80,80,80)","(50,50,50)","(-60,-1,1,60,-67,-1,1,67,-30,-1,1,30)","(100,100,100)","(-60,-1,1,60,-67,-1,1,67,-30,-1,1,30)","93000158","35011008"
"43080275","(5,6,9)","(90,100,50,200,250,110,510,610,280,1330,1600,730,3610,4340,1990,10230,12270,5630,30000,36000,16500,91360,109640,50250,289090,346910,159000)","2000","20","31020001","1","(0,70,70,70)","(0,80,80,80)","(50,50,50)","(-60,-1,1,60,-67,-1,1,67,-30,-1,1,30)","(100,100,100)","(-60,-1,1,60,-67,-1,1,67,-30,-1,1,30)","93000158","35011008"
"43080276","(5,6,9)","(90,100,50,200,250,110,510,610,280,1330,1600,730,3610,4340,1990,10230,12270,5630,30000,36000,16500,91360,109640,50250,289090,346910,159000)","2000","20","31020001","1","(0,70,70,70)","(0,80,80,80)","(50,50,50)","(-60,-1,1,60,-67,-1,1,67,-30,-1,1,30)","(100,100,100)","(-60,-1,1,60,-67,-1,1,67,-30,-1,1,30)","93000158","35011008"
"43080277","(5,6,9)","(90,100,50,200,250,110,510,610,280,1330,1600,730,3610,4340,1990,10230,12270,5630,30000,36000,16500,91360,109640,50250,289090,346910,159000)","2000","20","31020001","1","(0,70,70,70)","(0,80,80,80)","(50,50,50)","(-60,-1,1,60,-67,-1,1,67,-30,-1,1,30)","(100,100,100)","(-60,-1,1,60,-67,-1,1,67,-30,-1,1,30)","93000158","35011008"
"43080278","(5,6,9)","(90,100,50,200,250,110,510,610,280,1330,1600,730,3610,4340,1990,10230,12270,5630,30000,36000,16500,91360,109640,50250,289090,346910,159000)","2000","20","31020001","1","(0,70,70,70)","(0,80,80,80)","(50,50,50)","(-60,-1,1,60,-67,-1,1,67,-30,-1,1,30)","(100,100,100)","(-60,-1,1,60,-67,-1,1,67,-30,-1,1,30)","93000158","35011008"
"43080279","(5,6,9)","(90,100,50,200,250,110,510,610,280,1330,1600,730,3610,4340,1990,10230,12270,5630,30000,36000,16500,91360,109640,50250,289090,346910,159000)","2000","20","31020001","1","(0,70,70,70)","(0,80,80,80)","(50,50,50)","(-60,-1,1,60,-67,-1,1,67,-30,-1,1,30)","(100,100,100)","(-60,-1,1,60,-67,-1,1,67,-30,-1,1,30)","93000158","35011008"
"43080280","(5,6,9)","(90,100,50,200,250,110,510,610,280,1330,1600,730,3610,4340,1990,10230,12270,5630,30000,36000,16500,91360,109640,50250,289090,346910,159000)","2000","20","31020001","1","(0,70,70,70)","(0,80,80,80)","(50,50,50)","(-60,-1,1,60,-67,-1,1,67,-30,-1,1,30)","(100,100,100)","(-60,-1,1,60,-67,-1,1,67,-30,-1,1,30)","93000158","35011008"
"43090001","(5,6,11)","(0,0,0)","2000","20","31020001","1","(0,70,70,70)","(0,80,80,80)","(50,50,50)","(-60,-1,1,60,-67,-1,1,67,-60,-1,1,60)","(100,100,100)","(-60,-1,1,60,-67,-1,1,67,-60,-1,1,60)","93000037","35011008"
"43090002","(5,6,11)","(90,100,90)","2000","20","31020001","1","(0,70,70,70)","(0,80,80,80)","(50,50,50)","(-60,-1,1,60,-67,-1,1,67,-60,-1,1,60)","(100,100,100)","(-60,-1,1,60,-67,-1,1,67,-60,-1,1,60)","93000037","35011008"
"43090003","(5,6,11)","(90,100,90)","2000","20","31020001","1","(0,70,70,70)","(0,80,80,80)","(50,50,50)","(-60,-1,1,60,-67,-1,1,67,-60,-1,1,60)","(100,100,100)","(-60,-1,1,60,-67,-1,1,67,-60,-1,1,60)","93000037","35011008"
"43090004","(5,6,11)","(90,100,90)","2000","20","31020001","1","(0,70,70,70)","(0,80,80,80)","(50,50,50)","(-60,-1,1,60,-67,-1,1,67,-60,-1,1,60)","(100,100,100)","(-60,-1,1,60,-67,-1,1,67,-60,-1,1,60)","93000037","35011008"
"43090005","(5,6,11)","(90,100,90,200,250,230,510,610,560)","2000","20","31020001","1","(0,70,70,70)","(0,80,80,80)","(50,50,50)","(-60,-1,1,60,-67,-1,1,67,-60,-1,1,60)","(100,100,100)","(-60,-1,1,60,-67,-1,1,67,-60,-1,1,60)","93000158","35011008"
"43090006","(5,6,11)","(90,100,90,200,250,230,510,610,560,1330,1600,1460,3610,4340,3980)","2000","20","31020001","1","(0,70,70,70)","(0,80,80,80)","(50,50,50)","(-60,-1,1,60,-67,-1,1,67,-60,-1,1,60)","(100,100,100)","(-60,-1,1,60,-67,-1,1,67,-60,-1,1,60)","93000158","35011008"
"43090007","(5,6,11)","(0,0,0)","2000","20","31020001","1","(0,70,70,70)","(0,80,80,80)","(50,50,50)","(-60,-1,1,60,-67,-1,1,67,-60,-1,1,60)","(100,100,100)","(-60,-1,1,60,-67,-1,1,67,-60,-1,1,60)","93000037","35011008"
"43090008","(5,6,11)","(90,100,90)","2000","20","31020001","1","(0,70,70,70)","(0,80,80,80)","(50,50,50)","(-60,-1,1,60,-67,-1,1,67,-60,-1,1,60)","(100,100,100)","(-60,-1,1,60,-67,-1,1,67,-60,-1,1,60)","93000037","35011008"
"43090009","(5,6,11)","(90,100,90)","2000","20","31020001","1","(0,70,70,70)","(0,80,80,80)","(50,50,50)","(-60,-1,1,60,-67,-1,1,67,-60,-1,1,60)","(100,100,100)","(-60,-1,1,60,-67,-1,1,67,-60,-1,1,60)","93000037","35011008"
"43090010","(5,6,11)","(90,100,90,200,250,230,510,610,560)","2000","20","31020001","1","(0,70,70,70)","(0,80,80,80)","(50,50,50)","(-60,-1,1,60,-67,-1,1,67,-60,-1,1,60)","(100,100,100)","(-60,-1,1,60,-67,-1,1,67,-60,-1,1,60)","93000037","35011008"
"43090011","(5,6,11)","(90,100,90,200,250,230,510,610,560,1330,1600,1460)","2000","20","31020001","1","(0,70,70,70)","(0,80,80,80)","(50,50,50)","(-60,-1,1,60,-67,-1,1,67,-60,-1,1,60)","(100,100,100)","(-60,-1,1,60,-67,-1,1,67,-60,-1,1,60)","93000158","35011008"
"43090012","(5,6,11)","(90,100,90,200,250,230,510,610,560,1330,1600,1460,3610,4340,3980,10230,12270,11250)","2000","20","31020001","1","(0,70,70,70)","(0,80,80,80)","(50,50,50)","(-60,-1,1,60,-67,-1,1,67,-60,-1,1,60)","(100,100,100)","(-60,-1,1,60,-67,-1,1,67,-60,-1,1,60)","93000158","35011008"
"43090013","(5,6,11)","(0,0,0)","2000","20","31020001","1","(0,70,70,70)","(0,80,80,80)","(50,50,50)","(-60,-1,1,60,-67,-1,1,67,-60,-1,1,60)","(100,100,100)","(-60,-1,1,60,-67,-1,1,67,-60,-1,1,60)","93000037","35011008"
"43090014","(5,6,11)","(90,100,90)","2000","20","31020001","1","(0,70,70,70)","(0,80,80,80)","(50,50,50)","(-60,-1,1,60,-67,-1,1,67,-60,-1,1,60)","(100,100,100)","(-60,-1,1,60,-67,-1,1,67,-60,-1,1,60)","93000037","35011008"
"43090015","(5,6,11)","(90,100,90,200,250,230)","2000","20","31020001","1","(0,70,70,70)","(0,80,80,80)","(50,50,50)","(-60,-1,1,60,-67,-1,1,67,-60,-1,1,60)","(100,100,100)","(-60,-1,1,60,-67,-1,1,67,-60,-1,1,60)","93000037","35011008"
"43090016","(5,6,11)","(90,100,90,200,250,230,510,610,560)","2000","20","31020001","1","(0,70,70,70)","(0,80,80,80)","(50,50,50)","(-60,-1,1,60,-67,-1,1,67,-60,-1,1,60)","(100,100,100)","(-60,-1,1,60,-67,-1,1,67,-60,-1,1,60)","93000037","35011008"
"43090017","(5,6,11)","(90,100,90,200,250,230,510,610,560,1330,1600,1460,3610,4340,3980)","2000","20","31020001","1","(0,70,70,70)","(0,80,80,80)","(50,50,50)","(-60,-1,1,60,-67,-1,1,67,-60,-1,1,60)","(100,100,100)","(-60,-1,1,60,-67,-1,1,67,-60,-1,1,60)","93000158","35011008"
"43090018","(5,6,11)","(90,100,90,200,250,230,510,610,560,1330,1600,1460,3610,4340,3980,10230,12270,11250,30000,36000,33000)","2000","20","31020001","1","(0,70,70,70)","(0,80,80,80)","(50,50,50)","(-60,-1,1,60,-67,-1,1,67,-60,-1,1,60)","(100,100,100)","(-60,-1,1,60,-67,-1,1,67,-60,-1,1,60)","93000158","35011008"
"43090019","(5,6,11)","(0,0,0)","2000","20","31020001","1","(0,70,70,70)","(0,80,80,80)","(50,50,50)","(-60,-1,1,60,-67,-1,1,67,-60,-1,1,60)","(100,100,100)","(-60,-1,1,60,-67,-1,1,67,-60,-1,1,60)","93000037","35011008"
"43090020","(5,6,11)","(90,100,90,200,250,230)","2000","20","31020001","1","(0,70,70,70)","(0,80,80,80)","(50,50,50)","(-60,-1,1,60,-67,-1,1,67,-60,-1,1,60)","(100,100,100)","(-60,-1,1,60,-67,-1,1,67,-60,-1,1,60)","93000037","35011008"
"43090021","(5,6,11)","(90,100,90,200,250,230,510,610,560)","2000","20","31020001","1","(0,70,70,70)","(0,80,80,80)","(50,50,50)","(-60,-1,1,60,-67,-1,1,67,-60,-1,1,60)","(100,100,100)","(-60,-1,1,60,-67,-1,1,67,-60,-1,1,60)","93000037","35011008"
"43090022","(5,6,11)","(90,100,90,200,250,230,510,610,560,1330,1600,1460)","2000","20","31020001","1","(0,70,70,70)","(0,80,80,80)","(50,50,50)","(-60,-1,1,60,-67,-1,1,67,-60,-1,1,60)","(100,100,100)","(-60,-1,1,60,-67,-1,1,67,-60,-1,1,60)","93000037","35011008"
"43090023","(5,6,11)","(90,100,90,200,250,230,510,610,560,1330,1600,1460,3610,4340,3980,10230,12270,11250)","2000","20","31020001","1","(0,70,70,70)","(0,80,80,80)","(50,50,50)","(-60,-1,1,60,-67,-1,1,67,-60,-1,1,60)","(100,100,100)","(-60,-1,1,60,-67,-1,1,67,-60,-1,1,60)","93000158","35011008"
"43090024","(5,6,11)","(90,100,90,200,250,230,510,610,560,1330,1600,1460,3610,4340,3980,10230,12270,11250,30000,36000,33000)","2000","20","31020001","1","(0,70,70,70)","(0,80,80,80)","(50,50,50)","(-60,-1,1,60,-67,-1,1,67,-60,-1,1,60)","(100,100,100)","(-60,-1,1,60,-67,-1,1,67,-60,-1,1,60)","93000158","35011008"
"43090025","(5,6,11)","(0,0,0)","2000","20","31020001","1","(0,70,70,70)","(0,80,80,80)","(50,50,50)","(-60,-1,1,60,-67,-1,1,67,-60,-1,1,60)","(100,100,100)","(-60,-1,1,60,-67,-1,1,67,-60,-1,1,60)","93000037","35011008"
"43090026","(5,6,11)","(90,100,90,200,250,230,510,610,560)","2000","20","31020001","1","(0,70,70,70)","(0,80,80,80)","(50,50,50)","(-60,-1,1,60,-67,-1,1,67,-60,-1,1,60)","(100,100,100)","(-60,-1,1,60,-67,-1,1,67,-60,-1,1,60)","93000037","35011008"
"43090027","(5,6,11)","(90,100,90,200,250,230,510,610,560,1330,1600,1460)","2000","20","31020001","1","(0,70,70,70)","(0,80,80,80)","(50,50,50)","(-60,-1,1,60,-67,-1,1,67,-60,-1,1,60)","(100,100,100)","(-60,-1,1,60,-67,-1,1,67,-60,-1,1,60)","93000037","35011008"
"43090028","(5,6,11)","(90,100,90,200,250,230,510,610,560,1330,1600,1460,3610,4340,3980)","2000","20","31020001","1","(0,70,70,70)","(0,80,80,80)","(50,50,50)","(-60,-1,1,60,-67,-1,1,67,-60,-1,1,60)","(100,100,100)","(-60,-1,1,60,-67,-1,1,67,-60,-1,1,60)","93000037","35011008"
"43090029","(5,6,11)","(90,100,90,200,250,230,510,610,560,1330,1600,1460,3610,4340,3980,10230,12270,11250,30000,36000,33000)","2000","20","31020001","1","(0,70,70,70)","(0,80,80,80)","(50,50,50)","(-60,-1,1,60,-67,-1,1,67,-60,-1,1,60)","(100,100,100)","(-60,-1,1,60,-67,-1,1,67,-60,-1,1,60)","93000158","35011008"
"43090030","(5,6,11)","(90,100,90,200,250,230,510,610,560,1330,1600,1460,3610,4340,3980,10230,12270,11250,30000,36000,33000)","2000","20","31020001","1","(0,70,70,70)","(0,80,80,80)","(50,50,50)","(-60,-1,1,60,-67,-1,1,67,-60,-1,1,60)","(100,100,100)","(-60,-1,1,60,-67,-1,1,67,-60,-1,1,60)","93000158","35011008"
"43090031","(5,6,11)","(0,0,0)","2000","20","31020001","1","(0,70,70,70)","(0,80,80,80)","(50,50,50)","(-60,-1,1,60,-67,-1,1,67,-60,-1,1,60)","(100,100,100)","(-60,-1,1,60,-67,-1,1,67,-60,-1,1,60)","93000037","35011008"
"43090032","(5,6,11)","(90,100,90,200,250,230,510,610,560,1330,1600,1460)","2000","20","31020001","1","(0,70,70,70)","(0,80,80,80)","(50,50,50)","(-60,-1,1,60,-67,-1,1,67,-60,-1,1,60)","(100,100,100)","(-60,-1,1,60,-67,-1,1,67,-60,-1,1,60)","93000037","35011008"
"43090033","(5,6,11)","(90,100,90,200,250,230,510,610,560,1330,1600,1460,3610,4340,3980)","2000","20","31020001","1","(0,70,70,70)","(0,80,80,80)","(50,50,50)","(-60,-1,1,60,-67,-1,1,67,-60,-1,1,60)","(100,100,100)","(-60,-1,1,60,-67,-1,1,67,-60,-1,1,60)","93000037","35011008"
"43090034","(5,6,11)","(90,100,90,200,250,230,510,610,560,1330,1600,1460,3610,4340,3980,10230,12270,11250)","2000","20","31020001","1","(0,70,70,70)","(0,80,80,80)","(50,50,50)","(-60,-1,1,60,-67,-1,1,67,-60,-1,1,60)","(100,100,100)","(-60,-1,1,60,-67,-1,1,67,-60,-1,1,60)","93000037","35011008"
"43090035","(5,6,11)","(90,100,90,200,250,230,510,610,560,1330,1600,1460,3610,4340,3980,10230,12270,11250,30000,36000,33000)","2000","20","31020001","1","(0,70,70,70)","(0,80,80,80)","(50,50,50)","(-60,-1,1,60,-67,-1,1,67,-60,-1,1,60)","(100,100,100)","(-60,-1,1,60,-67,-1,1,67,-60,-1,1,60)","93000158","35011008"
"43090036","(5,6,11)","(90,100,90,200,250,230,510,610,560,1330,1600,1460,3610,4340,3980,10230,12270,11250,30000,36000,33000,91360,109640,100500)","2000","20","31020001","1","(0,70,70,70)","(0,80,80,80)","(50,50,50)","(-60,-1,1,60,-67,-1,1,67,-60,-1,1,60)","(100,100,100)","(-60,-1,1,60,-67,-1,1,67,-60,-1,1,60)","93000158","35011008"
"43090037","(5,6,11)","(0,0,0)","2000","20","31020001","1","(0,70,70,70)","(0,80,80,80)","(50,50,50)","(-60,-1,1,60,-67,-1,1,67,-60,-1,1,60)","(100,100,100)","(-60,-1,1,60,-67,-1,1,67,-60,-1,1,60)","93000037","35011008"
"43090038","(5,6,11)","(90,100,90,200,250,230,510,610,560,1330,1600,1460,3610,4340,3980)","2000","20","31020001","1","(0,70,70,70)","(0,80,80,80)","(50,50,50)","(-60,-1,1,60,-67,-1,1,67,-60,-1,1,60)","(100,100,100)","(-60,-1,1,60,-67,-1,1,67,-60,-1,1,60)","93000037","35011008"
"43090039","(5,6,11)","(90,100,90,200,250,230,510,610,560,1330,1600,1460,3610,4340,3980,10230,12270,11250)","2000","20","31020001","1","(0,70,70,70)","(0,80,80,80)","(50,50,50)","(-60,-1,1,60,-67,-1,1,67,-60,-1,1,60)","(100,100,100)","(-60,-1,1,60,-67,-1,1,67,-60,-1,1,60)","93000037","35011008"
"43090040","(5,6,11)","(90,100,90,200,250,230,510,610,560,1330,1600,1460,3610,4340,3980,10230,12270,11250,30000,36000,33000)","2000","20","31020001","1","(0,70,70,70)","(0,80,80,80)","(50,50,50)","(-60,-1,1,60,-67,-1,1,67,-60,-1,1,60)","(100,100,100)","(-60,-1,1,60,-67,-1,1,67,-60,-1,1,60)","93000037","35011008"
"43090041","(5,6,11)","(90,100,90,200,250,230,510,610,560,1330,1600,1460,3610,4340,3980,10230,12270,11250,30000,36000,33000,91360,109640,100500)","2000","20","31020001","1","(0,70,70,70)","(0,80,80,80)","(50,50,50)","(-60,-1,1,60,-67,-1,1,67,-60,-1,1,60)","(100,100,100)","(-60,-1,1,60,-67,-1,1,67,-60,-1,1,60)","93000158","35011008"
"43090042","(5,6,11)","(90,100,90,200,250,230,510,610,560,1330,1600,1460,3610,4340,3980,10230,12270,11250,30000,36000,33000,91360,109640,100500,289090,346910,318000)","2000","20","31020001","1","(0,70,70,70)","(0,80,80,80)","(50,50,50)","(-60,-1,1,60,-67,-1,1,67,-60,-1,1,60)","(100,100,100)","(-60,-1,1,60,-67,-1,1,67,-60,-1,1,60)","93000158","35011008"
"43090043","(5,6,11)","(0,0,0)","2000","20","31020001","1","(0,70,70,70)","(0,80,80,80)","(50,50,50)","(-60,-1,1,60,-67,-1,1,67,-60,-1,1,60)","(100,100,100)","(-60,-1,1,60,-67,-1,1,67,-60,-1,1,60)","93000037","35011008"
"43090044","(5,6,11)","(90,100,90,200,250,230,510,610,560,1330,1600,1460,3610,4340,3980,10230,12270,11250)","2000","20","31020001","1","(0,70,70,70)","(0,80,80,80)","(50,50,50)","(-60,-1,1,60,-67,-1,1,67,-60,-1,1,60)","(100,100,100)","(-60,-1,1,60,-67,-1,1,67,-60,-1,1,60)","93000037","35011008"
"43090045","(5,6,11)","(90,100,90,200,250,230,510,610,560,1330,1600,1460,3610,4340,3980,10230,12270,11250,30000,36000,33000)","2000","20","31020001","1","(0,70,70,70)","(0,80,80,80)","(50,50,50)","(-60,-1,1,60,-67,-1,1,67,-60,-1,1,60)","(100,100,100)","(-60,-1,1,60,-67,-1,1,67,-60,-1,1,60)","93000037","35011008"
"43090046","(5,6,11)","(90,100,90,200,250,230,510,610,560,1330,1600,1460,3610,4340,3980,10230,12270,11250,30000,36000,33000,91360,109640,100500)","2000","20","31020001","1","(0,70,70,70)","(0,80,80,80)","(50,50,50)","(-60,-1,1,60,-67,-1,1,67,-60,-1,1,60)","(100,100,100)","(-60,-1,1,60,-67,-1,1,67,-60,-1,1,60)","93000037","35011008"
"43090047","(5,6,11)","(90,100,90,200,250,230,510,610,560,1330,1600,1460,3610,4340,3980,10230,12270,11250,30000,36000,33000,91360,109640,100500,289090,346910,318000)","2000","20","31020001","1","(0,70,70,70)","(0,80,80,80)","(50,50,50)","(-60,-1,1,60,-67,-1,1,67,-60,-1,1,60)","(100,100,100)","(-60,-1,1,60,-67,-1,1,67,-60,-1,1,60)","93000158","35011008"
"43090048","(5,6,11)","(90,100,90,200,250,230,510,610,560,1330,1600,1460,3610,4340,3980,10230,12270,11250,30000,36000,33000,91360,109640,100500,289090,346910,318000)","2000","20","31020001","1","(0,70,70,70)","(0,80,80,80)","(50,50,50)","(-60,-1,1,60,-67,-1,1,67,-60,-1,1,60)","(100,100,100)","(-60,-1,1,60,-67,-1,1,67,-60,-1,1,60)","93000158","35011008"
"43090049","(5,6,11)","(0,0,0)","2000","20","31020001","1","(0,70,70,70)","(0,80,80,80)","(50,50,50)","(-60,-1,1,60,-67,-1,1,67,-60,-1,1,60)","(100,100,100)","(-60,-1,1,60,-67,-1,1,67,-60,-1,1,60)","93000037","35011008"
"43090050","(5,6,11)","(90,100,90,200,250,230,510,610,560,1330,1600,1460,3610,4340,3980,10230,12270,11250,30000,36000,33000)","2000","20","31020001","1","(0,70,70,70)","(0,80,80,80)","(50,50,50)","(-60,-1,1,60,-67,-1,1,67,-60,-1,1,60)","(100,100,100)","(-60,-1,1,60,-67,-1,1,67,-60,-1,1,60)","93000037","35011008"
"43090051","(5,6,11)","(90,100,90,200,250,230,510,610,560,1330,1600,1460,3610,4340,3980,10230,12270,11250,30000,36000,33000,91360,109640,100500)","2000","20","31020001","1","(0,70,70,70)","(0,80,80,80)","(50,50,50)","(-60,-1,1,60,-67,-1,1,67,-60,-1,1,60)","(100,100,100)","(-60,-1,1,60,-67,-1,1,67,-60,-1,1,60)","93000037","35011008"
"43090052","(5,6,11)","(90,100,90,200,250,230,510,610,560,1330,1600,1460,3610,4340,3980,10230,12270,11250,30000,36000,33000,91360,109640,100500,289090,346910,318000)","2000","20","31020001","1","(0,70,70,70)","(0,80,80,80)","(50,50,50)","(-60,-1,1,60,-67,-1,1,67,-60,-1,1,60)","(100,100,100)","(-60,-1,1,60,-67,-1,1,67,-60,-1,1,60)","93000037","35011008"
"43090053","(5,6,11)","(90,100,90,200,250,230,510,610,560,1330,1600,1460,3610,4340,3980,10230,12270,11250,30000,36000,33000,91360,109640,100500,289090,346910,318000)","2000","20","31020001","1","(0,70,70,70)","(0,80,80,80)","(50,50,50)","(-60,-1,1,60,-67,-1,1,67,-60,-1,1,60)","(100,100,100)","(-60,-1,1,60,-67,-1,1,67,-60,-1,1,60)","93000158","35011008"
"43090054","(5,6,11)","(90,100,90,200,250,230,510,610,560,1330,1600,1460,3610,4340,3980,10230,12270,11250,30000,36000,33000,91360,109640,100500,289090,346910,318000)","2000","20","31020001","1","(0,70,70,70)","(0,80,80,80)","(50,50,50)","(-60,-1,1,60,-67,-1,1,67,-60,-1,1,60)","(100,100,100)","(-60,-1,1,60,-67,-1,1,67,-60,-1,1,60)","93000158","35011008"
"43090055","(5,6,11)","(0,0,0)","2000","20","31020001","1","(0,70,70,70)","(0,80,80,80)","(50,50,50)","(-60,-1,1,60,-67,-1,1,67,-60,-1,1,60)","(100,100,100)","(-60,-1,1,60,-67,-1,1,67,-60,-1,1,60)","93000037","35011008"
"43090056","(5,6,11)","(90,100,90,200,250,230,510,610,560,1330,1600,1460,3610,4340,3980,10230,12270,11250,30000,36000,33000,91360,109640,100500)","2000","20","31020001","1","(0,70,70,70)","(0,80,80,80)","(50,50,50)","(-60,-1,1,60,-67,-1,1,67,-60,-1,1,60)","(100,100,100)","(-60,-1,1,60,-67,-1,1,67,-60,-1,1,60)","93000037","35011008"
"43090057","(5,6,11)","(90,100,90,200,250,230,510,610,560,1330,1600,1460,3610,4340,3980,10230,12270,11250,30000,36000,33000,91360,109640,100500,289090,346910,318000)","2000","20","31020001","1","(0,70,70,70)","(0,80,80,80)","(50,50,50)","(-60,-1,1,60,-67,-1,1,67,-60,-1,1,60)","(100,100,100)","(-60,-1,1,60,-67,-1,1,67,-60,-1,1,60)","93000037","35011008"
"43090058","(5,6,11)","(90,100,90,200,250,230,510,610,560,1330,1600,1460,3610,4340,3980,10230,12270,11250,30000,36000,33000,91360,109640,100500,289090,346910,318000)","2000","20","31020001","1","(0,70,70,70)","(0,80,80,80)","(50,50,50)","(-60,-1,1,60,-67,-1,1,67,-60,-1,1,60)","(100,100,100)","(-60,-1,1,60,-67,-1,1,67,-60,-1,1,60)","93000037","35011008"
"43090059","(5,6,11)","(90,100,90,200,250,230,510,610,560,1330,1600,1460,3610,4340,3980,10230,12270,11250,30000,36000,33000,91360,109640,100500,289090,346910,318000)","2000","20","31020001","1","(0,70,70,70)","(0,80,80,80)","(50,50,50)","(-60,-1,1,60,-67,-1,1,67,-60,-1,1,60)","(100,100,100)","(-60,-1,1,60,-67,-1,1,67,-60,-1,1,60)","93000158","35011008"
"43090060","(5,6,11)","(90,100,90,200,250,230,510,610,560,1330,1600,1460,3610,4340,3980,10230,12270,11250,30000,36000,33000,91360,109640,100500,289090,346910,318000)","2000","20","31020001","1","(0,70,70,70)","(0,80,80,80)","(50,50,50)","(-60,-1,1,60,-67,-1,1,67,-60,-1,1,60)","(100,100,100)","(-60,-1,1,60,-67,-1,1,67,-60,-1,1,60)","93000158","35011008"
"43090061","(5,6,11)","(0,0,0)","2000","20","31020001","1","(0,70,70,70)","(0,80,80,80)","(50,50,50)","(-60,-1,1,60,-67,-1,1,67,-60,-1,1,60)","(100,100,100)","(-60,-1,1,60,-67,-1,1,67,-60,-1,1,60)","93000037","35011008"
"43090062","(5,6,11)","(90,100,90)","2000","20","31020001","1","(0,70,70,70)","(0,80,80,80)","(50,50,50)","(-60,-1,1,60,-67,-1,1,67,-60,-1,1,60)","(100,100,100)","(-60,-1,1,60,-67,-1,1,67,-60,-1,1,60)","93000037","35011008"
"43090063","(5,6,11)","(90,100,90)","2000","20","31020001","1","(0,70,70,70)","(0,80,80,80)","(50,50,50)","(-60,-1,1,60,-67,-1,1,67,-60,-1,1,60)","(100,100,100)","(-60,-1,1,60,-67,-1,1,67,-60,-1,1,60)","93000037","35011008"
"43090064","(5,6,11)","(90,100,90)","2000","20","31020001","1","(0,70,70,70)","(0,80,80,80)","(50,50,50)","(-60,-1,1,60,-67,-1,1,67,-60,-1,1,60)","(100,100,100)","(-60,-1,1,60,-67,-1,1,67,-60,-1,1,60)","93000037","35011008"
"43090065","(5,6,11)","(90,100,90,200,250,230,510,610,560)","2000","20","31020001","1","(0,70,70,70)","(0,80,80,80)","(50,50,50)","(-60,-1,1,60,-67,-1,1,67,-60,-1,1,60)","(100,100,100)","(-60,-1,1,60,-67,-1,1,67,-60,-1,1,60)","93000158","35011008"
"43090066","(5,6,11)","(90,100,90,200,250,230,510,610,560,1330,1600,1460,3610,4340,3980)","2000","20","31020001","1","(0,70,70,70)","(0,80,80,80)","(50,50,50)","(-60,-1,1,60,-67,-1,1,67,-60,-1,1,60)","(100,100,100)","(-60,-1,1,60,-67,-1,1,67,-60,-1,1,60)","93000158","35011008"
"43090067","(5,6,11)","(0,0,0)","2000","20","31020001","1","(0,70,70,70)","(0,80,80,80)","(50,50,50)","(-60,-1,1,60,-67,-1,1,67,-60,-1,1,60)","(100,100,100)","(-60,-1,1,60,-67,-1,1,67,-60,-1,1,60)","93000037","35011008"
"43090068","(5,6,11)","(90,100,90)","2000","20","31020001","1","(0,70,70,70)","(0,80,80,80)","(50,50,50)","(-60,-1,1,60,-67,-1,1,67,-60,-1,1,60)","(100,100,100)","(-60,-1,1,60,-67,-1,1,67,-60,-1,1,60)","93000037","35011008"
"43090069","(5,6,11)","(90,100,90)","2000","20","31020001","1","(0,70,70,70)","(0,80,80,80)","(50,50,50)","(-60,-1,1,60,-67,-1,1,67,-60,-1,1,60)","(100,100,100)","(-60,-1,1,60,-67,-1,1,67,-60,-1,1,60)","93000037","35011008"
"43090070","(5,6,11)","(90,100,90,200,250,230,510,610,560)","2000","20","31020001","1","(0,70,70,70)","(0,80,80,80)","(50,50,50)","(-60,-1,1,60,-67,-1,1,67,-60,-1,1,60)","(100,100,100)","(-60,-1,1,60,-67,-1,1,67,-60,-1,1,60)","93000037","35011008"
"43090071","(5,6,11)","(90,100,90,200,250,230,510,610,560,1330,1600,1460)","2000","20","31020001","1","(0,70,70,70)","(0,80,80,80)","(50,50,50)","(-60,-1,1,60,-67,-1,1,67,-60,-1,1,60)","(100,100,100)","(-60,-1,1,60,-67,-1,1,67,-60,-1,1,60)","93000158","35011008"
"43090072","(5,6,11)","(90,100,90,200,250,230,510,610,560,1330,1600,1460,3610,4340,3980,10230,12270,11250)","2000","20","31020001","1","(0,70,70,70)","(0,80,80,80)","(50,50,50)","(-60,-1,1,60,-67,-1,1,67,-60,-1,1,60)","(100,100,100)","(-60,-1,1,60,-67,-1,1,67,-60,-1,1,60)","93000158","35011008"
"43090073","(5,6,11)","(0,0,0)","2000","20","31020001","1","(0,70,70,70)","(0,80,80,80)","(50,50,50)","(-60,-1,1,60,-67,-1,1,67,-60,-1,1,60)","(100,100,100)","(-60,-1,1,60,-67,-1,1,67,-60,-1,1,60)","93000037","35011008"
"43090074","(5,6,11)","(90,100,90)","2000","20","31020001","1","(0,70,70,70)","(0,80,80,80)","(50,50,50)","(-60,-1,1,60,-67,-1,1,67,-60,-1,1,60)","(100,100,100)","(-60,-1,1,60,-67,-1,1,67,-60,-1,1,60)","93000037","35011008"
"43090075","(5,6,11)","(90,100,90,200,250,230)","2000","20","31020001","1","(0,70,70,70)","(0,80,80,80)","(50,50,50)","(-60,-1,1,60,-67,-1,1,67,-60,-1,1,60)","(100,100,100)","(-60,-1,1,60,-67,-1,1,67,-60,-1,1,60)","93000037","35011008"
"43090076","(5,6,11)","(90,100,90,200,250,230,510,610,560)","2000","20","31020001","1","(0,70,70,70)","(0,80,80,80)","(50,50,50)","(-60,-1,1,60,-67,-1,1,67,-60,-1,1,60)","(100,100,100)","(-60,-1,1,60,-67,-1,1,67,-60,-1,1,60)","93000037","35011008"
"43090077","(5,6,11)","(90,100,90,200,250,230,510,610,560,1330,1600,1460,3610,4340,3980)","2000","20","31020001","1","(0,70,70,70)","(0,80,80,80)","(50,50,50)","(-60,-1,1,60,-67,-1,1,67,-60,-1,1,60)","(100,100,100)","(-60,-1,1,60,-67,-1,1,67,-60,-1,1,60)","93000158","35011008"
"43090078","(5,6,11)","(90,100,90,200,250,230,510,610,560,1330,1600,1460,3610,4340,3980,10230,12270,11250,30000,36000,33000)","2000","20","31020001","1","(0,70,70,70)","(0,80,80,80)","(50,50,50)","(-60,-1,1,60,-67,-1,1,67,-60,-1,1,60)","(100,100,100)","(-60,-1,1,60,-67,-1,1,67,-60,-1,1,60)","93000158","35011008"
"43090079","(5,6,11)","(0,0,0)","2000","20","31020001","1","(0,70,70,70)","(0,80,80,80)","(50,50,50)","(-60,-1,1,60,-67,-1,1,67,-60,-1,1,60)","(100,100,100)","(-60,-1,1,60,-67,-1,1,67,-60,-1,1,60)","93000037","35011008"
"43090080","(5,6,11)","(90,100,90,200,250,230)","2000","20","31020001","1","(0,70,70,70)","(0,80,80,80)","(50,50,50)","(-60,-1,1,60,-67,-1,1,67,-60,-1,1,60)","(100,100,100)","(-60,-1,1,60,-67,-1,1,67,-60,-1,1,60)","93000037","35011008"
"43090081","(5,6,11)","(90,100,90,200,250,230,510,610,560)","2000","20","31020001","1","(0,70,70,70)","(0,80,80,80)","(50,50,50)","(-60,-1,1,60,-67,-1,1,67,-60,-1,1,60)","(100,100,100)","(-60,-1,1,60,-67,-1,1,67,-60,-1,1,60)","93000037","35011008"
"43090082","(5,6,11)","(90,100,90,200,250,230,510,610,560,1330,1600,1460)","2000","20","31020001","1","(0,70,70,70)","(0,80,80,80)","(50,50,50)","(-60,-1,1,60,-67,-1,1,67,-60,-1,1,60)","(100,100,100)","(-60,-1,1,60,-67,-1,1,67,-60,-1,1,60)","93000037","35011008"
"43090083","(5,6,11)","(90,100,90,200,250,230,510,610,560,1330,1600,1460,3610,4340,3980,10230,12270,11250)","2000","20","31020001","1","(0,70,70,70)","(0,80,80,80)","(50,50,50)","(-60,-1,1,60,-67,-1,1,67,-60,-1,1,60)","(100,100,100)","(-60,-1,1,60,-67,-1,1,67,-60,-1,1,60)","93000158","35011008"
"43090084","(5,6,11)","(90,100,90,200,250,230,510,610,560,1330,1600,1460,3610,4340,3980,10230,12270,11250,30000,36000,33000)","2000","20","31020001","1","(0,70,70,70)","(0,80,80,80)","(50,50,50)","(-60,-1,1,60,-67,-1,1,67,-60,-1,1,60)","(100,100,100)","(-60,-1,1,60,-67,-1,1,67,-60,-1,1,60)","93000158","35011008"
"43090085","(5,6,11)","(0,0,0)","2000","20","31020001","1","(0,70,70,70)","(0,80,80,80)","(50,50,50)","(-60,-1,1,60,-67,-1,1,67,-60,-1,1,60)","(100,100,100)","(-60,-1,1,60,-67,-1,1,67,-60,-1,1,60)","93000037","35011008"
"43090086","(5,6,11)","(90,100,90,200,250,230,510,610,560)","2000","20","31020001","1","(0,70,70,70)","(0,80,80,80)","(50,50,50)","(-60,-1,1,60,-67,-1,1,67,-60,-1,1,60)","(100,100,100)","(-60,-1,1,60,-67,-1,1,67,-60,-1,1,60)","93000037","35011008"
"43090087","(5,6,11)","(90,100,90,200,250,230,510,610,560,1330,1600,1460)","2000","20","31020001","1","(0,70,70,70)","(0,80,80,80)","(50,50,50)","(-60,-1,1,60,-67,-1,1,67,-60,-1,1,60)","(100,100,100)","(-60,-1,1,60,-67,-1,1,67,-60,-1,1,60)","93000037","35011008"
"43090088","(5,6,11)","(90,100,90,200,250,230,510,610,560,1330,1600,1460,3610,4340,3980)","2000","20","31020001","1","(0,70,70,70)","(0,80,80,80)","(50,50,50)","(-60,-1,1,60,-67,-1,1,67,-60,-1,1,60)","(100,100,100)","(-60,-1,1,60,-67,-1,1,67,-60,-1,1,60)","93000037","35011008"
"43090089","(5,6,11)","(90,100,90,200,250,230,510,610,560,1330,1600,1460,3610,4340,3980,10230,12270,11250,30000,36000,33000)","2000","20","31020001","1","(0,70,70,70)","(0,80,80,80)","(50,50,50)","(-60,-1,1,60,-67,-1,1,67,-60,-1,1,60)","(100,100,100)","(-60,-1,1,60,-67,-1,1,67,-60,-1,1,60)","93000158","35011008"
"43090090","(5,6,11)","(90,100,90,200,250,230,510,610,560,1330,1600,1460,3610,4340,3980,10230,12270,11250,30000,36000,33000)","2000","20","31020001","1","(0,70,70,70)","(0,80,80,80)","(50,50,50)","(-60,-1,1,60,-67,-1,1,67,-60,-1,1,60)","(100,100,100)","(-60,-1,1,60,-67,-1,1,67,-60,-1,1,60)","93000158","35011008"
"43090091","(5,6,11)","(0,0,0)","2000","20","31020001","1","(0,70,70,70)","(0,80,80,80)","(50,50,50)","(-60,-1,1,60,-67,-1,1,67,-60,-1,1,60)","(100,100,100)","(-60,-1,1,60,-67,-1,1,67,-60,-1,1,60)","93000037","35011008"
"43090092","(5,6,11)","(90,100,90,200,250,230,510,610,560,1330,1600,1460)","2000","20","31020001","1","(0,70,70,70)","(0,80,80,80)","(50,50,50)","(-60,-1,1,60,-67,-1,1,67,-60,-1,1,60)","(100,100,100)","(-60,-1,1,60,-67,-1,1,67,-60,-1,1,60)","93000037","35011008"
"43090093","(5,6,11)","(90,100,90,200,250,230,510,610,560,1330,1600,1460,3610,4340,3980)","2000","20","31020001","1","(0,70,70,70)","(0,80,80,80)","(50,50,50)","(-60,-1,1,60,-67,-1,1,67,-60,-1,1,60)","(100,100,100)","(-60,-1,1,60,-67,-1,1,67,-60,-1,1,60)","93000037","35011008"
"43090094","(5,6,11)","(90,100,90,200,250,230,510,610,560,1330,1600,1460,3610,4340,3980,10230,12270,11250)","2000","20","31020001","1","(0,70,70,70)","(0,80,80,80)","(50,50,50)","(-60,-1,1,60,-67,-1,1,67,-60,-1,1,60)","(100,100,100)","(-60,-1,1,60,-67,-1,1,67,-60,-1,1,60)","93000037","35011008"
"43090095","(5,6,11)","(90,100,90,200,250,230,510,610,560,1330,1600,1460,3610,4340,3980,10230,12270,11250,30000,36000,33000)","2000","20","31020001","1","(0,70,70,70)","(0,80,80,80)","(50,50,50)","(-60,-1,1,60,-67,-1,1,67,-60,-1,1,60)","(100,100,100)","(-60,-1,1,60,-67,-1,1,67,-60,-1,1,60)","93000158","35011008"
"43090096","(5,6,11)","(90,100,90,200,250,230,510,610,560,1330,1600,1460,3610,4340,3980,10230,12270,11250,30000,36000,33000,91360,109640,100500)","2000","20","31020001","1","(0,70,70,70)","(0,80,80,80)","(50,50,50)","(-60,-1,1,60,-67,-1,1,67,-60,-1,1,60)","(100,100,100)","(-60,-1,1,60,-67,-1,1,67,-60,-1,1,60)","93000158","35011008"
"43090097","(5,6,11)","(0,0,0)","2000","20","31020001","1","(0,70,70,70)","(0,80,80,80)","(50,50,50)","(-60,-1,1,60,-67,-1,1,67,-60,-1,1,60)","(100,100,100)","(-60,-1,1,60,-67,-1,1,67,-60,-1,1,60)","93000037","35011008"
"43090098","(5,6,11)","(90,100,90,200,250,230,510,610,560,1330,1600,1460,3610,4340,3980)","2000","20","31020001","1","(0,70,70,70)","(0,80,80,80)","(50,50,50)","(-60,-1,1,60,-67,-1,1,67,-60,-1,1,60)","(100,100,100)","(-60,-1,1,60,-67,-1,1,67,-60,-1,1,60)","93000037","35011008"
"43090099","(5,6,11)","(90,100,90,200,250,230,510,610,560,1330,1600,1460,3610,4340,3980,10230,12270,11250)","2000","20","31020001","1","(0,70,70,70)","(0,80,80,80)","(50,50,50)","(-60,-1,1,60,-67,-1,1,67,-60,-1,1,60)","(100,100,100)","(-60,-1,1,60,-67,-1,1,67,-60,-1,1,60)","93000037","35011008"
"43090100","(5,6,11)","(90,100,90,200,250,230,510,610,560,1330,1600,1460,3610,4340,3980,10230,12270,11250,30000,36000,33000)","2000","20","31020001","1","(0,70,70,70)","(0,80,80,80)","(50,50,50)","(-60,-1,1,60,-67,-1,1,67,-60,-1,1,60)","(100,100,100)","(-60,-1,1,60,-67,-1,1,67,-60,-1,1,60)","93000037","35011008"
"43090101","(5,6,11)","(90,100,90,200,250,230,510,610,560,1330,1600,1460,3610,4340,3980,10230,12270,11250,30000,36000,33000,91360,109640,100500)","2000","20","31020001","1","(0,70,70,70)","(0,80,80,80)","(50,50,50)","(-60,-1,1,60,-67,-1,1,67,-60,-1,1,60)","(100,100,100)","(-60,-1,1,60,-67,-1,1,67,-60,-1,1,60)","93000158","35011008"
"43090102","(5,6,11)","(90,100,90,200,250,230,510,610,560,1330,1600,1460,3610,4340,3980,10230,12270,11250,30000,36000,33000,91360,109640,100500,289090,346910,318000)","2000","20","31020001","1","(0,70,70,70)","(0,80,80,80)","(50,50,50)","(-60,-1,1,60,-67,-1,1,67,-60,-1,1,60)","(100,100,100)","(-60,-1,1,60,-67,-1,1,67,-60,-1,1,60)","93000158","35011008"
"43090103","(5,6,11)","(0,0,0)","2000","20","31020001","1","(0,70,70,70)","(0,80,80,80)","(50,50,50)","(-60,-1,1,60,-67,-1,1,67,-60,-1,1,60)","(100,100,100)","(-60,-1,1,60,-67,-1,1,67,-60,-1,1,60)","93000037","35011008"
"43090104","(5,6,11)","(90,100,90,200,250,230,510,610,560,1330,1600,1460,3610,4340,3980,10230,12270,11250)","2000","20","31020001","1","(0,70,70,70)","(0,80,80,80)","(50,50,50)","(-60,-1,1,60,-67,-1,1,67,-60,-1,1,60)","(100,100,100)","(-60,-1,1,60,-67,-1,1,67,-60,-1,1,60)","93000037","35011008"
"43090105","(5,6,11)","(90,100,90,200,250,230,510,610,560,1330,1600,1460,3610,4340,3980,10230,12270,11250,30000,36000,33000)","2000","20","31020001","1","(0,70,70,70)","(0,80,80,80)","(50,50,50)","(-60,-1,1,60,-67,-1,1,67,-60,-1,1,60)","(100,100,100)","(-60,-1,1,60,-67,-1,1,67,-60,-1,1,60)","93000037","35011008"
"43090106","(5,6,11)","(90,100,90,200,250,230,510,610,560,1330,1600,1460,3610,4340,3980,10230,12270,11250,30000,36000,33000,91360,109640,100500)","2000","20","31020001","1","(0,70,70,70)","(0,80,80,80)","(50,50,50)","(-60,-1,1,60,-67,-1,1,67,-60,-1,1,60)","(100,100,100)","(-60,-1,1,60,-67,-1,1,67,-60,-1,1,60)","93000037","35011008"
"43090107","(5,6,11)","(90,100,90,200,250,230,510,610,560,1330,1600,1460,3610,4340,3980,10230,12270,11250,30000,36000,33000,91360,109640,100500,289090,346910,318000)","2000","20","31020001","1","(0,70,70,70)","(0,80,80,80)","(50,50,50)","(-60,-1,1,60,-67,-1,1,67,-60,-1,1,60)","(100,100,100)","(-60,-1,1,60,-67,-1,1,67,-60,-1,1,60)","93000158","35011008"
"43090108","(5,6,11)","(90,100,90,200,250,230,510,610,560,1330,1600,1460,3610,4340,3980,10230,12270,11250,30000,36000,33000,91360,109640,100500,289090,346910,318000)","2000","20","31020001","1","(0,70,70,70)","(0,80,80,80)","(50,50,50)","(-60,-1,1,60,-67,-1,1,67,-60,-1,1,60)","(100,100,100)","(-60,-1,1,60,-67,-1,1,67,-60,-1,1,60)","93000158","35011008"
"43090109","(5,6,11)","(0,0,0)","2000","20","31020001","1","(0,70,70,70)","(0,80,80,80)","(50,50,50)","(-60,-1,1,60,-67,-1,1,67,-60,-1,1,60)","(100,100,100)","(-60,-1,1,60,-67,-1,1,67,-60,-1,1,60)","93000037","35011008"
"43090110","(5,6,11)","(90,100,90,200,250,230,510,610,560,1330,1600,1460,3610,4340,3980,10230,12270,11250,30000,36000,33000)","2000","20","31020001","1","(0,70,70,70)","(0,80,80,80)","(50,50,50)","(-60,-1,1,60,-67,-1,1,67,-60,-1,1,60)","(100,100,100)","(-60,-1,1,60,-67,-1,1,67,-60,-1,1,60)","93000037","35011008"
"43090111","(5,6,11)","(90,100,90,200,250,230,510,610,560,1330,1600,1460,3610,4340,3980,10230,12270,11250,30000,36000,33000,91360,109640,100500)","2000","20","31020001","1","(0,70,70,70)","(0,80,80,80)","(50,50,50)","(-60,-1,1,60,-67,-1,1,67,-60,-1,1,60)","(100,100,100)","(-60,-1,1,60,-67,-1,1,67,-60,-1,1,60)","93000037","35011008"
"43090112","(5,6,11)","(90,100,90,200,250,230,510,610,560,1330,1600,1460,3610,4340,3980,10230,12270,11250,30000,36000,33000,91360,109640,100500,289090,346910,318000)","2000","20","31020001","1","(0,70,70,70)","(0,80,80,80)","(50,50,50)","(-60,-1,1,60,-67,-1,1,67,-60,-1,1,60)","(100,100,100)","(-60,-1,1,60,-67,-1,1,67,-60,-1,1,60)","93000037","35011008"
"43090113","(5,6,11)","(90,100,90,200,250,230,510,610,560,1330,1600,1460,3610,4340,3980,10230,12270,11250,30000,36000,33000,91360,109640,100500,289090,346910,318000)","2000","20","31020001","1","(0,70,70,70)","(0,80,80,80)","(50,50,50)","(-60,-1,1,60,-67,-1,1,67,-60,-1,1,60)","(100,100,100)","(-60,-1,1,60,-67,-1,1,67,-60,-1,1,60)","93000158","35011008"
"43090114","(5,6,11)","(90,100,90,200,250,230,510,610,560,1330,1600,1460,3610,4340,3980,10230,12270,11250,30000,36000,33000,91360,109640,100500,289090,346910,318000)","2000","20","31020001","1","(0,70,70,70)","(0,80,80,80)","(50,50,50)","(-60,-1,1,60,-67,-1,1,67,-60,-1,1,60)","(100,100,100)","(-60,-1,1,60,-67,-1,1,67,-60,-1,1,60)","93000158","35011008"
"43090115","(5,6,11)","(0,0,0)","2000","20","31020001","1","(0,70,70,70)","(0,80,80,80)","(50,50,50)","(-60,-1,1,60,-67,-1,1,67,-60,-1,1,60)","(100,100,100)","(-60,-1,1,60,-67,-1,1,67,-60,-1,1,60)","93000037","35011008"
"43090116","(5,6,11)","(90,100,90,200,250,230,510,610,560,1330,1600,1460,3610,4340,3980,10230,12270,11250,30000,36000,33000,91360,109640,100500)","2000","20","31020001","1","(0,70,70,70)","(0,80,80,80)","(50,50,50)","(-60,-1,1,60,-67,-1,1,67,-60,-1,1,60)","(100,100,100)","(-60,-1,1,60,-67,-1,1,67,-60,-1,1,60)","93000037","35011008"
"43090117","(5,6,11)","(90,100,90,200,250,230,510,610,560,1330,1600,1460,3610,4340,3980,10230,12270,11250,30000,36000,33000,91360,109640,100500,289090,346910,318000)","2000","20","31020001","1","(0,70,70,70)","(0,80,80,80)","(50,50,50)","(-60,-1,1,60,-67,-1,1,67,-60,-1,1,60)","(100,100,100)","(-60,-1,1,60,-67,-1,1,67,-60,-1,1,60)","93000037","35011008"
"43090118","(5,6,11)","(90,100,90,200,250,230,510,610,560,1330,1600,1460,3610,4340,3980,10230,12270,11250,30000,36000,33000,91360,109640,100500,289090,346910,318000)","2000","20","31020001","1","(0,70,70,70)","(0,80,80,80)","(50,50,50)","(-60,-1,1,60,-67,-1,1,67,-60,-1,1,60)","(100,100,100)","(-60,-1,1,60,-67,-1,1,67,-60,-1,1,60)","93000037","35011008"
"43090119","(5,6,11)","(90,100,90,200,250,230,510,610,560,1330,1600,1460,3610,4340,3980,10230,12270,11250,30000,36000,33000,91360,109640,100500,289090,346910,318000)","2000","20","31020001","1","(0,70,70,70)","(0,80,80,80)","(50,50,50)","(-60,-1,1,60,-67,-1,1,67,-60,-1,1,60)","(100,100,100)","(-60,-1,1,60,-67,-1,1,67,-60,-1,1,60)","93000158","35011008"
"43090120","(5,6,11)","(90,100,90,200,250,230,510,610,560,1330,1600,1460,3610,4340,3980,10230,12270,11250,30000,36000,33000,91360,109640,100500,289090,346910,318000)","2000","20","31020001","1","(0,70,70,70)","(0,80,80,80)","(50,50,50)","(-60,-1,1,60,-67,-1,1,67,-60,-1,1,60)","(100,100,100)","(-60,-1,1,60,-67,-1,1,67,-60,-1,1,60)","93000158","35011008"
"43090121","(5,6,11)","(0,0,0)","2000","20","31020001","1","(0,70,70,70)","(0,80,80,80)","(50,50,50)","(-60,-1,1,60,-67,-1,1,67,-60,-1,1,60)","(100,100,100)","(-60,-1,1,60,-67,-1,1,67,-60,-1,1,60)","93000037","35011008"
"43090122","(5,6,11)","(90,100,90)","2000","20","31020001","1","(0,70,70,70)","(0,80,80,80)","(50,50,50)","(-60,-1,1,60,-67,-1,1,67,-60,-1,1,60)","(100,100,100)","(-60,-1,1,60,-67,-1,1,67,-60,-1,1,60)","93000037","35011008"
"43090123","(5,6,11)","(90,100,90)","2000","20","31020001","1","(0,70,70,70)","(0,80,80,80)","(50,50,50)","(-60,-1,1,60,-67,-1,1,67,-60,-1,1,60)","(100,100,100)","(-60,-1,1,60,-67,-1,1,67,-60,-1,1,60)","93000037","35011008"
"43090124","(5,6,11)","(90,100,90)","2000","20","31020001","1","(0,70,70,70)","(0,80,80,80)","(50,50,50)","(-60,-1,1,60,-67,-1,1,67,-60,-1,1,60)","(100,100,100)","(-60,-1,1,60,-67,-1,1,67,-60,-1,1,60)","93000037","35011008"
"43090125","(5,6,11)","(90,100,90,200,250,230,510,610,560)","2000","20","31020001","1","(0,70,70,70)","(0,80,80,80)","(50,50,50)","(-60,-1,1,60,-67,-1,1,67,-60,-1,1,60)","(100,100,100)","(-60,-1,1,60,-67,-1,1,67,-60,-1,1,60)","93000158","35011008"
"43090126","(5,6,11)","(90,100,90,200,250,230,510,610,560,1330,1600,1460,3610,4340,3980)","2000","20","31020001","1","(0,70,70,70)","(0,80,80,80)","(50,50,50)","(-60,-1,1,60,-67,-1,1,67,-60,-1,1,60)","(100,100,100)","(-60,-1,1,60,-67,-1,1,67,-60,-1,1,60)","93000158","35011008"
"43090127","(5,6,11)","(0,0,0)","2000","20","31020001","1","(0,70,70,70)","(0,80,80,80)","(50,50,50)","(-60,-1,1,60,-67,-1,1,67,-60,-1,1,60)","(100,100,100)","(-60,-1,1,60,-67,-1,1,67,-60,-1,1,60)","93000037","35011008"
"43090128","(5,6,11)","(90,100,90)","2000","20","31020001","1","(0,70,70,70)","(0,80,80,80)","(50,50,50)","(-60,-1,1,60,-67,-1,1,67,-60,-1,1,60)","(100,100,100)","(-60,-1,1,60,-67,-1,1,67,-60,-1,1,60)","93000037","35011008"
"43090129","(5,6,11)","(90,100,90)","2000","20","31020001","1","(0,70,70,70)","(0,80,80,80)","(50,50,50)","(-60,-1,1,60,-67,-1,1,67,-60,-1,1,60)","(100,100,100)","(-60,-1,1,60,-67,-1,1,67,-60,-1,1,60)","93000037","35011008"
"43090130","(5,6,11)","(90,100,90,200,250,230,510,610,560)","2000","20","31020001","1","(0,70,70,70)","(0,80,80,80)","(50,50,50)","(-60,-1,1,60,-67,-1,1,67,-60,-1,1,60)","(100,100,100)","(-60,-1,1,60,-67,-1,1,67,-60,-1,1,60)","93000037","35011008"
"43090131","(5,6,11)","(90,100,90,200,250,230,510,610,560,1330,1600,1460)","2000","20","31020001","1","(0,70,70,70)","(0,80,80,80)","(50,50,50)","(-60,-1,1,60,-67,-1,1,67,-60,-1,1,60)","(100,100,100)","(-60,-1,1,60,-67,-1,1,67,-60,-1,1,60)","93000158","35011008"
"43090132","(5,6,11)","(90,100,90,200,250,230,510,610,560,1330,1600,1460,3610,4340,3980,10230,12270,11250)","2000","20","31020001","1","(0,70,70,70)","(0,80,80,80)","(50,50,50)","(-60,-1,1,60,-67,-1,1,67,-60,-1,1,60)","(100,100,100)","(-60,-1,1,60,-67,-1,1,67,-60,-1,1,60)","93000158","35011008"
"43090133","(5,6,11)","(0,0,0)","2000","20","31020001","1","(0,70,70,70)","(0,80,80,80)","(50,50,50)","(-60,-1,1,60,-67,-1,1,67,-60,-1,1,60)","(100,100,100)","(-60,-1,1,60,-67,-1,1,67,-60,-1,1,60)","93000037","35011008"
"43090134","(5,6,11)","(90,100,90)","2000","20","31020001","1","(0,70,70,70)","(0,80,80,80)","(50,50,50)","(-60,-1,1,60,-67,-1,1,67,-60,-1,1,60)","(100,100,100)","(-60,-1,1,60,-67,-1,1,67,-60,-1,1,60)","93000037","35011008"
"43090135","(5,6,11)","(90,100,90,200,250,230)","2000","20","31020001","1","(0,70,70,70)","(0,80,80,80)","(50,50,50)","(-60,-1,1,60,-67,-1,1,67,-60,-1,1,60)","(100,100,100)","(-60,-1,1,60,-67,-1,1,67,-60,-1,1,60)","93000037","35011008"
"43090136","(5,6,11)","(90,100,90,200,250,230,510,610,560)","2000","20","31020001","1","(0,70,70,70)","(0,80,80,80)","(50,50,50)","(-60,-1,1,60,-67,-1,1,67,-60,-1,1,60)","(100,100,100)","(-60,-1,1,60,-67,-1,1,67,-60,-1,1,60)","93000037","35011008"
"43090137","(5,6,11)","(90,100,90,200,250,230,510,610,560,1330,1600,1460,3610,4340,3980)","2000","20","31020001","1","(0,70,70,70)","(0,80,80,80)","(50,50,50)","(-60,-1,1,60,-67,-1,1,67,-60,-1,1,60)","(100,100,100)","(-60,-1,1,60,-67,-1,1,67,-60,-1,1,60)","93000158","35011008"
"43090138","(5,6,11)","(90,100,90,200,250,230,510,610,560,1330,1600,1460,3610,4340,3980,10230,12270,11250,30000,36000,33000)","2000","20","31020001","1","(0,70,70,70)","(0,80,80,80)","(50,50,50)","(-60,-1,1,60,-67,-1,1,67,-60,-1,1,60)","(100,100,100)","(-60,-1,1,60,-67,-1,1,67,-60,-1,1,60)","93000158","35011008"
"43090139","(5,6,11)","(0,0,0)","2000","20","31020001","1","(0,70,70,70)","(0,80,80,80)","(50,50,50)","(-60,-1,1,60,-67,-1,1,67,-60,-1,1,60)","(100,100,100)","(-60,-1,1,60,-67,-1,1,67,-60,-1,1,60)","93000037","35011008"
"43090140","(5,6,11)","(90,100,90,200,250,230)","2000","20","31020001","1","(0,70,70,70)","(0,80,80,80)","(50,50,50)","(-60,-1,1,60,-67,-1,1,67,-60,-1,1,60)","(100,100,100)","(-60,-1,1,60,-67,-1,1,67,-60,-1,1,60)","93000037","35011008"
"43090141","(5,6,11)","(90,100,90,200,250,230,510,610,560)","2000","20","31020001","1","(0,70,70,70)","(0,80,80,80)","(50,50,50)","(-60,-1,1,60,-67,-1,1,67,-60,-1,1,60)","(100,100,100)","(-60,-1,1,60,-67,-1,1,67,-60,-1,1,60)","93000037","35011008"
"43090142","(5,6,11)","(90,100,90,200,250,230,510,610,560,1330,1600,1460)","2000","20","31020001","1","(0,70,70,70)","(0,80,80,80)","(50,50,50)","(-60,-1,1,60,-67,-1,1,67,-60,-1,1,60)","(100,100,100)","(-60,-1,1,60,-67,-1,1,67,-60,-1,1,60)","93000037","35011008"
"43090143","(5,6,11)","(90,100,90,200,250,230,510,610,560,1330,1600,1460,3610,4340,3980,10230,12270,11250)","2000","20","31020001","1","(0,70,70,70)","(0,80,80,80)","(50,50,50)","(-60,-1,1,60,-67,-1,1,67,-60,-1,1,60)","(100,100,100)","(-60,-1,1,60,-67,-1,1,67,-60,-1,1,60)","93000158","35011008"
"43090144","(5,6,11)","(90,100,90,200,250,230,510,610,560,1330,1600,1460,3610,4340,3980,10230,12270,11250,30000,36000,33000)","2000","20","31020001","1","(0,70,70,70)","(0,80,80,80)","(50,50,50)","(-60,-1,1,60,-67,-1,1,67,-60,-1,1,60)","(100,100,100)","(-60,-1,1,60,-67,-1,1,67,-60,-1,1,60)","93000158","35011008"
"43090145","(5,6,11)","(0,0,0)","2000","20","31020001","1","(0,70,70,70)","(0,80,80,80)","(50,50,50)","(-60,-1,1,60,-67,-1,1,67,-60,-1,1,60)","(100,100,100)","(-60,-1,1,60,-67,-1,1,67,-60,-1,1,60)","93000037","35011008"
"43090146","(5,6,11)","(90,100,90,200,250,230,510,610,560)","2000","20","31020001","1","(0,70,70,70)","(0,80,80,80)","(50,50,50)","(-60,-1,1,60,-67,-1,1,67,-60,-1,1,60)","(100,100,100)","(-60,-1,1,60,-67,-1,1,67,-60,-1,1,60)","93000037","35011008"
"43090147","(5,6,11)","(90,100,90,200,250,230,510,610,560,1330,1600,1460)","2000","20","31020001","1","(0,70,70,70)","(0,80,80,80)","(50,50,50)","(-60,-1,1,60,-67,-1,1,67,-60,-1,1,60)","(100,100,100)","(-60,-1,1,60,-67,-1,1,67,-60,-1,1,60)","93000037","35011008"
"43090148","(5,6,11)","(90,100,90,200,250,230,510,610,560,1330,1600,1460,3610,4340,3980)","2000","20","31020001","1","(0,70,70,70)","(0,80,80,80)","(50,50,50)","(-60,-1,1,60,-67,-1,1,67,-60,-1,1,60)","(100,100,100)","(-60,-1,1,60,-67,-1,1,67,-60,-1,1,60)","93000037","35011008"
"43090149","(5,6,11)","(90,100,90,200,250,230,510,610,560,1330,1600,1460,3610,4340,3980,10230,12270,11250,30000,36000,33000)","2000","20","31020001","1","(0,70,70,70)","(0,80,80,80)","(50,50,50)","(-60,-1,1,60,-67,-1,1,67,-60,-1,1,60)","(100,100,100)","(-60,-1,1,60,-67,-1,1,67,-60,-1,1,60)","93000158","35011008"
"43090150","(5,6,11)","(90,100,90,200,250,230,510,610,560,1330,1600,1460,3610,4340,3980,10230,12270,11250,30000,36000,33000)","2000","20","31020001","1","(0,70,70,70)","(0,80,80,80)","(50,50,50)","(-60,-1,1,60,-67,-1,1,67,-60,-1,1,60)","(100,100,100)","(-60,-1,1,60,-67,-1,1,67,-60,-1,1,60)","93000158","35011008"
"43090151","(5,6,11)","(0,0,0)","2000","20","31020001","1","(0,70,70,70)","(0,80,80,80)","(50,50,50)","(-60,-1,1,60,-67,-1,1,67,-60,-1,1,60)","(100,100,100)","(-60,-1,1,60,-67,-1,1,67,-60,-1,1,60)","93000037","35011008"
"43090152","(5,6,11)","(90,100,90,200,250,230,510,610,560,1330,1600,1460)","2000","20","31020001","1","(0,70,70,70)","(0,80,80,80)","(50,50,50)","(-60,-1,1,60,-67,-1,1,67,-60,-1,1,60)","(100,100,100)","(-60,-1,1,60,-67,-1,1,67,-60,-1,1,60)","93000037","35011008"
"43090153","(5,6,11)","(90,100,90,200,250,230,510,610,560,1330,1600,1460,3610,4340,3980)","2000","20","31020001","1","(0,70,70,70)","(0,80,80,80)","(50,50,50)","(-60,-1,1,60,-67,-1,1,67,-60,-1,1,60)","(100,100,100)","(-60,-1,1,60,-67,-1,1,67,-60,-1,1,60)","93000037","35011008"
"43090154","(5,6,11)","(90,100,90,200,250,230,510,610,560,1330,1600,1460,3610,4340,3980,10230,12270,11250)","2000","20","31020001","1","(0,70,70,70)","(0,80,80,80)","(50,50,50)","(-60,-1,1,60,-67,-1,1,67,-60,-1,1,60)","(100,100,100)","(-60,-1,1,60,-67,-1,1,67,-60,-1,1,60)","93000037","35011008"
"43090155","(5,6,11)","(90,100,90,200,250,230,510,610,560,1330,1600,1460,3610,4340,3980,10230,12270,11250,30000,36000,33000)","2000","20","31020001","1","(0,70,70,70)","(0,80,80,80)","(50,50,50)","(-60,-1,1,60,-67,-1,1,67,-60,-1,1,60)","(100,100,100)","(-60,-1,1,60,-67,-1,1,67,-60,-1,1,60)","93000158","35011008"
"43090156","(5,6,11)","(90,100,90,200,250,230,510,610,560,1330,1600,1460,3610,4340,3980,10230,12270,11250,30000,36000,33000,91360,109640,100500)","2000","20","31020001","1","(0,70,70,70)","(0,80,80,80)","(50,50,50)","(-60,-1,1,60,-67,-1,1,67,-60,-1,1,60)","(100,100,100)","(-60,-1,1,60,-67,-1,1,67,-60,-1,1,60)","93000158","35011008"
"43090157","(5,6,11)","(0,0,0)","2000","20","31020001","1","(0,70,70,70)","(0,80,80,80)","(50,50,50)","(-60,-1,1,60,-67,-1,1,67,-60,-1,1,60)","(100,100,100)","(-60,-1,1,60,-67,-1,1,67,-60,-1,1,60)","93000037","35011008"
"43090158","(5,6,11)","(90,100,90,200,250,230,510,610,560,1330,1600,1460,3610,4340,3980)","2000","20","31020001","1","(0,70,70,70)","(0,80,80,80)","(50,50,50)","(-60,-1,1,60,-67,-1,1,67,-60,-1,1,60)","(100,100,100)","(-60,-1,1,60,-67,-1,1,67,-60,-1,1,60)","93000037","35011008"
"43090159","(5,6,11)","(90,100,90,200,250,230,510,610,560,1330,1600,1460,3610,4340,3980,10230,12270,11250)","2000","20","31020001","1","(0,70,70,70)","(0,80,80,80)","(50,50,50)","(-60,-1,1,60,-67,-1,1,67,-60,-1,1,60)","(100,100,100)","(-60,-1,1,60,-67,-1,1,67,-60,-1,1,60)","93000037","35011008"
"43090160","(5,6,11)","(90,100,90,200,250,230,510,610,560,1330,1600,1460,3610,4340,3980,10230,12270,11250,30000,36000,33000)","2000","20","31020001","1","(0,70,70,70)","(0,80,80,80)","(50,50,50)","(-60,-1,1,60,-67,-1,1,67,-60,-1,1,60)","(100,100,100)","(-60,-1,1,60,-67,-1,1,67,-60,-1,1,60)","93000037","35011008"
"43090161","(5,6,11)","(90,100,90,200,250,230,510,610,560,1330,1600,1460,3610,4340,3980,10230,12270,11250,30000,36000,33000,91360,109640,100500)","2000","20","31020001","1","(0,70,70,70)","(0,80,80,80)","(50,50,50)","(-60,-1,1,60,-67,-1,1,67,-60,-1,1,60)","(100,100,100)","(-60,-1,1,60,-67,-1,1,67,-60,-1,1,60)","93000158","35011008"
"43090162","(5,6,11)","(90,100,90,200,250,230,510,610,560,1330,1600,1460,3610,4340,3980,10230,12270,11250,30000,36000,33000,91360,109640,100500,289090,346910,318000)","2000","20","31020001","1","(0,70,70,70)","(0,80,80,80)","(50,50,50)","(-60,-1,1,60,-67,-1,1,67,-60,-1,1,60)","(100,100,100)","(-60,-1,1,60,-67,-1,1,67,-60,-1,1,60)","93000158","35011008"
"43090163","(5,6,11)","(0,0,0)","2000","20","31020001","1","(0,70,70,70)","(0,80,80,80)","(50,50,50)","(-60,-1,1,60,-67,-1,1,67,-60,-1,1,60)","(100,100,100)","(-60,-1,1,60,-67,-1,1,67,-60,-1,1,60)","93000037","35011008"
"43090164","(5,6,11)","(90,100,90,200,250,230,510,610,560,1330,1600,1460,3610,4340,3980,10230,12270,11250)","2000","20","31020001","1","(0,70,70,70)","(0,80,80,80)","(50,50,50)","(-60,-1,1,60,-67,-1,1,67,-60,-1,1,60)","(100,100,100)","(-60,-1,1,60,-67,-1,1,67,-60,-1,1,60)","93000037","35011008"
"43090165","(5,6,11)","(90,100,90,200,250,230,510,610,560,1330,1600,1460,3610,4340,3980,10230,12270,11250,30000,36000,33000)","2000","20","31020001","1","(0,70,70,70)","(0,80,80,80)","(50,50,50)","(-60,-1,1,60,-67,-1,1,67,-60,-1,1,60)","(100,100,100)","(-60,-1,1,60,-67,-1,1,67,-60,-1,1,60)","93000037","35011008"
"43090166","(5,6,11)","(90,100,90,200,250,230,510,610,560,1330,1600,1460,3610,4340,3980,10230,12270,11250,30000,36000,33000,91360,109640,100500)","2000","20","31020001","1","(0,70,70,70)","(0,80,80,80)","(50,50,50)","(-60,-1,1,60,-67,-1,1,67,-60,-1,1,60)","(100,100,100)","(-60,-1,1,60,-67,-1,1,67,-60,-1,1,60)","93000037","35011008"
"43090167","(5,6,11)","(90,100,90,200,250,230,510,610,560,1330,1600,1460,3610,4340,3980,10230,12270,11250,30000,36000,33000,91360,109640,100500,289090,346910,318000)","2000","20","31020001","1","(0,70,70,70)","(0,80,80,80)","(50,50,50)","(-60,-1,1,60,-67,-1,1,67,-60,-1,1,60)","(100,100,100)","(-60,-1,1,60,-67,-1,1,67,-60,-1,1,60)","93000158","35011008"
"43090168","(5,6,11)","(90,100,90,200,250,230,510,610,560,1330,1600,1460,3610,4340,3980,10230,12270,11250,30000,36000,33000,91360,109640,100500,289090,346910,318000)","2000","20","31020001","1","(0,70,70,70)","(0,80,80,80)","(50,50,50)","(-60,-1,1,60,-67,-1,1,67,-60,-1,1,60)","(100,100,100)","(-60,-1,1,60,-67,-1,1,67,-60,-1,1,60)","93000158","35011008"
"43090169","(5,6,11)","(0,0,0)","2000","20","31020001","1","(0,70,70,70)","(0,80,80,80)","(50,50,50)","(-60,-1,1,60,-67,-1,1,67,-60,-1,1,60)","(100,100,100)","(-60,-1,1,60,-67,-1,1,67,-60,-1,1,60)","93000037","35011008"
"43090170","(5,6,11)","(90,100,90,200,250,230,510,610,560,1330,1600,1460,3610,4340,3980,10230,12270,11250,30000,36000,33000)","2000","20","31020001","1","(0,70,70,70)","(0,80,80,80)","(50,50,50)","(-60,-1,1,60,-67,-1,1,67,-60,-1,1,60)","(100,100,100)","(-60,-1,1,60,-67,-1,1,67,-60,-1,1,60)","93000037","35011008"
"43090171","(5,6,11)","(90,100,90,200,250,230,510,610,560,1330,1600,1460,3610,4340,3980,10230,12270,11250,30000,36000,33000,91360,109640,100500)","2000","20","31020001","1","(0,70,70,70)","(0,80,80,80)","(50,50,50)","(-60,-1,1,60,-67,-1,1,67,-60,-1,1,60)","(100,100,100)","(-60,-1,1,60,-67,-1,1,67,-60,-1,1,60)","93000037","35011008"
"43090172","(5,6,11)","(90,100,90,200,250,230,510,610,560,1330,1600,1460,3610,4340,3980,10230,12270,11250,30000,36000,33000,91360,109640,100500,289090,346910,318000)","2000","20","31020001","1","(0,70,70,70)","(0,80,80,80)","(50,50,50)","(-60,-1,1,60,-67,-1,1,67,-60,-1,1,60)","(100,100,100)","(-60,-1,1,60,-67,-1,1,67,-60,-1,1,60)","93000037","35011008"
"43090173","(5,6,11)","(90,100,90,200,250,230,510,610,560,1330,1600,1460,3610,4340,3980,10230,12270,11250,30000,36000,33000,91360,109640,100500,289090,346910,318000)","2000","20","31020001","1","(0,70,70,70)","(0,80,80,80)","(50,50,50)","(-60,-1,1,60,-67,-1,1,67,-60,-1,1,60)","(100,100,100)","(-60,-1,1,60,-67,-1,1,67,-60,-1,1,60)","93000158","35011008"
"43090174","(5,6,11)","(90,100,90,200,250,230,510,610,560,1330,1600,1460,3610,4340,3980,10230,12270,11250,30000,36000,33000,91360,109640,100500,289090,346910,318000)","2000","20","31020001","1","(0,70,70,70)","(0,80,80,80)","(50,50,50)","(-60,-1,1,60,-67,-1,1,67,-60,-1,1,60)","(100,100,100)","(-60,-1,1,60,-67,-1,1,67,-60,-1,1,60)","93000158","35011008"
"43090175","(5,6,11)","(0,0,0)","2000","20","31020001","1","(0,70,70,70)","(0,80,80,80)","(50,50,50)","(-60,-1,1,60,-67,-1,1,67,-60,-1,1,60)","(100,100,100)","(-60,-1,1,60,-67,-1,1,67,-60,-1,1,60)","93000037","35011008"
"43090176","(5,6,11)","(90,100,90,200,250,230,510,610,560,1330,1600,1460,3610,4340,3980,10230,12270,11250,30000,36000,33000,91360,109640,100500)","2000","20","31020001","1","(0,70,70,70)","(0,80,80,80)","(50,50,50)","(-60,-1,1,60,-67,-1,1,67,-60,-1,1,60)","(100,100,100)","(-60,-1,1,60,-67,-1,1,67,-60,-1,1,60)","93000037","35011008"
"43090177","(5,6,11)","(90,100,90,200,250,230,510,610,560,1330,1600,1460,3610,4340,3980,10230,12270,11250,30000,36000,33000,91360,109640,100500,289090,346910,318000)","2000","20","31020001","1","(0,70,70,70)","(0,80,80,80)","(50,50,50)","(-60,-1,1,60,-67,-1,1,67,-60,-1,1,60)","(100,100,100)","(-60,-1,1,60,-67,-1,1,67,-60,-1,1,60)","93000037","35011008"
"43090178","(5,6,11)","(90,100,90,200,250,230,510,610,560,1330,1600,1460,3610,4340,3980,10230,12270,11250,30000,36000,33000,91360,109640,100500,289090,346910,318000)","2000","20","31020001","1","(0,70,70,70)","(0,80,80,80)","(50,50,50)","(-60,-1,1,60,-67,-1,1,67,-60,-1,1,60)","(100,100,100)","(-60,-1,1,60,-67,-1,1,67,-60,-1,1,60)","93000037","35011008"
"43090179","(5,6,11)","(90,100,90,200,250,230,510,610,560,1330,1600,1460,3610,4340,3980,10230,12270,11250,30000,36000,33000,91360,109640,100500,289090,346910,318000)","2000","20","31020001","1","(0,70,70,70)","(0,80,80,80)","(50,50,50)","(-60,-1,1,60,-67,-1,1,67,-60,-1,1,60)","(100,100,100)","(-60,-1,1,60,-67,-1,1,67,-60,-1,1,60)","93000158","35011008"
"43090180","(5,6,11)","(90,100,90,200,250,230,510,610,560,1330,1600,1460,3610,4340,3980,10230,12270,11250,30000,36000,33000,91360,109640,100500,289090,346910,318000)","2000","20","31020001","1","(0,70,70,70)","(0,80,80,80)","(50,50,50)","(-60,-1,1,60,-67,-1,1,67,-60,-1,1,60)","(100,100,100)","(-60,-1,1,60,-67,-1,1,67,-60,-1,1,60)","93000158","35011008"
"43090181","(5,6,11)","(0,0,0)","2000","20","31020001","1","(0,70,70,70)","(0,80,80,80)","(50,50,50)","(-60,-1,1,60,-67,-1,1,67,-60,-1,1,60)","(100,100,100)","(-60,-1,1,60,-67,-1,1,67,-60,-1,1,60)","93000037","35011008"
"43090182","(5,6,11)","(90,100,90)","2000","20","31020001","1","(0,70,70,70)","(0,80,80,80)","(50,50,50)","(-60,-1,1,60,-67,-1,1,67,-60,-1,1,60)","(100,100,100)","(-60,-1,1,60,-67,-1,1,67,-60,-1,1,60)","93000037","35011008"
"43090183","(5,6,11)","(90,100,90)","2000","20","31020001","1","(0,70,70,70)","(0,80,80,80)","(50,50,50)","(-60,-1,1,60,-67,-1,1,67,-60,-1,1,60)","(100,100,100)","(-60,-1,1,60,-67,-1,1,67,-60,-1,1,60)","93000037","35011008"
"43090184","(5,6,11)","(90,100,90)","2000","20","31020001","1","(0,70,70,70)","(0,80,80,80)","(50,50,50)","(-60,-1,1,60,-67,-1,1,67,-60,-1,1,60)","(100,100,100)","(-60,-1,1,60,-67,-1,1,67,-60,-1,1,60)","93000037","35011008"
"43090185","(5,6,11)","(90,100,90,200,250,230,510,610,560)","2000","20","31020001","1","(0,70,70,70)","(0,80,80,80)","(50,50,50)","(-60,-1,1,60,-67,-1,1,67,-60,-1,1,60)","(100,100,100)","(-60,-1,1,60,-67,-1,1,67,-60,-1,1,60)","93000158","35011008"
"43090186","(5,6,11)","(90,100,90,200,250,230,510,610,560,1330,1600,1460,3610,4340,3980)","2000","20","31020001","1","(0,70,70,70)","(0,80,80,80)","(50,50,50)","(-60,-1,1,60,-67,-1,1,67,-60,-1,1,60)","(100,100,100)","(-60,-1,1,60,-67,-1,1,67,-60,-1,1,60)","93000158","35011008"
"43090187","(5,6,11)","(0,0,0)","2000","20","31020001","1","(0,70,70,70)","(0,80,80,80)","(50,50,50)","(-60,-1,1,60,-67,-1,1,67,-60,-1,1,60)","(100,100,100)","(-60,-1,1,60,-67,-1,1,67,-60,-1,1,60)","93000037","35011008"
"43090188","(5,6,11)","(90,100,90)","2000","20","31020001","1","(0,70,70,70)","(0,80,80,80)","(50,50,50)","(-60,-1,1,60,-67,-1,1,67,-60,-1,1,60)","(100,100,100)","(-60,-1,1,60,-67,-1,1,67,-60,-1,1,60)","93000037","35011008"
"43090189","(5,6,11)","(90,100,90)","2000","20","31020001","1","(0,70,70,70)","(0,80,80,80)","(50,50,50)","(-60,-1,1,60,-67,-1,1,67,-60,-1,1,60)","(100,100,100)","(-60,-1,1,60,-67,-1,1,67,-60,-1,1,60)","93000037","35011008"
"43090190","(5,6,11)","(90,100,90,200,250,230,510,610,560)","2000","20","31020001","1","(0,70,70,70)","(0,80,80,80)","(50,50,50)","(-60,-1,1,60,-67,-1,1,67,-60,-1,1,60)","(100,100,100)","(-60,-1,1,60,-67,-1,1,67,-60,-1,1,60)","93000037","35011008"
"43090191","(5,6,11)","(90,100,90,200,250,230,510,610,560,1330,1600,1460)","2000","20","31020001","1","(0,70,70,70)","(0,80,80,80)","(50,50,50)","(-60,-1,1,60,-67,-1,1,67,-60,-1,1,60)","(100,100,100)","(-60,-1,1,60,-67,-1,1,67,-60,-1,1,60)","93000158","35011008"
"43090192","(5,6,11)","(90,100,90,200,250,230,510,610,560,1330,1600,1460,3610,4340,3980,10230,12270,11250)","2000","20","31020001","1","(0,70,70,70)","(0,80,80,80)","(50,50,50)","(-60,-1,1,60,-67,-1,1,67,-60,-1,1,60)","(100,100,100)","(-60,-1,1,60,-67,-1,1,67,-60,-1,1,60)","93000158","35011008"
"43090193","(5,6,11)","(0,0,0)","2000","20","31020001","1","(0,70,70,70)","(0,80,80,80)","(50,50,50)","(-60,-1,1,60,-67,-1,1,67,-60,-1,1,60)","(100,100,100)","(-60,-1,1,60,-67,-1,1,67,-60,-1,1,60)","93000037","35011008"
"43090194","(5,6,11)","(90,100,90)","2000","20","31020001","1","(0,70,70,70)","(0,80,80,80)","(50,50,50)","(-60,-1,1,60,-67,-1,1,67,-60,-1,1,60)","(100,100,100)","(-60,-1,1,60,-67,-1,1,67,-60,-1,1,60)","93000037","35011008"
"43090195","(5,6,11)","(90,100,90,200,250,230)","2000","20","31020001","1","(0,70,70,70)","(0,80,80,80)","(50,50,50)","(-60,-1,1,60,-67,-1,1,67,-60,-1,1,60)","(100,100,100)","(-60,-1,1,60,-67,-1,1,67,-60,-1,1,60)","93000037","35011008"
"43090196","(5,6,11)","(90,100,90,200,250,230,510,610,560)","2000","20","31020001","1","(0,70,70,70)","(0,80,80,80)","(50,50,50)","(-60,-1,1,60,-67,-1,1,67,-60,-1,1,60)","(100,100,100)","(-60,-1,1,60,-67,-1,1,67,-60,-1,1,60)","93000037","35011008"
"43090197","(5,6,11)","(90,100,90,200,250,230,510,610,560,1330,1600,1460,3610,4340,3980)","2000","20","31020001","1","(0,70,70,70)","(0,80,80,80)","(50,50,50)","(-60,-1,1,60,-67,-1,1,67,-60,-1,1,60)","(100,100,100)","(-60,-1,1,60,-67,-1,1,67,-60,-1,1,60)","93000158","35011008"
"43090198","(5,6,11)","(90,100,90,200,250,230,510,610,560,1330,1600,1460,3610,4340,3980,10230,12270,11250,30000,36000,33000)","2000","20","31020001","1","(0,70,70,70)","(0,80,80,80)","(50,50,50)","(-60,-1,1,60,-67,-1,1,67,-60,-1,1,60)","(100,100,100)","(-60,-1,1,60,-67,-1,1,67,-60,-1,1,60)","93000158","35011008"
"43090199","(5,6,11)","(0,0,0)","2000","20","31020001","1","(0,70,70,70)","(0,80,80,80)","(50,50,50)","(-60,-1,1,60,-67,-1,1,67,-60,-1,1,60)","(100,100,100)","(-60,-1,1,60,-67,-1,1,67,-60,-1,1,60)","93000037","35011008"
"43090200","(5,6,11)","(90,100,90,200,250,230)","2000","20","31020001","1","(0,70,70,70)","(0,80,80,80)","(50,50,50)","(-60,-1,1,60,-67,-1,1,67,-60,-1,1,60)","(100,100,100)","(-60,-1,1,60,-67,-1,1,67,-60,-1,1,60)","93000037","35011008"
"43090201","(5,6,11)","(90,100,90,200,250,230,510,610,560)","2000","20","31020001","1","(0,70,70,70)","(0,80,80,80)","(50,50,50)","(-60,-1,1,60,-67,-1,1,67,-60,-1,1,60)","(100,100,100)","(-60,-1,1,60,-67,-1,1,67,-60,-1,1,60)","93000037","35011008"
"43090202","(5,6,11)","(90,100,90,200,250,230,510,610,560,1330,1600,1460)","2000","20","31020001","1","(0,70,70,70)","(0,80,80,80)","(50,50,50)","(-60,-1,1,60,-67,-1,1,67,-60,-1,1,60)","(100,100,100)","(-60,-1,1,60,-67,-1,1,67,-60,-1,1,60)","93000037","35011008"
"43090203","(5,6,11)","(90,100,90,200,250,230,510,610,560,1330,1600,1460,3610,4340,3980,10230,12270,11250)","2000","20","31020001","1","(0,70,70,70)","(0,80,80,80)","(50,50,50)","(-60,-1,1,60,-67,-1,1,67,-60,-1,1,60)","(100,100,100)","(-60,-1,1,60,-67,-1,1,67,-60,-1,1,60)","93000158","35011008"
"43090204","(5,6,11)","(90,100,90,200,250,230,510,610,560,1330,1600,1460,3610,4340,3980,10230,12270,11250,30000,36000,33000)","2000","20","31020001","1","(0,70,70,70)","(0,80,80,80)","(50,50,50)","(-60,-1,1,60,-67,-1,1,67,-60,-1,1,60)","(100,100,100)","(-60,-1,1,60,-67,-1,1,67,-60,-1,1,60)","93000158","35011008"
"43090205","(5,6,11)","(0,0,0)","2000","20","31020001","1","(0,70,70,70)","(0,80,80,80)","(50,50,50)","(-60,-1,1,60,-67,-1,1,67,-60,-1,1,60)","(100,100,100)","(-60,-1,1,60,-67,-1,1,67,-60,-1,1,60)","93000037","35011008"
"43090206","(5,6,11)","(90,100,90,200,250,230,510,610,560)","2000","20","31020001","1","(0,70,70,70)","(0,80,80,80)","(50,50,50)","(-60,-1,1,60,-67,-1,1,67,-60,-1,1,60)","(100,100,100)","(-60,-1,1,60,-67,-1,1,67,-60,-1,1,60)","93000037","35011008"
"43090207","(5,6,11)","(90,100,90,200,250,230,510,610,560,1330,1600,1460)","2000","20","31020001","1","(0,70,70,70)","(0,80,80,80)","(50,50,50)","(-60,-1,1,60,-67,-1,1,67,-60,-1,1,60)","(100,100,100)","(-60,-1,1,60,-67,-1,1,67,-60,-1,1,60)","93000037","35011008"
"43090208","(5,6,11)","(90,100,90,200,250,230,510,610,560,1330,1600,1460,3610,4340,3980)","2000","20","31020001","1","(0,70,70,70)","(0,80,80,80)","(50,50,50)","(-60,-1,1,60,-67,-1,1,67,-60,-1,1,60)","(100,100,100)","(-60,-1,1,60,-67,-1,1,67,-60,-1,1,60)","93000037","35011008"
"43090209","(5,6,11)","(90,100,90,200,250,230,510,610,560,1330,1600,1460,3610,4340,3980,10230,12270,11250,30000,36000,33000)","2000","20","31020001","1","(0,70,70,70)","(0,80,80,80)","(50,50,50)","(-60,-1,1,60,-67,-1,1,67,-60,-1,1,60)","(100,100,100)","(-60,-1,1,60,-67,-1,1,67,-60,-1,1,60)","93000158","35011008"
"43090210","(5,6,11)","(90,100,90,200,250,230,510,610,560,1330,1600,1460,3610,4340,3980,10230,12270,11250,30000,36000,33000)","2000","20","31020001","1","(0,70,70,70)","(0,80,80,80)","(50,50,50)","(-60,-1,1,60,-67,-1,1,67,-60,-1,1,60)","(100,100,100)","(-60,-1,1,60,-67,-1,1,67,-60,-1,1,60)","93000158","35011008"
"43090211","(5,6,11)","(0,0,0)","2000","20","31020001","1","(0,70,70,70)","(0,80,80,80)","(50,50,50)","(-60,-1,1,60,-67,-1,1,67,-60,-1,1,60)","(100,100,100)","(-60,-1,1,60,-67,-1,1,67,-60,-1,1,60)","93000037","35011008"
"43090212","(5,6,11)","(90,100,90,200,250,230,510,610,560,1330,1600,1460)","2000","20","31020001","1","(0,70,70,70)","(0,80,80,80)","(50,50,50)","(-60,-1,1,60,-67,-1,1,67,-60,-1,1,60)","(100,100,100)","(-60,-1,1,60,-67,-1,1,67,-60,-1,1,60)","93000037","35011008"
"43090213","(5,6,11)","(90,100,90,200,250,230,510,610,560,1330,1600,1460,3610,4340,3980)","2000","20","31020001","1","(0,70,70,70)","(0,80,80,80)","(50,50,50)","(-60,-1,1,60,-67,-1,1,67,-60,-1,1,60)","(100,100,100)","(-60,-1,1,60,-67,-1,1,67,-60,-1,1,60)","93000037","35011008"
"43090214","(5,6,11)","(90,100,90,200,250,230,510,610,560,1330,1600,1460,3610,4340,3980,10230,12270,11250)","2000","20","31020001","1","(0,70,70,70)","(0,80,80,80)","(50,50,50)","(-60,-1,1,60,-67,-1,1,67,-60,-1,1,60)","(100,100,100)","(-60,-1,1,60,-67,-1,1,67,-60,-1,1,60)","93000037","35011008"
"43090215","(5,6,11)","(90,100,90,200,250,230,510,610,560,1330,1600,1460,3610,4340,3980,10230,12270,11250,30000,36000,33000)","2000","20","31020001","1","(0,70,70,70)","(0,80,80,80)","(50,50,50)","(-60,-1,1,60,-67,-1,1,67,-60,-1,1,60)","(100,100,100)","(-60,-1,1,60,-67,-1,1,67,-60,-1,1,60)","93000158","35011008"
"43090216","(5,6,11)","(90,100,90,200,250,230,510,610,560,1330,1600,1460,3610,4340,3980,10230,12270,11250,30000,36000,33000,91360,109640,100500)","2000","20","31020001","1","(0,70,70,70)","(0,80,80,80)","(50,50,50)","(-60,-1,1,60,-67,-1,1,67,-60,-1,1,60)","(100,100,100)","(-60,-1,1,60,-67,-1,1,67,-60,-1,1,60)","93000158","35011008"
"43090217","(5,6,11)","(0,0,0)","2000","20","31020001","1","(0,70,70,70)","(0,80,80,80)","(50,50,50)","(-60,-1,1,60,-67,-1,1,67,-60,-1,1,60)","(100,100,100)","(-60,-1,1,60,-67,-1,1,67,-60,-1,1,60)","93000037","35011008"
"43090218","(5,6,11)","(90,100,90,200,250,230,510,610,560,1330,1600,1460,3610,4340,3980)","2000","20","31020001","1","(0,70,70,70)","(0,80,80,80)","(50,50,50)","(-60,-1,1,60,-67,-1,1,67,-60,-1,1,60)","(100,100,100)","(-60,-1,1,60,-67,-1,1,67,-60,-1,1,60)","93000037","35011008"
"43090219","(5,6,11)","(90,100,90,200,250,230,510,610,560,1330,1600,1460,3610,4340,3980,10230,12270,11250)","2000","20","31020001","1","(0,70,70,70)","(0,80,80,80)","(50,50,50)","(-60,-1,1,60,-67,-1,1,67,-60,-1,1,60)","(100,100,100)","(-60,-1,1,60,-67,-1,1,67,-60,-1,1,60)","93000037","35011008"
"43090220","(5,6,11)","(90,100,90,200,250,230,510,610,560,1330,1600,1460,3610,4340,3980,10230,12270,11250,30000,36000,33000)","2000","20","31020001","1","(0,70,70,70)","(0,80,80,80)","(50,50,50)","(-60,-1,1,60,-67,-1,1,67,-60,-1,1,60)","(100,100,100)","(-60,-1,1,60,-67,-1,1,67,-60,-1,1,60)","93000037","35011008"
"43090221","(5,6,11)","(90,100,90,200,250,230,510,610,560,1330,1600,1460,3610,4340,3980,10230,12270,11250,30000,36000,33000,91360,109640,100500)","2000","20","31020001","1","(0,70,70,70)","(0,80,80,80)","(50,50,50)","(-60,-1,1,60,-67,-1,1,67,-60,-1,1,60)","(100,100,100)","(-60,-1,1,60,-67,-1,1,67,-60,-1,1,60)","93000158","35011008"
"43090222","(5,6,11)","(90,100,90,200,250,230,510,610,560,1330,1600,1460,3610,4340,3980,10230,12270,11250,30000,36000,33000,91360,109640,100500,289090,346910,318000)","2000","20","31020001","1","(0,70,70,70)","(0,80,80,80)","(50,50,50)","(-60,-1,1,60,-67,-1,1,67,-60,-1,1,60)","(100,100,100)","(-60,-1,1,60,-67,-1,1,67,-60,-1,1,60)","93000158","35011008"
"43090223","(5,6,11)","(0,0,0)","2000","20","31020001","1","(0,70,70,70)","(0,80,80,80)","(50,50,50)","(-60,-1,1,60,-67,-1,1,67,-60,-1,1,60)","(100,100,100)","(-60,-1,1,60,-67,-1,1,67,-60,-1,1,60)","93000037","35011008"
"43090224","(5,6,11)","(90,100,90,200,250,230,510,610,560,1330,1600,1460,3610,4340,3980,10230,12270,11250)","2000","20","31020001","1","(0,70,70,70)","(0,80,80,80)","(50,50,50)","(-60,-1,1,60,-67,-1,1,67,-60,-1,1,60)","(100,100,100)","(-60,-1,1,60,-67,-1,1,67,-60,-1,1,60)","93000037","35011008"
"43090225","(5,6,11)","(90,100,90,200,250,230,510,610,560,1330,1600,1460,3610,4340,3980,10230,12270,11250,30000,36000,33000)","2000","20","31020001","1","(0,70,70,70)","(0,80,80,80)","(50,50,50)","(-60,-1,1,60,-67,-1,1,67,-60,-1,1,60)","(100,100,100)","(-60,-1,1,60,-67,-1,1,67,-60,-1,1,60)","93000037","35011008"
"43090226","(5,6,11)","(90,100,90,200,250,230,510,610,560,1330,1600,1460,3610,4340,3980,10230,12270,11250,30000,36000,33000,91360,109640,100500)","2000","20","31020001","1","(0,70,70,70)","(0,80,80,80)","(50,50,50)","(-60,-1,1,60,-67,-1,1,67,-60,-1,1,60)","(100,100,100)","(-60,-1,1,60,-67,-1,1,67,-60,-1,1,60)","93000037","35011008"
"43090227","(5,6,11)","(90,100,90,200,250,230,510,610,560,1330,1600,1460,3610,4340,3980,10230,12270,11250,30000,36000,33000,91360,109640,100500,289090,346910,318000)","2000","20","31020001","1","(0,70,70,70)","(0,80,80,80)","(50,50,50)","(-60,-1,1,60,-67,-1,1,67,-60,-1,1,60)","(100,100,100)","(-60,-1,1,60,-67,-1,1,67,-60,-1,1,60)","93000158","35011008"
"43090228","(5,6,11)","(90,100,90,200,250,230,510,610,560,1330,1600,1460,3610,4340,3980,10230,12270,11250,30000,36000,33000,91360,109640,100500,289090,346910,318000)","2000","20","31020001","1","(0,70,70,70)","(0,80,80,80)","(50,50,50)","(-60,-1,1,60,-67,-1,1,67,-60,-1,1,60)","(100,100,100)","(-60,-1,1,60,-67,-1,1,67,-60,-1,1,60)","93000158","35011008"
"43090229","(5,6,11)","(0,0,0)","2000","20","31020001","1","(0,70,70,70)","(0,80,80,80)","(50,50,50)","(-60,-1,1,60,-67,-1,1,67,-60,-1,1,60)","(100,100,100)","(-60,-1,1,60,-67,-1,1,67,-60,-1,1,60)","93000037","35011008"
"43090230","(5,6,11)","(90,100,90,200,250,230,510,610,560,1330,1600,1460,3610,4340,3980,10230,12270,11250,30000,36000,33000)","2000","20","31020001","1","(0,70,70,70)","(0,80,80,80)","(50,50,50)","(-60,-1,1,60,-67,-1,1,67,-60,-1,1,60)","(100,100,100)","(-60,-1,1,60,-67,-1,1,67,-60,-1,1,60)","93000037","35011008"
"43090231","(5,6,11)","(90,100,90,200,250,230,510,610,560,1330,1600,1460,3610,4340,3980,10230,12270,11250,30000,36000,33000,91360,109640,100500)","2000","20","31020001","1","(0,70,70,70)","(0,80,80,80)","(50,50,50)","(-60,-1,1,60,-67,-1,1,67,-60,-1,1,60)","(100,100,100)","(-60,-1,1,60,-67,-1,1,67,-60,-1,1,60)","93000037","35011008"
"43090232","(5,6,11)","(90,100,90,200,250,230,510,610,560,1330,1600,1460,3610,4340,3980,10230,12270,11250,30000,36000,33000,91360,109640,100500,289090,346910,318000)","2000","20","31020001","1","(0,70,70,70)","(0,80,80,80)","(50,50,50)","(-60,-1,1,60,-67,-1,1,67,-60,-1,1,60)","(100,100,100)","(-60,-1,1,60,-67,-1,1,67,-60,-1,1,60)","93000037","35011008"
"43090233","(5,6,11)","(90,100,90,200,250,230,510,610,560,1330,1600,1460,3610,4340,3980,10230,12270,11250,30000,36000,33000,91360,109640,100500,289090,346910,318000)","2000","20","31020001","1","(0,70,70,70)","(0,80,80,80)","(50,50,50)","(-60,-1,1,60,-67,-1,1,67,-60,-1,1,60)","(100,100,100)","(-60,-1,1,60,-67,-1,1,67,-60,-1,1,60)","93000158","35011008"
"43090234","(5,6,11)","(90,100,90,200,250,230,510,610,560,1330,1600,1460,3610,4340,3980,10230,12270,11250,30000,36000,33000,91360,109640,100500,289090,346910,318000)","2000","20","31020001","1","(0,70,70,70)","(0,80,80,80)","(50,50,50)","(-60,-1,1,60,-67,-1,1,67,-60,-1,1,60)","(100,100,100)","(-60,-1,1,60,-67,-1,1,67,-60,-1,1,60)","93000158","35011008"
"43090235","(5,6,11)","(0,0,0)","2000","20","31020001","1","(0,70,70,70)","(0,80,80,80)","(50,50,50)","(-60,-1,1,60,-67,-1,1,67,-60,-1,1,60)","(100,100,100)","(-60,-1,1,60,-67,-1,1,67,-60,-1,1,60)","93000037","35011008"
"43090236","(5,6,11)","(90,100,90,200,250,230,510,610,560,1330,1600,1460,3610,4340,3980,10230,12270,11250,30000,36000,33000,91360,109640,100500)","2000","20","31020001","1","(0,70,70,70)","(0,80,80,80)","(50,50,50)","(-60,-1,1,60,-67,-1,1,67,-60,-1,1,60)","(100,100,100)","(-60,-1,1,60,-67,-1,1,67,-60,-1,1,60)","93000037","35011008"
"43090237","(5,6,11)","(90,100,90,200,250,230,510,610,560,1330,1600,1460,3610,4340,3980,10230,12270,11250,30000,36000,33000,91360,109640,100500,289090,346910,318000)","2000","20","31020001","1","(0,70,70,70)","(0,80,80,80)","(50,50,50)","(-60,-1,1,60,-67,-1,1,67,-60,-1,1,60)","(100,100,100)","(-60,-1,1,60,-67,-1,1,67,-60,-1,1,60)","93000037","35011008"
"43090238","(5,6,11)","(90,100,90,200,250,230,510,610,560,1330,1600,1460,3610,4340,3980,10230,12270,11250,30000,36000,33000,91360,109640,100500,289090,346910,318000)","2000","20","31020001","1","(0,70,70,70)","(0,80,80,80)","(50,50,50)","(-60,-1,1,60,-67,-1,1,67,-60,-1,1,60)","(100,100,100)","(-60,-1,1,60,-67,-1,1,67,-60,-1,1,60)","93000037","35011008"
"43090239","(5,6,11)","(90,100,90,200,250,230,510,610,560,1330,1600,1460,3610,4340,3980,10230,12270,11250,30000,36000,33000,91360,109640,100500,289090,346910,318000)","2000","20","31020001","1","(0,70,70,70)","(0,80,80,80)","(50,50,50)","(-60,-1,1,60,-67,-1,1,67,-60,-1,1,60)","(100,100,100)","(-60,-1,1,60,-67,-1,1,67,-60,-1,1,60)","93000158","35011008"
"43090240","(5,6,11)","(90,100,90,200,250,230,510,610,560,1330,1600,1460,3610,4340,3980,10230,12270,11250,30000,36000,33000,91360,109640,100500,289090,346910,318000)","2000","20","31020001","1","(0,70,70,70)","(0,80,80,80)","(50,50,50)","(-60,-1,1,60,-67,-1,1,67,-60,-1,1,60)","(100,100,100)","(-60,-1,1,60,-67,-1,1,67,-60,-1,1,60)","93000158","35011008"
"43090241","(5,6,9)","(0,0,0)","2000","20","31020001","1","(0,70,70,70)","(0,80,80,80)","(50,50,50)","(-60,-1,1,60,-67,-1,1,67,-30,-1,1,30)","(100,100,100)","(-60,-1,1,60,-67,-1,1,67,-30,-1,1,30)","","35011008"
"43090242","(5,6,9)","(90,100,50)","2000","20","31020001","1","(0,70,70,70)","(0,80,80,80)","(50,50,50)","(-60,-1,1,60,-67,-1,1,67,-30,-1,1,30)","(100,100,100)","(-60,-1,1,60,-67,-1,1,67,-30,-1,1,30)","93000037","35011008"
"43090243","(5,6,9)","(90,100,50)","2000","20","31020001","1","(0,70,70,70)","(0,80,80,80)","(50,50,50)","(-60,-1,1,60,-67,-1,1,67,-30,-1,1,30)","(100,100,100)","(-60,-1,1,60,-67,-1,1,67,-30,-1,1,30)","93000037","35011008"
"43090244","(5,6,9)","(90,100,50)","2000","20","31020001","1","(0,70,70,70)","(0,80,80,80)","(50,50,50)","(-60,-1,1,60,-67,-1,1,67,-30,-1,1,30)","(100,100,100)","(-60,-1,1,60,-67,-1,1,67,-30,-1,1,30)","93000037","35011008"
"43090245","(5,6,9)","(90,100,50,200,250,110,510,610,280)","2000","20","31020001","1","(0,70,70,70)","(0,80,80,80)","(50,50,50)","(-60,-1,1,60,-67,-1,1,67,-30,-1,1,30)","(100,100,100)","(-60,-1,1,60,-67,-1,1,67,-30,-1,1,30)","93000158","35011008"
"43090246","(5,6,9)","(90,100,50,200,250,110,510,610,280,1330,1600,730,3610,4340,1990)","2000","20","31020001","1","(0,70,70,70)","(0,80,80,80)","(50,50,50)","(-60,-1,1,60,-67,-1,1,67,-30,-1,1,30)","(100,100,100)","(-60,-1,1,60,-67,-1,1,67,-30,-1,1,30)","93000158","35011008"
"43090247","(5,6,9)","(0,0,0)","2000","20","31020001","1","(0,70,70,70)","(0,80,80,80)","(50,50,50)","(-60,-1,1,60,-67,-1,1,67,-30,-1,1,30)","(100,100,100)","(-60,-1,1,60,-67,-1,1,67,-30,-1,1,30)","","35011008"
"43090248","(5,6,9)","(90,100,50)","2000","20","31020001","1","(0,70,70,70)","(0,80,80,80)","(50,50,50)","(-60,-1,1,60,-67,-1,1,67,-30,-1,1,30)","(100,100,100)","(-60,-1,1,60,-67,-1,1,67,-30,-1,1,30)","93000037","35011008"
"43090249","(5,6,9)","(90,100,50)","2000","20","31020001","1","(0,70,70,70)","(0,80,80,80)","(50,50,50)","(-60,-1,1,60,-67,-1,1,67,-30,-1,1,30)","(100,100,100)","(-60,-1,1,60,-67,-1,1,67,-30,-1,1,30)","93000037","35011008"
"43090250","(5,6,9)","(90,100,50,200,250,110)","2000","20","31020001","1","(0,70,70,70)","(0,80,80,80)","(50,50,50)","(-60,-1,1,60,-67,-1,1,67,-30,-1,1,30)","(100,100,100)","(-60,-1,1,60,-67,-1,1,67,-30,-1,1,30)","93000037","35011008"
"43090251","(5,6,9)","(90,100,50,200,250,110,510,610,280,1330,1600,730)","2000","20","31020001","1","(0,70,70,70)","(0,80,80,80)","(50,50,50)","(-60,-1,1,60,-67,-1,1,67,-30,-1,1,30)","(100,100,100)","(-60,-1,1,60,-67,-1,1,67,-30,-1,1,30)","93000158","35011008"
"43090252","(5,6,9)","(90,100,50,200,250,110,510,610,280,1330,1600,730,3610,4340,1990,10230,12270,5630)","2000","20","31020001","1","(0,70,70,70)","(0,80,80,80)","(50,50,50)","(-60,-1,1,60,-67,-1,1,67,-30,-1,1,30)","(100,100,100)","(-60,-1,1,60,-67,-1,1,67,-30,-1,1,30)","93000158","35011008"
"43090253","(5,6,9)","(0,0,0)","2000","20","31020001","1","(0,70,70,70)","(0,80,80,80)","(50,50,50)","(-60,-1,1,60,-67,-1,1,67,-30,-1,1,30)","(100,100,100)","(-60,-1,1,60,-67,-1,1,67,-30,-1,1,30)","","35011008"
"43090254","(5,6,9)","(90,100,50)","2000","20","31020001","1","(0,70,70,70)","(0,80,80,80)","(50,50,50)","(-60,-1,1,60,-67,-1,1,67,-30,-1,1,30)","(100,100,100)","(-60,-1,1,60,-67,-1,1,67,-30,-1,1,30)","93000037","35011008"
"43090255","(5,6,9)","(90,100,50,200,250,110)","2000","20","31020001","1","(0,70,70,70)","(0,80,80,80)","(50,50,50)","(-60,-1,1,60,-67,-1,1,67,-30,-1,1,30)","(100,100,100)","(-60,-1,1,60,-67,-1,1,67,-30,-1,1,30)","93000037","35011008"
"43090256","(5,6,9)","(90,100,50,200,250,110,510,610,280)","2000","20","31020001","1","(0,70,70,70)","(0,80,80,80)","(50,50,50)","(-60,-1,1,60,-67,-1,1,67,-30,-1,1,30)","(100,100,100)","(-60,-1,1,60,-67,-1,1,67,-30,-1,1,30)","93000037","35011008"
"43090257","(5,6,9)","(90,100,50,200,250,110,510,610,280,1330,1600,730,3610,4340,1990)","2000","20","31020001","1","(0,70,70,70)","(0,80,80,80)","(50,50,50)","(-60,-1,1,60,-67,-1,1,67,-30,-1,1,30)","(100,100,100)","(-60,-1,1,60,-67,-1,1,67,-30,-1,1,30)","93000158","35011008"
"43090258","(5,6,9)","(90,100,50,200,250,110,510,610,280,1330,1600,730,3610,4340,1990,10230,12270,5630,30000,36000,16500)","2000","20","31020001","1","(0,70,70,70)","(0,80,80,80)","(50,50,50)","(-60,-1,1,60,-67,-1,1,67,-30,-1,1,30)","(100,100,100)","(-60,-1,1,60,-67,-1,1,67,-30,-1,1,30)","93000158","35011008"
"43090259","(5,6,9)","(0,0,0)","2000","20","31020001","1","(0,70,70,70)","(0,80,80,80)","(50,50,50)","(-60,-1,1,60,-67,-1,1,67,-30,-1,1,30)","(100,100,100)","(-60,-1,1,60,-67,-1,1,67,-30,-1,1,30)","","35011008"
"43090260","(5,6,9)","(90,100,50,200,250,110)","2000","20","31020001","1","(0,70,70,70)","(0,80,80,80)","(50,50,50)","(-60,-1,1,60,-67,-1,1,67,-30,-1,1,30)","(100,100,100)","(-60,-1,1,60,-67,-1,1,67,-30,-1,1,30)","93000037","35011008"
"43090261","(5,6,9)","(90,100,50,200,250,110,510,610,280)","2000","20","31020001","1","(0,70,70,70)","(0,80,80,80)","(50,50,50)","(-60,-1,1,60,-67,-1,1,67,-30,-1,1,30)","(100,100,100)","(-60,-1,1,60,-67,-1,1,67,-30,-1,1,30)","93000037","35011008"
"43090262","(5,6,9)","(90,100,50,200,250,110,510,610,280,1330,1600,730)","2000","20","31020001","1","(0,70,70,70)","(0,80,80,80)","(50,50,50)","(-60,-1,1,60,-67,-1,1,67,-30,-1,1,30)","(100,100,100)","(-60,-1,1,60,-67,-1,1,67,-30,-1,1,30)","93000037","35011008"
"43090263","(5,6,9)","(90,100,50,200,250,110,510,610,280,1330,1600,730,3610,4340,1990,10230,12270,5630)","2000","20","31020001","1","(0,70,70,70)","(0,80,80,80)","(50,50,50)","(-60,-1,1,60,-67,-1,1,67,-30,-1,1,30)","(100,100,100)","(-60,-1,1,60,-67,-1,1,67,-30,-1,1,30)","93000158","35011008"
"43090264","(5,6,9)","(90,100,50,200,250,110,510,610,280,1330,1600,730,3610,4340,1990,10230,12270,5630,30000,36000,16500)","2000","20","31020001","1","(0,70,70,70)","(0,80,80,80)","(50,50,50)","(-60,-1,1,60,-67,-1,1,67,-30,-1,1,30)","(100,100,100)","(-60,-1,1,60,-67,-1,1,67,-30,-1,1,30)","93000158","35011008"
"43090265","(5,6,9)","(0,0,0)","2000","20","31020001","1","(0,70,70,70)","(0,80,80,80)","(50,50,50)","(-60,-1,1,60,-67,-1,1,67,-30,-1,1,30)","(100,100,100)","(-60,-1,1,60,-67,-1,1,67,-30,-1,1,30)","","35011008"
"43090266","(5,6,9)","(90,100,50,200,250,110,510,610,280","2000","20","31020001","1","(0,70,70,70)","(0,80,80,80)","(50,50,50)","(-60,-1,1,60,-67,-1,1,67,-30,-1,1,30)","(100,100,100)","(-60,-1,1,60,-67,-1,1,67,-30,-1,1,30)","93000037","35011008"
"43090267","(5,6,9)","(90,100,50,200,250,110,510,610,280,1330,1600,730)","2000","20","31020001","1","(0,70,70,70)","(0,80,80,80)","(50,50,50)","(-60,-1,1,60,-67,-1,1,67,-30,-1,1,30)","(100,100,100)","(-60,-1,1,60,-67,-1,1,67,-30,-1,1,30)","93000037","35011008"
"43090268","(5,6,9)","(90,100,50,200,250,110,510,610,280,1330,1600,730,3610,4340,1990)","2000","20","31020001","1","(0,70,70,70)","(0,80,80,80)","(50,50,50)","(-60,-1,1,60,-67,-1,1,67,-30,-1,1,30)","(100,100,100)","(-60,-1,1,60,-67,-1,1,67,-30,-1,1,30)","93000037","35011008"
"43090269","(5,6,9)","(90,100,50,200,250,110,510,610,280,1330,1600,730,3610,4340,1990,10230,12270,5630,30000,36000,16500)","2000","20","31020001","1","(0,70,70,70)","(0,80,80,80)","(50,50,50)","(-60,-1,1,60,-67,-1,1,67,-30,-1,1,30)","(100,100,100)","(-60,-1,1,60,-67,-1,1,67,-30,-1,1,30)","93000158","35011008"
"43090270","(5,6,9)","(90,100,50,200,250,110,510,610,280,1330,1600,730,3610,4340,1990,10230,12270,5630,30000,36000,16500)","2000","20","31020001","1","(0,70,70,70)","(0,80,80,80)","(50,50,50)","(-60,-1,1,60,-67,-1,1,67,-30,-1,1,30)","(100,100,100)","(-60,-1,1,60,-67,-1,1,67,-30,-1,1,30)","93000158","35011008"
"43090271","(5,6,9)","(0,0,0)","2000","20","31020001","1","(0,70,70,70)","(0,80,80,80)","(50,50,50)","(-60,-1,1,60,-67,-1,1,67,-30,-1,1,30)","(100,100,100)","(-60,-1,1,60,-67,-1,1,67,-30,-1,1,30)","93000037","35011008"
"43090272","(5,6,9)","(90,100,50,200,250,110,510,610,280,1330,1600,730)","2000","20","31020001","1","(0,70,70,70)","(0,80,80,80)","(50,50,50)","(-60,-1,1,60,-67,-1,1,67,-30,-1,1,30)","(100,100,100)","(-60,-1,1,60,-67,-1,1,67,-30,-1,1,30)","93000037","35011008"
"43090273","(5,6,9)","(90,100,50,200,250,110,510,610,280,1330,1600,730,3610,4340,1990)","2000","20","31020001","1","(0,70,70,70)","(0,80,80,80)","(50,50,50)","(-60,-1,1,60,-67,-1,1,67,-30,-1,1,30)","(100,100,100)","(-60,-1,1,60,-67,-1,1,67,-30,-1,1,30)","93000037","35011008"
"43090274","(5,6,9)","(90,100,50,200,250,110,510,610,280,1330,1600,730,3610,4340,1990,10230,12270,5630)","2000","20","31020001","1","(0,70,70,70)","(0,80,80,80)","(50,50,50)","(-60,-1,1,60,-67,-1,1,67,-30,-1,1,30)","(100,100,100)","(-60,-1,1,60,-67,-1,1,67,-30,-1,1,30)","93000037","35011008"
"43090275","(5,6,9)","(90,100,50,200,250,110,510,610,280,1330,1600,730,3610,4340,1990,10230,12270,5630,30000,36000,16500)","2000","20","31020001","1","(0,70,70,70)","(0,80,80,80)","(50,50,50)","(-60,-1,1,60,-67,-1,1,67,-30,-1,1,30)","(100,100,100)","(-60,-1,1,60,-67,-1,1,67,-30,-1,1,30)","93000158","35011008"
"43090276","(5,6,9)","(90,100,50,200,250,110,510,610,280,1330,1600,730,3610,4340,1990,10230,12270,5630,30000,36000,16500,91360,109640,50250)","2000","20","31020001","1","(0,70,70,70)","(0,80,80,80)","(50,50,50)","(-60,-1,1,60,-67,-1,1,67,-30,-1,1,30)","(100,100,100)","(-60,-1,1,60,-67,-1,1,67,-30,-1,1,30)","93000158","35011008"
"43090277","(5,6,9)","(0,0,0)","2000","20","31020001","1","(0,70,70,70)","(0,80,80,80)","(50,50,50)","(-60,-1,1,60,-67,-1,1,67,-30,-1,1,30)","(100,100,100)","(-60,-1,1,60,-67,-1,1,67,-30,-1,1,30)","","35011008"
"43090278","(5,6,9)","(90,100,50,200,250,110,510,610,280,1330,1600,730,3610,4340,1990)","2000","20","31020001","1","(0,70,70,70)","(0,80,80,80)","(50,50,50)","(-60,-1,1,60,-67,-1,1,67,-30,-1,1,30)","(100,100,100)","(-60,-1,1,60,-67,-1,1,67,-30,-1,1,30)","93000037","35011008"
"43090279","(5,6,9)","(90,100,50,200,250,110,510,610,280,1330,1600,730,3610,4340,1990,10230,12270,5630)","2000","20","31020001","1","(0,70,70,70)","(0,80,80,80)","(50,50,50)","(-60,-1,1,60,-67,-1,1,67,-30,-1,1,30)","(100,100,100)","(-60,-1,1,60,-67,-1,1,67,-30,-1,1,30)","93000037","35011008"
"43090280","(5,6,9)","(90,100,50,200,250,110,510,610,280,1330,1600,730,3610,4340,1990,10230,12270,5630,30000,36000,16500)","2000","20","31020001","1","(0,70,70,70)","(0,80,80,80)","(50,50,50)","(-60,-1,1,60,-67,-1,1,67,-30,-1,1,30)","(100,100,100)","(-60,-1,1,60,-67,-1,1,67,-30,-1,1,30)","93000037","35011008"
"43090281","(5,6,9)","(90,100,50,200,250,110,510,610,280,1330,1600,730,3610,4340,1990,10230,12270,5630,30000,36000,16500,91360,109640,50250)","2000","20","31020001","1","(0,70,70,70)","(0,80,80,80)","(50,50,50)","(-60,-1,1,60,-67,-1,1,67,-30,-1,1,30)","(100,100,100)","(-60,-1,1,60,-67,-1,1,67,-30,-1,1,30)","93000158","35011008"
"43090282","(5,6,9)","(90,100,50,200,250,110,510,610,280,1330,1600,730,3610,4340,1990,10230,12270,5630,30000,36000,16500,91360,109640,50250,289090,346910,159000)","2000","20","31020001","1","(0,70,70,70)","(0,80,80,80)","(50,50,50)","(-60,-1,1,60,-67,-1,1,67,-30,-1,1,30)","(100,100,100)","(-60,-1,1,60,-67,-1,1,67,-30,-1,1,30)","93000158","35011008"
"43090283","(5,6,9)","(0,0,0)","2000","20","31020001","1","(0,70,70,70)","(0,80,80,80)","(50,50,50)","(-60,-1,1,60,-67,-1,1,67,-30,-1,1,30)","(100,100,100)","(-60,-1,1,60,-67,-1,1,67,-30,-1,1,30)","","35011008"
"43090284","(5,6,9)","(90,100,50,200,250,110,510,610,280,1330,1600,730,3610,4340,1990,10230,12270,5630)","2000","20","31020001","1","(0,70,70,70)","(0,80,80,80)","(50,50,50)","(-60,-1,1,60,-67,-1,1,67,-30,-1,1,30)","(100,100,100)","(-60,-1,1,60,-67,-1,1,67,-30,-1,1,30)","93000037","35011008"
"43090285","(5,6,9)","(90,100,50,200,250,110,510,610,280,1330,1600,730,3610,4340,1990,10230,12270,5630,30000,36000,16500)","2000","20","31020001","1","(0,70,70,70)","(0,80,80,80)","(50,50,50)","(-60,-1,1,60,-67,-1,1,67,-30,-1,1,30)","(100,100,100)","(-60,-1,1,60,-67,-1,1,67,-30,-1,1,30)","93000037","35011008"
"43090286","(5,6,9)","(90,100,50,200,250,110,510,610,280,1330,1600,730,3610,4340,1990,10230,12270,5630,30000,36000,16500,91360,109640,50250)","2000","20","31020001","1","(0,70,70,70)","(0,80,80,80)","(50,50,50)","(-60,-1,1,60,-67,-1,1,67,-30,-1,1,30)","(100,100,100)","(-60,-1,1,60,-67,-1,1,67,-30,-1,1,30)","93000037","35011008"
"43090287","(5,6,9)","(90,100,50,200,250,110,510,610,280,1330,1600,730,3610,4340,1990,10230,12270,5630,30000,36000,16500,91360,109640,50250,289090,346910,159000)","2000","20","31020001","1","(0,70,70,70)","(0,80,80,80)","(50,50,50)","(-60,-1,1,60,-67,-1,1,67,-30,-1,1,30)","(100,100,100)","(-60,-1,1,60,-67,-1,1,67,-30,-1,1,30)","93000158","35011008"
"43090288","(5,6,9)","(90,100,50,200,250,110,510,610,280,1330,1600,730,3610,4340,1990,10230,12270,5630,30000,36000,16500,91360,109640,50250,289090,346910,159000)","2000","20","31020001","1","(0,70,70,70)","(0,80,80,80)","(50,50,50)","(-60,-1,1,60,-67,-1,1,67,-30,-1,1,30)","(100,100,100)","(-60,-1,1,60,-67,-1,1,67,-30,-1,1,30)","93000158","35011008"
"43090289","(5,6,9)","(0,0,0)","2000","20","31020001","1","(0,70,70,70)","(0,80,80,80)","(50,50,50)","(-60,-1,1,60,-67,-1,1,67,-30,-1,1,30)","(100,100,100)","(-60,-1,1,60,-67,-1,1,67,-30,-1,1,30)","93000037","35011008"
"43090290","(5,6,9)","(90,100,50,200,250,110,510,610,280,1330,1600,730,3610,4340,1990,10230,12270,5630,30000,36000,16500)","2000","20","31020001","1","(0,70,70,70)","(0,80,80,80)","(50,50,50)","(-60,-1,1,60,-67,-1,1,67,-30,-1,1,30)","(100,100,100)","(-60,-1,1,60,-67,-1,1,67,-30,-1,1,30)","93000037","35011008"
"43090291","(5,6,9)","(90,100,50,200,250,110,510,610,280,1330,1600,730,3610,4340,1990,10230,12270,5630,30000,36000,16500,91360,109640,50250)","2000","20","31020001","1","(0,70,70,70)","(0,80,80,80)","(50,50,50)","(-60,-1,1,60,-67,-1,1,67,-30,-1,1,30)","(100,100,100)","(-60,-1,1,60,-67,-1,1,67,-30,-1,1,30)","93000037","35011008"
"43090292","(5,6,9)","(90,100,50,200,250,110,510,610,280,1330,1600,730,3610,4340,1990,10230,12270,5630,30000,36000,16500,91360,109640,50250,289090,346910,159000)","2000","20","31020001","1","(0,70,70,70)","(0,80,80,80)","(50,50,50)","(-60,-1,1,60,-67,-1,1,67,-30,-1,1,30)","(100,100,100)","(-60,-1,1,60,-67,-1,1,67,-30,-1,1,30)","93000037","35011008"
"43090293","(5,6,9)","(90,100,50,200,250,110,510,610,280,1330,1600,730,3610,4340,1990,10230,12270,5630,30000,36000,16500,91360,109640,50250,289090,346910,159000)","2000","20","31020001","1","(0,70,70,70)","(0,80,80,80)","(50,50,50)","(-60,-1,1,60,-67,-1,1,67,-30,-1,1,30)","(100,100,100)","(-60,-1,1,60,-67,-1,1,67,-30,-1,1,30)","93000158","35011008"
"43090294","(5,6,9)","(90,100,50,200,250,110,510,610,280,1330,1600,730,3610,4340,1990,10230,12270,5630,30000,36000,16500,91360,109640,50250,289090,346910,159000)","2000","20","31020001","1","(0,70,70,70)","(0,80,80,80)","(50,50,50)","(-60,-1,1,60,-67,-1,1,67,-30,-1,1,30)","(100,100,100)","(-60,-1,1,60,-67,-1,1,67,-30,-1,1,30)","93000158","35011008"
"43090295","(5,6,9)","(0,0,0)","2000","20","31020001","1","(0,70,70,70)","(0,80,80,80)","(50,50,50)","(-60,-1,1,60,-67,-1,1,67,-30,-1,1,30)","(100,100,100)","(-60,-1,1,60,-67,-1,1,67,-30,-1,1,30)","","35011008"
"43090296","(5,6,9)","(90,100,50,200,250,110,510,610,280,1330,1600,730,3610,4340,1990,10230,12270,5630,30000,36000,16500,91360,109640,50250)","2000","20","31020001","1","(0,70,70,70)","(0,80,80,80)","(50,50,50)","(-60,-1,1,60,-67,-1,1,67,-30,-1,1,30)","(100,100,100)","(-60,-1,1,60,-67,-1,1,67,-30,-1,1,30)","93000037","35011008"
"43090297","(5,6,9)","(90,100,50,200,250,110,510,610,280,1330,1600,730,3610,4340,1990,10230,12270,5630,30000,36000,16500,91360,109640,50250,289090,346910,159000)","2000","20","31020001","1","(0,70,70,70)","(0,80,80,80)","(50,50,50)","(-60,-1,1,60,-67,-1,1,67,-30,-1,1,30)","(100,100,100)","(-60,-1,1,60,-67,-1,1,67,-30,-1,1,30)","93000037","35011008"
"43090298","(5,6,9)","(90,100,50,200,250,110,510,610,280,1330,1600,730,3610,4340,1990,10230,12270,5630,30000,36000,16500,91360,109640,50250,289090,346910,159000)","2000","20","31020001","1","(0,70,70,70)","(0,80,80,80)","(50,50,50)","(-60,-1,1,60,-67,-1,1,67,-30,-1,1,30)","(100,100,100)","(-60,-1,1,60,-67,-1,1,67,-30,-1,1,30)","93000037","35011008"
"43090299","(5,6,9)","(90,100,50,200,250,110,510,610,280,1330,1600,730,3610,4340,1990,10230,12270,5630,30000,36000,16500,91360,109640,50250,289090,346910,159000)","2000","20","31020001","1","(0,70,70,70)","(0,80,80,80)","(50,50,50)","(-60,-1,1,60,-67,-1,1,67,-30,-1,1,30)","(100,100,100)","(-60,-1,1,60,-67,-1,1,67,-30,-1,1,30)","93000158","35011008"
"43090300","(5,6,9)","(90,100,50,200,250,110,510,610,280,1330,1600,730,3610,4340,1990,10230,12270,5630,30000,36000,16500,91360,109640,50250,289090,346910,159000)","2000","20","31020001","1","(0,70,70,70)","(0,80,80,80)","(50,50,50)","(-60,-1,1,60,-67,-1,1,67,-30,-1,1,30)","(100,100,100)","(-60,-1,1,60,-67,-1,1,67,-30,-1,1,30)","93000158","35011008"
"43090301","(8,7,10)","(560,280,50,1350,680,110,3380,1690,280,8780,4390,730,23850,11930,1990,67500,33750,5630,198000,99000,16500)","2000","20","31020001","1","(0,70,70,70)","(0,80,80,80)","(50,50,50)","(-374,-1,1,374,-187,-1,1,187,-30,-1,1,30)","(100,100,100)","(-374,-1,1,374,-187,-1,1,187,-30,-1,1,30)","93000158","35011008"
"43090302","(5,6,9)","(90,100,50,200,250,110,510,610,280,1330,1600,730,3610,4340,1990,10230,12270,5630,30000,36000,16500,91360,109640,50250,289090,346910,159000)","2000","20","31020001","1","(0,70,70,70)","(0,80,80,80)","(50,50,50)","(-60,-1,1,60,-67,-1,1,67,-30,-1,1,30)","(100,100,100)","(-60,-1,1,60,-67,-1,1,67,-30,-1,1,30)","93000158","35011008"
"43090303","(5,6,9)","(90,100,50,200,250,110,510,610,280,1330,1600,730,3610,4340,1990,10230,12270,5630,30000,36000,16500,91360,109640,50250,289090,346910,159000)","2000","20","31020001","1","(0,70,70,70)","(0,80,80,80)","(50,50,50)","(-60,-1,1,60,-67,-1,1,67,-30,-1,1,30)","(100,100,100)","(-60,-1,1,60,-67,-1,1,67,-30,-1,1,30)","93000158","35011008"
"43090304","(5,6,9)","(90,100,50,200,250,110,510,610,280,1330,1600,730,3610,4340,1990,10230,12270,5630,30000,36000,16500,91360,109640,50250,289090,346910,159000)","2000","20","31020001","1","(0,70,70,70)","(0,80,80,80)","(50,50,50)","(-60,-1,1,60,-67,-1,1,67,-30,-1,1,30)","(100,100,100)","(-60,-1,1,60,-67,-1,1,67,-30,-1,1,30)","93000158","35011008"
"43090305","(5,6,9)","(90,100,50,200,250,110,510,610,280,1330,1600,730,3610,4340,1990,10230,12270,5630,30000,36000,16500,91360,109640,50250,289090,346910,159000)","2000","20","31020001","1","(0,70,70,70)","(0,80,80,80)","(50,50,50)","(-60,-1,1,60,-67,-1,1,67,-30,-1,1,30)","(100,100,100)","(-60,-1,1,60,-67,-1,1,67,-30,-1,1,30)","93000158","35011008"
"43090306","(5,6,9)","(90,100,50,200,250,110,510,610,280,1330,1600,730,3610,4340,1990,10230,12270,5630,30000,36000,16500,91360,109640,50250,289090,346910,159000)","2000","20","31020001","1","(0,70,70,70)","(0,80,80,80)","(50,50,50)","(-60,-1,1,60,-67,-1,1,67,-30,-1,1,30)","(100,100,100)","(-60,-1,1,60,-67,-1,1,67,-30,-1,1,30)","93000158","35011008"
"43090307","(5,6,9)","(90,100,50,200,250,110,510,610,280,1330,1600,730,3610,4340,1990,10230,12270,5630,30000,36000,16500,91360,109640,50250,289090,346910,159000)","2000","20","31020001","1","(0,70,70,70)","(0,80,80,80)","(50,50,50)","(-60,-1,1,60,-67,-1,1,67,-30,-1,1,30)","(100,100,100)","(-60,-1,1,60,-67,-1,1,67,-30,-1,1,30)","93000158","35011008"
"43090308","(5,6,9)","(90,100,50,200,250,110,510,610,280,1330,1600,730,3610,4340,1990,10230,12270,5630,30000,36000,16500,91360,109640,50250,289090,346910,159000)","2000","20","31020001","1","(0,70,70,70)","(0,80,80,80)","(50,50,50)","(-60,-1,1,60,-67,-1,1,67,-30,-1,1,30)","(100,100,100)","(-60,-1,1,60,-67,-1,1,67,-30,-1,1,30)","93000158","35011008"
"43090309","(5,6,9)","(90,100,50,200,250,110,510,610,280,1330,1600,730,3610,4340,1990,10230,12270,5630,30000,36000,16500,91360,109640,50250,289090,346910,159000)","2000","20","31020001","1","(0,70,70,70)","(0,80,80,80)","(50,50,50)","(-60,-1,1,60,-67,-1,1,67,-30,-1,1,30)","(100,100,100)","(-60,-1,1,60,-67,-1,1,67,-30,-1,1,30)","93000158","35011008"
"43090310","(5,6,9)","(90,100,50,200,250,110,510,610,280,1330,1600,730,3610,4340,1990,10230,12270,5630,30000,36000,16500,91360,109640,50250,289090,346910,159000)","2000","20","31020001","1","(0,70,70,70)","(0,80,80,80)","(50,50,50)","(-60,-1,1,60,-67,-1,1,67,-30,-1,1,30)","(100,100,100)","(-60,-1,1,60,-67,-1,1,67,-30,-1,1,30)","93000158","35011008"
"43090311","(5,6,9)","(90,100,50,200,250,110,510,610,280,1330,1600,730,3610,4340,1990,10230,12270,5630,30000,36000,16500,91360,109640,50250,289090,346910,159000)","2000","20","31020001","1","(0,70,70,70)","(0,80,80,80)","(50,50,50)","(-60,-1,1,60,-67,-1,1,67,-30,-1,1,30)","(100,100,100)","(-60,-1,1,60,-67,-1,1,67,-30,-1,1,30)","93000158","35011008"
"43090312","(5,6,9)","(90,100,50,200,250,110,510,610,280,1330,1600,730,3610,4340,1990,10230,12270,5630,30000,36000,16500,91360,109640,50250,289090,346910,159000)","2000","20","31020001","1","(0,70,70,70)","(0,80,80,80)","(50,50,50)","(-60,-1,1,60,-67,-1,1,67,-30,-1,1,30)","(100,100,100)","(-60,-1,1,60,-67,-1,1,67,-30,-1,1,30)","93000158","35011008"
"43090313","(5,6,9)","(90,100,50,200,250,110,510,610,280,1330,1600,730,3610,4340,1990,10230,12270,5630,30000,36000,16500,91360,109640,50250,289090,346910,159000)","2000","20","31020001","1","(0,70,70,70)","(0,80,80,80)","(50,50,50)","(-60,-1,1,60,-67,-1,1,67,-30,-1,1,30)","(100,100,100)","(-60,-1,1,60,-67,-1,1,67,-30,-1,1,30)","93000158","35011008"
"43090314","(5,6,9)","(90,100,50,200,250,110,510,610,280,1330,1600,730,3610,4340,1990,10230,12270,5630,30000,36000,16500,91360,109640,50250,289090,346910,159000)","2000","20","31020001","1","(0,70,70,70)","(0,80,80,80)","(50,50,50)","(-60,-1,1,60,-67,-1,1,67,-30,-1,1,30)","(100,100,100)","(-60,-1,1,60,-67,-1,1,67,-30,-1,1,30)","93000158","35011008"
"43090315","(5,6,9)","(90,100,50,200,250,110,510,610,280,1330,1600,730,3610,4340,1990,10230,12270,5630,30000,36000,16500,91360,109640,50250,289090,346910,159000)","2000","20","31020001","1","(0,70,70,70)","(0,80,80,80)","(50,50,50)","(-60,-1,1,60,-67,-1,1,67,-30,-1,1,30)","(100,100,100)","(-60,-1,1,60,-67,-1,1,67,-30,-1,1,30)","93000158","35011008"
"43090316","(5,6,9)","(90,100,50,200,250,110,510,610,280,1330,1600,730,3610,4340,1990,10230,12270,5630,30000,36000,16500,91360,109640,50250,289090,346910,159000)","2000","20","31020001","1","(0,70,70,70)","(0,80,80,80)","(50,50,50)","(-60,-1,1,60,-67,-1,1,67,-30,-1,1,30)","(100,100,100)","(-60,-1,1,60,-67,-1,1,67,-30,-1,1,30)","93000158","35011008"
"43090317","(5,6,9)","(90,100,50,200,250,110,510,610,280,1330,1600,730,3610,4340,1990,10230,12270,5630,30000,36000,16500,91360,109640,50250,289090,346910,159000)","2000","20","31020001","1","(0,70,70,70)","(0,80,80,80)","(50,50,50)","(-60,-1,1,60,-67,-1,1,67,-30,-1,1,30)","(100,100,100)","(-60,-1,1,60,-67,-1,1,67,-30,-1,1,30)","93000158","35011008"
"43090318","(5,6,9)","(90,100,50,200,250,110,510,610,280,1330,1600,730,3610,4340,1990,10230,12270,5630,30000,36000,16500,91360,109640,50250,289090,346910,159000)","2000","20","31020001","1","(0,70,70,70)","(0,80,80,80)","(50,50,50)","(-60,-1,1,60,-67,-1,1,67,-30,-1,1,30)","(100,100,100)","(-60,-1,1,60,-67,-1,1,67,-30,-1,1,30)","93000158","35011008"
"43090319","(5,6,9)","(90,100,50,200,250,110,510,610,280,1330,1600,730,3610,4340,1990,10230,12270,5630,30000,36000,16500,91360,109640,50250,289090,346910,159000)","2000","20","31020001","1","(0,70,70,70)","(0,80,80,80)","(50,50,50)","(-60,-1,1,60,-67,-1,1,67,-30,-1,1,30)","(100,100,100)","(-60,-1,1,60,-67,-1,1,67,-30,-1,1,30)","93000158","35011008"
"43090320","(5,6,9)","(90,100,50,200,250,110,510,610,280,1330,1600,730,3610,4340,1990,10230,12270,5630,30000,36000,16500,91360,109640,50250,289090,346910,159000)","2000","20","31020001","1","(0,70,70,70)","(0,80,80,80)","(50,50,50)","(-60,-1,1,60,-67,-1,1,67,-30,-1,1,30)","(100,100,100)","(-60,-1,1,60,-67,-1,1,67,-30,-1,1,30)","93000158","35011008"
"43090321","(5,6,9)","(90,100,50,200,250,110,510,610,280,1330,1600,730,3610,4340,1990,10230,12270,5630,30000,36000,16500,91360,109640,50250,289090,346910,159000)","2000","20","31020001","1","(0,70,70,70)","(0,80,80,80)","(50,50,50)","(-60,-1,1,60,-67,-1,1,67,-30,-1,1,30)","(100,100,100)","(-60,-1,1,60,-67,-1,1,67,-30,-1,1,30)","93000158","35011008"
"43100001","(5,6,11)","(90,100,90,200,250,230,510,610,560,1330,1600,1460,3610,4340,3980,10230,12270,11250)","2000","20","31020001","1","(0,70,70,70)","(0,80,80,80)","(50,50,50)","(-60,-1,1,60,-67,-1,1,67,-60,-1,1,60)","(100,100,100)","(-60,-1,1,60,-67,-1,1,67,-60,-1,1,60)","93000158","35011008"
"43100002","(5,6,11)","(90,100,90,200,250,230,510,610,560,1330,1600,1460,3610,4340,3980,10230,12270,11250,30000,36000,33000)","2000","20","31020001","1","(0,70,70,70)","(0,80,80,80)","(50,50,50)","(-60,-1,1,60,-67,-1,1,67,-60,-1,1,60)","(100,100,100)","(-60,-1,1,60,-67,-1,1,67,-60,-1,1,60)","93000158","35011008"
"43100003","(5,6,11)","(90,100,90,200,250,230,510,610,560,1330,1600,1460,3610,4340,3980,10230,12270,11250,30000,36000,33000)","2000","20","31020001","1","(0,70,70,70)","(0,80,80,80)","(50,50,50)","(-60,-1,1,60,-67,-1,1,67,-60,-1,1,60)","(100,100,100)","(-60,-1,1,60,-67,-1,1,67,-60,-1,1,60)","93000158","35011008"
"43100004","(5,6,11)","(90,100,90,200,250,230,510,610,560,1330,1600,1460,3610,4340,3980,10230,12270,11250,30000,36000,33000)","2000","20","31020001","1","(0,70,70,70)","(0,80,80,80)","(50,50,50)","(-60,-1,1,60,-67,-1,1,67,-60,-1,1,60)","(100,100,100)","(-60,-1,1,60,-67,-1,1,67,-60,-1,1,60)","93000158","35011008"
"43100005","(5,6,11)","(90,100,90,200,250,230,510,610,560,1330,1600,1460,3610,4340,3980,10230,12270,11250,30000,36000,33000,91360,109640,100500)","2000","20","31020001","1","(0,70,70,70)","(0,80,80,80)","(50,50,50)","(-60,-1,1,60,-67,-1,1,67,-60,-1,1,60)","(100,100,100)","(-60,-1,1,60,-67,-1,1,67,-60,-1,1,60)","93000158","35011008"
"43100006","(5,6,11)","(90,100,90,200,250,230,510,610,560,1330,1600,1460,3610,4340,3980,10230,12270,11250,30000,36000,33000,91360,109640,100500,289090,346910,318000)","2000","20","31020001","1","(0,70,70,70)","(0,80,80,80)","(50,50,50)","(-60,-1,1,60,-67,-1,1,67,-60,-1,1,60)","(100,100,100)","(-60,-1,1,60,-67,-1,1,67,-60,-1,1,60)","93000158","35011008"
"43100007","(5,6,11)","(90,100,90,200,250,230,510,610,560,1330,1600,1460,3610,4340,3980,10230,12270,11250,30000,36000,33000,91360,109640,100500,289090,346910,318000)","2000","20","31020001","1","(0,70,70,70)","(0,80,80,80)","(50,50,50)","(-60,-1,1,60,-67,-1,1,67,-60,-1,1,60)","(100,100,100)","(-60,-1,1,60,-67,-1,1,67,-60,-1,1,60)","93000158","35011008"
"43100008","(5,6,11)","(90,100,90,200,250,230,510,610,560,1330,1600,1460,3610,4340,3980,10230,12270,11250,30000,36000,33000,91360,109640,100500,289090,346910,318000)","2000","20","31020001","1","(0,70,70,70)","(0,80,80,80)","(50,50,50)","(-60,-1,1,60,-67,-1,1,67,-60,-1,1,60)","(100,100,100)","(-60,-1,1,60,-67,-1,1,67,-60,-1,1,60)","93000158","35011008"
"43100009","(5,6,11)","(90,100,90,200,250,230,510,610,560,1330,1600,1460,3610,4340,3980,10230,12270,11250,30000,36000,33000,91360,109640,100500,289090,346910,318000)","2000","20","31020001","1","(0,70,70,70)","(0,80,80,80)","(50,50,50)","(-60,-1,1,60,-67,-1,1,67,-60,-1,1,60)","(100,100,100)","(-60,-1,1,60,-67,-1,1,67,-60,-1,1,60)","93000158","35011008"
"43100010","(5,6,11)","(90,100,90,200,250,230,510,610,560,1330,1600,1460,3610,4340,3980,10230,12270,11250,30000,36000,33000,91360,109640,100500,289090,346910,318000)","2000","20","31020001","1","(0,70,70,70)","(0,80,80,80)","(50,50,50)","(-60,-1,1,60,-67,-1,1,67,-60,-1,1,60)","(100,100,100)","(-60,-1,1,60,-67,-1,1,67,-60,-1,1,60)","93000158","35011008"
"43100011","(5,6,11)","(90,100,90,200,250,230,510,610,560,1330,1600,1460,3610,4340,3980,10230,12270,11250)","2000","20","31020001","1","(0,70,70,70)","(0,80,80,80)","(50,50,50)","(-60,-1,1,60,-67,-1,1,67,-60,-1,1,60)","(100,100,100)","(-60,-1,1,60,-67,-1,1,67,-60,-1,1,60)","93000158","35011008"
"43100012","(5,6,11)","(90,100,90,200,250,230,510,610,560,1330,1600,1460,3610,4340,3980,10230,12270,11250,30000,36000,33000)","2000","20","31020001","1","(0,70,70,70)","(0,80,80,80)","(50,50,50)","(-60,-1,1,60,-67,-1,1,67,-60,-1,1,60)","(100,100,100)","(-60,-1,1,60,-67,-1,1,67,-60,-1,1,60)","93000158","35011008"
"43100013","(5,6,11)","(90,100,90,200,250,230,510,610,560,1330,1600,1460,3610,4340,3980,10230,12270,11250,30000,36000,33000)","2000","20","31020001","1","(0,70,70,70)","(0,80,80,80)","(50,50,50)","(-60,-1,1,60,-67,-1,1,67,-60,-1,1,60)","(100,100,100)","(-60,-1,1,60,-67,-1,1,67,-60,-1,1,60)","93000158","35011008"
"43100014","(5,6,11)","(90,100,90,200,250,230,510,610,560,1330,1600,1460,3610,4340,3980,10230,12270,11250,30000,36000,33000)","2000","20","31020001","1","(0,70,70,70)","(0,80,80,80)","(50,50,50)","(-60,-1,1,60,-67,-1,1,67,-60,-1,1,60)","(100,100,100)","(-60,-1,1,60,-67,-1,1,67,-60,-1,1,60)","93000158","35011008"
"43100015","(5,6,11)","(90,100,90,200,250,230,510,610,560,1330,1600,1460,3610,4340,3980,10230,12270,11250,30000,36000,33000,91360,109640,100500)","2000","20","31020001","1","(0,70,70,70)","(0,80,80,80)","(50,50,50)","(-60,-1,1,60,-67,-1,1,67,-60,-1,1,60)","(100,100,100)","(-60,-1,1,60,-67,-1,1,67,-60,-1,1,60)","93000158","35011008"
"43100016","(5,6,11)","(90,100,90,200,250,230,510,610,560,1330,1600,1460,3610,4340,3980,10230,12270,11250,30000,36000,33000,91360,109640,100500,289090,346910,318000)","2000","20","31020001","1","(0,70,70,70)","(0,80,80,80)","(50,50,50)","(-60,-1,1,60,-67,-1,1,67,-60,-1,1,60)","(100,100,100)","(-60,-1,1,60,-67,-1,1,67,-60,-1,1,60)","93000158","35011008"
"43100017","(5,6,11)","(90,100,90,200,250,230,510,610,560,1330,1600,1460,3610,4340,3980,10230,12270,11250,30000,36000,33000,91360,109640,100500,289090,346910,318000)","2000","20","31020001","1","(0,70,70,70)","(0,80,80,80)","(50,50,50)","(-60,-1,1,60,-67,-1,1,67,-60,-1,1,60)","(100,100,100)","(-60,-1,1,60,-67,-1,1,67,-60,-1,1,60)","93000158","35011008"
"43100018","(5,6,11)","(90,100,90,200,250,230,510,610,560,1330,1600,1460,3610,4340,3980,10230,12270,11250,30000,36000,33000,91360,109640,100500,289090,346910,318000)","2000","20","31020001","1","(0,70,70,70)","(0,80,80,80)","(50,50,50)","(-60,-1,1,60,-67,-1,1,67,-60,-1,1,60)","(100,100,100)","(-60,-1,1,60,-67,-1,1,67,-60,-1,1,60)","93000158","35011008"
"43100019","(5,6,11)","(90,100,90,200,250,230,510,610,560,1330,1600,1460,3610,4340,3980,10230,12270,11250,30000,36000,33000,91360,109640,100500,289090,346910,318000)","2000","20","31020001","1","(0,70,70,70)","(0,80,80,80)","(50,50,50)","(-60,-1,1,60,-67,-1,1,67,-60,-1,1,60)","(100,100,100)","(-60,-1,1,60,-67,-1,1,67,-60,-1,1,60)","93000158","35011008"
"43100020","(5,6,11)","(90,100,90,200,250,230,510,610,560,1330,1600,1460,3610,4340,3980,10230,12270,11250,30000,36000,33000,91360,109640,100500,289090,346910,318000)","2000","20","31020001","1","(0,70,70,70)","(0,80,80,80)","(50,50,50)","(-60,-1,1,60,-67,-1,1,67,-60,-1,1,60)","(100,100,100)","(-60,-1,1,60,-67,-1,1,67,-60,-1,1,60)","93000158","35011008"
"43100021","(5,6,11)","(90,100,90,200,250,230,510,610,560,1330,1600,1460,3610,4340,3980,10230,12270,11250)","2000","20","31020001","1","(0,70,70,70)","(0,80,80,80)","(50,50,50)","(-60,-1,1,60,-67,-1,1,67,-60,-1,1,60)","(100,100,100)","(-60,-1,1,60,-67,-1,1,67,-60,-1,1,60)","93000158","35011008"
"43100022","(5,6,11)","(90,100,90,200,250,230,510,610,560,1330,1600,1460,3610,4340,3980,10230,12270,11250,30000,36000,33000)","2000","20","31020001","1","(0,70,70,70)","(0,80,80,80)","(50,50,50)","(-60,-1,1,60,-67,-1,1,67,-60,-1,1,60)","(100,100,100)","(-60,-1,1,60,-67,-1,1,67,-60,-1,1,60)","93000158","35011008"
"43100023","(5,6,11)","(90,100,90,200,250,230,510,610,560,1330,1600,1460,3610,4340,3980,10230,12270,11250,30000,36000,33000)","2000","20","31020001","1","(0,70,70,70)","(0,80,80,80)","(50,50,50)","(-60,-1,1,60,-67,-1,1,67,-60,-1,1,60)","(100,100,100)","(-60,-1,1,60,-67,-1,1,67,-60,-1,1,60)","93000158","35011008"
"43100024","(5,6,11)","(90,100,90,200,250,230,510,610,560,1330,1600,1460,3610,4340,3980,10230,12270,11250,30000,36000,33000)","2000","20","31020001","1","(0,70,70,70)","(0,80,80,80)","(50,50,50)","(-60,-1,1,60,-67,-1,1,67,-60,-1,1,60)","(100,100,100)","(-60,-1,1,60,-67,-1,1,67,-60,-1,1,60)","93000158","35011008"
"43100025","(5,6,11)","(90,100,90,200,250,230,510,610,560,1330,1600,1460,3610,4340,3980,10230,12270,11250,30000,36000,33000,91360,109640,100500)","2000","20","31020001","1","(0,70,70,70)","(0,80,80,80)","(50,50,50)","(-60,-1,1,60,-67,-1,1,67,-60,-1,1,60)","(100,100,100)","(-60,-1,1,60,-67,-1,1,67,-60,-1,1,60)","93000158","35011008"
"43100026","(5,6,11)","(90,100,90,200,250,230,510,610,560,1330,1600,1460,3610,4340,3980,10230,12270,11250,30000,36000,33000,91360,109640,100500,289090,346910,318000)","2000","20","31020001","1","(0,70,70,70)","(0,80,80,80)","(50,50,50)","(-60,-1,1,60,-67,-1,1,67,-60,-1,1,60)","(100,100,100)","(-60,-1,1,60,-67,-1,1,67,-60,-1,1,60)","93000158","35011008"
"43100027","(5,6,11)","(90,100,90,200,250,230,510,610,560,1330,1600,1460,3610,4340,3980,10230,12270,11250,30000,36000,33000,91360,109640,100500,289090,346910,318000)","2000","20","31020001","1","(0,70,70,70)","(0,80,80,80)","(50,50,50)","(-60,-1,1,60,-67,-1,1,67,-60,-1,1,60)","(100,100,100)","(-60,-1,1,60,-67,-1,1,67,-60,-1,1,60)","93000158","35011008"
"43100028","(5,6,11)","(90,100,90,200,250,230,510,610,560,1330,1600,1460,3610,4340,3980,10230,12270,11250,30000,36000,33000,91360,109640,100500,289090,346910,318000)","2000","20","31020001","1","(0,70,70,70)","(0,80,80,80)","(50,50,50)","(-60,-1,1,60,-67,-1,1,67,-60,-1,1,60)","(100,100,100)","(-60,-1,1,60,-67,-1,1,67,-60,-1,1,60)","93000158","35011008"
"43100029","(5,6,11)","(90,100,90,200,250,230,510,610,560,1330,1600,1460,3610,4340,3980,10230,12270,11250,30000,36000,33000,91360,109640,100500,289090,346910,318000)","2000","20","31020001","1","(0,70,70,70)","(0,80,80,80)","(50,50,50)","(-60,-1,1,60,-67,-1,1,67,-60,-1,1,60)","(100,100,100)","(-60,-1,1,60,-67,-1,1,67,-60,-1,1,60)","93000158","35011008"
"43100030","(5,6,11)","(90,100,90,200,250,230,510,610,560,1330,1600,1460,3610,4340,3980,10230,12270,11250,30000,36000,33000,91360,109640,100500,289090,346910,318000)","2000","20","31020001","1","(0,70,70,70)","(0,80,80,80)","(50,50,50)","(-60,-1,1,60,-67,-1,1,67,-60,-1,1,60)","(100,100,100)","(-60,-1,1,60,-67,-1,1,67,-60,-1,1,60)","93000158","35011008"
"43100031","(5,6,11)","(90,100,90,200,250,230,510,610,560,1330,1600,1460,3610,4340,3980,10230,12270,11250)","2000","20","31020001","1","(0,70,70,70)","(0,80,80,80)","(50,50,50)","(-60,-1,1,60,-67,-1,1,67,-60,-1,1,60)","(100,100,100)","(-60,-1,1,60,-67,-1,1,67,-60,-1,1,60)","93000158","35011008"
"43100032","(5,6,11)","(90,100,90,200,250,230,510,610,560,1330,1600,1460,3610,4340,3980,10230,12270,11250,30000,36000,33000)","2000","20","31020001","1","(0,70,70,70)","(0,80,80,80)","(50,50,50)","(-60,-1,1,60,-67,-1,1,67,-60,-1,1,60)","(100,100,100)","(-60,-1,1,60,-67,-1,1,67,-60,-1,1,60)","93000158","35011008"
"43100033","(5,6,11)","(90,100,90,200,250,230,510,610,560,1330,1600,1460,3610,4340,3980,10230,12270,11250,30000,36000,33000)","2000","20","31020001","1","(0,70,70,70)","(0,80,80,80)","(50,50,50)","(-60,-1,1,60,-67,-1,1,67,-60,-1,1,60)","(100,100,100)","(-60,-1,1,60,-67,-1,1,67,-60,-1,1,60)","93000158","35011008"
"43100034","(5,6,11)","(90,100,90,200,250,230,510,610,560,1330,1600,1460,3610,4340,3980,10230,12270,11250,30000,36000,33000)","2000","20","31020001","1","(0,70,70,70)","(0,80,80,80)","(50,50,50)","(-60,-1,1,60,-67,-1,1,67,-60,-1,1,60)","(100,100,100)","(-60,-1,1,60,-67,-1,1,67,-60,-1,1,60)","93000158","35011008"
"43100035","(5,6,11)","(90,100,90,200,250,230,510,610,560,1330,1600,1460,3610,4340,3980,10230,12270,11250,30000,36000,33000,91360,109640,100500)","2000","20","31020001","1","(0,70,70,70)","(0,80,80,80)","(50,50,50)","(-60,-1,1,60,-67,-1,1,67,-60,-1,1,60)","(100,100,100)","(-60,-1,1,60,-67,-1,1,67,-60,-1,1,60)","93000158","35011008"
"43100036","(5,6,11)","(90,100,90,200,250,230,510,610,560,1330,1600,1460,3610,4340,3980,10230,12270,11250,30000,36000,33000,91360,109640,100500,289090,346910,318000)","2000","20","31020001","1","(0,70,70,70)","(0,80,80,80)","(50,50,50)","(-60,-1,1,60,-67,-1,1,67,-60,-1,1,60)","(100,100,100)","(-60,-1,1,60,-67,-1,1,67,-60,-1,1,60)","93000158","35011008"
"43100037","(5,6,11)","(90,100,90,200,250,230,510,610,560,1330,1600,1460,3610,4340,3980,10230,12270,11250,30000,36000,33000,91360,109640,100500,289090,346910,318000)","2000","20","31020001","1","(0,70,70,70)","(0,80,80,80)","(50,50,50)","(-60,-1,1,60,-67,-1,1,67,-60,-1,1,60)","(100,100,100)","(-60,-1,1,60,-67,-1,1,67,-60,-1,1,60)","93000158","35011008"
"43100038","(5,6,11)","(90,100,90,200,250,230,510,610,560,1330,1600,1460,3610,4340,3980,10230,12270,11250,30000,36000,33000,91360,109640,100500,289090,346910,318000)","2000","20","31020001","1","(0,70,70,70)","(0,80,80,80)","(50,50,50)","(-60,-1,1,60,-67,-1,1,67,-60,-1,1,60)","(100,100,100)","(-60,-1,1,60,-67,-1,1,67,-60,-1,1,60)","93000158","35011008"
"43100039","(5,6,11)","(90,100,90,200,250,230,510,610,560,1330,1600,1460,3610,4340,3980,10230,12270,11250,30000,36000,33000,91360,109640,100500,289090,346910,318000)","2000","20","31020001","1","(0,70,70,70)","(0,80,80,80)","(50,50,50)","(-60,-1,1,60,-67,-1,1,67,-60,-1,1,60)","(100,100,100)","(-60,-1,1,60,-67,-1,1,67,-60,-1,1,60)","93000158","35011008"
"43100040","(5,6,11)","(90,100,90,200,250,230,510,610,560,1330,1600,1460,3610,4340,3980,10230,12270,11250,30000,36000,33000,91360,109640,100500,289090,346910,318000)","2000","20","31020001","1","(0,70,70,70)","(0,80,80,80)","(50,50,50)","(-60,-1,1,60,-67,-1,1,67,-60,-1,1,60)","(100,100,100)","(-60,-1,1,60,-67,-1,1,67,-60,-1,1,60)","93000158","35011008"
"43100041","(8,7,10)","(560,280,50,1350,680,110,3380,1690,280,8780,4390,730,23850,11930,1990,67500,33750,5630,198000,99000,16500)","2000","20","31020001","1","(0,70,70,70)","(0,80,80,80)","(50,50,50)","(-374,-1,1,374,-187,-1,1,187,-30,-1,1,30)","(100,100,100)","(-374,-1,1,374,-187,-1,1,187,-30,-1,1,30)","93000158","35011008"
"43100042","(8,7,10)","(560,280,50,1350,680,110,3380,1690,280,8780,4390,730,23850,11930,1990,67500,33750,5630,198000,99000,16500)","2000","20","31020001","1","(0,70,70,70)","(0,80,80,80)","(50,50,50)","(-374,-1,1,374,-187,-1,1,187,-30,-1,1,30)","(100,100,100)","(-374,-1,1,374,-187,-1,1,187,-30,-1,1,30)","93000158","35011008"
"43100043","(8,7,10)","(560,280,50,1350,680,110,3380,1690,280,8780,4390,730,23850,11930,1990,67500,33750,5630,198000,99000,16500)","2000","20","31020001","1","(0,70,70,70)","(0,80,80,80)","(50,50,50)","(-374,-1,1,374,-187,-1,1,187,-30,-1,1,30)","(100,100,100)","(-374,-1,1,374,-187,-1,1,187,-30,-1,1,30)","93000158","35011008"
"43100044","(8,7,10)","(560,280,50,1350,680,110,3380,1690,280,8780,4390,730,23850,11930,1990,67500,33750,5630,198000,99000,16500,603000,301500,50250)","2000","20","31020001","1","(0,70,70,70)","(0,80,80,80)","(50,50,50)","(-374,-1,1,374,-187,-1,1,187,-30,-1,1,30)","(100,100,100)","(-374,-1,1,374,-187,-1,1,187,-30,-1,1,30)","93000158","35011008"
"43100045","(8,7,10)","(560,280,50,1350,680,110,3380,1690,280,8780,4390,730,23850,11930,1990,67500,33750,5630,198000,99000,16500,603000,301500,50250,1908000,954000,159000)","2000","20","31020001","1","(0,70,70,70)","(0,80,80,80)","(50,50,50)","(-374,-1,1,374,-187,-1,1,187,-30,-1,1,30)","(100,100,100)","(-374,-1,1,374,-187,-1,1,187,-30,-1,1,30)","93000158","35011008"
"43100046","(8,7,10)","(560,280,50,1350,680,110,3380,1690,280,8780,4390,730,23850,11930,1990,67500,33750,5630,198000,99000,16500,603000,301500,50250,1908000,954000,159000)","2000","20","31020001","1","(0,70,70,70)","(0,80,80,80)","(50,50,50)","(-374,-1,1,374,-187,-1,1,187,-30,-1,1,30)","(100,100,100)","(-374,-1,1,374,-187,-1,1,187,-30,-1,1,30)","93000158","35011008"
"43100047","(8,7,10)","(560,280,50,1350,680,110,3380,1690,280,8780,4390,730,23850,11930,1990,67500,33750,5630,198000,99000,16500,603000,301500,50250,1908000,954000,159000)","2000","20","31020001","1","(0,70,70,70)","(0,80,80,80)","(50,50,50)","(-374,-1,1,374,-187,-1,1,187,-30,-1,1,30)","(100,100,100)","(-374,-1,1,374,-187,-1,1,187,-30,-1,1,30)","93000158","35011008"
"43100048","(8,7,10)","(560,280,50,1350,680,110,3380,1690,280,8780,4390,730,23850,11930,1990,67500,33750,5630,198000,99000,16500,603000,301500,50250,1908000,954000,159000)","2000","20","31020001","1","(0,70,70,70)","(0,80,80,80)","(50,50,50)","(-374,-1,1,374,-187,-1,1,187,-30,-1,1,30)","(100,100,100)","(-374,-1,1,374,-187,-1,1,187,-30,-1,1,30)","93000158","35011008"
"43100049","(8,7,10)","(560,280,50,1350,680,110,3380,1690,280,8780,4390,730,23850,11930,1990,67500,33750,5630,198000,99000,16500,603000,301500,50250,1908000,954000,159000)","2000","20","31020001","1","(0,70,70,70)","(0,80,80,80)","(50,50,50)","(-374,-1,1,374,-187,-1,1,187,-30,-1,1,30)","(100,100,100)","(-374,-1,1,374,-187,-1,1,187,-30,-1,1,30)","93000158","35011008"
