"AttributeId","MissionShowType","MissionEndType","NeedLevel","ShowLevel","CurChapterIndex","MissionIndexInChapter","MissionName","MissionDescriptionId","GetDialogId","NotFinishDialogID","FinishDialogId","PreMissionId","NextMissionId","GoalNpcKill","GoalMapName","GoalMissionId","FinishMissionNpcId","FinishMissionNpcMapName","MapId","PathFindLocation","CanTransfer","FinishMissionNpcLocation","CreateNpc","HiddenNpc","TransferID","TransferPos","MissionEvent","FinishAwardType","FinishEXP","FinishGold","FinishItemDropId","FinishMoney","ActivateInfoArray","IsNeedMissionHint","FinishItemGetRate","FinishItemNameId","SpecialMissionRequirement","NextSideMissionTriggerId","TriggerSideMissionArray","SideMissionReqMainMissionId","MissionGroupId","FinishTriggerBuffArray","AutoEndDialogTime","HighExperienceIdentity","MissionSucceedEndAuto","ClickIsEndAuto","CanShowMissionEnd","HimSelfSeeNpcId","MissionStateEndAuto","MissionJumpToWidgetPlayAni","TemporaryActivateWing","IsWingFlyMission","HimSelfSeeNpcIdArr"
"15000001","0","77","0","","0","0","90000008","","0","0","0","0","15000002","(0,1)","","0","","","","","","","","","","","0","1","","","0","(31,5)","","","","","","","","","","","","","","","","","","","","",""
"15000002","0","17","0","","0","0","90000009","","0","0","0","0","15000003","(0,2)","","0","","","","","","","","","","","0","1","","","0","(31,5)","","","","","","","","","","","","","","","","","","","","",""
"15000003","0","36","0","","0","0","90000010","","0","0","0","0","15000004","(0,5)","","","","","","","","","","","","","0","1","","","0","(31,5)","","","","","","","","","","","","","","","","","","","","",""
"15000004","0","36","0","","0","0","90000011","","0","0","0","0","15000005","(1,1)","","","","","","","","","","","","","0","1","","","0","(31,5)","","","","","","","","","","","","","","","","","","","","",""
"15000005","0","31","0","","0","0","90000012","","0","0","0","0","15000006","(0,5)","","","","","","","","","","","","","0","1","","","0","(31,5)","","","","","","","","","","","","","","","","","","","","",""
"15000006","0","78","0","","0","0","90000013","","0","0","0","0","15000007","(0,1)","","","","","","","","","","","","","0","1","","","0","(31,5)","","","","","","","","","","","","","","","","","","","","",""
"15000007","0","79","0","","0","0","90000014","","0","0","0","0","15000008","(0,1)","","","","","","","","","","","","","0","1","","","0","(31,5)","","","","","","","","","","","","","","","","","","","","",""
"15000008","0","80","0","","0","0","90000015","","0","0","0","0","15000009","(0,2)","","","","","","","","","","","","","0","1","","","0","(31,5)","","","","","","","","","","","","","","","","","","","","",""
"15000009","0","3","0","","0","0","90000016","","0","0","0","0","0","(71050001,1)","","","","","","","","","","","","","0","1","","","0","(31,5)","","","","","","","","","","","","","","","","","","","","",""
"15010001","1","0","0","","0","0","90007229","90009145","0","0","0","0","0","(76000283,20)","(90052009)","","","0","71000001","(67218,27147,2288)","","","","","","","0","3","100","0","0","","","","","","","","","","","","","","","","","","","","","",""
"15010002","1","0","0","","0","0","90007229","90009365","0","0","0","0","0","(76001122,20)","(90052009)","","","0","71000001","(71340,27770,2298)","","","","","","","0","3","100","0","0","","","","","","","","","","","","","","","","","","","","","",""
"15010003","1","0","0","","0","0","90007229","90009147","0","0","0","0","0","(76000285,20)","(90052009)","","","0","71000001","(75320,25640,2368)","","","","","","","0","3","100","0","0","","","","","","","","","","","","","","","","","","","","","",""
"15010004","1","0","0","","0","0","90007229","90009146","0","0","0","0","0","(76000284,20)","(90052009)","","","0","71000001","(73210,24590,2278)","","","","","","","0","3","100","0","0","","","","","","","","","","","","","","","","","","","","","",""
"15010005","1","0","0","","0","0","90007229","90009380","0","0","0","0","0","(76004032,20)","(90052009)","","","0","71000001","(69610,26710,2298)","","","","","","","0","3","100","0","0","","","","","","","","","","","","","","","","","","","","","",""
"15010006","1","0","0","","0","0","90007229","90009148","0","0","0","0","0","(76000286,20)","(90052009)","","","0","71000001","(71930,25270,2308)","","","","","","","0","3","100","0","0","","","","","","","","","","","","","","","","","","","","","",""
"15010007","1","0","0","","0","0","90007229","90009149","0","0","0","0","0","(76000287,20)","(90052009)","","","0","71000001","(76550,14620,3798)","","","","","","","0","3","100","0","0","","","","","","","","","","","","","","","","","","","","","",""
"15010008","1","0","0","","0","0","90007229","90009150","0","0","0","0","0","(76000288,20)","(90052009)","","","0","71000001","(68363,12801,4498)","","","","","","","0","3","100","0","0","","","","","","","","","","","","","","","","","","","","","",""
"15010009","1","0","0","","0","0","90007229","90009367","0","0","0","0","0","(76001129,20)","(90052009)","","","0","71000001","(67869,30724,2349)","","","","","","","0","3","100","0","0","","","","","","","","","","","","","","","","","","","","","",""
"15010010","1","0","0","","0","0","90007229","90009366","0","0","0","0","0","(76001128,20)","(90052009)","","","0","71000001","(65709,28219,2298)","","","","","","","0","3","100","0","0","","","","","","","","","","","","","","","","","","","","","",""
"15010011","1","0","0","","0","0","90007229","90009380","0","0","0","0","0","(76004032,20)","(90052009)","","","0","71000001","(69610,26710,2298)","","","","","","","0","3","100","0","0","","","","","","","","","","","","","","","","","","","","","",""
"15010012","1","0","0","","0","0","90007229","90009148","0","0","0","0","0","(76000286,20)","(90052009)","","","0","71000001","(71930,25270,2308)","","","","","","","0","3","100","0","0","","","","","","","","","","","","","","","","","","","","","",""
"15010013","1","0","0","","0","0","90007229","90009149","0","0","0","0","0","(76000287,20)","(90052009)","","","0","71000001","(76550,14620,3798)","","","","","","","0","3","100","0","0","","","","","","","","","","","","","","","","","","","","","",""
"15010014","1","0","0","","0","0","90007229","90009150","0","0","0","0","0","(76000288,20)","(90052009)","","","0","71000001","(68363,12801,4498)","","","","","","","0","3","100","0","0","","","","","","","","","","","","","","","","","","","","","",""
"15010015","1","0","0","","0","0","90007229","90009151","0","0","0","0","0","(76000289,20)","(90052009)","","","0","71000001","(70680,8139,5268)","","","","","","","0","3","100","0","0","","","","","","","","","","","","","","","","","","","","","",""
"15010016","1","0","0","","0","0","90007229","90009366","0","0","0","0","0","(76001128,20)","(90052009)","","","0","71000001","(65709,28219,2298)","","","","","","","0","3","100","0","0","","","","","","","","","","","","","","","","","","","","","",""
"15010017","1","0","0","","0","0","90007229","90009367","0","0","0","0","0","(76001129,20)","(90052009)","","","0","71000001","(67869,30724,2349)","","","","","","","0","3","100","0","0","","","","","","","","","","","","","","","","","","","","","",""
"15010018","1","0","0","","0","0","90007229","90009368","0","0","0","0","0","(76001130,20)","(90052009)","","","0","71000001","(69225,31049,2304)","","","","","","","0","3","100","0","0","","","","","","","","","","","","","","","","","","","","","",""
"15010019","1","0","0","","0","0","90007229","90009137","0","0","0","0","0","(76000291,20)","(90052014)","","","0","71000001","(49070,98680,528)","","","","","","","0","3","100","0","0","","","","","","","","","","","","","","","","","","","","","",""
"15010020","1","0","0","","0","0","90007229","90009138","0","0","0","0","0","(76000292,20)","(90052014)","","","0","71000001","(52289,103799,548)","","","","","","","0","3","100","0","0","","","","","","","","","","","","","","","","","","","","","",""
"15010021","1","0","0","","0","0","90007229","90009366","0","0","0","0","0","(76001128,20)","(90052009)","","","0","71000001","(65709,28219,2298)","","","","","","","0","3","100","0","0","","","","","","","","","","","","","","","","","","","","","",""
"15010022","1","0","0","","0","0","90007229","90009367","0","0","0","0","0","(76001129,20)","(90052009)","","","0","71000001","(67869,30724,2349)","","","","","","","0","3","100","0","0","","","","","","","","","","","","","","","","","","","","","",""
"15010023","1","0","0","","0","0","90007229","90009368","0","0","0","0","0","(76001130,20)","(90052009)","","","0","71000001","(69225,31049,2304)","","","","","","","0","3","100","0","0","","","","","","","","","","","","","","","","","","","","","",""
"15010024","1","0","0","","0","0","90007229","90009137","0","0","0","0","0","(76000291,20)","(90052014)","","","0","71000001","(49070,98680,528)","","","","","","","0","3","100","0","0","","","","","","","","","","","","","","","","","","","","","",""
"15010025","1","0","0","","0","0","90007229","90009138","0","0","0","0","0","(76000292,20)","(90052014)","","","0","71000001","(52289,103799,548)","","","","","","","0","3","100","0","0","","","","","","","","","","","","","","","","","","","","","",""
"15010026","1","0","0","","0","0","90007229","90009139","0","0","0","0","0","(76000293,20)","(90052014)","","","0","71000001","(57100,99320,538)","","","","","","","0","3","100","0","0","","","","","","","","","","","","","","","","","","","","","",""
"15010027","1","0","0","","0","0","90007229","90009140","0","0","0","0","0","(76000294,20)","(90052014)","","","0","71000001","(64569,101850,548)","","","","","","","0","3","100","0","0","","","","","","","","","","","","","","","","","","","","","",""
"15010028","1","0","0","","0","0","90007229","90009369","0","0","0","0","0","(76001131,20)","(90052014)","","","0","71000001","(67721,104149,584)","","","","","","","0","3","100","0","0","","","","","","","","","","","","","","","","","","","","","",""
"15010029","1","0","0","","0","0","90007229","90009141","0","0","0","0","0","(76000295,20)","(90052014)","","","0","71000001","(55089,111559,1678)","","","","","","","0","3","100","0","0","","","","","","","","","","","","","","","","","","","","","",""
"15010030","1","0","0","","0","0","90007229","90009142","0","0","0","0","0","(76000296,20)","(90052014)","","","0","71000001","(56530,112568,1698)","","","","","","","0","3","100","0","0","","","","","","","","","","","","","","","","","","","","","",""
"15010031","1","0","0","","0","0","90007229","90009137","0","0","0","0","0","(76000291,20)","(90052014)","","","0","71000001","(49070,98680,528)","","","","","","","0","3","100","0","0","","","","","","","","","","","","","","","","","","","","","",""
"15010032","1","0","0","","0","0","90007229","90009138","0","0","0","0","0","(76000292,20)","(90052014)","","","0","71000001","(52289,103799,548)","","","","","","","0","3","100","0","0","","","","","","","","","","","","","","","","","","","","","",""
"15010033","1","0","0","","0","0","90007229","90009139","0","0","0","0","0","(76000293,20)","(90052014)","","","0","71000001","(57100,99320,538)","","","","","","","0","3","100","0","0","","","","","","","","","","","","","","","","","","","","","",""
"15010034","1","0","0","","0","0","90007229","90009140","0","0","0","0","0","(76000294,20)","(90052014)","","","0","71000001","(64569,101850,548)","","","","","","","0","3","100","0","0","","","","","","","","","","","","","","","","","","","","","",""
"15010035","1","0","0","","0","0","90007229","90009369","0","0","0","0","0","(76001131,20)","(90052014)","","","0","71000001","(67721,104149,584)","","","","","","","0","3","100","0","0","","","","","","","","","","","","","","","","","","","","","",""
"15010036","1","0","0","","0","0","90007229","90009141","0","0","0","0","0","(76000295,20)","(90052014)","","","0","71000001","(55089,111559,1678)","","","","","","","0","3","100","0","0","","","","","","","","","","","","","","","","","","","","","",""
"15010037","1","0","0","","0","0","90007229","90009142","0","0","0","0","0","(76000296,20)","(90052014)","","","0","71000001","(56530,112568,1698)","","","","","","","0","3","100","0","0","","","","","","","","","","","","","","","","","","","","","",""
"15010038","1","0","0","","0","0","90007229","90009143","0","0","0","0","0","(76000297,20)","(90052014)","","","0","71000001","(66030,112040,1678)","","","","","","","0","3","100","0","0","","","","","","","","","","","","","","","","","","","","","",""
"15010039","1","0","0","","0","0","90007229","90009144","0","0","0","0","0","(76000298,20)","(90052014)","","","0","71000001","(61190,98430,528)","","","","","","","0","3","100","0","0","","","","","","","","","","","","","","","","","","","","","",""
"15010040","1","0","0","","0","0","90007229","90009144","0","0","0","0","0","(76000298,20)","(90052014)","","","0","71000001","(61190,98430,528)","","","","","","","0","3","100","0","0","","","","","","","","","","","","","","","","","","","","","",""
"15010041","1","0","0","","0","0","90007229","90009139","0","0","0","0","0","(76000293,20)","(90052014)","","","0","71000001","(57100,99320,538)","","","","","","","0","3","100","0","0","","","","","","","","","","","","","","","","","","","","","",""
"15010042","1","0","0","","0","0","90007229","90009140","0","0","0","0","0","(76000294,20)","(90052014)","","","0","71000001","(64569,101850,548)","","","","","","","0","3","100","0","0","","","","","","","","","","","","","","","","","","","","","",""
"15010043","1","0","0","","0","0","90007229","90009369","0","0","0","0","0","(76001131,20)","(90052014)","","","0","71000001","(67721,104149,584)","","","","","","","0","3","100","0","0","","","","","","","","","","","","","","","","","","","","","",""
"15010044","1","0","0","","0","0","90007229","90009141","0","0","0","0","0","(76000295,20)","(90052014)","","","0","71000001","(55089,111559,1678)","","","","","","","0","3","100","0","0","","","","","","","","","","","","","","","","","","","","","",""
"15010045","1","0","0","","0","0","90007229","90009142","0","0","0","0","0","(76000296,20)","(90052014)","","","0","71000001","(56530,112568,1698)","","","","","","","0","3","100","0","0","","","","","","","","","","","","","","","","","","","","","",""
"15010046","1","0","0","","0","0","90007229","90009143","0","0","0","0","0","(76000297,20)","(90052014)","","","0","71000001","(66030,112040,1678)","","","","","","","0","3","100","0","0","","","","","","","","","","","","","","","","","","","","","",""
"15010047","1","0","0","","0","0","90007229","90009144","0","0","0","0","0","(76000298,20)","(90052014)","","","0","71000001","(61190,98430,528)","","","","","","","0","3","100","0","0","","","","","","","","","","","","","","","","","","","","","",""
"15010048","1","0","0","","0","0","90007229","90009111","0","0","0","0","0","(76000299,20)","(90052011)","","","0","71000001","(94440,43370,998)","","","","","","","0","3","100","0","0","","","","","","","","","","","","","","","","","","","","","",""
"15010049","1","0","0","","0","0","90007229","90009112","0","0","0","0","0","(76000300,20)","(90052011)","","","0","71000001","(97250,41179,1272)","","","","","","","0","3","100","0","0","","","","","","","","","","","","","","","","","","","","","",""
"15010050","1","0","0","","0","0","90007229","90009381","0","0","0","0","0","(76004042,20)","(90052011)","","","0","71000001","(98499,47180,1258)","","","","","","","0","3","100","0","0","","","","","","","","","","","","","","","","","","","","","",""
"15010051","1","0","0","","0","0","90007229","90009142","0","0","0","0","0","(76000296,20)","(90052014)","","","0","71000001","(56530,112568,1698)","","","","","","","0","3","100","0","0","","","","","","","","","","","","","","","","","","","","","",""
"15010052","1","0","0","","0","0","90007229","90009143","0","0","0","0","0","(76000297,20)","(90052014)","","","0","71000001","(66030,112040,1678)","","","","","","","0","3","100","0","0","","","","","","","","","","","","","","","","","","","","","",""
"15010053","1","0","0","","0","0","90007229","90009144","0","0","0","0","0","(76000298,20)","(90052014)","","","0","71000001","(61190,98430,528)","","","","","","","0","3","100","0","0","","","","","","","","","","","","","","","","","","","","","",""
"15010054","1","0","0","","0","0","90007229","90009111","0","0","0","0","0","(76000299,20)","(90052011)","","","0","71000001","(94440,43370,998)","","","","","","","0","3","100","0","0","","","","","","","","","","","","","","","","","","","","","",""
"15010055","1","0","0","","0","0","90007229","90009112","0","0","0","0","0","(76000300,20)","(90052011)","","","0","71000001","(97250,41179,1272)","","","","","","","0","3","100","0","0","","","","","","","","","","","","","","","","","","","","","",""
"15010056","1","0","0","","0","0","90007229","90009381","0","0","0","0","0","(76004042,20)","(90052011)","","","0","71000001","(98499,47180,1258)","","","","","","","0","3","100","0","0","","","","","","","","","","","","","","","","","","","","","",""
"15010057","1","0","0","","0","0","90007229","90009370","0","0","0","0","0","(76001142,20)","(90052011)","","","0","71000001","(98450,43769,1258)","","","","","","","0","3","100","0","0","","","","","","","","","","","","","","","","","","","","","",""
"15010058","1","0","0","","0","0","90007229","90009371","0","0","0","0","0","(76001143,20)","(90052011)","","","0","71000001","(99279,41369,1258)","","","","","","","0","3","100","0","0","","","","","","","","","","","","","","","","","","","","","",""
"15010059","1","0","0","","0","0","90007229","90009113","0","0","0","0","0","(76000301,20)","(90052011)","","","0","71000001","(102620,42370,1288)","","","","","","","0","3","100","0","0","","","","","","","","","","","","","","","","","","","","","",""
"15010060","1","0","0","","0","0","90007229","90009114","0","0","0","0","0","(76000302,20)","(90052011)","","","0","71000001","(103610,39210,1268)","","","","","","","0","3","100","0","0","","","","","","","","","","","","","","","","","","","","","",""
"15010061","1","0","0","","0","0","90007229","90009112","0","0","0","0","0","(76000300,20)","(90052011)","","","0","71000001","(97250,41179,1272)","","","","","","","0","3","100","0","0","","","","","","","","","","","","","","","","","","","","","",""
"15010062","1","0","0","","0","0","90007229","90009381","0","0","0","0","0","(76004042,20)","(90052011)","","","0","71000001","(98499,47180,1258)","","","","","","","0","3","100","0","0","","","","","","","","","","","","","","","","","","","","","",""
"15010063","1","0","0","","0","0","90007229","90009370","0","0","0","0","0","(76001142,20)","(90052011)","","","0","71000001","(98450,43769,1258)","","","","","","","0","3","100","0","0","","","","","","","","","","","","","","","","","","","","","",""
"15010064","1","0","0","","0","0","90007229","90009371","0","0","0","0","0","(76001143,20)","(90052011)","","","0","71000001","(99279,41369,1258)","","","","","","","0","3","100","0","0","","","","","","","","","","","","","","","","","","","","","",""
"15010065","1","0","0","","0","0","90007229","90009113","0","0","0","0","0","(76000301,20)","(90052011)","","","0","71000001","(102770,42160,1288)","","","","","","","0","3","100","0","0","","","","","","","","","","","","","","","","","","","","","",""
"15010066","1","0","0","","0","0","90007229","90009114","0","0","0","0","0","(76000302,20)","(90052011)","","","0","71000001","(103610,39210,1268)","","","","","","","0","3","100","0","0","","","","","","","","","","","","","","","","","","","","","",""
"15010067","1","0","0","","0","0","90007229","90009115","0","0","0","0","0","(76000303,20)","(90052011)","","","0","71000001","(96740,35470,1277)","","","","","","","0","3","100","0","0","","","","","","","","","","","","","","","","","","","","","",""
"15010068","1","0","0","","0","0","90007229","90009116","0","0","0","0","0","(76000304,20)","(90052011)","","","0","71000001","(97650,26050,1267)","","","","","","","0","3","100","0","0","","","","","","","","","","","","","","","","","","","","","",""
"15010069","1","0","0","","0","0","90007229","90009117","0","0","0","0","0","(76000305,20)","(90052011)","","","0","71000001","(105140,22230,1961)","","","","","","","0","3","100","0","0","","","","","","","","","","","","","","","","","","","","","",""
"15010070","1","0","0","","0","0","90007229","90009118","0","0","0","0","0","(76000306,20)","(90052011)","","","0","71000001","(104120,20980,1976)","","","","","","","0","3","100","0","0","","","","","","","","","","","","","","","","","","","","","",""
"15010071","1","0","0","","0","0","90007229","90009120","0","0","0","0","0","(76000308,20)","(90052011)","","","0","71000001","(110093,20255,683)","","","","","","","0","3","100","0","0","","","","","","","","","","","","","","","","","","","","","",""
"15010072","1","0","0","","0","0","90007229","90009119","0","0","0","0","0","(76000307,20)","(90052011)","","","0","71000001","(105570,17920,1968)","","","","","","","0","3","100","0","0","","","","","","","","","","","","","","","","","","","","","",""
"15010073","1","0","0","","0","0","90007229","90009122","0","0","0","0","0","(76000310,20)","(90052011)","","","0","71000001","(111330,23750,638)","","","","","","","0","3","100","0","0","","","","","","","","","","","","","","","","","","","","","",""
"15010074","1","0","0","","0","0","90007229","90009123","0","0","0","0","0","(76000311,20)","(90052006)","","","0","71000001","(15680,88450,288)","","","","","","","0","3","100","0","0","","","","","","","","","","","","","","","","","","","","","",""
"15010075","1","0","0","","0","0","90007229","90009124","0","0","0","0","0","(76000312,20)","(90052006)","","","0","71000001","(15830,89670,268)","","","","","","","0","3","100","0","0","","","","","","","","","","","","","","","","","","","","","",""
"15010076","1","0","0","","0","0","90007229","90009125","0","0","0","0","0","(76000313,20)","(90052006)","","","0","71000001","(15890,94690,288)","","","","","","","0","3","100","0","0","","","","","","","","","","","","","","","","","","","","","",""
"15010077","1","0","0","","0","0","90007229","90009126","0","0","0","0","0","(76000314,20)","(90052006)","","","0","71000001","(17210,97750,298)","","","","","","","0","3","100","0","0","","","","","","","","","","","","","","","","","","","","","",""
"15010078","1","0","0","","0","0","90007229","90009127","0","0","0","0","0","(76000315,20)","(90052006)","","","0","71000001","(21109,102120,268)","","","","","","","0","3","100","0","0","","","","","","","","","","","","","","","","","","","","","",""
"15010079","1","0","0","","0","0","90007229","90009128","0","0","0","0","0","(76000316,20)","(90052006)","","","0","71000001","(20239,106030,258)","","","","","","","0","3","100","0","0","","","","","","","","","","","","","","","","","","","","","",""
"15010080","1","0","0","","0","0","90007229","90009129","0","0","0","0","0","(76000317,20)","(90052006)","","","0","71000001","(14070,106460,258)","","","","","","","0","3","100","0","0","","","","","","","","","","","","","","","","","","","","","",""
"15010081","1","0","0","","0","0","90007229","90009129","0","0","0","0","0","(76000317,20)","(90052006)","","","0","71000001","(14070,106460,258)","","","","","","","0","3","100","0","0","","","","","","","","","","","","","","","","","","","","","",""
"15010082","1","0","0","","0","0","90007229","90009130","0","0","0","0","0","(76000318,20)","(90052006)","","","0","71000001","(15500,104550,278)","","","","","","","0","3","100","0","0","","","","","","","","","","","","","","","","","","","","","",""
"15010083","1","0","0","","0","0","90007229","90009153","0","0","0","0","0","(76000330,20)","(90052006)","","","0","71000001","(12630,105140,288)","","","","","","","0","3","100","0","0","","","","","","","","","","","","","","","","","","","","","",""
"15010084","1","0","0","","0","0","90007229","90009131","0","0","0","0","0","(76000319,20)","(90052006)","","","0","71000001","(12019,102191,278)","","","","","","","0","3","100","0","0","","","","","","","","","","","","","","","","","","","","","",""
"15010085","1","0","0","","0","0","90007229","90009133","0","0","0","0","0","(76000321,20)","(90052006)","","","0","71000001","(8900,105010,558)","","","","","","","0","3","100","0","0","","","","","","","","","","","","","","","","","","","","","",""
"15010086","1","0","0","","0","0","90007229","90009134","0","0","0","0","0","(76000322,20)","(90052006)","","","0","71000001","(7920,103100,558)","","","","","","","0","3","100","0","0","","","","","","","","","","","","","","","","","","","","","",""
"15010087","1","0","0","","0","0","90007229","90009156","0","0","0","0","0","(76000525,20)","(90052082)","","","0","71000001","(23078,137689,1328)","","","","","","","0","3","100","0","0","","","","","","","","","","","","","","","","","","","","","",""
"15010088","1","0","0","","0","0","90007229","90009136","0","0","0","0","0","(76000324,20)","(90052006)","","","0","71000001","(1469,104980,908)","","","","","","","0","3","100","0","0","","","","","","","","","","","","","","","","","","","","","",""
"15010089","1","0","0","","0","0","90007229","90009132","0","0","0","0","0","(76000320,20)","(90052006)","","","0","71000001","(9940,101710,278)","","","","","","","0","3","100","0","0","","","","","","","","","","","","","","","","","","","","","",""
"15010090","1","0","0","","0","0","90007229","90009155","0","0","0","0","0","(76000524,20)","(90052082)","","","0","71000001","(24268,136389,1328)","","","","","","","0","3","100","0","0","","","","","","","","","","","","","","","","","","","","","",""
"15010091","1","0","0","","0","0","90007229","90009155","0","0","0","0","0","(76000524,20)","(90052082)","","","0","71000001","(24268,136389,1328)","","","","","","","0","3","100","0","0","","","","","","","","","","","","","","","","","","","","","",""
"15010092","1","0","0","","0","0","90007229","90009156","0","0","0","0","0","(76000525,20)","(90052082)","","","0","71000001","(23078,137689,1328)","","","","","","","0","3","100","0","0","","","","","","","","","","","","","","","","","","","","","",""
"15010093","1","0","0","","0","0","90007229","90009157","0","0","0","0","0","(76000526,20)","(90052082)","","","0","71000001","(19990,138370,1248)","","","","","","","0","3","100","0","0","","","","","","","","","","","","","","","","","","","","","",""
"15010094","1","0","0","","0","0","90007229","90009159","0","0","0","0","0","(76000528,20)","(90052082)","","","0","71000001","(15658,131789,1328)","","","","","","","0","3","100","0","0","","","","","","","","","","","","","","","","","","","","","",""
"15010095","1","0","0","","0","0","90007229","90009160","0","0","0","0","0","(76000529,20)","(90052082)","","","0","71000001","(15880,137860,1248)","","","","","","","0","3","100","0","0","","","","","","","","","","","","","","","","","","","","","",""
"15010096","1","0","0","","0","0","90007229","90009161","0","0","0","0","0","(76000530,20)","(90052082)","","","0","71000001","(14468,140349,1208)","","","","","","","0","3","100","0","0","","","","","","","","","","","","","","","","","","","","","",""
"15010097","1","0","0","","0","0","90007229","90009162","0","0","0","0","0","(76000531,20)","(90052082)","","","0","71000001","(14230,134640,1248)","","","","","","","0","3","100","0","0","","","","","","","","","","","","","","","","","","","","","",""
"15010098","1","0","0","","0","0","90007229","90009163","0","0","0","0","0","(76000532,20)","(90052082)","","","0","71000001","(14710,143060,1248)","","","","","","","0","3","100","0","0","","","","","","","","","","","","","","","","","","","","","",""
"15010099","1","0","0","","0","0","90007229","90009164","0","0","0","0","0","(76000533,20)","(90052082)","","","0","71000001","(16510,140500,1248)","","","","","","","0","3","100","0","0","","","","","","","","","","","","","","","","","","","","","",""
"15010100","1","0","0","","0","0","90007229","90009378","0","0","0","0","0","(76000558,20)","(90052083)","","","0","71000001","(44050,133220,1788)","","","","","","","0","3","100","0","0","","","","","","","","","","","","","","","","","","","","","",""
"15010101","1","0","0","","0","0","90007229","90009378","0","0","0","0","0","(76000558,20)","(90052083)","","","0","71000001","(44050,133220,1788)","","","","","","","0","3","100","0","0","","","","","","","","","","","","","","","","","","","","","",""
"15010102","1","0","0","","0","0","90007229","90009379","0","0","0","0","0","(76000559,20)","(90052083)","","","0","71000001","(47000,134380,1788)","","","","","","","0","3","100","0","0","","","","","","","","","","","","","","","","","","","","","",""
"15010103","1","0","0","","0","0","90007229","90009166","0","0","0","0","0","(76000561,20)","(90052083)","","","0","71000001","(47540,132910,1798)","","","","","","","0","3","100","0","0","","","","","","","","","","","","","","","","","","","","","",""
"15010104","1","0","0","","0","0","90007229","90009167","0","0","0","0","0","(76000562,20)","(90052083)","","","0","71000001","(47910,137130,1628)","","","","","","","0","3","100","0","0","","","","","","","","","","","","","","","","","","","","","",""
"15010105","1","0","0","","0","0","90007229","90009168","0","0","0","0","0","(76000563,20)","(90052083)","","","0","71000001","(51940,139100,1628)","","","","","","","0","3","100","0","0","","","","","","","","","","","","","","","","","","","","","",""
"15010106","1","0","0","","0","0","90007229","90009170","0","0","0","0","0","(76000565,20)","(90052083)","","","0","71000001","(56480,132360,1628)","","","","","","","0","3","100","0","0","","","","","","","","","","","","","","","","","","","","","",""
"15010107","1","0","0","","0","0","90007229","90009171","0","0","0","0","0","(76000566,20)","(90052083)","","","0","71000001","(57080,129280,1628)","","","","","","","0","3","100","0","0","","","","","","","","","","","","","","","","","","","","","",""
"15010108","1","0","0","","0","0","90007229","90009172","0","0","0","0","0","(76000567,20)","(90052083)","","","0","71000001","(54140,142900,1628)","","","","","","","0","3","100","0","0","","","","","","","","","","","","","","","","","","","","","",""
"15010109","1","0","0","","0","0","90007229","90009173","0","0","0","0","0","(76000568,20)","(90052083)","","","0","71000001","(56151,150672,2448)","","","","","","","0","3","100","0","0","","","","","","","","","","","","","","","","","","","","","",""
"15010110","1","0","0","","0","0","90007229","90009174","0","0","0","0","0","(76000569,20)","(90052083)","","","0","71000001","(55077,147893,1837)","","","","","","","0","3","100","0","0","","","","","","","","","","","","","","","","","","","","","",""
"15010111","1","0","0","","0","0","90007229","90009173","0","0","0","0","0","(76000568,20)","(90052083)","","","0","71000001","(56151,150672,2448)","","","","","","","0","3","100","0","0","","","","","","","","","","","","","","","","","","","","","",""
"15010112","1","0","0","","0","0","90007229","90009174","0","0","0","0","0","(76000569,20)","(90052083)","","","0","71000001","(55077,147893,1837)","","","","","","","0","3","100","0","0","","","","","","","","","","","","","","","","","","","","","",""
"15010113","1","0","0","","0","0","90007229","90009175","0","0","0","0","0","(76000570,20)","(90052083)","","","0","71000001","(57580,145880,1538)","","","","","","","0","3","100","0","0","","","","","","","","","","","","","","","","","","","","","",""
"15010114","1","0","0","","0","0","90007229","90009176","0","0","0","0","0","(76000571,20)","(90052083)","","","0","71000001","(61992,147908,1529)","","","","","","","0","3","100","0","0","","","","","","","","","","","","","","","","","","","","","",""
"15010115","1","0","0","","0","0","90007229","90009183","0","0","0","0","0","(76000614,20)","(90052085)","","","0","71000001","(27527,159720,2639)","","","","","","","0","3","100","0","0","","","","","","","","","","","","","","","","","","","","","",""
"15010116","1","0","0","","0","0","90007229","90009178","0","0","0","0","0","(76000588,20)","(90052084)","","","0","71000001","(75889,136839,638)","","","","","","","0","3","100","0","0","","","","","","","","","","","","","","","","","","","","","",""
"15010117","1","0","0","","0","0","90007229","90009179","0","0","0","0","0","(76000589,20)","(90052084)","","","0","71000001","(77359,138620,638)","","","","","","","0","3","100","0","0","","","","","","","","","","","","","","","","","","","","","",""
"15010118","1","0","0","","0","0","90007229","90009180","0","0","0","0","0","(76000590,20)","(90052084)","","","0","71000001","(77380,135820,638)","","","","","","","0","3","100","0","0","","","","","","","","","","","","","","","","","","","","","",""
"15010119","1","0","0","","0","0","90007229","90009181","0","0","0","0","0","(76000591,20)","(90052084)","","","0","71000001","(79010,135520,638)","","","","","","","0","3","100","0","0","","","","","","","","","","","","","","","","","","","","","",""
"15010120","1","0","0","","0","0","90007229","90009182","0","0","0","0","0","(76000592,20)","(90052084)","","","0","71000001","(82170,136360,638)","","","","","","","0","3","100","0","0","","","","","","","","","","","","","","","","","","","","","",""
"15010121","1","0","0","","0","0","90007229","90009181","0","0","0","0","0","(76000591,20)","(90052084)","","","0","71000001","(79010,135520,638)","","","","","","","0","3","100","0","0","","","","","","","","","","","","","","","","","","","","","",""
"15010122","1","0","0","","0","0","90007229","90009182","0","0","0","0","0","(76000592,20)","(90052084)","","","0","71000001","(82170,136360,638)","","","","","","","0","3","100","0","0","","","","","","","","","","","","","","","","","","","","","",""
"15010123","1","0","0","","0","0","90007229","90009183","0","0","0","0","0","(76000614,20)","(90052085)","","","0","71000001","(27527,159720,2639)","","","","","","","0","3","100","0","0","","","","","","","","","","","","","","","","","","","","","",""
"15010124","1","0","0","","0","0","90007229","90009184","0","0","0","0","0","(76000615,20)","(90052085)","","","0","71000001","(22960,160157,2619)","","","","","","","0","3","100","0","0","","","","","","","","","","","","","","","","","","","","","",""
"15010125","1","0","0","","0","0","90007229","90009186","0","0","0","0","0","(76000617,20)","(90052085)","","","0","71000001","(19591,161432,2932)","","","","","","","0","3","100","0","0","","","","","","","","","","","","","","","","","","","","","",""
"15010126","1","0","0","","0","0","90007229","90009187","0","0","0","0","0","(76000618,20)","(90052085)","","","0","71000001","(17318,164993,2864)","","","","","","","0","3","100","0","0","","","","","","","","","","","","","","","","","","","","","",""
"15010127","1","0","0","","0","0","90007229","90009188","0","0","0","0","0","(76000619,20)","(90052085)","","","0","71000001","(12474,168272,2821)","","","","","","","0","3","100","0","0","","","","","","","","","","","","","","","","","","","","","",""
"15010128","1","0","0","","0","0","90007229","90009193","0","0","0","0","0","(76000624,20)","(90052085)","","","0","71000001","(17368,174319,2729)","","","","","","","0","3","100","0","0","","","","","","","","","","","","","","","","","","","","","",""
"15010129","1","0","0","","0","0","90007229","90009190","0","0","0","0","0","(76000621,20)","(90052085)","","","0","71000001","(24499,187639,2528)","","","","","","","0","3","100","0","0","","","","","","","","","","","","","","","","","","","","","",""
"15010130","1","0","0","","0","0","90007229","90009191","0","0","0","0","0","(76000622,20)","(90052085)","","","0","71000001","(31617,186848,2600)","","","","","","","0","3","100","0","0","","","","","","","","","","","","","","","","","","","","","",""
"15010131","1","0","0","","0","0","90007229","90009188","0","0","0","0","0","(76000619,20)","(90052085)","","","0","71000001","(12474,168272,2821)","","","","","","","0","3","100","0","0","","","","","","","","","","","","","","","","","","","","","",""
"15010132","1","0","0","","0","0","90007229","90009193","0","0","0","0","0","(76000624,20)","(90052085)","","","0","71000001","(17368,174319,2729)","","","","","","","0","3","100","0","0","","","","","","","","","","","","","","","","","","","","","",""
"15010133","1","0","0","","0","0","90007229","90009190","0","0","0","0","0","(76000621,20)","(90052085)","","","0","71000001","(24499,187639,2528)","","","","","","","0","3","100","0","0","","","","","","","","","","","","","","","","","","","","","",""
"15010134","1","0","0","","0","0","90007229","90009191","0","0","0","0","0","(76000622,20)","(90052085)","","","0","71000001","(31617,186848,2600)","","","","","","","0","3","100","0","0","","","","","","","","","","","","","","","","","","","","","",""
"15010135","1","0","0","","0","0","90007229","90009192","0","0","0","0","0","(76000623,20)","(90052085)","","","0","71000001","(30948,181329,2559)","","","","","","","0","3","100","0","0","","","","","","","","","","","","","","","","","","","","","",""
"15010136","1","0","0","","0","0","90007229","90009372","0","0","0","0","0","(76001152,20)","(90052085)","","","0","71000001","(32118,162880,2582)","","","","","","","0","3","100","0","0","","","","","","","","","","","","","","","","","","","","","",""
"15010137","1","0","0","","0","0","90007229","90009196","0","0","0","0","0","(76000627,20)","(90052085)","","","0","71000001","(36355,171459,2570)","","","","","","","0","3","100","0","0","","","","","","","","","","","","","","","","","","","","","",""
"15010138","1","0","0","","0","0","90007229","90009197","0","0","0","0","0","(76000628,20)","(90052085)","","","0","71000001","(37466,181497,2570)","","","","","","","0","3","100","0","0","","","","","","","","","","","","","","","","","","","","","",""
"15010139","1","0","0","","0","0","90007229","90009198","0","0","0","0","0","(76000639,20)","(90052086)","","","0","71000001","(57460,166820,1538)","","","","","","","0","3","100","0","0","","","","","","","","","","","","","","","","","","","","","",""
"15010140","1","0","0","","0","0","90007229","90009199","0","0","0","0","0","(76000640,20)","(90052086)","","","0","71000001","(60340,164100,1538)","","","","","","","0","3","100","0","0","","","","","","","","","","","","","","","","","","","","","",""
"15010141","1","0","0","","0","0","90007229","90009198","0","0","0","0","0","(76000639,20)","(90052086)","","","0","71000001","(57460,166820,1538)","","","","","","","0","3","100","0","0","","","","","","","","","","","","","","","","","","","","","",""
"15010142","1","0","0","","0","0","90007229","90009199","0","0","0","0","0","(76000640,20)","(90052086)","","","0","71000001","(60340,164100,1538)","","","","","","","0","3","100","0","0","","","","","","","","","","","","","","","","","","","","","",""
"15010143","1","0","0","","0","0","90007229","90009200","0","0","0","0","0","(76000661,20)","(90052087)","","","0","71000001","(86899,162539,138)","","","","","","","0","3","100","0","0","","","","","","","","","","","","","","","","","","","","","",""
"15010144","1","0","0","","0","0","90007229","90009201","0","0","0","0","0","(76000662,20)","(90052087)","","","0","71000001","(90311,157146,141)","","","","","","","0","3","100","0","0","","","","","","","","","","","","","","","","","","","","","",""
"15010145","1","0","0","","0","0","90007229","90009202","0","0","0","0","0","(76000663,20)","(90052087)","","","0","71000001","(94079,154730,138)","","","","","","","0","3","100","0","0","","","","","","","","","","","","","","","","","","","","","",""
"15010146","1","0","0","","0","0","90007229","90009373","0","0","0","0","0","(76001153,20)","(90052087)","","","0","71000001","(97360,156880,138)","","","","","","","0","3","100","0","0","","","","","","","","","","","","","","","","","","","","","",""
"15010147","1","0","0","","0","0","90007229","90009204","0","0","0","0","0","(76000665,20)","(90052087)","","","0","71000001","(87970,160739,138)","","","","","","","0","3","100","0","0","","","","","","","","","","","","","","","","","","","","","",""
"15010148","1","0","0","","0","0","90007229","90009205","0","0","0","0","0","(76000666,20)","(90052087)","","","0","71000001","(94789,161270,88)","","","","","","","0","3","100","0","0","","","","","","","","","","","","","","","","","","","","","",""
"15010149","1","0","0","","0","0","90007229","90009212","0","0","0","0","0","(76000680,20)","(90052088)","","","0","71000001","(59351,197477,6396)","","","","","","","0","3","100","0","0","","","","","","","","","","","","","","","","","","","","","",""
"15010150","1","0","0","","0","0","90007229","90009211","0","0","0","0","0","(76000679,20)","(90052088)","","","0","71000001","(59102,192938,5550)","","","","","","","0","3","100","0","0","","","","","","","","","","","","","","","","","","","","","",""
"15010151","1","0","0","","0","0","90007229","90009211","0","0","0","0","0","(76000679,20)","(90052088)","","","0","71000001","(59102,192938,5550)","","","","","","","0","3","100","0","0","","","","","","","","","","","","","","","","","","","","","",""
"15010152","1","0","0","","0","0","90007229","90009212","0","0","0","0","0","(76000680,20)","(90052088)","","","0","71000001","(59351,197477,6396)","","","","","","","0","3","100","0","0","","","","","","","","","","","","","","","","","","","","","",""
"15010153","1","0","0","","0","0","90007229","90009213","0","0","0","0","0","(76000681,20)","(90052088)","","","0","71000001","(57973,209258,6580)","","","","","","","0","3","100","0","0","","","","","","","","","","","","","","","","","","","","","",""
"15010154","1","0","0","","0","0","90007229","90009214","0","0","0","0","0","(76000711,20)","(90052089)","","","0","71000001","(196451,159560,4641)","","","","","","","0","3","100","0","0","","","","","","","","","","","","","","","","","","","","","",""
"15010155","1","0","0","","0","0","90007229","90009215","0","0","0","0","0","(76000712,20)","(90052089)","","","0","71000001","(193193,165221,4704)","","","","","","","0","3","100","0","0","","","","","","","","","","","","","","","","","","","","","",""
"15010156","1","0","0","","0","0","90007229","90009216","0","0","0","0","0","(76000713,20)","(90052089)","","","0","71000001","(189730,166130,4728)","","","","","","","0","3","100","0","0","","","","","","","","","","","","","","","","","","","","","",""
"15010157","1","0","0","","0","0","90007229","90009217","0","0","0","0","0","(76000714,20)","(90052089)","","","0","71000001","(188780,171200,4628)","","","","","","","0","3","100","0","0","","","","","","","","","","","","","","","","","","","","","",""
"15010158","1","0","0","","0","0","90007229","90009218","0","0","0","0","0","(76000715,20)","(90052089)","","","0","71000001","(186620,173950,4628)","","","","","","","0","3","100","0","0","","","","","","","","","","","","","","","","","","","","","",""
"15010159","1","0","0","","0","0","90007229","90009219","0","0","0","0","0","(76000716,20)","(90052089)","","","0","71000001","(189230,177090,4628)","","","","","","","0","3","100","0","0","","","","","","","","","","","","","","","","","","","","","",""
"15010160","1","0","0","","0","0","90007229","90009220","0","0","0","0","0","(76000717,20)","(90052089)","","","0","71000001","(186480,176910,4628)","","","","","","","0","3","100","0","0","","","","","","","","","","","","","","","","","","","","","",""
"15010161","1","0","0","","0","0","90007229","90009219","0","0","0","0","0","(76000716,20)","(90052089)","","","0","71000001","(189230,177090,4628)","","","","","","","0","3","100","0","0","","","","","","","","","","","","","","","","","","","","","",""
"15010162","1","0","0","","0","0","90007229","90009220","0","0","0","0","0","(76000717,20)","(90052089)","","","0","71000001","(186480,176910,4628)","","","","","","","0","3","100","0","0","","","","","","","","","","","","","","","","","","","","","",""
"15010163","1","0","0","","0","0","90007229","90009221","0","0","0","0","0","(76000718,20)","(90052089)","","","0","71000001","(186260,175070,4628)","","","","","","","0","3","100","0","0","","","","","","","","","","","","","","","","","","","","","",""
"15010164","1","0","0","","0","0","90007229","90009222","0","0","0","0","0","(76000719,20)","(90052089)","","","0","71000001","(183472,171661,4629)","","","","","","","0","3","100","0","0","","","","","","","","","","","","","","","","","","","","","",""
"15010165","1","0","0","","0","0","90007229","90009223","0","0","0","0","0","(76000720,20)","(90052089)","","","0","71000001","(183712,174339,4618)","","","","","","","0","3","100","0","0","","","","","","","","","","","","","","","","","","","","","",""
"15010166","1","0","0","","0","0","90007229","90009224","0","0","0","0","0","(76000721,20)","(90052089)","","","0","71000001","(183170,179599,5088)","","","","","","","0","3","100","0","0","","","","","","","","","","","","","","","","","","","","","",""
"15010167","1","0","0","","0","0","90007229","90009225","0","0","0","0","0","(76000722,20)","(90052089)","","","0","71000001","(177839,177749,5078)","","","","","","","0","3","100","0","0","","","","","","","","","","","","","","","","","","","","","",""
"15010168","1","0","0","","0","0","90007229","90009226","0","0","0","0","0","(76000723,20)","(90052089)","","","0","71000001","(177893,179658,5071)","","","","","","","0","3","100","0","0","","","","","","","","","","","","","","","","","","","","","",""
"15010169","1","0","0","","0","0","90007229","90009227","0","0","0","0","0","(76000724,20)","(90052089)","","","0","71000001","(180150,178830,5088)","","","","","","","0","3","100","0","0","","","","","","","","","","","","","","","","","","","","","",""
"15010170","1","0","0","","0","0","90007229","90009228","0","0","0","0","0","(76000725,20)","(90052089)","","","0","71000001","(178342,170056,4732)","","","","","","","0","3","100","0","0","","","","","","","","","","","","","","","","","","","","","",""
"15010171","1","0","0","","0","0","90007229","90009228","0","0","0","0","0","(76000725,20)","(90052089)","","","0","71000001","(178342,170056,4732)","","","","","","","0","3","100","0","0","","","","","","","","","","","","","","","","","","","","","",""
"15010172","1","0","0","","0","0","90007229","90009229","0","0","0","0","0","(76000749,20)","(90052090)","","","0","71000001","(168520,146670,1798)","","","","","","","0","3","100","0","0","","","","","","","","","","","","","","","","","","","","","",""
"15010173","1","0","0","","0","0","90007229","90009230","0","0","0","0","0","(76000750,20)","(90052090)","","","0","71000001","(165110,140450,1778)","","","","","","","0","3","100","0","0","","","","","","","","","","","","","","","","","","","","","",""
"15010174","1","0","0","","0","0","90007229","90009231","0","0","0","0","0","(76000751,20)","(90052090)","","","0","71000001","(160850,137260,1778)","","","","","","","0","3","100","0","0","","","","","","","","","","","","","","","","","","","","","",""
"15010175","1","0","0","","0","0","90007229","90009232","0","0","0","0","0","(76000752,20)","(90052090)","","","0","71000001","(161090,132709,1778)","","","","","","","0","3","100","0","0","","","","","","","","","","","","","","","","","","","","","",""
"15010176","1","0","0","","0","0","90007229","90009374","0","0","0","0","0","(76001163,20)","(90052090)","","","0","71000001","(164297,125598,1440)","","","","","","","0","3","100","0","0","","","","","","","","","","","","","","","","","","","","","",""
"15010177","1","0","0","","0","0","90007229","90009375","0","0","0","0","0","(76001164,20)","(90052090)","","","0","71000001","(162440,121139,1448)","","","","","","","0","3","100","0","0","","","","","","","","","","","","","","","","","","","","","",""
"15010178","1","0","0","","0","0","90007229","90009376","0","0","0","0","0","(76001165,20)","(90052090)","","","0","71000001","(165719,122329,1448)","","","","","","","0","3","100","0","0","","","","","","","","","","","","","","","","","","","","","",""
"15010179","1","0","0","","0","0","90007229","90009377","0","0","0","0","0","(76001166,20)","(90052090)","","","0","71000001","(166600,128529,1448)","","","","","","","0","3","100","0","0","","","","","","","","","","","","","","","","","","","","","",""
"15010180","1","0","0","","0","0","90007229","90009227","0","0","0","0","0","(76000724,20)","(90052089)","","","0","71000001","(180150,178830,5088)","","","","","","","0","3","100","0","0","","","","","","","","","","","","","","","","","","","","","",""
"15010181","1","0","0","","0","0","90007229","90009246","0","0","0","0","0","(76000793,20)","(90052091)","","","0","71000001","(137749,183280,2178)","","","","","","","0","3","100","0","0","","","","","","","","","","","","","","","","","","","","","",""
"15010182","1","0","0","","0","0","90007229","90009377","0","0","0","0","0","(76001166,20)","(90052090)","","","0","71000001","(166600,128529,1448)","","","","","","","0","3","100","0","0","","","","","","","","","","","","","","","","","","","","","",""
"15010183","1","0","0","","0","0","90007229","90009233","0","0","0","0","0","(76000753,20)","(90052090)","","","0","71000001","(166080,132909,1778)","","","","","","","0","3","100","0","0","","","","","","","","","","","","","","","","","","","","","",""
"15010184","1","0","0","","0","0","90007229","90009234","0","0","0","0","0","(76000754,20)","(90052090)","","","0","71000001","(170950,134480,1778)","","","","","","","0","3","100","0","0","","","","","","","","","","","","","","","","","","","","","",""
"15010185","1","0","0","","0","0","90007229","90009246","0","0","0","0","0","(76000793,20)","(90052091)","","","0","71000001","(137749,183280,2178)","","","","","","","0","3","100","0","0","","","","","","","","","","","","","","","","","","","","","",""
"15010186","1","0","0","","0","0","90007229","90009376","0","0","0","0","0","(76001165,20)","(90052090)","","","0","71000001","(165719,122329,1448)","","","","","","","0","3","100","0","0","","","","","","","","","","","","","","","","","","","","","",""
"15010187","1","0","0","","0","0","90007229","90009242","0","0","0","0","0","(76000789,20)","(90052091)","","","0","71000001","(152250,176510,2098)","","","","","","","0","3","100","0","0","","","","","","","","","","","","","","","","","","","","","",""
"15010188","1","0","0","","0","0","90007229","90009243","0","0","0","0","0","(76000790,20)","(90052091)","","","0","71000001","(149729,172990,2168)","","","","","","","0","3","100","0","0","","","","","","","","","","","","","","","","","","","","","",""
"15010189","1","0","0","","0","0","90007229","90009244","0","0","0","0","0","(76000791,20)","(90052091)","","","0","71000001","(149500,176259,2098)","","","","","","","0","3","100","0","0","","","","","","","","","","","","","","","","","","","","","",""
"15010190","1","0","0","","0","0","90007229","90009245","0","0","0","0","0","(76000792,20)","(90052091)","","","0","71000001","(142619,180369,2138)","","","","","","","0","3","100","0","0","","","","","","","","","","","","","","","","","","","","","",""
"15010191","1","0","0","","0","0","90007229","90009246","0","0","0","0","0","(76000793,20)","(90052091)","","","0","71000001","(138629,182390,2178)","","","","","","","0","3","100","0","0","","","","","","","","","","","","","","","","","","","","","",""
"15010192","1","0","0","","0","0","90007229","90009247","0","0","0","0","0","(76000794,20)","(90052091)","","","0","71000001","(130444,181753,2179)","","","","","","","0","3","100","0","0","","","","","","","","","","","","","","","","","","","","","",""
"15010193","1","0","0","","0","0","90007229","90009248","0","0","0","0","0","(76000795,20)","(90052091)","","","0","71000001","(130028,176659,2492)","","","","","","","0","3","100","0","0","","","","","","","","","","","","","","","","","","","","","",""
"15010194","1","0","0","","0","0","90007229","90009249","0","0","0","0","0","(76000796,20)","(90052091)","","","0","71000001","(127402,173446,3136)","","","","","","","0","3","100","0","0","","","","","","","","","","","","","","","","","","","","","",""
"15010195","1","0","0","","0","0","90007229","90009250","0","0","0","0","0","(76000797,20)","(90052091)","","","0","71000001","(124919,176330,2528)","","","","","","","0","3","100","0","0","","","","","","","","","","","","","","","","","","","","","",""
"15010196","1","0","0","","0","0","90007229","90009251","0","0","0","0","0","(76000798,20)","(90052091)","","","0","71000001","(134451,177432,2760)","","","","","","","0","3","100","0","0","","","","","","","","","","","","","","","","","","","","","",""
"15010197","1","0","0","","0","0","90007229","90009252","0","0","0","0","0","(76000799,20)","(90052091)","","","0","71000001","(133835,175843,2872)","","","","","","","0","3","100","0","0","","","","","","","","","","","","","","","","","","","","","",""
"15010198","1","0","0","","0","0","90007229","90009253","0","0","0","0","0","(76000800,20)","(90052091)","","","0","71000001","(133502,169547,3585)","","","","","","","0","3","100","0","0","","","","","","","","","","","","","","","","","","","","","",""
"15010199","1","0","0","","0","0","90007229","90009255","0","0","0","0","0","(76000802,20)","(90052091)","","","0","71000001","(137290,167620,3608)","","","","","","","0","3","100","0","0","","","","","","","","","","","","","","","","","","","","","",""
"15010200","1","0","0","","0","0","90007229","90009256","0","0","0","0","0","(76000803,20)","(90052091)","","","0","71000001","(120360,171980,2178)","","","","","","","0","3","100","0","0","","","","","","","","","","","","","","","","","","","","","",""
"15010201","1","0","0","","0","0","90007229","90009258","0","0","0","0","0","(76000829,20)","(90052092)","","","0","71000001","(125410,130850,1678)","","","","","","","0","3","100","0","0","","","","","","","","","","","","","","","","","","","","","",""
"15010202","1","0","0","","0","0","90007229","90009260","0","0","0","0","0","(76000831,20)","(90052092)","","","0","71000001","(115859,131529,1678)","","","","","","","0","3","100","0","0","","","","","","","","","","","","","","","","","","","","","",""
"15010203","1","0","0","","0","0","90007229","90009261","0","0","0","0","0","(76000832,20)","(90052092)","","","0","71000001","(118079,130729,1668)","","","","","","","0","3","100","0","0","","","","","","","","","","","","","","","","","","","","","",""
"15010204","1","0","0","","0","0","90007229","90009262","0","0","0","0","0","(76000833,20)","(90052092)","","","0","71000001","(121020,127010,1678)","","","","","","","0","3","100","0","0","","","","","","","","","","","","","","","","","","","","","",""
"15010205","1","0","0","","0","0","90007229","90009264","0","0","0","0","0","(76000835,20)","(90052092)","","","0","71000001","(120730,120560,1678)","","","","","","","0","3","100","0","0","","","","","","","","","","","","","","","","","","","","","",""
"15010206","1","0","0","","0","0","90007229","90009265","0","0","0","0","0","(76000836,20)","(90052092)","","","0","71000001","(123480,116310,1668)","","","","","","","0","3","100","0","0","","","","","","","","","","","","","","","","","","","","","",""
"15010207","1","0","0","","0","0","90007229","90009257","0","0","0","0","0","(76000828,20)","(90052092)","","","0","71000001","(129680,131810,1668)","","","","","","","0","3","100","0","0","","","","","","","","","","","","","","","","","","","","","",""
"15010208","1","0","0","","0","0","90007229","90009267","0","0","0","0","0","(76000838,20)","(90052092)","","","0","71000001","(123420,109759,1678)","","","","","","","0","3","100","0","0","","","","","","","","","","","","","","","","","","","","","",""
"15010209","1","0","0","","0","0","90007229","90009269","0","0","0","0","0","(76000853,20)","(90052093)","","","0","71000001","(195680,121430,1628)","","","","","","","0","3","100","0","0","","","","","","","","","","","","","","","","","","","","","",""
"15010210","1","0","0","","0","0","90007229","90009270","0","0","0","0","0","(76000854,20)","(90052093)","","","0","71000001","(198035,123844,1816)","","","","","","","0","3","100","0","0","","","","","","","","","","","","","","","","","","","","","",""
"15010211","1","0","0","","0","0","90007229","90009286","0","0","0","0","0","(76000903,20)","(90052094)","","","0","71000001","(133910,86870,1078)","","","","","","","0","3","100","0","0","","","","","","","","","","","","","","","","","","","","","",""
"15010212","1","0","0","","0","0","90007229","90009273","0","0","0","0","0","(76000857,20)","(90052093)","","","0","71000001","(196144,127633,2032)","","","","","","","0","3","100","0","0","","","","","","","","","","","","","","","","","","","","","",""
"15010213","1","0","0","","0","0","90007229","90009277","0","0","0","0","0","(76000894,20)","(90052094)","","","0","71000001","(132950,73130,1088)","","","","","","","0","3","100","0","0","","","","","","","","","","","","","","","","","","","","","",""
"15010214","1","0","0","","0","0","90007229","90009284","0","0","0","0","0","(76000901,20)","(90052094)","","","0","71000001","(134850,81880,1078)","","","","","","","0","3","100","0","0","","","","","","","","","","","","","","","","","","","","","",""
"15010215","1","0","0","","0","0","90007229","90009278","0","0","0","0","0","(76000895,20)","(90052094)","","","0","71000001","(129020,63580,1088)","","","","","","","0","3","100","0","0","","","","","","","","","","","","","","","","","","","","","",""
"15010216","1","0","0","","0","0","90007229","90009280","0","0","0","0","0","(76000897,20)","(90052094)","","","0","71000001","(134410,70920,1088)","","","","","","","0","3","100","0","0","","","","","","","","","","","","","","","","","","","","","",""
"15010217","1","0","0","","0","0","90007229","90009281","0","0","0","0","0","(76000898,20)","(90052094)","","","0","71000001","(132870,66669,1088)","","","","","","","0","3","100","0","0","","","","","","","","","","","","","","","","","","","","","",""
"15010218","1","0","0","","0","0","90007229","90009282","0","0","0","0","0","(76000899,20)","(90052094)","","","0","71000001","(130989,62680,1088)","","","","","","","0","3","100","0","0","","","","","","","","","","","","","","","","","","","","","",""
"15010219","1","0","0","","0","0","90007229","90009279","0","0","0","0","0","(76000896,20)","(90052094)","","","0","71000001","(132230,76710,1088)","","","","","","","0","3","100","0","0","","","","","","","","","","","","","","","","","","","","","",""
"15010220","1","0","0","","0","0","90007229","90009283","0","0","0","0","0","(76000900,20)","(90052094)","","","0","71000001","(134780,80100,1088)","","","","","","","0","3","100","0","0","","","","","","","","","","","","","","","","","","","","","",""
"15010221","1","0","0","","0","0","90007229","90009287","0","0","0","0","0","(76000904,20)","(90052094)","","","0","71000001","(126820,84950,1078)","","","","","","","0","3","100","0","0","","","","","","","","","","","","","","","","","","","","","",""
"15010222","1","0","0","","0","0","90007229","90009289","0","0","0","0","0","(76000906,20)","(90052094)","","","0","71000001","(123150,78960,1078)","","","","","","","0","3","100","0","0","","","","","","","","","","","","","","","","","","","","","",""
"15010223","1","0","0","","0","0","90007229","90009298","0","0","0","0","0","(76000931,20)","(90052095)","","","0","71000001","(139759,40310,798)","","","","","","","0","3","100","0","0","","","","","","","","","","","","","","","","","","","","","",""
"15010224","1","0","0","","0","0","90007229","90009290","0","0","0","0","0","(76000939,20)","(90052095)","","","0","71000001","(157149,31320,798)","","","","","","","0","3","100","0","0","","","","","","","","","","","","","","","","","","","","","",""
"15010225","1","0","0","","0","0","90007229","90009295","0","0","0","0","0","(76000936,20)","(90052095)","","","0","71000001","(148830,27690,798)","","","","","","","0","3","100","0","0","","","","","","","","","","","","","","","","","","","","","",""
"15010226","1","0","0","","0","0","90007229","90009296","0","0","0","0","0","(76000937,20)","(90052095)","","","0","71000001","(151620,27710,798)","","","","","","","0","3","100","0","0","","","","","","","","","","","","","","","","","","","","","",""
"15010227","1","0","0","","0","0","90007229","90009300","0","0","0","0","0","(76000941,20)","(90052095)","","","0","71000001","(157640,35680,798)","","","","","","","0","3","100","0","0","","","","","","","","","","","","","","","","","","","","","",""
"15010228","1","0","0","","0","0","90007229","90009301","0","0","0","0","0","(76000942,20)","(90052095)","","","0","71000001","(158220,41320,798)","","","","","","","0","3","100","0","0","","","","","","","","","","","","","","","","","","","","","",""
"15010229","1","0","0","","0","0","90007229","90009302","0","0","0","0","0","(76000943,20)","(90052095)","","","0","71000001","(151020,45919,798)","","","","","","","0","3","100","0","0","","","","","","","","","","","","","","","","","","","","","",""
"15010230","1","0","0","","0","0","90007229","90009303","0","0","0","0","0","(76000944,20)","(90052095)","","","0","71000001","(144550,45089,798)","","","","","","","0","3","100","0","0","","","","","","","","","","","","","","","","","","","","","",""
"15010231","1","0","0","","0","0","90007229","90009305","0","0","0","0","0","(76000972,20)","(90052096)","","","0","71000001","(180200,20680,3218)","","","","","","","0","3","100","0","0","","","","","","","","","","","","","","","","","","","","","",""
"15010232","1","0","0","","0","0","90007229","90009306","0","0","0","0","0","(76000973,20)","(90052096)","","","0","71000001","(184950,21370,3218)","","","","","","","0","3","100","0","0","","","","","","","","","","","","","","","","","","","","","",""
"15010233","1","0","0","","0","0","90007229","90009308","0","0","0","0","0","(76000975,20)","(90052096)","","","0","71000001","(189549,24509,3218)","","","","","","","0","3","100","0","0","","","","","","","","","","","","","","","","","","","","","",""
"15010234","1","0","0","","0","0","90007229","90009310","0","0","0","0","0","(76000977,20)","(90052096)","","","0","71000001","(191350,34049,3218)","","","","","","","0","3","100","0","0","","","","","","","","","","","","","","","","","","","","","",""
"15010235","1","0","0","","0","0","90007229","90009311","0","0","0","0","0","(76000978,20)","(90052096)","","","0","71000001","(190720,35819,3188)","","","","","","","0","3","100","0","0","","","","","","","","","","","","","","","","","","","","","",""
"15010236","1","0","0","","0","0","90007229","90009313","0","0","0","0","0","(76000980,20)","(90052096)","","","0","71000001","(183060,39199,3188)","","","","","","","0","3","100","0","0","","","","","","","","","","","","","","","","","","","","","",""
"15010237","1","0","0","","0","0","90007229","90009315","0","0","0","0","0","(76000982,20)","(90052096)","","","0","71000001","(177661,46786,3235)","","","","","","","0","3","100","0","0","","","","","","","","","","","","","","","","","","","","","",""
"15010238","1","0","0","","0","0","90007229","90009317","0","0","0","0","0","(76000984,20)","(90052096)","","","0","71000001","(185870,50510,3218)","","","","","","","0","3","100","0","0","","","","","","","","","","","","","","","","","","","","","",""
"15010239","1","0","0","","0","0","90007229","90009319","0","0","0","0","0","(76000986,20)","(90052096)","","","0","71000001","(191840,46480,3188)","","","","","","","0","3","100","0","0","","","","","","","","","","","","","","","","","","","","","",""
"15010240","1","0","0","","0","0","90007229","90009320","0","0","0","0","0","(76000987,20)","(90052096)","","","0","71000001","(197680,38780,3218)","","","","","","","0","3","100","0","0","","","","","","","","","","","","","","","","","","","","","",""
"15010241","1","0","0","","0","0","90007229","90009323","0","0","0","0","0","(76001024,20)","(90052097)","","","0","71000001","(224890,30350,3768)","","","","","","","0","3","100","0","0","","","","","","","","","","","","","","","","","","","","","",""
"15010242","1","0","0","","0","0","90007229","90009325","0","0","0","0","0","(76001026,20)","(90052097)","","","0","71000001","(227980,29880,3768)","","","","","","","0","3","100","0","0","","","","","","","","","","","","","","","","","","","","","",""
"15010243","1","0","0","","0","0","90007229","90009326","0","0","0","0","0","(76001027,20)","(90052097)","","","0","71000001","(234630,31270,3768)","","","","","","","0","3","100","0","0","","","","","","","","","","","","","","","","","","","","","",""
"15010244","1","0","0","","0","0","90007229","90009327","0","0","0","0","0","(76001028,20)","(90052097)","","","0","71000001","(234450,29690,3768)","","","","","","","0","3","100","0","0","","","","","","","","","","","","","","","","","","","","","",""
"15010245","1","0","0","","0","0","90007229","90009328","0","0","0","0","0","(76001029,20)","(90052097)","","","0","71000001","(234370,25440,3768)","","","","","","","0","3","100","0","0","","","","","","","","","","","","","","","","","","","","","",""
"15010246","1","0","0","","0","0","90007229","90009330","0","0","0","0","0","(76001031,20)","(90052097)","","","0","71000001","(230660,22280,3768)","","","","","","","0","3","100","0","0","","","","","","","","","","","","","","","","","","","","","",""
"15010247","1","0","0","","0","0","90007229","90009333","0","0","0","0","0","(76001034,20)","(90052097)","","","0","71000001","(236040,23130,3768)","","","","","","","0","3","100","0","0","","","","","","","","","","","","","","","","","","","","","",""
"15010248","1","0","0","","0","0","90007229","90009332","0","0","0","0","0","(76001033,20)","(90052097)","","","0","71000001","(229840,18650,3768)","","","","","","","0","3","100","0","0","","","","","","","","","","","","","","","","","","","","","",""
"15010249","1","0","0","","0","0","90007229","90009331","0","0","0","0","0","(76001032,20)","(90052097)","","","0","71000001","(229340,22120,3768)","","","","","","","0","3","100","0","0","","","","","","","","","","","","","","","","","","","","","",""
"15010250","1","0","0","","0","0","90007229","90009334","0","0","0","0","0","(76001035,20)","(90052097)","","","0","71000001","(225530,19730,3768)","","","","","","","0","3","100","0","0","","","","","","","","","","","","","","","","","","","","","",""
"15010251","1","0","0","","0","0","90007229","90009339","0","0","0","0","0","(76001064,20)","(90052098)","","","0","71000001","(226120,61880,1318)","","","","","","","0","3","100","0","0","","","","","","","","","","","","","","","","","","","","","",""
"15010252","1","0","0","","0","0","90007229","90009341","0","0","0","0","0","(76001066,20)","(90052098)","","","0","71000001","(220080,64600,1318)","","","","","","","0","3","100","0","0","","","","","","","","","","","","","","","","","","","","","",""
"15010253","1","0","0","","0","0","90007229","90009340","0","0","0","0","0","(76001065,20)","(90052098)","","","0","71000001","(222500,63760,1318)","","","","","","","0","3","100","0","0","","","","","","","","","","","","","","","","","","","","","",""
"15010254","1","0","0","","0","0","90007229","90009342","0","0","0","0","0","(76001067,20)","(90052098)","","","0","71000001","(218680,68120,1318)","","","","","","","0","3","100","0","0","","","","","","","","","","","","","","","","","","","","","",""
"15010255","1","0","0","","0","0","90007229","90009345","0","0","0","0","0","(76001070,20)","(90052098)","","","0","71000001","(227830,74480,2058)","","","","","","","0","3","100","0","0","","","","","","","","","","","","","","","","","","","","","",""
"15010256","1","0","0","","0","0","90007229","90009344","0","0","0","0","0","(76001069,20)","(90052098)","","","0","71000001","(226300,76840,2058)","","","","","","","0","3","100","0","0","","","","","","","","","","","","","","","","","","","","","",""
"15010257","1","0","0","","0","0","90007229","90009346","0","0","0","0","0","(76001071,20)","(90052098)","","","0","71000001","(220690,76500,2058)","","","","","","","0","3","100","0","0","","","","","","","","","","","","","","","","","","","","","",""
"15010258","1","0","0","","0","0","90007229","90009349","0","0","0","0","0","(76001074,20)","(90052098)","","","0","71000001","(211280,75860,1318)","","","","","","","0","3","100","0","0","","","","","","","","","","","","","","","","","","","","","",""
"15010259","1","0","0","","0","0","90007229","90009350","0","0","0","0","0","(76001075,20)","(90052098)","","","0","71000001","(207400,77460,1318)","","","","","","","0","3","100","0","0","","","","","","","","","","","","","","","","","","","","","",""
"15010260","1","0","0","","0","0","90007229","90009351","0","0","0","0","0","(76001076,20)","(90052098)","","","0","71000001","(211990,85290,1318)","","","","","","","0","3","100","0","0","","","","","","","","","","","","","","","","","","","","","",""
"15010261","1","0","0","","0","0","90007229","90009353","0","0","0","0","0","(76001105,20)","(90052099)","","","0","71000001","(154480,75620,1088)","","","","","","","0","3","100","0","0","","","","","","","","","","","","","","","","","","","","","",""
"15010262","1","0","0","","0","0","90007229","90009354","0","0","0","0","0","(76001106,20)","(90052099)","","","0","71000001","(156151,69641,1089)","","","","","","","0","3","100","0","0","","","","","","","","","","","","","","","","","","","","","",""
"15010263","1","0","0","","0","0","90007229","90009355","0","0","0","0","0","(76001107,20)","(90052099)","","","0","71000001","(161410,67150,1088)","","","","","","","0","3","100","0","0","","","","","","","","","","","","","","","","","","","","","",""
"15010264","1","0","0","","0","0","90007229","90009356","0","0","0","0","0","(76001108,20)","(90052099)","","","0","71000001","(166200,71180,1648)","","","","","","","0","3","100","0","0","","","","","","","","","","","","","","","","","","","","","",""
"15010265","1","0","0","","0","0","90007229","90009357","0","0","0","0","0","(76001109,20)","(90052099)","","","0","71000001","(165370,72450,1648)","","","","","","","0","3","100","0","0","","","","","","","","","","","","","","","","","","","","","",""
"15010266","1","0","0","","0","0","90007229","90009358","0","0","0","0","0","(76001110,20)","(90052099)","","","0","71000001","(167779,68081,1088)","","","","","","","0","3","100","0","0","","","","","","","","","","","","","","","","","","","","","",""
"15010267","1","0","0","","0","0","90007229","90009359","0","0","0","0","0","(76001111,20)","(90052099)","","","0","71000001","(175935,71243,1091)","","","","","","","0","3","100","0","0","","","","","","","","","","","","","","","","","","","","","",""
"15010268","1","0","0","","0","0","90007229","90009360","0","0","0","0","0","(76001112,20)","(90052099)","","","0","71000001","(173261,73680,1567)","","","","","","","0","3","100","0","0","","","","","","","","","","","","","","","","","","","","","",""
"15010269","1","0","0","","0","0","90007229","90009361","0","0","0","0","0","(76001113,20)","(90052099)","","","0","71000001","(177000,81229,3088)","","","","","","","0","3","100","0","0","","","","","","","","","","","","","","","","","","","","","",""
"15010270","1","0","0","","0","0","90007229","90009362","0","0","0","0","0","(76001114,20)","(90052099)","","","0","71000001","(179580,84209,3088)","","","","","","","0","3","100","0","0","","","","","","","","","","","","","","","","","","","","","",""
"15010271","1","0","0","","0","0","90007229","90009363","0","0","0","0","0","(76004216,30)","(90052011)","","","0","71000001","(105830,40060,1280)","","","","","","","0","3","100","0","0","","","","","","","","","","","","","","","","","","","","","",""
"15010272","1","0","0","","0","0","90007229","90009364","0","0","0","0","0","(76004215,30)","(90052011)","","","0","71000001","(100720,39400,1260)","","","","","","","0","3","100","0","0","","","","","","","","","","","","","","","","","","","","","",""
"15010273","1","0","0","","0","0","90007229","90009365","0","0","0","0","0","(76004217,30)","(90052099)","","","0","71000001","(161909,72550,1660)","","","","","","","0","3","100","0","0","","","","","","","","","","","","","","","","","","","","","",""
"15010274","1","0","0","","0","0","90007229","90009366","0","0","0","0","0","(76004218,30)","(90052093)","","","0","71000001","(202129,132120,1650)","","","","","","","0","3","100","0","0","","","","","","","","","","","","","","","","","","","","","",""
"15010275","1","0","0","","0","0","90007229","90009367","0","0","0","0","0","(76004219,30)","(90052086)","","","0","71000001","(52269,169860,1550)","","","","","","","0","3","100","0","0","","","","","","","","","","","","","","","","","","","","","",""
"15010276","1","0","0","","0","0","90007229","90009368","0","0","0","0","0","(76004220,30)","(90052097)","","","0","71000001","(217760,74150,2130)","","","","","","","0","3","100","0","0","","","","","","","","","","","","","","","","","","","","","",""
"15010277","1","0","0","","0","0","90007229","90009369","0","0","0","0","0","(76004221,30)","(90052009)","","","0","71000001","(29712,176874,2725)","","","","","","","0","3","100","0","0","","","","","","","","","","","","","","","","","","","","","",""
"15010278","1","0","0","","0","0","90007229","90009370","0","0","0","0","0","(76004222,30)","(90052009)","","","0","71000001","(70152,8678,5275)","","","","","","","0","3","100","0","0","","","","","","","","","","","","","","","","","","","","","",""
"15010279","1","0","0","","0","0","90007229","90009371","0","0","0","0","0","(76004223,30)","(90052009)","","","0","71000001","(69205,7110,5245)","","","","","","","0","3","100","0","0","","","","","","","","","","","","","","","","","","","","","",""
"15010280","1","0","0","","0","0","90007229","90009372","0","0","0","0","0","(76004220,30)","(90052097)","","","0","71000001","(217760,74150,2130)","","","","","","","0","3","100","0","0","","","","","","","","","","","","","","","","","","","","","",""
"15010281","1","0","0","","0","0","90007229","90009373","0","0","0","0","0","(76004224,30)","(90052009)","","","0","71000001","(71970,7310,5270)","","","","","","","0","3","100","0","0","","","","","","","","","","","","","","","","","","","","","",""
"15010282","1","0","0","","0","0","90007229","90009374","0","0","0","0","0","(76004225,30)","(90052011)","","","0","71000001","(98310,45510,1280)","","","","","","","0","3","100","0","0","","","","","","","","","","","","","","","","","","","","","",""
"15010283","1","0","0","","0","0","90007229","90009375","0","0","0","0","0","(76004226,30)","(90052011)","","","0","71000001","(94970,18980,690)","","","","","","","0","3","100","0","0","","","","","","","","","","","","","","","","","","","","","",""
"15010284","1","0","0","","0","0","90007229","90009376","0","0","0","0","0","(76004227,30)","(90052011)","","","0","71000001","(94370,21400,690)","","","","","","","0","3","100","0","0","","","","","","","","","","","","","","","","","","","","","",""
"15010285","1","0","0","","0","0","90007229","90009377","0","0","0","0","0","(76004228,30)","(90052096)","","","0","71000001","(191800,29490,3270)","","","","","","","0","3","100","0","0","","","","","","","","","","","","","","","","","","","","","",""
"15010286","1","0","0","","0","0","90007229","90009378","0","0","0","0","0","(76004226,30)","(90052011)","","","0","71000001","(94970,18980,690)","","","","","","","0","3","100","0","0","","","","","","","","","","","","","","","","","","","","","",""
"15010287","1","0","0","","0","0","90007229","90009379","0","0","0","0","0","(76004319,30)","(90052096)","","","0","71000001","(193680,34110,3290)","","","","","","","0","3","100","0","0","","","","","","","","","","","","","","","","","","","","","",""
"15010288","1","0","0","","0","0","90007229","90009380","0","0","0","0","0","(76004321,30)","(90052098)","","","0","71000001","(224420,75640,2080)","","","","","","","0","3","100","0","0","","","","","","","","","","","","","","","","","","","","","",""
"15010289","1","0","0","","0","0","90007229","90009381","0","0","0","0","0","(76004226,30)","(90052011)","","","0","71000001","(94970,18980,690)","","","","","","","0","3","100","0","0","","","","","","","","","","","","","","","","","","","","","",""
"15010290","1","0","0","","0","0","90007229","90009382","0","0","0","0","0","(76004227,30)","(90052004)","","","0","71000001","(94370,21400,690)","","","","","","","0","3","100","0","0","","","","","","","","","","","","","","","","","","","","","",""
"15010291","1","0","0","","0","0","90007229","90009383","0","0","0","0","0","(76004320,30)","(90052096)","","","0","71000001","(194510,38380,3290)","","","","","","","0","3","100","0","0","","","","","","","","","","","","","","","","","","","","","",""
"15010292","1","0","0","","0","0","90007229","90009384","0","0","0","0","0","(76004319,30)","(90052096)","","","0","71000001","(193680,34110,3290)","","","","","","","0","3","100","0","0","","","","","","","","","","","","","","","","","","","","","",""
"15010293","1","0","0","","0","0","90007229","90009385","0","0","0","0","0","(76004225,30)","(90052011)","","","0","71000001","(98310,45510,1280)","","","","","","","0","3","100","0","0","","","","","","","","","","","","","","","","","","","","","",""
"15010294","1","0","0","","0","0","90007229","90009386","0","0","0","0","0","(76004322,30)","(90052009)","","","0","71000001","(73102,13208,3825)","","","","","","","0","3","100","0","0","","","","","","","","","","","","","","","","","","","","","",""
"15010295","1","0","0","","0","0","90007229","90009387","0","0","0","0","0","(76004321,30)","(90052098)","","","0","71000001","(224420,75640,2080)","","","","","","","0","3","100","0","0","","","","","","","","","","","","","","","","","","","","","",""
"15010296","1","0","0","","0","0","90007229","","0","0","0","0","0","(76004330,20)","(90052103)","","","0","71010100","(46136,19966,2220)","","","","","","","0","3","100","0","0","","","","","","","","","","","","","","","","","","","","","",""
"15010297","1","0","0","","0","0","90007229","","0","0","0","0","0","(76004329,30)","(90052103)","","","0","71010100","(45846,18722,2220)","","","","","","","0","3","100","0","0","","","","","","","","","","","","","","","","","","","","","",""
"15010298","1","0","0","","0","0","90007229","","0","0","0","0","0","(76004328,30)","(90052103)","","","0","71010100","(44635,19714,2220)","","","","","","","0","3","100","0","0","","","","","","","","","","","","","","","","","","","","","",""
"15010299","1","0","0","","0","0","90007229","","0","0","0","0","0","(76004330,20)","(90052103)","","","0","71010100","(46136,19966,2220)","","","","","","","0","3","100","0","0","","","","","","","","","","","","","","","","","","","","","",""
"15010300","1","0","0","","0","0","90007229","","0","0","0","0","0","(76004327,30)","(90052103)","","","0","71010100","(43815,18392,2205)","","","","","","","0","3","100","0","0","","","","","","","","","","","","","","","","","","","","","",""
"15010301","1","0","0","","0","0","90007229","","0","0","0","0","0","(76004337,30)","(90052119)","","","0","71010100","(45949,68944,1726)","","","","","","","0","3","100","0","0","","","","","","","","","","","","","","","","","","","","","",""
"15010302","1","0","0","","0","0","90007229","","0","0","0","0","0","(76004334,20)","(90052105)","","","0","71010100","(57131,32299,1229)","","","","","","","0","3","100","0","0","","","","","","","","","","","","","","","","","","","","","",""
"15010303","1","0","0","","0","0","90007229","","0","0","0","0","0","(76004336,20)","(90052105)","","","0","71010100","(47902,67225,1951)","","","","","","","0","3","100","0","0","","","","","","","","","","","","","","","","","","","","","",""
"15010304","1","0","0","","0","0","90007229","","0","0","0","0","0","(76004333,30)","(90052105)","","","0","71010100","(55402,31582,1162)","","","","","","","0","3","100","0","0","","","","","","","","","","","","","","","","","","","","","",""
"15010305","1","0","0","","0","0","90007229","","0","0","0","0","0","(76004338,20)","(90052119)","","","0","71010100","(47882,69505,1726)","","","","","","","0","3","100","0","0","","","","","","","","","","","","","","","","","","","","","",""
"15010306","1","0","0","","0","0","90007229","","0","0","0","0","0","(76004343,30)","(90052108)","","","0","71010100","(46901,55080,1184)","","","","","","","0","3","100","0","0","","","","","","","","","","","","","","","","","","","","","",""
"15010307","1","0","0","","0","0","90007229","","0","0","0","0","0","(76004342,30)","(90052106)","","","0","71010100","(39456,33689,509)","","","","","","","0","3","100","0","0","","","","","","","","","","","","","","","","","","","","","",""
"15010308","1","0","0","","0","0","90007229","","0","0","0","0","0","(76004344,20)","(90052104)","","","0","71010100","(48112,36194,676)","","","","","","","0","3","100","0","0","","","","","","","","","","","","","","","","","","","","","",""
"15010309","1","0","0","","0","0","90007229","","0","0","0","0","0","(76004346,30)","(90052112)","","","0","71010100","(66311,42315,1506)","","","","","","","0","3","100","0","0","","","","","","","","","","","","","","","","","","","","","",""
"15010310","1","0","0","","0","0","90007229","","0","0","0","0","0","(76004345,30)","(90052104)","","","0","71010100","(51026,48107,1497)","","","","","","","0","3","100","0","0","","","","","","","","","","","","","","","","","","","","","",""
"15010311","1","0","0","","0","0","90007229","","0","0","0","0","0","(76004363,30)","(90052104)","","","0","71010100","(52833,46368,1507)","","","","","","","0","3","100","0","0","","","","","","","","","","","","","","","","","","","","","",""
"15010312","1","0","0","","0","0","90007229","","0","0","0","0","0","(76004362,30)","(90052104)","","","0","71010100","(48626,58092,1206)","","","","","","","0","3","100","0","0","","","","","","","","","","","","","","","","","","","","","",""
"15010313","1","0","0","","0","0","90007229","","0","0","0","0","0","(76004378,30)","(90052107)","","","0","71010100","(36314,41898,1131)","","","","","","","0","3","100","0","0","","","","","","","","","","","","","","","","","","","","","",""
"15010314","1","0","0","","0","0","90007229","","0","0","0","0","0","(76004375,20)","(90052104)","","","0","71010100","(50211,38220,1476)","","","","","","","0","3","100","0","0","","","","","","","","","","","","","","","","","","","","","",""
"15010315","1","0","0","","0","0","90007229","","0","0","0","0","0","(76004364,30)","(90052108)","","","0","71010100","(48021,55713,1173)","","","","","","","0","3","100","0","0","","","","","","","","","","","","","","","","","","","","","",""
"15010316","1","0","0","","0","0","90007229","","0","0","0","0","0","(76004376,20)","(90052107)","","","0","71010100","(37773,41345,1120)","","","","","","","0","3","100","0","0","","","","","","","","","","","","","","","","","","","","","",""
"15010317","1","0","0","","0","0","90007229","","0","0","0","0","0","(76004367,20)","(90052104)","","","0","71010100","(44799,40831,1617)","","","","","","","0","3","100","0","0","","","","","","","","","","","","","","","","","","","","","",""
"15010318","1","0","0","","0","0","90007229","","0","0","0","0","0","(76004363,30)","(90052104)","","","0","71010100","(52833,46368,1507)","","","","","","","0","3","100","0","0","","","","","","","","","","","","","","","","","","","","","",""
"15010319","1","0","0","","0","0","90007229","","0","0","0","0","0","(76004364,30)","(90052108)","","","0","71010100","(48021,55713,1173)","","","","","","","0","3","100","0","0","","","","","","","","","","","","","","","","","","","","","",""
"15010320","1","0","0","","0","0","90007229","","0","0","0","0","0","(76004375,20)","(90052104)","","","0","71010100","(50211,38220,1476)","","","","","","","0","3","100","0","0","","","","","","","","","","","","","","","","","","","","","",""
"15010321","1","0","0","","0","0","90007229","","0","0","0","0","0","(76004345,20)","(90052103)","","","0","71010100","(51026,48107,1497)","","","","","","","0","3","100","0","0","","","","","","","","","","","","","","","","","","","","","",""
"15010322","1","0","0","","0","0","90007229","","0","0","0","0","0","(76004346,20)","(90052112)","","","0","71010100","(66311,42315,1506)","","","","","","","0","3","100","0","0","","","","","","","","","","","","","","","","","","","","","",""
"15010323","1","0","0","","0","0","90007229","","0","0","0","0","0","(76004347,20)","(90052112)","","","0","71010100","(64892,44799,1493)","","","","","","","0","3","100","0","0","","","","","","","","","","","","","","","","","","","","","",""
"15010324","1","0","0","","0","0","90007229","","0","0","0","0","0","(76004345,20)","(90052103)","","","0","71010100","(51026,48107,1497)","","","","","","","0","3","100","0","0","","","","","","","","","","","","","","","","","","","","","",""
"15010325","1","0","0","","0","0","90007229","","0","0","0","0","0","(76004346,20)","(90052112)","","","0","71010100","(66311,42315,1506)","","","","","","","0","3","100","0","0","","","","","","","","","","","","","","","","","","","","","",""
"15010326","1","0","0","","0","0","90007229","","0","0","0","0","0","(76004348,30)","(90052114)","","","0","71010100","(62670,63916,2221)","","","","","","","0","3","100","0","0","","","","","","","","","","","","","","","","","","","","","",""
"15010327","1","0","0","","0","0","90007229","","0","0","0","0","0","(76004347,30)","(90052112)","","","0","71010100","(64892,44799,1493)","","","","","","","0","3","100","0","0","","","","","","","","","","","","","","","","","","","","","",""
"15010328","1","0","0","","0","0","90007229","","0","0","0","0","0","(76004349,20)","(90052114)","","","0","71010100","(66165,63363,2184)","","","","","","","0","3","100","0","0","","","","","","","","","","","","","","","","","","","","","",""
"15010329","1","0","0","","0","0","90007229","","0","0","0","0","0","(76004351,20)","(90052112)","","","0","71010100","(62251,44163,1520)","","","","","","","0","3","100","0","0","","","","","","","","","","","","","","","","","","","","","",""
"15010330","1","0","0","","0","0","90007229","","0","0","0","0","0","(76004350,20)","(90052112)","","","0","71010100","(64365,41620,1582)","","","","","","","0","3","100","0","0","","","","","","","","","","","","","","","","","","","","","",""
"15010331","1","0","0","","0","0","90007229","","0","0","0","0","0","(76004356,30)","(90052113)","","","0","71010100","(79313,71818,2461)","","","","","","","0","3","100","0","0","","","","","","","","","","","","","","","","","","","","","",""
"15010332","1","0","0","","0","0","90007229","","0","0","0","0","0","(76004353,20)","(90052111)","","","0","71010100","(70113,37155,736)","","","","","","","0","3","100","0","0","","","","","","","","","","","","","","","","","","","","","",""
"15010333","1","0","0","","0","0","90007229","","0","0","0","0","0","(76004352,30)","(90052112)","","","0","71010100","(68025,44011,1522)","","","","","","","0","3","100","0","0","","","","","","","","","","","","","","","","","","","","","",""
"15010334","1","0","0","","0","0","90007229","","0","0","0","0","0","(76004357,20)","(90052113)","","","0","71010100","(78447,68776,2228)","","","","","","","0","3","100","0","0","","","","","","","","","","","","","","","","","","","","","",""
"15010335","1","0","0","","0","0","90007229","","0","0","0","0","0","(76004358,20)","(90052111)","","","0","71010100","(73108,35988,873)","","","","","","","0","3","100","0","0","","","","","","","","","","","","","","","","","","","","","",""
"15010336","1","0","0","","0","0","90007229","","0","0","0","0","0","(76004363,30)","(90052104)","","","0","71010100","(52833,46368,1507)","","","","","","","0","3","100","0","0","","","","","","","","","","","","","","","","","","","","","",""
"15010337","1","0","0","","0","0","90007229","","0","0","0","0","0","(76004362,20)","(90052108)","","","0","71010100","(48626,58092,1206)","","","","","","","0","3","100","0","0","","","","","","","","","","","","","","","","","","","","","",""
"15010338","1","0","0","","0","0","90007229","","0","0","0","0","0","(76004361,30)","(90052109)","","","0","71010100","(78938,44677,3360)","","","","","","","0","3","100","0","0","","","","","","","","","","","","","","","","","","","","","",""
"15010339","1","0","0","","0","0","90007229","","0","0","0","0","0","(76004364,20)","(90052108)","","","0","71010100","(48021,55713,1173)","","","","","","","0","3","100","0","0","","","","","","","","","","","","","","","","","","","","","",""
"15010340","1","0","0","","0","0","90007229","","0","0","0","0","0","(76004365,20)","(90052109)","","","0","71010100","(79166,45431,3489)","","","","","","","0","3","100","0","0","","","","","","","","","","","","","","","","","","","","","",""
"15010341","1","0","0","","0","0","90007229","","0","0","0","0","0","(76004366,20)","(90052109)","","","0","71010100","(78721,60257,2497)","","","","","","","0","3","100","0","0","","","","","","","","","","","","","","","","","","","","","",""
"15010342","1","0","0","","0","0","90007229","","0","0","0","0","0","(76004385,30)","(90052110)","","","0","71010100","(93546,43184,2720)","","","","","","","0","3","100","0","0","","","","","","","","","","","","","","","","","","","","","",""
"15010343","1","0","0","","0","0","90007229","","0","0","0","0","0","(76004384,20)","(90052110)","","","0","71010100","(76008,56260,2499)","","","","","","","0","3","100","0","0","","","","","","","","","","","","","","","","","","","","","",""
"15010344","1","0","0","","0","0","90007229","","0","0","0","0","0","(76004367,30)","(90052104)","","","0","71010100","(44799,40831,1617)","","","","","","","0","3","100","0","0","","","","","","","","","","","","","","","","","","","","","",""
"15010345","1","0","0","","0","0","90007229","","0","0","0","0","0","(76004371,20)","(90052109)","","","0","71010100","(84675,47089,2876)","","","","","","","0","3","100","0","0","","","","","","","","","","","","","","","","","","","","","",""
"15010346","1","0","0","","0","0","90007229","","0","0","0","0","0","(76004386,20)","(90052116)","","","0","71010100","(58922,82868,1702)","","","","","","","0","3","100","0","0","","","","","","","","","","","","","","","","","","","","","",""
"15010347","1","0","0","","0","0","90007229","","0","0","0","0","0","(76004387,30)","(90052116)","","","0","71010100","(60084,84032,1702)","","","","","","","0","3","100","0","0","","","","","","","","","","","","","","","","","","","","","",""
"15010348","1","0","0","","0","0","90007229","","0","0","0","0","0","(76004388,20)","(90052116)","","","0","71010100","(48977,81836,2683)","","","","","","","0","3","100","0","0","","","","","","","","","","","","","","","","","","","","","",""
"15010349","1","0","0","","0","0","90007229","","0","0","0","0","0","(76004389,30)","(90052116)","","","0","71010100","(52120,79343,2782)","","","","","","","0","3","100","0","0","","","","","","","","","","","","","","","","","","","","","",""
"15010350","1","0","0","","0","0","90007229","","0","0","0","0","0","(76004390,20)","(90052116)","","","0","71010100","(41527,78630,2707)","","","","","","","0","3","100","0","0","","","","","","","","","","","","","","","","","","","","","",""
"15010351","1","0","0","","0","0","90007229","","0","0","0","0","0","(76004391,20)","(90052115)","","","0","71010100","(44044,79127,2648)","","","","","","","0","3","100","0","0","","","","","","","","","","","","","","","","","","","","","",""
"15010352","1","0","0","","0","0","90007229","","0","0","0","0","0","(76004392,30)","(90052115)","","","0","71010100","(49398,84817,2703)","","","","","","","0","3","100","0","0","","","","","","","","","","","","","","","","","","","","","",""
"15010353","1","0","0","","0","0","90007229","","0","0","0","0","0","(76004393,20)","(90052115)","","","0","71010100","(47685,76844,2713)","","","","","","","0","3","100","0","0","","","","","","","","","","","","","","","","","","","","","",""
"15010354","1","0","0","","0","0","90007229","","0","0","0","0","0","(76004394,30)","(90052115)","","","0","71010100","(50078,77771,2815)","","","","","","","0","3","100","0","0","","","","","","","","","","","","","","","","","","","","","",""
"15010355","1","0","0","","0","0","90007229","","0","0","0","0","0","(76004395,20)","(90052115)","","","0","71010100","(49755,82945,2674)","","","","","","","0","3","100","0","0","","","","","","","","","","","","","","","","","","","","","",""
"15010356","1","0","0","","0","0","90007229","","0","0","0","0","0","(76004407,20)","(90052117)","","","0","71010100","(79742,82206,912)","","","","","","","0","3","100","0","0","","","","","","","","","","","","","","","","","","","","","",""
"15010357","1","0","0","","0","0","90007229","","0","0","0","0","0","(76004408,30)","(90052117)","","","0","71010100","(51731,94866,1205)","","","","","","","0","3","100","0","0","","","","","","","","","","","","","","","","","","","","","",""
"15010358","1","0","0","","0","0","90007229","","0","0","0","0","0","(76004409,20)","(90052117)","","","0","71010100","(52852,81545,2664)","","","","","","","0","3","100","0","0","","","","","","","","","","","","","","","","","","","","","",""
"15010359","1","0","0","","0","0","90007229","","0","0","0","0","0","(76004410,30)","(90052117)","","","0","71010100","(83369,82437,870)","","","","","","","0","3","100","0","0","","","","","","","","","","","","","","","","","","","","","",""
"15010360","1","0","0","","0","0","90007229","","0","0","0","0","0","(76004411,20)","(90052117)","","","0","71010100","(55014,97019,1200)","","","","","","","0","3","100","0","0","","","","","","","","","","","","","","","","","","","","","",""
"15020001","2","0","0","","0","0","90007230","0","0","0","0","0","0","(76000313,20)","(90052006)","","","0","71000001","(15890,94690,288)","","","","","","","0","3","500","","70503001","","","","","","","","","","","","","","","","","","","","","",""
"15020002","2","0","0","","0","0","90007230","0","0","0","0","0","0","(76000314,20)","(90052006)","","","0","71000001","(17210,97750,298)","","","","","","","0","3","500","","70503001","","","","","","","","","","","","","","","","","","","","","",""
"15020003","2","0","0","","0","0","90007230","0","0","0","0","0","0","(76000315,20)","(90052006)","","","0","71000001","(21109,102120,268)","","","","","","","0","3","500","","70503001","","","","","","","","","","","","","","","","","","","","","",""
"15020004","2","0","0","","0","0","90007230","0","0","0","0","0","0","(76000317,20)","(90052006)","","","0","71000001","(14070,106460,258)","","","","","","","0","3","500","","70503001","","","","","","","","","","","","","","","","","","","","","",""
"15020005","2","0","0","","0","0","90007230","0","0","0","0","0","0","(76000318,20)","(90052006)","","","0","71000001","(15500,104550,278)","","","","","","","0","3","500","","70503001","","","","","","","","","","","","","","","","","","","","","",""
"15020006","2","0","0","","0","0","90007230","0","0","0","0","0","0","(76000319,20)","(90052006)","","","0","71000001","(12019,102191,278)","","","","","","","0","3","500","","70503001","","","","","","","","","","","","","","","","","","","","","",""
"15020007","2","0","0","","0","0","90007230","0","0","0","0","0","0","(76000320,20)","(90052006)","","","0","71000001","(9940,101710,278)","","","","","","","0","3","500","","70503001","","","","","","","","","","","","","","","","","","","","","",""
"15020008","2","0","0","","0","0","90007230","0","0","0","0","0","0","(76000321,20)","(90052006)","","","0","71000001","(8900,105010,558)","","","","","","","0","3","500","","70503001","","","","","","","","","","","","","","","","","","","","","",""
"15020009","2","0","0","","0","0","90007230","0","0","0","0","0","0","(76000322,20)","(90052006)","","","0","71000001","(7920,103100,558)","","","","","","","0","3","500","","70503001","","","","","","","","","","","","","","","","","","","","","",""
"15020010","2","0","0","","0","0","90007230","0","0","0","0","0","0","(76000324,20)","(90052006)","","","0","71000001","(1469,104980,908)","","","","","","","0","3","500","","70503001","","","","","","","","","","","","","","","","","","","","","",""
"15020011","2","0","0","","0","0","90007230","0","0","0","0","0","0","(76000319,20)","(90052006)","","","0","71000001","(12019,102191,278)","","","","","","","0","3","500","","70503001","","","","","","","","","","","","","","","","","","","","","",""
"15020012","2","0","0","","0","0","90007230","0","0","0","0","0","0","(76000320,20)","(90052006)","","","0","71000001","(9940,101710,278)","","","","","","","0","3","500","","70503001","","","","","","","","","","","","","","","","","","","","","",""
"15020013","2","0","0","","0","0","90007230","0","0","0","0","0","0","(76000321,20)","(90052006)","","","0","71000001","(8900,105010,558)","","","","","","","0","3","500","","70503001","","","","","","","","","","","","","","","","","","","","","",""
"15020014","2","0","0","","0","0","90007230","0","0","0","0","0","0","(76000322,20)","(90052006)","","","0","71000001","(7920,103100,558)","","","","","","","0","3","500","","70503001","","","","","","","","","","","","","","","","","","","","","",""
"15020015","2","0","0","","0","0","90007230","0","0","0","0","0","0","(76000324,20)","(90052006)","","","0","71000001","(1469,104980,908)","","","","","","","0","3","500","","70503001","","","","","","","","","","","","","","","","","","","","","",""
"15020016","2","0","0","","0","0","90007230","0","0","0","0","0","0","(76000318,20)","(90052006)","","","0","71000001","(15500,104550,278)","","","","","","","0","3","500","","70503001","","","","","","","","","","","","","","","","","","","","","",""
"15020017","2","0","0","","0","0","90007230","0","0","0","0","0","0","(76000330,20)","(90052006)","","","0","71000001","(12630,105140,288)","","","","","","","0","3","500","","70503001","","","","","","","","","","","","","","","","","","","","","",""
"15020018","2","0","0","","0","0","90007230","0","0","0","0","0","0","(76000319,20)","(90052006)","","","0","71000001","(12019,102191,278)","","","","","","","0","3","500","","70503001","","","","","","","","","","","","","","","","","","","","","",""
"15020019","2","0","0","","0","0","90007230","0","0","0","0","0","0","(76000321,20)","(90052006)","","","0","71000001","(8900,105010,558)","","","","","","","0","3","500","","70503001","","","","","","","","","","","","","","","","","","","","","",""
"15020020","2","0","0","","0","0","90007230","0","0","0","0","0","0","(76000321,20)","(90052006)","","","0","71000001","(8900,105010,558)","","","","","","","0","3","500","","70503001","","","","","","","","","","","","","","","","","","","","","",""
"15020021","2","0","0","","0","0","90007230","0","0","0","0","0","0","(76000322,20)","(90052006)","","","0","71000001","(7920,103100,558)","","","","","","","0","3","500","","70503001","","","","","","","","","","","","","","","","","","","","","",""
"15020022","2","0","0","","0","0","90007230","0","0","0","0","0","0","(76000324,20)","(90052006)","","","0","71000001","(1469,104980,908)","","","","","","","0","3","500","","70503001","","","","","","","","","","","","","","","","","","","","","",""
"15020023","2","0","0","","0","0","90007230","0","0","0","0","0","0","(76000320,20)","(90052006)","","","0","71000001","(9940,101710,278)","","","","","","","0","3","500","","70503001","","","","","","","","","","","","","","","","","","","","","",""
"15020024","2","0","0","","0","0","90007230","0","0","0","0","0","0","(76000524,20)","(90052082)","","","0","71000001","(24268,136389,1328)","","","","","","","0","3","500","","70503001","","","","","","","","","","","","","","","","","","","","","",""
"15020025","2","0","0","","0","0","90007230","0","0","0","0","0","0","(76000524,20)","(90052006)","","","0","71000001","(24268,136389,1328)","","","","","","","0","3","500","","70503001","","","","","","","","","","","","","","","","","","","","","",""
"15020026","2","0","0","","0","0","90007230","0","0","0","0","0","0","(76000525,20)","(90052082)","","","0","71000001","(23078,137689,1328)","","","","","","","0","3","500","","70503001","","","","","","","","","","","","","","","","","","","","","",""
"15020027","2","0","0","","0","0","90007230","0","0","0","0","0","0","(76000526,20)","(90052082)","","","0","71000001","(19990,138370,1248)","","","","","","","0","3","500","","70503001","","","","","","","","","","","","","","","","","","","","","",""
"15020028","2","0","0","","0","0","90007230","0","0","0","0","0","0","(76000528,20)","(90052082)","","","0","71000001","(15658,131789,1328)","","","","","","","0","3","500","","70503001","","","","","","","","","","","","","","","","","","","","","",""
"15020029","2","0","0","","0","0","90007230","0","0","0","0","0","0","(76000529,20)","(90052082)","","","0","71000001","(15880,137860,1248)","","","","","","","0","3","500","","70503001","","","","","","","","","","","","","","","","","","","","","",""
"15020030","2","0","0","","0","0","90007230","0","0","0","0","0","0","(76000530,20)","(90052082)","","","0","71000001","(14468,140349,1208)","","","","","","","0","3","500","","70503001","","","","","","","","","","","","","","","","","","","","","",""
"15020031","2","0","0","","0","0","90007230","0","0","0","0","0","0","(76000531,20)","(90052082)","","","0","71000001","(14230,134640,1248)","","","","","","","0","3","500","","70503001","","","","","","","","","","","","","","","","","","","","","",""
"15020032","2","0","0","","0","0","90007230","0","0","0","0","0","0","(76000532,20)","(90052082)","","","0","71000001","(14710,143060,1248)","","","","","","","0","3","500","","70503001","","","","","","","","","","","","","","","","","","","","","",""
"15020033","2","0","0","","0","0","90007230","0","0","0","0","0","0","(76000533,20)","(90052082)","","","0","71000001","(16510,140500,1248)","","","","","","","0","3","500","","70503001","","","","","","","","","","","","","","","","","","","","","",""
"15020034","2","0","0","","0","0","90007230","0","0","0","0","0","0","(76000558,20)","(90052083)","","","0","71000001","(44050,133220,1788)","","","","","","","0","3","500","","70503001","","","","","","","","","","","","","","","","","","","","","",""
"15020035","2","0","0","","0","0","90007230","0","0","0","0","0","0","(76000558,20)","(90052082)","","","0","71000001","(44050,133220,1788)","","","","","","","0","3","500","","70503001","","","","","","","","","","","","","","","","","","","","","",""
"15020036","2","0","0","","0","0","90007230","0","0","0","0","0","0","(76000558,20)","(90052083)","","","0","71000001","(44050,133220,1788)","","","","","","","0","3","500","","70503001","","","","","","","","","","","","","","","","","","","","","",""
"15020037","2","0","0","","0","0","90007230","0","0","0","0","0","0","(76000559,20)","(90052083)","","","0","71000001","(47000,134380,1788)","","","","","","","0","3","500","","70503001","","","","","","","","","","","","","","","","","","","","","",""
"15020038","2","0","0","","0","0","90007230","0","0","0","0","0","0","(76000561,20)","(90052083)","","","0","71000001","(47540,132910,1798)","","","","","","","0","3","500","","70503001","","","","","","","","","","","","","","","","","","","","","",""
"15020039","2","0","0","","0","0","90007230","0","0","0","0","0","0","(76000562,20)","(90052083)","","","0","71000001","(47910,137130,1628)","","","","","","","0","3","500","","70503001","","","","","","","","","","","","","","","","","","","","","",""
"15020040","2","0","0","","0","0","90007230","0","0","0","0","0","0","(76000563,20)","(90052083)","","","0","71000001","(51940,139100,1628)","","","","","","","0","3","500","","70503001","","","","","","","","","","","","","","","","","","","","","",""
"15020041","2","0","0","","0","0","90007230","0","0","0","0","0","0","(76000565,20)","(90052083)","","","0","71000001","(56480,132360,1628)","","","","","","","0","3","500","","70503001","","","","","","","","","","","","","","","","","","","","","",""
"15020042","2","0","0","","0","0","90007230","0","0","0","0","0","0","(76000566,20)","(90052083)","","","0","71000001","(57080,129280,1628)","","","","","","","0","3","500","","70503001","","","","","","","","","","","","","","","","","","","","","",""
"15020043","2","0","0","","0","0","90007230","0","0","0","0","0","0","(76000567,20)","(90052083)","","","0","71000001","(54140,142900,1628)","","","","","","","0","3","500","","70503001","","","","","","","","","","","","","","","","","","","","","",""
"15020044","2","0","0","","0","0","90007230","0","0","0","0","0","0","(76000568,20)","(90052083)","","","0","71000001","(56151,150672,2448)","","","","","","","0","3","500","","70503001","","","","","","","","","","","","","","","","","","","","","",""
"15020045","2","0","0","","0","0","90007230","0","0","0","0","0","0","(76000569,20)","(90052083)","","","0","71000001","(55077,147893,1837)","","","","","","","0","3","500","","70503001","","","","","","","","","","","","","","","","","","","","","",""
"15020046","2","0","0","","0","0","90007230","0","0","0","0","0","0","(76000568,20)","(90052083)","","","0","71000001","(56151,150672,2448)","","","","","","","0","3","500","","70503001","","","","","","","","","","","","","","","","","","","","","",""
"15020047","2","0","0","","0","0","90007230","0","0","0","0","0","0","(76000569,20)","(90052083)","","","0","71000001","(55077,147893,1837)","","","","","","","0","3","500","","70503001","","","","","","","","","","","","","","","","","","","","","",""
"15020048","2","0","0","","0","0","90007230","0","0","0","0","0","0","(76000570,20)","(90052083)","","","0","71000001","(57580,145880,1538)","","","","","","","0","3","500","","70503001","","","","","","","","","","","","","","","","","","","","","",""
"15020049","2","0","0","","0","0","90007230","0","0","0","0","0","0","(76000571,20)","(90052083)","","","0","71000001","(61992,147908,1529)","","","","","","","0","3","500","","70503001","","","","","","","","","","","","","","","","","","","","","",""
"15020050","2","0","0","","0","0","90007230","0","0","0","0","0","0","(76000571,20)","(90052083)","","","0","71000001","(61992,147908,1529)","","","","","","","0","3","500","","70503001","","","","","","","","","","","","","","","","","","","","","",""
"15020051","2","0","0","","0","0","90007230","0","0","0","0","0","0","(76000588,20)","(90052083)","","","0","71000001","(75889,136839,638)","","","","","","","0","3","500","","70503001","","","","","","","","","","","","","","","","","","","","","",""
"15020052","2","0","0","","0","0","90007230","0","0","0","0","0","0","(76000588,20)","(90052084)","","","0","71000001","(75889,136839,638)","","","","","","","0","3","500","","70503001","","","","","","","","","","","","","","","","","","","","","",""
"15020053","2","0","0","","0","0","90007230","0","0","0","0","0","0","(76000589,20)","(90052084)","","","0","71000001","(77359,138620,638)","","","","","","","0","3","500","","70503001","","","","","","","","","","","","","","","","","","","","","",""
"15020054","2","0","0","","0","0","90007230","0","0","0","0","0","0","(76000590,20)","(90052084)","","","0","71000001","(77380,135820,638)","","","","","","","0","3","500","","70503001","","","","","","","","","","","","","","","","","","","","","",""
"15020055","2","0","0","","0","0","90007230","0","0","0","0","0","0","(76000591,20)","(90052084)","","","0","71000001","(79010,135520,638)","","","","","","","0","3","500","","70503001","","","","","","","","","","","","","","","","","","","","","",""
"15020056","2","0","0","","0","0","90007230","0","0","0","0","0","0","(76000591,20)","(90052084)","","","0","71000001","(79010,135520,638)","","","","","","","0","3","500","","70503001","","","","","","","","","","","","","","","","","","","","","",""
"15020057","2","0","0","","0","0","90007230","0","0","0","0","0","0","(76000592,20)","(90052084)","","","0","71000001","(82170,136360,638)","","","","","","","0","3","500","","70503001","","","","","","","","","","","","","","","","","","","","","",""
"15020058","2","0","0","","0","0","90007230","0","0","0","0","0","0","(76000614,20)","(90052085)","","","0","71000001","(27527,159720,2639)","","","","","","","0","3","500","","70503001","","","","","","","","","","","","","","","","","","","","","",""
"15020059","2","0","0","","0","0","90007230","0","0","0","0","0","0","(76000615,20)","(90052085)","","","0","71000001","(22960,160157,2619)","","","","","","","0","3","500","","70503001","","","","","","","","","","","","","","","","","","","","","",""
"15020060","2","0","0","","0","0","90007230","0","0","0","0","0","0","(76000617,20)","(90052085)","","","0","71000001","(19591,161432,2932)","","","","","","","0","3","500","","70503001","","","","","","","","","","","","","","","","","","","","","",""
"15020061","2","0","0","","0","0","90007230","0","0","0","0","0","0","(76000617,20)","(90052085)","","","0","71000001","(19591,161432,2932)","","","","","","","0","3","500","","70503001","","","","","","","","","","","","","","","","","","","","","",""
"15020062","2","0","0","","0","0","90007230","0","0","0","0","0","0","(76000618,20)","(90052085)","","","0","71000001","(17318,164993,2864)","","","","","","","0","3","500","","70503001","","","","","","","","","","","","","","","","","","","","","",""
"15020063","2","0","0","","0","0","90007230","0","0","0","0","0","0","(76000619,20)","(90052085)","","","0","71000001","(12474,168272,2821)","","","","","","","0","3","500","","70503001","","","","","","","","","","","","","","","","","","","","","",""
"15020064","2","0","0","","0","0","90007230","0","0","0","0","0","0","(76000624,20)","(90052085)","","","0","71000001","(17368,174319,2729)","","","","","","","0","3","500","","70503001","","","","","","","","","","","","","","","","","","","","","",""
"15020065","2","0","0","","0","0","90007230","0","0","0","0","0","0","(76000621,20)","(90052085)","","","0","71000001","(24499,187639,2528)","","","","","","","0","3","500","","70503001","","","","","","","","","","","","","","","","","","","","","",""
"15020066","2","0","0","","0","0","90007230","0","0","0","0","0","0","(76000624,20)","(90052085)","","","0","71000001","(17368,174319,2729)","","","","","","","0","3","500","","70503001","","","","","","","","","","","","","","","","","","","","","",""
"15020067","2","0","0","","0","0","90007230","0","0","0","0","0","0","(76000621,20)","(90052085)","","","0","71000001","(24499,187639,2528)","","","","","","","0","3","500","","70503001","","","","","","","","","","","","","","","","","","","","","",""
"15020068","2","0","0","","0","0","90007230","0","0","0","0","0","0","(76000622,20)","(90052085)","","","0","71000001","(31617,186848,2600)","","","","","","","0","3","500","","70503001","","","","","","","","","","","","","","","","","","","","","",""
"15020069","2","0","0","","0","0","90007230","0","0","0","0","0","0","(76000623,20)","(90052085)","","","0","71000001","(30948,181329,2559)","","","","","","","0","3","500","","70503001","","","","","","","","","","","","","","","","","","","","","",""
"15020070","2","0","0","","0","0","90007230","0","0","0","0","0","0","(76001152,20)","(90052085)","","","0","71000001","(32118,162880,2582)","","","","","","","0","3","500","","70503001","","","","","","","","","","","","","","","","","","","","","",""
"15020071","2","0","0","","0","0","90007230","0","0","0","0","0","0","(76001152,20)","(90052085)","","","0","71000001","(32118,162880,2582)","","","","","","","0","3","500","","70503001","","","","","","","","","","","","","","","","","","","","","",""
"15020072","2","0","0","","0","0","90007230","0","0","0","0","0","0","(76000627,20)","(90052085)","","","0","71000001","(36355,171459,2570)","","","","","","","0","3","500","","70503001","","","","","","","","","","","","","","","","","","","","","",""
"15020073","2","0","0","","0","0","90007230","0","0","0","0","0","0","(76000628,20)","(90052085)","","","0","71000001","(37466,181497,2570)","","","","","","","0","3","500","","70503001","","","","","","","","","","","","","","","","","","","","","",""
"15020074","2","0","0","","0","0","90007230","0","0","0","0","0","0","(76000639,20)","(90052086)","","","0","71000001","(57460,166820,1538)","","","","","","","0","3","500","","70503001","","","","","","","","","","","","","","","","","","","","","",""
"15020075","2","0","0","","0","0","90007230","0","0","0","0","0","0","(76000640,20)","(90052086)","","","0","71000001","(60340,164100,1538)","","","","","","","0","3","500","","70503001","","","","","","","","","","","","","","","","","","","","","",""
"15020076","2","0","0","","0","0","90007230","0","0","0","0","0","0","(76000661,20)","(90052087)","","","0","71000001","(86899,162539,138)","","","","","","","0","3","500","","70503001","","","","","","","","","","","","","","","","","","","","","",""
"15020077","2","0","0","","0","0","90007230","0","0","0","0","0","0","(76000662,20)","(90052087)","","","0","71000001","(90311,157146,141)","","","","","","","0","3","500","","70503001","","","","","","","","","","","","","","","","","","","","","",""
"15020078","2","0","0","","0","0","90007230","0","0","0","0","0","0","(76000663,20)","(90052087)","","","0","71000001","(94079,154730,138)","","","","","","","0","3","500","","70503001","","","","","","","","","","","","","","","","","","","","","",""
"15020079","2","0","0","","0","0","90007230","0","0","0","0","0","0","(76001153,20)","(90052087)","","","0","71000001","(97360,156880,138)","","","","","","","0","3","500","","70503001","","","","","","","","","","","","","","","","","","","","","",""
"15020080","2","0","0","","0","0","90007230","0","0","0","0","0","0","(76000665,20)","(90052087)","","","0","71000001","(87970,160739,138)","","","","","","","0","3","500","","70503001","","","","","","","","","","","","","","","","","","","","","",""
"15020081","2","0","0","","0","0","90007230","0","0","0","0","0","0","(76000665,20)","(90052087)","","","0","71000001","(87970,160739,138)","","","","","","","0","3","500","","70503001","","","","","","","","","","","","","","","","","","","","","",""
"15020082","2","0","0","","0","0","90007230","0","0","0","0","0","0","(76000666,20)","(90052087)","","","0","71000001","(94789,161270,88)","","","","","","","0","3","500","","70503001","","","","","","","","","","","","","","","","","","","","","",""
"15020083","2","0","0","","0","0","90007230","0","0","0","0","0","0","(76000666,20)","(90052087)","","","0","71000001","(94789,161270,88)","","","","","","","0","3","500","","70503001","","","","","","","","","","","","","","","","","","","","","",""
"15020084","2","0","0","","0","0","90007230","0","0","0","0","0","0","(76000679,20)","(90052088)","","","0","71000001","(59102,192938,5550)","","","","","","","0","3","500","","70503001","","","","","","","","","","","","","","","","","","","","","",""
"15020085","2","0","0","","0","0","90007230","0","0","0","0","0","0","(76000680,20)","(90052088)","","","0","71000001","(59351,197477,6396)","","","","","","","0","3","500","","70503001","","","","","","","","","","","","","","","","","","","","","",""
"15020086","2","0","0","","0","0","90007230","0","0","0","0","0","0","(76000679,20)","(90052088)","","","0","71000001","(59102,192938,5550)","","","","","","","0","3","500","","70503001","","","","","","","","","","","","","","","","","","","","","",""
"15020087","2","0","0","","0","0","90007230","0","0","0","0","0","0","(76000680,20)","(90052088)","","","0","71000001","(59351,197477,6396)","","","","","","","0","3","500","","70503001","","","","","","","","","","","","","","","","","","","","","",""
"15020088","2","0","0","","0","0","90007230","0","0","0","0","0","0","(76000681,20)","(90052088)","","","0","71000001","(57973,209258,6580)","","","","","","","0","3","500","","70503001","","","","","","","","","","","","","","","","","","","","","",""
"15020089","2","0","0","","0","0","90007230","0","0","0","0","0","0","(76000711,20)","(90052089)","","","0","71000001","(196451,159560,4641)","","","","","","","0","3","500","","70503001","","","","","","","","","","","","","","","","","","","","","",""
"15020090","2","0","0","","0","0","90007230","0","0","0","0","0","0","(76000712,20)","(90052089)","","","0","71000001","(193193,165221,4704)","","","","","","","0","3","500","","70503001","","","","","","","","","","","","","","","","","","","","","",""
"15020091","2","0","0","","0","0","90007230","0","0","0","0","0","0","(76000712,20)","(90052089)","","","0","71000001","(193193,165221,4704)","","","","","","","0","3","500","","70503001","","","","","","","","","","","","","","","","","","","","","",""
"15020092","2","0","0","","0","0","90007230","0","0","0","0","0","0","(76000713,20)","(90052089)","","","0","71000001","(189730,166130,4728)","","","","","","","0","3","500","","70503001","","","","","","","","","","","","","","","","","","","","","",""
"15020093","2","0","0","","0","0","90007230","0","0","0","0","0","0","(76000714,20)","(90052089)","","","0","71000001","(188780,171200,4628)","","","","","","","0","3","500","","70503001","","","","","","","","","","","","","","","","","","","","","",""
"15020094","2","0","0","","0","0","90007230","0","0","0","0","0","0","(76000715,20)","(90052089)","","","0","71000001","(186620,173950,4628)","","","","","","","0","3","500","","70503001","","","","","","","","","","","","","","","","","","","","","",""
"15020095","2","0","0","","0","0","90007230","0","0","0","0","0","0","(76000716,20)","(90052089)","","","0","71000001","(189230,177090,4628)","","","","","","","0","3","500","","70503001","","","","","","","","","","","","","","","","","","","","","",""
"15020096","2","0","0","","0","0","90007230","0","0","0","0","0","0","(76000717,20)","(90052089)","","","0","71000001","(186480,176910,4628)","","","","","","","0","3","500","","70503001","","","","","","","","","","","","","","","","","","","","","",""
"15020097","2","0","0","","0","0","90007230","0","0","0","0","0","0","(76000718,20)","(90052089)","","","0","71000001","(186260,175070,4628)","","","","","","","0","3","500","","70503001","","","","","","","","","","","","","","","","","","","","","",""
"15020098","2","0","0","","0","0","90007230","0","0","0","0","0","0","(76000719,20)","(90052089)","","","0","71000001","(183472,171661,4629)","","","","","","","0","3","500","","70503001","","","","","","","","","","","","","","","","","","","","","",""
"15020099","2","0","0","","0","0","90007230","0","0","0","0","0","0","(76000720,20)","(90052089)","","","0","71000001","(183712,174339,4618)","","","","","","","0","3","500","","70503001","","","","","","","","","","","","","","","","","","","","","",""
"15020100","2","0","0","","0","0","90007230","0","0","0","0","0","0","(76000721,20)","(90052089)","","","0","71000001","(183170,179599,5088)","","","","","","","0","3","500","","70503001","","","","","","","","","","","","","","","","","","","","","",""
"15020101","2","0","0","","0","0","90007230","0","0","0","0","0","0","(76000721,20)","(90052089)","","","0","71000001","(183170,179599,5088)","","","","","","","0","3","500","","70503001","","","","","","","","","","","","","","","","","","","","","",""
"15020102","2","0","0","","0","0","90007230","0","0","0","0","0","0","(76000722,20)","(90052089)","","","0","71000001","(177839,177749,5078)","","","","","","","0","3","500","","70503001","","","","","","","","","","","","","","","","","","","","","",""
"15020103","2","0","0","","0","0","90007230","0","0","0","0","0","0","(76000723,20)","(90052089)","","","0","71000001","(177893,179658,5071)","","","","","","","0","3","500","","70503001","","","","","","","","","","","","","","","","","","","","","",""
"15020104","2","0","0","","0","0","90007230","0","0","0","0","0","0","(76000724,20)","(90052089)","","","0","71000001","(180150,178830,5088)","","","","","","","0","3","500","","70503001","","","","","","","","","","","","","","","","","","","","","",""
"15020105","2","0","0","","0","0","90007230","0","0","0","0","0","0","(76000725,20)","(90052089)","","","0","71000001","(178342,170056,4732)","","","","","","","0","3","500","","70503001","","","","","","","","","","","","","","","","","","","","","",""
"15020106","2","0","0","","0","0","90007230","0","0","0","0","0","0","(76000749,20)","(90052090)","","","0","71000001","(168520,146670,1798)","","","","","","","0","3","500","","70503001","","","","","","","","","","","","","","","","","","","","","",""
"15020107","2","0","0","","0","0","90007230","0","0","0","0","0","0","(76000750,20)","(90052090)","","","0","71000001","(165110,140450,1778)","","","","","","","0","3","500","","70503001","","","","","","","","","","","","","","","","","","","","","",""
"15020108","2","0","0","","0","0","90007230","0","0","0","0","0","0","(76000725,20)","(90052089)","","","0","71000001","(178342,170056,4732)","","","","","","","0","3","500","","70503001","","","","","","","","","","","","","","","","","","","","","",""
"15020109","2","0","0","","0","0","90007230","0","0","0","0","0","0","(76000751,20)","(90052090)","","","0","71000001","(160850,137260,1778)","","","","","","","0","3","500","","70503001","","","","","","","","","","","","","","","","","","","","","",""
"15020110","2","0","0","","0","0","90007230","0","0","0","0","0","0","(76000750,20)","(90052090)","","","0","71000001","(165110,140450,1778)","","","","","","","0","3","500","","70503001","","","","","","","","","","","","","","","","","","","","","",""
"15020111","2","0","0","","0","0","90007230","0","0","0","0","0","0","(76000751,20)","(90052090)","","","0","71000001","(160850,137260,1778)","","","","","","","0","3","500","","70503001","","","","","","","","","","","","","","","","","","","","","",""
"15020112","2","0","0","","0","0","90007230","0","0","0","0","0","0","(76000752,20)","(90052090)","","","0","71000001","(161090,132709,1778)","","","","","","","0","3","500","","70503001","","","","","","","","","","","","","","","","","","","","","",""
"15020113","2","0","0","","0","0","90007230","0","0","0","0","0","0","(76001163,20)","(90052090)","","","0","71000001","(164297,125598,1440)","","","","","","","0","3","500","","70503001","","","","","","","","","","","","","","","","","","","","","",""
"15020114","2","0","0","","0","0","90007230","0","0","0","0","0","0","(76001164,20)","(90052090)","","","0","71000001","(162440,121139,1448)","","","","","","","0","3","500","","70503001","","","","","","","","","","","","","","","","","","","","","",""
"15020115","2","0","0","","0","0","90007230","0","0","0","0","0","0","(76001165,20)","(90052090)","","","0","71000001","(165719,122329,1448)","","","","","","","0","3","500","","70503001","","","","","","","","","","","","","","","","","","","","","",""
"15020116","2","0","0","","0","0","90007230","0","0","0","0","0","0","(76001165,20)","(90052090)","","","0","71000001","(165719,122329,1448)","","","","","","","0","3","500","","70503001","","","","","","","","","","","","","","","","","","","","","",""
"15020117","2","0","0","","0","0","90007230","0","0","0","0","0","0","(76001166,20)","(90052090)","","","0","71000001","(166600,128529,1448)","","","","","","","0","3","500","","70503001","","","","","","","","","","","","","","","","","","","","","",""
"15020118","2","0","0","","0","0","90007230","0","0","0","0","0","0","(76000753,20)","(90052090)","","","0","71000001","(166080,132909,1778)","","","","","","","0","3","500","","70503001","","","","","","","","","","","","","","","","","","","","","",""
"15020119","2","0","0","","0","0","90007230","0","0","0","0","0","0","(76000754,20)","(90052090)","","","0","71000001","(170950,134480,1778)","","","","","","","0","3","500","","70503001","","","","","","","","","","","","","","","","","","","","","",""
"15020120","2","0","0","","0","0","90007230","0","0","0","0","0","0","(76000789,20)","(90052091)","","","0","71000001","(152250,176510,2098)","","","","","","","0","3","500","","70503001","","","","","","","","","","","","","","","","","","","","","",""
"15020121","2","0","0","","0","0","90007230","0","0","0","0","0","0","(76000789,20)","(90052091)","","","0","71000001","(152250,176510,2098)","","","","","","","0","3","500","","70503001","","","","","","","","","","","","","","","","","","","","","",""
"15020122","2","0","0","","0","0","90007230","0","0","0","0","0","0","(76000790,20)","(90052091)","","","0","71000001","(149729,172990,2168)","","","","","","","0","3","500","","70503001","","","","","","","","","","","","","","","","","","","","","",""
"15020123","2","0","0","","0","0","90007230","0","0","0","0","0","0","(76000791,20)","(90052091)","","","0","71000001","(149500,176259,2098)","","","","","","","0","3","500","","70503001","","","","","","","","","","","","","","","","","","","","","",""
"15020124","2","0","0","","0","0","90007230","0","0","0","0","0","0","(76000792,20)","(90052091)","","","0","71000001","(142619,180369,2138)","","","","","","","0","3","500","","70503001","","","","","","","","","","","","","","","","","","","","","",""
"15020125","2","0","0","","0","0","90007230","0","0","0","0","0","0","(76000793,20)","(90052091)","","","0","71000001","(138629,182390,2178)","","","","","","","0","3","500","","70503001","","","","","","","","","","","","","","","","","","","","","",""
"15020126","2","0","0","","0","0","90007230","0","0","0","0","0","0","(76000793,20)","(90052091)","","","0","71000001","(138629,182390,2178)","","","","","","","0","3","500","","70503001","","","","","","","","","","","","","","","","","","","","","",""
"15020127","2","0","0","","0","0","90007230","0","0","0","0","0","0","(76000794,20)","(90052091)","","","0","71000001","(130444,181753,2179)","","","","","","","0","3","500","","70503001","","","","","","","","","","","","","","","","","","","","","",""
"15020128","2","0","0","","0","0","90007230","0","0","0","0","0","0","(76000795,20)","(90052091)","","","0","71000001","(130028,176659,2492)","","","","","","","0","3","500","","70503001","","","","","","","","","","","","","","","","","","","","","",""
"15020129","2","0","0","","0","0","90007230","0","0","0","0","0","0","(76000796,20)","(90052091)","","","0","71000001","(127402,173446,3136)","","","","","","","0","3","500","","70503001","","","","","","","","","","","","","","","","","","","","","",""
"15020130","2","0","0","","0","0","90007230","0","0","0","0","0","0","(76000797,20)","(90052091)","","","0","71000001","(124919,176330,2528)","","","","","","","0","3","500","","70503001","","","","","","","","","","","","","","","","","","","","","",""
"15020131","2","0","0","","0","0","90007230","0","0","0","0","0","0","(76000798,20)","(90052091)","","","0","71000001","(134451,177432,2760)","","","","","","","0","3","500","","70503001","","","","","","","","","","","","","","","","","","","","","",""
"15020132","2","0","0","","0","0","90007230","0","0","0","0","0","0","(76000799,20)","(90052091)","","","0","71000001","(133835,175843,2872)","","","","","","","0","3","500","","70503001","","","","","","","","","","","","","","","","","","","","","",""
"15020133","2","0","0","","0","0","90007230","0","0","0","0","0","0","(76000800,20)","(90052091)","","","0","71000001","(133502,169547,3585)","","","","","","","0","3","500","","70503001","","","","","","","","","","","","","","","","","","","","","",""
"15020134","2","0","0","","0","0","90007230","0","0","0","0","0","0","(76000802,20)","(90052091)","","","0","71000001","(137290,167620,3608)","","","","","","","0","3","500","","70503001","","","","","","","","","","","","","","","","","","","","","",""
"15020135","2","0","0","","0","0","90007230","0","0","0","0","0","0","(76000803,20)","(90052091)","","","0","71000001","(120360,171980,2178)","","","","","","","0","3","500","","70503001","","","","","","","","","","","","","","","","","","","","","",""
"15020136","2","0","0","","0","0","90007230","0","0","0","0","0","0","(76000829,20)","(90052092)","","","0","71000001","(125410,130850,1678)","","","","","","","0","3","500","","70503001","","","","","","","","","","","","","","","","","","","","","",""
"15020137","2","0","0","","0","0","90007230","0","0","0","0","0","0","(76000831,20)","(90052092)","","","0","71000001","(115859,131529,1678)","","","","","","","0","3","500","","70503001","","","","","","","","","","","","","","","","","","","","","",""
"15020138","2","0","0","","0","0","90007230","0","0","0","0","0","0","(76000832,20)","(90052092)","","","0","71000001","(118079,130729,1668)","","","","","","","0","3","500","","70503001","","","","","","","","","","","","","","","","","","","","","",""
"15020139","2","0","0","","0","0","90007230","0","0","0","0","0","0","(76000833,20)","(90052092)","","","0","71000001","(121020,127010,1678)","","","","","","","0","3","500","","70503001","","","","","","","","","","","","","","","","","","","","","",""
"15020140","2","0","0","","0","0","90007230","0","0","0","0","0","0","(76000828,20)","(90052092)","","","0","71000001","(129680,131810,1668)","","","","","","","0","3","500","","70503001","","","","","","","","","","","","","","","","","","","","","",""
"15020141","2","0","0","","0","0","90007230","0","0","0","0","0","0","(76000836,20)","(90052092)","","","0","71000001","(123480,116310,1668)","","","","","","","0","3","500","","70503001","","","","","","","","","","","","","","","","","","","","","",""
"15020142","2","0","0","","0","0","90007230","0","0","0","0","0","0","(76000838,20)","(90052092)","","","0","71000001","(123420,109759,1678)","","","","","","","0","3","500","","70503001","","","","","","","","","","","","","","","","","","","","","",""
"15020143","2","0","0","","0","0","90007230","0","0","0","0","0","0","(76000854,20)","(90052093)","","","0","71000001","(198035,123844,1816)","","","","","","","0","3","500","","70503001","","","","","","","","","","","","","","","","","","","","","",""
"15020144","2","0","0","","0","0","90007230","0","0","0","0","0","0","(76000853,20)","(90052093)","","","0","71000001","(195680,121430,1628)","","","","","","","0","3","500","","70503001","","","","","","","","","","","","","","","","","","","","","",""
"15020145","2","0","0","","0","0","90007230","0","0","0","0","0","0","(76000853,20)","(90052092)","","","0","71000001","(195680,121430,1628)","","","","","","","0","3","500","","70503001","","","","","","","","","","","","","","","","","","","","","",""
"15020146","2","0","0","","0","0","90007230","0","0","0","0","0","0","(76000856,20)","(90052093)","","","0","71000001","(196499,130603,1840)","","","","","","","0","3","500","","70503001","","","","","","","","","","","","","","","","","","","","","",""
"15020147","2","0","0","","0","0","90007230","0","0","0","0","0","0","(76000857,20)","(90052093)","","","0","71000001","(196144,127633,2032)","","","","","","","0","3","500","","70503001","","","","","","","","","","","","","","","","","","","","","",""
"15020148","2","0","0","","0","0","90007230","0","0","0","0","0","0","(76000894,20)","(90052094)","","","0","71000001","(132950,73130,1088)","","","","","","","0","3","500","","70503001","","","","","","","","","","","","","","","","","","","","","",""
"15020149","2","0","0","","0","0","90007230","0","0","0","0","0","0","(76000894,20)","(90052093)","","","0","71000001","(132950,73130,1088)","","","","","","","0","3","500","","70503001","","","","","","","","","","","","","","","","","","","","","",""
"15020150","2","0","0","","0","0","90007230","0","0","0","0","0","0","(76000895,20)","(90052094)","","","0","71000001","(129020,63580,1088)","","","","","","","0","3","500","","70503001","","","","","","","","","","","","","","","","","","","","","",""
"15020151","2","0","0","","0","0","90007230","0","0","0","0","0","0","(76000898,20)","(90052094)","","","0","71000001","(132870,66669,1088)","","","","","","","0","3","500","","70503001","","","","","","","","","","","","","","","","","","","","","",""
"15020152","2","0","0","","0","0","90007230","0","0","0","0","0","0","(76000899,20)","(90052094)","","","0","71000001","(130989,62680,1088)","","","","","","","0","3","500","","70503001","","","","","","","","","","","","","","","","","","","","","",""
"15020153","2","0","0","","0","0","90007230","0","0","0","0","0","0","(76000896,20)","(90052094)","","","0","71000001","(132230,76710,1088)","","","","","","","0","3","500","","70503001","","","","","","","","","","","","","","","","","","","","","",""
"15020154","2","0","0","","0","0","90007230","0","0","0","0","0","0","(76000901,20)","(90052094)","","","0","71000001","(134850,81880,1078)","","","","","","","0","3","500","","70503001","","","","","","","","","","","","","","","","","","","","","",""
"15020155","2","0","0","","0","0","90007230","0","0","0","0","0","0","(76000903,20)","(90052094)","","","0","71000001","(133910,86870,1078)","","","","","","","0","3","500","","70503001","","","","","","","","","","","","","","","","","","","","","",""
"15020156","2","0","0","","0","0","90007230","0","0","0","0","0","0","(76000904,20)","(90052094)","","","0","71000001","(126820,84950,1078)","","","","","","","0","3","500","","70503001","","","","","","","","","","","","","","","","","","","","","",""
"15020157","2","0","0","","0","0","90007230","0","0","0","0","0","0","(76000906,20)","(90052094)","","","0","71000001","(123150,78960,1078)","","","","","","","0","3","500","","70503001","","","","","","","","","","","","","","","","","","","","","",""
"15020158","2","0","0","","0","0","90007230","0","0","0","0","0","0","(76000931,20)","(90052095)","","","0","71000001","(139759,40310,798)","","","","","","","0","3","500","","70503001","","","","","","","","","","","","","","","","","","","","","",""
"15020159","2","0","0","","0","0","90007230","0","0","0","0","0","0","(76000931,20)","(90052094)","","","0","71000001","(139759,40310,798)","","","","","","","0","3","500","","70503001","","","","","","","","","","","","","","","","","","","","","",""
"15020160","2","0","0","","0","0","90007230","0","0","0","0","0","0","(76000936,20)","(90052095)","","","0","71000001","(148830,27690,798)","","","","","","","0","3","500","","70503001","","","","","","","","","","","","","","","","","","","","","",""
"15020161","2","0","0","","0","0","90007230","0","0","0","0","0","0","(76000938,20)","(90052095)","","","0","71000001","(155775,30849,964)","","","","","","","0","3","500","","70503001","","","","","","","","","","","","","","","","","","","","","",""
"15020162","2","0","0","","0","0","90007230","0","0","0","0","0","0","(76000939,20)","(90052095)","","","0","71000001","(157149,31320,798)","","","","","","","0","3","500","","70503001","","","","","","","","","","","","","","","","","","","","","",""
"15020163","2","0","0","","0","0","90007230","0","0","0","0","0","0","(76001159,20)","(90052095)","","","0","71000001","(160159,33590,798)","","","","","","","0","3","500","","70503001","","","","","","","","","","","","","","","","","","","","","",""
"15020164","2","0","0","","0","0","90007230","0","0","0","0","0","0","(76000940,20)","(90052095)","","","0","71000001","(159240,35079,798)","","","","","","","0","3","500","","70503001","","","","","","","","","","","","","","","","","","","","","",""
"15020165","2","0","0","","0","0","90007230","0","0","0","0","0","0","(76000944,20)","(90052095)","","","0","71000001","(144550,45089,798)","","","","","","","0","3","500","","70503001","","","","","","","","","","","","","","","","","","","","","",""
"15020166","2","0","0","","0","0","90007230","0","0","0","0","0","0","(76000974,20)","(90052096)","","","0","71000001","(188800,22630,3218)","","","","","","","0","3","500","","70503001","","","","","","","","","","","","","","","","","","","","","",""
"15020167","2","0","0","","0","0","90007230","0","0","0","0","0","0","(76000976,20)","(90052096)","","","0","71000001","(188980,28810,3218)","","","","","","","0","3","500","","70503001","","","","","","","","","","","","","","","","","","","","","",""
"15020168","2","0","0","","0","0","90007230","0","0","0","0","0","0","(76000979,20)","(90052096)","","","0","71000001","(186459,38369,3188)","","","","","","","0","3","500","","70503001","","","","","","","","","","","","","","","","","","","","","",""
"15020169","2","0","0","","0","0","90007230","0","0","0","0","0","0","(76000981,20)","(90052096)","","","0","71000001","(181222,41337,3202)","","","","","","","0","3","500","","70503001","","","","","","","","","","","","","","","","","","","","","",""
"15020170","2","0","0","","0","0","90007230","0","0","0","0","0","0","(76000985,20)","(90052096)","","","0","71000001","(190710,50150,3218)","","","","","","","0","3","500","","70503001","","","","","","","","","","","","","","","","","","","","","",""
"15020171","2","0","0","","0","0","90007230","0","0","0","0","0","0","(76001030,20)","(90052097)","","","0","71000001","(232910,23970,3768)","","","","","","","0","3","500","","70503001","","","","","","","","","","","","","","","","","","","","","",""
"15020172","2","0","0","","0","0","90007230","0","0","0","0","0","0","(76001034,20)","(90052097)","","","0","71000001","(236040,23130,3768)","","","","","","","0","3","500","","70503001","","","","","","","","","","","","","","","","","","","","","",""
"15020173","2","0","0","","0","0","90007230","0","0","0","0","0","0","(76001033,20)","(90052097)","","","0","71000001","(229840,18650,3768)","","","","","","","0","3","500","","70503001","","","","","","","","","","","","","","","","","","","","","",""
"15020174","2","0","0","","0","0","90007230","0","0","0","0","0","0","(76001032,20)","(90052097)","","","0","71000001","(229340,22120,3768)","","","","","","","0","3","500","","70503001","","","","","","","","","","","","","","","","","","","","","",""
"15020175","2","0","0","","0","0","90007230","0","0","0","0","0","0","(76001035,20)","(90052097)","","","0","71000001","(225530,19730,3768)","","","","","","","0","3","500","","70503001","","","","","","","","","","","","","","","","","","","","","",""
"15020176","2","0","0","","0","0","90007230","0","0","0","0","0","0","(76001066,20)","(90052098)","","","0","71000001","(220080,64600,1318)","","","","","","","0","3","500","","70503001","","","","","","","","","","","","","","","","","","","","","",""
"15020177","2","0","0","","0","0","90007230","0","0","0","0","0","0","(76001065,20)","(90052098)","","","0","71000001","(222500,63760,1318)","","","","","","","0","3","500","","70503001","","","","","","","","","","","","","","","","","","","","","",""
"15020178","2","0","0","","0","0","90007230","0","0","0","0","0","0","(76001071,20)","(90052098)","","","0","71000001","(220690,76500,2058)","","","","","","","0","3","500","","70503001","","","","","","","","","","","","","","","","","","","","","",""
"15020179","2","0","0","","0","0","90007230","0","0","0","0","0","0","(76001074,20)","(90052098)","","","0","71000001","(211280,75860,1318)","","","","","","","0","3","500","","70503001","","","","","","","","","","","","","","","","","","","","","",""
"15020180","2","0","0","","0","0","90007230","0","0","0","0","0","0","(76001076,20)","(90052098)","","","0","71000001","(211990,85290,1318)","","","","","","","0","3","500","","70503001","","","","","","","","","","","","","","","","","","","","","",""
"15020181","2","0","0","","0","0","90007230","0","0","0","0","0","0","(76001107,20)","(90052099)","","","0","71000001","(161410,67150,1088)","","","","","","","0","3","500","","70503001","","","","","","","","","","","","","","","","","","","","","",""
"15020182","2","0","0","","0","0","90007230","0","0","0","0","0","0","(76001108,20)","(90052099)","","","0","71000001","(166200,71180,1648)","","","","","","","0","3","500","","70503001","","","","","","","","","","","","","","","","","","","","","",""
"15020183","2","0","0","","0","0","90007230","0","0","0","0","0","0","(76001111,20)","(90052099)","","","0","71000001","(175935,71243,1091)","","","","","","","0","3","500","","70503001","","","","","","","","","","","","","","","","","","","","","",""
"15020184","2","0","0","","0","0","90007230","0","0","0","0","0","0","(76001112,20)","(90052099)","","","0","71000001","(173261,73680,1567)","","","","","","","0","3","500","","70503001","","","","","","","","","","","","","","","","","","","","","",""
"15020185","2","0","0","","0","0","90007230","0","0","0","0","0","0","(76001112,20)","(90052099)","","","0","71000001","(173261,73680,1567)","","","","","","","0","3","500","","70503001","","","","","","","","","","","","","","","","","","","","","",""
"15020186","2","0","0","","0","0","90007230","0","0","0","0","0","0","(76004216,30)","(90052011)","","","0","71000001","(105830,40060,1280)","","","","","","","0","3","500","","70503001","","","","","","","","","","","","","","","","","","","","","",""
"15020187","2","0","0","","0","0","90007230","0","0","0","0","0","0","(76004215,30)","(90052011)","","","0","71000001","(100720,39400,1260)","","","","","","","0","3","500","","70503001","","","","","","","","","","","","","","","","","","","","","",""
"15020188","2","0","0","","0","0","90007230","0","0","0","0","0","0","(76004217,30)","(90052099)","","","0","71000001","(161909,72550,1660)","","","","","","","0","3","500","","70503001","","","","","","","","","","","","","","","","","","","","","",""
"15020189","2","0","0","","0","0","90007230","0","0","0","0","0","0","(76004218,30)","(90052093)","","","0","71000001","(202129,132120,1650)","","","","","","","0","3","500","","70503001","","","","","","","","","","","","","","","","","","","","","",""
"15020190","2","0","0","","0","0","90007230","0","0","0","0","0","0","(76004219,30)","(90052086)","","","0","71000001","(52269,169860,1550)","","","","","","","0","3","500","","70503001","","","","","","","","","","","","","","","","","","","","","",""
"15020191","2","0","0","","0","0","90007230","0","0","0","0","0","0","(76004220,30)","(90052097)","","","0","71000001","(217760,74150,2130)","","","","","","","0","3","500","","70503001","","","","","","","","","","","","","","","","","","","","","",""
"15020192","2","0","0","","0","0","90007230","0","0","0","0","0","0","(76004221,30)","(90052009)","","","0","71000001","(29712,176874,2725)","","","","","","","0","3","500","","70503001","","","","","","","","","","","","","","","","","","","","","",""
"15020193","2","0","0","","0","0","90007230","0","0","0","0","0","0","(76004222,30)","(90052009)","","","0","71000001","(70152,8678,5275)","","","","","","","0","3","500","","70503001","","","","","","","","","","","","","","","","","","","","","",""
"15020194","2","0","0","","0","0","90007230","0","0","0","0","0","0","(76004223,30)","(90052009)","","","0","71000001","(69205,7110,5245)","","","","","","","0","3","500","","70503001","","","","","","","","","","","","","","","","","","","","","",""
"15020195","2","0","0","","0","0","90007230","0","0","0","0","0","0","(76004220,30)","(90052097)","","","0","71000001","(217760,74150,2130)","","","","","","","0","3","500","","70503001","","","","","","","","","","","","","","","","","","","","","",""
"15020196","2","0","0","","0","0","90007230","0","0","0","0","0","0","(76004224,30)","(90052009)","","","0","71000001","(71970,7310,5270)","","","","","","","0","3","500","","70503001","","","","","","","","","","","","","","","","","","","","","",""
"15020197","2","0","0","","0","0","90007230","0","0","0","0","0","0","(76004225,30)","(90052011)","","","0","71000001","(98310,45510,1280)","","","","","","","0","3","500","","70503001","","","","","","","","","","","","","","","","","","","","","",""
"15020198","2","0","0","","0","0","90007230","0","0","0","0","0","0","(76004226,30)","(90052011)","","","0","71000001","(94970,18980,690)","","","","","","","0","3","500","","70503001","","","","","","","","","","","","","","","","","","","","","",""
"15020199","2","0","0","","0","0","90007230","0","0","0","0","0","0","(76004227,30)","(90052011)","","","0","71000001","(94370,21400,690)","","","","","","","0","3","500","","70503001","","","","","","","","","","","","","","","","","","","","","",""
"15020200","2","0","0","","0","0","90007230","0","0","0","0","0","0","(76004228,30)","(90052096)","","","0","71000001","(191800,29490,3270)","","","","","","","0","3","500","","70503001","","","","","","","","","","","","","","","","","","","","","",""
"15020201","2","0","0","","0","0","90007230","0","0","0","0","0","0","(76004227,30)","(90052011)","","","0","71000001","(94370,21400,690)","","","","","","","0","3","500","","70503001","","","","","","","","","","","","","","","","","","","","","",""
"15020202","2","0","0","","0","0","90007230","0","0","0","0","0","0","(76004319,30)","(90052096)","","","0","71000001","(193680,34110,3290)","","","","","","","0","3","500","","70503001","","","","","","","","","","","","","","","","","","","","","",""
"15020203","2","0","0","","0","0","90007230","0","0","0","0","0","0","(76004321,30)","(90052098)","","","0","71000001","(224420,75640,2080)","","","","","","","0","3","500","","70503001","","","","","","","","","","","","","","","","","","","","","",""
"15020204","2","0","0","","0","0","90007230","0","0","0","0","0","0","(76004226,30)","(90052011)","","","0","71000001","(94970,18980,690)","","","","","","","0","3","500","","70503001","","","","","","","","","","","","","","","","","","","","","",""
"15020205","2","0","0","","0","0","90007230","0","0","0","0","0","0","(76004227,30)","(90052004)","","","0","71000001","(94370,21400,690)","","","","","","","0","3","500","","70503001","","","","","","","","","","","","","","","","","","","","","",""
"15020206","2","0","0","","0","0","90007230","0","0","0","0","0","0","(76004320,30)","(90052096)","","","0","71000001","(194510,38380,3290)","","","","","","","0","3","500","","70503001","","","","","","","","","","","","","","","","","","","","","",""
"15020207","2","0","0","","0","0","90007230","0","0","0","0","0","0","(76004321,30)","(90052098)","","","0","71000001","(224420,75640,2080)","","","","","","","0","3","500","","70503001","","","","","","","","","","","","","","","","","","","","","",""
"15020208","2","0","0","","0","0","90007230","0","0","0","0","0","0","(76004326,30)","(90052004)","","","0","71000001","(178345,71193,1111)","","","","","","","0","3","500","","70503001","","","","","","","","","","","","","","","","","","","","","",""
"15020209","2","0","0","","0","0","90007230","0","0","0","0","0","0","(76004322,30)","(90052009)","","","0","71000001","(73102,13208,3825)","","","","","","","0","3","500","","70503001","","","","","","","","","","","","","","","","","","","","","",""
"15020210","2","0","0","","0","0","90007230","0","0","0","0","0","0","(76004321,30)","(90052098)","","","0","71000001","(224420,75640,2080)","","","","","","","0","3","500","","70503001","","","","","","","","","","","","","","","","","","","","","",""
"15020211","2","0","0","","0","0","90007230","0","0","0","0","0","0","(76004327,30)","(90052103)","","","0","71010100","(43815,18392,2205)","","","","","","","0","3","500","","70503001","","","","","","","","","","","","","","","","","","","","","",""
"15020212","2","0","0","","0","0","90007230","0","0","0","0","0","0","(76004328,30)","(90052103)","","","0","71010100","(44635,19714,2220)","","","","","","","0","3","500","","70503001","","","","","","","","","","","","","","","","","","","","","",""
"15020213","2","0","0","","0","0","90007230","0","0","0","0","0","0","(76004329,30)","(90052103)","","","0","71010100","(45846,18722,2220)","","","","","","","0","3","500","","70503001","","","","","","","","","","","","","","","","","","","","","",""
"15020214","2","0","0","","0","0","90007230","0","0","0","0","0","0","(76004330,30)","(90052103)","","","0","71010100","(46136,19966,2220)","","","","","","","0","3","500","","70503001","","","","","","","","","","","","","","","","","","","","","",""
"15020215","2","0","0","","0","0","90007230","0","0","0","0","0","0","(76004331,30)","(90052103)","","","0","71010100","(48778,50364,1504)","","","","","","","0","3","500","","70503001","","","","","","","","","","","","","","","","","","","","","",""
"15020216","2","0","0","","0","0","90007230","0","0","0","0","0","0","(76004333,30)","(90052103)","","","0","71010100","(55402,31582,1162)","","","","","","","0","3","500","","70503001","","","","","","","","","","","","","","","","","","","","","",""
"15020217","2","0","0","","0","0","90007230","0","0","0","0","0","0","(76004334,30)","(90052105)","","","0","71010100","(57131,32299,1229)","","","","","","","0","3","500","","70503001","","","","","","","","","","","","","","","","","","","","","",""
"15020218","2","0","0","","0","0","90007230","0","0","0","0","0","0","(76004336,30)","(90052119)","","","0","71010100","(47902,67225,1951)","","","","","","","0","3","500","","70503001","","","","","","","","","","","","","","","","","","","","","",""
"15020219","2","0","0","","0","0","90007230","0","0","0","0","0","0","(76004337,30)","(90052119)","","","0","71010100","(45949,68944,1726)","","","","","","","0","3","500","","70503001","","","","","","","","","","","","","","","","","","","","","",""
"15020220","2","0","0","","0","0","90007230","0","0","0","0","0","0","(76004338,30)","(90052119)","","","0","71010100","(47882,69505,1726)","","","","","","","0","3","500","","70503001","","","","","","","","","","","","","","","","","","","","","",""
"15020221","2","0","0","","0","0","90007230","0","0","0","0","0","0","(76004342,30)","(90052106)","","","0","71010100","(39456,33689,509)","","","","","","","0","3","500","","70503001","","","","","","","","","","","","","","","","","","","","","",""
"15020222","2","0","0","","0","0","90007230","0","0","0","0","0","0","(76004343,30)","(90052108)","","","0","71010100","(46901,55080,1184)","","","","","","","0","3","500","","70503001","","","","","","","","","","","","","","","","","","","","","",""
"15020223","2","0","0","","0","0","90007230","0","0","0","0","0","0","(76004344,30)","(90052104)","","","0","71010100","(48112,36194,676)","","","","","","","0","3","500","","70503001","","","","","","","","","","","","","","","","","","","","","",""
"15020224","2","0","0","","0","0","90007230","0","0","0","0","0","0","(76004345,30)","(90052104)","","","0","71010100","(51026,48107,1497)","","","","","","","0","3","500","","70503001","","","","","","","","","","","","","","","","","","","","","",""
"15020225","2","0","0","","0","0","90007230","0","0","0","0","0","0","(76004346,30)","(90052112)","","","0","71010100","(66311,42315,1506)","","","","","","","0","3","500","","70503001","","","","","","","","","","","","","","","","","","","","","",""
"15020226","2","0","0","","0","0","90007230","0","0","0","0","0","0","(76004362,30)","(90052108)","","","0","71010100","(48626,58092,1206)","","","","","","","0","3","500","","70503001","","","","","","","","","","","","","","","","","","","","","",""
"15020227","2","0","0","","0","0","90007230","0","0","0","0","0","0","(76004363,30)","(90052104)","","","0","71010100","(52833,46368,1507)","","","","","","","0","3","500","","70503001","","","","","","","","","","","","","","","","","","","","","",""
"15020228","2","0","0","","0","0","90007230","0","0","0","0","0","0","(76004364,30)","(90052108)","","","0","71010100","(48021,55713,1173)","","","","","","","0","3","500","","70503001","","","","","","","","","","","","","","","","","","","","","",""
"15020229","2","0","0","","0","0","90007230","0","0","0","0","0","0","(76004375,30)","(90052104)","","","0","71010100","(50211,38220,1476)","","","","","","","0","3","500","","70503001","","","","","","","","","","","","","","","","","","","","","",""
"15020230","2","0","0","","0","0","90007230","0","0","0","0","0","0","(76004378,30)","(90052107)","","","0","71010100","(36314,41898,1131)","","","","","","","0","3","500","","70503001","","","","","","","","","","","","","","","","","","","","","",""
"15020231","2","0","0","","0","0","90007230","0","0","0","0","0","0","(76004376,30)","(90052107)","","","0","71010100","(37773,41345,1120)","","","","","","","0","3","500","","70503001","","","","","","","","","","","","","","","","","","","","","",""
"15020232","2","0","0","","0","0","90007230","0","0","0","0","0","0","(76004367,30)","(90052104)","","","0","71010100","(44799,40831,1617)","","","","","","","0","3","500","","70503001","","","","","","","","","","","","","","","","","","","","","",""
"15020233","2","0","0","","0","0","90007230","0","0","0","0","0","0","(76004364,30)","(90052108)","","","0","71010100","(48021,55713,1173)","","","","","","","0","3","500","","70503001","","","","","","","","","","","","","","","","","","","","","",""
"15020234","2","0","0","","0","0","90007230","0","0","0","0","0","0","(76004363,30)","(90052104)","","","0","71010100","(52833,46368,1507)","","","","","","","0","3","500","","70503001","","","","","","","","","","","","","","","","","","","","","",""
"15020235","2","0","0","","0","0","90007230","0","0","0","0","0","0","(76004375,30)","(90052104)","","","0","71010100","(50211,38220,1476)","","","","","","","0","3","500","","70503001","","","","","","","","","","","","","","","","","","","","","",""
"15020236","2","0","0","","0","0","90007230","0","0","0","0","0","0","(76004345,30)","(90052104)","","","0","71010100","(51026,48107,1497)","","","","","","","0","3","500","","70503001","","","","","","","","","","","","","","","","","","","","","",""
"15020237","2","0","0","","0","0","90007230","0","0","0","0","0","0","(76004346,30)","(90052112)","","","0","71010100","(66311,42315,1506)","","","","","","","0","3","500","","70503001","","","","","","","","","","","","","","","","","","","","","",""
"15020238","2","0","0","","0","0","90007230","0","0","0","0","0","0","(76004347,30)","(90052112)","","","0","71010100","(64892,44799,1493)","","","","","","","0","3","500","","70503001","","","","","","","","","","","","","","","","","","","","","",""
"15020239","2","0","0","","0","0","90007230","0","0","0","0","0","0","(76004345,30)","(90052109)","","","0","71010100","(51026,48107,1497)","","","","","","","0","3","500","","70503001","","","","","","","","","","","","","","","","","","","","","",""
"15020240","2","0","0","","0","0","90007230","0","0","0","0","0","0","(76004346,30)","(90052112)","","","0","71010100","(66311,42315,1506)","","","","","","","0","3","500","","70503001","","","","","","","","","","","","","","","","","","","","","",""
"15020241","2","0","0","","0","0","90007230","0","0","0","0","0","0","(76004347,30)","(90052112)","","","0","71010100","(64892,44799,1493)","","","","","","","0","3","500","","70503001","","","","","","","","","","","","","","","","","","","","","",""
"15020242","2","0","0","","0","0","90007230","0","0","0","0","0","0","(76004348,30)","(90052109)","","","0","71010100","(62670,63916,2221)","","","","","","","0","3","500","","70503001","","","","","","","","","","","","","","","","","","","","","",""
"15020243","2","0","0","","0","0","90007230","0","0","0","0","0","0","(76004349,30)","(90052114)","","","0","71010100","(66165,63363,2184)","","","","","","","0","3","500","","70503001","","","","","","","","","","","","","","","","","","","","","",""
"15020244","2","0","0","","0","0","90007230","0","0","0","0","0","0","(76004351,30)","(90052112)","","","0","71010100","(62251,44163,1520)","","","","","","","0","3","500","","70503001","","","","","","","","","","","","","","","","","","","","","",""
"15020245","2","0","0","","0","0","90007230","0","0","0","0","0","0","(76004350,30)","(90052112)","","","0","71010100","(64365,41620,1582)","","","","","","","0","3","500","","70503001","","","","","","","","","","","","","","","","","","","","","",""
"15020246","2","0","0","","0","0","90007230","0","0","0","0","0","0","(76004352,30)","(90052112)","","","0","71010100","(68025,44011,1522)","","","","","","","0","3","500","","70503001","","","","","","","","","","","","","","","","","","","","","",""
"15020247","2","0","0","","0","0","90007230","0","0","0","0","0","0","(76004353,30)","(90052111)","","","0","71010100","(70113,37155,736)","","","","","","","0","3","500","","70503001","","","","","","","","","","","","","","","","","","","","","",""
"15020248","2","0","0","","0","0","90007230","0","0","0","0","0","0","(76004356,30)","(90052113)","","","0","71010100","(79313,71818,2461)","","","","","","","0","3","500","","70503001","","","","","","","","","","","","","","","","","","","","","",""
"15020249","2","0","0","","0","0","90007230","0","0","0","0","0","0","(76004357,30)","(90052113)","","","0","71010100","(78447,68776,2228)","","","","","","","0","3","500","","70503001","","","","","","","","","","","","","","","","","","","","","",""
"15020250","2","0","0","","0","0","90007230","0","0","0","0","0","0","(76004358,30)","(90052111)","","","0","71010100","(73108,35988,873)","","","","","","","0","3","500","","70503001","","","","","","","","","","","","","","","","","","","","","",""
"15020251","2","0","0","","0","0","90007230","0","0","0","0","0","0","(76004361,30)","(90052109)","","","0","71010100","(78938,44677,3360)","","","","","","","0","3","500","","70503001","","","","","","","","","","","","","","","","","","","","","",""
"15020252","2","0","0","","0","0","90007230","0","0","0","0","0","0","(76004362,30)","(90052108)","","","0","71010100","(48626,58092,1206)","","","","","","","0","3","500","","70503001","","","","","","","","","","","","","","","","","","","","","",""
"15020253","2","0","0","","0","0","90007230","0","0","0","0","0","0","(76004363,30)","(90052104)","","","0","71010100","(52833,46368,1507)","","","","","","","0","3","500","","70503001","","","","","","","","","","","","","","","","","","","","","",""
"15020254","2","0","0","","0","0","90007230","0","0","0","0","0","0","(76004364,30)","(90052108)","","","0","71010100","(48021,55713,1173)","","","","","","","0","3","500","","70503001","","","","","","","","","","","","","","","","","","","","","",""
"15020255","2","0","0","","0","0","90007230","0","0","0","0","0","0","(76004365,30)","(90052109)","","","0","71010100","(79166,45431,3489)","","","","","","","0","3","500","","70503001","","","","","","","","","","","","","","","","","","","","","",""
"15020256","2","0","0","","0","0","90007230","0","0","0","0","0","0","(76004366,30)","(90052109)","","","0","71010100","(78721,60257,2497)","","","","","","","0","3","500","","70503001","","","","","","","","","","","","","","","","","","","","","",""
"15020257","2","0","0","","0","0","90007230","0","0","0","0","0","0","(76004367,30)","(90052104)","","","0","71010100","(44799,40831,1617)","","","","","","","0","3","500","","70503001","","","","","","","","","","","","","","","","","","","","","",""
"15020258","2","0","0","","0","0","90007230","0","0","0","0","0","0","(76004384,30)","(90052109)","","","0","71010100","(76008,56260,2499)","","","","","","","0","3","500","","70503001","","","","","","","","","","","","","","","","","","","","","",""
"15020259","2","0","0","","0","0","90007230","0","0","0","0","0","0","(76004385,30)","(90052110)","","","0","71010100","(93546,43184,2720)","","","","","","","0","3","500","","70503001","","","","","","","","","","","","","","","","","","","","","",""
"15020260","2","0","0","","0","0","90007230","0","0","0","0","0","0","(76004371,30)","(90052110)","","","0","71010100","(84675,47089,2876)","","","","","","","0","3","500","","70503001","","","","","","","","","","","","","","","","","","","","","",""
"15020261","2","0","0","","0","0","90007230","0","0","0","0","0","0","(76004387,30)","(90052116)","","","0","71010100","(60023,83326,1702)","","","","","","","0","3","500","","70503001","","","","","","","","","","","","","","","","","","","","","",""
"15020262","2","0","0","","0","0","90007230","0","0","0","0","0","0","(76004388,30)","(90052116)","","","0","71010100","(48098,82107,2683)","","","","","","","0","3","500","","70503001","","","","","","","","","","","","","","","","","","","","","",""
"15020263","2","0","0","","0","0","90007230","0","0","0","0","0","0","(76004389,30)","(90052116)","","","0","71010100","(51772,78113,2782)","","","","","","","0","3","500","","70503001","","","","","","","","","","","","","","","","","","","","","",""
"15020264","2","0","0","","0","0","90007230","0","0","0","0","0","0","(76004390,30)","(90052116)","","","0","71010100","(41243,77410,2707)","","","","","","","0","3","500","","70503001","","","","","","","","","","","","","","","","","","","","","",""
"15020265","2","0","0","","0","0","90007230","0","0","0","0","0","0","(76004391,30)","(90052116)","","","0","71010100","(45073,79019,2648)","","","","","","","0","3","500","","70503001","","","","","","","","","","","","","","","","","","","","","",""
"15020266","2","0","0","","0","0","90007230","0","0","0","0","0","0","(76004395,30)","(90052115)","","","0","71010100","(51109,82592,2674)","","","","","","","0","3","500","","70503001","","","","","","","","","","","","","","","","","","","","","",""
"15020267","2","0","0","","0","0","90007230","0","0","0","0","0","0","(76004396,30)","(90052115)","","","0","71010100","(45568,82210,2693)","","","","","","","0","3","500","","70503001","","","","","","","","","","","","","","","","","","","","","",""
"15020268","2","0","0","","0","0","90007230","0","0","0","0","0","0","(76004397,30)","(90052115)","","","0","71010100","(38601,81547,2680)","","","","","","","0","3","500","","70503001","","","","","","","","","","","","","","","","","","","","","",""
"15020269","2","0","0","","0","0","90007230","0","0","0","0","0","0","(76004398,30)","(90052115)","","","0","71010100","(41071,76110,2750)","","","","","","","0","3","500","","70503001","","","","","","","","","","","","","","","","","","","","","",""
"15020270","2","0","0","","0","0","90007230","0","0","0","0","0","0","(76004399,30)","(90052115)","","","0","71010100","(58645,89017,1699)","","","","","","","0","3","500","","70503001","","","","","","","","","","","","","","","","","","","","","",""
"15020271","2","0","0","","0","0","90007230","0","0","0","0","0","0","(76004400,30)","(90052117)","","","0","71010100","(51634,76757,2735)","","","","","","","0","3","500","","70503001","","","","","","","","","","","","","","","","","","","","","",""
"15020272","2","0","0","","0","0","90007230","0","0","0","0","0","0","(76004401,30)","(90052117)","","","0","71010100","(51938,83770,2735)","","","","","","","0","3","500","","70503001","","","","","","","","","","","","","","","","","","","","","",""
"15020273","2","0","0","","0","0","90007230","0","0","0","0","0","0","(76004402,30)","(90052117)","","","0","71010100","(49593,75667,2707)","","","","","","","0","3","500","","70503001","","","","","","","","","","","","","","","","","","","","","",""
"15020274","2","0","0","","0","0","90007230","0","0","0","0","0","0","(76004403,30)","(90052117)","","","0","71010100","(55913,95749,1181)","","","","","","","0","3","500","","70503001","","","","","","","","","","","","","","","","","","","","","",""
"15020275","2","0","0","","0","0","90007230","0","0","0","0","0","0","(76004404,30)","(90052117)","","","0","71010100","(55642,93430,1205)","","","","","","","0","3","500","","70503001","","","","","","","","","","","","","","","","","","","","","",""
"15020276","2","0","0","","0","0","90007230","0","0","0","0","0","0","(76007060,1)","(90050004)","","","0","71000001","(99445,48745,2130)","","","","","","","0","3","500","","70503001","","","","","","","","","","","","","","","","","","","","","",""
"15020277","2","0","0","","0","0","90007230","0","0","0","0","0","0","(76007061,1)","(90050004)","","","0","71000001","(106665,52275,2125)","","","","","","","0","3","500","","70503001","","","","","","","","","","","","","","","","","","","","","",""
"15020278","2","0","0","","0","0","90007230","0","0","0","0","0","0","(76007060,1)","(90050004)","","","0","71000001","(99445,48745,2130)","","","","","","","0","3","500","","70503001","","","","","","","","","","","","","","","","","","","","","",""
"15020279","2","0","0","","0","0","90007230","0","0","0","0","0","0","(76007061,1)","(90050004)","","","0","71000001","(106665,52275,2125)","","","","","","","0","3","500","","70503001","","","","","","","","","","","","","","","","","","","","","",""
"15020280","2","0","0","","0","0","90007230","0","0","0","0","0","0","(76007063,1)","(90050004)","","","0","71000001","(92905,51365,2130)","","","","","","","0","3","500","","70503001","","","","","","","","","","","","","","","","","","","","","",""
"15020281","2","0","0","","0","0","90007230","0","0","0","0","0","0","(76007064,1)","(90050004)","","","0","71000001","(98680,34705,110)","","","","","","","0","3","500","","70503001","","","","","","","","","","","","","","","","","","","","","",""
"15020282","2","0","0","","0","0","90007230","0","0","0","0","0","0","(76007065,1)","(90050004)","","","0","71000001","(103170,29185,115)","","","","","","","0","3","500","","70503001","","","","","","","","","","","","","","","","","","","","","",""
"15020283","2","0","0","","0","0","90007230","0","0","0","0","0","0","(76007064,1)","(90050004)","","","0","71000001","(98680,34705,110)","","","","","","","0","3","500","","70503001","","","","","","","","","","","","","","","","","","","","","",""
"15020284","2","0","0","","0","0","90007230","0","0","0","0","0","0","(76007065,1)","(90050004)","","","0","71000001","(103170,29185,115)","","","","","","","0","3","500","","70503001","","","","","","","","","","","","","","","","","","","","","",""
"15020285","2","0","0","","0","0","90007230","0","0","0","0","0","0","(76007066,1)","(90050004)","","","0","71000001","(103170,29185,115)","","","","","","","0","3","500","","70503001","","","","","","","","","","","","","","","","","","","","","",""
"15020286","2","0","0","","0","0","90007230","0","0","0","0","0","0","(76007067,1)","(90050004)","","","0","71000001","(105565,21470,110)","","","","","","","0","3","500","","70503001","","","","","","","","","","","","","","","","","","","","","",""
"15020287","2","0","0","","0","0","90007230","0","0","0","0","0","0","(76007068,1)","(90050004)","","","0","71000001","(114850,24135,115)","","","","","","","0","3","500","","70503001","","","","","","","","","","","","","","","","","","","","","",""
"15020288","2","0","0","","0","0","90007230","0","0","0","0","0","0","(76007067,1)","(90050004)","","","0","71000001","(105565,21470,110)","","","","","","","0","3","500","","70503001","","","","","","","","","","","","","","","","","","","","","",""
"15020289","2","0","0","","0","0","90007230","0","0","0","0","0","0","(76007068,1)","(90050004)","","","0","71000001","(114850,24135,115)","","","","","","","0","3","500","","70503001","","","","","","","","","","","","","","","","","","","","","",""
"15020290","2","0","0","","0","0","90007230","0","0","0","0","0","0","(76007069,1)","(90050004)","","","0","71000001","(113435,20600,115)","","","","","","","0","3","500","","70503001","","","","","","","","","","","","","","","","","","","","","",""
"15020291","2","0","0","","0","0","90007230","0","0","0","0","0","0","(76007070,1)","(90050004)","","","0","71000001","(111080,29540,850)","","","","","","","0","3","500","","70503001","","","","","","","","","","","","","","","","","","","","","",""
"15020292","2","0","0","","0","0","90007230","0","0","0","0","0","0","(76007071,1)","(90050004)","","","0","71000001","(114540,31425,845)","","","","","","","0","3","500","","70503001","","","","","","","","","","","","","","","","","","","","","",""
"15020293","2","0","0","","0","0","90007230","0","0","0","0","0","0","(76007070,1)","(90050004)","","","0","71000001","(111080,29540,850)","","","","","","","0","3","500","","70503001","","","","","","","","","","","","","","","","","","","","","",""
"15020294","2","0","0","","0","0","90007230","0","0","0","0","0","0","(76007071,1)","(90050004)","","","0","71000001","(114540,31425,845)","","","","","","","0","3","500","","70503001","","","","","","","","","","","","","","","","","","","","","",""
"15020295","2","0","0","","0","0","90007230","0","0","0","0","0","0","(76007072,1)","(90050004)","","","0","71000001","(119810,29845,845)","","","","","","","0","3","500","","70503001","","","","","","","","","","","","","","","","","","","","","",""
"15020296","2","0","0","","0","0","90007230","0","0","0","0","0","0","(76007073,1)","(90050004)","","","0","71000001","(106540,28195,845)","","","","","","","0","3","500","","70503001","","","","","","","","","","","","","","","","","","","","","",""
"15020297","2","0","0","","0","0","90007230","0","0","0","0","0","0","(76007075,1)","(90050004)","","","0","71000001","(120175,19770,540)","","","","","","","0","3","500","","70503001","","","","","","","","","","","","","","","","","","","","","",""
"15020298","2","0","0","","0","0","90007230","0","0","0","0","0","0","(76007073,1)","(90050004)","","","0","71000001","(106540,28195,845)","","","","","","","0","3","500","","70503001","","","","","","","","","","","","","","","","","","","","","",""
"15020299","2","0","0","","0","0","90007230","0","0","0","0","0","0","(76007075,1)","(90050004)","","","0","71000001","(120175,19770,540)","","","","","","","0","3","500","","70503001","","","","","","","","","","","","","","","","","","","","","",""
"15020300","2","0","0","","0","0","90007230","0","0","0","0","0","0","(76007076,1)","(90050004)","","","0","71000001","(121420,17320,115)","","","","","","","0","3","500","","70503001","","","","","","","","","","","","","","","","","","","","","",""
"15020301","2","0","0","","0","0","90007230","0","0","0","0","0","0","(76007077,1)","(90050004)","","","0","71000001","(115440,14370,110)","","","","","","","0","3","500","","70503001","","","","","","","","","","","","","","","","","","","","","",""
"15020302","2","0","0","","0","0","90007230","0","0","0","0","0","0","(76007076,1)","(90050004)","","","0","71000001","(121420,17320,115)","","","","","","","0","3","500","","70503001","","","","","","","","","","","","","","","","","","","","","",""
"15020303","2","0","0","","0","0","90007230","0","0","0","0","0","0","(76007077,1)","(90050004)","","","0","71000001","(115440,14370,110)","","","","","","","0","3","500","","70503001","","","","","","","","","","","","","","","","","","","","","",""
"15020304","2","0","0","","0","0","90007230","0","0","0","0","0","0","(76007078,1)","(90050004)","","","0","71000001","(112670,11715,135)","","","","","","","0","3","500","","70503001","","","","","","","","","","","","","","","","","","","","","",""
"15020305","2","0","0","","0","0","90007230","0","0","0","0","0","0","(76007080,1)","(90050004)","","","0","71000001","(102945,12015,100)","","","","","","","0","3","500","","70503001","","","","","","","","","","","","","","","","","","","","","",""
"15020306","2","0","0","","0","0","90007230","0","0","0","0","0","0","(76007081,1)","(90050004)","","","0","71000001","(104865,5345,100)","","","","","","","0","3","500","","70503001","","","","","","","","","","","","","","","","","","","","","",""
"15020307","2","0","0","","0","0","90007230","0","0","0","0","0","0","(76007079,1)","(90050004)","","","0","71000001","(109710,5580,425)","","","","","","","0","3","500","","70503001","","","","","","","","","","","","","","","","","","","","","",""
"15020308","2","0","0","","0","0","90007230","0","0","0","0","0","0","(76007080,1)","(90050004)","","","0","71000001","(102945,12015,100)","","","","","","","0","3","500","","70503001","","","","","","","","","","","","","","","","","","","","","",""
"15020309","2","0","0","","0","0","90007230","0","0","0","0","0","0","(76007081,1)","(90050004)","","","0","71000001","(104865,5345,100)","","","","","","","0","3","500","","70503001","","","","","","","","","","","","","","","","","","","","","",""
"15030001","3","32","120","","0","0","90007001","","","","","","","(0,15)","","","","","71000001","","","","","","","","","1","150000","0","0","","","","","","","","(15030002)","","15030001","","","","","","","","","","","",""
"15030002","3","32","150","","0","0","90007002","","","","","","","(0,30)","","","","","71000001","","","","","","","","","1","250000","0","0","","","","","","","","(15030003)","","15030001","","","","","","","","","","","",""
"15030003","3","32","180","","0","0","90007003","","","","","","","(0,50)","","","","","71000001","","","","","","","","","1","500000","0","0","","","","","","","","","","15030001","","","","","","","","","","","",""
"15030011","3","31","40","","0","0","90007021","","","","","","","(0,5)","","","","","71000001","","","","","","","","","1","50000","0","70502000","","","","","","","","(15030012)","","15030011","","","","","","","","","","","",""
"15030012","3","31","45","","0","0","90007022","","","","","","","(0,15)","","","","","71000001","","","","","","","","","1","100000","0","70502000","","","","","","","","(15030013)","","15030011","","","","","","","","","","","",""
"15030013","3","31","55","","0","0","90007023","","","","","","","(0,30)","","","","","71000001","","","","","","","","","1","200000","0","70502000","","","","","","","","","","15030011","","","","","","","","","","","",""
"15030021","3","30","160","","0","0","90007032","","","","","","","(0,20)","","","","","71000001","","","","","","","","","1","100000","0","0","","","","","","","","","","15030021","","","","","1","","","","(""0"",""0"",""ChooseMPWidgetElementHeartButtonAni"",""0"",""0"",""0"",""0"")","","",""
"15030022","3","30","160","","0","0","90007033","","","","","","","(0,30)","","","","","71000001","","","","","","","","","1","150000","0","0","","","","","","","","(15030023)","","15030021","","","","","1","","","","(""0"",""0"",""ChooseMPWidgetElementHeartButtonAni"",""0"",""0"",""0"",""0"")","","",""
"15030023","3","30","160","","0","0","90007034","","","","","","","(0,40)","","","","","71000001","","","","","","","","","1","250000","0","0","","","","","","","","","","15030021","","","","","1","","","","(""0"",""0"",""ChooseMPWidgetElementHeartButtonAni"",""0"",""0"",""0"",""0"")","","",""
"15030031","3","18","0","","0","0","90007043","","","","","","","(71020001,1)","","","","","71020001","","","","","","71020001","","","1","75000","0","0","","","","","","","","","","","","","","","","","","","","","",""
"15030032","3","18","0","","0","0","90007044","","","","","","","(71020004,1)","","","","","71020004","","","","","","71020004","","","1","150000","0","0","","","","","","","","","","","","","","","","","","","","","",""
"15030033","3","18","0","","0","0","90007045","","","","","","","(71020007,1)","","","","","71020007","","","","","","71020007","","","1","250000","0","0","","","","","","","","","","","","","","","","","","","","","",""
"15030034","3","18","0","","0","0","90007046","","","","","","","(71020010,1)","","","","","71020010","","","","","","71020010","","","1","400000","0","0","","","","","","","","","","","","","","","","","","","","","",""
"15030035","3","18","0","","0","0","90007047","","","","","","","(71020013,1)","","","","","71020013","","","","","","71020013","","","1","500000","0","0","","","","","","","","","","","","","","","","","","","","","",""
"15030036","3","18","0","","0","0","90007048","","","","","","","(71020016,1)","","","","","71020016","","","","","","71020016","","","1","750000","0","0","","","","","","","","","","","","","","","","","","","","","",""
"15030037","3","18","0","","0","0","90007049","","","","","","","(71020019,1)","","","","","71020019","","","","","","71020019","","","1","1000000","0","0","","","","","","","","","","","","","","","","","","","","","",""
"15030038","3","18","0","","0","0","90007050","","","","","","","(71020022,1)","","","","","71020022","","","","","","71020022","","","1","1250000","0","0","","","","","","","","","","","","","","","","","","","","","",""
"15030039","3","18","0","","0","0","90007051","","","","","","","(71020025,1)","","","","","71020025","","","","","","71020025","","","1","1500000","0","0","","","","","","","","","","","","","","","","","","","","","",""
"15030040","3","18","0","","0","0","90007052","","","","","","","(71020028,1)","","","","","71020028","","","","","","71020028","","","1","2000000","0","0","","","","","","","","","","","","","","","","","","","","","",""
"15030051","3","18","65","","0","0","90007043","","","","","","","(71020001,2)","","","","","71020001","","","","","","71020001","","","1","0","20000","0","(11,500)","","","","","","","(15030062)","","15030051","","","","","1","","","","(""1"",""UIDailyMustDoWidget"",""DailyChooseAni"",""6"",""0"",""0"",""0"")","","",""
"15030061","3","18","50","","0","0","90007063","","","","","","","(71020003,1)","","","","","71020003","","","","","","71020003","","","1","20000","0","0","","","","","","","","(15030062)","","15030051","","","","","","","","","","","",""
"15030062","3","18","100","","0","0","90007044","","","","","","","(71020004,1)","","","","","71020004","","","","","","71020004","","","1","80000","0","0","(11,1000)","","","","","","","(15030063)","15000708","15030051","","","","","1","","","","(""1"",""UIDailyMustDoWidget"",""DailyChooseAni"",""6"",""0"",""0"",""0"")","","",""
"15030063","3","18","120","","0","0","90007055","","","","","","","(71020008,1)","","","","","71020008","","","","","","71020008","","","1","100000","0","0","(11,1500)","","","","","","","(15030064)","15000760","15030051","","","","","1","","","","(""1"",""UIDailyMustDoWidget"",""DailyChooseAni"",""6"",""0"",""0"",""0"")","","",""
"15030064","3","18","150","","0","0","90007066","","","","","","","(71020012,1)","","","","","71020012","","","","","","71020012","","","1","150000","0","0","(11,2000)","","","","","","","(15030065)","15000791","15030051","","","","","1","","","","(""1"",""UIDailyMustDoWidget"",""DailyChooseAni"",""6"",""0"",""0"",""0"")","","",""
"15030065","3","18","190","","0","0","90007067","","","","","","","(71020015,1)","","","","","71020015","","","","","","71020015","","","1","200000","0","0","(11,2500)","","","","","","","(15030066)","15000858","15030051","","","","","1","","","","(""1"",""UIDailyMustDoWidget"",""DailyChooseAni"",""6"",""0"",""0"",""0"")","","",""
"15030066","3","18","250","","0","0","90007068","","","","","","","(71020018,1)","","","","","71020018","","","","","","71020018","","","1","300000","0","0","(11,3000)","","","","","","","(15030067)","15000922","15030051","","","","","1","","","","(""1"",""UIDailyMustDoWidget"",""DailyChooseAni"",""6"",""0"",""0"",""0"")","","",""
"15030067","3","18","320","","0","0","90007069","","","","","","","(71020021,1)","","","","","71020021","","","","","","71020021","","","1","800000","0","0","(11,3500)","","","","","","","(15030068)","15001029","15030051","","","","","1","","","","(""1"",""UIDailyMustDoWidget"",""DailyChooseAni"",""6"",""0"",""0"",""0"")","","",""
"15030068","3","18","400","","0","0","90007070","","","","","","","(71020024,1)","","","","","71020024","","","","","","71020024","","","1","1500000","0","0","(11,4000)","","","","","","","(15030069)","15001116","15030051","","","","","1","","","","(""1"",""UIDailyMustDoWidget"",""DailyChooseAni"",""6"",""0"",""0"",""0"")","","",""
"15030069","3","18","490","","0","0","90007071","","","","","","","(71020027,1)","","","","","71020027","","","","","","71020027","","","1","2500000","0","0","(11,4500)","","","","","","","(15030070)","15001213","15030051","","","","","1","","","","(""1"",""UIDailyMustDoWidget"",""DailyChooseAni"",""6"",""0"",""0"",""0"")","","",""
"15030070","3","18","590","","0","0","90007072","","","","","","","(71020030,1)","","","","","71020030","","","","","","71020030","","","1","5000000","0","0","(11,5000)","","","","","","","","15001335","15030051","","","","","1","","","","(""1"",""UIDailyMustDoWidget"",""DailyChooseAni"",""6"",""0"",""0"",""0"")","","",""
"15030071","3","15","45","","0","0","90007073","","","","","","","(60000000,1)","","","","","71000001","","","","","","","","","1","200000","0","0","(8,3000)","","","","","","","","","","","","","","","","","","","","",""
"15030072","3","33","100","","0","0","90007074","","","","","","","(0,1)","","","","","71000001","","","","","","","","","","","","","","","","","","","","","","15030072","","","","","1","","","","(""0"",""0"",""ChooseMountWidgetAni"",""0"",""0"",""0"",""0"")","","",""
"15030073","3","33","100","","0","0","90007075","","","","","","","(0,3)","","","","","71000001","","","","","","","","","","","","","","","","","","","","(15030074)","","15030072","","","","","1","","","","(""0"",""0"",""ChooseMountWidgetAni"",""0"",""0"",""0"",""0"")","","",""
"15030074","3","33","110","","0","0","90007076","","","","","","","(0,5)","","","","","71000001","","","","","","","","","","","","","","","","","","","","","","15030072","","","","","1","","","","(""0"",""0"",""ChooseMountWidgetAni"",""0"",""0"",""0"",""0"")","","",""
"15030081","3","14","180","","0","0","90007093","","","","","","","(0,2)","","","","","71000001","","","","","","","","","1","","","","","","","","","","","(15030082)","","15030081","","","","","","","","","","","",""
"15030082","3","14","200","","0","0","90007094","","","","","","","(0,3)","","","","","71000001","","","","","","","","","1","","","","","","","","","","","(15030083)","","15030081","","","","","","","","","","","",""
"15030083","3","14","250","","0","0","90007095","","","","","","","(0,4)","","","","","71000001","","","","","","","","","1","","","","","","","","","","","","","15030081","","","","","","","","","","","",""
"15030091","3","21","150","","0","0","90007104","","","","","","","(0,5)","","","","","71050001","","","","","","71050001","","","1","100000","0","70501018","","","","","","","","(15030092)","","15030091","","","","","","","","","","","",""
"15030092","3","21","160","","0","0","90007104","","","","","","","(0,5)","","","","","71050001","","","","","","71050001","","","1","200000","0","70501018","","","","","","","","","","15030092","","","","","1","","","","(""1"",""UIDailyMustDoWidget"",""DailyChooseAni"",""11"",""0"",""0"",""0"")","","",""
"15030093","3","21","160","","0","0","90007105","","","","","","","(0,10)","","","","","71050001","","","","","","71050001","","","1","300000","0","70501018","","","","","","","","(15030094)","","15030092","","","","","1","","","","(""1"",""UIDailyMustDoWidget"",""DailyChooseAni"",""11"",""0"",""0"",""0"")","","",""
"15030094","3","21","180","","0","0","90007106","","","","","","","(0,15)","","","","","71050001","","","","","","71050001","","","1","400000","0","70501019","","","","","","","","(15030095)","","15030092","","","","","1","","","","(""1"",""UIDailyMustDoWidget"",""DailyChooseAni"",""11"",""0"",""0"",""0"")","","",""
"15030095","3","21","220","","0","0","90007107","","","","","","","(0,20)","","","","","71050001","","","","","","71050001","","","1","600000","0","70501019","","","","","","","","(15030096)","","15030092","","","","","1","","","","(""1"",""UIDailyMustDoWidget"",""DailyChooseAni"",""11"",""0"",""0"",""0"")","","",""
"15030096","3","21","260","","0","0","90007108","","","","","","","(0,25)","","","","","71050001","","","","","","71050001","","","1","1000000","0","70501019","","","","","","","","(15030097)","","15030092","","","","","1","","","","(""1"",""UIDailyMustDoWidget"",""DailyChooseAni"",""11"",""0"",""0"",""0"")","","",""
"15030097","3","21","300","","0","0","90007109","","","","","","","(0,30)","","","","","71050001","","","","","","71050001","","","1","1500000","0","70501019","","","","","","","","(15030098)","","15030092","","","","","1","","","","(""1"",""UIDailyMustDoWidget"",""DailyChooseAni"",""11"",""0"",""0"",""0"")","","",""
"15030098","3","21","370","","0","0","90007110","","","","","","","(0,40)","","","","","71050001","","","","","","71050001","","","1","2250000","0","70501019","","","","","","","","(15030099)","","15030092","","","","","1","","","","(""1"",""UIDailyMustDoWidget"",""DailyChooseAni"",""11"",""0"",""0"",""0"")","","",""
"15030099","3","21","450","","0","0","90007111","","","","","","","(0,50)","","","","","71050001","","","","","","71050001","","","1","3500000","0","70501019","","","","","","","","","","15030092","","","","","1","","","","(""1"",""UIDailyMustDoWidget"",""DailyChooseAni"",""11"",""0"",""0"",""0"")","","",""
"15030100","3","21","0","","0","0","90007113","","","","","","","(0,50)","","","","","71050001","","","","","","71050001","","","1","4500000","0","0","","","","","","","","","","","","","","","","","","","","","",""
"15030101","3","21","0","","0","0","90007114","","","","","","","(0,55)","","","","","71050001","","","","","","71050001","","","1","6000000","0","0","","","","","","","","","","","","","","","","","","","","","",""
"15030102","3","21","0","","0","0","90007115","","","","","","","(0,60)","","","","","71050001","","","","","","71050001","","","1","7500000","0","0","","","","","","","","","","","","","","","","","","","","","",""
"15030111","3","19","40","","0","0","90007116","","","","","","","(0,10)","","","","","71000001","","","","","","","","","1","75000","0","0","","","","","","","","","","","","","","","","","","","","","",""
"15030121","3","20","170","","0","0","90007117","","","","","","","(0,5)","","","","","71000001","","","","","","","","","1","500000","0","0","","","","","","","","","","","","","","","","","","","","","",""
"15030131","3","26","35","","0","0","90007118","","","","","","","(0,3)","","","","","71000001","","","","","","","","","1","10000","0","70501020","","","","","","","","","","","","","","","1","","","","","","",""
"15030141","3","22","80","","0","0","90007119","","","","","","","(71100004,3)","","","","","71100004","","","","","","71100004","","","1","","0","70990021","(2,20000)","","","","","","","","","","","","","","1","","","","(""1"",""UIDailyMustDoWidget"",""DailyChooseAni"",""14"",""0"",""0"",""0"")","","",""
"15030151","3","24","110","","0","0","90007120","","","","","","","(0,3)","","","","","71000001","","","","","","","","","1","100000","0","","(2,20000)","","","","","","","","","","","","","","1","","","","(""0"",""0"",""ChooseMPBtnChangeAni"",""0"",""0"",""0"",""0"")","","",""
"15030161","3","25","90","","0","0","90007121","","","","","","","(0,1)","","","","","71000001","","","","","","","","","1","300000","0","","","","","","","","","","","","","","","","1","","","","","","",""
"15030171","3","27","55","","0","0","90007122","","","","","","","(35120005,1)","","","","","71000001","","","","","","","","","1","100000","0","","(6,20000)","","","","","","","","","","","","","","1","","","","","","",""
"15030172","3","27","80","","0","0","90007122","","","","","","","(35225005,1)","","","","","71000001","","","","","","","","","1","100000","0","","(18,10)","","","","","","","","","","","","","","1","","","","","","",""
"15030173","3","27","52","","0","0","90007122","","","","","","","(35030001,1)","","","","","71000001","","","","","","","","","1","0","100000","","","","","","","","","","","","","","","","1","","","","","","",""
"15030181","3","29","35","","0","0","90007123","","","","","","","(0,1)","","","","","71000001","","","","","","","","","1","0","10000","","(15,100)","","","","","","","(15030421)","","","","","","","1","","","","","","",""
"15030191","3","18","50","","0","0","90007124","","","","","","","(71160004,1)","","","","","71160004","","","","","","71160004","","","1","100000","0","","","","","","","","","","","","","","","","","","","","","","",""
"15030201","3","34","50","","0","0","90007125","","","","","","","(0,1)","","","","","71000001","","","","","","","","","1","100000","0","","","","","","","","","","","","","","","","","","","","","","",""
"15030211","3","18","50","","0","0","90007126","","","","","","","(71080001,2)","","","","","71080001","","","","","","71080001","","","1","100000","0","","","","","","","","","","","","","","","","","","","","","","",""
"15030221","3","18","110","","0","0","90007127","","","","","","","(71130001,1)","","","","","71130001","","","","","","71130001","","","1","100000","0","","","","","","","","","","","","","","","","","","","","","","",""
"15030231","3","18","201","","0","0","90007128","","","","","","","(71140001,1)","","","","","71140001","","","","","","71140001","","","1","500000","0","","","","","","","","","","","","","","","","","","","","","","",""
"15030241","3","18","70","","0","0","90007129","","","","","","","(71040001,1)","","","","","71040004","","","","","","71040004","","","1","100000","0","70502000","","","","","","","","","","","","","","","1","","","","(""1"",""UIDailyMustDoWidget"",""DailyChooseAni"",""9"",""0"",""0"",""0"")","","",""
"15030251","3","18","100","","0","0","90007130","","","","","","","(71010002,1)","","","","","71010002","","","","","","71010002","","","1","100000","0","70502021","","","","","","","","","","","","","","","1","","","","(""1"",""UIDailyMustDoWidget"",""DailyChooseAni"",""17"",""0"",""0"",""0"")","","",""
"15030261","3","18","0","","0","0","90007131","","","","","","","(71110001,1)","","","","","71110001","","","","","","71110001","","","1","1000000","0","","","","","","","","","","","","","","","","","","","","","","",""
"15030271","3","18","56","","0","0","90007132","","","","","","","(71040002,1)","","","","","71040008","","","","","","71040008","","","1","100000","0","70502010","","","","","","","","","","","","","","","1","","","","(""1"",""UIDailyMustDoWidget"",""DailyChooseAni"",""8"",""0"",""0"",""0"")","","",""
"15030281","3","18","0","","0","0","90007133","","","","","","","(71120001,1)","","","","","71120001","","","","","","71120001","","","1","1000000","0","","","","","","","","","","","","","","","","","","","","","","",""
"15030291","3","18","0","","0","0","90007134","","","","","","","(71040003,1)","","","","","71040013","","","","","","71040013","","","1","1000000","0","","","","","","","","","","","","","","","","","","","","","","",""
"15030301","3","0","14","","0","0","90007147","","","","","","","(76000273,6)","(90052003)","","","","71000001","(22259,50607,439)","","","","","","","","1","10000","0","","(2,20000)","","","","","","","","","","","","","","","","","","","","",""
"15030302","3","0","18","","0","0","90007148","","","","","","","(76000280,8)","(90052003)","","","","71000001","(23440,59350,408)","","","","","","","","1","25000","0","","(2,20000)","","","","","","","","","","","","","","","","","","","","",""
"15030311","3","0","25","","0","0","90007147","","","","","","","(76001197,10)","(90052004)","","","","71000001","(55752,71369,3068)","","","","","","","","1","40000","0","","(2,20000)","","","","","","","","","15030311","","","","","","","","","","","",""
"15030312","3","0","28","","0","0","90007148","","","","","","","(76001196,10)","(90052004)","","","","71000001","(59297,72111,3068)","","","","","","","","1","55000","0","","(2,20000)","","","","","","","","","15030311","","","","","","","","","","","",""
"15030313","3","0","30","","0","0","90007148","","","","","","","(76000326,10)","(90052004)","","","","71000001","(70910,74929,4458)","","","","","","","","1","50000","0","","(2,20000)","","","","","","","","15000650","15030311","","","","","","","","","","","",""
"15030321","3","0","40","","0","0","90007147","","","","","","","(76000283,20)","(90052009)","","","","71000001","(67218,27147,2288)","","","","","","","","1","100000","0","","(2,20000)","","","","","","","","","15030321","","","","","","","","","","","",""
"15030322","3","0","45","","0","0","90007148","","","","","","","(76000284,16)","(90052009)","","","","71000001","(73210,24590,2278)","","","","","","","","1","120000","0","","(2,20000)","","","","","","","","15000679","15030322","","","","","","","","","","","",""
"15030331","3","0","50","","0","0","90007147","","","","","","","(76000286,16)","(90052009)","","","","71000001","(71930,25270,2308)","","","","","","","","1","150000","0","","(2,20000)","","","","","","","(15030332)","","15030331","","","","","","","","","","","",""
"15030332","3","0","50","","0","0","90007148","","","","","","","(76000287,16)","(90052010)","","","","71000001","(76940,14320,3798)","","","","","","","","1","150000","0","","(2,20000)","","","","","","","(15030333)","15000690","15030331","","","","","","","","","","","",""
"15030333","3","0","50","","0","0","90007149","","","","","","","(76000288,18)","(90052009)","","","","71000001","(68969,13100,4498)","","","","","","","","1","150000","0","","(2,20000)","","","","","","","","15000693","15030331","","","","","","","","","","","",""
"15030341","3","0","60","","0","0","90007147","","","","","","","(76001128,22)","(90052009)","","","","71000001","(65379,29169,2298)","","","","","","","","1","200000","0","","(2,20000)","","","","","","","(15030342)","","15030341","","","","","","","","","","","",""
"15030342","3","0","60","","0","0","90007148","","","","","","","(76001129,25)","(90052014)","","","","71000001","(67129,30254,2349)","","","","","","","","1","200000","0","","(2,20000)","","","","","","","","15000707","15030341","","","","","","","","","","","",""
"15030343","3","0","60","","0","0","90007149","","","","","","","(76000294,30)","(90052014)","","","","71000001","(64569,101340,548)","","","","","","","","1","100000","0","0","","","","","","","","(15030344)","15000726","15030341","","","","","","","","","","","",""
"15030344","3","0","60","","0","0","90007150","","","","","","","(76000295,35)","(90052015)","","","","71000001","(54839,110719,1678)","","","","","","","","1","150000","0","0","","","","","","","","","15000736","15030341","","","","","","","","","","","",""
"15030351","3","0","80","","0","0","90007147","","","","","","","(76000296,35)","(90052016)","","","","71000001","(56530,112568,1698)","","","","","","","","1","175000","0","0","","","","","","","","(15030352)","","15030351","","","","","","","","","","","",""
"15030352","3","0","80","","0","0","90007148","","","","","","","(76000292,40)","(90052014)","","","","71000001","(52289,103799,548)","","","","","","","","1","190000","0","0","","","","","","","","(15030353)","15000749","15030351","","","","","","","","","","","",""
"15030353","3","0","80","","0","0","90007149","","","","","","","(76000295,40)","(90052015)","","","","71000001","(55799,110809,1678)","","","","","","","","1","200000","0","0","","","","","","","","","15000750","15030351","","","","","","","","","","","",""
"15030361","3","0","110","","0","0","90007147","","","","","","","(76001136,40)","(90052004)","","","","71000001","(76000,55049,4448)","","","","","","","","1","225000","0","0","","","","","","","","(15030362)","","15030361","","","","","","","","","","","",""
"15030362","3","0","110","","0","0","90007148","","","","","","","(76001137,40)","(90052004)","","","","71000001","(69319,57810,4448)","","","","","","","","1","250000","0","0","","","","","","","","(15030363)","15000757","15030361","","","","","","","","","","","",""
"15030363","3","0","110","","0","0","90007149","","","","","","","(76001138,40)","(90052005)","","","","71000001","(68670,72610,4448)","","","","","","","","1","275000","0","0","","","","","","","","","15000758","15030361","","","","","","","","","","","",""
"15030371","3","0","120","","0","0","90007147","","","","","","","(76000300,40)","(90052011)","","","","71000001","(96240,41439,1272)","","","","","","","","1","300000","0","0","","","","","","","","(15030372)","","15030371","","","","","","","","","","","",""
"15030372","3","0","120","","0","0","90007148","","","","","","","(76001142,40)","(90052011)","","","","71000001","(97760,43189,1258)","","","","","","","","1","325000","0","0","","","","","","","","(15030373)","15000764","15030371","","","","","","","","","","","",""
"15030373","3","0","120","","0","0","90007149","","","","","","","(76000302,45)","(90052011)","","","","71000001","(103780,39510,1297)","","","","","","","","1","350000","0","0","","","","","","","","","15000766","15030371","","","","","","","","","","","",""
"15030381","3","0","120","","0","0","90007147","","","","","","","(76000301,45)","(90052011)","","","","71000001","(102930,41840,1288)","","","","","","","","1","375000","0","0","","","","","","","","(15030382)","","15030381","","","","","","","","","","","",""
"15030382","3","0","120","","0","0","90007148","","","","","","","(76000304,45)","(90052011)","","","","71000001","(97500,27270,1267)","","","","","","","","1","400000","0","0","","","","","","","","(15030383)","15000773","15030381","","","","","","","","","","","",""
"15030383","3","0","120","","0","0","90007149","","","","","","","(76000305,45)","(90052011)","","","","71000001","(105010,23070,1961)","","","","","","","","1","425000","0","0","","","","","","","","","15000778","15030381","","","","","","","","","","","",""
"15030391","3","0","140","","0","0","90007147","","","","","","","(76000308,45)","(90052011)","","","","71000001","(110763,19495,692)","","","","","","","","1","450000","0","0","","","","","","","","(15030392)","","15030391","","","","","","","","","","","",""
"15030392","3","0","140","","0","0","90007148","","","","","","","(76000310,45)","(90052011)","","","","71000001","(111330,23750,638)","","","","","","","","1","475000","0","0","","","","","","","","(15030393)","15000788","15030391","","","","","","","","","","","",""
"15030393","3","0","140","","0","0","90007149","","","","","","","(76000307,50)","(90052011)","","","","71000001","(105800,18470,1966)","","","","","","","","1","500000","0","0","","","","","","","","","15000792","15030391","","","","","","","","","","","",""
"15030401","3","35","62","","0","0","90007139","","","","","","","(0,3)","","","","","71000001","","","","","","","","","1","0","10000","0","(11,500)","","","","","","","(15030402)","","15030401","","","","","1","","","","(""0"",""0"",""ChooseFireWidgetAni"",""0"",""0"",""0"",""0"")","","",""
"15030402","3","35","65","","0","0","90007140","","","","","","","(0,6)","","","","","71000001","","","","","","","","","1","0","10000","0","(11,500)","","","","","","","","","15030401","","","","","1","","","","(""0"",""0"",""ChooseFireWidgetAni"",""0"",""0"",""0"",""0"")","","",""
"15030403","3","35","65","","0","0","90007141","","","","","","","(0,8)","","","","","71000001","","","","","","","","","1","0","10000","0","(11,500)","","","","","","","","","15030401","","","","","1","","","","(""0"",""0"",""ChooseFireWidgetAni"",""0"",""0"",""0"",""0"")","","",""
"15030411","3","36","62","","0","0","90007142","","","","","","","(5,4)","","","","","71000001","","","","","","","","","1","0","20000","0","(6,20000)","","","","","","","","","","","","","","1","","","","","","",""
"15030421","3","37","38","","0","0","90007143","","","","","","","(0,1)","","","","","71000001","","","","","","","","","1","0","50000","0","(15,100)","","","","","","","","","","","","","","1","","","","","","",""
"15030431","3","18","51","","0","0","90007144","","","","","","","(71030001,2)","","","","","71030001","","","","","","71030001","","","1","1220000","0","","","","","","","","","","","","","","","","1","","","","(""1"",""UIDailyMustDoWidget"",""DailyChooseAni"",""0"",""0"",""0"",""0"")","","",""
"15030441","3","23","90","","0","0","90007145","","","","","","","(0,1)","","","","","71000001","","","","","","","","","1","50000","0","0","","","","","","","","","","","","","","","1","","","","(""0"",""0"",""ChooseRankingWidgetAni"",""0"",""0"",""0"",""0"")","","",""
"15030442","3","38","70","","0","0","90007146","","","","","","","(0,3)","","","","","71000001","","","","","","","","","1","500000","0","0","","","","","","","","","","","","","","","1","","","","","","",""
"15030450","3","59","7","0","0","0","90007161","","","","","","","(0,1,1,31020344,2,31022544,3,31022784,4,31023024)","","","","","71000001","","","","","","","","","1","","10000","","","","","","","","","","","","","","","","1","1","","","(""1"",""UIItemWidget"",""ItemChooseAni"",""31020344"",""31022544"",""31022784"",""31023024"")","","",""
"15030451","3","59","23","0","0","0","90007161","","","","","","","(0,1,1,31021304,2,31021364,3,31021424,4,31021484)","","","","","71000001","","","","","","","","","1","","20000","","","","","","","","","","","","","","","","1","1","","","(""1"",""UIItemWidget"",""ItemChooseAni"",""31021304"",""31021364"",""31021424"",""31021484"")","","",""
"15030452","3","59","30","0","0","0","90007161","","","","","","","(0,1,1,31020104,2,31020164,3,31020224,4,31020284)","","","","","71000001","","","","","","","","","1","","20000","","","","","","","","","","","","","","","","1","1","","","(""1"",""UIItemWidget"",""ItemChooseAni"",""31020104"",""31020164"",""31020224"",""31020284"")","","",""
"15030453","3","59","65","0","0","0","90007161","","","","","","","(0,1,1,31021785,2,31023505,3,31023745,4,31023985)","","","","","71000001","","","","","","","","","1","","20000","","","","","","","","","","","","","","","","1","1","","","(""1"",""UIItemWidget"",""ItemChooseAni"",""31021785"",""31023505"",""31023745"",""31023985"")","","",""
"15030454","3","64","60","","0","0","90007152","","","","","","","(0,1)","","","","","71000001","","","","","","","","","1","","20000","","","","","","","","","","","","","","","","1","","","","","","",""
"15030455","3","65","76","","0","0","90007995","","","","","","","(0,1)","","","","","71000001","","","","","","","","","1","","20000","0","","","","","","","","","","","","","","","1","","","","(""1"",""UIDailyMustDoWidget"",""DailyChooseAni"",""39"",""0"",""0"",""0"")","","",""
"15030456","3","66","50","","0","0","90007996","","","","","","","(0,1)","","","","","71000001","","","","","","","","","1","","20000","","","","","","","","","","","","","","","","1","","","","(""1"",""UIDailyMustDoWidget"",""DailyChooseAni"",""47"",""0"",""0"",""0"")","","",""
"15030457","3","59","50","0","0","0","90007161","","","","","","","(0,1,1,31021065,2,31021125,3,31021185,4,31021245)","","","","","71000001","","","","","","","","","1","","20000","","","","","","","","","","","","","","","","1","1","","","(""1"",""UIItemWidget"",""ItemChooseAni"",""31021065"",""31021125"",""31021185"",""31021245"")","","",""
"15030501","4","11","40","40","0","0","90009548","","","","","","15030502","(71211007,1)","","","","","71211007","","","","","","71211007","","","1","23500","0","70501004","","","","","","","","","","","","","","","1","","","","","","",""
"15030502","4","11","56","56","0","1","90009548","","","","","","15030503","(71211008,1)","","","","","71211008","","","","","","71211008","","","1","81100","0","70501004","","","","","","","","","","","","","","","1","","","","","","",""
"15030503","4","11","71","71","0","2","90009548","","","","","","15030504","(71211009,1)","","","","","71211009","","","","","","71211009","","","1","81100","0","70501004","","","","","","","","","","","","","","","1","","","","","","",""
"15030504","4","11","85","85","0","3","90009548","","","","","","15030505","(71211010,1)","","","","","71211010","","","","","","71211010","","","1","152100","0","70501004","","","","","","","","","","","","","","","1","","","","","","",""
"15030505","4","0","100","100","0","4","90054119","","","","","","15030506","(76000298,20)","(90052014)","","","","71000001","(61190,98430,528)","1","","","","","","","1","123300","0","0","","","","","","","","","","","","","","","","","","","","","",""
"15030506","4","6","100","100","0","4","90054119","","","","","","15030507","(76000297,15)","(90052014)","","","","71000001","(66030,112040,1678)","1","","","","","","0","1","123300","0","70501005","","","1","60","90009546","","","","","","","","","","","","","","","","",""
"15030507","4","11","100","100","0","4","90054119","","","","","","15030508","(71211003,1)","","","","","71211003","","","","","","71211003","","","1","123300","0","","","","","","","","","","","","","","","","1","","","","","","",""
"15030508","4","39","100","100","0","4","90009547","","","","","","15032211","(0,1)","","","","","71000001","","","","","","","","","1","123300","0","70501025","","","","","","","","","","","","","","","1","","","","","","",""
"15030509","4","11","120","120","0","5","90009548","","","","","","15030510","(71211011,1)","","","","","71211011","","","","","","71211011","","","1","100000","0","","","","","","","","","","","","","","","","1","","","","","","",""
"15030510","4","11","140","140","0","6","90009548","","","","","","15030511","(71211012,1)","","","","","71211012","","","","","","71211012","","","1","150000","0","","","","","","","","","","","","","","","","1","","","","","","",""
"15030511","4","11","160","160","0","7","90009548","","","","","","15030512","(71211013,1)","","","","","71211013","","","","","","71211013","","","1","200000","0","","","","","","","","","","","","","","","","1","","","","","","",""
"15030512","4","11","180","180","0","8","90009548","","","","","","15030513","(71211014,1)","","","","","71211014","","","","","","71211014","","","1","250000","0","","","","","","","","","","","","","","","","1","","","","","","",""
"15030513","4","0","200","200","0","9","90054120","","","","","","15030514","(76000558,20)","(90052012)","","","","71000001","(44050,133220,1788)","1","","","","","","","1","300000","0","0","","","","","","","","","","","","","","","","","","","","","",""
"15030514","4","6","200","200","0","9","90054120","","","","","","15030515","(76000559,15)","(90052015)","","","","71000001","(47000,134380,1788)","1","","","","","","0","1","300000","0","","","","1","30","90009546","","","","","","","","","","","","","","","","",""
"15030515","4","11","200","200","0","9","90054120","","","","","","15030516","(71211004,1)","","","","","71211004","","","","","","71211004","","","1","300000","0","0","","","","","","","","","","","","","","","1","","","","","","",""
"15030516","4","39","200","200","0","9","90009547","","","","","","15030517","(0,2)","","","","","71000001","","","","","","","","","1","300000","0","0","","","","","","","","","","","","","","","1","","","","","","",""
"15030517","4","11","220","220","0","10","90009548","","","","","","15030518","(71211015,1)","","","","","71211015","","","","","","71211015","","","1","300000","0","","","","","","","","","","","","","","","","1","","","","","","",""
"15030518","4","11","240","240","0","11","90009548","","","","","","15030519","(71211016,1)","","","","","71211016","","","","","","71211016","","","1","400000","0","","","","","","","","","","","","","","","","1","","","","","","",""
"15030519","4","11","260","260","0","12","90009548","","","","","","15030520","(71211017,1)","","","","","71211017","","","","","","71211017","","","1","500000","0","","","","","","","","","","","","","","","","1","","","","","","",""
"15030520","4","11","280","280","0","13","90009548","","","","","","15030521","(71211018,1)","","","","","71211018","","","","","","71211018","","","1","600000","0","","","","","","","","","","","","","","","","1","","","","","","",""
"15030521","4","0","300","300","0","14","90054117","","","","","","15030522","(76000679,20)","(90052013)","","","","71000001","(59102,192938,5550)","1","","","","","","","1","600000","0","0","","","","","","","","","","","","","","","","","","","","","",""
"15030522","4","6","300","300","0","14","90054117","","","","","","15030523","(76000681,15)","(90052016)","","","","71000001","(57973,209258,6580)","1","","","","","","0","1","600000","0","","","","1","30","90009546","","","","","","","","","","","","","","","","",""
"15030523","4","11","300","300","0","14","90054117","","","","","","15030524","(71211001,1)","","","","","71211001","","","","","","71211001","","","1","600000","0","0","","","","","","","","","","","","","","","1","","","","","","",""
"15030524","4","39","300","300","0","14","90009547","","","","","","15030525","(0,3)","","","","","71000001","","","","","","","","","1","600000","0","0","","","","","","","","","","","","","","","1","","","","","","",""
"15030525","4","11","320","320","0","15","90009548","","","","","","15030526","(71211019,1)","","","","","71211019","","","","","","71211019","","","1","600000","0","","","","","","","","","","","","","","","","1","","","","","","",""
"15030526","4","11","340","340","0","16","90009548","","","","","","15030527","(71211020,1)","","","","","71211020","","","","","","71211020","","","1","700000","0","","","","","","","","","","","","","","","","1","","","","","","",""
"15030527","4","11","360","360","0","17","90009548","","","","","","15030528","(71211021,1)","","","","","71211021","","","","","","71211021","","","1","800000","0","","","","","","","","","","","","","","","","1","","","","","","",""
"15030528","4","11","380","380","0","18","90009548","","","","","","15030529","(71211022,1)","","","","","71211022","","","","","","71211022","","","1","900000","0","","","","","","","","","","","","","","","","1","","","","","","",""
"15030529","4","0","400","400","0","19","90054118","","","","","","15030530","(76000803,20)","(90052014)","","","","71000001","(120360,171980,2178)","1","","","","","","","1","900000","0","0","","","","","","","","","","","","","","","","","","","","","",""
"15030530","4","6","400","400","0","19","90054118","","","","","","15030531","(76000830,15)","(90052017)","","","","71000001","(119970,128560,1678)","1","","","","","","0","1","900000","0","","","","1","30","90009546","","","","","","","","","","","","","","","","",""
"15030531","4","11","400","400","0","19","90054118","","","","","","15030532","(71211002,1)","","","","","71211002","","","","","","71211002","","","1","900000","0","0","","","","","","","","","","","","","","","1","","","","","","",""
"15030532","4","39","400","400","0","19","90009547","","","","","","15030533","(0,4)","","","","","71000001","","","","","","","","","1","900000","0","0","","","","","","","","","","","","","","","1","","","","","","",""
"15030533","4","11","420","420","0","20","90009548","","","","","","15030534","(71211023,1)","","","","","71211023","","","","","","71211023","","","1","900000","0","","","","","","","","","","","","","","","","1","","","","","","",""
"15030534","4","11","440","440","0","21","90009548","","","","","","15030535","(71211024,1)","","","","","71211024","","","","","","71211024","","","1","1000000","0","","","","","","","","","","","","","","","","1","","","","","","",""
"15030535","4","11","460","460","0","22","90009548","","","","","","15030536","(71211025,1)","","","","","71211025","","","","","","71211025","","","1","1100000","0","","","","","","","","","","","","","","","","1","","","","","","",""
"15030536","4","11","480","480","0","23","90009548","","","","","","15030537","(71211026,1)","","","","","71211026","","","","","","71211026","","","1","1200000","0","","","","","","","","","","","","","","","","1","","","","","","",""
"15030537","4","0","500","500","0","24","90054121","","","","","","15030538","(76000936,20)","(90052015)","","","","71000001","(148830,27690,798)","1","","","","","","","1","1200000","0","0","","","","","","","","","","","","","","","","","","","","","",""
"15030538","4","6","500","500","0","24","90054121","","","","","","15030539","(76000931,15)","(90052018)","","","","71000001","(139759,40310,798)","1","","","","","","0","1","1200000","0","","","","1","30","90009546","","","","","","","","","","","","","","","","",""
"15030539","4","11","500","500","0","24","90054121","","","","","","15030540","(71211005,1)","","","","","71211005","","","","","","71211005","","","1","1200000","0","0","","","","","","","","","","","","","","","1","","","","","","",""
"15030540","4","39","500","500","0","24","90009547","","","","","","15030541","(0,5)","","","","","71000001","","","","","","","","","1","1200000","0","0","","","","","","","","","","","","","","","1","","","","","","",""
"15030541","4","11","520","520","0","25","90009548","","","","","","15030542","(71211027,1)","","","","","71211027","","","","","","71211027","","","1","1200000","0","","","","","","","","","","","","","","","","1","","","","","","",""
"15030542","4","11","540","540","0","26","90009548","","","","","","15030543","(71211028,1)","","","","","71211028","","","","","","71211028","","","1","1300000","0","","","","","","","","","","","","","","","","1","","","","","","",""
"15030543","4","11","560","560","0","27","90009548","","","","","","15030544","(71211029,1)","","","","","71211029","","","","","","71211029","","","1","1400000","0","","","","","","","","","","","","","","","","1","","","","","","",""
"15030544","4","11","580","580","0","28","90009548","","","","","","15030545","(71211030,1)","","","","","71211030","","","","","","71211030","","","1","1500000","0","","","","","","","","","","","","","","","","1","","","","","","",""
"15030545","4","0","600","600","0","29","90054122","","","","","","15030546","(76001116,20)","(90052016)","","","","71000001","(169720,81090,3088)","1","","","","","","","1","1500000","0","0","","","","","","","","","","","","","","","","","","","","","",""
"15030546","4","6","600","600","0","29","90054122","","","","","","15030547","(76001112,15)","(90052019)","","","","71000001","(172971,74000,1607)","1","","","","","","0","1","1500000","0","","","","1","30","90009546","","","","","","","","","","","","","","","","",""
"15030547","4","11","600","600","0","29","90054122","","","","","","15030548","(71211006,1)","","","","","71211006","","","","","","71211006","","","1","1500000","0","0","","","","","","","","","","","","","","","1","","","","","","",""
"15030548","4","39","600","600","0","29","90009547","","","","","","15030693","(0,6)","","","","","71000001","","","","","","","","","1","1500000","0","0","","","","","","","","","","","","","","","1","","","","","","",""
"15030549","4","11","40","40","0","0","90009548","","","","","","15030550","(71211031,1)","","","","","71211031","","","","","","71211031","","","1","23500","0","70501004","","","","","","","","","","","","","","","1","","","","","","",""
"15030550","4","11","56","56","0","1","90009548","","","","","","15030551","(71211032,1)","","","","","71211032","","","","","","71211032","","","1","81100","0","70501004","","","","","","","","","","","","","","","1","","","","","","",""
"15030551","4","11","71","71","0","2","90009548","","","","","","15030552","(71211033,1)","","","","","71211033","","","","","","71211033","","","1","81100","0","70501004","","","","","","","","","","","","","","","1","","","","","","",""
"15030552","4","11","85","85","0","3","90009548","","","","","","15030553","(71211034,1)","","","","","71211034","","","","","","71211034","","","1","152100","0","70501004","","","","","","","","","","","","","","","1","","","","","","",""
"15030553","4","0","100","100","0","4","90054119","","","","","","15030554","(76000298,20)","(90052014)","","","","71000001","(61190,98430,528)","1","","","","","","","1","123300","0","0","","","","","","","","","","","","","","","","","","","","","",""
"15030554","4","6","100","100","0","4","90054119","","","","","","15030555","(76000297,15)","(90052014)","","","","71000001","(66030,112040,1678)","1","","","","","","0","1","123300","0","70501005","","","1","60","90009546","","","","","","","","","","","","","","","","",""
"15030555","4","11","100","100","0","4","90054119","","","","","","15030556","(71211003,1)","","","","","71211003","","","","","","71211003","","","1","123300","0","","","","","","","","","","","","","","","","1","","","","","","",""
"15030556","4","39","100","100","0","4","90009547","","","","","","15032212","(0,1)","","","","","71000001","","","","","","","","","1","123300","0","70501025","","","","","","","","","","","","","","","1","","","","","","",""
"15030557","4","11","120","120","0","5","90009548","","","","","","15030558","(71211035,1)","","","","","71211035","","","","","","71211035","","","1","100000","0","","","","","","","","","","","","","","","","1","","","","","","",""
"15030558","4","11","140","140","0","6","90009548","","","","","","15030559","(71211036,1)","","","","","71211036","","","","","","71211036","","","1","150000","0","","","","","","","","","","","","","","","","1","","","","","","",""
"15030559","4","11","160","160","0","7","90009548","","","","","","15030560","(71211037,1)","","","","","71211037","","","","","","71211037","","","1","200000","0","","","","","","","","","","","","","","","","1","","","","","","",""
"15030560","4","11","180","180","0","8","90009548","","","","","","15030561","(71211038,1)","","","","","71211038","","","","","","71211038","","","1","250000","0","","","","","","","","","","","","","","","","1","","","","","","",""
"15030561","4","0","200","200","0","9","90054120","","","","","","15030562","(76000558,20)","(90052012)","","","","71000001","(44050,133220,1788)","1","","","","","","","1","300000","0","0","","","","","","","","","","","","","","","","","","","","","",""
"15030562","4","6","200","200","0","9","90054120","","","","","","15030563","(76000559,15)","(90052015)","","","","71000001","(47000,134380,1788)","1","","","","","","0","1","300000","0","","","","1","30","90009546","","","","","","","","","","","","","","","","",""
"15030563","4","11","200","200","0","9","90054120","","","","","","15030564","(71211004,1)","","","","","71211004","","","","","","71211004","","","1","300000","0","0","","","","","","","","","","","","","","","1","","","","","","",""
"15030564","4","39","200","200","0","9","90009547","","","","","","15030565","(0,2)","","","","","71000001","","","","","","","","","1","300000","0","0","","","","","","","","","","","","","","","1","","","","","","",""
"15030565","4","11","220","220","0","10","90009548","","","","","","15030566","(71211039,1)","","","","","71211039","","","","","","71211039","","","1","300000","0","","","","","","","","","","","","","","","","1","","","","","","",""
"15030566","4","11","240","240","0","11","90009548","","","","","","15030567","(71211040,1)","","","","","71211040","","","","","","71211040","","","1","400000","0","","","","","","","","","","","","","","","","1","","","","","","",""
"15030567","4","11","260","260","0","12","90009548","","","","","","15030568","(71211041,1)","","","","","71211041","","","","","","71211041","","","1","500000","0","","","","","","","","","","","","","","","","1","","","","","","",""
"15030568","4","11","280","280","0","13","90009548","","","","","","15030569","(71211042,1)","","","","","71211042","","","","","","71211042","","","1","600000","0","","","","","","","","","","","","","","","","1","","","","","","",""
"15030569","4","0","300","300","0","14","90054117","","","","","","15030570","(76000679,20)","(90052013)","","","","71000001","(59102,192938,5550)","1","","","","","","","1","600000","0","0","","","","","","","","","","","","","","","","","","","","","",""
"15030570","4","6","300","300","0","14","90054117","","","","","","15030571","(76000681,15)","(90052016)","","","","71000001","(57973,209258,6580)","1","","","","","","0","1","600000","0","","","","1","30","90009546","","","","","","","","","","","","","","","","",""
"15030571","4","11","300","300","0","14","90054117","","","","","","15030572","(71211001,1)","","","","","71211001","","","","","","71211001","","","1","600000","0","0","","","","","","","","","","","","","","","1","","","","","","",""
"15030572","4","39","300","300","0","14","90009547","","","","","","15030573","(0,3)","","","","","71000001","","","","","","","","","1","600000","0","0","","","","","","","","","","","","","","","1","","","","","","",""
"15030573","4","11","320","320","0","15","90009548","","","","","","15030574","(71211043,1)","","","","","71211043","","","","","","71211043","","","1","600000","0","","","","","","","","","","","","","","","","1","","","","","","",""
"15030574","4","11","340","340","0","16","90009548","","","","","","15030575","(71211044,1)","","","","","71211044","","","","","","71211044","","","1","700000","0","","","","","","","","","","","","","","","","1","","","","","","",""
"15030575","4","11","360","360","0","17","90009548","","","","","","15030576","(71211045,1)","","","","","71211045","","","","","","71211045","","","1","800000","0","","","","","","","","","","","","","","","","1","","","","","","",""
"15030576","4","11","380","380","0","18","90009548","","","","","","15030577","(71211046,1)","","","","","71211046","","","","","","71211046","","","1","900000","0","","","","","","","","","","","","","","","","1","","","","","","",""
"15030577","4","0","400","400","0","19","90054118","","","","","","15030578","(76000803,20)","(90052014)","","","","71000001","(120360,171980,2178)","1","","","","","","","1","900000","0","0","","","","","","","","","","","","","","","","","","","","","",""
"15030578","4","6","400","400","0","19","90054118","","","","","","15030579","(76000830,15)","(90052017)","","","","71000001","(119970,128560,1678)","1","","","","","","0","1","900000","0","","","","1","30","90009546","","","","","","","","","","","","","","","","",""
"15030579","4","11","400","400","0","19","90054118","","","","","","15030580","(71211002,1)","","","","","71211002","","","","","","71211002","","","1","900000","0","0","","","","","","","","","","","","","","","1","","","","","","",""
"15030580","4","39","400","400","0","19","90009547","","","","","","15030581","(0,4)","","","","","71000001","","","","","","","","","1","900000","0","0","","","","","","","","","","","","","","","1","","","","","","",""
"15030581","4","11","420","420","0","20","90009548","","","","","","15030582","(71211047,1)","","","","","71211047","","","","","","71211047","","","1","900000","0","","","","","","","","","","","","","","","","1","","","","","","",""
"15030582","4","11","440","440","0","21","90009548","","","","","","15030583","(71211048,1)","","","","","71211048","","","","","","71211048","","","1","1000000","0","","","","","","","","","","","","","","","","1","","","","","","",""
"15030583","4","11","460","460","0","22","90009548","","","","","","15030584","(71211049,1)","","","","","71211049","","","","","","71211049","","","1","1100000","0","","","","","","","","","","","","","","","","1","","","","","","",""
"15030584","4","11","480","480","0","23","90009548","","","","","","15030585","(71211050,1)","","","","","71211050","","","","","","71211050","","","1","1200000","0","","","","","","","","","","","","","","","","1","","","","","","",""
"15030585","4","0","500","500","0","24","90054121","","","","","","15030586","(76000936,20)","(90052015)","","","","71000001","(148830,27690,798)","1","","","","","","","1","1200000","0","0","","","","","","","","","","","","","","","","","","","","","",""
"15030586","4","6","500","500","0","24","90054121","","","","","","15030587","(76000931,15)","(90052018)","","","","71000001","(139759,40310,798)","1","","","","","","0","1","1200000","0","","","","1","30","90009546","","","","","","","","","","","","","","","","",""
"15030587","4","11","500","500","0","24","90054121","","","","","","15030588","(71211005,1)","","","","","71211005","","","","","","71211005","","","1","1200000","0","0","","","","","","","","","","","","","","","1","","","","","","",""
"15030588","4","39","500","500","0","24","90009547","","","","","","15030589","(0,5)","","","","","71000001","","","","","","","","","1","1200000","0","0","","","","","","","","","","","","","","","1","","","","","","",""
"15030589","4","11","520","520","0","25","90009548","","","","","","15030590","(71211051,1)","","","","","71211051","","","","","","71211051","","","1","1200000","0","","","","","","","","","","","","","","","","1","","","","","","",""
"15030590","4","11","540","540","0","26","90009548","","","","","","15030591","(71211052,1)","","","","","71211052","","","","","","71211052","","","1","1300000","0","","","","","","","","","","","","","","","","1","","","","","","",""
"15030591","4","11","560","560","0","27","90009548","","","","","","15030592","(71211053,1)","","","","","71211053","","","","","","71211053","","","1","1400000","0","","","","","","","","","","","","","","","","1","","","","","","",""
"15030592","4","11","580","580","0","28","90009548","","","","","","15030593","(71211054,1)","","","","","71211054","","","","","","71211054","","","1","1500000","0","","","","","","","","","","","","","","","","1","","","","","","",""
"15030593","4","0","600","600","0","29","90054122","","","","","","15030594","(76001116,20)","(90052016)","","","","71000001","(169720,81090,3088)","1","","","","","","","1","1500000","0","0","","","","","","","","","","","","","","","","","","","","","",""
"15030594","4","6","600","600","3","29","90054122","","","","","","15030595","(76001112,15)","(90052019)","","","","71000001","(172971,74000,1607)","1","","","","","","0","1","1500000","0","","","","1","30","90009546","","","","","","","","","","","","","","","","",""
"15030595","4","11","600","600","0","29","90054122","","","","","","15030596","(71211006,1)","","","","","71211006","","","","","","71211006","","","1","1500000","0","0","","","","","","","","","","","","","","","1","","","","","","",""
"15030596","4","39","600","600","0","29","90009547","","","","","","15030701","(0,6)","","","","","71000001","","","","","","","","","1","1500000","0","0","","","","","","","","","","","","","","","1","","","","","","",""
"15030597","4","11","40","40","0","0","90009548","","","","","","15030598","(71211055,1)","","","","","71211055","","","","","","71211055","","","1","23500","0","70501004","","","","","","","","","","","","","","","1","","","","","","",""
"15030598","4","11","56","56","0","1","90009548","","","","","","15030599","(71211056,1)","","","","","71211056","","","","","","71211056","","","1","81100","0","70501004","","","","","","","","","","","","","","","1","","","","","","",""
"15030599","4","11","71","71","0","2","90009548","","","","","","15030600","(71211057,1)","","","","","71211057","","","","","","71211057","","","1","81100","0","70501004","","","","","","","","","","","","","","","1","","","","","","",""
"15030600","4","11","85","85","0","3","90009548","","","","","","15030601","(71211058,1)","","","","","71211058","","","","","","71211058","","","1","152100","0","70501004","","","","","","","","","","","","","","","1","","","","","","",""
"15030601","4","0","100","100","0","4","90054119","","","","","","15030602","(76000298,20)","(90052014)","","","","71000001","(61190,98430,528)","1","","","","","","","1","123300","0","0","","","","","","","","","","","","","","","","","","","","","",""
"15030602","4","6","100","100","0","4","90054119","","","","","","15030603","(76000297,15)","(90052014)","","","","71000001","(66030,112040,1678)","1","","","","","","0","1","123300","0","70501005","","","1","60","90009546","","","","","","","","","","","","","","","","",""
"15030603","4","11","100","100","0","4","90054119","","","","","","15030604","(71211003,1)","","","","","71211003","","","","","","71211003","","","1","123300","0","","","","","","","","","","","","","","","","1","","","","","","",""
"15030604","4","39","100","100","0","4","90009547","","","","","","15032213","(0,1)","","","","","71000001","","","","","","","","","1","123300","0","70501025","","","","","","","","","","","","","","","1","","","","","","",""
"15030605","4","11","120","120","0","5","90009548","","","","","","15030606","(71211059,1)","","","","","71211059","","","","","","71211059","","","1","100000","0","","","","","","","","","","","","","","","","1","","","","","","",""
"15030606","4","11","140","140","0","6","90009548","","","","","","15030607","(71211060,1)","","","","","71211060","","","","","","71211060","","","1","150000","0","","","","","","","","","","","","","","","","1","","","","","","",""
"15030607","4","11","160","160","0","7","90009548","","","","","","15030608","(71211061,1)","","","","","71211061","","","","","","71211061","","","1","200000","0","","","","","","","","","","","","","","","","1","","","","","","",""
"15030608","4","11","180","180","0","8","90009548","","","","","","15030609","(71211062,1)","","","","","71211062","","","","","","71211062","","","1","250000","0","","","","","","","","","","","","","","","","1","","","","","","",""
"15030609","4","0","200","200","0","9","90054120","","","","","","15030610","(76000558,20)","(90052012)","","","","71000001","(44050,133220,1788)","1","","","","","","","1","300000","0","0","","","","","","","","","","","","","","","","","","","","","",""
"15030610","4","6","200","200","0","9","90054120","","","","","","15030611","(76000559,15)","(90052015)","","","","71000001","(47000,134380,1788)","1","","","","","","0","1","300000","0","","","","1","30","90009546","","","","","","","","","","","","","","","","",""
"15030611","4","11","200","200","0","9","90054120","","","","","","15030612","(71211004,1)","","","","","71211004","","","","","","71211004","","","1","300000","0","0","","","","","","","","","","","","","","","1","","","","","","",""
"15030612","4","39","200","200","0","9","90009547","","","","","","15030613","(0,2)","","","","","71000001","","","","","","","","","1","300000","0","0","","","","","","","","","","","","","","","1","","","","","","",""
"15030613","4","11","220","220","0","10","90009548","","","","","","15030614","(71211063,1)","","","","","71211063","","","","","","71211063","","","1","300000","0","","","","","","","","","","","","","","","","1","","","","","","",""
"15030614","4","11","240","240","0","11","90009548","","","","","","15030615","(71211064,1)","","","","","71211064","","","","","","71211064","","","1","400000","0","","","","","","","","","","","","","","","","1","","","","","","",""
"15030615","4","11","260","260","0","12","90009548","","","","","","15030616","(71211065,1)","","","","","71211065","","","","","","71211065","","","1","500000","0","","","","","","","","","","","","","","","","1","","","","","","",""
"15030616","4","11","280","280","0","13","90009548","","","","","","15030617","(71211066,1)","","","","","71211066","","","","","","71211066","","","1","600000","0","","","","","","","","","","","","","","","","1","","","","","","",""
"15030617","4","0","300","300","0","14","90054117","","","","","","15030618","(76000679,20)","(90052013)","","","","71000001","(59102,192938,5550)","1","","","","","","","1","600000","0","0","","","","","","","","","","","","","","","","","","","","","",""
"15030618","4","6","300","300","0","14","90054117","","","","","","15030619","(76000681,15)","(90052016)","","","","71000001","(57973,209258,6580)","1","","","","","","0","1","600000","0","","","","1","30","90009546","","","","","","","","","","","","","","","","",""
"15030619","4","11","300","300","0","14","90054117","","","","","","15030620","(71211001,1)","","","","","71211001","","","","","","71211001","","","1","600000","0","0","","","","","","","","","","","","","","","1","","","","","","",""
"15030620","4","39","300","300","0","14","90009547","","","","","","15030621","(0,3)","","","","","71000001","","","","","","","","","1","600000","0","0","","","","","","","","","","","","","","","1","","","","","","",""
"15030621","4","11","320","320","0","15","90009548","","","","","","15030622","(71211067,1)","","","","","71211067","","","","","","71211067","","","1","600000","0","","","","","","","","","","","","","","","","1","","","","","","",""
"15030622","4","11","340","340","0","16","90009548","","","","","","15030623","(71211068,1)","","","","","71211068","","","","","","71211068","","","1","700000","0","","","","","","","","","","","","","","","","1","","","","","","",""
"15030623","4","11","360","360","0","17","90009548","","","","","","15030624","(71211069,1)","","","","","71211069","","","","","","71211069","","","1","800000","0","","","","","","","","","","","","","","","","1","","","","","","",""
"15030624","4","11","380","380","0","18","90009548","","","","","","15030625","(71211070,1)","","","","","71211070","","","","","","71211070","","","1","900000","0","","","","","","","","","","","","","","","","1","","","","","","",""
"15030625","4","0","400","400","0","19","90054118","","","","","","15030626","(76000803,20)","(90052014)","","","","71000001","(120360,171980,2178)","1","","","","","","","1","900000","0","0","","","","","","","","","","","","","","","","","","","","","",""
"15030626","4","6","400","400","0","19","90054118","","","","","","15030627","(76000830,15)","(90052017)","","","","71000001","(119970,128560,1678)","1","","","","","","0","1","900000","0","","","","1","30","90009546","","","","","","","","","","","","","","","","",""
"15030627","4","11","400","400","0","19","90054118","","","","","","15030628","(71211002,1)","","","","","71211002","","","","","","71211002","","","1","900000","0","0","","","","","","","","","","","","","","","1","","","","","","",""
"15030628","4","39","400","400","0","19","90009547","","","","","","15030629","(0,4)","","","","","71000001","","","","","","","","","1","900000","0","0","","","","","","","","","","","","","","","1","","","","","","",""
"15030629","4","11","420","420","0","20","90009548","","","","","","15030630","(71211071,1)","","","","","71211071","","","","","","71211071","","","1","900000","0","","","","","","","","","","","","","","","","1","","","","","","",""
"15030630","4","11","440","440","0","21","90009548","","","","","","15030631","(71211072,1)","","","","","71211072","","","","","","71211072","","","1","1000000","0","","","","","","","","","","","","","","","","1","","","","","","",""
"15030631","4","11","460","460","0","22","90009548","","","","","","15030632","(71211073,1)","","","","","71211073","","","","","","71211073","","","1","1100000","0","","","","","","","","","","","","","","","","1","","","","","","",""
"15030632","4","11","480","480","0","23","90009548","","","","","","15030633","(71211074,1)","","","","","71211074","","","","","","71211074","","","1","1200000","0","","","","","","","","","","","","","","","","1","","","","","","",""
"15030633","4","0","500","500","0","24","90054121","","","","","","15030634","(76000936,20)","(90052015)","","","","71000001","(148830,27690,798)","1","","","","","","","1","1200000","0","0","","","","","","","","","","","","","","","","","","","","","",""
"15030634","4","6","500","500","0","24","90054121","","","","","","15030635","(76000931,15)","(90052018)","","","","71000001","(139759,40310,798)","1","","","","","","0","1","1200000","0","","","","1","30","90009546","","","","","","","","","","","","","","","","",""
"15030635","4","11","500","500","0","24","90054121","","","","","","15030636","(71211005,1)","","","","","71211005","","","","","","71211005","","","1","1200000","0","0","","","","","","","","","","","","","","","1","","","","","","",""
"15030636","4","39","500","500","0","24","90009547","","","","","","15030637","(0,5)","","","","","71000001","","","","","","","","","1","1200000","0","0","","","","","","","","","","","","","","","1","","","","","","",""
"15030637","4","11","520","520","0","25","90009548","","","","","","15030638","(71211075,1)","","","","","71211075","","","","","","71211075","","","1","1200000","0","","","","","","","","","","","","","","","","1","","","","","","",""
"15030638","4","11","540","540","0","26","90009548","","","","","","15030639","(71211076,1)","","","","","71211076","","","","","","71211076","","","1","1300000","0","","","","","","","","","","","","","","","","1","","","","","","",""
"15030639","4","11","560","560","0","27","90009548","","","","","","15030640","(71211077,1)","","","","","71211077","","","","","","71211077","","","1","1400000","0","","","","","","","","","","","","","","","","1","","","","","","",""
"15030640","4","11","580","580","0","28","90009548","","","","","","15030641","(71211078,1)","","","","","71211078","","","","","","71211078","","","1","1500000","0","","","","","","","","","","","","","","","","1","","","","","","",""
"15030641","4","0","600","600","0","29","90054122","","","","","","15030642","(76001116,20)","(90052016)","","","","71000001","(169720,81090,3088)","1","","","","","","","1","1500000","0","0","","","","","","","","","","","","","","","","","","","","","",""
"15030642","4","6","600","600","0","29","90054122","","","","","","15030643","(76001112,15)","(90052019)","","","","71000001","(172971,74000,1607)","1","","","","","","0","1","1500000","0","","","","1","30","90009546","","","","","","","","","","","","","","","","",""
"15030643","4","11","600","600","0","29","90054122","","","","","","15030644","(71211006,1)","","","","","71211006","","","","","","71211006","","","1","1500000","0","0","","","","","","","","","","","","","","","1","","","","","","",""
"15030644","4","39","600","600","0","29","90009547","","","","","","15030709","(0,6)","","","","","71000001","","","","","","","","","1","1500000","0","0","","","","","","","","","","","","","","","1","","","","","","",""
"15030645","4","11","40","40","0","0","90009548","","","","","","15030646","(71211079,1)","","","","","71211079","","","","","","71211079","","","1","23500","0","70501004","","","","","","","","","","","","","","","1","","","","","","",""
"15030646","4","11","56","56","0","1","90009548","","","","","","15030647","(71211080,1)","","","","","71211080","","","","","","71211080","","","1","81100","0","70501004","","","","","","","","","","","","","","","1","","","","","","",""
"15030647","4","11","71","71","0","2","90009548","","","","","","15030648","(71211081,1)","","","","","71211081","","","","","","71211081","","","1","81100","0","70501004","","","","","","","","","","","","","","","1","","","","","","",""
"15030648","4","11","85","85","0","3","90009548","","","","","","15030649","(71211082,1)","","","","","71211082","","","","","","71211082","","","1","152100","0","70501004","","","","","","","","","","","","","","","1","","","","","","",""
"15030649","4","0","100","100","0","4","90054119","","","","","","15030650","(76000298,20)","(90052014)","","","","71000001","(61190,98430,528)","1","","","","","","","1","123300","0","0","","","","","","","","","","","","","","","","","","","","","",""
"15030650","4","6","100","100","0","4","90054119","","","","","","15030651","(76000297,15)","(90052014)","","","","71000001","(66030,112040,1678)","1","","","","","","0","1","123300","0","70501005","","","1","60","90009546","","","","","","","","","","","","","","","","",""
"15030651","4","11","100","100","0","4","90054119","","","","","","15030652","(71211003,1)","","","","","71211003","","","","","","71211003","","","1","123300","0","","","","","","","","","","","","","","","","1","","","","","","",""
"15030652","4","39","100","100","0","4","90009547","","","","","","15032214","(0,1)","","","","","71000001","","","","","","","","","1","123300","0","70501025","","","","","","","","","","","","","","","1","","","","","","",""
"15030653","4","11","120","120","0","5","90009548","","","","","","15030654","(71211083,1)","","","","","71211083","","","","","","71211083","","","1","100000","0","","","","","","","","","","","","","","","","1","","","","","","",""
"15030654","4","11","140","140","0","6","90009548","","","","","","15030655","(71211084,1)","","","","","71211084","","","","","","71211084","","","1","150000","0","","","","","","","","","","","","","","","","1","","","","","","",""
"15030655","4","11","160","160","0","7","90009548","","","","","","15030656","(71211085,1)","","","","","71211085","","","","","","71211085","","","1","200000","0","","","","","","","","","","","","","","","","1","","","","","","",""
"15030656","4","11","180","180","0","8","90009548","","","","","","15030657","(71211086,1)","","","","","71211086","","","","","","71211086","","","1","250000","0","","","","","","","","","","","","","","","","1","","","","","","",""
"15030657","4","0","200","200","0","9","90054120","","","","","","15030658","(76000558,20)","(90052012)","","","","71000001","(44050,133220,1788)","1","","","","","","","1","300000","0","0","","","","","","","","","","","","","","","","","","","","","",""
"15030658","4","6","200","200","0","9","90054120","","","","","","15030659","(76000559,15)","(90052015)","","","","71000001","(47000,134380,1788)","1","","","","","","0","1","300000","0","","","","1","30","90009546","","","","","","","","","","","","","","","","",""
"15030659","4","11","200","200","0","9","90054120","","","","","","15030660","(71211004,1)","","","","","71211004","","","","","","71211004","","","1","300000","0","0","","","","","","","","","","","","","","","1","","","","","","",""
"15030660","4","39","200","200","0","9","90009547","","","","","","15030661","(0,2)","","","","","71000001","","","","","","","","","1","300000","0","0","","","","","","","","","","","","","","","1","","","","","","",""
"15030661","4","11","220","220","0","10","90009548","","","","","","15030662","(71211087,1)","","","","","71211087","","","","","","71211087","","","1","300000","0","","","","","","","","","","","","","","","","1","","","","","","",""
"15030662","4","11","240","240","0","11","90009548","","","","","","15030663","(71211088,1)","","","","","71211088","","","","","","71211088","","","1","400000","0","","","","","","","","","","","","","","","","1","","","","","","",""
"15030663","4","11","260","260","0","12","90009548","","","","","","15030664","(71211089,1)","","","","","71211089","","","","","","71211089","","","1","500000","0","","","","","","","","","","","","","","","","1","","","","","","",""
"15030664","4","11","280","280","0","13","90009548","","","","","","15030665","(71211090,1)","","","","","71211090","","","","","","71211090","","","1","600000","0","","","","","","","","","","","","","","","","1","","","","","","",""
"15030665","4","0","300","300","0","14","90054117","","","","","","15030666","(76000679,20)","(90052013)","","","","71000001","(59102,192938,5550)","1","","","","","","","1","600000","0","0","","","","","","","","","","","","","","","","","","","","","",""
"15030666","4","6","300","300","0","14","90054117","","","","","","15030667","(76000681,15)","(90052016)","","","","71000001","(57973,209258,6580)","1","","","","","","0","1","600000","0","","","","1","30","90009546","","","","","","","","","","","","","","","","",""
"15030667","4","11","300","300","0","14","90054117","","","","","","15030668","(71211001,1)","","","","","71211001","","","","","","71211001","","","1","600000","0","0","","","","","","","","","","","","","","","1","","","","","","",""
"15030668","4","39","300","300","0","14","90009547","","","","","","15030669","(0,3)","","","","","71000001","","","","","","","","","1","600000","0","0","","","","","","","","","","","","","","","1","","","","","","",""
"15030669","4","11","320","320","0","15","90009548","","","","","","15030670","(71211091,1)","","","","","71211091","","","","","","71211091","","","1","600000","0","","","","","","","","","","","","","","","","1","","","","","","",""
"15030670","4","11","340","340","0","16","90009548","","","","","","15030671","(71211092,1)","","","","","71211092","","","","","","71211092","","","1","700000","0","","","","","","","","","","","","","","","","1","","","","","","",""
"15030671","4","11","360","360","0","17","90009548","","","","","","15030672","(71211093,1)","","","","","71211093","","","","","","71211093","","","1","800000","0","","","","","","","","","","","","","","","","1","","","","","","",""
"15030672","4","11","380","380","0","18","90009548","","","","","","15030673","(71211094,1)","","","","","71211094","","","","","","71211094","","","1","900000","0","","","","","","","","","","","","","","","","1","","","","","","",""
"15030673","4","0","400","400","0","19","90054118","","","","","","15030674","(76000803,20)","(90052014)","","","","71000001","(120360,171980,2178)","1","","","","","","","1","900000","0","0","","","","","","","","","","","","","","","","","","","","","",""
"15030674","4","6","400","400","0","19","90054118","","","","","","15030675","(76000830,15)","(90052017)","","","","71000001","(119970,128560,1678)","1","","","","","","0","1","900000","0","","","","1","30","90009546","","","","","","","","","","","","","","","","",""
"15030675","4","11","400","400","0","19","90054118","","","","","","15030676","(71211002,1)","","","","","71211002","","","","","","71211002","","","1","900000","0","0","","","","","","","","","","","","","","","1","","","","","","",""
"15030676","4","39","400","400","0","19","90009547","","","","","","15030677","(0,4)","","","","","71000001","","","","","","","","","1","900000","0","0","","","","","","","","","","","","","","","1","","","","","","",""
"15030677","4","11","420","420","0","20","90009548","","","","","","15030678","(71211095,1)","","","","","71211095","","","","","","71211095","","","1","900000","0","","","","","","","","","","","","","","","","1","","","","","","",""
"15030678","4","11","440","440","0","21","90009548","","","","","","15030679","(71211096,1)","","","","","71211096","","","","","","71211096","","","1","1000000","0","","","","","","","","","","","","","","","","1","","","","","","",""
"15030679","4","11","460","460","0","22","90009548","","","","","","15030680","(71211097,1)","","","","","71211097","","","","","","71211097","","","1","1100000","0","","","","","","","","","","","","","","","","1","","","","","","",""
"15030680","4","11","480","480","0","23","90009548","","","","","","15030681","(71211098,1)","","","","","71211098","","","","","","71211098","","","1","1200000","0","","","","","","","","","","","","","","","","1","","","","","","",""
"15030681","4","0","500","500","0","24","90054121","","","","","","15030682","(76000936,20)","(90052015)","","","","71000001","(148830,27690,798)","1","","","","","","","1","1200000","0","0","","","","","","","","","","","","","","","","","","","","","",""
"15030682","4","6","500","500","0","24","90054121","","","","","","15030683","(76000931,15)","(90052018)","","","","71000001","(139759,40310,798)","1","","","","","","0","1","1200000","0","","","","1","30","90009546","","","","","","","","","","","","","","","","",""
"15030683","4","11","500","500","0","24","90054121","","","","","","15030684","(71211005,1)","","","","","71211005","","","","","","71211005","","","1","1200000","0","0","","","","","","","","","","","","","","","1","","","","","","",""
"15030684","4","39","500","500","0","24","90009547","","","","","","15030685","(0,5)","","","","","71000001","","","","","","","","","1","1200000","0","0","","","","","","","","","","","","","","","1","","","","","","",""
"15030685","4","11","520","520","0","25","90009548","","","","","","15030686","(71211099,1)","","","","","71211099","","","","","","71211099","","","1","1200000","0","","","","","","","","","","","","","","","","1","","","","","","",""
"15030686","4","11","540","540","0","26","90009548","","","","","","15030687","(71211100,1)","","","","","71211100","","","","","","71211100","","","1","1300000","0","","","","","","","","","","","","","","","","1","","","","","","",""
"15030687","4","11","560","560","0","27","90009548","","","","","","15030688","(71211101,1)","","","","","71211101","","","","","","71211101","","","1","1400000","0","","","","","","","","","","","","","","","","1","","","","","","",""
"15030688","4","11","580","580","0","28","90009548","","","","","","15030689","(71211102,1)","","","","","71211102","","","","","","71211102","","","1","1500000","0","","","","","","","","","","","","","","","","1","","","","","","",""
"15030689","4","0","600","600","0","29","90054122","","","","","","15030690","(76001116,20)","(90052016)","","","","71000001","(169720,81090,3088)","1","","","","","","","1","1500000","0","0","","","","","","","","","","","","","","","","","","","","","",""
"15030690","4","6","600","600","0","29","90054122","","","","","","15030691","(76001112,15)","(90052019)","","","","71000001","(172971,74000,1607)","1","","","","","","0","1","1500000","0","","","","1","30","90009546","","","","","","","","","","","","","","","","",""
"15030691","4","11","600","600","0","29","90054122","","","","","","15030692","(71211006,1)","","","","","71211006","","","","","","71211006","","","1","1500000","0","0","","","","","","","","","","","","","","","1","","","","","","",""
"15030692","4","39","600","600","0","29","90009547","","","","","","15030717","(0,6)","","","","","71000001","","","","","","","","","1","1500000","0","0","","","","","","","","","","","","","","","1","","","","","","",""
"15030693","4","11","620","620","0","30","90009548","","","","","","15030694","(71211112,1)","","","","","71211112","","","","","","71211112","","","1","1600000","0","","","","","","","","","","","","","","","","1","","","","","","",""
"15030694","4","11","640","640","0","31","90009548","","","","","","15030695","(71211113,1)","","","","","71211113","","","","","","71211113","","","1","1700000","0","","","","","","","","","","","","","","","","1","","","","","","",""
"15030695","4","11","660","660","0","32","90009548","","","","","","15030696","(71211114,1)","","","","","71211114","","","","","","71211114","","","1","1800000","0","","","","","","","","","","","","","","","","1","","","","","","",""
"15030696","4","11","680","680","0","33","90009548","","","","","","15030697","(71211115,1)","","","","","71211115","","","","","","71211115","","","1","1900000","0","","","","","","","","","","","","","","","","1","","","","","","",""
"15030697","4","0","700","700","0","34","90054125","","","","","","15030698","(76004322,20)","(90052009)","","","","71000001","(71612,13208,3825)","1","","","","","","","1","1900000","0","0","","","","","","","","","","","","","","","","","","","","","",""
"15030698","4","6","700","700","0","34","90054125","","","","","","15030699","(76004326,15)","(90052099)","","","","71000001","(178345,71643,1111)","1","","","","","","0","1","1900000","0","","","","1","30","90009546","","","","","","","","","","","","","","","","",""
"15030699","4","11","700","700","0","34","90054125","","","","","","15030700","(71211128,1)","","","","","71211128","","","","","","71211128","","","1","1900000","0","0","","","","","","","","","","","","","","","1","","","","","","",""
"15030700","4","39","700","700","0","34","90009547","","","","","","15030725","(0,7)","","","","","71000001","","","","","","","","","1","1900000","0","0","","","","","","","","","","","","","","","1","","","","","","",""
"15030701","4","11","620","620","0","30","90009548","","","","","","15030702","(71211116,1)","","","","","71211116","","","","","","71211116","","","1","2000000","0","","","","","","","","","","","","","","","","1","","","","","","",""
"15030702","4","11","640","640","0","31","90009548","","","","","","15030703","(71211117,1)","","","","","71211117","","","","","","71211117","","","1","2100000","0","","","","","","","","","","","","","","","","1","","","","","","",""
"15030703","4","11","660","660","0","32","90009548","","","","","","15030704","(71211118,1)","","","","","71211118","","","","","","71211118","","","1","2200000","0","","","","","","","","","","","","","","","","1","","","","","","",""
"15030704","4","11","680","680","0","33","90009548","","","","","","15030705","(71211119,1)","","","","","71211119","","","","","","71211119","","","1","2300000","0","","","","","","","","","","","","","","","","1","","","","","","",""
"15030705","4","0","700","700","0","34","90054125","","","","","","15030706","(76004322,20)","(90052009)","","","","71000001","(71612,13208,3825)","1","","","","","","","1","2300000","0","0","","","","","","","","","","","","","","","","","","","","","",""
"15030706","4","6","700","700","0","34","90054125","","","","","","15030707","(76004326,15)","(90052099)","","","","71000001","(178345,71643,1111)","1","","","","","","0","1","2300000","0","","","","1","30","90009546","","","","","","","","","","","","","","","","",""
"15030707","4","11","700","700","0","34","90054125","","","","","","15030708","(71211128,1)","","","","","71211128","","","","","","71211128","","","1","2300000","0","0","","","","","","","","","","","","","","","1","","","","","","",""
"15030708","4","39","700","700","0","34","90009547","","","","","","15030733","(0,7)","","","","","71000001","","","","","","","","","1","2300000","0","0","","","","","","","","","","","","","","","1","","","","","","",""
"15030709","4","11","620","620","0","30","90009548","","","","","","15030710","(71211120,1)","","","","","71211120","","","","","","71211120","","","1","2400000","0","","","","","","","","","","","","","","","","1","","","","","","",""
"15030710","4","11","640","640","0","31","90009548","","","","","","15030711","(71211121,1)","","","","","71211121","","","","","","71211121","","","1","2500000","0","","","","","","","","","","","","","","","","1","","","","","","",""
"15030711","4","11","660","660","0","32","90009548","","","","","","15030712","(71211122,1)","","","","","71211122","","","","","","71211122","","","1","2600000","0","","","","","","","","","","","","","","","","1","","","","","","",""
"15030712","4","11","680","680","0","33","90009548","","","","","","15030713","(71211123,1)","","","","","71211123","","","","","","71211123","","","1","2700000","0","","","","","","","","","","","","","","","","1","","","","","","",""
"15030713","4","0","700","700","0","34","90054125","","","","","","15030714","(76004322,20)","(90052009)","","","","71000001","(71612,13208,3825)","1","","","","","","","1","2800000","0","0","","","","","","","","","","","","","","","","","","","","","",""
"15030714","4","6","700","700","0","34","90054125","","","","","","15030715","(76004326,15)","(90052099)","","","","71000001","(178345,71643,1111)","1","","","","","","0","1","2800000","0","","","","1","30","90009546","","","","","","","","","","","","","","","","",""
"15030715","4","11","700","700","0","34","90054125","","","","","","15030716","(71211128,1)","","","","","71211128","","","","","","71211128","","","1","2800000","0","0","","","","","","","","","","","","","","","1","","","","","","",""
"15030716","4","39","700","700","0","34","90009547","","","","","","15030741","(0,7)","","","","","71000001","","","","","","","","","1","2800000","0","0","","","","","","","","","","","","","","","1","","","","","","",""
"15030717","4","11","620","620","0","30","90009548","","","","","","15030718","(71211124,1)","","","","","71211124","","","","","","71211124","","","1","2900000","0","","","","","","","","","","","","","","","","1","","","","","","",""
"15030718","4","11","640","640","0","31","90009548","","","","","","15030719","(71211125,1)","","","","","71211125","","","","","","71211125","","","1","3000000","0","","","","","","","","","","","","","","","","1","","","","","","",""
"15030719","4","11","660","660","0","32","90009548","","","","","","15030720","(71211126,1)","","","","","71211126","","","","","","71211126","","","1","3100000","0","","","","","","","","","","","","","","","","1","","","","","","",""
"15030720","4","11","680","680","0","33","90009548","","","","","","15030721","(71211127,1)","","","","","71211127","","","","","","71211127","","","1","3200000","0","","","","","","","","","","","","","","","","1","","","","","","",""
"15030721","4","0","700","700","0","34","90054125","","","","","","15030722","(76004322,20)","(90052009)","","","","71000001","(71612,13208,3825)","1","","","","","","","1","3300000","0","0","","","","","","","","","","","","","","","","","","","","","",""
"15030722","4","6","700","700","0","34","90054125","","","","","","15030723","(76004326,15)","(90052099)","","","","71000001","(178345,71643,1111)","1","","","","","","0","1","3300000","0","","","","1","30","90009546","","","","","","","","","","","","","","","","",""
"15030723","4","11","700","700","0","34","90054125","","","","","","15030724","(71211128,1)","","","","","71211128","","","","","","71211128","","","1","3300000","0","0","","","","","","","","","","","","","","","1","","","","","","",""
"15030724","4","39","700","700","0","34","90009547","","","","","","15030749","(0,7)","","","","","71000001","","","","","","","","","1","3300000","0","0","","","","","","","","","","","","","","","1","","","","","","",""
"15030725","4","11","720","720","0","35","90009548","","","","","","15030726","(71211130,1)","","","","","71211130","","","","","","71211130","","","1","3400000","0","","","","","","","","","","","","","","","","1","","","","","","",""
"15030726","4","11","740","740","0","36","90009548","","","","","","15030727","(71211131,1)","","","","","71211131","","","","","","71211131","","","1","3500000","0","","","","","","","","","","","","","","","","1","","","","","","",""
"15030727","4","11","760","760","0","37","90009548","","","","","","15030728","(71211132,1)","","","","","71211132","","","","","","71211132","","","1","3600000","0","","","","","","","","","","","","","","","","1","","","","","","",""
"15030728","4","11","780","780","0","38","90009548","","","","","","15030729","(71211133,1)","","","","","71211133","","","","","","71211133","","","1","3700000","0","","","","","","","","","","","","","","","","1","","","","","","",""
"15030729","4","0","800","800","0","39","90054126","","","","","","15030730","(76004345,40)","(90052104)","","","","71010100","(51334,48279,1497)","1","","","","","","","1","3800000","0","0","","","","","","","","","","","","","","","","","","","","","",""
"15030730","4","6","800","800","0","39","90054126","","","","","","15030731","(76004346,20)","(90052112)","","","","71010100","(66311,42315,1506)","1","","","","","","0","1","3800000","0","","","","1","30","90009546","","","","","","","","","","","","","","","","",""
"15030731","4","11","800","800","0","39","90054126","","","","","","15030732","(71211146,1)","","","","","71211146","","","","","","71211146","","","1","3800000","0","0","","","","","","","","","","","","","","","1","","","","","","",""
"15030732","4","39","800","800","0","39","90009547","","","","","","15030757","(0,8)","","","","","71000001","","","","","","","","","1","3800000","0","0","","","","","","","","","","","","","","","1","","","","","","",""
"15030733","4","11","720","720","0","35","90009548","","","","","","15030734","(71211134,1)","","","","","71211134","","","","","","71211134","","","1","3400000","0","","","","","","","","","","","","","","","","1","","","","","","",""
"15030734","4","11","740","740","0","36","90009548","","","","","","15030735","(71211135,1)","","","","","71211135","","","","","","71211135","","","1","3500000","0","","","","","","","","","","","","","","","","1","","","","","","",""
"15030735","4","11","760","760","0","37","90009548","","","","","","15030736","(71211136,1)","","","","","71211136","","","","","","71211136","","","1","3600000","0","","","","","","","","","","","","","","","","1","","","","","","",""
"15030736","4","11","780","780","0","38","90009548","","","","","","15030737","(71211137,1)","","","","","71211137","","","","","","71211137","","","1","3700000","0","","","","","","","","","","","","","","","","1","","","","","","",""
"15030737","4","0","800","800","0","39","90054126","","","","","","15030738","(76004345,40)","(90052104)","","","","71010100","(51334,48279,1497)","1","","","","","","","1","3800000","0","0","","","","","","","","","","","","","","","","","","","","","",""
"15030738","4","6","800","800","0","39","90054126","","","","","","15030739","(76004346,20)","(90052112)","","","","71010100","(66311,42315,1506)","1","","","","","","0","1","3800000","0","","","","1","30","90009546","","","","","","","","","","","","","","","","",""
"15030739","4","11","800","800","0","39","90054126","","","","","","15030740","(71211146,1)","","","","","71211146","","","","","","71211146","","","1","3800000","0","0","","","","","","","","","","","","","","","1","","","","","","",""
"15030740","4","39","800","800","0","39","90009547","","","","","","15030765","(0,8)","","","","","71000001","","","","","","","","","1","3800000","0","0","","","","","","","","","","","","","","","1","","","","","","",""
"15030741","4","11","720","720","0","35","90009548","","","","","","15030742","(71211138,1)","","","","","71211138","","","","","","71211138","","","1","3400000","0","","","","","","","","","","","","","","","","1","","","","","","",""
"15030742","4","11","740","740","0","36","90009548","","","","","","15030743","(71211139,1)","","","","","71211139","","","","","","71211139","","","1","3500000","0","","","","","","","","","","","","","","","","1","","","","","","",""
"15030743","4","11","760","760","0","37","90009548","","","","","","15030744","(71211140,1)","","","","","71211140","","","","","","71211140","","","1","3600000","0","","","","","","","","","","","","","","","","1","","","","","","",""
"15030744","4","11","780","780","0","38","90009548","","","","","","15030745","(71211141,1)","","","","","71211141","","","","","","71211141","","","1","3700000","0","","","","","","","","","","","","","","","","1","","","","","","",""
"15030745","4","0","800","800","0","39","90054126","","","","","","15030746","(76004345,40)","(90052104)","","","","71010100","(51334,48279,1497)","1","","","","","","","1","3800000","0","0","","","","","","","","","","","","","","","","","","","","","",""
"15030746","4","6","800","800","0","39","90054126","","","","","","15030747","(76004346,20)","(90052112)","","","","71010100","(66311,42315,1506)","1","","","","","","0","1","3800000","0","","","","1","30","90009546","","","","","","","","","","","","","","","","",""
"15030747","4","11","800","800","0","39","90054126","","","","","","15030748","(71211146,1)","","","","","71211146","","","","","","71211146","","","1","3800000","0","0","","","","","","","","","","","","","","","1","","","","","","",""
"15030748","4","39","800","800","0","39","90009547","","","","","","15030773","(0,8)","","","","","71000001","","","","","","","","","1","3800000","0","0","","","","","","","","","","","","","","","1","","","","","","",""
"15030749","4","11","720","720","0","35","90009548","","","","","","15030750","(71211142,1)","","","","","71211142","","","","","","71211142","","","1","3400000","0","","","","","","","","","","","","","","","","1","","","","","","",""
"15030750","4","11","740","740","0","36","90009548","","","","","","15030751","(71211143,1)","","","","","71211143","","","","","","71211143","","","1","3500000","0","","","","","","","","","","","","","","","","1","","","","","","",""
"15030751","4","11","760","760","0","37","90009548","","","","","","15030752","(71211144,1)","","","","","71211144","","","","","","71211144","","","1","3600000","0","","","","","","","","","","","","","","","","1","","","","","","",""
"15030752","4","11","780","780","0","38","90009548","","","","","","15030753","(71211145,1)","","","","","71211145","","","","","","71211145","","","1","3700000","0","","","","","","","","","","","","","","","","1","","","","","","",""
"15030753","4","0","800","800","0","39","90054126","","","","","","15030754","(76004345,40)","(90052104)","","","","71010100","(51334,48279,1497)","1","","","","","","","1","3800000","0","0","","","","","","","","","","","","","","","","","","","","","",""
"15030754","4","6","800","800","0","39","90054126","","","","","","15030755","(76004346,20)","(90052112)","","","","71010100","(66311,42315,1506)","1","","","","","","0","1","3800000","0","","","","1","30","90009546","","","","","","","","","","","","","","","","",""
"15030755","4","11","800","800","0","39","90054126","","","","","","15030756","(71211146,1)","","","","","71211146","","","","","","71211146","","","1","3800000","0","0","","","","","","","","","","","","","","","1","","","","","","",""
"15030756","4","39","800","800","0","39","90009547","","","","","","15030781","(0,8)","","","","","71000001","","","","","","","","","1","3800000","0","0","","","","","","","","","","","","","","","1","","","","","","",""
"15030757","4","11","820","820","0","40","90009548","","","","","","15030758","(71211147,1)","","","","","71211147","","","","","","71211147","","","1","3900000","0","","","","","","","","","","","","","","","","1","","","","","","",""
"15030758","4","11","840","840","0","41","90009548","","","","","","15030759","(71211148,1)","","","","","71211148","","","","","","71211148","","","1","4000000","0","","","","","","","","","","","","","","","","1","","","","","","",""
"15030759","4","11","860","860","0","42","90009548","","","","","","15030760","(71211149,1)","","","","","71211149","","","","","","71211149","","","1","4100000","0","","","","","","","","","","","","","","","","1","","","","","","",""
"15030760","4","11","880","880","0","43","90009548","","","","","","15030761","(71211150,1)","","","","","71211150","","","","","","71211150","","","1","4200000","0","","","","","","","","","","","","","","","","1","","","","","","",""
"15030761","4","0","900","900","0","44","90054127","","","","","","15030762","(76004384,40)","(90052109)","","","","71010100","(76008,56260,2480)","1","","","","","","","1","4300000","0","0","","","","","","","","","","","","","","","","","","","","","",""
"15030762","4","6","900","900","0","44","90054127","","","","","","15030763","(76004368,20)","(90052109)","","","","71010100","(73203,53890,2734)","1","","","","","","0","1","4300000","0","","","","1","30","90009546","","","","","","","","","","","","","","","","",""
"15030763","4","11","900","900","0","44","90054127","","","","","","15030764","(71211163,1)","","","","","71211163","","","","","","71211163","","","1","4300000","0","0","","","","","","","","","","","","","","","1","","","","","","",""
"15030764","4","39","900","900","0","44","90009547","","","","","","15030789","(0,9)","","","","","71000001","","","","","","","","","1","4300000","0","0","","","","","","","","","","","","","","","1","","","","","","",""
"15030765","4","11","820","820","0","40","90009548","","","","","","15030766","(71211151,1)","","","","","71211151","","","","","","71211151","","","1","3900000","0","","","","","","","","","","","","","","","","1","","","","","","",""
"15030766","4","11","840","840","0","41","90009548","","","","","","15030767","(71211152,1)","","","","","71211152","","","","","","71211152","","","1","4000000","0","","","","","","","","","","","","","","","","1","","","","","","",""
"15030767","4","11","860","860","0","42","90009548","","","","","","15030768","(71211153,1)","","","","","71211153","","","","","","71211153","","","1","4100000","0","","","","","","","","","","","","","","","","1","","","","","","",""
"15030768","4","11","880","880","0","43","90009548","","","","","","15030769","(71211154,1)","","","","","71211154","","","","","","71211154","","","1","4200000","0","","","","","","","","","","","","","","","","1","","","","","","",""
"15030769","4","0","900","900","0","44","90054127","","","","","","15030770","(76004384,40)","(90052109)","","","","71010100","(76008,56260,2480)","1","","","","","","","1","4300000","0","0","","","","","","","","","","","","","","","","","","","","","",""
"15030770","4","6","900","900","0","44","90054127","","","","","","15030771","(76004368,20)","(90052109)","","","","71010100","(73203,53890,2734)","1","","","","","","0","1","4300000","0","","","","1","30","90009546","","","","","","","","","","","","","","","","",""
"15030771","4","11","900","900","0","44","90054127","","","","","","15030772","(71211163,1)","","","","","71211163","","","","","","71211163","","","1","4300000","0","0","","","","","","","","","","","","","","","1","","","","","","",""
"15030772","4","39","900","900","0","44","90009547","","","","","","15030797","(0,9)","","","","","71000001","","","","","","","","","1","4300000","0","0","","","","","","","","","","","","","","","1","","","","","","",""
"15030773","4","11","820","820","0","40","90009548","","","","","","15030774","(71211155,1)","","","","","71211155","","","","","","71211155","","","1","3900000","0","","","","","","","","","","","","","","","","1","","","","","","",""
"15030774","4","11","840","840","0","41","90009548","","","","","","15030775","(71211156,1)","","","","","71211156","","","","","","71211156","","","1","4000000","0","","","","","","","","","","","","","","","","1","","","","","","",""
"15030775","4","11","860","860","0","42","90009548","","","","","","15030776","(71211157,1)","","","","","71211157","","","","","","71211157","","","1","4100000","0","","","","","","","","","","","","","","","","1","","","","","","",""
"15030776","4","11","880","880","0","43","90009548","","","","","","15030777","(71211158,1)","","","","","71211158","","","","","","71211158","","","1","4200000","0","","","","","","","","","","","","","","","","1","","","","","","",""
"15030777","4","0","900","900","0","44","90054127","","","","","","15030778","(76004384,40)","(90052109)","","","","71010100","(76008,56260,2480)","1","","","","","","","1","4300000","0","0","","","","","","","","","","","","","","","","","","","","","",""
"15030778","4","6","900","900","0","44","90054127","","","","","","15030779","(76004368,20)","(90052109)","","","","71010100","(73203,53890,2734)","1","","","","","","0","1","4300000","0","","","","1","30","90009546","","","","","","","","","","","","","","","","",""
"15030779","4","11","900","900","0","44","90054127","","","","","","15030780","(71211163,1)","","","","","71211163","","","","","","71211163","","","1","4300000","0","0","","","","","","","","","","","","","","","1","","","","","","",""
"15030780","4","39","900","900","0","44","90009547","","","","","","15030805","(0,9)","","","","","71000001","","","","","","","","","1","4300000","0","0","","","","","","","","","","","","","","","1","","","","","","",""
"15030781","4","11","820","820","0","40","90009548","","","","","","15030782","(71211159,1)","","","","","71211159","","","","","","71211159","","","1","3900000","0","","","","","","","","","","","","","","","","1","","","","","","",""
"15030782","4","11","840","840","0","41","90009548","","","","","","15030783","(71211160,1)","","","","","71211160","","","","","","71211160","","","1","4000000","0","","","","","","","","","","","","","","","","1","","","","","","",""
"15030783","4","11","860","860","0","42","90009548","","","","","","15030784","(71211161,1)","","","","","71211161","","","","","","71211161","","","1","4100000","0","","","","","","","","","","","","","","","","1","","","","","","",""
"15030784","4","11","880","880","0","43","90009548","","","","","","15030785","(71211162,1)","","","","","71211162","","","","","","71211162","","","1","4200000","0","","","","","","","","","","","","","","","","1","","","","","","",""
"15030785","4","0","900","900","0","44","90054127","","","","","","15030786","(76004384,40)","(90052109)","","","","71010100","(76008,56260,2480)","1","","","","","","","1","4300000","0","0","","","","","","","","","","","","","","","","","","","","","",""
"15030786","4","6","900","900","0","44","90054127","","","","","","15030787","(76004368,20)","(90052109)","","","","71010100","(73203,53890,2734)","1","","","","","","0","1","4300000","0","","","","1","30","90009546","","","","","","","","","","","","","","","","",""
"15030787","4","11","900","900","0","44","90054127","","","","","","15030788","(71211163,1)","","","","","71211163","","","","","","71211163","","","1","4300000","0","0","","","","","","","","","","","","","","","1","","","","","","",""
"15030788","4","39","900","900","0","44","90009547","","","","","","15030813","(0,9)","","","","","71000001","","","","","","","","","1","4300000","0","0","","","","","","","","","","","","","","","1","","","","","","",""
"15030789","4","11","920","920","0","45","90009548","","","","","","15030790","(71211164,1)","","","","","71211164","","","","","","71211164","","","1","4400000","0","","","","","","","","","","","","","","","","1","","","","","","",""
"15030790","4","11","940","940","0","46","90009548","","","","","","15030791","(71211165,1)","","","","","71211165","","","","","","71211165","","","1","4500000","0","","","","","","","","","","","","","","","","1","","","","","","",""
"15030791","4","11","960","960","0","47","90009548","","","","","","15030792","(71211166,1)","","","","","71211166","","","","","","71211166","","","1","4600000","0","","","","","","","","","","","","","","","","1","","","","","","",""
"15030792","4","11","980","980","0","48","90009548","","","","","","15030793","(71211167,1)","","","","","71211167","","","","","","71211167","","","1","4700000","0","","","","","","","","","","","","","","","","1","","","","","","",""
"15030793","4","0","1000","1000","0","49","90054128","","","","","","15030794","(76004384,40)","(90052109)","","","","71010100","(76008,56260,2480)","1","","","","","","","1","4800000","0","0","","","","","","","","","","","","","","","","","","","","","",""
"15030794","4","6","1000","1000","0","49","90054128","","","","","","15030795","(76004368,20)","(90052109)","","","","71010100","(73203,53890,2734)","1","","","","","","0","1","4800000","0","","","","1","30","90009546","","","","","","","","","","","","","","","","",""
"15030795","4","11","1000","1000","0","49","90054128","","","","","","15030796","(71211180,1)","","","","","71211180","","","","","","71211180","","","1","4800000","0","0","","","","","","","","","","","","","","","1","","","","","","",""
"15030796","4","39","1000","1000","0","49","90009547","","","","","","","(0,10)","","","","","71000001","","","","","","","","","1","4800000","0","0","","","","","","","","","","","","","","","1","","","","","","",""
"15030797","4","11","920","920","0","45","90009548","","","","","","15030798","(71211168,1)","","","","","71211168","","","","","","71211168","","","1","4400000","0","","","","","","","","","","","","","","","","1","","","","","","",""
"15030798","4","11","940","940","0","46","90009548","","","","","","15030799","(71211169,1)","","","","","71211169","","","","","","71211169","","","1","4500000","0","","","","","","","","","","","","","","","","1","","","","","","",""
"15030799","4","11","960","960","0","47","90009548","","","","","","15030800","(71211170,1)","","","","","71211170","","","","","","71211170","","","1","4600000","0","","","","","","","","","","","","","","","","1","","","","","","",""
"15030800","4","11","980","980","0","48","90009548","","","","","","15030801","(71211171,1)","","","","","71211171","","","","","","71211171","","","1","4700000","0","","","","","","","","","","","","","","","","1","","","","","","",""
"15030801","4","0","1000","1000","0","49","90054128","","","","","","15030802","(76004384,40)","(90052109)","","","","71010100","(76008,56260,2480)","1","","","","","","","1","4800000","0","0","","","","","","","","","","","","","","","","","","","","","",""
"15030802","4","6","1000","1000","0","49","90054128","","","","","","15030803","(76004368,20)","(90052109)","","","","71010100","(73203,53890,2734)","1","","","","","","0","1","4800000","0","","","","1","30","90009546","","","","","","","","","","","","","","","","",""
"15030803","4","11","1000","1000","0","49","90054128","","","","","","15030804","(71211180,1)","","","","","71211180","","","","","","71211180","","","1","4800000","0","0","","","","","","","","","","","","","","","1","","","","","","",""
"15030804","4","39","1000","1000","0","49","90009547","","","","","","","(0,10)","","","","","71000001","","","","","","","","","1","4800000","0","0","","","","","","","","","","","","","","","1","","","","","","",""
"15030805","4","11","920","920","0","45","90009548","","","","","","15030806","(71211172,1)","","","","","71211172","","","","","","71211172","","","1","4400000","0","","","","","","","","","","","","","","","","1","","","","","","",""
"15030806","4","11","940","940","0","46","90009548","","","","","","15030807","(71211173,1)","","","","","71211173","","","","","","71211173","","","1","4500000","0","","","","","","","","","","","","","","","","1","","","","","","",""
"15030807","4","11","960","960","0","47","90009548","","","","","","15030808","(71211174,1)","","","","","71211174","","","","","","71211174","","","1","4600000","0","","","","","","","","","","","","","","","","1","","","","","","",""
"15030808","4","11","980","980","0","48","90009548","","","","","","15030809","(71211175,1)","","","","","71211175","","","","","","71211175","","","1","4700000","0","","","","","","","","","","","","","","","","1","","","","","","",""
"15030809","4","0","1000","1000","0","49","90054128","","","","","","15030810","(76004384,40)","(90052109)","","","","71010100","(76008,56260,2480)","1","","","","","","","1","4800000","0","0","","","","","","","","","","","","","","","","","","","","","",""
"15030810","4","6","1000","1000","0","49","90054128","","","","","","15030811","(76004368,20)","(90052109)","","","","71010100","(73203,53890,2734)","1","","","","","","0","1","4800000","0","","","","1","30","90009546","","","","","","","","","","","","","","","","",""
"15030811","4","11","1000","1000","0","49","90054128","","","","","","15030812","(71211180,1)","","","","","71211180","","","","","","71211180","","","1","4800000","0","0","","","","","","","","","","","","","","","1","","","","","","",""
"15030812","4","39","1000","1000","0","49","90009547","","","","","","","(0,10)","","","","","71000001","","","","","","","","","1","4800000","0","0","","","","","","","","","","","","","","","1","","","","","","",""
"15030813","4","11","920","920","0","45","90009548","","","","","","15030814","(71211176,1)","","","","","71211176","","","","","","71211176","","","1","4400000","0","","","","","","","","","","","","","","","","1","","","","","","",""
"15030814","4","11","940","940","0","46","90009548","","","","","","15030815","(71211177,1)","","","","","71211177","","","","","","71211177","","","1","4500000","0","","","","","","","","","","","","","","","","1","","","","","","",""
"15030815","4","11","960","960","0","47","90009548","","","","","","15030816","(71211178,1)","","","","","71211178","","","","","","71211178","","","1","4600000","0","","","","","","","","","","","","","","","","1","","","","","","",""
"15030816","4","11","980","980","0","48","90009548","","","","","","15030817","(71211179,1)","","","","","71211179","","","","","","71211179","","","1","4700000","0","","","","","","","","","","","","","","","","1","","","","","","",""
"15030817","4","0","1000","1000","0","49","90054128","","","","","","15030818","(76004384,40)","(90052109)","","","","71010100","(76008,56260,2480)","1","","","","","","","1","4800000","0","0","","","","","","","","","","","","","","","","","","","","","",""
"15030818","4","6","1000","1000","0","49","90054128","","","","","","15030819","(76004368,20)","(90052109)","","","","71010100","(73203,53890,2734)","1","","","","","","0","1","4800000","0","","","","1","30","90009546","","","","","","","","","","","","","","","","",""
"15030819","4","11","1000","1000","0","49","90054128","","","","","","15030820","(71211180,1)","","","","","71211180","","","","","","71211180","","","1","4800000","0","0","","","","","","","","","","","","","","","1","","","","","","",""
"15030820","4","39","1000","1000","0","49","90009547","","","","","","","(0,10)","","","","","71000001","","","","","","","","","1","4800000","0","0","","","","","","","","","","","","","","","1","","","","","","",""
"15031501","3","40","41","","0","0","90007501","","","","","","","(1,9)","","","","","71000001","","","","","","","","","1","","2000","70502201","","","","","","","","","","15031501","","","","","1","","","","(""0"",""0"",""ChooseItemUpgradeWidgetAni"",""0"",""0"",""0"",""0"")","","",""
"15031502","3","40","41","","0","0","90007502","","","","","","","(2,9)","","","","","71000001","","","","","","","","","1","","4000","70502202","","","","","","","","(15031503)","","15031501","","","","","1","","","","(""0"",""0"",""ChooseItemUpgradeWidgetAni"",""0"",""0"",""0"",""0"")","","",""
"15031503","3","40","41","","0","0","90007503","","","","","","","(3,9)","","","","","71000001","","","","","","","","","1","","6000","70502203","","","","","","","","(15031504)","","15031501","","","","","1","","","","(""0"",""0"",""ChooseItemUpgradeWidgetAni"",""0"",""0"",""0"",""0"")","","",""
"15031504","3","40","41","","0","0","90007504","","","","","","","(4,9)","","","","","71000001","","","","","","","","","1","","8000","70502204","","","","","","","","(15031505)","","15031501","","","","","1","","","","(""0"",""0"",""ChooseItemUpgradeWidgetAni"",""0"",""0"",""0"",""0"")","","",""
"15031505","3","40","41","","0","0","90007505","","","","","","","(5,9)","","","","","71000001","","","","","","","","","1","","10000","70502205","","","","","","","","(15031506)","","15031501","","","","","1","","","","(""0"",""0"",""ChooseItemUpgradeWidgetAni"",""0"",""0"",""0"",""0"")","","",""
"15031506","3","40","41","","0","0","90007504","","","","","","","(6,1)","","","","","71000001","","","","","","","","","1","","11000","70502206","","","","","","","","(15031507)","","15031934","","","","","1","","","","(""0"",""0"",""ChooseItemUpgradeWidgetAni"",""0"",""0"",""0"",""0"")","","",""
"15031507","3","40","41","","0","0","90007505","","","","","","","(6,5)","","","","","71000001","","","","","","","","","1","","12000","70502207","","","","","","","","(15031508)","","15031934","","","","","1","","","","(""0"",""0"",""ChooseItemUpgradeWidgetAni"",""0"",""0"",""0"",""0"")","","",""
"15031508","3","40","41","","0","0","90007506","","","","","","","(6,9)","","","","","71000001","","","","","","","","","1","","13000","70502208","","","","","","","","(15031509)","","15031934","","","","","1","","","","(""0"",""0"",""ChooseItemUpgradeWidgetAni"",""0"",""0"",""0"",""0"")","","",""
"15031509","3","40","41","","0","0","90007507","","","","","","","(7,1)","","","","","71000001","","","","","","","","","1","","14000","70502209","","","","","","","","(15031510)","","15031934","","","","","1","","","","(""0"",""0"",""ChooseItemUpgradeWidgetAni"",""0"",""0"",""0"",""0"")","","",""
"15031510","3","40","41","","0","0","90007508","","","","","","","(7,5)","","","","","71000001","","","","","","","","","1","","15000","70502210","","","","","","","","(15031511)","","15031934","","","","","1","","","","(""0"",""0"",""ChooseItemUpgradeWidgetAni"",""0"",""0"",""0"",""0"")","","",""
"15031511","3","40","41","","0","0","90007509","","","","","","","(7,9)","","","","","71000001","","","","","","","","","1","","16000","70502211","","","","","","","","(15031512)","","15031934","","","","","1","","","","(""0"",""0"",""ChooseItemUpgradeWidgetAni"",""0"",""0"",""0"",""0"")","","",""
"15031512","3","40","41","","0","0","90007510","","","","","","","(8,1)","","","","","71000001","","","","","","","","","1","","17000","70502212","","","","","","","","(15031513)","","15031934","","","","","1","","","","(""0"",""0"",""ChooseItemUpgradeWidgetAni"",""0"",""0"",""0"",""0"")","","",""
"15031513","3","40","41","","0","0","90007511","","","","","","","(8,5)","","","","","71000001","","","","","","","","","1","","18000","70502213","","","","","","","","(15031514)","","15031934","","","","","1","","","","(""0"",""0"",""ChooseItemUpgradeWidgetAni"",""0"",""0"",""0"",""0"")","","",""
"15031514","3","40","41","","0","0","90007512","","","","","","","(8,9)","","","","","71000001","","","","","","","","","1","","19000","70502214","","","","","","","","(15031515)","","15031934","","","","","1","","","","(""0"",""0"",""ChooseItemUpgradeWidgetAni"",""0"",""0"",""0"",""0"")","","",""
"15031515","3","40","41","","0","0","90007513","","","","","","","(9,1)","","","","","71000001","","","","","","","","","1","","20000","70502215","","","","","","","","(15031516)","","15031934","","","","","1","","","","(""0"",""0"",""ChooseItemUpgradeWidgetAni"",""0"",""0"",""0"",""0"")","","",""
"15031516","3","40","41","","0","0","90007514","","","","","","","(9,5)","","","","","71000001","","","","","","","","","1","","21000","70502216","","","","","","","","(15031517)","","15031934","","","","","1","","","","(""0"",""0"",""ChooseItemUpgradeWidgetAni"",""0"",""0"",""0"",""0"")","","",""
"15031517","3","40","41","","0","0","90007515","","","","","","","(9,9)","","","","","71000001","","","","","","","","","1","","22000","70502217","","","","","","","","(15031518)","","15031934","","","","","1","","","","(""0"",""0"",""ChooseItemUpgradeWidgetAni"",""0"",""0"",""0"",""0"")","","",""
"15031518","3","40","41","","0","0","90007516","","","","","","","(10,1)","","","","","71000001","","","","","","","","","1","","23000","70502218","","","","","","","","(15031519)","","15031934","","","","","1","","","","(""0"",""0"",""ChooseItemUpgradeWidgetAni"",""0"",""0"",""0"",""0"")","","",""
"15031519","3","40","41","","0","0","90007517","","","","","","","(10,5)","","","","","71000001","","","","","","","","","1","","24000","70502219","","","","","","","","(15031520)","","15031934","","","","","1","","","","(""0"",""0"",""ChooseItemUpgradeWidgetAni"",""0"",""0"",""0"",""0"")","","",""
"15031520","3","40","41","","0","0","90007518","","","","","","","(10,9)","","","","","71000001","","","","","","","","","1","","25000","70502220","","","","","","","","(15031521)","","15031934","","","","","1","","","","(""0"",""0"",""ChooseItemUpgradeWidgetAni"",""0"",""0"",""0"",""0"")","","",""
"15031521","3","40","41","","0","0","90007519","","","","","","","(11,1)","","","","","71000001","","","","","","","","","1","","26000","70502221","","","","","","","","(15031522)","","15031934","","","","","1","","","","(""0"",""0"",""ChooseItemUpgradeWidgetAni"",""0"",""0"",""0"",""0"")","","",""
"15031522","3","40","41","","0","0","90007520","","","","","","","(11,5)","","","","","71000001","","","","","","","","","1","","27000","70502222","","","","","","","","(15031523)","","15031934","","","","","1","","","","(""0"",""0"",""ChooseItemUpgradeWidgetAni"",""0"",""0"",""0"",""0"")","","",""
"15031523","3","40","41","","0","0","90007521","","","","","","","(11,9)","","","","","71000001","","","","","","","","","1","","28000","70502223","","","","","","","","(15031524)","","15031934","","","","","1","","","","(""0"",""0"",""ChooseItemUpgradeWidgetAni"",""0"",""0"",""0"",""0"")","","",""
"15031524","3","40","41","","0","0","90007522","","","","","","","(12,1)","","","","","71000001","","","","","","","","","1","","29000","70502224","","","","","","","","(15031525)","","15031934","","","","","1","","","","(""0"",""0"",""ChooseItemUpgradeWidgetAni"",""0"",""0"",""0"",""0"")","","",""
"15031525","3","40","41","","0","0","90007523","","","","","","","(12,5)","","","","","71000001","","","","","","","","","1","","30000","70502225","","","","","","","","(15031526)","","15031934","","","","","1","","","","(""0"",""0"",""ChooseItemUpgradeWidgetAni"",""0"",""0"",""0"",""0"")","","",""
"15031526","3","40","41","","0","0","90007524","","","","","","","(12,9)","","","","","71000001","","","","","","","","","1","","31000","70502226","","","","","","","","(15031527)","","15031934","","","","","1","","","","(""0"",""0"",""ChooseItemUpgradeWidgetAni"",""0"",""0"",""0"",""0"")","","",""
"15031527","3","40","41","","0","0","90007525","","","","","","","(13,1)","","","","","71000001","","","","","","","","","1","","32000","70502227","","","","","","","","(15031528)","","15031934","","","","","1","","","","(""0"",""0"",""ChooseItemUpgradeWidgetAni"",""0"",""0"",""0"",""0"")","","",""
"15031528","3","40","41","","0","0","90007526","","","","","","","(13,5)","","","","","71000001","","","","","","","","","1","","33000","70502228","","","","","","","","(15031529)","","15031934","","","","","1","","","","(""0"",""0"",""ChooseItemUpgradeWidgetAni"",""0"",""0"",""0"",""0"")","","",""
"15031529","3","40","41","","0","0","90007527","","","","","","","(13,9)","","","","","71000001","","","","","","","","","1","","34000","70502229","","","","","","","","(15031530)","","15031934","","","","","1","","","","(""0"",""0"",""ChooseItemUpgradeWidgetAni"",""0"",""0"",""0"",""0"")","","",""
"15031530","3","40","41","","0","0","90007528","","","","","","","(14,1)","","","","","71000001","","","","","","","","","1","","35000","70502230","","","","","","","","(15031531)","","15031934","","","","","1","","","","(""0"",""0"",""ChooseItemUpgradeWidgetAni"",""0"",""0"",""0"",""0"")","","",""
"15031531","3","40","41","","0","0","90007529","","","","","","","(14,5)","","","","","71000001","","","","","","","","","1","","36000","70502231","","","","","","","","(15031532)","","15031934","","","","","1","","","","(""0"",""0"",""ChooseItemUpgradeWidgetAni"",""0"",""0"",""0"",""0"")","","",""
"15031532","3","40","41","","0","0","90007530","","","","","","","(14,9)","","","","","71000001","","","","","","","","","1","","37000","70502232","","","","","","","","(15031533)","","15031934","","","","","1","","","","(""0"",""0"",""ChooseItemUpgradeWidgetAni"",""0"",""0"",""0"",""0"")","","",""
"15031533","3","40","41","","0","0","90007531","","","","","","","(15,1)","","","","","71000001","","","","","","","","","1","","38000","70502233","","","","","","","","(15031534)","","15031934","","","","","1","","","","(""0"",""0"",""ChooseItemUpgradeWidgetAni"",""0"",""0"",""0"",""0"")","","",""
"15031534","3","40","41","","0","0","90007532","","","","","","","(15,5)","","","","","71000001","","","","","","","","","1","","39000","70502234","","","","","","","","(15031535)","","15031934","","","","","1","","","","(""0"",""0"",""ChooseItemUpgradeWidgetAni"",""0"",""0"",""0"",""0"")","","",""
"15031535","3","40","41","","0","0","90007533","","","","","","","(15,9)","","","","","71000001","","","","","","","","","1","","40000","70502235","","","","","","","","","","15031934","","","","","1","","","","(""0"",""0"",""ChooseItemUpgradeWidgetAni"",""0"",""0"",""0"",""0"")","","",""
"15031551","3","67","76","","0","0","90007851","","","","","","","(0,4)","","","","","71000001","","","","","","","","","1","","5000","","","","","","","","","","","","","","","","1","","","","","","",""
"15031552","3","67","76","","0","0","90007851","","","","","","","(0,6)","","","","","71000001","","","","","","","","","1","","20000","","","","","","","","","","","","","","","","1","","","","","","",""
"15031560","3","68","100","","0","0","90007860","","","","","","","(0,1)","","","","","71000001","","","","","","","","","1","","5000","","","","","","","","","","","","","","","","1","","","","","","",""
"15031561","3","68","100","","0","0","90007860","","","","","","","(0,2)","","","","","71000001","","","","","","","","","1","","20000","","","","","","","","","","","","","","","","1","","","","","","",""
"15031565","3","69","65","","0","0","90007865","","","","","","","(71020001,1)","","","","","71020001","","","","","","","","","1","","5000","","","","","","","","","","","","","","","","1","","","","","","",""
"15031570","3","70","42","","0","0","90007870","","","","","","","(0,1)","","","","","71000001","","","","","","","","","1","","5000","","","","","","","","","","","","","","","","1","","","","","","",""
"15031575","3","71","57","","0","0","90007875","","","","","","","(0,3)","","","","","71000001","","","","","","","","","1","","5000","","","","","","","","","(15031576)","","15031575","","","","","1","","","","","","",""
"15031576","3","71","57","","0","0","90007875","","","","","","","(0,6)","","","","","71000001","","","","","","","","","1","","20000","","","","","","","","","","","15031575","","","","","1","","","","","","",""
"15031580","3","72","46","","0","0","90007880","","","","","","","(0,3)","","","","","71000001","","","","","","","","","1","","5000","","","","","","","","","(15031581)","","15031580","","","","","1","","","","","","",""
"15031581","3","72","46","","0","0","90007880","","","","","","","(0,6)","","","","","71000001","","","","","","","","","1","","20000","","","","","","","","","","","15031580","","","","","1","","","","","","",""
"15031585","3","73","76","","0","0","90007154","","","","","","","(0,1)","","","","","71000001","","","","","","","","","1","","10000","","","","","","","","","","","","","","","","1","","","","","","",""
"15031590","3","74","50","","0","0","90007890","","","","","","","(0,1)","","","","","71000001","","","","","","","","","1","","10000","","","","","","","","","","","","","","","","1","","","","","","",""
"15031601","3","41","180","","0","0","90007601","","","","","","","(10,1)","","","","","71000001","","","","","","","","","1","","10000","70502301","","","","","","","","","","15031601","","","","","1","","","","(""0"",""0"",""ChooseItemUpgradeWidgetAni"",""0"",""0"",""0"",""0"")","","",""
"15031602","3","41","190","","0","0","90007602","","","","","","","(10,5)","","","","","71000001","","","","","","","","","1","","40000","70502302","","","","","","","","(15031603)","","15031601","","","","","1","","","","(""0"",""0"",""ChooseItemUpgradeWidgetAni"",""0"",""0"",""0"",""0"")","","",""
"15031603","3","41","190","","0","0","90007603","","","","","","","(10,9)","","","","","71000001","","","","","","","","","1","","50000","70502303","","","","","","","","(15031604)","","15031601","","","","","1","","","","(""0"",""0"",""ChooseItemUpgradeWidgetAni"",""0"",""0"",""0"",""0"")","","",""
"15031604","3","41","190","","0","0","90007604","","","","","","","(20,1)","","","","","71000001","","","","","","","","","1","","20000","70502304","","","","","","","","(15031605)","","15031601","","","","","1","","","","(""0"",""0"",""ChooseItemUpgradeWidgetAni"",""0"",""0"",""0"",""0"")","","",""
"15031605","3","41","190","","0","0","90007605","","","","","","","(20,5)","","","","","71000001","","","","","","","","","1","","80000","70502305","","","","","","","","(15031606)","","15031601","","","","","1","","","","(""0"",""0"",""ChooseItemUpgradeWidgetAni"",""0"",""0"",""0"",""0"")","","",""
"15031606","3","41","190","","0","0","90007606","","","","","","","(20,9)","","","","","71000001","","","","","","","","","1","","100000","70502306","","","","","","","","(15031607)","","15031601","","","","","1","","","","(""0"",""0"",""ChooseItemUpgradeWidgetAni"",""0"",""0"",""0"",""0"")","","",""
"15031607","3","41","190","","0","0","90007607","","","","","","","(30,1)","","","","","71000001","","","","","","","","","1","","30000","70502307","","","","","","","","(15031608)","","15031601","","","","","1","","","","(""0"",""0"",""ChooseItemUpgradeWidgetAni"",""0"",""0"",""0"",""0"")","","",""
"15031608","3","41","190","","0","0","90007608","","","","","","","(30,5)","","","","","71000001","","","","","","","","","1","","120000","70502308","","","","","","","","(15031609)","","15031601","","","","","1","","","","(""0"",""0"",""ChooseItemUpgradeWidgetAni"",""0"",""0"",""0"",""0"")","","",""
"15031609","3","41","190","","0","0","90007609","","","","","","","(30,9)","","","","","71000001","","","","","","","","","1","","150000","70502309","","","","","","","","(15031610)","","15031601","","","","","1","","","","(""0"",""0"",""ChooseItemUpgradeWidgetAni"",""0"",""0"",""0"",""0"")","","",""
"15031610","3","41","190","","0","0","90007610","","","","","","","(40,1)","","","","","71000001","","","","","","","","","1","","50000","70502310","","","","","","","","(15031611)","","15031601","","","","","1","","","","(""0"",""0"",""ChooseItemUpgradeWidgetAni"",""0"",""0"",""0"",""0"")","","",""
"15031611","3","41","190","","0","0","90007611","","","","","","","(40,5)","","","","","71000001","","","","","","","","","1","","200000","70502311","","","","","","","","(15031612)","","15031601","","","","","1","","","","(""0"",""0"",""ChooseItemUpgradeWidgetAni"",""0"",""0"",""0"",""0"")","","",""
"15031612","3","41","190","","0","0","90007612","","","","","","","(40,9)","","","","","71000001","","","","","","","","","1","","250000","70502312","","","","","","","","(15031613)","","15031601","","","","","1","","","","(""0"",""0"",""ChooseItemUpgradeWidgetAni"",""0"",""0"",""0"",""0"")","","",""
"15031613","3","41","190","","0","0","90007613","","","","","","","(50,1)","","","","","71000001","","","","","","","","","1","","20000","70502313","","","","","","","","(15031614)","","15031601","","","","","1","","","","(""0"",""0"",""ChooseItemUpgradeWidgetAni"",""0"",""0"",""0"",""0"")","","",""
"15031614","3","41","190","","0","0","90007614","","","","","","","(50,5)","","","","","71000001","","","","","","","","","1","","80000","70502314","","","","","","","","(15031615)","","15031601","","","","","1","","","","(""0"",""0"",""ChooseItemUpgradeWidgetAni"",""0"",""0"",""0"",""0"")","","",""
"15031615","3","41","190","","0","0","90007615","","","","","","","(50,9)","","","","","71000001","","","","","","","","","1","","100000","70502315","","","","","","","","(15031616)","","15031601","","","","","1","","","","(""0"",""0"",""ChooseItemUpgradeWidgetAni"",""0"",""0"",""0"",""0"")","","",""
"15031616","3","41","190","","0","0","90007616","","","","","","","(60,1)","","","","","71000001","","","","","","","","","1","","30000","70502316","","","","","","","","(15031617)","","15031601","","","","","1","","","","(""0"",""0"",""ChooseItemUpgradeWidgetAni"",""0"",""0"",""0"",""0"")","","",""
"15031617","3","41","190","","0","0","90007617","","","","","","","(60,5)","","","","","71000001","","","","","","","","","1","","120000","70502317","","","","","","","","(15031618)","","15031601","","","","","1","","","","(""0"",""0"",""ChooseItemUpgradeWidgetAni"",""0"",""0"",""0"",""0"")","","",""
"15031618","3","41","190","","0","0","90007618","","","","","","","(60,9)","","","","","71000001","","","","","","","","","1","","150000","70502318","","","","","","","","(15031619)","","15031601","","","","","1","","","","(""0"",""0"",""ChooseItemUpgradeWidgetAni"",""0"",""0"",""0"",""0"")","","",""
"15031619","3","41","190","","0","0","90007619","","","","","","","(70,1)","","","","","71000001","","","","","","","","","1","","40000","70502319","","","","","","","","(15031620)","","15031601","","","","","1","","","","(""0"",""0"",""ChooseItemUpgradeWidgetAni"",""0"",""0"",""0"",""0"")","","",""
"15031620","3","41","190","","0","0","90007620","","","","","","","(70,5)","","","","","71000001","","","","","","","","","1","","160000","70502320","","","","","","","","(15031621)","","15031601","","","","","1","","","","(""0"",""0"",""ChooseItemUpgradeWidgetAni"",""0"",""0"",""0"",""0"")","","",""
"15031621","3","41","190","","0","0","90007621","","","","","","","(70,9)","","","","","71000001","","","","","","","","","1","","200000","70502321","","","","","","","","(15031622)","","15031601","","","","","1","","","","(""0"",""0"",""ChooseItemUpgradeWidgetAni"",""0"",""0"",""0"",""0"")","","",""
"15031622","3","41","190","","0","0","90007622","","","","","","","(80,1)","","","","","71000001","","","","","","","","","1","","50000","70502322","","","","","","","","(15031623)","","15031601","","","","","1","","","","(""0"",""0"",""ChooseItemUpgradeWidgetAni"",""0"",""0"",""0"",""0"")","","",""
"15031623","3","41","190","","0","0","90007623","","","","","","","(80,5)","","","","","71000001","","","","","","","","","1","","200000","70502323","","","","","","","","(15031624)","","15031601","","","","","1","","","","(""0"",""0"",""ChooseItemUpgradeWidgetAni"",""0"",""0"",""0"",""0"")","","",""
"15031624","3","41","190","","0","0","90007624","","","","","","","(80,9)","","","","","71000001","","","","","","","","","1","","250000","70502324","","","","","","","","(15031625)","","15031601","","","","","1","","","","(""0"",""0"",""ChooseItemUpgradeWidgetAni"",""0"",""0"",""0"",""0"")","","",""
"15031625","3","41","190","","0","0","90007625","","","","","","","(90,1)","","","","","71000001","","","","","","","","","1","","60000","70502325","","","","","","","","(15031626)","","15031601","","","","","1","","","","(""0"",""0"",""ChooseItemUpgradeWidgetAni"",""0"",""0"",""0"",""0"")","","",""
"15031626","3","41","190","","0","0","90007626","","","","","","","(90,5)","","","","","71000001","","","","","","","","","1","","240000","70502326","","","","","","","","(15031627)","","15031601","","","","","1","","","","(""0"",""0"",""ChooseItemUpgradeWidgetAni"",""0"",""0"",""0"",""0"")","","",""
"15031627","3","41","190","","0","0","90007627","","","","","","","(90,9)","","","","","71000001","","","","","","","","","1","","300000","70502327","","","","","","","","(15031628)","","15031601","","","","","1","","","","(""0"",""0"",""ChooseItemUpgradeWidgetAni"",""0"",""0"",""0"",""0"")","","",""
"15031628","3","41","190","","0","0","90007628","","","","","","","(100,1)","","","","","71000001","","","","","","","","","1","","80000","70502328","","","","","","","","(15031629)","","15031601","","","","","1","","","","(""0"",""0"",""ChooseItemUpgradeWidgetAni"",""0"",""0"",""0"",""0"")","","",""
"15031629","3","41","190","","0","0","90007629","","","","","","","(100,5)","","","","","71000001","","","","","","","","","1","","320000","70502329","","","","","","","","(15031630)","","15031601","","","","","1","","","","(""0"",""0"",""ChooseItemUpgradeWidgetAni"",""0"",""0"",""0"",""0"")","","",""
"15031630","3","41","190","","0","0","90007630","","","","","","","(100,9)","","","","","71000001","","","","","","","","","1","","400000","70502330","","","","","","","","","","15031601","","","","","1","","","","(""0"",""0"",""ChooseItemUpgradeWidgetAni"",""0"",""0"",""0"",""0"")","","",""
"15031701","3","42","120","","0","0","90007701","","","","","","","(1,2)","","","","","71000001","","","","","","","","","1","","3000","70502401","","","","","","","","","","15031701","","","","","1","","","","(""0"",""0"",""ChooseItemUpgradeWidgetAni"",""0"",""0"",""0"",""0"")","","",""
"15031702","3","42","120","","0","0","90007702","","","","","","","(1,5)","","","","","71000001","","","","","","","","","1","","12000","70502402","","","","","","","","(15031703)","","15031701","","","","","1","","","","(""0"",""0"",""ChooseItemUpgradeWidgetAni"",""0"",""0"",""0"",""0"")","","",""
"15031703","3","42","120","","0","0","90007703","","","","","","","(1,9)","","","","","71000001","","","","","","","","","1","","15000","70502403","","","","","","","","(15031704)","","15031701","","","","","1","","","","(""0"",""0"",""ChooseItemUpgradeWidgetAni"",""0"",""0"",""0"",""0"")","","",""
"15031704","3","42","120","","0","0","90007704","","","","","","","(2,1)","","","","","71000001","","","","","","","","","1","","3000","70502404","","","","","","","","(15031705)","","15031701","","","","","1","","","","(""0"",""0"",""ChooseItemUpgradeWidgetAni"",""0"",""0"",""0"",""0"")","","",""
"15031705","3","42","120","","0","0","90007705","","","","","","","(2,5)","","","","","71000001","","","","","","","","","1","","12000","70502405","","","","","","","","(15031706)","","15031701","","","","","1","","","","(""0"",""0"",""ChooseItemUpgradeWidgetAni"",""0"",""0"",""0"",""0"")","","",""
"15031706","3","42","120","","0","0","90007706","","","","","","","(2,9)","","","","","71000001","","","","","","","","","1","","15000","70502406","","","","","","","","(15031707)","","15031701","","","","","1","","","","(""0"",""0"",""ChooseItemUpgradeWidgetAni"",""0"",""0"",""0"",""0"")","","",""
"15031707","3","42","120","","0","0","90007707","","","","","","","(4,1)","","","","","71000001","","","","","","","","","1","","3000","70502407","","","","","","","","(15031708)","","15031701","","","","","1","","","","(""0"",""0"",""ChooseItemUpgradeWidgetAni"",""0"",""0"",""0"",""0"")","","",""
"15031708","3","42","120","","0","0","90007708","","","","","","","(4,5)","","","","","71000001","","","","","","","","","1","","12000","70502408","","","","","","","","(15031709)","","15031701","","","","","1","","","","(""0"",""0"",""ChooseItemUpgradeWidgetAni"",""0"",""0"",""0"",""0"")","","",""
"15031709","3","42","120","","0","0","90007709","","","","","","","(4,9)","","","","","71000001","","","","","","","","","1","","15000","70502409","","","","","","","","(15031710)","","15031701","","","","","1","","","","(""0"",""0"",""ChooseItemUpgradeWidgetAni"",""0"",""0"",""0"",""0"")","","",""
"15031710","3","42","120","","0","0","90007710","","","","","","","(6,1)","","","","","71000001","","","","","","","","","1","","3000","70502410","","","","","","","","(15031711)","","15031701","","","","","1","","","","(""0"",""0"",""ChooseItemUpgradeWidgetAni"",""0"",""0"",""0"",""0"")","","",""
"15031711","3","42","120","","0","0","90007711","","","","","","","(6,5)","","","","","71000001","","","","","","","","","1","","12000","70502411","","","","","","","","(15031712)","","15031701","","","","","1","","","","(""0"",""0"",""ChooseItemUpgradeWidgetAni"",""0"",""0"",""0"",""0"")","","",""
"15031712","3","42","120","","0","0","90007712","","","","","","","(6,9)","","","","","71000001","","","","","","","","","1","","15000","70502412","","","","","","","","(15031713)","","15031701","","","","","1","","","","(""0"",""0"",""ChooseItemUpgradeWidgetAni"",""0"",""0"",""0"",""0"")","","",""
"15031713","3","42","120","","0","0","90007713","","","","","","","(8,1)","","","","","71000001","","","","","","","","","1","","3000","70502413","","","","","","","","(15031714)","","15031701","","","","","1","","","","(""0"",""0"",""ChooseItemUpgradeWidgetAni"",""0"",""0"",""0"",""0"")","","",""
"15031714","3","42","120","","0","0","90007714","","","","","","","(8,5)","","","","","71000001","","","","","","","","","1","","12000","70502414","","","","","","","","(15031715)","","15031701","","","","","1","","","","(""0"",""0"",""ChooseItemUpgradeWidgetAni"",""0"",""0"",""0"",""0"")","","",""
"15031715","3","42","120","","0","0","90007715","","","","","","","(8,9)","","","","","71000001","","","","","","","","","1","","15000","70502415","","","","","","","","(15031716)","","15031701","","","","","1","","","","(""0"",""0"",""ChooseItemUpgradeWidgetAni"",""0"",""0"",""0"",""0"")","","",""
"15031716","3","42","120","","0","0","90007716","","","","","","","(10,1)","","","","","71000001","","","","","","","","","1","","3000","70502416","","","","","","","","(15031717)","","15031701","","","","","1","","","","(""0"",""0"",""ChooseItemUpgradeWidgetAni"",""0"",""0"",""0"",""0"")","","",""
"15031717","3","42","120","","0","0","90007717","","","","","","","(10,5)","","","","","71000001","","","","","","","","","1","","12000","70502417","","","","","","","","(15031718)","","15031701","","","","","1","","","","(""0"",""0"",""ChooseItemUpgradeWidgetAni"",""0"",""0"",""0"",""0"")","","",""
"15031718","3","42","120","","0","0","90007718","","","","","","","(10,9)","","","","","71000001","","","","","","","","","1","","15000","70502418","","","","","","","","(15031719)","","15031701","","","","","1","","","","(""0"",""0"",""ChooseItemUpgradeWidgetAni"",""0"",""0"",""0"",""0"")","","",""
"15031719","3","42","120","","0","0","90007719","","","","","","","(12,1)","","","","","71000001","","","","","","","","","1","","3000","70502419","","","","","","","","(15031720)","","15031701","","","","","1","","","","(""0"",""0"",""ChooseItemUpgradeWidgetAni"",""0"",""0"",""0"",""0"")","","",""
"15031720","3","42","120","","0","0","90007720","","","","","","","(12,5)","","","","","71000001","","","","","","","","","1","","12000","70502420","","","","","","","","(15031721)","","15031701","","","","","1","","","","(""0"",""0"",""ChooseItemUpgradeWidgetAni"",""0"",""0"",""0"",""0"")","","",""
"15031721","3","42","120","","0","0","90007721","","","","","","","(12,9)","","","","","71000001","","","","","","","","","1","","15000","70502421","","","","","","","","(15031722)","","15031701","","","","","1","","","","(""0"",""0"",""ChooseItemUpgradeWidgetAni"",""0"",""0"",""0"",""0"")","","",""
"15031722","3","42","120","","0","0","90007722","","","","","","","(14,1)","","","","","71000001","","","","","","","","","1","","3000","70502422","","","","","","","","(15031723)","","15031701","","","","","1","","","","(""0"",""0"",""ChooseItemUpgradeWidgetAni"",""0"",""0"",""0"",""0"")","","",""
"15031723","3","42","120","","0","0","90007723","","","","","","","(14,5)","","","","","71000001","","","","","","","","","1","","12000","70502423","","","","","","","","(15031724)","","15031701","","","","","1","","","","(""0"",""0"",""ChooseItemUpgradeWidgetAni"",""0"",""0"",""0"",""0"")","","",""
"15031724","3","42","120","","0","0","90007724","","","","","","","(14,9)","","","","","71000001","","","","","","","","","1","","15000","70502424","","","","","","","","(15031725)","","15031701","","","","","1","","","","(""0"",""0"",""ChooseItemUpgradeWidgetAni"",""0"",""0"",""0"",""0"")","","",""
"15031725","3","42","120","","0","0","90007725","","","","","","","(16,1)","","","","","71000001","","","","","","","","","1","","3000","70502425","","","","","","","","(15031726)","","15031701","","","","","1","","","","(""0"",""0"",""ChooseItemUpgradeWidgetAni"",""0"",""0"",""0"",""0"")","","",""
"15031726","3","42","120","","0","0","90007726","","","","","","","(16,5)","","","","","71000001","","","","","","","","","1","","12000","70502426","","","","","","","","(15031727)","","15031701","","","","","1","","","","(""0"",""0"",""ChooseItemUpgradeWidgetAni"",""0"",""0"",""0"",""0"")","","",""
"15031727","3","42","120","","0","0","90007727","","","","","","","(16,9)","","","","","71000001","","","","","","","","","1","","15000","70502427","","","","","","","","(15031728)","","15031701","","","","","1","","","","(""0"",""0"",""ChooseItemUpgradeWidgetAni"",""0"",""0"",""0"",""0"")","","",""
"15031728","3","42","120","","0","0","90007728","","","","","","","(18,1)","","","","","71000001","","","","","","","","","1","","3000","70502428","","","","","","","","(15031729)","","15031701","","","","","1","","","","(""0"",""0"",""ChooseItemUpgradeWidgetAni"",""0"",""0"",""0"",""0"")","","",""
"15031729","3","42","120","","0","0","90007729","","","","","","","(18,5)","","","","","71000001","","","","","","","","","1","","12000","70502429","","","","","","","","(15031730)","","15031701","","","","","1","","","","(""0"",""0"",""ChooseItemUpgradeWidgetAni"",""0"",""0"",""0"",""0"")","","",""
"15031730","3","42","120","","0","0","90007730","","","","","","","(18,9)","","","","","71000001","","","","","","","","","1","","15000","70502430","","","","","","","","(15031731)","","15031701","","","","","1","","","","(""0"",""0"",""ChooseItemUpgradeWidgetAni"",""0"",""0"",""0"",""0"")","","",""
"15031731","3","42","120","","0","0","90007731","","","","","","","(20,1)","","","","","71000001","","","","","","","","","1","","3000","70502431","","","","","","","","(15031732)","","15031701","","","","","1","","","","(""0"",""0"",""ChooseItemUpgradeWidgetAni"",""0"",""0"",""0"",""0"")","","",""
"15031732","3","42","120","","0","0","90007732","","","","","","","(20,5)","","","","","71000001","","","","","","","","","1","","12000","70502432","","","","","","","","(15031733)","","15031701","","","","","1","","","","(""0"",""0"",""ChooseItemUpgradeWidgetAni"",""0"",""0"",""0"",""0"")","","",""
"15031733","3","42","120","","0","0","90007733","","","","","","","(20,9)","","","","","71000001","","","","","","","","","1","","15000","70502433","","","","","","","","","","15031701","","","","","1","","","","(""0"",""0"",""ChooseItemUpgradeWidgetAni"",""0"",""0"",""0"",""0"")","","",""
"15031801","3","43","200","","0","0","90007801","","","","","","","(1,1)","","","","","71000001","","","","","","","","","1","","10000","70502501","","","","","","","","","","15031801","","","","","1","","","","(""0"",""0"",""ChooseItemUpgradeWidgetAni"",""0"",""0"",""0"",""0"")","","",""
"15031802","3","43","200","","0","0","90007802","","","","","","","(1,5)","","","","","71000001","","","","","","","","","1","","40000","70502502","","","","","","","","(15031803)","","15031801","","","","","1","","","","(""0"",""0"",""ChooseItemUpgradeWidgetAni"",""0"",""0"",""0"",""0"")","","",""
"15031803","3","43","200","","0","0","90007803","","","","","","","(1,9)","","","","","71000001","","","","","","","","","1","","50000","70502503","","","","","","","","(15031804)","","15031801","","","","","1","","","","(""0"",""0"",""ChooseItemUpgradeWidgetAni"",""0"",""0"",""0"",""0"")","","",""
"15031804","3","43","200","","0","0","90007804","","","","","","","(2,1)","","","","","71000001","","","","","","","","","1","","20000","70502504","","","","","","","","(15031805)","","15031801","","","","","1","","","","(""0"",""0"",""ChooseItemUpgradeWidgetAni"",""0"",""0"",""0"",""0"")","","",""
"15031805","3","43","200","","0","0","90007805","","","","","","","(2,5)","","","","","71000001","","","","","","","","","1","","80000","70502505","","","","","","","","(15031806)","","15031801","","","","","1","","","","(""0"",""0"",""ChooseItemUpgradeWidgetAni"",""0"",""0"",""0"",""0"")","","",""
"15031806","3","43","200","","0","0","90007806","","","","","","","(2,9)","","","","","71000001","","","","","","","","","1","","100000","70502506","","","","","","","","(15031807)","","15031801","","","","","1","","","","(""0"",""0"",""ChooseItemUpgradeWidgetAni"",""0"",""0"",""0"",""0"")","","",""
"15031807","3","43","200","","0","0","90007807","","","","","","","(3,1)","","","","","71000001","","","","","","","","","1","","30000","70502507","","","","","","","","(15031808)","","15031801","","","","","1","","","","(""0"",""0"",""ChooseItemUpgradeWidgetAni"",""0"",""0"",""0"",""0"")","","",""
"15031808","3","43","200","","0","0","90007808","","","","","","","(3,5)","","","","","71000001","","","","","","","","","1","","120000","70502508","","","","","","","","(15031809)","","15031801","","","","","1","","","","(""0"",""0"",""ChooseItemUpgradeWidgetAni"",""0"",""0"",""0"",""0"")","","",""
"15031809","3","43","200","","0","0","90007809","","","","","","","(3,9)","","","","","71000001","","","","","","","","","1","","150000","70502509","","","","","","","","(15031810)","","15031801","","","","","1","","","","(""0"",""0"",""ChooseItemUpgradeWidgetAni"",""0"",""0"",""0"",""0"")","","",""
"15031810","3","43","200","","0","0","90007810","","","","","","","(4,1)","","","","","71000001","","","","","","","","","1","","40000","70502510","","","","","","","","(15031811)","","15031801","","","","","1","","","","(""0"",""0"",""ChooseItemUpgradeWidgetAni"",""0"",""0"",""0"",""0"")","","",""
"15031811","3","43","200","","0","0","90007811","","","","","","","(4,5)","","","","","71000001","","","","","","","","","1","","160000","70502511","","","","","","","","(15031812)","","15031801","","","","","1","","","","(""0"",""0"",""ChooseItemUpgradeWidgetAni"",""0"",""0"",""0"",""0"")","","",""
"15031812","3","43","200","","0","0","90007812","","","","","","","(4,9)","","","","","71000001","","","","","","","","","1","","200000","70502512","","","","","","","","(15031813)","","15031801","","","","","1","","","","(""0"",""0"",""ChooseItemUpgradeWidgetAni"",""0"",""0"",""0"",""0"")","","",""
"15031813","3","43","200","","0","0","90007813","","","","","","","(5,1)","","","","","71000001","","","","","","","","","1","","50000","70502513","","","","","","","","(15031814)","","15031801","","","","","1","","","","(""0"",""0"",""ChooseItemUpgradeWidgetAni"",""0"",""0"",""0"",""0"")","","",""
"15031814","3","43","200","","0","0","90007814","","","","","","","(5,5)","","","","","71000001","","","","","","","","","1","","200000","70502514","","","","","","","","(15031815)","","15031801","","","","","1","","","","(""0"",""0"",""ChooseItemUpgradeWidgetAni"",""0"",""0"",""0"",""0"")","","",""
"15031815","3","43","200","","0","0","90007815","","","","","","","(5,9)","","","","","71000001","","","","","","","","","1","","250000","70502515","","","","","","","","(15031816)","","15031801","","","","","1","","","","(""0"",""0"",""ChooseItemUpgradeWidgetAni"",""0"",""0"",""0"",""0"")","","",""
"15031816","3","43","200","","0","0","90007816","","","","","","","(6,1)","","","","","71000001","","","","","","","","","1","","60000","70502516","","","","","","","","(15031817)","","15031801","","","","","1","","","","(""0"",""0"",""ChooseItemUpgradeWidgetAni"",""0"",""0"",""0"",""0"")","","",""
"15031817","3","43","200","","0","0","90007817","","","","","","","(6,5)","","","","","71000001","","","","","","","","","1","","240000","70502517","","","","","","","","(15031818)","","15031801","","","","","1","","","","(""0"",""0"",""ChooseItemUpgradeWidgetAni"",""0"",""0"",""0"",""0"")","","",""
"15031818","3","43","200","","0","0","90007818","","","","","","","(6,9)","","","","","71000001","","","","","","","","","1","","300000","70502518","","","","","","","","(15031819)","","15031801","","","","","1","","","","(""0"",""0"",""ChooseItemUpgradeWidgetAni"",""0"",""0"",""0"",""0"")","","",""
"15031819","3","43","200","","0","0","90007819","","","","","","","(7,1)","","","","","71000001","","","","","","","","","1","","70000","70502519","","","","","","","","(15031820)","","15031801","","","","","1","","","","(""0"",""0"",""ChooseItemUpgradeWidgetAni"",""0"",""0"",""0"",""0"")","","",""
"15031820","3","43","200","","0","0","90007820","","","","","","","(7,5)","","","","","71000001","","","","","","","","","1","","280000","70502520","","","","","","","","(15031821)","","15031801","","","","","1","","","","(""0"",""0"",""ChooseItemUpgradeWidgetAni"",""0"",""0"",""0"",""0"")","","",""
"15031821","3","43","200","","0","0","90007821","","","","","","","(7,9)","","","","","71000001","","","","","","","","","1","","350000","70502521","","","","","","","","","","15031801","","","","","1","","","","(""0"",""0"",""ChooseItemUpgradeWidgetAni"",""0"",""0"",""0"",""0"")","","",""
"15031901","3","15","65","","0","0","90007901","","","","","","","(60000000,1)","","","","","71000001","","","","","","","","","1","","10000","70502601","(8,2000)","","","","","","","","","15031901","","","","","1","","","","(""0"",""0"",""ChoosePokedexWidgetAni"",""0"",""0"",""0"",""0"")","","",""
"15031902","3","15","65","","0","0","90007902","","","","","","","(60000100,1)","","","","","71000001","","","","","","","","","1","","15000","70502602","(8,4000)","","","","","","","","","15031901","","","","","1","","","","(""0"",""0"",""ChoosePokedexWidgetAni"",""0"",""0"",""0"",""0"")","","",""
"15031903","3","15","110","","0","0","90007903","","","","","","","(60000200,1)","","","","","71000001","","","","","","","","","1","","20000","70502603","(8,6000)","","","","","","","","","15031901","","","","","1","","","","(""0"",""0"",""ChoosePokedexWidgetAni"",""0"",""0"",""0"",""0"")","","",""
"15031904","3","15","65","","0","0","90007904","","","","","","","(60000300,1)","","","","","71000001","","","","","","","","","1","","25000","70502604","(8,8000)","","","","","","","","","15031901","","","","","1","","","","(""0"",""0"",""ChoosePokedexWidgetAni"",""0"",""0"",""0"",""0"")","","",""
"15031905","3","15","65","","0","0","90007905","","","","","","","(60000400,1)","","","","","71000001","","","","","","","","","1","","30000","70502605","(8,10000)","","","","","","","","","15031901","","","","","1","","","","(""0"",""0"",""ChoosePokedexWidgetAni"",""0"",""0"",""0"",""0"")","","",""
"15031906","3","15","65","","0","0","90007906","","","","","","","(60000500,1)","","","","","71000001","","","","","","","","","1","","35000","70502606","(8,12000)","","","","","","","","","15031901","","","","","1","","","","(""0"",""0"",""ChoosePokedexWidgetAni"",""0"",""0"",""0"",""0"")","","",""
"15031907","3","15","65","","0","0","90007907","","","","","","","(60000600,1)","","","","","71000001","","","","","","","","","1","","40000","70502607","(8,14000)","","","","","","","","","15031901","","","","","1","","","","(""0"",""0"",""ChoosePokedexWidgetAni"",""0"",""0"",""0"",""0"")","","",""
"15031908","3","15","65","","0","0","90007908","","","","","","","(60000700,1)","","","","","71000001","","","","","","","","","1","","45000","70502608","(8,16000)","","","","","","","","","15031901","","","","","1","","","","(""0"",""0"",""ChoosePokedexWidgetAni"",""0"",""0"",""0"",""0"")","","",""
"15031909","3","15","65","","0","0","90007909","","","","","","","(60000800,1)","","","","","71000001","","","","","","","","","1","","50000","70502609","(8,18000)","","","","","","","","","15031901","","","","","1","","","","(""0"",""0"",""ChoosePokedexWidgetAni"",""0"",""0"",""0"",""0"")","","",""
"15031910","3","15","65","","0","0","90007910","","","","","","","(60000900,1)","","","","","71000001","","","","","","","","","1","","50000","70502610","(8,20000)","","","","","","","","","15031901","","","","","1","","","","(""0"",""0"",""ChoosePokedexWidgetAni"",""0"",""0"",""0"",""0"")","","",""
"15031911","3","15","65","","0","0","90007911","","","","","","","(60001000,1)","","","","","71000001","","","","","","","","","1","","50000","70502611","(8,10000)","","","","","","","","","15031901","","","","","1","","","","(""0"",""0"",""ChoosePokedexWidgetAni"",""0"",""0"",""0"",""0"")","","",""
"15031912","3","15","65","","0","0","90007912","","","","","","","(60001100,1)","","","","","71000001","","","","","","","","","1","","50000","70502612","(8,10000)","","","","","","","","","15031901","","","","","1","","","","(""0"",""0"",""ChoosePokedexWidgetAni"",""0"",""0"",""0"",""0"")","","",""
"15031913","3","15","65","","0","0","90007913","","","","","","","(60001200,1)","","","","","71000001","","","","","","","","","1","","50000","70502613","(8,10000)","","","","","","","","","15031901","","","","","1","","","","(""0"",""0"",""ChoosePokedexWidgetAni"",""0"",""0"",""0"",""0"")","","",""
"15031914","3","15","65","","0","0","90007914","","","","","","","(60001300,1)","","","","","71000001","","","","","","","","","1","","50000","70502614","(8,10000)","","","","","","","","","15031901","","","","","1","","","","(""0"",""0"",""ChoosePokedexWidgetAni"",""0"",""0"",""0"",""0"")","","",""
"15031915","3","15","65","","0","0","90007915","","","","","","","(60001400,1)","","","","","71000001","","","","","","","","","1","","50000","70502615","(8,10000)","","","","","","","","","15031901","","","","","1","","","","(""0"",""0"",""ChoosePokedexWidgetAni"",""0"",""0"",""0"",""0"")","","",""
"15031916","3","15","65","","0","0","90007916","","","","","","","(60001500,1)","","","","","71000001","","","","","","","","","1","","50000","70502616","(8,10000)","","","","","","","","","15031901","","","","","1","","","","(""0"",""0"",""ChoosePokedexWidgetAni"",""0"",""0"",""0"",""0"")","","",""
"15031917","3","15","65","","0","0","90007917","","","","","","","(60001600,1)","","","","","71000001","","","","","","","","","1","","50000","70502617","(8,10000)","","","","","","","","","15031901","","","","","1","","","","(""0"",""0"",""ChoosePokedexWidgetAni"",""0"",""0"",""0"",""0"")","","",""
"15031918","3","15","65","","0","0","90007918","","","","","","","(60001700,1)","","","","","71000001","","","","","","","","","1","","50000","70502618","(8,10000)","","","","","","","","","15031901","","","","","1","","","","(""0"",""0"",""ChoosePokedexWidgetAni"",""0"",""0"",""0"",""0"")","","",""
"15031919","3","15","65","","0","0","90007919","","","","","","","(60001800,1)","","","","","71000001","","","","","","","","","1","","50000","70502619","(8,10000)","","","","","","","","","15031901","","","","","1","","","","(""0"",""0"",""ChoosePokedexWidgetAni"",""0"",""0"",""0"",""0"")","","",""
"15031920","3","15","65","","0","0","90007920","","","","","","","(60001900,1)","","","","","71000001","","","","","","","","","1","","50000","70502620","(8,10000)","","","","","","","","","15031901","","","","","1","","","","(""0"",""0"",""ChoosePokedexWidgetAni"",""0"",""0"",""0"",""0"")","","",""
"15031921","3","15","65","","0","0","90007921","","","","","","","(60002000,1)","","","","","71000001","","","","","","","","","1","","50000","70502621","(8,10000)","","","","","","","","","15031901","","","","","1","","","","(""0"",""0"",""ChoosePokedexWidgetAni"",""0"",""0"",""0"",""0"")","","",""
"15031922","3","15","65","","0","0","90007922","","","","","","","(60002100,1)","","","","","71000001","","","","","","","","","1","","50000","70502622","(8,10000)","","","","","","","","","15031901","","","","","1","","","","(""0"",""0"",""ChoosePokedexWidgetAni"",""0"",""0"",""0"",""0"")","","",""
"15031923","3","15","65","","0","0","90007923","","","","","","","(60002200,1)","","","","","71000001","","","","","","","","","1","","50000","70502623","(8,10000)","","","","","","","","","15031901","","","","","1","","","","(""0"",""0"",""ChoosePokedexWidgetAni"",""0"",""0"",""0"",""0"")","","",""
"15031924","3","15","65","","0","0","90007924","","","","","","","(60002300,1)","","","","","71000001","","","","","","","","","1","","50000","70502624","(8,10000)","","","","","","","","","15031901","","","","","1","","","","(""0"",""0"",""ChoosePokedexWidgetAni"",""0"",""0"",""0"",""0"")","","",""
"15031925","3","15","65","","0","0","90007925","","","","","","","(60002400,1)","","","","","71000001","","","","","","","","","1","","50000","70502625","(8,10000)","","","","","","","","","15031901","","","","","1","","","","(""0"",""0"",""ChoosePokedexWidgetAni"",""0"",""0"",""0"",""0"")","","",""
"15031926","3","15","65","","0","0","90007926","","","","","","","(60002500,1)","","","","","71000001","","","","","","","","","1","","50000","70502626","(8,10000)","","","","","","","","","15031901","","","","","1","","","","(""0"",""0"",""ChoosePokedexWidgetAni"",""0"",""0"",""0"",""0"")","","",""
"15031927","4","11","23","23","0","0","90007144","","","","","","","(71030003,2)","","","","","71030003","","","","","","71030003","","","1","0","0","70501014","","","","","","","","","","","","","","","1","","","","","","",""
"15031928","3","46","10","","0","0","90007937","","","","","","","(0,1,1,13013001,2,13029001,3,13033001,4,13042001)","","","","","71000001","","","","","","","","","1","0","","","","","","","","","","(15031929)","","","","","","","1","1","","","","","",""
"15031929","3","46","13","","0","0","90007937","","","","","","","(0,1,1,13012001,2,13021001,3,13032001,4,13043001)","","","","","71000001","","","","","","","","","1","0","","","","","","","","","","","","","","","","","1","1","","","","","",""
"15031930","3","60","23","","0","0","90007937","","","","","","","(15000632,6,1,13500179,2,13500179,3,13500179,4,13500179,15000619)","","","","","71000001","","","","","","","","","1","0","","","","","","","","","","","","","","","","","1","","","","","","",""
"15031931","3","55","37","","0","0","90007930","","","","","","","(71220402,1)","","","","","71220402","","","","","","71220402","","","1","0","","","","","","","","","","","","","","","","","1","","","","(""1"",""UIDailyMustDoWidget"",""DailyChooseAni"",""39"",""0"",""0"",""0"")","","",""
"15031932","3","55","50","","0","0","90007931","","","","","","","(71220403,1)","","","","","71220403","","","","","","71220403","","","1","0","","","","","","","","","","","","","","","","","","","","","","","",""
"15031933","3","48","45","","0","0","90007932","","","","","","","(31091001,1)","","","","","71000001","","","","","","","","","","","","","","","","","","","","","","","","","","","1","","","","","","",""
"15031934","3","40","80","","0","0","90007933","","","","","","","(3,5)","","","","","71000001","","","","","","","","","1","","10000","70502201","","","","","","","","(15031935)","","15031934","","","","","1","","","","(""0"",""0"",""ChooseItemUpgradeWidgetAni"",""0"",""0"",""0"",""0"")","","",""
"15031935","3","40","60","","0","0","90007934","","","","","","","(3,9)","","","","","71000001","","","","","","","","","1","","10000","70502202","","","","","","","","","","15031934","","","","","1","","","","(""0"",""0"",""ChooseItemUpgradeWidgetAni"",""0"",""0"",""0"",""0"")","","",""
"15031936","3","40","60","","0","0","90007935","","","","","","","(3,9)","","","","","71000001","","","","","","","","","1","","10000","70502203","","","","","","","","","","15031934","","","","","1","","","","(""0"",""0"",""ChooseItemUpgradeWidgetAni"",""0"",""0"",""0"",""0"")","","",""
"15031937","3","55","58","","0","0","90007936","","","","","","","(71220403,1)","","","","","71220403","","","","","","71220403","","","1","0","","","","","","","","","","","","","","","","","1","","","","(""1"",""UIDailyMustDoWidget"",""DailyChooseAni"",""39"",""0"",""0"",""0"")","","",""
"15031940","3","47","90","","0","0","90007940","","","","","","","(0,1,1,1)","","","","","71000001","","","","","","","","","1","0","","","(13,2000)","","","","","","","","","15031940","","","","","1","","","","(""1"",""UIDailyMustDoWidget"",""DailyChooseAni"",""14"",""0"",""0"",""0"")","","",""
"15031941","3","47","80","","0","0","90007941","","","","","","","(0,1,1,3)","","","","","71000001","","","","","","","","","1","0","","","(13,3000)","","","","","","","","","15031940","","","","","1","","","","(""1"",""UIDailyMustDoWidget"",""DailyChooseAni"",""14"",""0"",""0"",""0"")","","",""
"15031942","3","47","80","","0","0","90007942","","","","","","","(0,1,2,1)","","","","","71000001","","","","","","","","","1","0","","","(13,4000)","","","","","","","","","15031940","","","","","1","","","","(""1"",""UIDailyMustDoWidget"",""DailyChooseAni"",""14"",""0"",""0"",""0"")","","",""
"15031943","3","47","80","","0","0","90007943","","","","","","","(0,1,2,3)","","","","","71000001","","","","","","","","","1","0","","","(13,6000)","","","","","","","","","15031940","","","","","1","","","","(""1"",""UIDailyMustDoWidget"",""DailyChooseAni"",""14"",""0"",""0"",""0"")","","",""
"15031944","3","47","80","","0","0","90007944","","","","","","","(0,1,3,1)","","","","","71000001","","","","","","","","","1","0","","","(13,6000)","","","","","","","","","15031940","","","","","1","","","","(""1"",""UIDailyMustDoWidget"",""DailyChooseAni"",""14"",""0"",""0"",""0"")","","",""
"15031945","3","47","80","","0","0","90007945","","","","","","","(0,1,5,1)","","","","","71000001","","","","","","","","","1","0","","","(13,6000)","","","","","","","(15031946)","","15031940","","","","","1","","","","(""1"",""UIDailyMustDoWidget"",""DailyChooseAni"",""14"",""0"",""0"",""0"")","","",""
"15031946","3","47","80","","0","0","90007946","","","","","","","(0,1,7,1)","","","","","71000001","","","","","","","","","1","0","","","(13,6000)","","","","","","","(15031947)","","15031940","","","","","1","","","","(""1"",""UIDailyMustDoWidget"",""DailyChooseAni"",""14"",""0"",""0"",""0"")","","",""
"15031947","3","47","80","","0","0","90007947","","","","","","","(0,1,9,1)","","","","","71000001","","","","","","","","","1","0","","","(13,6000)","","","","","","","(15031948)","","15031940","","","","","1","","","","(""1"",""UIDailyMustDoWidget"",""DailyChooseAni"",""14"",""0"",""0"",""0"")","","",""
"15031948","3","47","80","","0","0","90007948","","","","","","","(0,1,10,1)","","","","","71000001","","","","","","","","","1","0","","","(13,6000)","","","","","","","(15031949)","","15031940","","","","","1","","","","(""1"",""UIDailyMustDoWidget"",""DailyChooseAni"",""14"",""0"",""0"",""0"")","","",""
"15031949","3","47","80","","0","0","90007949","","","","","","","(0,1,11,1)","","","","","71000001","","","","","","","","","1","0","","","(13,6000)","","","","","","","(15031950)","","15031940","","","","","1","","","","(""1"",""UIDailyMustDoWidget"",""DailyChooseAni"",""14"",""0"",""0"",""0"")","","",""
"15031950","3","47","80","","0","0","90007950","","","","","","","(0,1,12,5)","","","","","71000001","","","","","","","","","1","0","","","(13,6000)","","","","","","","","","15031940","","","","","1","","","","(""1"",""UIDailyMustDoWidget"",""DailyChooseAni"",""14"",""0"",""0"",""0"")","","",""
"15031951","3","56","90","","0","0","90007951","","","","","","","(0,5)","","","","","71000001","","","","","","","","","1","0","","70502701","","","","","","","","","","","","","","","1","","","","(""0"",""0"",""ChooseMountWidgetAni"",""0"",""0"",""0"",""0"")","","",""
"15031952","3","56","90","","0","0","90007952","","","","","","","(0,10)","","","","","71000001","","","","","","","","","1","0","","70502702","","","","","","","","(15031953)","","","","","","","1","","","","(""0"",""0"",""ChooseMountWidgetAni"",""0"",""0"",""0"",""0"")","","",""
"15031953","3","56","90","","0","0","90007953","","","","","","","(0,20)","","","","","71000001","","","","","","","","","1","0","","70502703","","","","","","","","","","","","","","","1","","","","(""0"",""0"",""ChooseMountWidgetAni"",""0"",""0"",""0"",""0"")","","",""
"15031961","3","57","140","","0","0","90007961","","","","","","","(0,5)","","","","","71000001","","","","","","","","","1","0","","","(9,300)","","","","","","","","","15031961","","","","","1","","","","(""0"",""0"",""ChooseSpiritWidgetAni"",""0"",""0"",""0"",""0"")","","",""
"15031962","3","57","140","","0","0","90007962","","","","","","","(0,10)","","","","","71000001","","","","","","","","","1","0","","","(9,600)","","","","","","","","15000771","15031961","","","","","1","","","","(""0"",""0"",""ChooseSpiritWidgetAni"",""0"",""0"",""0"",""0"")","","",""
"15031965","3","50","110","","0","0","90007965","","","","","","","(0,1)","","","","","71000001","","","","","","","","","1","0","","","(9,600)","","","","","","","","","","","","","","1","","","","(""0"",""0"",""ChooseSpiritWidgetAni"",""0"",""0"",""0"",""0"")","","",""
"15031971","3","52","130","","0","0","90007971","","","","","","","(0,5)","","","","","71000001","","","","","","","","","1","174600","50000","","","","","","","","","","","15031971","","","","","1","","","","(""0"",""0"",""ChooseJewelButtonPanelAni"",""0"",""0"",""0"",""0"")","","",""
"15031972","3","52","130","","0","0","90007972","","","","","","","(0,9)","","","","","71000001","","","","","","","","","1","174600","50000","","","","","","","","","(15031973)","","15031971","","","","","1","","","","(""0"",""0"",""ChooseJewelButtonPanelAni"",""0"",""0"",""0"",""0"")","","",""
"15031973","3","52","130","","0","0","90007973","","","","","","","(0,14)","","","","","71000001","","","","","","","","","1","174600","50000","","","","","","","","","(15031974)","","15031971","","","","","1","","","","(""0"",""0"",""ChooseJewelButtonPanelAni"",""0"",""0"",""0"",""0"")","","",""
"15031974","3","52","130","","0","0","90007974","","","","","","","(0,18)","","","","","71000001","","","","","","","","","1","174600","50000","","","","","","","","","(15031975)","","15031971","","","","","1","","","","(""0"",""0"",""ChooseJewelButtonPanelAni"",""0"",""0"",""0"",""0"")","","",""
"15031975","3","52","130","","0","0","90007975","","","","","","","(0,23)","","","","","71000001","","","","","","","","","1","174600","50000","","","","","","","","","(15031976)","","15031971","","","","","1","","","","(""0"",""0"",""ChooseJewelButtonPanelAni"",""0"",""0"",""0"",""0"")","","",""
"15031976","3","52","130","","0","0","90007976","","","","","","","(0,27)","","","","","71000001","","","","","","","","","1","174600","50000","","","","","","","","","","","15031971","","","","","1","","","","(""0"",""0"",""ChooseJewelButtonPanelAni"",""0"",""0"",""0"",""0"")","","",""
"15031981","3","53","260","","0","0","90007981","","","","","","","(0,1,1,1)","","","","","71000001","","","","","","","","","1","279300","","","(5,1000)","","","","","","","","","15031981","","","","","1","","","","(""0"",""0"",""ChooseBeliefWidgetAni"",""0"",""0"",""0"",""0"")","","",""
"15031982","3","53","260","","0","0","90007982","","","","","","","(0,4,1,1)","","","","","71000001","","","","","","","","","1","279300","","","(5,2000)","","","","","","","","","15031981","","","","","1","","","","(""0"",""0"",""ChooseBeliefWidgetAni"",""0"",""0"",""0"",""0"")","","",""
"15031983","3","53","260","","0","0","90007983","","","","","","","(0,1,4,1)","","","","","71000001","","","","","","","","","1","279300","","","(5,3000)","","","","","","","(15031984)","","15031981","","","","","1","","","","(""0"",""0"",""ChooseBeliefWidgetAni"",""0"",""0"",""0"",""0"")","","",""
"15031984","3","53","260","","0","0","90007984","","","","","","","(0,4,4,1)","","","","","71000001","","","","","","","","","1","279300","","","(5,4000)","","","","","","","(15031985)","","15031981","","","","","1","","","","(""0"",""0"",""ChooseBeliefWidgetAni"",""0"",""0"",""0"",""0"")","","",""
"15031985","3","53","260","","0","0","90007985","","","","","","","(0,1,7,1)","","","","","71000001","","","","","","","","","1","279300","","","(5,4000)","","","","","","","(15031986)","","15031981","","","","","1","","","","(""0"",""0"",""ChooseBeliefWidgetAni"",""0"",""0"",""0"",""0"")","","",""
"15031986","3","53","260","","0","0","90007986","","","","","","","(0,4,7,1)","","","","","71000001","","","","","","","","","1","279300","","","(5,4000)","","","","","","","","","15031981","","","","","1","","","","(""0"",""0"",""ChooseBeliefWidgetAni"",""0"",""0"",""0"",""0"")","","",""
"15031991","3","58","52","","0","0","90007991","","","","","","","(0,2)","","","","","71000001","","","","","","","","","1","0","50000","70502801","","","","","","","","","","15031991","","","","","1","","","","(""0"",""0"",""ChooseWingWidgetAni"",""0"",""0"",""0"",""0"")","","",""
"15031992","3","58","52","","0","0","90007992","","","","","","","(0,3)","","","","","71000001","","","","","","","","","1","0","50000","70502802","","","","","","","","","","15031991","","","","","1","","","","(""0"",""0"",""ChooseWingWidgetAni"",""0"",""0"",""0"",""0"")","","",""
"15031993","3","58","52","","0","0","90007993","","","","","","","(0,5)","","","","","71000001","","","","","","","","","1","0","50000","70502803","","","","","","","","(15031994)","","15031991","","","","","1","","","","(""0"",""0"",""ChooseWingWidgetAni"",""0"",""0"",""0"",""0"")","","",""
"15031994","3","58","52","","0","0","90007994","","","","","","","(0,10)","","","","","71000001","","","","","","","","","1","0","50000","70502804","","","","","","","","","","15031991","","","","","1","","","","(""0"",""0"",""ChooseWingWidgetAni"",""0"",""0"",""0"",""0"")","","",""
"15031995","3","54","80","","0","0","90007931","","","","","","","(76013002,1)","","","","","71220202","","","","","","71220202","","","1","0","50000","","","","","","","","","","","","","","","","1","","","","(""1"",""UIDailyMustDoWidget"",""DailyChooseAni"",""39"",""82042002"",""0"",""0"")","","",""
"15031996","3","54","100","","0","0","90007931","","","","","","","(76013003,1)","","","","","71220203","","","","","","71220203","","","1","0","50000","","","","","","","","","","","","","","","","1","","","","(""1"",""UIDailyMustDoWidget"",""DailyChooseAni"",""39"",""82042003"",""0"",""0"")","","",""
"15031997","3","54","120","","0","0","90007931","","","","","","","(76013004,1)","","","","","71220204","","","","","","71220204","","","1","0","50000","","","","","","","","","","","","","","","","1","","","","(""1"",""UIDailyMustDoWidget"",""DailyChooseAni"",""39"",""82042004"",""0"",""0"")","","",""
"15031998","3","61","60","","0","0","90007152","","","","","","","(0,1)","","","","","71000001","","","","","","","","","1","0","50000","","","","","","","","","","","","","","","","1","","","","","","",""
"15031999","3","62","140","","0","0","90007153","","","","","","","(0,2)","","","","","71000001","","","","","","","","","1","152100","","","","","","","","","","","","","","","","","1","","","","","","",""
"15032000","3","63","80","","0","0","90007154","","","","","","","(0,1)","","","","","71000001","","","","","","","","","1","","10000","","(18,10)","","","","","","","","","","","","","","1","","","","","","",""
"15032001","5","44","0","","0","0","90007231","0","0","0","0","0","0","(0,1)","","","","0","71000001","","","","","","","","0","2","","","70503101","","","","","","","","","","","","","","","1","","","","","","",""
"15032002","5","0","0","","0","0","90007231","0","0","0","0","0","0","(76000314,100)","(90052006)","","","0","71000001","(17210,97750,298)","","","","","","","0","2","","","70503101","","","","","","","","","","","","","","","","","","","","","",""
"15032003","5","0","0","","0","0","90007231","0","0","0","0","0","0","(76000315,100)","(90052006)","","","0","71000001","(21109,102120,268)","","","","","","","0","2","","","70503101","","","","","","","","","","","","","","","","","","","","","",""
"15032004","5","44","0","","0","0","90007231","0","0","0","0","0","0","(0,1)","","","","0","71000001","","","","","","","","0","2","","","70503101","","","","","","","","","","","","","","","1","","","","","","",""
"15032005","5","0","0","","0","0","90007231","0","0","0","0","0","0","(76000318,100)","(90052006)","","","0","71000001","(15500,104550,278)","","","","","","","0","2","","","70503101","","","","","","","","","","","","","","","","","","","","","",""
"15032006","5","0","0","","0","0","90007231","0","0","0","0","0","0","(76000319,100)","(90052006)","","","0","71000001","(12019,102191,278)","","","","","","","0","2","","","70503101","","","","","","","","","","","","","","","","","","","","","",""
"15032007","5","44","0","","0","0","90007231","0","0","0","0","0","0","(0,1)","","","","0","71000001","","","","","","","","0","2","","","70503101","","","","","","","","","","","","","","","1","","","","","","",""
"15032008","5","0","0","","0","0","90007231","0","0","0","0","0","0","(76000321,100)","(90052006)","","","0","71000001","(8900,105010,558)","","","","","","","0","2","","","70503101","","","","","","","","","","","","","","","","","","","","","",""
"15032009","5","44","0","","0","0","90007231","0","0","0","0","0","0","(0,1)","","","","0","71000001","","","","","","","","0","2","","","70503101","","","","","","","","","","","","","","","1","","","","","","",""
"15032010","5","0","0","","0","0","90007231","0","0","0","0","0","0","(76000324,100)","(90052006)","","","0","71000001","(1469,104980,908)","","","","","","","0","2","","","70503101","","","","","","","","","","","","","","","","","","","","","",""
"15032011","5","0","0","","0","0","90007231","0","0","0","0","0","0","(76000319,100)","(90052006)","","","0","71000001","(12019,102191,278)","","","","","","","0","2","","","70503101","","","","","","","","","","","","","","","","","","","","","",""
"15032012","5","44","0","","0","0","90007231","0","0","0","0","0","0","(0,1)","","","","0","71000001","","","","","","","","0","2","","","70503101","","","","","","","","","","","","","","","1","","","","","","",""
"15032013","5","0","0","","0","0","90007231","0","0","0","0","0","0","(76000321,100)","(90052006)","","","0","71000001","(8900,105010,558)","","","","","","","0","2","","","70503101","","","","","","","","","","","","","","","","","","","","","",""
"15032014","5","44","0","","0","0","90007231","0","0","0","0","0","0","(0,1)","","","","0","71000001","","","","","","","","0","2","","","70503101","","","","","","","","","","","","","","","1","","","","","","",""
"15032015","5","0","0","","0","0","90007231","0","0","0","0","0","0","(76000324,100)","(90052006)","","","0","71000001","(1469,104980,908)","","","","","","","0","2","","","70503101","","","","","","","","","","","","","","","","","","","","","",""
"15032016","5","0","0","","0","0","90007231","0","0","0","0","0","0","(76000318,100)","(90052006)","","","0","71000001","(15500,104550,278)","","","","","","","0","2","","","70503101","","","","","","","","","","","","","","","","","","","","","",""
"15032017","5","0","0","","0","0","90007231","0","0","0","0","0","0","(76000330,100)","(90052006)","","","0","71000001","(12630,105140,288)","","","","","","","0","2","","","70503101","","","","","","","","","","","","","","","","","","","","","",""
"15032018","5","44","0","","0","0","90007231","0","0","0","0","0","0","(0,1)","","","","0","71000001","","","","","","","","0","2","","","70503101","","","","","","","","","","","","","","","1","","","","","","",""
"15032019","5","0","0","","0","0","90007231","0","0","0","0","0","0","(76000321,100)","(90052006)","","","0","71000001","(8900,105010,558)","","","","","","","0","2","","","70503101","","","","","","","","","","","","","","","","","","","","","",""
"15032020","5","0","0","","0","0","90007231","0","0","0","0","0","0","(76000321,100)","(90052006)","","","0","71000001","(8900,105010,558)","","","","","","","0","2","","","70503101","","","","","","","","","","","","","","","","","","","","","",""
"15032021","5","44","0","","0","0","90007231","0","0","0","0","0","0","(0,1)","","","","0","71000001","","","","","","","","0","2","","","70503101","","","","","","","","","","","","","","","1","","","","","","",""
"15032022","5","0","0","","0","0","90007231","0","0","0","0","0","0","(76000324,100)","(90052006)","","","0","71000001","(1469,104980,908)","","","","","","","0","2","","","70503101","","","","","","","","","","","","","","","","","","","","","",""
"15032023","5","44","0","","0","0","90007231","0","0","0","0","0","0","(0,1)","","","","0","71000001","","","","","","","","0","2","","","70503101","","","","","","","","","","","","","","","1","","","","","","",""
"15032024","5","0","0","","0","0","90007231","0","0","0","0","0","0","(76000524,100)","(90052082)","","","0","71000001","(24268,136389,1328)","","","","","","","0","2","","","70503101","","","","","","","","","","","","","","","","","","","","","",""
"15032025","5","0","0","","0","0","90007231","0","0","0","0","0","0","(76000524,100)","(90052006)","","","0","71000001","(24268,136389,1328)","","","","","","","0","2","","","70503101","","","","","","","","","","","","","","","","","","","","","",""
"15032026","5","0","0","","0","0","90007231","0","0","0","0","0","0","(76000525,100)","(90052082)","","","0","71000001","(23078,137689,1328)","","","","","","","0","2","","","70503101","","","","","","","","","","","","","","","","","","","","","",""
"15032027","5","44","0","","0","0","90007231","0","0","0","0","0","0","(0,1)","","","","0","71000001","","","","","","","","0","2","","","70503101","","","","","","","","","","","","","","","1","","","","","","",""
"15032028","5","0","0","","0","0","90007231","0","0","0","0","0","0","(76000528,100)","(90052082)","","","0","71000001","(15658,131789,1328)","","","","","","","0","2","","","70503101","","","","","","","","","","","","","","","","","","","","","",""
"15032029","5","44","0","","0","0","90007231","0","0","0","0","0","0","(0,1)","","","","0","71000001","","","","","","","","0","2","","","70503101","","","","","","","","","","","","","","","1","","","","","","",""
"15032030","5","0","0","","0","0","90007231","0","0","0","0","0","0","(76000530,100)","(90052082)","","","0","71000001","(14468,140349,1208)","","","","","","","0","2","","","70503101","","","","","","","","","","","","","","","","","","","","","",""
"15032031","5","0","0","","0","0","90007231","0","0","0","0","0","0","(76000531,100)","(90052082)","","","0","71000001","(14230,134640,1248)","","","","","","","0","2","","","70503101","","","","","","","","","","","","","","","","","","","","","",""
"15032032","5","44","0","","0","0","90007231","0","0","0","0","0","0","(0,1)","","","","0","71000001","","","","","","","","0","2","","","70503101","","","","","","","","","","","","","","","1","","","","","","",""
"15032033","5","0","0","","0","0","90007231","0","0","0","0","0","0","(76000533,100)","(90052082)","","","0","71000001","(16510,140500,1248)","","","","","","","0","2","","","70503101","","","","","","","","","","","","","","","","","","","","","",""
"15032034","5","0","0","","0","0","90007231","0","0","0","0","0","0","(76000558,100)","(90052083)","","","0","71000001","(44050,133220,1788)","","","","","","","0","2","","","70503101","","","","","","","","","","","","","","","","","","","","","",""
"15032035","5","0","0","","0","0","90007231","0","0","0","0","0","0","(76000558,100)","(90052082)","","","0","71000001","(44050,133220,1788)","","","","","","","0","2","","","70503101","","","","","","","","","","","","","","","","","","","","","",""
"15032036","5","0","0","","0","0","90007231","0","0","0","0","0","0","(76000558,100)","(90052083)","","","0","71000001","(44050,133220,1788)","","","","","","","0","2","","","70503101","","","","","","","","","","","","","","","","","","","","","",""
"15032037","5","0","0","","0","0","90007231","0","0","0","0","0","0","(76000559,100)","(90052083)","","","0","71000001","(47000,134380,1788)","","","","","","","0","2","","","70503101","","","","","","","","","","","","","","","","","","","","","",""
"15032038","5","44","0","","0","0","90007231","0","0","0","0","0","0","(0,1)","","","","0","71000001","","","","","","","","0","2","","","70503101","","","","","","","","","","","","","","","1","","","","","","",""
"15032039","5","0","0","","0","0","90007231","0","0","0","0","0","0","(76000562,100)","(90052083)","","","0","71000001","(47910,137130,1628)","","","","","","","0","2","","","70503101","","","","","","","","","","","","","","","","","","","","","",""
"15032040","5","0","0","","0","0","90007231","0","0","0","0","0","0","(76000563,100)","(90052083)","","","0","71000001","(51940,139100,1628)","","","","","","","0","2","","","70503101","","","","","","","","","","","","","","","","","","","","","",""
"15032041","5","0","0","","0","0","90007231","0","0","0","0","0","0","(76000565,100)","(90052083)","","","0","71000001","(56480,132360,1628)","","","","","","","0","2","","","70503101","","","","","","","","","","","","","","","","","","","","","",""
"15032042","5","0","0","","0","0","90007231","0","0","0","0","0","0","(76000566,100)","(90052083)","","","0","71000001","(57080,129280,1628)","","","","","","","0","2","","","70503101","","","","","","","","","","","","","","","","","","","","","",""
"15032043","5","44","0","","0","0","90007231","0","0","0","0","0","0","(0,1)","","","","0","71000001","","","","","","","","0","2","","","70503101","","","","","","","","","","","","","","","1","","","","","","",""
"15032044","5","0","0","","0","0","90007231","0","0","0","0","0","0","(76000568,100)","(90052083)","","","0","71000001","(56151,150672,2448)","","","","","","","0","2","","","70503101","","","","","","","","","","","","","","","","","","","","","",""
"15032045","5","0","0","","0","0","90007231","0","0","0","0","0","0","(76000569,100)","(90052083)","","","0","71000001","(55077,147893,1837)","","","","","","","0","2","","","70503101","","","","","","","","","","","","","","","","","","","","","",""
"15032046","5","0","0","","0","0","90007231","0","0","0","0","0","0","(76000568,100)","(90052083)","","","0","71000001","(56151,150672,2448)","","","","","","","0","2","","","70503101","","","","","","","","","","","","","","","","","","","","","",""
"15032047","5","44","0","","0","0","90007231","0","0","0","0","0","0","(0,1)","","","","0","71000001","","","","","","","","0","2","","","70503101","","","","","","","","","","","","","","","1","","","","","","",""
"15032048","5","0","0","","0","0","90007231","0","0","0","0","0","0","(76000570,100)","(90052083)","","","0","71000001","(57580,145880,1538)","","","","","","","0","2","","","70503101","","","","","","","","","","","","","","","","","","","","","",""
"15032049","5","0","0","","0","0","90007231","0","0","0","0","0","0","(76000571,100)","(90052083)","","","0","71000001","(61992,147908,1529)","","","","","","","0","2","","","70503101","","","","","","","","","","","","","","","","","","","","","",""
"15032050","5","0","0","","0","0","90007231","0","0","0","0","0","0","(76000571,100)","(90052083)","","","0","71000001","(61992,147908,1529)","","","","","","","0","2","","","70503101","","","","","","","","","","","","","","","","","","","","","",""
"15032051","5","0","0","","0","0","90007231","0","0","0","0","0","0","(76000588,100)","(90052083)","","","0","71000001","(75889,136839,638)","","","","","","","0","2","","","70503101","","","","","","","","","","","","","","","","","","","","","",""
"15032052","5","44","0","","0","0","90007231","0","0","0","0","0","0","(0,1)","","","","0","71000001","","","","","","","","0","2","","","70503101","","","","","","","","","","","","","","","1","","","","","","",""
"15032053","5","0","0","","0","0","90007231","0","0","0","0","0","0","(76000589,100)","(90052084)","","","0","71000001","(77359,138620,638)","","","","","","","0","2","","","70503101","","","","","","","","","","","","","","","","","","","","","",""
"15032054","5","0","0","","0","0","90007231","0","0","0","0","0","0","(76000590,100)","(90052084)","","","0","71000001","(77380,135820,638)","","","","","","","0","2","","","70503101","","","","","","","","","","","","","","","","","","","","","",""
"15032055","5","0","0","","0","0","90007231","0","0","0","0","0","0","(76000591,100)","(90052084)","","","0","71000001","(79010,135520,638)","","","","","","","0","2","","","70503101","","","","","","","","","","","","","","","","","","","","","",""
"15032056","5","0","0","","0","0","90007231","0","0","0","0","0","0","(76000591,100)","(90052084)","","","0","71000001","(79010,135520,638)","","","","","","","0","2","","","70503101","","","","","","","","","","","","","","","","","","","","","",""
"15032057","5","0","0","","0","0","90007231","0","0","0","0","0","0","(76000592,100)","(90052084)","","","0","71000001","(82170,136360,638)","","","","","","","0","2","","","70503101","","","","","","","","","","","","","","","","","","","","","",""
"15032058","5","44","0","","0","0","90007231","0","0","0","0","0","0","(0,1)","","","","0","71000001","","","","","","","","0","2","","","70503101","","","","","","","","","","","","","","","1","","","","","","",""
"15032059","5","0","0","","0","0","90007231","0","0","0","0","0","0","(76000615,100)","(90052085)","","","0","71000001","(22960,160157,2619)","","","","","","","0","2","","","70503101","","","","","","","","","","","","","","","","","","","","","",""
"15032060","5","0","0","","0","0","90007231","0","0","0","0","0","0","(76000617,100)","(90052085)","","","0","71000001","(19591,161432,2932)","","","","","","","0","2","","","70503101","","","","","","","","","","","","","","","","","","","","","",""
"15032061","5","0","0","","0","0","90007231","0","0","0","0","0","0","(76000617,100)","(90052085)","","","0","71000001","(19591,161432,2932)","","","","","","","0","2","","","70503101","","","","","","","","","","","","","","","","","","","","","",""
"15032062","5","0","0","","0","0","90007231","0","0","0","0","0","0","(76000618,100)","(90052085)","","","0","71000001","(17318,164993,2864)","","","","","","","0","2","","","70503101","","","","","","","","","","","","","","","","","","","","","",""
"15032063","5","0","0","","0","0","90007231","0","0","0","0","0","0","(76000619,100)","(90052085)","","","0","71000001","(12474,168272,2821)","","","","","","","0","2","","","70503101","","","","","","","","","","","","","","","","","","","","","",""
"15032064","5","44","0","","0","0","90007231","0","0","0","0","0","0","(0,1)","","","","0","71000001","","","","","","","","0","2","","","70503101","","","","","","","","","","","","","","","1","","","","","","",""
"15032065","5","0","0","","0","0","90007231","0","0","0","0","0","0","(76000621,100)","(90052085)","","","0","71000001","(24499,187639,2528)","","","","","","","0","2","","","70503101","","","","","","","","","","","","","","","","","","","","","",""
"15032066","5","0","0","","0","0","90007231","0","0","0","0","0","0","(76000624,100)","(90052085)","","","0","71000001","(17368,174319,2729)","","","","","","","0","2","","","70503101","","","","","","","","","","","","","","","","","","","","","",""
"15032067","5","0","0","","0","0","90007231","0","0","0","0","0","0","(76000621,100)","(90052085)","","","0","71000001","(24499,187639,2528)","","","","","","","0","2","","","70503101","","","","","","","","","","","","","","","","","","","","","",""
"15032068","5","44","0","","0","0","90007231","0","0","0","0","0","0","(0,1)","","","","0","71000001","","","","","","","","0","2","","","70503101","","","","","","","","","","","","","","","1","","","","","","",""
"15032069","5","0","0","","0","0","90007231","0","0","0","0","0","0","(76000623,100)","(90052085)","","","0","71000001","(30948,181329,2559)","","","","","","","0","2","","","70503101","","","","","","","","","","","","","","","","","","","","","",""
"15032070","5","0","0","","0","0","90007231","0","0","0","0","0","0","(76001152,100)","(90052085)","","","0","71000001","(32118,162880,2582)","","","","","","","0","2","","","70503101","","","","","","","","","","","","","","","","","","","","","",""
"15032071","5","0","0","","0","0","90007231","0","0","0","0","0","0","(76001152,100)","(90052085)","","","0","71000001","(32118,162880,2582)","","","","","","","0","2","","","70503101","","","","","","","","","","","","","","","","","","","","","",""
"15032072","5","44","0","","0","0","90007231","0","0","0","0","0","0","(0,1)","","","","0","71000001","","","","","","","","0","2","","","70503101","","","","","","","","","","","","","","","1","","","","","","",""
"15032073","5","0","0","","0","0","90007231","0","0","0","0","0","0","(76000628,100)","(90052085)","","","0","71000001","(37466,181497,2570)","","","","","","","0","2","","","70503101","","","","","","","","","","","","","","","","","","","","","",""
"15032074","5","0","0","","0","0","90007231","0","0","0","0","0","0","(76000639,100)","(90052086)","","","0","71000001","(57460,166820,1538)","","","","","","","0","2","","","70503101","","","","","","","","","","","","","","","","","","","","","",""
"15032075","5","0","0","","0","0","90007231","0","0","0","0","0","0","(76000640,100)","(90052086)","","","0","71000001","(60340,164100,1538)","","","","","","","0","2","","","70503101","","","","","","","","","","","","","","","","","","","","","",""
"15032076","5","44","0","","0","0","90007231","0","0","0","0","0","0","(0,1)","","","","0","71000001","","","","","","","","0","2","","","70503101","","","","","","","","","","","","","","","1","","","","","","",""
"15032077","5","0","0","","0","0","90007231","0","0","0","0","0","0","(76000662,100)","(90052087)","","","0","71000001","(90311,157146,141)","","","","","","","0","2","","","70503101","","","","","","","","","","","","","","","","","","","","","",""
"15032078","5","0","0","","0","0","90007231","0","0","0","0","0","0","(76000663,100)","(90052087)","","","0","71000001","(94079,154730,138)","","","","","","","0","2","","","70503101","","","","","","","","","","","","","","","","","","","","","",""
"15032079","5","0","0","","0","0","90007231","0","0","0","0","0","0","(76001153,100)","(90052087)","","","0","71000001","(97360,156880,138)","","","","","","","0","2","","","70503101","","","","","","","","","","","","","","","","","","","","","",""
"15032080","5","0","0","","0","0","90007231","0","0","0","0","0","0","(76000665,100)","(90052087)","","","0","71000001","(87970,160739,138)","","","","","","","0","2","","","70503101","","","","","","","","","","","","","","","","","","","","","",""
"15032081","5","0","0","","0","0","90007231","0","0","0","0","0","0","(76000665,100)","(90052087)","","","0","71000001","(87970,160739,138)","","","","","","","0","2","","","70503101","","","","","","","","","","","","","","","","","","","","","",""
"15032082","5","0","0","","0","0","90007231","0","0","0","0","0","0","(76000666,100)","(90052087)","","","0","71000001","(94789,161270,88)","","","","","","","0","2","","","70503101","","","","","","","","","","","","","","","","","","","","","",""
"15032083","5","0","0","","0","0","90007231","0","0","0","0","0","0","(76000666,100)","(90052087)","","","0","71000001","(94789,161270,88)","","","","","","","0","2","","","70503101","","","","","","","","","","","","","","","","","","","","","",""
"15032084","5","44","0","","0","0","90007231","0","0","0","0","0","0","(0,1)","","","","0","71000001","","","","","","","","0","2","","","70503101","","","","","","","","","","","","","","","1","","","","","","",""
"15032085","5","0","0","","0","0","90007231","0","0","0","0","0","0","(76000680,100)","(90052088)","","","0","71000001","(59351,197477,6396)","","","","","","","0","2","","","70503101","","","","","","","","","","","","","","","","","","","","","",""
"15032086","5","0","0","","0","0","90007231","0","0","0","0","0","0","(76000679,100)","(90052088)","","","0","71000001","(59102,192938,5550)","","","","","","","0","2","","","70503101","","","","","","","","","","","","","","","","","","","","","",""
"15032087","5","0","0","","0","0","90007231","0","0","0","0","0","0","(76000680,100)","(90052088)","","","0","71000001","(59351,197477,6396)","","","","","","","0","2","","","70503101","","","","","","","","","","","","","","","","","","","","","",""
"15032088","5","0","0","","0","0","90007231","0","0","0","0","0","0","(76000681,100)","(90052088)","","","0","71000001","(57973,209258,6580)","","","","","","","0","2","","","70503101","","","","","","","","","","","","","","","","","","","","","",""
"15032089","5","44","0","","0","0","90007231","0","0","0","0","0","0","(0,1)","","","","0","71000001","","","","","","","","0","2","","","70503101","","","","","","","","","","","","","","","1","","","","","","",""
"15032090","5","0","0","","0","0","90007231","0","0","0","0","0","0","(76000712,100)","(90052089)","","","0","71000001","(193193,165221,4704)","","","","","","","0","2","","","70503101","","","","","","","","","","","","","","","","","","","","","",""
"15032091","5","0","0","","0","0","90007231","0","0","0","0","0","0","(76000712,100)","(90052089)","","","0","71000001","(193193,165221,4704)","","","","","","","0","2","","","70503101","","","","","","","","","","","","","","","","","","","","","",""
"15032092","5","0","0","","0","0","90007231","0","0","0","0","0","0","(76000713,100)","(90052089)","","","0","71000001","(189730,166130,4728)","","","","","","","0","2","","","70503101","","","","","","","","","","","","","","","","","","","","","",""
"15032093","5","44","0","","0","0","90007231","0","0","0","0","0","0","(0,1)","","","","0","71000001","","","","","","","","0","2","","","70503101","","","","","","","","","","","","","","","1","","","","","","",""
"15032094","5","0","0","","0","0","90007231","0","0","0","0","0","0","(76000715,100)","(90052089)","","","0","71000001","(186620,173950,4628)","","","","","","","0","2","","","70503101","","","","","","","","","","","","","","","","","","","","","",""
"15032095","5","0","0","","0","0","90007231","0","0","0","0","0","0","(76000716,100)","(90052089)","","","0","71000001","(189230,177090,4628)","","","","","","","0","2","","","70503101","","","","","","","","","","","","","","","","","","","","","",""
"15032096","5","0","0","","0","0","90007231","0","0","0","0","0","0","(76000717,100)","(90052089)","","","0","71000001","(186480,176910,4628)","","","","","","","0","2","","","70503101","","","","","","","","","","","","","","","","","","","","","",""
"15032097","5","0","0","","0","0","90007231","0","0","0","0","0","0","(76000718,100)","(90052089)","","","0","71000001","(186260,175070,4628)","","","","","","","0","2","","","70503101","","","","","","","","","","","","","","","","","","","","","",""
"15032098","5","44","0","","0","0","90007231","0","0","0","0","0","0","(0,1)","","","","0","71000001","","","","","","","","0","2","","","70503101","","","","","","","","","","","","","","","1","","","","","","",""
"15032099","5","0","0","","0","0","90007231","0","0","0","0","0","0","(76000720,100)","(90052089)","","","0","71000001","(183712,174339,4618)","","","","","","","0","2","","","70503101","","","","","","","","","","","","","","","","","","","","","",""
"15032100","5","0","0","","0","0","90007231","0","0","0","0","0","0","(76000721,100)","(90052089)","","","0","71000001","(183170,179599,5088)","","","","","","","0","2","","","70503101","","","","","","","","","","","","","","","","","","","","","",""
"15032101","5","0","0","","0","0","90007231","0","0","0","0","0","0","(76000721,100)","(90052089)","","","0","71000001","(183170,179599,5088)","","","","","","","0","2","","","70503101","","","","","","","","","","","","","","","","","","","","","",""
"15032102","5","44","0","","0","0","90007231","0","0","0","0","0","0","(0,1)","","","","0","71000001","","","","","","","","0","2","","","70503101","","","","","","","","","","","","","","","1","","","","","","",""
"15032103","5","0","0","","0","0","90007231","0","0","0","0","0","0","(76000723,100)","(90052089)","","","0","71000001","(177893,179658,5071)","","","","","","","0","2","","","70503101","","","","","","","","","","","","","","","","","","","","","",""
"15032104","5","0","0","","0","0","90007231","0","0","0","0","0","0","(76000724,100)","(90052089)","","","0","71000001","(180150,178830,5088)","","","","","","","0","2","","","70503101","","","","","","","","","","","","","","","","","","","","","",""
"15032105","5","0","0","","0","0","90007231","0","0","0","0","0","0","(76000725,100)","(90052089)","","","0","71000001","(178342,170056,4732)","","","","","","","0","2","","","70503101","","","","","","","","","","","","","","","","","","","","","",""
"15032106","5","44","0","","0","0","90007231","0","0","0","0","0","0","(0,1)","","","","0","71000001","","","","","","","","0","2","","","70503101","","","","","","","","","","","","","","","1","","","","","","",""
"15032107","5","0","0","","0","0","90007231","0","0","0","0","0","0","(76000750,100)","(90052090)","","","0","71000001","(165110,140450,1778)","","","","","","","0","2","","","70503101","","","","","","","","","","","","","","","","","","","","","",""
"15032108","5","0","0","","0","0","90007231","0","0","0","0","0","0","(76000725,100)","(90052089)","","","0","71000001","(178342,170056,4732)","","","","","","","0","2","","","70503101","","","","","","","","","","","","","","","","","","","","","",""
"15032109","5","0","0","","0","0","90007231","0","0","0","0","0","0","(76000751,100)","(90052090)","","","0","71000001","(160850,137260,1778)","","","","","","","0","2","","","70503101","","","","","","","","","","","","","","","","","","","","","",""
"15032110","5","0","0","","0","0","90007231","0","0","0","0","0","0","(76000750,100)","(90052090)","","","0","71000001","(165110,140450,1778)","","","","","","","0","2","","","70503101","","","","","","","","","","","","","","","","","","","","","",""
"15032111","5","44","0","","0","0","90007231","0","0","0","0","0","0","(0,1)","","","","0","71000001","","","","","","","","0","2","","","70503101","","","","","","","","","","","","","","","1","","","","","","",""
"15032112","5","0","0","","0","0","90007231","0","0","0","0","0","0","(76000752,100)","(90052090)","","","0","71000001","(161090,132709,1778)","","","","","","","0","2","","","70503101","","","","","","","","","","","","","","","","","","","","","",""
"15032113","5","0","0","","0","0","90007231","0","0","0","0","0","0","(76001163,100)","(90052090)","","","0","71000001","(164297,125598,1440)","","","","","","","0","2","","","70503101","","","","","","","","","","","","","","","","","","","","","",""
"15032114","5","44","0","","0","0","90007231","0","0","0","0","0","0","(0,1)","","","","0","71000001","","","","","","","","0","2","","","70503101","","","","","","","","","","","","","","","1","","","","","","",""
"15032115","5","0","0","","0","0","90007231","0","0","0","0","0","0","(76001165,100)","(90052090)","","","0","71000001","(165719,122329,1448)","","","","","","","0","2","","","70503101","","","","","","","","","","","","","","","","","","","","","",""
"15032116","5","0","0","","0","0","90007231","0","0","0","0","0","0","(76001165,100)","(90052090)","","","0","71000001","(165719,122329,1448)","","","","","","","0","2","","","70503101","","","","","","","","","","","","","","","","","","","","","",""
"15032117","5","0","0","","0","0","90007231","0","0","0","0","0","0","(76001166,100)","(90052090)","","","0","71000001","(166600,128529,1448)","","","","","","","0","2","","","70503101","","","","","","","","","","","","","","","","","","","","","",""
"15032118","5","44","0","","0","0","90007231","0","0","0","0","0","0","(0,1)","","","","0","71000001","","","","","","","","0","2","","","70503101","","","","","","","","","","","","","","","1","","","","","","",""
"15032119","5","0","0","","0","0","90007231","0","0","0","0","0","0","(76000754,100)","(90052090)","","","0","71000001","(170950,134480,1778)","","","","","","","0","2","","","70503101","","","","","","","","","","","","","","","","","","","","","",""
"15032120","5","0","0","","0","0","90007231","0","0","0","0","0","0","(76000789,100)","(90052091)","","","0","71000001","(152250,176510,2098)","","","","","","","0","2","","","70503101","","","","","","","","","","","","","","","","","","","","","",""
"15032121","5","0","0","","0","0","90007231","0","0","0","0","0","0","(76000789,100)","(90052091)","","","0","71000001","(152250,176510,2098)","","","","","","","0","2","","","70503101","","","","","","","","","","","","","","","","","","","","","",""
"15032122","5","44","0","","0","0","90007231","0","0","0","0","0","0","(0,1)","","","","0","71000001","","","","","","","","0","2","","","70503101","","","","","","","","","","","","","","","1","","","","","","",""
"15032123","5","0","0","","0","0","90007231","0","0","0","0","0","0","(76000791,100)","(90052091)","","","0","71000001","(149500,176259,2098)","","","","","","","0","2","","","70503101","","","","","","","","","","","","","","","","","","","","","",""
"15032124","5","0","0","","0","0","90007231","0","0","0","0","0","0","(76000792,100)","(90052091)","","","0","71000001","(142619,180369,2138)","","","","","","","0","2","","","70503101","","","","","","","","","","","","","","","","","","","","","",""
"15032125","5","0","0","","0","0","90007231","0","0","0","0","0","0","(76000793,100)","(90052091)","","","0","71000001","(138629,182390,2178)","","","","","","","0","2","","","70503101","","","","","","","","","","","","","","","","","","","","","",""
"15032126","5","0","0","","0","0","90007231","0","0","0","0","0","0","(76000793,100)","(90052091)","","","0","71000001","(138629,182390,2178)","","","","","","","0","2","","","70503101","","","","","","","","","","","","","","","","","","","","","",""
"15032127","5","0","0","","0","0","90007231","0","0","0","0","0","0","(76000794,100)","(90052091)","","","0","71000001","(130444,181753,2179)","","","","","","","0","2","","","70503101","","","","","","","","","","","","","","","","","","","","","",""
"15032128","5","44","0","","0","0","90007231","0","0","0","0","0","0","(0,1)","","","","0","71000001","","","","","","","","0","2","","","70503101","","","","","","","","","","","","","","","1","","","","","","",""
"15032129","5","0","0","","0","0","90007231","0","0","0","0","0","0","(76000796,100)","(90052091)","","","0","71000001","(127402,173446,3136)","","","","","","","0","2","","","70503101","","","","","","","","","","","","","","","","","","","","","",""
"15032130","5","0","0","","0","0","90007231","0","0","0","0","0","0","(76000797,100)","(90052091)","","","0","71000001","(124919,176330,2528)","","","","","","","0","2","","","70503101","","","","","","","","","","","","","","","","","","","","","",""
"15032131","5","0","0","","0","0","90007231","0","0","0","0","0","0","(76000798,100)","(90052091)","","","0","71000001","(134451,177432,2760)","","","","","","","0","2","","","70503101","","","","","","","","","","","","","","","","","","","","","",""
"15032132","5","0","0","","0","0","90007231","0","0","0","0","0","0","(76000799,100)","(90052091)","","","0","71000001","(133835,175843,2872)","","","","","","","0","2","","","70503101","","","","","","","","","","","","","","","","","","","","","",""
"15032133","5","44","0","","0","0","90007231","0","0","0","0","0","0","(0,1)","","","","0","71000001","","","","","","","","0","2","","","70503101","","","","","","","","","","","","","","","1","","","","","","",""
"15032134","5","0","0","","0","0","90007231","0","0","0","0","0","0","(76000802,100)","(90052091)","","","0","71000001","(137290,167620,3608)","","","","","","","0","2","","","70503101","","","","","","","","","","","","","","","","","","","","","",""
"15032135","5","0","0","","0","0","90007231","0","0","0","0","0","0","(76000803,100)","(90052091)","","","0","71000001","(120360,171980,2178)","","","","","","","0","2","","","70503101","","","","","","","","","","","","","","","","","","","","","",""
"15032136","5","0","0","","0","0","90007231","0","0","0","0","0","0","(76000829,100)","(90052092)","","","0","71000001","(125410,130850,1678)","","","","","","","0","2","","","70503101","","","","","","","","","","","","","","","","","","","","","",""
"15032137","5","44","0","","0","0","90007231","0","0","0","0","0","0","(0,1)","","","","0","71000001","","","","","","","","0","2","","","70503101","","","","","","","","","","","","","","","1","","","","","","",""
"15032138","5","0","0","","0","0","90007231","0","0","0","0","0","0","(76000832,100)","(90052092)","","","0","71000001","(118079,130729,1668)","","","","","","","0","2","","","70503101","","","","","","","","","","","","","","","","","","","","","",""
"15032139","5","44","0","","0","0","90007231","0","0","0","0","0","0","(0,1)","","","","0","71000001","","","","","","","","0","2","","","70503101","","","","","","","","","","","","","","","1","","","","","","",""
"15032140","5","0","0","","0","0","90007231","0","0","0","0","0","0","(76000828,100)","(90052092)","","","0","71000001","(129680,131810,1668)","","","","","","","0","2","","","70503101","","","","","","","","","","","","","","","","","","","","","",""
"15032141","5","0","0","","0","0","90007231","0","0","0","0","0","0","(76000836,100)","(90052092)","","","0","71000001","(123480,116310,1668)","","","","","","","0","2","","","70503101","","","","","","","","","","","","","","","","","","","","","",""
"15032142","5","0","0","","0","0","90007231","0","0","0","0","0","0","(76000838,100)","(90052092)","","","0","71000001","(123420,109759,1678)","","","","","","","0","2","","","70503101","","","","","","","","","","","","","","","","","","","","","",""
"15032143","5","44","0","","0","0","90007231","0","0","0","0","0","0","(0,1)","","","","0","71000001","","","","","","","","0","2","","","70503101","","","","","","","","","","","","","","","1","","","","","","",""
"15032144","5","0","0","","0","0","90007231","0","0","0","0","0","0","(76000853,100)","(90052093)","","","0","71000001","(195680,121430,1628)","","","","","","","0","2","","","70503101","","","","","","","","","","","","","","","","","","","","","",""
"15032145","5","0","0","","0","0","90007231","0","0","0","0","0","0","(76000853,100)","(90052092)","","","0","71000001","(195680,121430,1628)","","","","","","","0","2","","","70503101","","","","","","","","","","","","","","","","","","","","","",""
"15032146","5","0","0","","0","0","90007231","0","0","0","0","0","0","(76000856,100)","(90052093)","","","0","71000001","(196499,130603,1840)","","","","","","","0","2","","","70503101","","","","","","","","","","","","","","","","","","","","","",""
"15032147","5","0","0","","0","0","90007231","0","0","0","0","0","0","(76000857,100)","(90052093)","","","0","71000001","(196144,127633,2032)","","","","","","","0","2","","","70503101","","","","","","","","","","","","","","","","","","","","","",""
"15032148","5","44","0","","0","0","90007231","0","0","0","0","0","0","(0,1)","","","","0","71000001","","","","","","","","0","2","","","70503101","","","","","","","","","","","","","","","1","","","","","","",""
"15032149","5","0","0","","0","0","90007231","0","0","0","0","0","0","(76000894,100)","(90052093)","","","0","71000001","(132950,73130,1088)","","","","","","","0","2","","","70503101","","","","","","","","","","","","","","","","","","","","","",""
"15032150","5","0","0","","0","0","90007231","0","0","0","0","0","0","(76000895,100)","(90052094)","","","0","71000001","(129020,63580,1088)","","","","","","","0","2","","","70503101","","","","","","","","","","","","","","","","","","","","","",""
"15032151","5","0","0","","0","0","90007231","0","0","0","0","0","0","(76000898,100)","(90052094)","","","0","71000001","(132870,66669,1088)","","","","","","","0","2","","","70503101","","","","","","","","","","","","","","","","","","","","","",""
"15032152","5","0","0","","0","0","90007231","0","0","0","0","0","0","(76000899,100)","(90052094)","","","0","71000001","(130989,62680,1088)","","","","","","","0","2","","","70503101","","","","","","","","","","","","","","","","","","","","","",""
"15032153","5","44","0","","0","0","90007231","0","0","0","0","0","0","(0,1)","","","","0","71000001","","","","","","","","0","2","","","70503101","","","","","","","","","","","","","","","1","","","","","","",""
"15032154","5","0","0","","0","0","90007231","0","0","0","0","0","0","(76000901,100)","(90052094)","","","0","71000001","(134850,81880,1078)","","","","","","","0","2","","","70503101","","","","","","","","","","","","","","","","","","","","","",""
"15032155","5","0","0","","0","0","90007231","0","0","0","0","0","0","(76000903,100)","(90052094)","","","0","71000001","(133910,86870,1078)","","","","","","","0","2","","","70503101","","","","","","","","","","","","","","","","","","","","","",""
"15032156","5","0","0","","0","0","90007231","0","0","0","0","0","0","(76000904,100)","(90052094)","","","0","71000001","(126820,84950,1078)","","","","","","","0","2","","","70503101","","","","","","","","","","","","","","","","","","","","","",""
"15032157","5","44","0","","0","0","90007231","0","0","0","0","0","0","(0,1)","","","","0","71000001","","","","","","","","0","2","","","70503101","","","","","","","","","","","","","","","1","","","","","","",""
"15032158","5","0","0","","0","0","90007231","0","0","0","0","0","0","(76000931,100)","(90052095)","","","0","71000001","(139759,40310,798)","","","","","","","0","2","","","70503101","","","","","","","","","","","","","","","","","","","","","",""
"15032159","5","44","0","","0","0","90007231","0","0","0","0","0","0","(0,1)","","","","0","71000001","","","","","","","","0","2","","","70503101","","","","","","","","","","","","","","","1","","","","","","",""
"15032160","5","0","0","","0","0","90007231","0","0","0","0","0","0","(76000936,100)","(90052095)","","","0","71000001","(148830,27690,798)","","","","","","","0","2","","","70503101","","","","","","","","","","","","","","","","","","","","","",""
"15032161","5","44","0","","0","0","90007231","0","0","0","0","0","0","(0,1)","","","","0","71000001","","","","","","","","0","2","","","70503101","","","","","","","","","","","","","","","1","","","","","","",""
"15032162","5","0","0","","0","0","90007231","0","0","0","0","0","0","(76000939,100)","(90052095)","","","0","71000001","(157149,31320,798)","","","","","","","0","2","","","70503101","","","","","","","","","","","","","","","","","","","","","",""
"15032163","5","0","0","","0","0","90007231","0","0","0","0","0","0","(76001159,100)","(90052095)","","","0","71000001","(160159,33590,798)","","","","","","","0","2","","","70503101","","","","","","","","","","","","","","","","","","","","","",""
"15032164","5","44","0","","0","0","90007231","0","0","0","0","0","0","(0,1)","","","","0","71000001","","","","","","","","0","2","","","70503101","","","","","","","","","","","","","","","1","","","","","","",""
"15032165","5","0","0","","0","0","90007231","0","0","0","0","0","0","(76000944,100)","(90052095)","","","0","71000001","(144550,45089,798)","","","","","","","0","2","","","70503101","","","","","","","","","","","","","","","","","","","","","",""
"15032166","5","0","0","","0","0","90007231","0","0","0","0","0","0","(76000974,100)","(90052096)","","","0","71000001","(188800,22630,3218)","","","","","","","0","2","","","70503101","","","","","","","","","","","","","","","","","","","","","",""
"15032167","5","44","0","","0","0","90007231","0","0","0","0","0","0","(0,1)","","","","0","71000001","","","","","","","","0","2","","","70503101","","","","","","","","","","","","","","","1","","","","","","",""
"15032168","5","0","0","","0","0","90007231","0","0","0","0","0","0","(76000979,100)","(90052096)","","","0","71000001","(186459,38369,3188)","","","","","","","0","2","","","70503101","","","","","","","","","","","","","","","","","","","","","",""
"15032169","5","0","0","","0","0","90007231","0","0","0","0","0","0","(76000981,100)","(90052096)","","","0","71000001","(180032,40667,3202)","","","","","","","0","2","","","70503101","","","","","","","","","","","","","","","","","","","","","",""
"15032170","5","0","0","","0","0","90007231","0","0","0","0","0","0","(76000985,100)","(90052096)","","","0","71000001","(190710,50150,3218)","","","","","","","0","2","","","70503101","","","","","","","","","","","","","","","","","","","","","",""
"15032171","5","0","0","","0","0","90007231","0","0","0","0","0","0","(76001030,100)","(90052097)","","","0","71000001","(232910,23970,3768)","","","","","","","0","2","","","70503101","","","","","","","","","","","","","","","","","","","","","",""
"15032172","5","44","0","","0","0","90007231","0","0","0","0","0","0","(0,1)","","","","0","71000001","","","","","","","","0","2","","","70503101","","","","","","","","","","","","","","","1","","","","","","",""
"15032173","5","0","0","","0","0","90007231","0","0","0","0","0","0","(76001033,100)","(90052097)","","","0","71000001","(229840,18650,3768)","","","","","","","0","2","","","70503101","","","","","","","","","","","","","","","","","","","","","",""
"15032174","5","0","0","","0","0","90007231","0","0","0","0","0","0","(76001032,100)","(90052097)","","","0","71000001","(229340,22120,3768)","","","","","","","0","2","","","70503101","","","","","","","","","","","","","","","","","","","","","",""
"15032175","5","0","0","","0","0","90007231","0","0","0","0","0","0","(76001035,100)","(90052097)","","","0","71000001","(225530,19730,3768)","","","","","","","0","2","","","70503101","","","","","","","","","","","","","","","","","","","","","",""
"15032176","5","0","0","","0","0","90007231","0","0","0","0","0","0","(76001066,100)","(90052098)","","","0","71000001","(220080,64600,1318)","","","","","","","0","2","","","70503101","","","","","","","","","","","","","","","","","","","","","",""
"15032177","5","44","0","","0","0","90007231","0","0","0","0","0","0","(0,1)","","","","0","71000001","","","","","","","","0","2","","","70503101","","","","","","","","","","","","","","","1","","","","","","",""
"15032178","5","0","0","","0","0","90007231","0","0","0","0","0","0","(76001071,100)","(90052098)","","","0","71000001","(220690,76500,2058)","","","","","","","0","2","","","70503101","","","","","","","","","","","","","","","","","","","","","",""
"15032179","5","0","0","","0","0","90007231","0","0","0","0","0","0","(76001074,100)","(90052098)","","","0","71000001","(211280,75860,1318)","","","","","","","0","2","","","70503101","","","","","","","","","","","","","","","","","","","","","",""
"15032180","5","0","0","","0","0","90007231","0","0","0","0","0","0","(76001076,100)","(90052098)","","","0","71000001","(211990,85290,1318)","","","","","","","0","2","","","70503101","","","","","","","","","","","","","","","","","","","","","",""
"15032181","5","0","0","","0","0","90007231","0","0","0","0","0","0","(76001107,100)","(90052099)","","","0","71000001","(161410,67150,1088)","","","","","","","0","2","","","70503101","","","","","","","","","","","","","","","","","","","","","",""
"15032182","5","0","0","","0","0","90007231","0","0","0","0","0","0","(76001108,100)","(90052099)","","","0","71000001","(166200,71180,1648)","","","","","","","0","2","","","70503101","","","","","","","","","","","","","","","","","","","","","",""
"15032183","5","44","0","","0","0","90007231","0","0","0","0","0","0","(0,1)","","","","0","71000001","","","","","","","","0","2","","","70503101","","","","","","","","","","","","","","","1","","","","","","",""
"15032184","5","0","0","","0","0","90007231","0","0","0","0","0","0","(76001112,100)","(90052099)","","","0","71000001","(173261,73680,1567)","","","","","","","0","2","","","70503101","","","","","","","","","","","","","","","","","","","","","",""
"15032185","5","0","0","","0","0","90007231","0","0","0","0","0","0","(76001112,100)","(90052099)","","","0","71000001","(173261,73680,1567)","","","","","","","0","2","","","70503101","","","","","","","","","","","","","","","","","","","","","",""
"15032186","5","0","0","","0","0","90007231","0","0","0","0","0","0","(76004216,100)","(90052011)","","","0","71000001","(105830,40060,1280)","","","","","","","0","2","","","70503101","","","","","","","","","","","","","","","","","","","","","",""
"15032187","5","0","0","","0","0","90007231","0","0","0","0","0","0","(76004215,100)","(90052011)","","","0","71000001","(100720,39400,1260)","","","","","","","0","2","","","70503101","","","","","","","","","","","","","","","","","","","","","",""
"15032188","5","0","0","","0","0","90007231","0","0","0","0","0","0","(76004217,100)","(90052099)","","","0","71000001","(161909,72550,1660)","","","","","","","0","2","","","70503101","","","","","","","","","","","","","","","","","","","","","",""
"15032189","5","44","0","","0","0","90007231","0","0","0","0","0","0","(0,1)","","","","0","71000001","","","","","","","","0","2","","","70503101","","","","","","","","","","","","","","","1","","","","","","",""
"15032190","5","0","0","","0","0","90007231","0","0","0","0","0","0","(76004219,100)","(90052086)","","","0","71000001","(52269,169860,1550)","","","","","","","0","2","","","70503101","","","","","","","","","","","","","","","","","","","","","",""
"15032191","5","0","0","","0","0","90007231","0","0","0","0","0","0","(76004220,100)","(90052097)","","","0","71000001","(217760,74150,2130)","","","","","","","0","2","","","70503101","","","","","","","","","","","","","","","","","","","","","",""
"15032192","5","44","0","","0","0","90007231","0","0","0","0","0","0","(0,1)","","","","0","71000001","","","","","","","","0","2","","","70503101","","","","","","","","","","","","","","","1","","","","","","",""
"15032193","5","0","0","","0","0","90007231","0","0","0","0","0","0","(76004222,100)","(90052009)","","","0","71000001","(70152,8678,5275)","","","","","","","0","2","","","70503101","","","","","","","","","","","","","","","","","","","","","",""
"15032194","5","0","0","","0","0","90007231","0","0","0","0","0","0","(76004223,100)","(90052009)","","","0","71000001","(69205,7110,5245)","","","","","","","0","2","","","70503101","","","","","","","","","","","","","","","","","","","","","",""
"15032195","5","0","0","","0","0","90007231","0","0","0","0","0","0","(76004220,100)","(90052097)","","","0","71000001","(217760,74150,2130)","","","","","","","0","2","","","70503101","","","","","","","","","","","","","","","","","","","","","",""
"15032196","5","44","0","","0","0","90007231","0","0","0","0","0","0","(0,1)","","","","0","71000001","","","","","","","","0","2","","","70503101","","","","","","","","","","","","","","","1","","","","","","",""
"15032197","5","0","0","","0","0","90007231","0","0","0","0","0","0","(76004225,100)","(90052011)","","","0","71000001","(98310,45510,1280)","","","","","","","0","2","","","70503101","","","","","","","","","","","","","","","","","","","","","",""
"15032198","5","0","0","","0","0","90007231","0","0","0","0","0","0","(76004226,100)","(90052011)","","","0","71000001","(94970,18980,690)","","","","","","","0","2","","","70503101","","","","","","","","","","","","","","","","","","","","","",""
"15032199","5","0","0","","0","0","90007231","0","0","0","0","0","0","(76004227,100)","(90052011)","","","0","71000001","(94370,21400,690)","","","","","","","0","2","","","70503101","","","","","","","","","","","","","","","","","","","","","",""
"15032200","5","0","0","","0","0","90007231","0","0","0","0","0","0","(76004228,100)","(90052096)","","","0","71000001","(191800,29490,3270)","","","","","","","0","2","","","70503101","","","","","","","","","","","","","","","","","","","","","",""
"15032201","5","0","0","","0","0","90007231","0","0","0","0","0","0","(76004229,100)","(90052004)","","","0","71000001","(64940,65860,4470)","","","","","","","0","2","","","70503101","","","","","","","","","","","","","","","","","","","","","",""
"15032202","5","44","0","","0","0","90007231","0","0","0","0","0","0","(0,1)","","","","0","71000001","","","","","","","","0","2","","","70503101","","","","","","","","","","","","","","","1","","","","","","",""
"15032203","5","0","0","","0","0","90007231","0","0","0","0","0","0","(76004321,100)","(90052098)","","","0","71000001","(224420,75640,2080)","","","","","","","0","2","","","70503101","","","","","","","","","","","","","","","","","","","","","",""
"15032204","5","0","0","","0","0","90007231","0","0","0","0","0","0","(76004226,100)","(90052011)","","","0","71000001","(94970,18980,690)","","","","","","","0","2","","","70503101","","","","","","","","","","","","","","","","","","","","","",""
"15032205","5","44","0","","0","0","90007231","0","0","0","0","0","0","(0,1)","","","","0","71000001","","","","","","","","0","2","","","70503101","","","","","","","","","","","","","","","1","","","","","","",""
"15032206","5","0","0","","0","0","90007231","0","0","0","0","0","0","(76004320,100)","(90052096)","","","0","71000001","(194510,38380,3290)","","","","","","","0","2","","","70503101","","","","","","","","","","","","","","","","","","","","","",""
"15032207","5","0","0","","0","0","90007231","0","0","0","0","0","0","(76004229,100)","(90052004)","","","0","71000001","(64940,65860,4470)","","","","","","","0","2","","","70503101","","","","","","","","","","","","","","","","","","","","","",""
"15032208","5","44","0","","0","0","90007231","0","0","0","0","0","0","(0,1)","","","","0","71000001","","","","","","","","0","2","","","70503101","","","","","","","","","","","","","","","1","","","","","","",""
"15032209","5","0","0","","0","0","90007231","0","0","0","0","0","0","(76004322,100)","(90052009)","","","0","71000001","(73102,13208,3825)","","","","","","","0","2","","","70503101","","","","","","","","","","","","","","","","","","","","","",""
"15032210","5","0","0","","0","0","90007231","0","0","0","0","0","0","(76004321,100)","(90052098)","","","0","71000001","(224420,75640,2080)","","","","","","","0","2","","","70503101","","","","","","","","","","","","","","","","","","","","","",""
"15032211","4","76","0","100","0","0","90306361","0","0","0","0","0","15030509","(0,1)","","","","","71000001","","","","","","","","","1","0","1000","","","","","","","","","","","","","","","","1","","","","(""0"",""0"",""ChooseBreakBtn"",""0"",""0"",""0"",""0"")","","",""
"15032212","4","76","0","100","0","0","90306361","0","0","0","0","0","15030557","(0,1)","","","","","71000001","","","","","","","","","1","0","1000","","","","","","","","","","","","","","","","1","","","","(""0"",""0"",""ChooseBreakBtn"",""0"",""0"",""0"",""0"")","","",""
"15032213","4","76","0","100","0","0","90306361","0","0","0","0","0","15030605","(0,1)","","","","","71000001","","","","","","","","","1","0","1000","","","","","","","","","","","","","","","","1","","","","(""0"",""0"",""ChooseBreakBtn"",""0"",""0"",""0"",""0"")","","",""
"15032214","4","76","0","100","0","0","90306361","0","0","0","0","0","15030653","(0,1)","","","","","71000001","","","","","","","","","1","0","1000","","","","","","","","","","","","","","","","1","","","","(""0"",""0"",""ChooseBreakBtn"",""0"",""0"",""0"",""0"")","","",""
"15000596","0","1","1","","0","0","90002311","0","0","17005175","17005186","0","15000598","","(90052001)","0","82010032","90052001","71000001","(19700,31910,2168)","","(19700,31910,2168)","","","","","0","1","2800","0","","","","1","","","","","","","","(10020166)","0","","0","","","","","","","",""
"15000597","0","1","1","","0","1","90002312","0","0","17005175","17005192","0","15000598","","(90052001)","0","82010033","90052001","71000001","(20130,32119,2168)","","(20130,32119,2168)","","","","","0","1","","0","","","","1","","","","","","","","","0","","0","","","","","","","",""
"15000598","0","1","2","","0","1","90002200","0","0","17005175","17005199","0","15000599","","(90052001)","0","82010022","90052001","71000001","(22000,31200,2168)","","(22000,31200,2168)","","","","","0","1","1500","0","70500010","","","1","","","","","","","","","0","","1","","","","","","","",""
"15000599","0","1","2","","0","2","90002313","0","0","17005175","17005218","0","15000600","","(90052001)","0","82010035","90052001","71000001","(21054,29737,2178)","","(21054,29737,2178)","","","","","0","1","1600","0","","","","1","","","","","","","","","0","","0","","","","","","","",""
"15000600","0","0","3","","0","3","90002314","0","0","17005175","17005221","0","15000601","(76004165,1)","(90052001)","0","82010036","90052001","71000001","(21054,29737,2178)","","(21054,29737,2178)","","","","","0","1","1500","0","","(2,30000)","","1","","","","","","","","","0","","0","","","82010037","(6)","","","","(82010037)"
"15000601","0","1","4","","0","4","90002201","0","0","17005175","17005204","0","15000602","","(90052001)","0","82010017","90052001","71000001","(20254,28437,2178)","","(20254,28437,2178)","","","","","0","1","3000","0","","","","1","","","","","","","","","0","","0","","","","","","","",""
"15000602","0","1","4","","0","5","90000681","0","0","17005175","17005224","0","15000603","","(90052001)","0","82010038","90052001","71000001","(19253,26600,2228)","","(19253,26600,2228)","","","","","0","1","3300","0","","","","1","","","","","","","","","0","","1","","","","","","","",""
"15000603","0","0","5","","0","6","90002202","0","0","17005175","17002109","0","15000604","(76000270,5)","(90052001)","0","82010154","90052001","71000001","(19110,26320,2188)","","(17680,25130,2218)","","","","","0","1","4200","0","70500025","","","1","","","","","","","","","0","","1","","","","","","","",""
"15000604","0","1","6","","0","7","90002203","0","0","17005175","17005208","0","15000606","","(90052001)","0","82010016","90052001","71000001","(16544,21902,2238)","","(15311,19739,2238)","","","","","0","1","3250","0","","","","1","","","","","","","","","0","","0","","","","","","","",""
"15000605","0","1","","","0","9","90002204","0","0","17005175","17002118","0","15000606","","(90052001)","0","82010021","90052001","71000001","(15931,22817,2198)","","(15931,22817,2248)","","","","","0","1","","0","","","","1","","","","","","","","","0","","0","","","","","","","",""
"15000606","0","1","6","","0","8","90002205","0","0","17005175","17002123","0","15000607","","(90052001)","0","82010024","90052001","71000001","(12659,21610,2238)","","(12659,21610,2238)","","","","","0","1","3250","0","70500020","","","1","","","","","","","","","0","","1","","","","","","","",""
"15000607","0","0","7","","0","9","90002206","0","0","17005175","17002139","0","15000610","(76000271,1)","(90052001)","0","82012396","90052001","71000001","(7338,24356,2444)","","(7100,24490,2428)","","","","","0","1","18500","0","","","","1","","","","","(15030450)","","","","0","","0","","","82010152","(6)","","","","(82010152)"
"15000608","0","1","8","","0","11","90002207","0","0","17005175","17002133","0","15000609","","(90052001)","0","82010029","90052001","71000001","(8121,23903,2378)","","(8121,23903,2378)","","","","","0","1","","0","","","","1","","","","","","","","","0","","0","","","","","","","",""
"15000609","0","0","9","","0","12","90002208","0","0","17005175","17002138","0","15000610","(76000271,1)","(90052001)","0","82012396","90052001","71000001","(7338,24356,2444)","","(7100,24490,2428)","","","","","0","1","","0","","","","1","","","","","","","","","0","","0","","","82010152","","","","","(82010152)"
"15000610","0","1","9","","0","10","90002209","0","0","17005175","17002143","0","15000611","","(90052001)","0","82010024","90052001","71000001","(12659,21610,2238)","","(12659,21610,2238)","","","","","0","1","5900","0","70500271","","","1","","","","","","","","","0","","0","","","","","","","",""
"15000611","0","1","10","","0","11","90002211","0","0","17005175","17002155","0","15000612","","(90052001)","0","82010158","90052001","71000001","(15017,19764,2238)","","(15017,19764,2238)","","","","","0","1","7100","0","","","","1","","","","","","","","","0","","1","","","","","","","",""
"15000612","0","0","11","","0","12","90002210","0","0","17005175","17002147","0","15000613","(76000001,4)","(90052001)","0","82010028","90052001","71000001","(17200,20288,2246)","","(17570,21820,2218)","","","","","0","1","14200","0","","","","1","","","","","","","","","0","","1","","","","","","","",""
"15000613","0","1","12","","0","13","90002212","0","0","17005175","17002159","0","15000618","(71150014,1)","(90052001)","0","82010030","90052001","71150014","(21254,16411,3120)","","(21254,16411,3120)","","","","","0","1","11350","0","","","","1","","","","","(15031929)","","","","0","","0","","","","","","","",""
"15000615","0","1","","","0","17","90009070","0","0","17005175","17002081","0","15000616","","(90052001)","0","82010159","90052001","71000001","(40450,40430,4668)","","(40450,40430,4668)","","","","","0","1","","0","","","","1","","","","","","","","","0","","0","","","","","","","",""
"15000616","0","1","","","0","17","90009072","0","0","17005175","17002082","0","15000618","","(90052002)","0","82010160","90052002","71000001","(40668,40922,4676)","","(40668,40922,4676)","","","","","","1","","0","","","","1","","","","","","","","","0","","0","","","","","","","",""
"15000618","0","0","13","","0","14","90002215","0","0","17005175","17002169","0","15000619","(76000276,5)","(90052003)","0","82010056","90052003","71000001","(21778,46883,430)","","(23402,47857,436)","","","","","0","1","25550","0","","","","1","","","","","","","","","0","","1","","","","","","","",""
"15000619","0","0","15","","0","15","90002216","0","0","17005175","17002175","0","15000621","(76000277,5)","(90052003)","0","82010057","90052003","71000001","(22029,49127,439)","","(21620,52700,428)","","","","","0","1","32900","0","","","","1","","","","","(15031930)","","","","0","","1","","","","","","","",""
"15000620","0","0","","","0","19","90002217","0","0","17005175","17002178","0","15000621","(76000273,6)","(90052003)","0","82010057","90052003","71000001","(22259,50607,439)","","(21620,52700,428)","","","","","0","1","","0","","","","1","","","","","","","","","0","","1","","","","","","","",""
"15000621","0","0","17","","0","16","90002218","0","0","17005175","17002182","0","15000623","(76000278,1)","(90052003)","0","82010058","90052003","71000001","(20340,53321,408)","","(19440,54001,438)","","","","","0","1","39200","0","","","","1","","","","","","","","","0","","0","","","82010197","(6)","","","","(82010197)"
"15000622","0","1","","","0","20","90002219","0","0","17005175","17002184","0","15000623","","(90052003)","0","82010057","90052003","71000001","(22259,50607,439)","","(21620,52700,428)","","","","","0","1","","0","70500271","","","1","","","","","","","","","0","","0","","","","","","","",""
"15000623","0","1","19","","0","17","90002220","0","0","17005175","17002192","0","15000624","","(90052003)","0","82010060","90052003","71000001","(18584,55598,738)","","(18584,55598,788)","","","","","0","1","20700","0","","","","1","","","","","","","","","0","","0","","","","","","","",""
"15000624","0","1","20","","0","18","90002221","0","0","17005175","17002196","0","15000625","","(90052003)","0","82012562","90052003","71000001","(21218,53228,448)","","(21218,53228,448)","","","","","0","1","26600","0","","","","1","","","","","","","","","0","","0","","","","","","","",""
"15000625","0","0","21","","0","19","90002222","0","0","17005175","17002211","0","15000631","(76000274,6)","(90052003)","0","82010059","90052003","71000001","(21160,54896,450)","","(20760,56322,438)","","","","","0","1","26600","0","","","","1","","","","","","","","","0","","0","","","","","","","",""
"15000626","0","1","","","0","23","90002223","0","0","17005175","17002215","0","15000631","","(90052003)","0","82010060","90052003","71000001","(18584,55598,738)","","(18584,55598,788)","","","","","0","1","","0","","","","1","","","","","","","","","0","","0","","","","","","","",""
"15000627","0","1","","","0","23","90002224","0","0","17005175","17002219","0","15000631","","(90052003)","0","82010061","90052003","71000001","(18636,56158,738)","","(18636,56158,788)","","","","","0","1","","0","","","","1","","","","","","","","","0","","0","","","","","","","",""
"15000628","0","1","","","0","23","90002225","0","0","17005175","17002226","0","15000631","","(90052003)","0","82010062","90052003","71000001","(22736,55510,2567)","","(22736,55510,2617)","","","","","0","1","","0","","","","1","","","","","","","","","0","","0","","","","","","","",""
"15000629","0","1","","","0","23","90002226","0","0","17005175","17002233","0","15000631","","(90052003)","0","82010060","90052003","71000001","(18584,55598,738)","","(18584,55598,788)","","","","","0","1","","0","","","","1","","","","","","","","","0","","0","","","","","","","",""
"15000630","0","1","","","0","23","90002227","0","0","17005175","17002236","0","15000631","","(90052003)","0","82010061","90052003","71000001","(18636,56158,738)","","(18636,56158,788)","","","","","0","1","","0","","","","1","","","","","","","","","0","","0","","","","","","","",""
"15000631","0","1","22","","0","20","90002228","0","0","17005175","17002240","0","15000632","","(90052003)","0","82010064","90052003","71000001","(22200,57232,438)","","(22200,57232,438)","","","","","0","1","26600","0","","","","1","","","","","","","","","0","","0","","","","","","","",""
"15000632","0","0","23","","0","21","90002229","0","0","17005175","17002245","0","15000633","(76000281,1)","(90052003)","0","82010064","90052003","71000001","(21423,57864,450)","","(22200,57232,438)","","","","","0","1","68900","0","","(11,1500)","","1","","","","","(15030451,15030401)","","","","0","","1","","","82010209","(6)","","","","(82010209)"
"15000633","0","0","25","","1","0","90002230","0","0","17005175","17002249","0","15000634","(76000282,8)","(90052003)","0","82010066","90052003","71000001","(25200,61100,408)","","(24200,62300,408)","","","","","0","1","39200","0","","","","1","","","","15000639","","","","","0","","0","","","","","","","",""
"15000634","0","1","26","","1","1","90002231","0","0","17005175","17002255","0","15000635","","(90052003)","0","82010067","90052003","71000001","(23440,59350,408)","","(27252,61960,438)","","","","","0","1","42300","0","","","","1","","","","","","","","(10090015)","0","","0","","","","","","","",""
"15000635","0","1","27","","1","2","90002232","0","0","17005175","17002265","0","15000636","","(90052003)","0","82010068","90052003","71000001","(27279,62860,388)","","(27279,62860,388)","","","","","0","1","51800","0","","","","1","","","","","","","","","0","","1","","","","","","","",""
"15000636","0","1","28","","1","3","90002233","0","0","17005175","17002272","0","15000637","","(90052003)","0","82010069","90052003","71000001","(26088,63420,368)","","(26088,63420,368)","","","","","0","1","55500","0","","","","1","","","","","","","","","0","","0","","","","","","","",""
"15000637","0","1","29","","1","4","90002234","0","0","17005175","17002282","0","15000638","","(90052004)","0","82010461","90052004","71000001","(25009,62550,388)","","(40014,66271,3058)","","","","","0","1","60300","0","70500271","","","1","","","","","","","","","0","","0","","","","","","","",""
"15000638","0","18","30","","1","5","90002692","0","0","17005175","17002293","0","15000639","(71020001,1)","(90052004)","0","82010462","90052004","71020001","","","(48326,66805,3028)","","","71020001","","0","1","95500","0","","","","1","","","","","(15030452,15031565)","","","","0","","0","","","","","(""1"",""UIDailyMustDoWidget"",""DailyChooseAni"",""6"",""0"",""0"",""0"")","","",""
"15000639","0","1","32","","1","6","90002696","0","0","17005175","17002296","0","15000640","","(90052004)","0","82010464","90052004","71000001","(53552,61976,3038)","","(53552,61976,3088)","","","","","0","1","65700","0","","","","1","","","","","","","","","0","","1","","","","","","","",""
"15000640","0","1","33","","1","7","90002698","0","0","17005175","17002297","0","15000641","","(90052004)","0","82010466","90052004","71000001","(57700,59400,3028)","","(57700,59400,3028)","","","","","0","1","81100","0","","","","1","","","","","","","","","0","","0","","","","","","","",""
"15000641","0","0","34","","1","8","90002703","0","0","17005175","17002301","0","15000642","(76000325,8)","(90052004)","0","82010466","90052004","71000001","(57430,57309,2808)","","(57800,59300,3028)","","","","","0","1","86500","0","","","","1","","","","","","","","","0","","0","","","","","","","",""
"15000642","0","1","35","","1","9","90002708","0","0","17005175","17002305","0","15000643","","(90052004)","0","82010467","90052004","71000001","(52709,66289,3048)","","(52709,66289,3048)","","","","","0","1","91900","0","","","","1","","","","15000644","(15030181)","","","","0","","1","","","","","","","",""
"15000643","0","75","36","","1","10","90009585","0","0","17006521","17006522","0","15000644","(76000249,1)","(90052004)","0","82010467","90052004","71000001","(52709,66289,3048)","","(52709,66289,3048)","","","","","0","1","97300","0","","","","1","","","","","","","","","0","","0","","","","","","","",""
"15000644","0","1","37","","1","11","90002716","0","0","17005175","17002312","0","15000645","","(90052004)","0","82010470","90052004","71000001","(57578,61884,3188)","","(57578,61884,3188)","","","","","0","1","105400","0","","","","1","","","","","","","","","0","","0","","","","","","","",""
"15000645","0","1","38","","1","12","90002729","0","0","17005175","17002324","0","15000646","","(90052004)","0","82010467","90052004","71000001","(52709,66289,3048)","","(52709,66289,3098)","","","","","0","1","105400","0","","","","1","","","","","","","","","0","","0","","","","","","","",""
"15000646","0","0","39","","1","13","90002738","0","0","17005175","17002331","0","15000647","(76001197,10)","(90052004)","0","82010471","90052004","71000001","(55752,71369,3068)","","(57482,72733,3016)","","","","","0","1","103500","0","","","","1","","","","","","","","","0","","1","","","","","","","",""
"15000647","0","1","40","","1","14","90002743","0","0","17005175","17002335","0","15000648","","(90052004)","0","82010472","90052004","71000001","(57439,70540,3038)","","(57439,70540,3038)","","","","","0","1","103500","0","70500271","","","1","","","","","","","","","0","","0","","","","","","","",""
"15000648","0","0","41","","1","15","90002747","0","0","17005175","17002341","0","15000649","(76004212,1)","(90052004)","0","82010492","90052004","71000001","(61455,62903,3068)","","(57578,61884,3188)","","","","","0","1","143500","0","","","","1","","","","","","","","","0","","1","","","82010538","(6)","","","","(82010538)"
"15000649","0","0","42","","1","16","90002763","0","0","17005175","17002353","0","15000650","(76001206,3)","(90052004)","0","82012616","90052004","71000001","(57278,64284,9850)","","(61378,66284,3188)","","","","","0","1","157100","0","","","","1","","","","","","","","","0","","0","","","","","","(31040001,31040011,31040021,31040031)","1","(82013055,82013056,82013057)"
"15000650","0","1","43","","1","17","90002767","0","0","17005175","17002356","0","15000651","","(90052004)","0","82010473","90052004","71000001","(72078,66270,4408)","","(72078,66270,4458)","","","","","0","1","156000","0","","","","1","","","","15000666","","","","","0","","0","","","","","","","",""
"15000651","0","1","44","","1","18","90002781","0","0","17005175","17002369","0","15000652","","(90052004)","0","82010474","90052004","71000001","(72270,66590,4448)","","(72270,66590,4448)","","","","","0","1","166500","0","","","","1","","","","","","","","","0","","0","","","","","","","",""
"15000652","0","1","45","","1","19","90002785","0","0","17005175","17002372","0","15000654","","(90052004)","0","82010484","90052004","71000001","(66240,63490,4408)","","(66240,63490,4458)","","","","","0","1","180900","0","","","","1","","","","","","","","","0","","0","","","","","","","",""
"15000653","0","11","","","1","19","90002790","0","0","17005175","17002376","0","15000654","(71020001,1)","(90052004)","0","82010484","90052004","71020001","(66240,63490,4408)","","(66240,63490,4458)","","","71020001","","0","1","","0","","","","1","","","","","","","","","0","","0","","","","","","","",""
"15000654","0","1","46","","1","20","90002792","0","0","17005175","17002377","0","15000655","","(90052004)","0","82010474","90052004","71000001","(72270,66590,4398)","","(72270,66590,4448)","","","","","0","1","195300","0","","","","1","","","","","","","","","0","","0","","","","","","","",""
"15000655","0","0","47","","1","21","90002803","0","0","17005175","17002387","0","15000659","(76000329,12)","(90052004)","0","82010474","90052004","71000001","(72040,56590,4418)","","(72270,66590,4448)","","","","","0","1","209700","0","","","","1","","","","","","","","","0","","0","","","","","","","",""
"15000656","0","0","","","1","21","90002805","0","0","17005175","17002388","0","15000659","(76000327,12)","(90052004)","0","82010487","90052004","71000001","(81179,67359,4418)","","(79102,72981,4458)","","","","","0","1","","0","","","","1","","","","","","","","","0","","0","","","","","","","",""
"15000657","0","0","","","1","21","90002808","0","0","17005175","17002390","0","15000659","(76000328,12)","(90052004)","0","82010487","90052004","71000001","(79439,74639,4428)","","(79102,72981,4458)","","","","","0","1","","0","","","","1","","","","","","","","","0","","0","","","","","","","",""
"15000658","0","0","","","1","21","90002814","0","0","17005175","17002395","0","15000659","(76000326,12)","(90052004)","0","82010474","90052004","71000001","(70910,74929,4458)","","(72270,66590,4448)","","","","","0","1","","0","","","","1","","","","","","","","","0","","0","","","","","","","",""
"15000659","0","1","48","","1","22","90002817","0","0","17005175","17002397","0","15000660","","(90052004)","0","82012617","90052004","71000001","(72078,66270,4408)","","(72078,66270,4458)","","","","","0","1","224100","0","","","","1","","","","","","","","","0","","0","","","","","","","",""
"15000660","0","0","49","","1","23","90002829","0","0","17005175","17002408","0","15000661","(76004213,1)","(90052004)","0","82010474","90052004","71000001","(71259,66348,4469)","","(72270,66590,4448)","","","","","0","1","107000","0","","","","1","","","","","","","","","0","","0","","","82010539","(6)","","","","(82010539)"
"15000661","0","1","49","","1","24","90002834","0","0","17005175","17002412","0","15000664","","(90052004)","0","82010489","90052004","71000001","(74930,57425,4458)","","(74930,57425,4458)","","","","","0","1","107000","0","","","","1","","","","","","","","","0","","0","","","","","","","",""
"15000662","0","1","","","1","23","90002836","0","0","17005175","17002413","0","15000664","(76000329,15)","(90052004)","0","82010489","90052004","71000001","(72040,56590,4418)","","(74930,57425,4458)","","","","","0","1","42600","0","","","","1","","","","","","","","","0","","0","","","","","","","",""
"15000663","0","1","","","1","23","90000671","0","0","17005175","17005147","0","15000664","","(90052004)","","82010489","90052004","71000001","(74930,57425,4458)","","","","","","","0","1","41900","0","","","","1","","","(71020002,71020003)","","","","","","0","","0","","","","","","","",""
"15000664","0","11","50","","2","0","90002844","0","0","17005175","17002420","0","15000665","(71170999,1)","(90052004)","0","82010490","90052004","71170999","","","(68377,56256,4458)","","","71170999","","0","1","50000","0","","","","1","","","","","(15030457)","","","","0","","0","","","","","(""1"",""UIDailyMustDoWidget"",""DailyChooseAni"",""47"",""0"",""0"",""0"")","","",""
"15000665","0","45","50","","2","1","90002235","0","0","17005175","17002941","0","15000666","(71030003,0)","(90052004)","0","82010490","90052004","71030003","","","(68377,56256,4458)","","","71030003","","0","1","57000","0","","","","1","","","","","","","","","0","","0","","","","","","","",""
"15000666","0","1","55","","2","2","90002847","0","0","17005175","17002422","0","15000668","","(90052004)","0","82012617","90052004","71000001","(72078,66270,4408)","","(72078,66270,4458)","","","","","0","1","307950","0","","","","1","","","","","","","","","0","","1","","","","","","","",""
"15000667","0","1","","","2","3","90002852","0","0","17005175","17002426","0","15000668","","(90052009)","0","82010492","90052004","71000001","(57470,70480,3038)","","(57470,70480,3088)","","","","","0","1","","0","","","","1","","","","","","","","","0","","0","","","","","","","",""
"15000668","0","1","56","","2","3","90002858","0","0","17005175","17002431","0","15000669","","(90052009)","0","82010071","90052009","71000001","(59344,20858,2300)","","(59344,20858,2300)","","","","","0","1","185850","0","","","","1","","","","","(15030173)","","","","10","","1","","","","","","","",""
"15000669","0","1","56","","2","4","90002862","0","0","17005175","17002434","0","15000670","","(90052009)","0","82010072","90052009","71000001","(59352,21228,2274)","","(59352,21228,2274)","","","","","0","1","185850","0","","","","1","","","","","","","","","10","","0","","","","","","","1",""
"15000670","0","1","57","","2","5","90002867","0","0","17005175","17002438","0","15000671","","(90052009)","0","82010073","90052009","71000001","(63461,21136,2304)","","(63461,21136,2354)","","","","","0","1","195750","0","","","","1","","","","","","","","","0","","0","","","","","","","",""
"15000671","0","0","57","","2","6","90002872","0","0","17005175","17002442","0","15000673","(76000283,15)","(90052009)","0","82010074","90052009","71000001","(67218,27147,2288)","","(69738,26523,2300)","","","","","0","1","195750","0","","","","1","","","","","","","","","10","","0","","","","","","","",""
"15000672","0","1","","","2","7","90002876","0","0","17005175","17002445","0","15000673","","(90052009)","0","82010073","90052009","71000001","(63461,21136,2304)","","(63461,21136,2354)","","","","","0","1","","0","","","","1","","","","","","","","","10","","0","","","","","","","",""
"15000673","0","1","58","","2","7","90000632","0","0","17005175","17005076","0","15000675","","(90052009)","0","82012070","90052009","71000001","(63270,25440,2248)","","(63270,25440,2298)","","","","","0","1","205650","0","","","","1","","","","","","","","","10","","0","","","","","","","",""
"15000674","0","0","","","2","8","90000633","0","0","17005175","17005078","0","15000675","(76000283,20)","(90052009)","0","82012071","90052009","71000001","(69900,26600,2238)","","(68410,27069,2298)","","","","","0","1","","0","","","","1","","","","","","","","","10","","0","","","","","","","",""
"15000675","0","0","58","","2","8","90000633","0","0","17005175","17005079","0","15000676","(76001122,15)","(90052009)","0","82012072","90052009","71000001","(72740,28270,2348)","","(77241,25180,2291)","","","","","0","1","205650","0","","","","1","","","","","","","","","10","","0","","","","","","","",""
"15000676","0","1","59","","2","9","90000634","0","0","17005175","17005080","0","15000677","","(90052009)","0","82012073","90052009","71000001","(73622,27711,2299)","","(73622,27711,2299)","","","","","0","1","215550","0","","","","1","","","","","","","","","0","","0","","","","","","","",""
"15000677","0","1","59","","2","10","90000636","0","0","17005175","17005081","0","15000679","","(90052009)","0","82012070","90052009","71000001","(63270,25440,2298)","","(63270,25440,2298)","","","","","0","1","215550","0","","","","1","","","","","","","","","0","","0","","","","","","","",""
"15000678","0","23","45","","2","10","90000672","0","0","17005175","17005169","0","15000679","(0,1)","(90052009)","","82010087","90052009","71000001","(63980,29330,2318)","","(63980,29330,2318)","","","","","0","1","","0","","","","1","","","(1)","","","","","","10","","0","","","","","","","",""
"15000679","0","55","60","","2","11","90002884","0","0","17005175","17002452","0","15000680","(71220403,1)","(90052009)","0","82010075","90052009","71220403","","","(73255,23581,2291)","","","71220403","","0","1","225450","0","","","","1","","","","","(15031998,15030454,15030151)","","","","0","","1","","","","","(""1"",""UIDailyMustDoWidget"",""DailyChooseAni"",""39"",""71220403"",""0"",""0"")","","",""
"15000680","0","0","60","","2","12","90002886","0","0","17005175","17002453","0","15000681","(76000284,16)","(90052009)","0","82010075","90052009","71000001","(73210,24590,2278)","","(73255,23581,2291)","","","","","0","1","225450","0","","","","1","","","","15000686","","","","","0","","0","","","","","","","",""
"15000681","0","1","61","","2","13","90002893","0","0","17005175","17002459","0","15000682","","(90052009)","0","82010076","90052009","71000001","(72413,23351,2318)","","(72413,23351,2318)","","","","","0","1","472200","0","","","","1","","","","","","","","","10","","0","","","","","","","",""
"15000682","0","0","62","","2","14","90002898","0","0","17005175","17002463","0","15000683","(76000285,16)","(90052009)","0","82010076","90052009","71000001","(75960,25520,2298)","","(72413,23351,2318)","","","","","0","1","268050","0","","","","1","","","","","(15030411)","","","","10","","0","","","","","","","",""
"15000683","0","1","62","","2","15","90000673","0","0","17005175","17005149","0","15000684","","(90052009)","","82010076","90052009","71000001","(72413,23351,2318)","","(72413,23351,2318)","","","","","0","1","546750","0","","","","1","","","","","","","","","10","","0","","","","","","","",""
"15000684","0","1","63","","2","16","90002904","0","0","17005175","17002468","0","15000687","","(90052009)","0","82010077","90052009","71000001","(73360,30820,2318)","","(73360,30820,2318)","","","","","0","1","568050","0","70502001","","","1","","","","","","","","","0","","0","","","","","","","",""
"15000685","0","1","63","","2","17","90002910","0","0","17005175","17002473","0","15000686","","(90052009)","0","82010078","90052009","71000001","(74040,31260,2318)","","(74040,31260,2318)","","","","","0","1","278700","0","","","","1","","","","","","","","","10","","0","","","","","","","",""
"15000686","0","1","64","","2","18","90002913","0","0","17005175","17002475","0","15000687","","(90052009)","0","82010079","90052009","71000001","(73690,31200,2328)","","(73690,31200,2328)","","","","","0","1","289350","0","","","","1","","","","15000688","","","","","10","","1","","","","","","","",""
"15000687","0","1","64","","2","17","90002917","0","0","17005175","17002478","0","15000688","","(90052009)","0","82010080","90052009","71000001","(73140,31500,2318)","","(73140,31500,2318)","","","","","0","1","289350","0","","","","1","","","","","","","","","10","","0","","","","","","","",""
"15000688","0","1","65","","2","18","90002924","0","0","17005175","17002484","0","15000689","","(90052009)","0","82010077","90052009","71000001","(73360,30820,2318)","","(73360,30820,2318)","","","","","0","1","300000","0","","","","1","","","","15000690","(15031934,15030241)","","","","10","","0","","","","","","","",""
"15000689","0","0","65","","2","19","90002934","0","0","17005175","17002493","0","15000690","(76000286,16)","(90052009)","0","82010077","90052009","71000001","(71330,26970,2308)","","(73360,30820,2318)","","","","","0","1","300000","0","","","","1","","","","","","","","","0","","0","","","","","","","",""
"15000690","0","1","66","","2","20","90002940","0","0","17005175","17002498","0","15000691","","(90052010)","0","82010081","90052010","71000001","(78474,18224,3808)","","(78474,18224,3808)","","","","","0","1","310650","0","","","","1","","","","15000693","(15031551)","","","","10","","0","","","","","","","",""
"15000691","0","0","66","","2","21","90002950","0","0","17005175","17002507","0","15000692","(76000287,16)","(90052010)","0","82010083","90052010","71000001","(76940,14320,3798)","","(73500,12579,3808)","","","","","0","1","310650","0","","","","1","","","","","","","","","10","","0","","","","","","","",""
"15000692","0","1","67","","2","22","90002953","0","0","17005175","17002509","0","15000693","","(90052010)","0","82010084","90052010","71000001","(69874,14981,4751)","","(69874,14981,4751)","","","","","0","1","321300","0","","","","1","","","","","","","","","0","","0","","","","","","","",""
"15000693","0","1","67","","2","23","90002962","0","0","17005175","17002517","0","15000694","","(90052010)","0","82010083","90052010","71000001","(73500,12579,3808)","","(73500,12579,3808)","","","","","0","1","321300","0","","","","1","","","","15000706","","","","","10","","0","","","","","","","",""
"15000694","0","0","68","","2","24","90002969","0","0","17005175","17002523","0","15000695","(76000288,18)","(90052010)","0","82010085","90052010","71000001","(68969,13100,4498)","","(69408,7598,5258)","","","","","0","1","337950","0","","","","1","","","","","","","","","10","","0","","","","","","","",""
"15000695","0","0","68","","2","25","90002977","0","0","17005175","17002530","0","15000696","(76000290,1)","(90052010)","0","82010086","90052010","71000001","(72560,9105,5328)","","(73183,7511,5258)","","","","","0","1","337950","0","","","","1","","","","","","","","","10","","0","","","82010261","(6)","","","","(82010261)"
"15000696","0","0","69","","2","26","90002984","0","0","17005175","17002536","0","15000697","(76000286,20)","(90052009)","0","82010077","90052009","71220404","(70830,26670,2308)","","(73360,30820,2318)","","","","","0","1","194600","0","","","","1","","","","","","","","","0","","0","","","","","","","",""
"15000697","0","1","69","","2","27","90000637","0","0","17005175","17005084","0","15000698","","(90052009)","0","82010077","90052009","71000001","(73360,30820,2318)","","(73360,30820,2318)","","","","","0","1","194600","0","70501022","","","1","","","","","","","","","10","","0","","","","","","","",""
"15000698","0","55","70","","2","28","90000638","0","0","17005175","17005089","0","15000699","(71220404,1)","(90052009)","0","82012080","90052009","71220404","","","(70930,26040,2298)","","","71220404","","0","1","194600","0","","","","1","","","","","(15030453)","","","","10","","1","","","","","(""1"",""UIDailyMustDoWidget"",""DailyChooseAni"",""39"",""71220404"",""0"",""0"")","","",""
"15000699","0","0","76","","2","29","90000639","0","0","17005175","17005086","0","15000700","(76000287,20)","(90052009)","0","82012081","90052009","71000001","(77920,14750,3798)","","(78310,13980,3798)","","","","","0","1","194600","0","","","","1","","","","","","","","","10","","0","","","","","","","",""
"15000700","0","1","76","","2","30","90000640","0","0","17005175","17005090","0","15000702","(76000285,20)","(90052009)","0","82010077","90052009","71000001","(72413,23351,2318)","","(73360,30820,2318)","","","","","0","1","194600","0","","","","1","","","","","","","","","0","","0","","","","","","","",""
"15000701","0","11","76","","2","33","90000674","0","0","17005175","17005170","0","15000702","(71020004,1,71020005,1,71020006,1)","(90052009)","","82010077","90052009","71000001","(73360,30820,2318)","","","","","","","0","1","194600","0","","","","1","","","(71020004,71020005,71020006)","","","","","","10","","0","","","","","","","",""
"15000702","0","1","76","","2","31","90002990","0","0","17005175","17002541","0","15000703","","(90052009)","0","82010076","90052009","71000001","(72413,23351,2318)","","(72413,23351,2318)","","","","","0","1","194600","0","","(6,20000)","","1","","","","","","","","","0","","0","","","","","","","",""
"15000703","0","1","76","","2","32","90002995","0","0","17005175","17002545","0","15000704","","(90052009)","0","82010075","90052009","71000001","(73255,23581,2291)","","(73255,23581,2291)","","","","","0","1","194600","0","","","","1","","","","","","","","","0","","0","","","","","","","",""
"15000704","0","0","77","","2","33","90002998","0","0","17005175","17002547","0","15000705","(76001128,22)","(90052009)","0","82010074","90052009","71000001","(65379,29169,2298)","","(69738,26523,2300)","","","","","0","1","194600","0","","","","1","","","","","","","","","10","","0","","","","","","","",""
"15000705","0","1","77","","2","34","90003002","0","0","17005175","17002550","0","15000706","","(90052009)","0","82010073","90052009","71000001","(63461,21136,2354)","","(63461,21136,2354)","","","","","0","1","194600","0","","","","1","","","","","","","","","0","","0","","","","","","","",""
"15000706","0","1","77","","2","35","90000641","0","0","17005175","17005092","0","15000707","","(90052009)","0","82010087","90052009","71000001","(63980,29330,2318)","","(63980,29330,2318)","","","","","0","1","194600","0","","","","1","","","","15000707","","","","","10","","0","","","","","","","",""
"15000707","0","0","77","","2","36","90000642","0","0","17005175","17005094","0","15000708","(76001128,22)","(90052009)","0","82012082","90052009","71000001","(65379,29169,2298)","","(65920,30650,2298)","","","","","0","1","194600","0","","","","1","","","","15000709","","","","","10","","0","","","","","","","",""
"15000708","0","0","77","","2","37","90000643","0","0","17005175","17005097","0","15000709","(76001129,25)","(90052009)","0","82012083","90052009","71000001","(67129,30254,2349)","","(68430,29179,2298)","","","","","0","1","194600","0","","(2,20000)","","1","","","","","(15030062)","","","","10","","0","","","","","","","",""
"15000709","0","0","78","","2","38","90000644","0","0","17005175","17005098","0","15000710","(76001130,25)","(90052009)","0","82012084","90052009","71000001","(69515,30429,2304)","","(71530,29800,2298)","","","","","0","1","194600","0","","","","1","","","","15000723","","","","","0","","0","","","","","","","",""
"15000710","0","1","78","","2","39","90000675","0","0","17005175","17005173","0","15000712","","(90052009)","","82010077","90052009","71000001","(73360,30820,2318)","","(73360,30820,2318)","","","","","0","1","194600","0","70502054","","","1","","","","","","","","","0","","0","","","","","","","",""
"15000711","0","11","76","","2","42","90003008","0","0","17005175","17002555","0","15000712","(71020007,1,71020008,1,71020009,1)","(90050016)","0","82010077","90052009","71000001","(73360,30820,2318)","","(73360,30820,2318)","","","","","0","1","194600","0","","","","1","","","(71020007,71020008,71020009)","","","","","","10","","0","","","","","","","",""
"15000712","0","1","78","","2","40","90003479","0","0","17005175","17002943","0","15000713","","(90052009)","0","82010077","90052009","71000001","(73360,30820,2318)","","(73360,30820,2318)","","","","","0","1","224600","0","","","","1","","","","","","","","","10","","0","","","","","","","",""
"15000713","0","4","79","","2","41","90003012","0","0","17005175","17002558","0","15000714","","(90052009)","0","82010071","90052009","71000001","(60544,20058,2239)","","(59544,20658,2300)","","","","(81473,70919,4459)","0","1","224600","0","","","","1","","","","","","","","","10","","0","","","","","","","",""
"15000714","0","1","79","","2","42","90003017","0","0","17005175","17002562","0","15000715","","(90052004)","0","82010504","90052004","71000001","(82567,70616,4459)","","(82567,70616,4459)","","","","","0","1","224600","0","","","","1","","","","","","","","","10","","0","","","","","","","",""
"15000715","0","1","79","","2","43","90003022","0","0","17005175","17002566","0","15000716","","(90052004)","0","82010491","90052004","71000001","(85700,66289,5118)","","(85700,66289,5118)","","","","","0","1","224600","0","","(11,500)","","1","","","","","(15030455)","","","","10","","0","","","","","","","",""
"15000716","0","1","79","","3","0","90003028","0","0","17005175","17002571","0","15000717","","(90052004)","0","82010505","90052004","71000001","(82848,70220,4459)","","(82848,70220,4459)","","","","","0","1","224600","0","","","","1","","","","","(15032000)","","","","0","","0","","","","","","","",""
"15000717","0","4","80","","3","1","90003034","0","0","17005175","17002576","0","15000718","","(90052004)","0","82010509","90052004","71000001","(79332,59700,4458)","","(79332,59700,4458)","","","","(48566,97652,530)","0","1","224600","0","70501002","","","1","","","","","(15031585)","","","","10","","0","","","","","","","",""
"15000718","0","0","80","","3","2","90003041","0","0","17005175","17002582","0","15000719","(76000291,28)","(90052014)","0","82010088","90052014","71000001","(49070,98680,528)","","(49721,98060,538)","","","","","0","1","224600","0","70502010","","","1","","","","","(15031991)","","","","10","","0","","","","","","","",""
"15000719","0","1","80","","3","3","90003048","0","0","17005175","17002588","0","15000720","","(90052014)","0","82010089","90052014","71000001","(52469,98022,539)","","(52469,98022,539)","","","","","0","1","224600","0","","","","1","","","","","","","","","10","","0","","","","","","","",""
"15000720","0","1","80","","3","4","90000676","0","0","17005175","17005151","0","15000721","","(90052014)","","82010089","90052014","71000001","(52469,98022,539)","","","","","","","0","1","224600","0","","","","1","","","","","(15030172)","","","","0","","0","","","","","","","",""
"15000721","0","1","80","","3","5","90003053","0","0","17005175","17002592","0","15000722","","(90052014)","0","82010090","90052014","71000001","(53692,104037,548)","","(53692,104037,548)","","","","","0","1","224600","0","","","","1","","","","","","","","","10","","0","","","","","","","",""
"15000722","0","0","80","","3","6","90003059","0","0","17005175","17002597","0","15000723","(76000292,28)","(90052014)","0","82010090","90052014","71000001","(52289,103799,548)","","(53692,104037,548)","","","","","0","1","224600","0","","","","1","","","","","(15030271)","","","","10","","0","","","","","","","",""
"15000723","0","1","80","","3","7","90000677","0","0","17005175","17005153","0","15000724","","(90052014)","","82010090","90052014","71000001","(53692,104037,548)","","","","","","","0","1","224600","0","","","","1","","","(1)","15000724","","","","","0","","1","","","","","","","",""
"15000724","0","1","80","","3","8","90003068","0","0","17005175","17002605","0","15000725","","(90052014)","0","82010091","90052014","71000001","(59715,102366,532)","","(59715,102366,532)","","","","","0","1","224600","0","","","","1","","","","15000726","","","","","10","","0","","","","","","","",""
"15000725","0","0","80","","3","9","90003074","0","0","17005175","17002610","0","15000726","(76000293,28)","(90052014)","0","82010091","90052014","71000001","(57100,99320,538)","","(59715,102366,532)","","","","","0","1","224600","0","","","","1","","","","","","","","","10","","1","","","","","","","",""
"15000726","0","1","80","","3","10","90003080","0","0","17005175","17002615","0","15000727","","(90052014)","0","82010092","90052014","71000001","(63235,97681,538)","","(63235,97681,538)","","","","","0","1","224600","0","","","","1","","","","","","","","","10","","0","","","","","","","",""
"15000727","0","0","80","","3","11","90003086","0","0","17005175","17002620","0","15000728","(76000294,28)","(90052014)","0","82010092","90052014","71000001","(64569,101340,548)","","(63235,97681,538)","","","","","0","1","224600","0","","","","1","","","","","","","","","10","","0","","","","","","","",""
"15000728","0","1","90","","3","12","90000645","0","0","17005175","17005100","0","15000729","","(90052014)","0","82010091","90052014","71000001","(59715,102366,532)","","(59715,102366,532)","","","","","0","1","194600","0","","","","1","","","","","","","","","10","","0","","","","","","","",""
"15000729","0","6","90","","3","13","90000646","0","0","17005175","17005103","0","15000730","(76000293,10)","(90052014)","0","82010091","90052014","71000001","(57100,99320,538)","","(59715,102366,532)","","","","","0","1","194600","0","","","","1","30","90000051","","","(15031940)","","","","10","","0","","","","","","","",""
"15000730","0","6","90","","3","14","90000647","0","0","17005175","17005106","0","15000731","(76000291,10)","(90052014)","0","82010091","90052014","71000001","(49070,98680,528)","","(59715,102366,532)","","","","","0","1","194600","0","","","","1","30","90000052","","","(15030441)","","","","10","","0","","","","","","","",""
"15000731","0","6","90","","3","15","90000648","0","0","17005175","17005107","0","15000732","(76000294,12)","(90052014)","0","82010091","90052014","71000001","(64569,101340,548)","","(59715,102366,532)","","","","","0","1","194600","0","","","","1","30","90000053","","15000735","","","","","0","","0","","","","","","","",""
"15000732","0","6","90","","3","16","90000649","0","0","17005175","17005110","0","15000733","(76001131,12)","(90052014)","0","82010091","90052014","71000001","(67451,103569,584)","","(59715,102366,532)","","","","","0","1","194600","0","","","","1","30","90000054","","","","","","","10","","0","","","","","","","",""
"15000733","0","0","90","","3","17","90003089","0","0","17005175","17002622","0","15000735","(76001202,1)","(90052014)","0","82010091","90052014","71000001","(59569,105742,475)","","(59715,102366,532)","","","","","0","1","180900","0","70502060","(2,20000)","","1","","","","","","","","","10","","0","","","82012730","(6)","","","","(82012730)"
"15000734","0","11","90","","3","19","90000678","0","0","17005175","17005170","0","15000735","","(90052014)","","82010091","90052014","71000001","(59715,102366,532)","","","","","","","0","1","182900","0","","","","1","","","","","","","","","10","","0","","","","","","","",""
"15000735","0","1","90","","3","18","90003094","0","0","17005175","17002626","0","15000736","","(90052015)","0","82010094","90052015","71000001","(52970,106899,1688)","","(52970,106899,1688)","","","","","0","1","184800","0","70502050","","","1","","","","15000736","","","","","0","","1","","","","","","","",""
"15000736","0","1","90","","3","19","90003101","0","0","17005175","17002632","0","15000737","","(90052015)","0","82010095","90052015","71000001","(55512,108562,1680)","","(55512,108562,1680)","","","","","0","1","186800","0","","","","1","","","","","","","","","10","","0","","","","","","","",""
"15000737","0","0","90","","3","20","90003106","0","0","17005175","17002636","0","15000738","(76000295,28)","(90052015)","0","82010095","90052015","71000001","(54839,110719,1678)","","(55512,108562,1680)","","","","","0","1","188700","0","","","","1","","","","","","","","","10","","0","","","","","","","",""
"15000738","0","1","90","","3","21","90003109","0","0","17005175","17002638","0","15000739","","(90052015)","0","82010095","90052015","71000001","(55512,108562,1680)","","(55512,108562,1680)","","","","","0","1","190700","0","","","","1","","","","15000750","","","","","0","","0","","","","","","","",""
"15000739","0","0","90","","3","22","90003120","0","0","17005175","17002648","0","15000740","(76000296,28)","(90052016)","0","82010096","90052016","71000001","(56530,112568,1698)","","(65678,113709,1688)","","","","","0","1","192600","0","","","","1","","","","","","","","","10","","0","","","","","","","",""
"15000740","0","1","90","","3","23","90003122","0","0","17005175","17002649","0","15000741","","(90052016)","0","82010095","90052016","71000001","(55410,108576,1680)","","(55410,108576,1680)","","","","","0","1","194600","0","","(4,50)","","1","","","","","","","","","10","","0","","","","","","","",""
"15000741","0","1","90","","3","24","90000679","0","0","17005175","17005160","0","15000742","","(90052016)","","82010094","90052015","71000001","(52970,106899,1688)","","(52970,106899,1688)","","","","","0","1","196500","0","","","","1","","","(1)","","","","","","0","","0","","","","","","","",""
"15000742","0","1","100","","3","25","90000680","0","0","17005175","17005164","0","15000743","(0,101)","(90052016)","","82010094","90052015","71000001","(52970,106899,1688)","","(52970,106899,1688)","","","","","0","1","198500","0","","","","1","","","","","","","","","0","","1","","","","","","","",""
"15000743","0","1","100","","3","26","90003128","0","0","17005175","17002654","0","15000744","","(90050213)","0","82010097","90052016","71000001","(67264,111028,1688)","","(67264,111028,1688)","","","","","0","1","200400","0","","","","1","","","(71020010,71020011,71020012)","","","","","","10","","0","","","","","","","",""
"15000744","0","0","100","","3","27","90003139","0","0","17005175","17002664","0","15000745","(76004145,1)","(90052016)","0","82010094","90052015","71000001","(65360,112420,1738)","","(52970,106899,1688)","","","","","0","1","202400","0","","","","1","","","","","","","","","10","","0","","","82012563","(6)","","","","(82012563)"
"15000745","0","1","100","","3","28","90003143","0","0","17005175","17002667","0","15000746","","(90052014)","0","82010091","90052014","71000001","(59715,102366,532)","","(59715,102366,532)","","","","","0","1","204500","0","","","","1","","","","","","","","","10","","0","","","","","","","",""
"15000746","0","1","100","","3","29","90003148","0","0","17005175","17002671","0","15000747","","(90052014)","0","82010090","90052014","71000001","(53692,104037,548)","","(53692,104037,548)","","","","","0","1","206600","0","","","","1","","","(1)","","","","","","10","","0","","","","","","","",""
"15000747","0","1","100","","3","30","90003152","0","0","17005175","17002674","0","15000748","","(90052015)","0","82010094","90052015","71220501","(52970,106899,1688)","","(52970,106899,1688)","","","","","0","1","208700","0","","","","1","","","","","","","","","10","","0","","","","","","","",""
"15000748","0","1","100","","3","31","90003158","0","0","17005175","17002679","0","15000749","","(90052014)","0","82010090","90052014","71000001","(53692,104037,548)","","(53692,104037,548)","","","","","0","1","210900","0","70090066","","","1","","","","15000754","(15031701)","","","","10","","0","","","","","","","",""
"15000749","0","1","100","","3","32","90000650","0","0","17005175","17005114","0","15000750","","(90052014)","0","82010090","90052014","71000001","(53692,104037,548)","","(53692,104037,548)","","","","","0","1","213200","0","","","","1","","","","","","","","","10","","0","","","","","","","",""
"15000750","0","0","100","","3","33","90000651","0","0","17005175","17005117","0","15000751","(76000292,30)","(90052014)","0","82010090","90052014","71000001","(52289,103799,548)","","(53692,104037,548)","","","","","0","1","215500","0","","","","1","","","","","","","","","10","","0","","","","","","","",""
"15000751","0","0","100","","3","34","90000652","0","0","17005175","17005118","0","15000752","(76000295,30)","(90052015)","0","82012109","90052015","71000001","(54839,110719,1678)","","(54849,112939,1678)","","","","","0","1","217800","0","","","","1","","","","","","","","","10","","0","","","","","","","",""
"15000752","0","0","100","","3","35","90000653","0","0","17005175","17005119","0","15000753","(76000296,30)","(90052016)","0","82010090","90052016","71000001","(56530,112568,1698)","","(53692,104037,548)","","","","","0","1","220200","0","","","","1","","","","","","","","","10","","0","","","","","","","",""
"15000753","0","0","110","","3","36","90003162","0","0","17005175","17002682","0","15000754","(76000298,30)","(90052014)","0","82010098","90052014","71000001","(61190,98430,528)","1","(59960,96820,538)","","","","","0","1","222700","0","70501001","","","1","","","","15000758","","","","","10","","0","","","","","","","",""
"15000754","0","1","110","","3","37","90003170","0","0","17005175","17002689","0","15000755","","(90052014)","0","82010091","90052014","71000001","(59715,102366,532)","","(59715,102366,532)","","","","","0","1","225200","0","","","","1","","","","","","","","","10","","0","","","","","","","",""
"15000755","0","1","110","","3","38","90003178","0","0","17005175","17002696","0","15000756","","(90052004)","0","82010491","90052004","71000001","(85700,66289,5118)","","(85700,66289,5118)","","","","","0","1","227700","0","","","","1","","","","","","","","","10","","0","","","","","","","",""
"15000756","0","1","110","","3","39","90000661","0","0","17005175","17005132","0","15000757","","(90052004)","0","82012110","90052004","71000001","(74960,53139,4448)","","(74960,53139,4448)","","","","","0","1","230300","0","","","","1","","","","","","","","","10","","0","","","","","","","",""
"15000757","0","0","110","","3","40","90000662","0","0","17005175","17005134","0","15000758","(76001136,30)","(90052004)","0","82012110","90052004","71000001","(75940,54469,4448)","","(74960,53139,4448)","","","","","0","1","233000","0","","","","1","","","","","","","","","10","","0","","","","","","","",""
"15000758","0","0","110","","3","41","90000663","0","0","17005175","17005136","0","15000759","(76001137,30)","(90052004)","0","82012111","90052004","71000001","(69679,57680,4448)","","(67870,56740,4448)","","","","","0","1","235700","0","","","","1","","","","","(15031903)","","","","10","","0","","","","","","","",""
"15000759","0","0","110","","3","42","90000664","0","0","17005175","17005137","0","15000760","(76001138,30)","(90052004)","0","82012112","90052004","71000001","(68670,72610,4448)","","(66680,73850,4448)","","","","","0","1","238400","0","","(11,500)","","1","","","","","","","","","10","","0","","","","","","","",""
"15000760","0","1","120","","4","0","90003185","0","0","17005175","17002702","0","15000761","","(90050030)","0","82010467","90052004","71000001","(52709,66289,3098)","","(52709,66289,3098)","","","","","0","1","241200","0","","","","1","","","","","(15030063)","","","","10","","0","","","","","","","",""
"15000761","0","1","120","","4","1","90003192","0","0","17005175","17002708","0","15000762","","(90052011)","0","82010099","90052011","71000001","(94279,45081,984)","","(94279,45081,984)","","","","","0","1","244100","0","70501016","","","1","","","","","","","","","10","","0","","","","","","","",""
"15000762","0","1","120","","4","2","90003198","0","0","17005175","17002713","0","15000763","","(90052011)","0","82010100","90052011","71000001","(95689,42869,1210)","","(95689,42869,1210)","","","","","0","1","247000","0","","","","1","","","","","(15031971)","","","","10","","0","","","","","","","",""
"15000763","0","0","120","","4","3","90003203","0","0","17005175","17002717","0","15000764","(76000300,30)","(90052011)","0","82010100","90052011","71000001","(96240,41439,1272)","","(95689,42869,1210)","","","","","0","1","249900","0","","","","1","","","","","","","","","10","","0","","","","","","","",""
"15000764","0","1","120","","4","4","90000654","0","0","17005175","17005122","0","15000765","","(90052011)","0","82012131","90052011","71000001","(96861,43862,1283)","","(96861,43862,1283)","","","","","0","1","252900","0","","","","1","","","","","","","","","10","","0","","","","","","","",""
"15000765","0","0","120","","4","5","90000655","0","0","17005175","17005124","0","15000766","(76001142,30)","(90052011)","0","82012132","90052011","71000001","(97760,43189,1258)","","(99980,44560,1258)","","","","","0","1","256000","0","","","","1","","","","","","","","","10","","0","","","","","","","",""
"15000766","0","0","120","","4","6","90000656","0","0","17005175","17005126","0","15000767","(76001143,30)","(90052011)","0","82012133","90052011","71000001","(99109,41729,1258)","","(99929,40199,1258)","","","","","0","1","259100","0","","","","1","","","","15000767","","","","","10","","0","","","","","","","",""
"15000767","0","0","130","","4","7","90003207","0","0","17005175","17002720","0","15000768","(76000302,35)","(90052011)","0","82010102","90052011","71000001","(103780,39510,1297)","","(105950,39160,1268)","","","","","0","1","262200","0","70502021","","","1","","","","15000791","","","","","10","","0","","","","","","","",""
"15000768","0","1","130","","4","8","90003211","0","0","17005175","17002723","0","15000769","","(90052011)","0","82010103","90052011","71000001","(105568,40660,1268)","","(105568,40660,1268)","","","","","0","1","265400","0","70502704","","","1","","","","","","","","","10","","0","","","","","","","",""
"15000769","0","1","130","","4","9","90003214","0","0","17005175","17002725","0","15000770","","(90052011)","0","82010104","90052011","71000001","(103969,41005,1268)","","(103969,41005,1268)","","","","","0","1","268700","0","","","","1","","","","","(15030072)","","","","10","","0","","","","","","","",""
"15000770","0","0","130","","4","10","90003217","0","0","17005175","17002727","0","15000771","(76000301,35)","(90052011)","0","82010105","90052011","71000001","(102930,41840,1288)","","(104050,42980,1268)","","","","","0","1","272000","0","","","","1","","","","","","","","","10","","0","","","","","","","",""
"15000771","0","1","130","","4","11","90003220","0","0","17005175","17002729","0","15000772","","(90052011)","0","82010102","90052011","71000001","(105950,39160,1268)","","(105950,39160,1268)","","","","","0","1","275300","0","","","","1","","","","","","","","","10","","0","","","","","","","",""
"15000772","0","1","130","","4","12","90003224","0","0","17005175","17002732","0","15000773","","(90052011)","0","82010106","90052011","71000001","(99060,38330,1267)","","(99060,38330,1267)","","","","","0","1","278700","0","","","","1","","","","","(15030251)","","","","10","","0","","","","","","","",""
"15000773","0","0","130","","4","13","90003228","0","0","17005175","17002735","0","15000774","(76004146,1)","(90052011)","0","82010107","90052011","71000001","(97130,34688,1348)","","(95920,35700,1268)","","","","","0","1","282200","0","70501001","","","1","","","","","","","","","10","","0","","","82012564","(6)","","","","(82012564)"
"15000774","0","0","130","","4","14","90003233","0","0","17005175","17002739","0","15000775","(76000304,35)","(90052011)","0","82010122","90052011","71000001","(97500,27270,1267)","","(96278,23427,769)","","","","","0","1","285700","0","","","","1","","","","","","","","","10","","0","","","","","","","",""
"15000775","0","1","130","","4","15","90003238","0","0","17005175","17002743","0","15000776","","(90052011)","0","82010108","90052011","71000001","(96291,22870,673)","","(96291,22870,673)","","","","","0","1","289200","0","","","","1","","","","","","","","","10","","0","","","","","","","",""
"15000776","0","1","130","","4","16","90003245","0","0","17005175","17002749","0","15000777","","(90052011)","0","82010109","90052011","71000001","(101788,23365,1956)","","(101788,23365,1956)","","","","","0","1","292800","0","","","","1","","","","","","","","","10","","0","","","","","","","",""
"15000777","0","1","130","","4","17","90003250","0","0","17005175","17002753","0","15000778","","(90052011)","0","82010112","90052011","71000001","(105479,24700,1956)","","(105479,24700,1956)","","","","","0","1","296500","0","","","","1","","","","","","","","","10","","0","","","","","","","",""
"15000778","0","1","130","","4","18","90003254","0","0","17005175","17002756","0","15000779","","(90052011)","0","82010113","90052011","71000001","(106848,22300,1958)","","(106848,22300,1958)","","","","","0","1","300200","0","70501001","","","1","","","","","","","","","10","","0","","","","","","","",""
"15000779","0","0","130","","4","19","90003260","0","0","17005175","17002761","0","15000780","(76000305,35)","(90052011)","0","82010114","90052011","71000001","(105010,23070,1961)","","(104290,21540,1956)","","","","","0","1","303900","0","","","","1","","","","","","","","","10","","0","","","","","","","",""
"15000780","0","0","130","","4","20","90003262","0","0","17005175","17002762","0","15000781","(76000306,35)","(90052011)","0","82010115","90052011","71000001","(104300,20600,1976)","","(106100,20290,1956)","","","","","0","1","307700","0","","","","1","","","","","","","","","10","","0","","","","","","","",""
"15000781","0","0","130","","4","21","90003264","0","0","17005175","17002763","0","15000782","(76000307,35)","(90052011)","0","82010116","90052011","71000001","(105800,18470,1966)","","(105364,16823,2167)","","","","","0","1","311600","0","","","","1","","","","","","","","","10","","0","","","","","","","",""
"15000782","0","1","140","","4","22","90003266","0","0","17005175","17002764","0","15000783","","(90052011)","0","82010117","90052011","71000001","(104422,15247,2283)","1","(104422,15247,2283)","","","","","0","1","315500","0","70502055","","","1","","","","","","","","","10","","0","","","","","","","",""
"15000783","0","1","140","","4","23","90003269","0","0","17005175","17002766","0","15000784","","(90052011)","0","82010113","90052011","71000001","(106848,22300,1958)","1","(106848,22300,1958)","","","","","0","1","319400","0","","","","1","","","","","","","","","10","","0","","","","","","","",""
"15000784","0","1","140","","4","24","90003274","0","0","17005175","17002770","0","15000785","","(90052011)","0","82010109","90052011","71000001","(101788,23365,1956)","","(101788,23365,1956)","","","","","0","1","323400","0","","","","1","","","","","","","","","10","","0","","","","","","","",""
"15000785","0","1","140","","4","25","90003280","0","0","17005175","17002775","0","15000786","","(90052011)","0","82010108","90052011","71000001","(96291,22870,673)","","(96291,22870,673)","","","","","0","1","327500","0","","","","1","","","","","","","","","10","","0","","","","","","","",""
"15000786","0","1","140","","4","26","90003283","0","0","17005175","17002777","0","15000787","","(90052011)","0","82010118","90052011","71000001","(96690,21330,677)","","(96690,21330,677)","","","","","0","1","331600","0","","","","1","","","","","","","","","10","","0","","","","","","","",""
"15000787","0","1","140","","4","27","90003288","0","0","17005175","17002781","0","15000788","","(90052011)","0","82010111","90052011","71000001","(101533,23339,1956)","","(101533,23339,1956)","","","","","0","1","335700","0","","","","1","","","","","","","","","10","","0","","","","","","","",""
"15000788","0","0","140","","4","28","90003292","0","0","17005175","17002784","0","15000789","(76000308,35)","(90052011)","0","82010119","90052011","71000001","(110763,19495,692)","","(112546,21303,654)","","","","","0","1","339900","0","","","","1","","","","","","","","","10","","0","","","","","","","",""
"15000789","0","0","140","","4","29","90003300","0","0","17005175","17002791","0","15000790","(76000310,35)","(90052011)","0","82010120","90052011","71000001","(111330,23750,638)","","(107924,27397,787)","","","","","0","1","344200","0","","","","1","","","","","","","","","10","","0","","","","","","","",""
"15000790","0","0","140","","4","30","90003304","0","0","17005175","17002794","0","15000791","(76000309,1)","(90052011)","0","82010124","90052011","71000001","(107569,31000,1286)","","(105904,32013,1277)","","","","","0","1","348500","0","","","","1","","","","","","","","","10","","0","","","82010369","(6)","","","","(82010369)"
"15000791","0","0","150","","4","31","90000658","0","0","17005175","17005129","0","15000792","(76000310,35)","(90052011)","0","82012146","90052011","71000001","(111330,23750,638)","","(112130,22820,638)","","","","","0","1","352800","0","","","","1","","","","15000794","(15030064)","","","","10","","0","","","","","","","",""
"15000792","0","0","150","","4","32","90000659","0","0","17005175","17005130","0","15000793","(76000308,35)","(90052011)","0","82012147","90052011","71000001","(110763,19495,692)","","(108968,19636,857)","","","","","0","1","357200","0","70501001","","","1","","","","","","","","","10","","0","","","","","","","",""
"15000793","0","0","150","","4","33","90000660","0","0","17005175","17005131","0","15000794","(76000307,35)","(90052011)","0","82012151","90052011","71000001","(105800,18470,1966)","","(103568,18640,1959)","","","","","0","1","361700","0","70501017","(9,400)","","1","","","","","(15031961)","","","","10","","0","","","","","","","",""
"15000794","0","1","150","","4","34","90003310","0","0","17005175","17002799","0","15000795","","(90052011)","0","82010108","90052011","71000001","(96291,22870,673)","","(96291,22870,673)","","","","","0","1","366200","0","","","","1","","","","15000795","(15031999)","","","","10","","0","","","","","","","",""
"15000795","0","4","150","","4","35","90003313","0","0","17005175","17002801","0","15000796","","(90052011)","0","82010099","90052011","71000001","(94279,45081,984)","","(94279,45081,984)","","","","(49690,66280,3128)","0","1","370700","0","","(11,500)","","1","","","","15000799","","","","","10","","0","","","","","","","",""
"15000796","0","1","150","","5","0","90003317","0","0","17005175","17002804","0","15000797","","(90052004)","0","82010491","90052004","71000001","(85700,66289,5118)","","(85700,66289,5118)","","","","","0","1","375300","0","","","","1","","","(71020013,71020014,71020015)","","","","","","10","","0","","","","","","","",""
"15000797","0","4","150","","5","1","90003326","0","0","17005175","17002812","0","15000798","","(90052004)","0","82012617","90052004","71000001","(72078,66270,4458)","","(72078,66270,4458)","","","","(16770,87810,258)","0","1","380000","0","","","","1","","","","","","","","","10","","0","","","","","","","",""
"15000798","0","0","160","","5","2","90003330","0","0","17005175","17002815","0","15000799","(76000311,40)","(90052005)","0","82010125","90052005","71000001","(15080,88390,288)","","(16899,88741,267)","","","","","0","1","384700","0","","","","1","","","","","","","","","10","","1","","","","","","","",""
"15000799","0","0","160","","5","3","90003335","0","0","17005175","17002819","0","15000800","(76000312,40)","(90052005)","0","82010126","90052005","71000001","(15670,90550,268)","","(14742,90289,279)","","","","","0","1","389500","0","","","","1","","","","15000820","","","","","10","","0","","","","","","","",""
"15000800","0","0","160","","5","4","90003341","0","0","17005175","17002824","0","15000801","(76000313,40)","(90052005)","0","82010127","90052005","71000001","(15530,94230,288)","","(16810,92770,268)","","","","","0","1","394400","0","","","","1","","","","","(15030021)","","","","10","","0","","","","","","","",""
"15000801","0","0","160","","5","5","90003347","0","0","17005175","17002829","0","15000802","(76000314,40)","(90052005)","0","82010128","90052005","71000001","(17620,96870,298)","","(15510,97050,268)","","","","","0","1","399400","0","","","","1","","","","","(15030092)","","","","10","","0","","","","","","","",""
"15000802","0","1","160","","5","6","90003353","0","0","17005175","17002834","0","15000803","","(90052005)","0","82010129","90052005","71000001","(20930,98880,268)","","(20930,98880,268)","","","","","0","1","404500","0","","","","1","","","","","","","","","10","","0","","","","","","","",""
"15000803","0","1","160","","5","7","90003358","0","0","17005175","17002838","0","15000804","","(90052005)","0","82010130","90052005","71000001","(19283,108901,268)","","(19283,108901,268)","","","","","0","1","409700","0","70501001","","","1","","","","","","","","","10","","0","","","","","","","",""
"15000804","0","1","160","","5","8","90003364","0","0","17005175","17002843","0","15000805","","(90052005)","0","82010131","90052005","71000001","(17260,107140,268)","","(17260,107140,268)","","","","","0","1","415000","0","","","","1","","","","","","","","","10","","0","","","","","","","",""
"15000805","0","1","160","","5","9","90003368","0","0","17005175","17002846","0","15000806","","(90052005)","0","82010129","90052005","71000001","(20930,98880,268)","","(20930,98880,268)","","","","","0","1","420400","0","","","","1","","","","","","","","","10","","0","","","","","","","",""
"15000806","0","1","160","","5","10","90003373","0","0","17005175","17002850","0","15000807","","(90052005)","0","82010130","90052005","71000001","(19283,108901,268)","","(19283,108901,268)","","","","","0","1","425900","0","","","","1","","","","","","","","","10","","0","","","","","","","",""
"15000807","0","0","160","","5","11","90003377","0","0","17005175","17002853","0","15000808","(76000316,40)","(90052005)","0","82010130","90052005","71000001","(20449,107090,258)","","(19283,108901,268)","","","","","0","1","431500","0","","","","1","","","","","","","","","10","","0","","","","","","","",""
"15000808","0","1","160","","5","12","90003383","0","0","17005175","17002858","0","15000809","","(90052005)","0","82010130","90052005","71000001","(19283,108901,268)","","(19283,108901,268)","","","","","0","1","437200","0","","","","1","","","","","","","","","10","","0","","","","","","","",""
"15000809","0","0","160","","5","13","90003386","0","0","17005175","17002860","0","15000810","(76000317,40)","(90052007)","0","82010133","90052007","71000001","(14070,106460,258)","","(15460,106320,268)","","","","","0","1","443000","0","","","","1","","","","","","","","","10","","0","","","","","","","",""
"15000810","0","1","160","","5","14","90003390","0","0","17005175","17002863","0","15000811","","(90052007)","0","82010133","90052007","71000001","(15460,106320,268)","","(15460,106320,268)","","","","","0","1","448900","0","","","","1","","","","","","","","","10","","0","","","","","","","",""
"15000811","0","0","160","","5","15","90003394","0","0","17005175","17002866","0","15000812","(76000318,40)","(90052007)","0","82010134","90052007","71000001","(15500,104550,278)","","(15899,104822,268)","","","","","0","1","454900","0","70501001","","","1","","","","","","","","","10","","0","","","","","","","",""
"15000812","0","0","160","","5","16","90003396","0","0","17005175","17002867","0","15000813","(76000330,40)","(90052007)","0","82010135","90052007","71000001","(12660,104840,288)","","(12519,106130,268)","","","","","0","1","461000","0","","","","1","","","","","","","","","10","","0","","","","","","","",""
"15000813","0","1","160","","5","17","90003398","0","0","17005175","17002868","0","15000814","","(90052007)","0","82010136","90052007","71000001","(13980,102790,268)","","(13980,102790,268)","","","","","0","1","467200","0","","","","1","","","","","","","","","10","","0","","","","","","","",""
"15000814","0","1","160","","5","18","90003400","0","0","17005175","17002869","0","15000815","","(90052007)","0","82010137","90052007","71000001","(15440,103240,268)","","(15440,103240,268)","","","","","0","1","473500","0","","","","1","","","","","","","","","10","","0","","","","","","","",""
"15000815","0","1","160","","5","19","90003406","0","0","17005175","17002874","0","15000816","","(90052007)","0","82010138","90052007","71000001","(12260,103310,258)","","(12260,103310,258)","","","","","0","1","479900","0","","","","1","","","","","","","","","10","","0","","","","","","","",""
"15000816","0","0","160","","5","20","90003412","0","0","17005175","17002879","0","15000817","(76000319,40)","(90052007)","0","82010139","90052007","71000001","(11899,102441,278)","","(12086,100693,269)","","","","","0","1","486400","0","","","","1","","","","","","","","","10","","0","","","","","","","",""
"15000817","0","1","160","","5","21","90003416","0","0","17005175","17002882","0","15000818","","(90052007)","0","82010140","90052007","71000001","(8070,100318,245)","","(8070,100318,245)","","","","","0","1","493000","0","","","","1","","","","","","","","","10","","0","","","","","","","",""
"15000818","0","1","160","","5","22","90003426","0","0","17005175","17002891","0","15000819","","(90052007)","0","82010133","90052007","71000001","(8019,100141,205)","","(15460,106320,268)","","","","","0","1","499700","0","70501001","","","1","","","","","","","","","10","","0","","","","","","","",""
"15000819","0","1","170","","5","23","90003430","0","0","17005175","17002894","0","15000820","","(90052007)","0","82010141","90052007","71000001","(11210,105070,268)","","(11210,105070,268)","","","","","0","1","506500","0","","","","1","","","","","","","","","10","","0","","","","","","","",""
"15000820","0","1","170","","5","24","90003435","0","0","17005175","17002898","0","15000821","","(90052007)","0","82010142","90052007","71000001","(9520,104580,558)","","(9520,104580,558)","","","","","0","1","513400","0","","","","1","","","","15000853","","","","","10","","0","","","","","","","",""
"15000821","0","0","170","","5","25","90003439","0","0","17005175","17002901","0","15000822","(76000321,40)","(90052007)","0","82010142","90052007","71000001","(8900,105010,558)","","(9520,104580,558)","","","","","0","1","520400","0","","","","1","","","","","","","","","10","","0","","","","","","","",""
"15000822","0","1","170","","5","26","90003443","0","0","17005175","17002904","0","15000823","","(90052007)","0","82010143","90052007","71000001","(6990,102920,558)","","(6990,102920,558)","","","","","0","1","527500","0","","","","1","","","","","","","","","10","","0","","","","","","","",""
"15000823","0","0","170","","5","27","90003450","0","0","17005175","17002910","0","15000824","(76000322,40)","(90052007)","0","82010144","90052007","71000001","(8220,103190,558)","","(7520,106010,558)","","","","","0","1","534700","0","","","","1","","","","","","","","","10","","0","","","","","","","",""
"15000824","0","0","170","","5","28","90003455","0","0","17005175","17002914","0","15000825","(76000323,2)","(90052007)","0","82010144","90052007","71000001","(4980,103989,922)","","(7520,106010,558)","","","","","0","1","542000","0","70501001","","","1","","","","","","","","","10","","0","","","","","","","",""
"15000825","0","0","170","","5","29","90003459","0","0","17005175","17002917","0","15000826","(76000324,40)","(90052007)","0","82010144","90052007","71000001","(1419,103930,908)","","(7520,106010,558)","","","","","0","1","549400","0","","","","1","","","","","","","","","10","","0","","","","","","","",""
"15000826","0","1","170","","5","30","90000665","0","0","17005175","17005139","0","15000827","","(90052007)","0","82010141","90052007","71000001","(11541,105050,258)","","(11541,105050,258)","","","","","0","1","556900","0","","","","1","","","","","","","","","10","","0","","","","","","","",""
"15000827","0","0","170","","5","31","90000666","0","0","17005175","17005141","0","15000828","(76000320,40)","(90052007)","0","82010141","90052007","71000001","(9940,101710,278)","","(11541,105050,258)","","","","","0","1","564500","0","70501001","","","1","","","","","","","","","10","","0","","","","","","","",""
"15000828","0","0","170","","5","32","90000667","0","0","17005175","17005142","0","15000829","(76001193,1)","(90052007)","0","82010141","90052007","71000001","(10734,104118,278)","","(11541,105050,258)","","","","","0","1","572200","0","","","","1","","","","","","","","","10","","0","","","","","","","",""
"15000829","0","0","170","","5","33","90003463","0","0","17005175","17002920","0","15000830","(76000317,40)","(90052005)","0","82010130","90052005","71000001","(14070,106460,258)","","(19283,108901,268)","","","","","0","1","580000","0","","","","1","","","","","","","","","10","","0","","","","","","","",""
"15000830","0","4","170","","5","34","90003466","0","0","17005175","17002922","0","15000831","","(90052005)","0","82010145","90052005","71000001","(21469,105660,268)","","(21469,105660,268)","","","","(49690,66280,3128)","0","1","587900","0","","","","1","","","","","","","","","10","","0","","","","","","","",""
"15000831","0","1","170","","5","35","90003469","0","0","17005175","17002924","0","15000832","","(90052004)","0","82010467","90052004","71000001","(52709,66289,3098)","","(52709,66289,3098)","","","","","0","1","595900","0","","","","1","","","","","","","","","10","","0","","","","","","","",""
"15000832","0","1","170","","5","36","90002248","0","0","17005175","17002945","0","15000833","","(90052004)","0","82010491","90052004","71000001","(85700,66289,5118)","","(85700,66289,5119)","","","","","0","1","604000","0","","","","1","","","","","","","","","10","","0","","","","","","","",""
"15000833","0","1","170","","5","37","90002249","0","0","17005175","17002949","0","15000834","","(90052004)","0","82012618","90052004","71000001","(72078,66270,4458)","","(72078,66270,4458)","","","","","0","1","612200","0","","","","1","","","","","","","","","10","","0","","","","","","","",""
"15000834","0","4","170","","5","38","90002250","0","0","17005175","17002952","0","15000835","","(90052004)","0","82012618","90052004","71000001","(72078,66270,4458)","","(72078,66270,4458)","","","","(27140,135980,1248)","0","1","620500","0","","(11,500)","","1","","","","","","","","","10","","0","","","","","","","",""
"15000835","0","1","180","","6","0","90000101","0","0","17005175","17002953","0","15000836","","(90052082)","0","82010555","90052082","71000001","(26248,135291,1328)","","(26248,135291,1328)","","","","","0","1","628900","0","","","","1","","","","","","","","","10","","0","","","","","","","",""
"15000836","0","1","180","","6","1","90000102","0","0","17005175","17002960","0","15000837","","(90052082)","0","82010556","90052082","71000001","(26700,136206,1228)","","(26700,136206,1228)","","","","","0","1","637400","0","","","","1","","","","","","","","","10","","0","","","","","","","",""
"15000837","0","0","180","","6","2","90000103","0","0","17005175","17002966","0","15000838","(76000524,40)","(90052082)","0","82010557","90052082","71000001","(24808,136009,1328)","","(22598,136187,1328)","","","","","0","1","646000","0","","","","1","","","","","","","","","10","","0","","","","","","","",""
"15000838","0","0","180","","6","3","90000104","0","0","17005175","17002972","0","15000839","(76000525,40)","(90052082)","0","82010561","90052082","71000001","(22958,137279,1328)","","(24351,138596,1328)","","","","","0","1","654700","0","","","","1","","","","15000854","","","","","10","","0","","","","","","","",""
"15000839","0","1","180","","6","4","90000105","0","0","17005175","17002975","0","15000840","","(90052082)","0","82010562","90052082","71000001","(19729,135057,1328)","","(19729,135057,1328)","","","","","0","1","663500","0","","","","1","","","","","","","","","10","","0","","","","","","","",""
"15000840","0","0","180","","6","5","90000106","0","0","17005175","17002978","0","15000841","(76000526,40)","(90052082)","0","82010563","90052082","71000001","(19990,138370,1248)","","(18795,136288,1328)","","","","","0","1","672400","0","70501001","","","1","","","","","","","","","10","","0","","","","","","","",""
"15000841","0","0","180","","6","6","90000107","0","0","17005175","17002980","0","15000842","(76000527,3)","(90052082)","0","82010563","90052082","71000001","(17760,138860,1248)","","(18795,136288,1328)","","","","","0","1","681400","0","70502002","","","1","","","","","","","","","10","","0","","","","","","","",""
"15000842","0","1","180","","6","7","90000108","0","0","17005175","17002984","0","15000843","","(90052082)","0","82010564","90052082","71000001","(17951,133710,1328)","","(17951,133710,1328)","","","","","0","1","690500","0","","","","1","","","","","","","","","10","","0","","","","","","","",""
"15000843","0","1","180","","6","8","90000109","0","0","17005175","17002989","0","15000844","","(90052082)","0","82010565","90052082","71000001","(16040,133915,1328)","","(16040,133915,1328)","","","","","0","1","699700","0","","","","1","","","","","(15031601)","","","","10","","0","","","","","","","",""
"15000844","0","0","180","","6","9","90000110","0","0","17005175","17002994","0","15000845","(76000528,40)","(90052082)","0","82010566","90052082","71000001","(15728,132199,1328)","","(14749,132716,1268)","","","","","0","1","709000","0","","","","1","","","","","","","","","10","","0","","","","","","","",""
"15000845","0","1","180","","6","10","90000111","0","0","17005175","17003000","0","15000846","","(90052082)","0","82010562","90052082","71000001","(19729,135057,1328)","","(19729,135057,1328)","","","","","0","1","718400","0","","","","1","","","","","","","","","10","","0","","","","","","","",""
"15000846","0","1","180","","6","11","90000112","0","0","17005175","17003005","0","15000847","","(90052082)","0","82010567","90052082","71000001","(21798,134519,1328)","","(21798,134519,1328)","","","","","0","1","727900","0","","","","1","","","","","","","","","10","","0","","","","","","","",""
"15000847","0","0","180","","6","12","90000113","0","0","17005175","17003013","0","15000848","(76000529,40)","(90052082)","0","82010568","90052082","71000001","(16250,137200,1248)","","(14258,136708,1328)","","","","","0","1","737500","0","","","","1","","","","","","","","","10","","0","","","","","","","",""
"15000848","0","0","180","","6","13","90000114","0","0","17005175","17003018","0","15000849","(76000530,40)","(90052082)","0","82010569","90052082","71000001","(14068,140129,1328)","","(12928,140299,1328)","","","","","0","1","747200","0","70501001","","","1","","","","","","","","","10","","0","","","","","","","",""
"15000849","0","1","180","","6","14","90000115","0","0","17005175","17003021","0","15000850","","(90052082)","0","82010570","90052082","71000001","(11322,138326,1328)","","(11322,138326,1328)","","","","","0","1","757000","0","","","","1","","","","","","","","","10","","0","","","","","","","",""
"15000850","0","1","180","","6","15","90000116","0","0","17005175","17003026","0","15000851","","(90052082)","0","82010567","90052082","71000001","(21798,134519,1328)","","(21798,134519,1328)","","","","","0","1","766900","0","","","","1","","","","","","","","","10","","0","","","","","","","",""
"15000851","0","1","180","","6","16","90000117","0","0","17005175","17003031","0","15000852","","(90052082)","0","82010562","90052082","71000001","(19729,135057,1328)","","(19729,135057,1328)","","","","","0","1","776900","0","","","","1","","","","","","","","","10","","0","","","","","","","",""
"15000852","0","0","180","","6","17","90000118","0","0","17005175","17003036","0","15000853","(76000531,40)","(90052082)","0","82010573","90052082","71000001","(14980,134270,1248)","","(13170,134120,1248)","","","","","0","1","787000","0","","","","1","","","","","","","","","10","","0","","","","","","","",""
"15000853","0","1","190","","6","18","90000119","0","0","17005175","17003044","0","15000854","","(90052082)","0","82010571","90052082","71000001","(12610,135180,1248)","","(12610,135180,1248)","","","","","0","1","797200","0","70501001","","","1","","","","","","","","","10","","0","","","","","","","",""
"15000854","0","1","190","","6","19","90000120","0","0","17005175","17003052","0","15000855","","(90052082)","0","82010574","90052082","71000001","(9930,139850,1248)","","(9930,139850,1248)","","","","","0","1","807500","0","","","","1","","","","15000858","","","","","10","","0","","","","","","","",""
"15000855","0","1","190","","6","20","90000121","0","0","17005175","17003059","0","15000856","","(90052082)","0","82010575","90052082","71000001","(10430,142090,1248)","","(10430,142090,1248)","","","","","0","1","817900","0","","","","1","","","","","","","","","10","","0","","","","","","","",""
"15000856","0","1","190","","6","21","90000122","0","0","17005175","17003065","0","15000857","","(90052082)","0","82010576","90052082","71000001","(13480,141870,1248)","","(13480,141870,1248)","","","","","0","1","828400","0","","","","1","","","","","","","","","10","","0","","","","","","","",""
"15000857","0","0","190","","6","22","90000123","0","0","17005175","17003067","0","15000858","(76000532,40)","(90052082)","0","82010577","90052082","71000001","(14900,143460,1248)","","(18000,143790,1248)","","","","","0","1","839000","0","","","","1","","","","","","","","","10","","0","","","","","","","",""
"15000858","0","1","190","","6","23","90000124","0","0","17005175","17003071","0","15000859","","(90052082)","0","82010578","90052082","71000001","(16210,141990,1248)","","(16210,141990,1248)","","","","","0","1","849700","0","","","","1","","","","15000870","(15030065)","","","","10","","0","","","","","","","",""
"15000859","0","0","190","","6","24","90000125","0","0","17005175","17003072","0","15000860","(76000533,40)","(90052082)","0","82010579","90052082","71000001","(17070,141160,1248)","","(18710,141120,1248)","","","","","0","1","860500","0","","","","1","","","","","","","","","10","","0","","","","","","","",""
"15000860","0","1","190","","6","25","90000126","0","0","17005175","17003073","0","15000861","","(90052082)","0","82010580","90052082","71000001","(18810,140230,1248)","","(18810,140230,1248)","","","","","0","1","871400","0","","","","1","","","","","","","","","10","","0","","","","","","","",""
"15000861","0","1","190","","6","26","90000127","0","0","17005175","17003074","0","15000862","","(90052082)","0","82010577","90052082","71000001","(18000,143790,1248)","","(18000,143790,1248)","","","","","0","1","882400","0","","","","1","","","","","","","","","10","","0","","","","","","","",""
"15000862","0","1","190","","6","27","90000128","0","0","17005175","17003078","0","15000863","","(90052082)","0","82010563","90052082","71000001","(18795,136288,1328)","","(18795,136288,1328)","","","","","0","1","893500","0","","","","1","","","","","","","","","10","","0","","","","","","","",""
"15000863","0","0","190","","6","28","90000129","0","0","17005175","17003080","0","15000864","(76000534,1)","(90052082)","0","82010563","90052082","71000001","(17130,138990,1248)","","(18795,136288,1328)","","","","","0","1","904700","0","","","","1","","","","","","","","","10","","0","","","","","","","",""
"15000864","0","1","200","","6","29","90000130","0","0","17005175","17003083","0","15000865","(0,201)","(90052082)","0","82010556","90052082","71000001","(26727,136465,1261)","","(26727,136465,1261)","","","","","0","1","916000","0","70502034","(11,500)","","1","","","","","","","","","10","","0","","","","","","","",""
"15000865","0","1","200","","7","0","90000131","0","0","17005175","17003089","0","15000866","","(90052083)","0","82010640","90052083","71000001","(40450,135050,1838)","","(40450,135050,1838)","","","","","0","1","927400","0","","","","1","","","(71020016,71020017,71020018)","","","","","","10","","0","","","","","","","",""
"15000866","0","1","200","","7","1","90000132","0","0","17005175","17003091","0","15000867","","(90052083)","0","82010641","90052083","71000001","(43630,134560,1788)","","(43630,134560,1788)","","","","","0","1","938900","0","","","","1","","","","","","","","","10","","0","","","","","","","",""
"15000867","0","0","200","","7","2","90000133","0","0","17005175","17003092","0","15000868","(76000558,50)","(90052083)","0","82010642","90052083","71000001","(43960,133420,1788)","","(45185,134558,1788)","","","","","0","1","950500","0","","","","1","","","","","","","","","10","","0","","","","","","","",""
"15000868","0","0","200","","7","3","90000134","0","0","17005175","17003096","0","15000869","(76000559,50)","(90052083)","0","82010642","90052083","71000001","(47460,134660,1788)","","(45185,134558,1788)","","","","","0","1","962200","0","","","","1","","","","","","","","","10","","0","","","","","","","",""
"15000869","0","1","200","","7","4","90000135","0","0","17005175","17003097","0","15000870","","(90052083)","0","82010643","90052083","71000001","(46627,132048,1788)","","(46627,132048,1788)","","","","","0","1","974000","0","","","","1","","","","","","","","","10","","0","","","","","","","",""
"15000870","0","0","200","","7","5","90000586","0","0","17005175","17003101","0","15000871","(76000560,1)","(90052083)","0","82012397","90052083","71000001","(46627,132048,1788)","","(46627,132048,1788)","","76000538","","","0","1","985900","0","","","","1","","","","15000922","(15031801)","","","","10","","0","","","","","","","",""
"15000871","0","1","200","","7","6","90000136","0","0","17005175","17003107","0","15000872","","(90052083)","0","82010645","90052083","71000001","(46610,131920,1788)","","(46610,131920,1788)","","","","","0","1","997900","0","","","","1","","","","","","","","","10","","0","","","","","","","",""
"15000872","0","0","200","","7","7","90000137","0","0","17005175","17003109","0","15000873","(76000561,50)","(90052083)","0","82010644","90052083","71000001","(47930,132130,1798)","","(50328,133124,1788)","","","","","0","1","1010000","0","","","","1","","","","","","","","","10","","0","","","","","","","",""
"15000873","0","0","200","","7","8","90000138","0","0","17005175","17003116","0","15000874","(76000562,50)","(90052083)","0","82010646","90052083","71000001","(48680,136890,1628)","","(50604,136947,1628)","","","","","0","1","1022200","0","","","","1","","","","","","","","","10","","0","","","","","","","",""
"15000874","0","0","200","","7","9","90000139","0","0","17005175","17003123","0","15000875","(76000563,50)","(90052083)","0","82010647","90052083","71000001","(51650,138590,1628)","","(55510,137660,1628)","","","","","0","1","1034500","0","70502004","","","1","","","","","","","","","10","","0","","","","","","","",""
"15000875","0","1","200","","7","10","90000140","0","0","17005175","17003133","0","15000876","","(90052083)","0","82010648","90052083","71000001","(58070,135116,1628)","","(58070,135116,1628)","","","","","0","1","1046900","0","","","","1","","","","","","","","","10","","0","","","","","","","",""
"15000876","0","0","200","","7","11","90000141","0","0","17005175","17003138","0","15000877","(76000564,1)","(90052083)","0","82012398","90052083","71000001","(57570,135316,1628)","","(57700,136116,1628)","","76000543","","","0","1","1059400","0","","","","1","","","","","","","","","10","","0","","","","","","","",""
"15000877","0","0","200","","7","12","90000142","0","0","17005175","17003143","0","15000878","(76000565,50)","(90052083)","0","82010649","90052083","71000001","(57010,132990,1628)","","(56689,130985,1628)","","","","","0","1","1072000","0","","","","1","","","","","","","","","10","","0","","","","","","","",""
"15000878","0","0","200","","7","13","90000143","0","0","17005175","17003149","0","15000879","(76000566,50)","(90052083)","0","82010649","90052083","71000001","(56870,129150,1628)","","(56689,130985,1628)","","","","","0","1","1084700","0","","","","1","","","","","","","","","10","","0","","","","","","","",""
"15000879","0","1","200","","7","14","90000144","0","0","17005175","17003152","0","15000880","","(90052083)","0","82010647","90052083","71000001","(55510,137660,1628)","","(55510,137660,1628)","","","","","0","1","1097500","0","","","","1","","","","","","","","","10","","0","","","","","","","",""
"15000880","0","1","200","","7","15","90000145","0","0","17005175","17003156","0","15000881","","(90052083)","0","82010650","90052083","71000001","(50760,139670,1628)","","(50760,139670,1628)","","","","","0","1","1110400","0","","","","1","","","","","","","","","10","","0","","","","","","","",""
"15000881","0","1","200","","7","16","90000146","0","0","17005175","17003158","0","15000882","","(90052083)","0","82010650","90052083","71000001","(50760,139670,1628)","","(50760,139670,1628)","","","","","0","1","1123400","0","70502075","","","1","","","","","","","","","10","","0","","","","","","","",""
"15000882","0","1","210","","7","17","90000147","0","0","17005175","17003171","0","15000883","","(90052083)","0","82010651","90052083","71000001","(53940,140100,1628)","","(53940,140100,1628)","","","","","0","1","1136500","0","70502006","","","1","","","","","","","","","10","","0","","","","","","","",""
"15000883","0","1","210","","7","18","90000148","0","0","17005175","17003176","0","15000884","","(90052083)","0","82010652","90052083","71000001","(53950,140420,1628)","","(53950,140420,1628)","","","","","0","1","1149700","0","","","","1","","","","","","","","","10","","0","","","","","","","",""
"15000884","0","1","210","","7","19","90000149","0","0","17005175","17003180","0","15000885","","(90052083)","0","82010653","90052083","71000001","(53940,140640,1628)","","(53940,140640,1628)","","","","","0","1","1163000","0","","","","1","","","","","","","","","10","","0","","","","","","","",""
"15000885","0","1","210","","7","20","90000150","0","0","17005175","17003183","0","15000886","","(90052083)","0","82010654","90052083","71000001","(53910,140850,1628)","","(53910,140850,1628)","","","","","0","1","1176400","0","","","","1","","","","","","","","","10","","0","","","","","","","",""
"15000886","0","1","210","","7","21","90000151","0","0","17005175","17003186","0","15000887","","(90052083)","0","82010651","90052083","71000001","(53940,140100,1628)","","(53940,140100,1628)","","","","","0","1","1189900","0","","","","1","","","","","","","","","10","","0","","","","","","","",""
"15000887","0","0","210","","7","22","90000152","0","0","17005175","17003192","0","15000888","(76000567,50)","(90052083)","0","82010655","90052083","71000001","(54140,142900,1628)","","(56095,146221,1538)","","","","","0","1","1203500","0","","","","1","","","","","","","","","10","","0","","","","","","","",""
"15000888","0","1","210","","7","23","90000153","0","0","17005175","17003195","0","15000889","","(90052083)","0","82010656","90052083","71000001","(56009,148571,2229)","","(56009,148571,2229)","","","","","0","1","1217200","0","70501007","","","1","","","","","","","","","10","","0","","","","","","","",""
"15000889","0","1","210","","7","24","90000154","0","0","17005175","17003200","0","15000890","","(90052083)","0","82010657","90052083","71000001","(56784,150050,2488)","","(56784,150050,2488)","","","","","0","1","1231000","0","","","","1","","","","","","","","","10","","0","","","","","","","",""
"15000890","0","0","210","","7","25","90000668","0","0","17005175","17003203","0","15000891","(76000568,50)","(90052083)","0","82010658","90052083","71000001","(55761,150532,2408)","","(56349,152138,2488)","","","","","0","1","1244900","0","","","","1","","","","","","","","","10","","0","","","","","","","",""
"15000891","0","1","210","","7","26","90000155","0","0","17005175","17003209","0","15000892","","(90052083)","0","82010659","90052083","71000001","(52803,148101,1500)","","(52803,148101,1500)","","","","","0","1","1258900","0","","","","1","","","","","","","","","10","","0","","","","","","","",""
"15000892","0","0","220","","7","27","90000156","0","0","17005175","17003214","0","15000893","(76000569,50)","(90052083)","0","82010655","90052083","71000001","(54757,148223,1837)","","(56095,146221,1538)","","","","","0","1","1273000","0","","","","1","","","","","","","","","10","","1","","","","","","","",""
"15000893","0","0","220","","7","28","90000157","0","0","17005175","17003216","0","15000894","(76000570,50)","(90052083)","0","82010660","90052083","71000001","(58830,145550,1538)","","(60291,145991,1539)","","","","","0","1","1287200","0","","","","1","","","","","","","","","10","","0","","","","","","","",""
"15000894","0","0","220","","7","29","90000158","0","0","17005175","17003218","0","15000895","(76000571,50)","(90052083)","0","82010661","90052083","71000001","(61692,147498,1529)","","(60840,148719,1538)","","","","","0","1","1301500","0","70501007","","","1","","","","","","","","","10","","0","","","","","","","",""
"15000895","0","0","220","","7","30","90000159","0","0","17005175","17003220","0","15000896","(76000572,1)","(90052083)","0","82010662","90052083","71000001","(63350,150399,1538)","","(63480,154069,1538)","","","","","0","1","1315900","0","","","","1","","","","","","","","","10","","0","","","","","","","",""
"15000896","0","1","220","","7","31","90000160","0","0","17005175","17003223","0","15000897","","(90052083)","","82012152","90052083","71000001","(63720,154210,1538)","","(63720,154210,1538)","","","","","0","1","1330400","0","","","","1","","","","","","","","","10","","0","","","","","","","",""
"15000897","0","1","220","","7","32","90000161","0","0","17005175","17003228","0","15000898","","(90052083)","0","82010659","90052083","71000001","(52803,148101,1500)","","(52803,148101,1500)","","","","","0","1","1345000","0","","","","1","","","","","","","","","10","","0","","","","","","","",""
"15000898","0","0","220","","7","33","90000162","0","0","17005175","17003235","0","15000899","(76000567,50)","(90052083)","0","82010651","90052083","71000001","(55950,144530,1628)","","(53940,140100,1628)","","","","","0","1","1359700","0","","","","1","","","","","","","","","10","","0","","","","","","","",""
"15000899","0","1","220","","7","34","90000163","0","0","17005175","17003239","0","15000900","","(90052083)","0","82010650","90052083","71000001","(50760,139670,1628)","","(50760,139670,1628)","","","","","0","1","1374500","0","","","","1","","","","","","","","","10","","0","","","","","","","",""
"15000900","0","1","220","","7","35","90000164","0","0","17005175","17003247","0","15000901","","(90052083)","0","82010642","90052083","71000001","(45185,134558,1788)","","(45185,134558,1788)","","","","","0","1","1389400","0","","","","1","","","","","","","","","10","","0","","","","","","","",""
"15000901","0","1","220","","7","36","90000165","0","0","17005175","17003253","0","15000902","","(90052083)","0","82010651","90052083","71000001","(53940,140100,1628)","","(53940,140100,1628)","","","","","0","1","1404400","0","","(11,500)","","1","","","","","","","","","10","","0","","","","","","","",""
"15000902","0","1","230","","8","0","90000166","0","0","17005175","17003257","0","15000903","","(90052084)","0","82010738","90052084","71000001","(74490,136070,638)","","(74490,136070,638)","","","","","0","1","1419500","0","","","","1","","","","","","","","","10","","0","","","","","","","",""
"15000903","0","0","230","","8","1","90000167","0","0","17005175","17003265","0","15000904","(76000588,50)","(90052084)","0","82010739","90052084","71000001","(75479,137209,638)","","(76580,137959,638)","","","","","0","1","1434700","0","","","","1","","","","","","","","","10","","0","","","","","","","",""
"15000904","0","0","230","","8","2","90000168","0","0","17005175","17003266","0","15000905","(76000589,50)","(90052084)","0","82010740","90052084","71000001","(77849,138720,638)","","(78610,137760,638)","","","","","0","1","1450000","0","","","","1","","","","","","","","","10","","0","","","","","","","",""
"15000905","0","0","230","","8","3","90000169","0","0","17005175","17003267","0","15000906","(76000590,50)","(90052084)","0","82010741","90052084","71000001","(77380,135820,638)","","(75860,135770,638)","","","","","0","1","1465400","0","","","","1","","","","","","","","","10","","0","","","","","","","",""
"15000906","0","1","230","","8","4","90000170","0","0","17005175","17003268","0","15000907","","(90052084)","0","82010738","90052084","71000001","(74490,136070,638)","","(74490,136070,638)","","","","","0","1","1480900","0","","","","1","","","","","","","","","10","","0","","","","","","","",""
"15000907","0","1","230","","8","5","90000171","0","0","17005175","17003271","0","15000908","","(90052084)","0","82010742","90052084","71000001","(76170,134690,638)","","(76170,134690,638)","","","","","0","1","1496500","0","70501007","","","1","","","","","","","","","10","","0","","","","","","","",""
"15000908","0","1","230","","8","6","90000172","0","0","17005175","17003273","0","15000909","","(90052084)","0","82010743","90052084","71000001","(78590,133780,638)","","(78590,133780,638)","","","","","0","1","1512200","0","","","","1","","","","","","","","","10","","0","","","","","","","",""
"15000909","0","0","230","","8","7","90000173","0","0","17005175","17003279","0","15000910","(76000591,50)","(90052084)","0","82010744","90052084","71000001","(79630,135150,638)","","(81040,134360,638)","","","","","0","1","1528000","0","","","","1","","","","","","","","","10","","0","","","","","","","",""
"15000910","0","1","230","","8","8","90000174","0","0","17005175","17003285","0","15000911","","(90052084)","0","82010745","90052084","71000001","(79900,133540,638)","","(79900,133540,638)","","","","","0","1","1543900","0","","","","1","","","","","","","","","10","","0","","","","","","","",""
"15000911","0","1","230","","8","9","90000175","0","0","17005175","17003290","0","15000912","","(90052084)","0","82010746","90052084","71000001","(80860,138000,638)","","(80860,138000,638)","","","","","0","1","1559900","0","","","","1","","","","","","","","","10","","0","","","","","","","",""
"15000912","0","1","240","","8","10","90000176","0","0","17005175","17003301","0","15000913","","(90052084)","0","82010745","90052084","71000001","(79900,133540,638)","","(79900,133540,638)","","","","","0","1","1576000","0","","","","1","","","","","","","","","10","","0","","","","","","","",""
"15000913","0","1","240","","8","11","90000177","0","0","17005175","17003306","0","15000914","","(90052084)","0","82010747","90052084","71000001","(82784,134654,638)","","(82784,134654,638)","","","","","0","1","1592200","0","70501007","","","1","","","","","","","","","10","","0","","","","","","","",""
"15000914","0","0","240","","8","12","90000178","0","0","17005175","17003312","0","15000915","(76000592,50)","(90052084)","0","82010748","90052084","71000001","(81690,136170,638)","","(78320,132980,638)","","","","","0","1","1608500","0","","","","1","","","","","","","","","10","","0","","","","","","","",""
"15000915","0","1","240","","8","13","90000179","0","0","17005175","17003313","0","15000916","","(90052084)","0","82010749","90052084","71000001","(76320,132880,638)","","(76320,132880,638)","","","","","0","1","1624900","0","","","","1","","","","","","","","","10","","0","","","","","","","",""
"15000916","0","1","240","","8","14","90000180","0","0","17005175","17003314","0","15000917","","(90052084)","0","82010750","90052084","71000001","-76620131190638","","(76620,131190,638)","","","","","0","1","1641400","0","","","","1","","","","","","","","","10","","0","","","","","","","",""
"15000917","0","1","240","","8","15","90000181","0","0","17005175","17003316","0","15000918","","(90052084)","0","82010745","90052084","71000001","(79900,133540,638)","","(79900,133540,638)","","","","","0","1","1658000","0","","","","1","","","","","","","","","10","","0","","","","","","","",""
"15000918","0","1","240","","8","16","90000182","0","0","17005175","17003318","0","15000919","","(90052084)","0","82010751","90052084","71000001","(80797,131410,8228)","1","(80797,131410,8228)","","","","","0","1","1674700","0","","","","1","","","","","","","","","10","","0","","","","","","","",""
"15000919","0","1","240","","8","17","90000183","0","0","17005175","17003327","0","15000920","","(90052084)","0","82010752","90052084","71000001","(81144,131476,8239)","","(81144,131476,8239)","","","","","0","1","1691500","0","70501007","","","1","","","","","","","","","10","","0","","","","","","","",""
"15000920","0","1","240","","8","18","90000184","0","0","17005175","17003333","0","15000921","","(90052084)","0","82010746","90052084","71000001","(80860,138000,638)","1","(80860,138000,638)","","","","","0","1","1708400","0","","","","1","","","","","","","","","10","","0","","","","","","","",""
"15000921","0","1","240","","8","19","90000185","0","0","17005175","17003338","0","15000922","","(90052084)","0","82010978","90052084","71000001","(82045,138149,648)","","(82045,138149,648)","","","","","0","1","1725400","0","","(11,500)","","1","","","","","","","","","10","","0","","","","","","","",""
"15000922","0","1","250","","9","0","90000186","0","0","17005175","17003345","0","15000923","","(90052085)","0","82010783","90052085","71000001","(29981,162341,2549)","","(29981,162341,2549)","","","","","0","1","1742500","0","","","","1","","","(71020019,71020020,71020021)","15000956","(15030066)","","","","10","","0","","","","","","","",""
"15000923","0","1","250","","9","1","90000187","0","0","17005175","17003350","0","15000924","","(90052085)","0","82010783","90052085","71000001","(29981,162341,2549)","","(29981,162341,2549)","","","","","0","1","1759700","0","","","","1","","","","","","","","","10","","0","","","","","","","",""
"15000924","0","1","250","","9","2","90000188","0","0","17005175","17003356","0","15000925","","(90052085)","0","82010784","90052085","71000001","(29194,161459,2600)","","(29194,161459,2600)","","","","","0","1","1777000","0","","","","1","","","","","","","","","10","","0","","","","","","","",""
"15000925","0","0","250","","9","3","90000189","0","0","17005175","17003364","0","15000926","(76000614,50)","(90052085)","0","82010785","90052085","71000001","(26937,158910,2639)","","(25997,161158,2639)","","","","","0","1","1794400","0","70501007","","","1","","","","","","","","","10","","0","","","","","","","",""
"15000926","0","0","250","","9","4","90000190","0","0","17005175","17003369","0","15000927","(76000615,50)","(90052085)","0","82010786","90052085","71000001","(22650,159657,2619)","","(22670,162970,2936)","","","","","0","1","1811900","0","","","","1","","","","","","","","","10","","0","","","","","","","",""
"15000927","0","0","250","","9","5","90000191","0","0","17005175","17003378","0","15000929","(76000616,1)","(90052085)","0","82010786","90052085","71000001","(23434,161221,3080)","1","(22670,162970,2936)","","","","","0","1","1829500","0","","","","1","","","","","","","","","10","","0","","","","","","","",""
"15000928","0","1","250","","9","6","90000192","0","0","17005175","17003374","0","15000929","(76000616,1)","(90052085)","0","82010786","90052085","71000001","(23570,163232,2947)","","(22670,162970,2936)","","","","","0","1","1847200","0","","","","1","","","","","","","","","10","","0","","","","","","","",""
"15000929","0","1","250","","9","7","90000193","0","0","17005175","17003381","0","15000930","","(90052085)","0","82010784","90052085","71000001","(29194,161459,2600)","","(29194,161459,2600)","","","","","0","1","1865000","0","","","","1","","","","","","","","","10","","0","","","","","","","",""
"15000930","0","1","250","","9","8","90000194","0","0","17005175","17003383","0","15000931","","(90052085)","0","82010783","90052085","71000001","(29981,162341,2549)","","(29981,162341,2549)","","","","","0","1","1882900","0","","","","1","","","","","","","","","10","","0","","","","","","","",""
"15000931","0","1","250","","9","9","90000195","0","0","17005175","17003389","0","15000932","","(90052085)","0","82010784","90052085","71000001","(29194,161459,2600)","","(29194,161459,2600)","","","","","0","1","1900900","0","70501007","","","1","","","","","","","","","10","","0","","","","","","","",""
"15000932","0","0","250","","9","10","90000196","0","0","17005175","17003393","0","15000933","(76000617,50)","(90052085)","0","82010788","90052085","71000001","(20102,161448,2892)","","(18912,160317,2774)","","","","","0","1","1919000","0","","","","1","","","","","","","","","10","","0","","","","","","","",""
"15000933","0","0","250","","9","11","90000197","0","0","17005175","17003398","0","15000934","(76000618,50)","(90052085)","0","82010789","90052085","71000001","(16708,164373,2864)","1","(14152,163938,2728)","","","","","0","1","1937200","0","","","","1","","","","","","","","","10","","0","","","","","","","",""
"15000934","0","1","250","","9","12","90000198","0","0","17005175","17003403","0","15000935","","(90052085)","0","82010790","90052085","71000001","(10535,169408,2901)","","(10535,169408,2901)","","","","","0","1","1955500","0","","","","1","","","","","","","","","10","","0","","","","","","","",""
"15000935","0","0","250","","9","13","90000199","0","0","17005175","17003414","0","15000936","(76000619,50)","(90052085)","0","82010791","90052085","71000001","(11674,169512,2761)","","(14298,170410,2719)","","","","","0","1","1973900","0","","","","1","","","","","","","","","10","","0","","","","","","","",""
"15000936","0","1","250","","9","14","90000200","0","0","17005175","17003416","0","15000937","","(90052085)","0","82010791","90052085","71000001","(14298,170410,2719)","","(14298,170410,2719)","","","","","0","1","1992400","0","","","","1","","","","","","","","","10","","0","","","","","","","",""
"15000937","0","1","250","","9","15","90000201","0","0","17005175","17003418","0","15000938","","(90052085)","0","82010790","90052085","71000001","(10535,169408,2901)","","(10535,169408,2901)","","","","","0","1","2011000","0","70501007","","","1","","","","","","","","","10","","0","","","","","","","",""
"15000938","0","1","250","","9","16","90000202","0","0","17005175","17003423","0","15000939","","(90052085)","0","82010792","90052085","71000001","(12094,173881,2724)","","(12094,173881,2724)","","","","","0","1","2029700","0","","","","1","","","","","","","","","10","","0","","","","","","","",""
"15000939","0","0","250","","9","17","90000203","0","0","17005175","17003425","0","15000940","(76000620,1)","(90052085)","0","82010792","90052085","71000001","(12710,175870,2728)","","(12094,173881,2724)","","","","","0","1","2048500","0","","","","1","","","","","","","","","10","","0","","","","","","","",""
"15000940","0","1","260","","9","18","90000204","0","0","17005175","17003427","0","15000941","","(90052085)","0","82010787","90052085","71000001","(16998,177837,2728)","","(16998,177837,2728)","","","","","0","1","2067400","0","","","","1","","","","","","","","","10","","0","","","","","","","",""
"15000941","0","0","260","","9","19","90000205","0","0","17005175","17003432","0","15000942","(76000624,50)","(90052085)","0","82010793","90052085","71000001","(17368,174319,2729)","","(24254,182728,2528)","","","","","0","1","2086400","0","","","","1","","","","","","","","","10","","0","","","","","","","",""
"15000942","0","0","260","","9","20","90000206","0","0","17005175","17003438","0","15000943","(76000621,50)","(90052085)","0","82010794","90052085","71000001","(23809,186599,2528)","","(29961,189089,2608)","","","","","0","1","2105500","0","","","","1","","","","","","","","","10","","0","","","","","","","",""
"15000943","0","0","260","","9","21","90000207","0","0","17005175","17003439","0","15000944","(76000622,50)","(90052085)","0","82010795","90052085","71000001","(31857,187628,2600)","","(28480,183219,2548)","","","","","0","1","2124700","0","","","","1","","","","","","","","","10","","0","","","","","","","",""
"15000944","0","1","260","","9","22","90000208","0","0","17005175","17003440","0","15000945","","(90052085)","0","82010795","90052085","71000001","(28480,183219,2548)","","(28480,183219,2548)","","","","","0","1","2144000","0","70501007","","","1","","","","","","","","","10","","0","","","","","","","",""
"15000945","0","0","260","","9","23","90000209","0","0","17005175","17003443","0","15000946","(76000623,50)","(90052085)","0","82010796","90052085","71000001","(29758,180499,2559)","","(27093,179166,2642)","","","","","0","1","2163400","0","","","","1","","","","","","","","","10","","0","","","","","","","",""
"15000946","0","0","260","","9","24","90000210","0","0","17005175","17003444","0","15000947","(76000625,1)","(90052085)","0","82010793","90052085","71000001","(27195,178607,2653)","","(24254,182728,2528)","","","","","0","1","2182900","0","","","","1","","","","","","","","","10","","0","","","","","","","",""
"15000947","0","0","260","","9","25","90000211","0","0","17005175","17003446","0","15000948","(76000624,50)","(90052085)","0","82010797","90052085","71000001","(19178,176349,2729)","","(11100,170698,2909)","","","","","0","1","2202500","0","","","","1","","","","","","","","","10","","0","","","","","","","",""
"15000948","0","1","260","","9","26","90000212","0","0","17005175","17003453","0","15000949","","(90052085)","0","82010790","90052085","71000001","(10535,169408,2901)","","(10535,169408,2901)","","","","","0","1","2222200","0","","","","1","","","","","","","","","10","","0","","","","","","","",""
"15000949","0","0","260","","9","27","90000213","0","0","17005175","17003458","0","15000950","(76000619,50)","(90052085)","0","82010798","90052085","71000001","(11674,169512,2761)","","(16384,166707,2710)","","","","","0","1","2242000","0","","","","1","","","","","","","","","10","","0","","","","","","","",""
"15000950","0","0","260","","9","28","90000214","0","0","17005175","17003463","0","15000951","(76000614,50)","(90052085)","0","82010799","90052085","71000001","(26857,159990,2639)","","(30930,161411,2558)","","","","","0","1","2261900","0","","","","1","","","","","","","","","10","","0","","","","","","","",""
"15000951","0","0","260","","9","29","90000215","0","0","17005175","17003469","0","15000952","(76001152,50)","(90052085)","0","82010800","90052085","71000001","(32538,163020,2582)","","(34040,164690,2588)","","","","","0","1","2281900","0","70501007","","","1","","","","","","","","","10","","0","","","","","","","",""
"15000952","0","0","260","","9","30","90000216","0","0","17005175","17003471","0","15000953","(76000626,1)","(90052085)","0","82010800","90052085","71000001","(34068,167400,2569)","","(34040,164690,2588)","","","","","0","1","2302000","0","","","","1","","","","","","","","","10","","0","","","","","","","",""
"15000953","0","0","260","","9","31","90000217","0","0","17005175","17003474","0","15000954","(76004147,1)","(90052085)","0","82010801","90052085","71000001","(36154,172047,2681)","","(31424,176586,2719)","","","","","0","1","2322200","0","","","","1","","","","","","","","","10","","0","","","","","","","",""
"15000954","0","1","260","","9","32","90000218","0","0","17005175","17003480","0","15000955","","(90052085)","0","82010802","90052085","71000001","(33369,179178,2568)","","(33369,179178,2568)","","","","","0","1","2342500","0","","(5,50000)","","1","","","","","","","","","10","","0","","","","","","","",""
"15000955","0","1","260","","9","33","90000219","0","0","17005175","17003483","0","15000956","","(90052085)","0","82010803","90052085","71000001","(36282,178271,2569)","","(36282,178271,2569)","","","","","0","1","2362900","0","","","","1","","","","","","","","","10","","0","","","","","","","",""
"15000956","0","6","260","","9","34","90000220","0","0","17005175","17003487","0","15000957","(76000628,15)","(90052085)","0","82010803","90052085","71000001","(37186,181917,2570)","","(36282,178271,2569)","","","","","0","1","2383400","0","","(11,500)","","1","25","90000055","","15001029","(15031982)","","","","10","","0","","","","","","","",""
"15000957","0","1","270","","10","0","90000221","0","0","17005175","17003492","0","15000958","","(90052086)","0","82010874","90052086","71000001","(52510,172949,1528)","","(52510,172949,1528)","","","","","0","1","2404000","0","","","","1","","","","","","","","","10","","0","","","","","","","",""
"15000958","0","1","270","","10","1","90000222","0","0","17005175","17003501","0","15000959","","(90052086)","0","82010875","90052086","71000001","(54449,170520,1548)","","(54449,170520,1548)","","","","","0","1","2424700","0","70501007","","","1","","","","","","","","","10","","0","","","","","","","",""
"15000959","0","0","270","","10","2","90000223","0","0","17005175","17003508","0","15000960","(76000638,1)","(90052086)","0","82012399","90052086","71000001","(54449,170520,1548)","","(54449,170520,1548)","","76000630","","","0","1","2445500","0","","","","1","","","","","","","","","10","","0","","","","","","","",""
"15000960","0","1","270","","10","3","90000224","0","0","17005175","17003512","0","15000962","","(90052086)","0","82010876","90052086","71000001","(56300,169189,1548)","","(56300,169189,1548)","","","","","0","1","2466400","0","","","","1","","","","","","","","","10","","0","","","","","","","",""
"15000961","0","0","270","","10","4","90000225","0","0","17005175","17003513","0","15000962","","(90052086)","0","0","90052086","71000001","","","","","","","","0","1","2487400","0","","","","1","","","","","","","","","10","","0","","","","","","","",""
"15000962","0","0","270","","10","4","90000226","0","0","17005175","17003514","0","15000963","(76000639,50)","(90052086)","0","82010877","90052086","71000001","(56840,166180,1538)","","(58040,164790,1538)","","","","","0","1","2508500","0","","","","1","","","","","","","","","10","","0","","","","","","","",""
"15000963","0","0","270","","10","5","90000227","0","0","17005175","17003515","0","15000964","(76000640,50)","(90052086)","0","82010878","90052086","71000001","(59690,163970,1538)","","(60220,166090,1538)","","","","","0","1","2529700","0","","","","1","","","","","","","","","10","","0","","","","","","","",""
"15000964","0","1","270","","10","6","90000629","0","0","17005175","17005058","","15000965","","(90052086)","","82010879","90052086","71000001","(61830,166925,1538)","","(61830,166925,1538)","","","","","0","1","2551000","0","70501007","","","1","","","","","","","","","10","","0","","","","","","","",""
"15000965","0","0","270","","10","7","90000228","0","0","17005175","17003516","0","15000966","(76000641,1)","(90052086)","0","82010879","90052086","71000001","(61830,166925,1538)","","(61830,166925,1538)","","76000634","","","0","1","2572400","0","","","","1","","","","","","","","","10","","0","","","","","","","",""
"15000966","0","1","270","","10","8","90000229","0","0","17005175","17003522","0","15000967","","(90052086)","0","82010880","90052086","71000001","(61830,167500,1538)","","(61830,167500,1538)","","","","","0","1","2593900","0","","","","1","","","","","","","","","10","","0","","","","","","","",""
"15000967","0","1","270","","10","9","90000230","0","0","17005175","17003534","0","15000968","","(90052086)","0","82010881","90052086","71000001","(58760,170249,1538)","","(58760,170249,1538)","","","","","0","1","2615500","0","","","","1","","","","","","","","","10","","0","","","","","","","",""
"15000968","0","1","270","","10","10","90000231","0","0","17005175","17003543","0","15000969","","(90052086)","0","82010882","90052086","71000001","(59279,173542,1549)","","(59279,173542,1549)","","","","","0","1","2637200","0","70501007","(11,500)","","1","","","","","","","","","10","","0","","","","","","","",""
"15000969","0","1","270","","11","0","90000232","0","0","17005175","17003553","0","15000970","","(90052087)","0","82010897","90052087","71000001","(86850,166380,138)","","(86850,166380,138)","","","","","0","1","2659000","0","","","","1","","","","","","","","","10","","0","","","","","","","",""
"15000970","0","0","280","","11","1","90000233","0","0","17005175","17003558","0","15000971","(76000661,50)","(90052087)","0","82010898","90052087","71000001","(86899,162539,138)","","(87650,159460,138)","","","","","0","1","2680900","0","","","","1","","","","","","","","","10","","0","","","","","","","",""
"15000971","0","0","280","","11","2","90000234","0","0","17005175","17003562","0","15000972","(76000662,50)","(90052087)","0","82010899","90052087","71000001","(89701,158116,141)","","(91799,157499,138)","","","","","0","1","2702900","0","","","","1","","","","","","","","","10","","0","","","","","","","",""
"15000972","0","1","280","","11","3","90000235","0","0","17005175","17003566","0","15000973","","(90052087)","0","82010900","90052087","71000001","(91532,155622,166)","","(91532,155622,166)","","","","","0","1","2725000","0","","","","1","","","","","","","","","10","","0","","","","","","","",""
"15000973","0","0","280","","11","4","90000236","0","0","17005175","17003569","0","15000974","(76000663,50)","(90052087)","0","82010901","90052087","71000001","(94159,155740,138)","","(94401,153469,139)","","","","","0","1","2747200","0","70501007","","","1","","","","","","","","","10","","0","","","","","","","",""
"15000974","0","1","280","","11","5","90000237","0","0","17005175","17003570","0","15000975","","(90052087)","0","82010898","90052087","71000001","(87650,159460,138)","","(87650,159460,138)","","","","","0","1","2769500","0","","","","1","","","","","","","","","10","","0","","","","","","","",""
"15000975","0","1","280","","11","6","90000238","0","0","17005175","17003574","0","15000976","","(90052087)","0","82010902","90052087","71000001","(90354,159125,163)","","(90354,159125,163)","","","","","0","1","2791900","0","","","","1","","","","","","","","","10","","0","","","","","","","",""
"15000976","0","0","280","","11","7","90000239","0","0","17005175","17003579","0","15000977","(76000662,50)","(90052087)","0","82010903","90052087","71000001","(89701,158116,141)","","(96740,155480,138)","","","","","0","1","2814400","0","","","","1","","","","","","","","","10","","0","","","","","","","",""
"15000977","0","6","280","","11","8","90000240","0","0","17005175","17003585","0","15000978","(76001153,15)","(90052087)","0","82010903","90052087","71000001","(97360,156880,138)","","(96740,155480,138)","","","","","0","1","2837000","0","70501007","","","1","25","90000056","","","","","","","10","","0","","","","","","","",""
"15000978","0","1","280","","11","9","90000241","0","0","17005175","17003587","0","15000979","","(90052087)","0","82010904","90052087","71000001","(99520,159280,138)","","(99520,159280,138)","","","","","0","1","2859700","0","","","","1","","","","","","","","","10","","0","","","","","","","",""
"15000979","0","0","280","","11","10","90000242","0","0","17005175","17003589","0","15000980","(76000664,1)","(90052087)","0","82010904","90052087","71000001","(102776,158962,262)","1","(99520,159280,138)","","","","","0","1","2882500","0","","","","1","","","","","","","","","10","","0","","","","","","","",""
"15000980","0","0","280","","11","11","90000243","0","0","17005175","17003591","0","15000981","(76000665,50)","(90052087)","0","82010905","90052087","71000001","(89140,160669,138)","1","(89760,161919,138)","","","","","0","1","2905400","0","","","","1","","","","","","","","","10","","0","","","","","","","",""
"15000981","0","0","280","","11","12","90000244","0","0","17005175","17003593","0","15000982","(76000661,50)","(90052087)","0","82010897","90052087","71000001","(86899,162539,138)","","(86850,166380,138)","","","","","0","1","2928400","0","","","","1","","","","","","","","","10","","0","","","","","","","",""
"15000982","0","1","280","","11","13","90000245","0","0","17005175","17003598","0","15000983","","(90052087)","0","82010906","90052087","71000001","(87770,165710,138)","","(87770,165710,138)","","","","","0","1","2951500","0","70501007","","","1","","","","","","","","","10","","0","","","","","","","",""
"15000983","0","1","280","","11","14","90000246","0","0","17005175","17003600","0","15000984","","(90052087)","0","82010906","90052087","71000001","(87770,165710,138)","","(87770,165710,138)","","","","","0","1","2974700","0","","","","1","","","","","","","","","10","","0","","","","","","","",""
"15000984","0","1","280","","11","15","90000247","0","0","17005175","17003608","0","15000985","","(90052087)","0","82010907","90052087","71000001","(92270,160340,138)","","(92270,160340,138)","","","","","0","1","2998000","0","","","","1","","","","","","","","","10","","0","","","","","","","",""
"15000985","0","0","280","","11","16","90000248","0","0","17005175","17003611","0","15000986","(76000666,50)","(90052087)","0","82010908","90052087","71000001","(94229,160840,88)","","(96917,162718,260)","","","","","0","1","3021400","0","","","","1","","","","","","","","","10","","0","","","","","","","",""
"15000986","0","0","280","","11","17","90000249","0","0","17005175","17003615","0","15000987","(76000667,1)","(90052087)","0","82010909","90052087","71000001","(98668,162673,384)","","(98706,162778,383)","","","","","0","1","3044900","0","70501007","","","1","","","","","","","","","10","","0","","","","","","","",""
"15000987","0","0","280","","11","18","90000250","0","0","17005175","17003616","0","15000988","(76000668,1)","(90052087)","0","82010910","90052087","71000001","(99732,164686,602)","","(99735,164799,610)","","","","","0","1","3068500","0","","","","1","","","","","","","","","10","","0","","","","","","","",""
"15000988","0","0","280","","11","19","90000251","0","0","17005175","17003617","0","15000989","(76000669,1)","(90052087)","0","82010911","90052087","71000001","(97931,165259,692)","","(97847,165273,705)","","","","","0","1","3092200","0","","","","1","","","","","","","","","10","","0","","","","","","","",""
"15000989","0","1","290","","11","20","90000252","0","0","17005175","17003618","0","15000990","","(90052087)","0","82010912","90052087","71000001","(98038,165989,735)","","(98038,165989,735)","","","","","0","1","3116000","0","","","","1","","","","","","","","","10","","0","","","","","","","",""
"15000990","0","1","290","","11","21","90000253","0","0","17005175","17003621","0","15000991","","(90052087)","0","82010913","90052087","71000001","(96741,164803,878)","","(96741,164803,878)","","","","","0","1","3139900","0","","","","1","","","","","","","","","10","","0","","","","","","","",""
"15000991","0","1","290","","11","22","90000254","0","0","17005175","17003623","0","15000992","","(90052087)","0","82010914","90052087","71000001","(95749,163731,908)","","(95749,163731,908)","","","","","0","1","3163900","0","70501007","","","1","","","","","","","","","10","","0","","","","","","","",""
"15000992","0","1","290","","11","23","90000255","0","0","17005175","17003627","0","15000993","","(90052087)","0","82010915","90052087","71000001","(99176,165949,580)","","(99176,165949,580)","","","","","0","1","3188000","0","","","","1","","","","","","","","","10","","0","","","","","","","",""
"15000993","0","0","290","","11","24","90000256","0","0","17005175","17003629","0","15000994","(76004148,1)","(90052087)","0","82010906","90052087","71000001","(94229,160840,188)","","(87770,165710,138)","","","","","0","1","3212200","0","","","","1","","","","","","","","","10","","0","","","","","","","",""
"15000994","0","1","290","","11","25","90000257","0","0","17005175","17003634","0","15000995","","(90052087)","0","82010914","90052087","71000001","(95749,163731,908)","","(95749,163731,908)","","","","","0","1","3236500","0","","","","1","","","","","","","","","10","","0","","","","","","","",""
"15000995","0","0","290","","11","26","90000258","0","0","17005175","17003636","0","15000996","(76000670,1)","(90052087)","0","82010914","90052087","71000001","(93692,164807,920)","","(95749,163731,908)","","","","","0","1","3260900","0","","","","1","","","","","","","","","10","","0","","","","","","","",""
"15000996","0","1","290","","11","27","90000259","0","0","17005175","17003640","0","15000997","","(90052087)","0","82012166","90052087","71000001","(93000,169830,1228)","","(93000,169830,1228)","","","","","0","1","3285400","0","","","","1","","","","","","","","","10","","0","","","","","","","",""
"15000997","0","0","290","","11","28","90000260","0","0","17005175","17003646","0","15000998","(76000671,1)","(90052087)","0","82012413","90052087","71000001","(93000,169830,1228)","","(93000,169830,1228)","","76001154","","","0","1","3310000","0","","","","1","","","","","","","","","10","","0","","","","","","","",""
"15000998","0","1","290","","11","29","90000261","0","0","17005175","17003651","0","15000999","","(90052087)","0","82012413","90052087","71000001","(93000,169830,1228)","","(93000,169830,1228)","","","","","0","1","3334700","0","70501007","","","1","","","","","","","","","10","","0","","","","","","","",""
"15000999","0","4","290","","11","30","90000262","0","0","17005175","17003657","0","15001000","","(90052087)","0","82010906","90052087","71000001","(87770,165710,138)","","(87770,165710,138)","","","","(49690,66280,3128)","0","1","3359500","0","","","","1","","","","","","","","","10","","0","","","","","","","",""
"15001000","0","1","290","","11","31","90000263","0","0","17005175","17003664","0","15001001","","(90052087)","0","82010467","90052004","71000001","(52709,66289,3098)","","(52709,66289,3098)","","","","","0","1","3384500","0","","","","1","","","","","","","","","10","","0","","","","","","","",""
"15001001","0","1","290","","11","32","90000264","0","0","17005175","17003671","0","15001002","","(90052087)","0","82010467","90052004","71000001","(52709,66289,3098)","","(52709,66289,3098)","","","","","0","1","3409700","0","","","","1","","","","","","","","","10","","0","","","","","","","",""
"15001002","0","1","290","","11","33","90000265","0","0","17005175","17003680","0","15001003","","(90052087)","0","82012618","90052004","71000001","(72078,66270,4458)","","(72078,66270,4458)","","","","","0","1","3435000","0","70501007","","","1","","","","","","","","","10","","0","","","","","","","",""
"15001003","0","1","290","","11","34","90000266","0","0","17005175","17003685","0","15001004","","(90052087)","0","82010467","90052004","71000001","(52709,66289,3098)","","(52709,66289,3098)","","","","","0","1","3460400","0","","","","1","","","","","","","","","10","","0","","","","","","","",""
"15001004","0","1","300","","11","35","90000267","0","0","17005175","17003688","0","15001005","(0,301)","(90052087)","0","82012167","90052004","71000001","(72330,62340,4448)","","(72330,62340,4448)","","","","","0","1","3486000","0","","","","1","","","","","","","","","10","","0","","","","","","","",""
"15001005","0","4","300","","11","36","90000268","0","0","17005175","17003694","0","15001006","","(90052087)","0","82010484","90052004","71000001","(66240,63490,4458)","","(66240,63490,4458)","","","","(56405,192317,5571)","0","1","3511800","0","","(11,500)","","1","","","","","","","","","10","","0","","","","","","","",""
"15001006","0","1","300","","12","0","90000269","0","0","17005175","17003698","0","15001007","","(90052088)","0","82010954","90052088","71000001","(55844,194076,5621)","","(55844,194076,5621)","","","","","0","1","3537700","0","70501007","","","1","","","(71020022,71020023,71020024)","","","","","","10","","0","","","","","","","",""
"15001007","0","0","300","","12","1","90000270","0","0","17005175","17003700","0","15001008","(76000679,60)","(90052088)","0","82010956","90052088","71000001","(59112,193368,5550)","","(59781,194520,5857)","","","","","0","1","3563700","0","","","","1","","","","","","","","","10","","0","","","","","","","",""
"15001008","0","0","300","","12","2","90000271","0","0","17005175","17003703","0","15001009","(76000680,60)","(90052088)","0","82010957","90052088","71000001","(58391,197827,6416)","","(60128,201139,6392)","","","","","0","1","3589900","0","0","","","1","","","","","","","","","10","","0","","","","","","","",""
"15001009","0","1","300","","12","3","90000272","0","0","17005175","17003707","0","15001010","","(90052088)","0","82010958","90052088","71000001","(56597,205264,6543)","","(56597,205264,6543)","","","","","0","1","3616300","0","0","","","1","","","","","","","","","10","","0","","","","","","","",""
"15001010","0","0","300","","12","4","90000273","0","0","17005175","17003713","0","15001011","(76000681,60)","(90052088)","0","82010959","90052088","71000001","(58653,208708,6580)","","(62442,211379,6419)","","","","","0","1","3642800","0","0","","","1","","","","","","","","","10","","0","","","","","","","",""
"15001011","0","1","300","","12","5","90000274","0","0","17005175","17003715","0","15001012","","(90052088)","0","82010958","90052088","71000001","(56597,205264,6543)","","(56597,205264,6543)","","","","","0","1","3669400","0","0","","","1","","","","","","","","","10","","0","","","","","","","",""
"15001012","0","4","300","","12","6","90000275","0","0","17005175","17003720","0","15001013","","(90052088)","0","82010954","90052088","71000001","(55844,194076,5621)","","(55844,194076,5621)","","","","(201149,151539,4598)","0","1","3696200","0","0","","","1","","","","","","","","","10","","0","","","","","","","",""
"15001013","0","1","310","","13","0","90000276","0","0","17005175","17003724","0","15001014","","(90052089)","0","82010979","90052089","71000001","(201110,154030,4598)","","(201110,154030,4598)","","","","","0","1","3723200","0","0","","","1","","","","","","","","","10","","0","","","","","","","",""
"15001014","0","1","310","","13","1","90000277","0","0","17005175","17003727","0","15001015","","(90052089)","0","82010980","90052089","71000001","(200380,158040,4668)","","(200380,158040,4668)","","","","","0","1","3750300","0","0","","","1","","","","","","","","","10","","0","","","","","","","",""
"15001015","0","1","310","","13","2","90000278","0","0","17005175","17003729","0","15001016","","(90052089)","0","82010981","90052089","71000001","(201320,158690,4678)","","(201320,158690,4678)","","","","","0","1","3777500","0","0","","","1","","","","","","","","","10","","0","","","","","","","",""
"15001016","0","1","310","","13","3","90000279","0","0","17005175","17003733","0","15001017","","(90052089)","0","82010982","90052089","71000001","(202136,159234,4678)","","(202136,159234,4678)","","","","","0","1","3804900","0","0","","","1","","","","","","","","","10","","0","","","","","","","",""
"15001017","0","1","310","","13","4","90000280","0","0","17005175","17003734","0","15001018","","(90052089)","0","82010983","90052089","71000001","(203164,159910,4678)","","(203164,159910,4678)","","","","","0","1","3832500","0","0","","","1","","","","","","","","","10","","0","","","","","","","",""
"15001018","0","1","310","","13","5","90000281","0","0","17005175","17003738","0","15001019","","(90052089)","0","82010984","90052089","71000001","(204460,160380,4678)","","(204460,160380,4678)","","","","","0","1","3860200","0","0","","","1","","","","","","","","","10","","0","","","","","","","",""
"15001019","0","1","310","","13","6","90000282","0","0","17005175","17003743","0","15001020","","(90052089)","0","82010986","90052089","71000001","(205139,161200,4768)","","(205139,161200,4768)","","","","","0","1","3888000","0","0","","","1","","","","","","","","","10","","0","","","","","","","",""
"15001020","0","1","310","","13","7","90000283","0","0","17005175","17003746","0","15001021","","(90052089)","0","82010985","90052089","71000001","(204119,160898,4678)","","(204119,160898,4678)","","","","","0","1","3916000","0","0","","","1","","","","","","","","","10","","0","","","","","","","",""
"15001021","0","1","310","","13","8","90000284","0","0","17005175","17003750","0","15001022","","(90052089)","0","82010987","90052089","71000001","(199680,158400,4668)","","(199680,158400,4668)","","","","","0","1","3944200","0","0","","","1","","","","","","","","","10","","0","","","","","","","",""
"15001022","0","1","310","","13","9","90000285","0","0","17005175","17003753","0","15001023","","(90052089)","0","82010987","90052089","71000001","(199680,158400,4668)","","(199680,158400,4668)","","","","","0","1","3972500","0","0","","","1","","","","","","","","","10","","0","","","","","","","",""
"15001023","0","0","310","","13","10","90000286","0","0","17005175","17003759","0","15001024","(76000711,60)","(90052089)","0","82010988","90052089","71000001","(196451,159560,4641)","","(197869,165529,4638)","","","","","0","1","4000900","0","0","","","1","","","","","","","","","10","","0","","","","","","","",""
"15001024","0","0","310","","13","11","90000287","0","0","17005175","17003764","0","15001025","(76000712,60)","(90052089)","0","82010989","90052089","71000001","(193233,163271,4704)","","(192191,170459,4658)","","","","","0","1","4029500","0","0","","","1","","","","","","","","","10","","0","","","","","","","",""
"15001025","0","6","310","","13","12","90000288","0","0","17005175","17003769","0","15001026","(76000713,20)","(90052089)","0","82010989","90052089","71000001","(190760,166610,4728)","","(192191,170459,4658)","","","","","0","1","4058300","0","0","","","1","100","90000057","","","","","","","10","","0","","","","","","","",""
"15001026","0","1","310","","13","13","90000289","0","0","17005175","17003774","0","15001027","","(90052089)","0","82011097","90052089","71000001","(190714,171762,4638)","","(190714,171762,4638)","","","","","0","1","4087200","0","0","","","1","","","","","","","","","10","","0","","","","","","","",""
"15001027","0","0","310","","13","14","90000290","0","0","17005175","17003776","0","15001028","(76000714,60)","(90052089)","0","82010990","90052089","71000001","(188810,170390,4628)","","(186799,171571,4628)","","","","","0","1","4116200","0","0","","","1","","","","","","","","","10","","0","","","","","","","",""
"15001028","0","0","310","","13","15","90000291","0","0","17005175","17003780","0","15001029","(76000715,60)","(90052089)","0","82010991","90052089","71000001","(188200,174560,4628)","","(189722,175503,4727)","","","","","0","1","4145400","0","0","","","1","","","","","","","","","10","","0","","","","","","","",""
"15001029","0","0","320","","13","16","90000292","0","0","17005175","17003783","0","15001030","(76000716,60)","(90052089)","0","82010992","90052089","71000001","(188640,177050,4628)","","(184868,176799,4748)","","","","","0","1","4174800","0","0","","","1","","","","15001116","(15030067)","","","","10","","0","","","","","","","",""
"15001030","0","0","320","","13","17","90000293","0","0","17005175","17003786","0","15001031","(76000717,60)","(90052089)","0","82010993","90052089","71000001","(186480,176910,4628)","","(187430,176080,4628)","","","","","0","1","4204300","0","0","","","1","","","","","","","","","10","","0","","","","","","","",""
"15001031","0","0","320","","13","18","90000294","0","0","17005175","17003790","0","15001032","(76000718,60)","(90052089)","0","82010994","90052089","71000001","(185390,175330,4628)","","(185207,174293,4628)","","","","","0","1","4233900","0","0","","","1","","","","","","","","","10","","0","","","","","","","",""
"15001032","0","1","320","","13","19","90000295","0","0","17005175","17003796","0","15001033","","(90052089)","0","82010995","90052089","71000001","(185230,172779,4628)","","(185230,172779,4628)","","","","","0","1","4263700","0","0","","","1","","","","","","","","","10","","0","","","","","","","",""
"15001033","0","0","320","","13","20","90000296","0","0","17005175","17003798","0","15001034","(76000719,60)","(90052089)","0","82010995","90052089","71000001","(183672,172421,4629)","","(185230,172779,4628)","","","","","0","1","4293700","0","0","","","1","","","","","","","","","10","","0","","","","","","","",""
"15001034","0","0","320","","13","21","90000297","0","0","17005175","17003799","0","15001035","(76000720,60)","(90052089)","0","82012168","90052089","71000001","(183046,174473,4618)","","(181572,174455,4661)","","","","","0","1","4323800","0","0","","","1","","","","","","","","","10","","0","","","","","","","",""
"15001035","0","1","320","","13","22","90000298","0","0","17005175","17003801","0","15001036","","(90052089)","0","82010992","90052089","71000001","(184868,176799,4748)","","(184868,176799,4748)","","","","","0","1","4354000","0","0","","","1","","","","","","","","","10","","0","","","","","","","",""
"15001036","0","0","320","","13","23","90000299","0","0","17005175","17003803","0","15001037","(76000721,60)","(90052089)","0","82010996","90052089","71000001","(183210,180049,5088)","","(182863,178687,5088)","","","","","0","1","4384400","0","0","","","1","","","","","","","","","10","","0","","","","","","","",""
"15001037","0","1","320","","13","24","90000300","0","0","17005175","17003806","0","15001038","","(90052089)","0","82010997","90052089","71000001","(180222,179906,5120)","","(180222,179906,5120)","","","","","0","1","4415000","0","0","","","1","","","","","","","","","10","","0","","","","","","","",""
"15001038","0","1","320","","13","25","90000301","0","0","17005175","17003809","0","15001039","","(90052089)","0","82010998","90052089","71000001","(180219,177650,5088)","","(180219,177650,5088)","","","","","0","1","4445700","0","70501024","","","1","","","","","","","","","10","","0","","","","","","","",""
"15001039","0","0","330","","13","26","90000302","0","0","17005175","17003812","0","15001040","(76000722,60)","(90052089)","0","82010999","90052089","71000001","(178259,177559,5078)","","(177576,176507,5061)","","","","","0","1","4476500","0","0","","","1","","","","","","","","","10","","0","","","","","","","",""
"15001040","0","1","330","","13","27","90000303","0","0","17005175","17003814","0","15001041","","(90052089)","0","82011000","90052089","71000001","(177989,175519,5061)","","(177989,175519,5061)","","","","","0","1","4507500","0","0","","","1","","","","","","","","","10","","0","","","","","","","",""
"15001041","0","0","330","","13","28","90000304","0","0","17005175","17003816","0","15001042","(76000723,60)","(90052089)","0","82011001","90052089","71000001","(177893,179658,5071)","","(176109,180149,5068)","","","","","0","1","4538700","0","0","","","1","","","","","","","","","10","","0","","","","","","","",""
"15001042","0","1","330","","13","29","90000305","0","0","17005175","17003819","0","15001043","","(90052089)","0","82011002","90052089","71000001","(175991,180593,5068)","","(175991,180593,5068)","","","","","0","1","4570000","0","0","","","1","","","","","","","","","10","","0","","","","","","","",""
"15001043","0","1","330","","13","30","90000306","0","0","17005175","17003824","0","15001044","","(90052089)","0","82010998","90052089","71000001","(180219,177650,5088)","","(180219,177650,5088)","","","","","0","1","4601400","0","0","","","1","","","","","","","","","10","","0","","","","","","","",""
"15001044","0","0","330","","13","31","90000307","0","0","17005175","17003827","0","15001045","(76000724,60)","(90052089)","0","82011003","90052089","71000001","(179160,179220,5088)","","(180789,179410,5088)","","","","","0","1","4633000","0","0","","","1","","","","","","","","","10","","0","","","","","","","",""
"15001045","0","1","330","","13","32","90000308","0","0","17005175","17003830","0","15001046","","(90052089)","0","82011004","90052089","71000001","(181409,182161,5088)","","(181409,182161,5088)","","","","","0","1","4664800","0","0","","","1","","","","","","","","","10","","0","","","","","","","",""
"15001046","0","0","330","","13","33","90000309","0","0","17005175","17003835","0","15001047","(76001157,1)","(90052089)","0","82012401","90052089","71000001","(181409,182161,5088)","","(181409,182161,5088)","","76000708","","","0","1","4696700","0","0","","","1","","","","","","","","","10","","0","","","","","","","",""
"15001047","0","0","330","","13","34","90000310","0","0","17005175","17003838","0","15001048","(76000720,60)","(90052089)","0","82011005","90052089","71000001","(183046,174473,4618)","","(175789,174579,4608)","","","","","0","1","4728700","0","0","(11,500)","","1","","","","","","","","","10","","0","","","","","","","",""
"15001048","0","1","330","","14","0","90000311","0","0","17005175","17003845","0","15001049","","(90052089)","0","82011006","90052089","71000001","(175055,169607,4598)","","(175055,169607,4598)","","","","","0","1","4760900","0","0","","","1","","","","","","","","","10","","0","","","","","","","",""
"15001049","0","1","340","","14","1","90000312","0","0","17005175","17003849","0","15001050","","(90052090)","0","82011098","90052090","71000001","(164664,149495,1778)","","(164664,149495,1778)","","","","","0","1","4793300","0","0","","","1","","","","","","","","","10","","0","","","","","","","",""
"15001050","0","0","340","","14","2","90000313","0","0","17005175","17003852","0","15001051","(76001158,1)","(90052090)","0","82012415","90052090","71000001","(164664,149495,1778)","","(164664,149495,1778)","","76000728","","","0","1","4825800","0","0","","","1","","","","","","","","","10","","0","","","","","","","",""
"15001051","0","1","340","","14","3","90000314","0","0","17005175","17003857","0","15001052","","(90052090)","0","82011100","90052090","71000001","(166810,150030,1778)","","(166810,150030,1778)","","","","","0","1","4858400","0","0","","","1","","","","","","","","","10","","0","","","","","","","",""
"15001052","0","0","340","","14","4","90000315","0","0","17005175","17003861","0","15001053","(76000749,60)","(90052090)","0","82011101","90052090","71000001","(168520,146670,1798)","","(166999,144170,1778)","","","","","0","1","4891200","0","0","","","1","","","","","","","","","10","","0","","","","","","","",""
"15001053","0","0","340","","14","5","90000316","0","0","17005175","17003864","0","15001054","(76000750,60)","(90052090)","0","82011102","90052090","71000001","(165270,141610,1778)","","(162381,140009,1778)","","","","","0","1","4924200","0","0","","","1","","","","","","","","","10","","0","","","","","","","",""
"15001054","0","1","340","","14","6","90000317","0","0","17005175","17003866","0","15001055","","(90052090)","0","82012185","90052090","71000001","(157193,147070,1638)","","","","","","","0","1","4957300","0","0","","","1","","","","","","","","","10","","0","","","","","","","",""
"15001055","0","1","340","","14","7","90000318","0","0","17005175","17003873","0","15001056","","(90052090)","0","82012186","90052090","71000001","(157500,145549,1428)","","","","","","","0","1","4990500","0","0","","","1","","","","","","","","","10","","0","","","","","","","",""
"15001056","0","0","340","","14","8","90000319","0","0","17005175","17003876","0","15001057","(76000757,1)","(90052090)","0","82012402","90052090","71000001","(155799,144470,1418)","","","","","","","0","1","5023900","0","0","","","1","","","","","","","","","10","","0","","","","","","","",""
"15001057","0","1","340","","14","9","90000320","0","0","17005175","17003879","0","15001058","","(90052090)","0","82012185","90052090","71000001","(157193,147070,1638)","","","","","","","0","1","5057500","0","0","","","1","","","","","","","","","10","","0","","","","","","","",""
"15001058","0","1","340","","14","10","90000321","0","0","17005175","17003882","0","15001059","","(90052090)","0","82012187","90052090","71000001","(155771,146556,1428)","","","","","","","0","1","5091200","0","0","","","1","","","","","","","","","10","","0","","","","","","","",""
"15001059","0","0","350","","14","11","90000322","0","0","17005175","17003885","0","15001060","(76000758,1)","(90052090)","0","82012403","90052090","71000001","(155146,144003,1418)","","","","","","","0","1","5125000","0","70502035","","","1","","","","","","","","","10","","0","","","","","","","",""
"15001060","0","1","350","","14","12","90000323","0","0","17005175","17003887","0","15001061","","(90052090)","0","82012185","90052090","71000001","(157193,147070,1638)","","","","","","","0","1","5159000","0","0","","","1","","","","","","","","","10","","0","","","","","","","",""
"15001061","0","1","350","","14","13","90000324","0","0","17005175","17003890","0","15001062","","(90052090)","0","82012188","90052090","71000001","(156562,145939,1428)","","","","","","","0","1","5193200","0","0","","","1","","","","","","","","","10","","0","","","","","","","",""
"15001062","0","0","350","","14","14","90000325","0","0","17005175","17003893","0","15001063","(76000759,1)","(90052090)","0","82012404","90052090","71000001","(155999,144670,1418)","","","","","","","0","1","5227500","0","0","","","1","","","","","","","","","10","","0","","","","","","","",""
"15001063","0","1","350","","14","15","90000326","0","0","17005175","17003895","0","15001064","","(90052090)","0","82012185","90052090","71000001","(157193,147070,1638)","","","","","","","0","1","5261900","0","0","","","1","","","","","","","","","10","","0","","","","","","","",""
"15001064","0","0","350","","14","16","90000327","0","0","17005175","17003900","0","15001065","(76000751,60)","(90052090)","0","82011102","90052090","71000001","(160720,138320,1778)","","(162381,140009,1778)","","","","","0","1","5296500","0","0","","","1","","","","","","","","","10","","0","","","","","","","",""
"15001065","0","0","350","","14","17","90000328","0","0","17005175","17003905","0","15001066","(76000752,60)","(90052090)","0","82011103","90052090","71000001","(161090,132709,1778)","","(157710,129990,1778)","","","","","0","1","5331300","0","0","","","1","","","","","","","","","10","","0","","","","","","","",""
"15001066","0","1","350","","14","18","90000329","0","0","17005175","17003908","0","15001067","","(90052090)","0","82011104","90052090","71000001","(165069,131279,1778)","","(165069,131279,1778)","","","","","0","1","5366200","0","0","","","1","","","","","","","","","10","","0","","","","","","","",""
"15001067","0","0","350","","14","19","90000330","0","0","17005175","17003911","0","15001068","(76001163,60)","(90052090)","0","82012189","90052090","71000001","(164297,125598,1440)","","","","","","","0","1","5401200","0","0","","","1","","","","","","","","","10","","0","","","","","","","",""
"15001068","0","0","350","","14","20","90000331","0","0","17005175","17003914","0","15001069","(76001164,60)","(90052090)","0","82012190","90052090","71000001","(162950,122599,1448)","","","","","","","0","1","5436400","0","0","","","1","","","","","","","","","10","","0","","","","","","","",""
"15001069","0","0","350","","14","21","90000332","0","0","17005175","17003916","0","15001070","(76001165,60)","(90052090)","0","82012191","90052090","71000001","(165719,122329,1448)","","","","","","","0","1","5471800","0","0","","","1","","","","","","","","","10","","0","","","","","","","",""
"15001070","0","1","360","","14","22","90000333","0","0","17005175","17003919","0","15001071","(76001166,80)","(90052090)","0","82011104","90052090","71000001","(166560,127159,1448)","","(165069,131279,1778)","","","","","0","1","5507300","0","0","","","1","","","(71020025,71020026,71020027)","","","","","","10","","0","","","","","","","",""
"15001071","0","0","360","","14","23","90000334","0","0","17005175","17003921","0","15001072","(76000753,60)","(90052090)","0","82011105","90052090","71000001","(167070,133669,1778)","","(169472,133090,1778)","","","","","0","1","5542900","0","0","","","1","","","","","","","","","10","","0","","","","","","","",""
"15001072","0","0","360","","14","24","90000335","0","0","17005175","17003924","0","15001073","(76000754,60)","(90052090)","0","82011106","90052090","71000001","(171890,133190,1778)","","(173596,133340,1780)","","","","","0","1","5578700","0","0","","","1","","","","","","","","","10","","0","","","","","","","",""
"15001073","0","1","360","","14","25","90000336","0","0","17005175","17003927","0","15001074","","(90052090)","0","82011107","90052090","71000001","(168740,135350,1778)","","(168740,135350,1778)","","","","","0","1","5614700","0","0","","","1","","","","","","","","","10","","0","","","","","","","",""
"15001074","0","0","360","","14","26","90000337","0","0","17005175","17003931","0","15001075","(76000755,1)","(90052090)","0","82012405","90052090","71000001","(168740,135350,1778)","","(168740,135350,1778)","","76000744","","","0","1","5650800","0","0","","","1","","","","","","","","","10","","0","","","","","","","",""
"15001075","0","1","360","","14","27","90000338","0","0","17005175","17003933","0","15001076","","(90052090)","0","82011108","90052090","71000001","(166607,137344,1794)","","(166607,137344,1794)","","","","","0","1","5687000","0","0","","","1","","","","","","","","","10","","0","","","","","","","",""
"15001076","0","0","360","","14","28","90000339","0","0","17005175","17003935","0","15001077","(76000756,1)","(90052090)","0","82012406","90052090","71000001","(166700,137100,1778£©","","(166800,137000,1778£©","","","","","0","1","5723400","0","0","","","1","","","","","","","","","10","","0","","","","","","","",""
"15001077","0","1","360","","14","29","90000340","0","0","17005175","17003940","0","15001078","","(90052090)","0","82011109","90052090","71000001","(166464,136957,1778)","","(166464,136957,1778)","","","","","0","1","5760000","0","0","","","1","","","","","","","","","10","","0","","","","","","","",""
"15001078","0","0","360","","14","30","90000341","0","0","17005175","17003944","0","15001079","(76000750,60)","(90052090)","0","82011110","90052090","71000001","(165270,141610,1778)","","(169053,142699,1804)","","","","","0","1","5796700","0","0","","","1","","","","","","","","","10","","0","","","","","","","",""
"15001079","0","1","360","","14","31","90000342","0","0","17005175","17003949","0","15001080","","(90052090)","0","82011111","90052090","71000001","(169130,141630,1778)","","(169130,141630,1778)","","","","","0","1","5833500","0","0","(11,500)","","1","","","","","","","","","10","","0","","","","","","","",""
"15001080","0","1","370","","15","0","90000343","0","0","17005175","17003955","0","15001081","","(90052091)","0","82011150","90052091","71000001","(155039,179669,2108)","","(155039,179669,2108)","","","","","0","1","5870500","0","0","","","1","","","","","","","","","10","","0","","","","","","","",""
"15001081","0","0","370","","15","1","90000344","0","0","17005175","17003960","0","15001082","(76000789,60)","(90052091)","0","82011151","90052091","71000001","(153990,177420,2098)","","(152625,172637,2148)","","","","","0","1","5907700","0","0","","","1","","","","","","","","","10","","0","","","","","","","",""
"15001082","0","6","370","","15","2","90000345","0","0","17005175","17003963","0","15001083","(76000790,20)","(90052091)","0","82011152","90052091","71000001","(149151,172785,2171)","","(148399,171367,2129)","","","","","0","1","5945000","0","0","","","1","25","90000058","","","","","","","10","","0","","","","","","","",""
"15001083","0","0","370","","15","3","90000346","0","0","17005175","17003966","0","15001084","(76000791,60)","(90052091)","0","82011153","90052091","71000001","(147500,176669,2098)","","(150152,180606,2171)","","","","","0","1","5982400","0","0","","","1","","","","","","","","","10","","0","","","","","","","",""
"15001084","0","1","370","","15","4","90000347","0","0","17005175","17003971","0","15001085","","(90052091)","0","82011154","90052091","71000001","(147780,180398,2229)","","(147780,180398,2229)","","","","","0","1","6020000","0","0","","","1","","","","","","","","","10","","0","","","","","","","",""
"15001085","0","0","370","","15","5","90000348","0","0","17005175","17003975","0","15001086","(76000792,60)","(90052091)","0","82011155","90052091","71000001","(142619,180369,2138)","","(140610,183890,2178)","","","","","0","1","6057800","0","0","","","1","","","","","","","","","10","","0","","","","","","","",""
"15001086","0","0","370","","15","6","90000669","0","0","17005175","17003976","","15001087","(76000793,60)","(90052091)","","82011156","90052091","71000001","(138629,182390,2178)","","(134222,181331,2283)","","","","","0","1","6095700","0","0","","","1","","","","","","","","","10","","0","","","","","","","",""
"15001087","0","1","370","","15","7","90000349","0","0","17005175","17003984","0","15001088","","(90052091)","0","82011157","90052091","71000001","(131405,179823,2344)","","(131405,179823,2344)","","","","","0","1","6133700","0","0","","","1","","","","","","","","","10","","0","","","","","","","",""
"15001088","0","0","370","","15","8","90000350","0","0","17005175","17003986","0","15001089","(76000794,60)","(90052091)","0","82011158","90052091","71000001","(129444,182283,2179)","","(126953,184666,2178)","","","","","0","1","6171900","0","0","","","1","","","","","","","","","10","","0","","","","","","","",""
"15001089","0","0","380","","15","9","90000351","0","0","17005175","17003989","0","15001090","(76000795,60)","(90052091)","0","82011159","90052091","71000001","(129766,177431,2425)","","(128698,174496,3010)","","","","","0","1","6210300","0","0","","","1","","","","","","","","","10","","0","","","","","","","",""
"15001090","0","0","380","","15","10","90000352","0","0","17005175","17003992","0","15001091","(76000796,60)","(90052091)","0","82011160","90052091","71000001","(128212,172516,3136)","","(126023,174332,2769)","","","","","0","1","6248800","0","0","","","1","","","","","","","","","10","","0","","","","","","","",""
"15001091","0","0","380","","15","11","90000353","0","0","17005175","17003993","0","15001092","(76004149,1)","(90052091)","0","82011161","90052091","71000001","(125139,175760,2588)","","(125889,177202,2539)","","","","","0","1","6287400","0","0","","","1","","","","","","","","","10","","0","","","","","","","",""
"15001092","0","1","380","","15","12","90000354","0","0","17005175","17003996","0","15001093","","(90052091)","0","82011162","90052091","71000001","(126393,176148,2564)","","(126393,176148,2564)","","","","","0","1","6326200","0","0","","","1","","","","","","","","","10","","0","","","","","","","",""
"15001093","0","1","380","","15","13","90000355","0","0","17005175","17004000","0","15001094","","(90052091)","0","82011163","90052091","71000001","(123950,177030,2538)","","(123950,177030,2538)","","","","","0","1","6365200","0","0","","","1","","","","","","","","","10","","0","","","","","","","",""
"15001094","0","1","380","","15","14","90000356","0","0","17005175","17004003","0","15001095","","(90052091)","0","82011164","90052091","71000001","(124700,177419,2538)","","(124700,177419,2538)","","","","","0","1","6404300","0","0","","","1","","","","","","","","","10","","0","","","","","","","",""
"15001095","0","1","380","","15","15","90000357","0","0","17005175","17004006","0","15001096","","(90052091)","0","82011161","90052091","71000001","(125889,177202,2539)","","(125889,177202,2539)","","","","","0","1","6443500","0","0","","","1","","","","","","","","","10","","0","","","","","","","",""
"15001096","0","1","380","","15","16","90000358","0","0","17005175","17004013","0","15001097","","(90052091)","0","82011165","90052091","71000001","(121140,180980,2178)","","(121140,180980,2178)","","","","","0","1","6482900","0","0","","","1","","","","","","","","","10","","0","","","","","","","",""
"15001097","0","0","380","","15","17","90000359","0","0","17005175","17004017","0","15001098","(76000794,60)","(90052091)","0","82011157","90052091","71000001","(129444,182283,2179)","","(131405,179823,2344)","","","","","0","1","6522500","0","0","","","1","","","","","","","","","10","","0","","","","","","","",""
"15001098","0","0","380","","15","18","90000360","0","0","17005175","17004020","0","15001099","(76000798,60)","(90052091)","0","82011167","90052091","71000001","(135371,177762,2760)","","(136809,178519,2748)","","","","","0","1","6562200","0","0","","","1","","","","","","","","","10","","0","","","","","","","",""
"15001099","0","1","390","","15","19","90000361","0","0","17005175","17004023","0","15001100","","(90052091)","0","82011168","90052091","71000001","(137949,176190,2748)","","(137949,176190,2748)","","","","","0","1","6602000","0","0","","","1","","","","","","","","","10","","0","","","","","","","",""
"15001100","0","1","390","","15","20","90000362","0","0","17005175","17004024","0","15001101","","(90052091)","0","82011167","90052091","71000001","(135371,177762,2760)","","(136809,178519,2748)","","","","","0","1","6642000","0","0","","","1","","","","","","","","","10","","0","","","","","","","",""
"15001101","0","1","390","","15","21","90000363","0","0","17005175","17004026","0","15001102","","(90052091)","0","82011169","90052091","71000001","(137202,174590,2759)","","(137202,174590,2759)","","","","","0","1","6682200","0","0","","","1","","","","","","","","","10","","0","","","","","","","",""
"15001102","0","1","390","","15","22","90000364","0","0","17005175","17004027","0","15001103","","(90052091)","0","82011167","90052091","71000001","(135371,177762,2760)","","(136809,178519,2748)","","","","","0","1","6722500","0","0","","","1","","","","","","","","","10","","0","","","","","","","",""
"15001103","0","0","390","","15","23","90000365","0","0","17005175","17004030","0","15001104","(76000798,60)","(90052091)","0","82011167","90052091","71000001","(135371,177762,2760)","","(136809,178519,2748)","","","","","0","1","6762900","0","0","","","1","","","","","","","","","10","","0","","","","","","","",""
"15001104","0","1","390","","15","24","90000366","0","0","17005175","17004033","0","15001105","","(90052091)","0","82011167","90052091","71000001","(136809,178519,2748)","","(136809,178519,2748)","","","","","0","1","6803500","0","0","","","1","","","","","","","","","10","","0","","","","","","","",""
"15001105","0","1","390","","15","25","90000367","0","0","17005175","17004038","0","15001106","","(90052091)","0","82011171","90052091","71000001","(135352,173534,2851)","","(135352,173534,2851)","","","","","0","1","6844300","0","0","","","1","","","","","","","","","10","","0","","","","","","","",""
"15001106","0","1","390","","15","26","90000368","0","0","17005175","17004040","0","15001107","","(90052091)","0","82011266","90052091","71000001","(136732,176906,2844)","","(136732,176906,2844)","","","","","0","1","6885200","0","0","","","1","","","","","","","","","10","","0","","","","","","","",""
"15001107","0","0","390","","15","27","90000369","0","0","17005175","17004042","0","15001108","(76000799,60)","(90052091)","0","82011172","90052091","71000001","(133845,175263,2782)","","(132336,174133,2863)","","","","","0","1","6926200","0","0","","","1","","","","","","","","","10","","0","","","","","","","",""
"15001108","0","0","390","","15","28","90000370","0","0","17005175","17004045","0","15001109","(76000800,60)","(90052091)","0","82011174","90052091","71000001","(132332,169247,3585)","","(132960,167400,3598)","","","","","0","1","6967400","0","0","","","1","","","","","","","","","10","","0","","","","","","","",""
"15001109","0","1","390","","15","29","90000371","0","0","17005175","17004049","0","15001110","","(90052091)","0","82011175","90052091","71000001","(133680,163400,3628)","","(133680,163400,3628)","","","","","0","1","7008800","0","0","","","1","","","","","","","","","10","","0","","","","","","","",""
"15001110","0","0","390","","15","30","90000372","0","0","17005175","17004054","0","15001111","(76000801,1)","(90052091)","0","82012414","90052091","71000001","(133680,163400,3628)","","(133680,163400,3628)","","76000787","","","0","1","7050300","0","0","","","1","","","","","","","","","10","","0","","","","","","","",""
"15001111","0","1","390","","15","31","90000373","0","0","17005175","17004058","0","15001112","","(90052091)","0","82011174","90052091","71000001","(132960,167400,3598)","","(132960,167400,3598)","","","","","0","1","7091900","0","0","","","1","","","","","","","","","10","","0","","","","","","","",""
"15001112","0","1","390","","15","32","90000374","0","0","17005175","17004060","0","15001113","","(90052091)","0","82011174","90052091","71000001","(132960,167400,3598)","","(132960,167400,3598)","","","","","0","1","7133700","0","0","","","1","","","","","","","","","10","","0","","","","","","","",""
"15001113","0","1","400","","15","33","90000375","0","0","17005175","17004064","0","15001114","(0,401)","(90052091)","0","82011176","90052091","71000001","(130952,170051,3588)","","(130952,170051,3588)","","","","","0","1","7175700","0","0","(11,500)","","1","","","","","","","","","10","","0","","","","","","","",""
"15001114","0","1","400","","16","0","90000376","0","0","17005175","17004068","0","15001115","","(90052092)","0","82011267","90052092","71000001","(131358,135344,1553)","","(131358,135344,1553)","","","","","0","1","7217800","0","0","","","1","","","","","","","","","10","","0","","","","","","","",""
"15001115","0","0","400","","16","1","90000377","0","0","17005175","17004073","0","15001116","(76000828,70)","(90052092)","0","82011268","90052092","71000001","(131024,132763,1692)","","(127220,130090,1678)","","","","","0","1","7260000","0","0","","","1","","","","","","","","","10","","0","","","","","","","",""
"15001116","0","0","400","","16","2","90000378","0","0","17005175","17004077","0","15001117","(76000829,70)","(90052092)","0","82011269","90052092","71000001","(124390,129690,1678)","","(119090,131379,1668)","","","","","0","1","7302400","0","0","","","1","","","","15001213","(15030068)","","","","10","","0","","","","","","","",""
"15001117","0","1","400","","16","3","90000379","0","0","17005175","17004081","0","15001118","","(90052092)","0","82011270","90052092","71000001","(122530,134420,2178)","","(122530,134420,2178)","","","","","0","1","7345000","0","0","","","1","","","","","","","","","10","","0","","","","","","","",""
"15001118","0","1","400","","16","4","90000380","0","0","17005175","17004086","0","15001119","","(90052092)","0","82011271","90052092","71000001","(123010,133320,2188)","","(123010,133320,2188)","","","","","0","1","7387700","0","0","","","1","","","","","","","","","10","","0","","","","","","","",""
"15001119","0","1","400","","16","5","90000381","0","0","17005175","17004091","0","15001120","","(90052092)","0","82011272","90052092","71000001","(122300,132651,2188)","","(122300,132651,2188)","","","","","0","1","7430500","0","0","","","1","","","","","","","","","10","","0","","","","","","","",""
"15001120","0","1","400","","16","6","90000382","0","0","17005175","17004095","0","15001121","","(90052092)","0","82011273","90052092","71000001","(120550,134920,2188)","","(120550,134920,2188)","","","","","0","1","7473500","0","0","","","1","","","","","","","","","10","","0","","","","","","","",""
"15001121","0","1","400","","16","7","90000383","0","0","17005175","17004098","0","15001122","","(90052092)","0","82011270","90052092","71000001","(122530,134420,2178)","","(122530,134420,2178)","","","","","0","1","7516700","0","0","","","1","","","","","","","","","10","","0","","","","","","","",""
"15001122","0","1","400","","16","8","90000384","0","0","17005175","17004103","0","15001123","","(90052092)","0","82011274","90052092","71000001","(122140,134920,2178)","","(122140,134920,2178)","","","","","0","1","7560000","0","0","","","1","","","","","","","","","10","","0","","","","","","","",""
"15001123","0","0","410","","16","9","90000385","0","0","17005175","17004109","0","15001124","(76000831,70)","(90052092)","0","82011275","90052092","71000001","(116419,132269,1678)","","(114609,131960,1688)","","","","","0","1","7603400","0","0","","","1","","","","","","","","","10","","0","","","","","","","",""
"15001124","0","0","410","","16","10","90000386","0","0","17005175","17004113","0","15001125","(76000832,70)","(90052092)","0","82011269","90052092","71000001","(117729,130549,1668)","","(119090,131379,1668)","","","","","0","1","7647000","0","0","","","1","","","","","","","","","10","","0","","","","","","","",""
"15001125","0","1","410","","16","11","90000387","0","0","17005175","17004117","0","15001126","","(90052092)","0","82011269","90052092","71000001","(119090,131379,1668)","","(119090,131379,1668)","","","","","0","1","7690800","0","0","","","1","","","","","","","","","10","","0","","","","","","","",""
"15001126","0","1","410","","16","12","90000388","0","0","17005175","17004121","0","15001127","","(90052092)","0","82011271","90052092","71000001","(123010,133320,2188)","","(123010,133320,2188)","","","","","0","1","7734700","0","0","","","1","","","","","","","","","10","","0","","","","","","","",""
"15001127","0","0","410","","16","13","90000389","0","0","17005175","17004124","0","15001128","(76000830,70)","(90052092)","0","82011276","90052092","71000001","(119970,128560,1678)","","(120259,124609,1668)","","","","","0","1","7778700","0","0","","","1","","","","","","","","","10","","0","","","","","","","",""
"15001128","0","1","410","","16","14","90000390","0","0","17005175","17004126","0","15001129","","(90052092)","0","82011277","90052092","71000001","(116342,120884,1733)","","(116342,120884,1733)","","","","","0","1","7822900","0","0","","","1","","","","","","","","","10","","0","","","","","","","",""
"15001129","0","0","410","","16","15","90000391","0","0","17005175","17004131","0","15001130","(76000834,1)","(90052092)","0","82012407","90052092","71000001","(116342,120884,1733)","","(116342,120884,1733)","","76000816","","","0","1","7867300","0","0","","","1","","","","","","","","","10","","0","","","","","","","",""
"15001130","0","1","410","","16","16","90000392","0","0","17005175","17004134","0","15001131","","(90052092)","0","82011278","90052092","71000001","(117269,118619,1678)","","(117269,118619,1678)","","","","","0","1","7911800","0","0","","","1","","","","","","","","","10","","0","","","","","","","",""
"15001131","0","0","410","","16","17","90000393","0","0","17005175","17004136","0","15001132","(76000835,70)","(90052092)","0","82011279","90052092","71000001","(120820,121450,1678)","","(123309,122799,1668)","","","","","0","1","7956400","0","0","","","1","","","","","","","","","10","","0","","","","","","","",""
"15001132","0","1","410","","16","18","90000394","0","0","17005175","17004142","0","15001133","","(90052092)","0","82011280","90052092","71000001","(120510,117469,1668)","","(120510,117469,1668)","","","","","0","1","8001200","0","0","","","1","","","","","","","","","10","","0","","","","","","","",""
"15001133","0","1","420","","16","19","90000395","0","0","17005175","17004145","0","15001134","","(90052092)","0","82011281","90052092","71000001","(121030,117209,1668)","","(121030,117209,1668)","","","","","0","1","8046200","0","0","","","1","","","","","","","","","10","","0","","","","","","","",""
"15001134","0","1","420","","16","20","90000396","0","0","17005175","17004148","0","15001135","","(90052092)","0","82011282","90052092","71000001","(121519,117280,1668)","","(121519,117280,1668)","","","","","0","1","8091300","0","0","","","1","","","","","","","","","10","","0","","","","","","","",""
"15001135","0","1","420","","16","21","90000397","0","0","17005175","17004151","0","15001136","","(90052092)","0","82011283","90052092","71000001","(120270,117200,1668)","","(120270,117200,1668)","","","","","0","1","8136500","0","0","","","1","","","","","","","","","10","","0","","","","","","","",""
"15001136","0","0","420","","16","22","90000398","0","0","17005175","17004154","0","15001137","(76000836,70)","(90052092)","0","82011284","90052092","71000001","(123480,116310,1668)","","(127604,113154,1668)","","","","","0","1","8181900","0","0","","","1","","","","","","","","","10","","0","","","","","","","",""
"15001137","0","0","420","","16","23","90000399","0","0","17005175","17004156","0","15001138","(76000837,1)","(90052092)","0","82011284","90052092","71000001","(125139,112183,1688)","","(127604,113154,1668)","","","","","0","1","8227500","0","0","","","1","","","","","","","","","10","","0","","","","","","","",""
"15001138","0","0","420","","16","24","90000400","0","0","17005175","17004162","0","15001139","(76000838,70)","(90052092)","0","82011285","90052092","71000001","(122800,108439,1678)","","(120522,108508,1678)","","","","","0","1","8273200","0","0","","","1","","","","","","","","","10","","0","","","","","","","",""
"15001139","0","0","420","","16","25","90000401","0","0","17005175","17004164","0","15001140","(76000839,1)","(90052092)","0","82012408","90052092","71000001","(120522,108508,1670)","","(120522,108508,1678)","","76000824","","","0","1","8319000","0","0","","","1","","","","","","","","","10","","0","","","","","","","",""
"15001140","0","1","420","","16","26","90000402","0","0","17005175","17004169","0","15001141","","(90052092)","0","82011286","90052092","71000001","(118799,111559,1668)","","(118799,111559,1668)","","","","","0","1","8365000","0","0","","","1","","","","","","","","","10","","0","","","","","","","",""
"15001141","0","1","420","","16","27","90000403","0","0","17005175","17004175","0","15001142","","(90052092)","0","82011287","90052092","71000001","(119719,113519,1668)","","(119719,113519,1668)","","","","","0","1","8411200","0","0","","","1","","","","","","","","","10","","0","","","","","","","",""
"15001142","0","1","420","","16","28","90000404","0","0","17005175","17004176","0","15001143","","(90052092)","0","82011288","90052092","71000001","(119540,112719,1678)","","(119540,112719,1678)","","","","","0","1","8457500","0","0","","","1","","","","","","","","","10","","0","","","","","","","",""
"15001143","0","1","420","","16","29","90000405","0","0","17005175","17004177","0","15001144","","(90052092)","0","82011286","90052092","71000001","(118799,111559,1668)","","(118799,111559,1668)","","","","","0","1","8503900","0","0","","","1","","","","","","","","","10","","0","","","","","","","",""
"15001144","0","1","420","","16","30","90000406","0","0","17005175","17004182","0","15001145","","(90052092)","0","82011278","90052092","71000001","(117269,118619,1678)","","(117269,118619,1678)","","","","","0","1","8550500","0","0","","","1","","","","","","","","","10","","0","","","","","","","",""
"15001145","0","0","420","","16","31","90000407","0","0","17005175","17004185","0","15001146","(76000835,70)","(90052092)","0","82011279","90052092","71000001","(120820,121450,1678)","","(123309,122799,1668)","","","","","0","1","8597300","0","0","(11,500)","","1","","","","","","","","","10","","0","","","","","","","",""
"15001146","0","1","430","","17","0","90000408","0","0","17005175","17004189","0","15001147","","(90052093)","0","82011346","90052093","71000001","(194871,115321,1650)","","(194871,115321,1650)","","","","","0","1","8644200","0","0","","","1","","","","","","","","","10","","0","","","","","","","",""
"15001147","0","1","430","","17","1","90000409","0","0","17005175","17004193","0","15001148","","(90052093)","0","82011347","90052093","71000001","(194235,116678,1628)","","(194235,116678,1628)","","","","","0","1","8691200","0","0","","","1","","","","","","","","","10","","0","","","","","","","",""
"15001148","0","1","430","","17","2","90000410","0","0","17005175","17004199","0","15001149","","(90052093)","0","82011348","90052093","71000001","(199573,118966,1628)","","(199573,118966,1628)","","","","","0","1","8738400","0","0","","","1","","","","","","","","","10","","0","","","","","","","",""
"15001149","0","1","430","","17","3","90000411","0","0","17005175","17004205","0","15001150","","(90052093)","0","82011349","90052093","71000001","(199452,121402,1628)","","(199452,121402,1628)","","","","","0","1","8785800","0","0","","","1","","","","","","","","","10","","0","","","","","","","",""
"15001150","0","1","430","","17","4","90000412","0","0","17005175","17004209","0","15001151","","(90052093)","0","82011350","90052093","71000001","(200089,120692,1628)","","(200089,120692,1628)","","","","","0","1","8833300","0","0","","","1","","","","","","","","","10","","0","","","","","","","",""
"15001151","0","0","430","","17","5","90000413","0","0","17005175","17004214","0","15001152","(76000853,70)","(90052093)","0","82011351","90052093","71000001","(195680,121430,1628)","","(194850,124040,1628)","","","","","0","1","8880900","0","0","","","1","","","","","","","","","10","","0","","","","","","","",""
"15001152","0","1","430","","17","6","90000414","0","0","17005175","17004217","0","15001153","","(90052093)","0","82011350","90052093","71000001","(200089,120692,1628)","","(200089,120692,1628)","","","","","0","1","8928700","0","0","","","1","","","","","","","","","10","","0","","","","","","","",""
"15001153","0","1","430","","17","7","90000415","0","0","17005175","17004220","0","15001154","","(90052093)","0","82011352","90052093","71000001","(200228,120420,1628)","","(200228,120420,1628)","","","","","0","1","8976700","0","0","","","1","","","","","","","","","10","","0","","","","","","","",""
"15001154","0","1","430","","17","8","90000416","0","0","17005175","17004222","0","15001155","","(90052093)","0","82011350","90052093","71000001","(200089,120692,1628)","","(200089,120692,1628)","","","","","0","1","9024800","0","0","","","1","","","","","","","","","10","","0","","","","","","","",""
"15001155","0","6","430","","17","9","90000417","0","0","17005175","17004226","0","15001156","(76000854,30)","(90052093)","0","82011350","90052093","71000001","(197185,124064,1816)","","(200089,120692,1628)","","","","","0","1","9073000","0","0","","","1","100","90000057","","","","","","","10","","0","","","","","","","",""
"15001156","0","1","440","","17","10","90000418","0","0","17005175","17004230","0","15001157","","(90052093)","0","82011350","90052093","71000001","(200089,120692,1628)","","(200089,120692,1628)","","","","","0","1","9121400","0","0","","","1","","","","","","","","","10","","0","","","","","","","",""
"15001157","0","1","440","","17","11","90000419","0","0","17005175","17004232","0","15001158","","(90052093)","0","82011352","90052093","71000001","(200228,120420,1628)","","(200228,120420,1628)","","","","","0","1","9170000","0","0","","","1","","","(71020028,71020029,71020030)","","","","","","10","","0","","","","","","","",""
"15001158","0","1","440","","17","12","90000420","0","0","17005175","17004233","0","15001159","","(90052093)","0","82011350","90052093","71000001","(200089,120692,1628)","","(200089,120692,1628)","","","","","0","1","9218700","0","0","","","1","","","","","","","","","10","","0","","","","","","","",""
"15001159","0","0","440","","17","13","90000421","0","0","17005175","17004236","0","15001160","(76000855,1)","(90052093)","0","82011353","90052093","71000001","(199138,132902,1630)","","(201540,133190,1628)","","","","","0","1","9267500","0","0","","","1","","","","","","","","","10","","0","","","","","","","",""
"15001160","0","1","440","","17","14","90000422","0","0","17005175","17004239","0","15001161","","(90052093)","0","82011350","90052093","71000001","(200089,120692,1628)","","(200089,120692,1628)","","","","","0","1","9316500","0","0","","","1","","","","","","","","","10","","0","","","","","","","",""
"15001161","0","1","440","","17","15","90000423","0","0","17005175","17004241","0","15001162","","(90052093)","0","82011352","90052093","71000001","(200228,120420,1628)","","(200228,120420,1628)","","","","","0","1","9365700","0","0","","","1","","","","","","","","","10","","0","","","","","","","",""
"15001162","0","1","440","","17","16","90000424","0","0","17005175","17004242","0","15001163","","(90052093)","0","82011350","90052093","71000001","(200089,120692,1628)","","(200089,120692,1628)","","","","","0","1","9415000","0","0","","","1","","","","","","","","","10","","0","","","","","","","",""
"15001163","0","1","440","","17","17","90000425","0","0","17005175","17004246","0","15001164","","(90052093)","0","82011354","90052093","71000001","(193164,129059,1697)","","(193164,129059,1697)","","","","","0","1","9464400","0","0","","","1","","","","","","","","","10","","0","","","","","","","",""
"15001164","0","0","440","","17","18","90000426","0","0","17005175","17004254","0","15001165","(76000857,70)","(90052093)","0","82011355","90052093","71000001","(195034,128163,2032)","","(200450,126515,2856)","","","","","0","1","9514000","0","0","","","1","","","","","","","","","10","","0","","","","","","","",""
"15001165","0","0","440","","17","19","90000427","0","0","17005175","17004255","0","15001166","(76000858,1)","(90052093)","0","82011356","90052093","71000001","(203569,126090,3078)","","(210250,124190,3068)","","","","","0","1","9563800","0","0","","","1","","","","","","","","","10","","0","","","","","","","",""
"15001166","0","0","440","","17","20","90000428","0","0","17005175","17004260","0","15001167","(76000859,1)","(90052093)","0","82012409","90052093","71000001","(210250,124190,3068)","","(210250,124190,3068)","","","","","0","1","9613700","0","0","","","1","","","","","","","","","10","","0","","","","","","","",""
"15001167","0","4","440","","17","21","90000429","0","0","17005175","17004262","0","15001168","","(90052093)","0","82011358","90052093","71000001","(209000,124000,3068)","","(209000,124000,3068)","","","","(49690,66280,3128)","0","1","9663700","0","0","(11,500)","","1","","","","","","","","","10","","0","","","","","","","",""
"15001168","0","1","450","","18","0","90000430","0","0","17005175","17004265","0","15001169","","(90052004)","0","82010467","90052004","71000001","(52709,66289,3098)","","(52709,66289,3098)","","","","","0","1","9713900","0","0","","","1","","","","","","","","","10","","0","","","","","","","",""
"15001169","0","1","450","","18","1","90000431","0","0","17005175","17004271","0","15001170","","(90052004)","0","82011387","90052004","71000001","(77940,63440,4448)","","(77940,63440,4448)","","","","","0","1","9764300","0","0","","","1","","","","","","","","","10","","0","","","","","","","",""
"15001170","0","1","450","","18","2","90000432","0","0","17005175","17004277","0","15001171","","(90052004)","0","82011388","90052004","71000001","(78340,62620,4448)","","(78340,62620,4448)","","","","","0","1","9814800","0","0","","","1","","","","","","","","","10","","0","","","","","","","",""
"15001171","0","1","450","","18","3","90000433","0","0","17005175","17004286","0","15001172","","(90052004)","0","82010467","90052004","71000001","(52709,66289,3098)","","(52709,66289,3098)","","","","","0","1","9865400","0","0","","","1","","","","","","","","","10","","0","","","","","","","",""
"15001172","0","4","450","","18","4","90000434","0","0","17005175","17004296","0","15001173","","(90052004)","0","82010484","90052004","71000001","(66240,63490,4458)","","(66240,63490,4458)","","","","(135810,68020,7878)","0","1","9916200","0","0","","","1","","","","","","","","","10","","0","","","","","","","",""
"15001173","0","1","450","","18","5","90000435","0","0","17005175","17004301","0","15001174","","(90052094)","0","82011389","90052094","71000001","(138370,68030,7878)","","(138370,68030,7878)","","","","","0","1","9967200","0","0","","","1","","","","","","","","","10","","0","","","","","","","",""
"15001174","0","1","450","","18","6","90000436","0","0","17005175","17004309","0","15001175","","(90052094)","0","82011390","90052094","71000001","(134948,67317,1106)","","(134948,67317,1106)","","","","","0","1","10018300","0","0","","","1","","","","","","","","","10","","0","","","","","","","",""
"15001175","0","6","450","","18","7","90000437","0","0","17005175","17004316","0","15001176","(76000894,30)","(90052094)","0","82011390","90052094","71000001","(132950,73130,1088)","","(134961,67280,1079)","","","","","0","1","10069500","0","0","","","1","25","90000059","","","","","","","10","","0","","","","","","","",""
"15001176","0","1","450","","18","8","90000438","0","0","17005175","17004319","0","15001177","","(90052094)","0","82011391","90052094","71000001","(131410,74060,1088)","","(131410,74060,1088)","","","","","0","1","10120900","0","0","","","1","","","","","","","","","10","","0","","","","","","","",""
"15001177","0","1","450","","18","9","90000439","0","0","17005175","17004322","0","15001178","","(90052094)","0","82011393","90052094","71000001","(129432,74286,1088)","","(129432,74286,1088)","","","","","0","1","10172500","0","0","","","1","","","","","","","","","10","","0","","","","","","","",""
"15001178","0","1","450","","18","10","90000440","0","0","17005175","17004324","0","15001179","","(90052094)","0","82011394","90052094","71000001","(128790,75320,1088)","","(128790,75320,1088)","","","","","0","1","10224200","0","0","","","1","","","","","","","","","10","","0","","","","","","","",""
"15001179","0","1","450","","18","11","90000441","0","0","17005175","17004330","0","15001180","","(90052094)","0","82011395","90052094","71000001","(127040,74410,1088)","","(127040,74410,1088)","","","","","0","1","10276000","0","0","","","1","","","","","","","","","10","","0","","","","","","","",""
"15001180","0","1","450","","18","12","90000442","0","0","17005175","17004333","0","15001181","","(90052094)","0","82011396","90052094","71000001","(122071,70827,1678)","","(122071,70827,1678)","","","","","0","1","10328000","0","0","","","1","","","","","","","","","10","","0","","","","","","","",""
"15001181","0","1","450","","18","13","90000443","0","0","17005175","17004339","0","15001182","","(90052094)","0","82011397","90052094","71000001","(122090,70400,1678)","","(122090,70400,1678)","","","","","0","1","10380200","0","0","","","1","","","","","","","","","10","","0","","","","","","","",""
"15001182","0","6","450","","18","14","90000444","0","0","17005175","17004346","0","15001183","(76000895,30)","(90052094)","0","82011398","90052094","71000001","(128650,63970,1088)","","(128000,66590,1088)","","","","","0","1","10432500","0","0","","","1","25","90000060","","","","","","","10","","0","","","","","","","",""
"15001183","0","1","460","","18","15","90000445","0","0","17005175","17004350","0","15001184","","(90052094)","0","82011399","90052094","71000001","(127910,68140,1088)","","(127910,68140,1088)","","","","","0","1","10484900","0","0","","","1","","","","","","","","","10","","0","","","","","","","",""
"15001184","0","1","460","","18","16","90000446","0","0","17005175","17004352","0","15001185","","(90052094)","0","82011396","90052094","71000001","(122071,70827,1678)","","(122071,70827,1678)","","","","","0","1","10537500","0","0","","","1","","","","","","","","","10","","0","","","","","","","",""
"15001185","0","0","460","","18","17","90000447","0","0","17005175","17004355","0","15001186","(76000894,70)","(90052094)","0","82011391","90052094","71000001","(132950,73130,1088)","","(131410,74060,1088)","","","","","0","1","10590300","0","0","","","1","","","","","","","","","10","","0","","","","","","","",""
"15001186","0","0","460","","18","18","90000448","0","0","17005175","17004358","0","15001187","(76004150,1)","(90052094)","0","82011400","90052094","71000001","(134080,71290,1108)","","(132690,69050,1088)","","","","","0","1","10643200","0","0","","","1","","","","","","","","","10","","0","","","","","","","",""
"15001187","0","1","460","","18","19","90000449","0","0","17005175","17004361","0","15001188","","(90052094)","0","82011389","90052094","71000001","(138370,68030,7878)","","(138370,68030,7878)","","","","","0","1","10696200","0","0","","","1","","","","","","","","","10","","0","","","","","","","",""
"15001188","0","0","460","","18","20","90000450","0","0","17005175","17004364","0","15001189","(76000898,70)","(90052094)","0","82011402","90052094","71000001","(133120,66309,1088)","","(131130,66530,1088)","","","","","0","1","10749400","0","0","","","1","","","","","","","","","10","","0","","","","","","","",""
"15001189","0","0","460","","18","21","90000451","0","0","17005175","17004366","0","15001190","(76000899,70)","(90052094)","0","82011401","90052094","71000001","(132399,62620,1088)","","(133421,63632,1078)","","","","","0","1","10802800","0","0","","","1","","","","","","","","","10","","0","","","","","","","",""
"15001190","0","1","460","","18","22","90000452","0","0","17005175","17004369","0","15001191","","(90052094)","0","82011403","90052094","71000001","(132377,70307,1097)","","(132377,70307,1097)","","","","","0","1","10856300","0","0","","","1","","","","","","","","","10","","0","","","","","","","",""
"15001191","0","1","460","","18","23","90000453","0","0","17005175","17004371","0","15001192","","(90052094)","0","82011407","90052094","71000001","(125470,71050,1088)","","(125470,71050,1088)","","","","","0","1","10909900","0","0","","","1","","","","","","","","","10","","0","","","","","","","",""
"15001192","0","1","460","","18","24","90000454","0","0","17005175","17004373","0","15001193","","(90052094)","0","82011396","90052094","71000001","(122071,70827,1678)","","(122071,70827,1678)","","","","","0","1","10963700","0","0","","","1","","","","","","","","","10","","0","","","","","","","",""
"15001193","0","1","470","","18","25","90000455","0","0","17005175","17004378","0","15001194","","(90052094)","0","82011408","90052094","71000001","(130057,68640,1088)","","(130057,68640,1088)","","","","","0","1","11017700","0","0","","","1","","","","","","","","","10","","0","","","","","","","",""
"15001194","0","6","470","","18","26","90000456","0","0","17005175","17004382","0","15001195","(76000899,30)","(90052094)","0","82011408","90052094","71000001","(132399,62620,1088)","","(130057,68640,1088)","","","","","0","1","11071800","0","0","","","1","25","90000061","","","","","","","10","","0","","","","","","","",""
"15001195","0","1","470","","18","27","90000457","0","0","17005175","17004386","0","15001196","","(90052094)","0","82011396","90052094","71000001","(122071,70827,1678)","","(122071,70827,1678)","","","","","0","1","11126000","0","0","","","1","","","","","","","","","10","","0","","","","","","","",""
"15001196","0","1","470","","18","28","90000458","0","0","17005175","17004390","0","15001197","","(90052094)","0","82011395","90052094","71000001","(127040,74410,1088)","","(127040,74410,1088)","","","","","0","1","11180400","0","0","","","1","","","","","","","","","10","","0","","","","","","","",""
"15001197","0","0","470","","18","29","90000459","0","0","17005175","17004393","0","15001198","(76000896,70)","(90052094)","0","82011409","90052094","71000001","(132030,76470,1088)","","(131630,79300,1088)","","","","","0","1","11235000","0","0","","","1","","","","","","","","","10","","0","","","","","","","",""
"15001198","0","0","470","","18","30","90000460","0","0","17005175","17004396","0","15001199","(76000900,70)","(90052094)","0","82011410","90052094","71000001","(133196,78743,1111)","","(134502,80682,1078)","","","","","0","1","11289700","0","0","","","1","","","","","","","","","10","","0","","","","","","","",""
"15001199","0","0","470","","18","31","90000461","0","0","17005175","17004400","0","15001200","(76000901,70)","(90052094)","0","82011411","90052094","71000001","(135608,82095,1096)","","(136030,83520,1078)","","","","","0","1","11344600","0","0","","","1","","","","","","","","","10","","0","","","","","","","",""
"15001200","0","0","470","","18","32","90000462","0","0","17005175","17004406","0","15001201","(76000902,70)","(90052094)","0","82011412","90052094","71000001","(134820,84920,1078)","","(135370,88040,1078)","","","","","0","1","11399700","0","0","","","1","","","","","","","","","10","","0","","","","","","","",""
"15001201","0","0","480","","18","33","90000463","0","0","17005175","17004412","0","15001202","(76000903,70)","(90052094)","0","82011415","90052094","71000001","(134470,87150,1078)","","(130340,87390,1078)","","","","","0","1","11455000","0","0","","","1","","","","","","","","","10","","0","","","","","","","",""
"15001202","0","0","480","","18","34","90000464","0","0","17005175","17004415","0","15001203","(76000904,70)","(90052094)","0","82011416","90052094","71000001","(126980,83560,1078)","","(124010,84960,1078)","","","","","0","1","11510500","0","0","","","1","","","","","","","","","10","","0","","","","","","","",""
"15001203","0","0","480","","18","35","90000465","0","0","17005175","17004417","0","15001204","(76000887,1)","(90052094)","0","82011418","90052094","71000001","(124069,80769,1078)","","(122290,81980,1078)","","","","","0","1","11566200","0","0","","","1","","","","","","","","","10","","0","","","","","","","",""
"15001204","0","1","480","","18","36","90000466","0","0","17005175","17004420","0","15001205","","(90052094)","0","82011419","90052094","71000001","(123860,76060,1088)","","(123860,76060,1088)","","","","","0","1","11622100","0","0","","","1","","","","","","","","","10","","0","","","","","","","",""
"15001205","0","1","480","","18","37","90000467","0","0","17005175","17004423","0","15001206","","(90052094)","0","82011420","90052094","71000001","(128590,75160,1088)","","(128590,75160,1088)","","","","","0","1","11678200","0","0","","","1","","","","","","","","","10","","0","","","","","","","",""
"15001206","0","1","480","","18","38","90000468","0","0","17005175","17004427","0","15001207","","(90052094)","0","82011394","90052094","71000001","(128790,75320,1088)","","(128790,75320,1088)","","","","","0","1","11734500","0","0","","","1","","","","","","","","","10","","0","","","","","","","",""
"15001207","0","1","480","","18","39","90000469","0","0","17005175","17004430","0","15001208","","(90052094)","0","82011421","90052094","71000001","(128330,74930,1088)","","(128330,74930,1088)","","","","","0","1","11791000","0","0","","","1","","","","","","","","","10","","0","","","","","","","",""
"15001208","0","1","480","","18","40","90000470","0","0","17005175","17004434","0","15001209","","(90052094)","0","82011422","90052094","71000001","(130180,73510,1088)","","(130180,73510,1088)","","","","","0","1","11847700","0","0","","","1","","","","","","","","","10","","0","","","","","","","",""
"15001209","0","0","480","","18","41","90000471","0","0","17005175","17004440","0","15001210","(76000905,70)","(90052094)","0","82011422","90052094","71000001","(129670,71930,1088)","","(130180,73510,1088)","","","","","0","1","11904600","0","0","","","1","","","","","","","","","10","","0","","","","","","","",""
"15001210","0","1","480","","18","42","90000472","0","0","17005175","17004443","0","15001211","","(90052094)","0","82011421","90052094","71000001","(128330,74930,1088)","","(128330,74930,1088)","","","","","0","1","11961700","0","0","","","1","","","","","","","","","10","","0","","","","","","","",""
"15001211","0","1","480","","18","43","90000473","0","0","17005175","17004446","0","15001212","","(90052094)","0","82011396","90052094","71000001","(122071,70827,1678)","","(122071,70827,1678)","","","","","0","1","12019000","0","0","","","1","","","","","","","","","10","","0","","","","","","","",""
"15001212","0","1","480","","18","44","90000474","0","0","17005175","17004453","0","15001213","","(90052094)","0","82011423","90052094","71000001","(130276,73256,1088)","","(130276,73256,1088)","","","","","0","1","12076500","0","0","(11,500)","","1","","","","","","","","","10","","0","","","","","","","",""
"15001213","0","1","490","","19","0","90000475","0","0","17005175","17004466","0","15001214","","(90052095)","0","82011505","90052095","71000001","(135300,42009,800)","","(135300,42009,800)","","","","","0","1","12134200","0","0","","","1","","","","15001335","(15030069)","","","","10","","0","","","","","","","",""
"15001214","0","1","490","","19","1","90000476","0","0","17005175","17004471","0","15001215","","(90052095)","0","82011506","90052095","71000001","(139460,37780,798)","","(139460,37780,798)","","","","","0","1","12192100","0","0","","","1","","","","","","","","","10","","0","","","","","","","",""
"15001215","0","0","490","","19","2","90000477","0","0","17005175","17004475","0","15001216","(76000931,70)","(90052095)","0","82011506","90052095","71000001","(139759,40310,798)","","(139460,37780,798)","","","","","0","1","12250200","0","0","","","1","","","","","","","","","10","","0","","","","","","","",""
"15001216","0","1","490","","19","3","90000478","0","0","17005175","17004482","0","15001217","","(90052095)","0","82011515","90052095","71000001","(146531,32563,798)","","(146531,32563,798)","","","","","0","1","12308500","0","0","","","1","","","","","","","","","10","","0","","","","","","","",""
"15001217","0","1","490","","19","4","90000479","0","0","17005175","17004486","0","15001218","","(90052095)","0","82011507","90052095","71000001","(141350,31110,798)","","(141350,31110,798)","","","","","0","1","12367000","0","0","","","1","","","","","","","","","10","","0","","","","","","","",""
"15001218","0","1","490","","19","5","90000480","0","0","17005175","17004491","0","15001219","","(90052095)","0","82011508","90052095","71000001","(141590,26190,798)","","(141590,26190,798)","","","","","0","1","12425700","0","0","","","1","","","","","","","","","10","","0","","","","","","","",""
"15001219","0","6","490","","19","6","90000481","0","0","17005175","17004496","0","15001220","(76000932,30)","(90052095)","0","82011509","90052095","71000001","(141130,25570,798)","","(138170,26150,798)","","","","","0","1","12484600","0","0","","","1","100","90000062","","","","","","","10","","0","","","","","","","",""
"15001220","0","1","490","","19","7","90000482","0","0","17005175","17004497","0","15001221","","(90052095)","0","82011508","90052095","71000001","(141590,26190,798)","","(141590,26190,798)","","","","","0","1","12543700","0","0","","","1","","","","","","","","","10","","0","","","","","","","",""
"15001221","0","1","500","","19","8","90000483","0","0","17005175","17004500","0","15001222","(0,501)","(90052095)","0","82011510","90052095","71000001","(145850,24690,798)","","(145850,24690,798)","","","","","0","1","12603000","0","0","","","1","","","","","","","","","10","","0","","","","","","","",""
"15001222","0","1","500","","19","9","90000484","0","0","17005175","17004502","0","15001223","","(90052095)","0","82011511","90052095","71000001","(143360,25300,798)","","(143360,25300,798)","","","","","0","1","12662500","0","0","","","1","","","","","","","","","10","","0","","","","","","","",""
"15001223","0","1","500","","19","10","90000485","0","0","17005175","17004510","0","15001224","","(90052095)","0","82011512","90052095","71000001","(143130,23180,798)","","(143130,23180,798)","","","","","0","1","12722200","0","0","","","1","","","","","","","","","10","","0","","","","","","","",""
"15001224","0","0","500","","19","11","90000486","0","0","17005175","17004511","0","15001225","(76000934,70)","(90052095)","0","82011513","90052095","71000001","(139550,21769,817)","","(141534,23232,820)","","","","","0","1","12782100","0","0","","","1","","","","","","","","","10","","0","","","","","","","",""
"15001225","0","0","500","","19","12","90000487","0","0","17005175","17004514","0","15001226","(76000933,70)","(90052095)","0","82011508","90052095","71000001","(137950,23800,798)","","(141590,26190,798)","","","","","0","1","12842200","0","0","","","1","","","","","","","","","10","","0","","","","","","","",""
"15001226","0","0","500","","19","13","90000488","0","0","17005175","17004516","0","15001227","(76000935,70)","(90052095)","0","82011507","90052095","71000001","(140510,27660,798)","","(141350,31110,798)","","","","","0","1","12902500","0","0","","","1","","","","","","","","","10","","0","","","","","","","",""
"15001227","0","1","500","","19","14","90000489","0","0","17005175","17004521","0","15001228","","(90052095)","0","82011515","90052095","71000001","(146531,32563,798)","","(146531,32563,798)","","","","","0","1","12963000","0","0","","","1","","","","","","","","","10","","0","","","","","","","",""
"15001228","0","1","500","","19","15","90000490","0","0","17005175","17004525","0","15001229","","(90052095)","0","82011516","90052095","71000001","(148150,30400,798)","","(148150,30400,798)","","","","","0","1","13023700","0","0","","","1","","","","","","","","","10","","0","","","","","","","",""
"15001229","0","0","510","","19","16","90000491","0","0","17005175","17004529","0","15001230","(76000936,70)","(90052095)","0","82011517","90052095","71000001","(148990,27320,798)","","(150700,26540,798)","","","","","0","1","13084600","0","0","","","1","","","","","","","","","10","","0","","","","","","","",""
"15001230","0","0","510","","19","17","90000492","0","0","17005175","17004530","0","15001231","(76000937,70)","(90052095)","0","82011518","90052095","71000001","(150550,28370,798)","","(152949,29419,798)","","","","","0","1","13145700","0","0","","","1","","","","","","","","","10","","0","","","","","","","",""
"15001231","0","0","510","","19","18","90000493","0","0","17005175","17004533","0","15001232","(76000938,70)","(90052095)","0","82011519","90052095","71000001","(155775,30849,864)","","(156760,29429,798)","","","","","0","1","13207000","0","0","","","1","","","","","","","","","10","","0","","","","","","","",""
"15001232","0","1","510","","19","19","90000494","0","0","17005175","17004535","0","15001233","","(90052095)","0","82011520","90052095","71000001","(155620,31770,798)","","(155620,31770,798)","","","","","0","1","13268500","0","0","","","1","","","","","","","","","10","","0","","","","","","","",""
"15001233","0","0","510","","19","20","90000495","0","0","17005175","17004537","0","15001234","(76000939,70)","(90052095)","0","82011521","90052095","71000001","(157369,31470,798)","","(160216,31615,798)","","","","","0","1","13330200","0","0","","","1","","","","","","","","","10","","0","","","","","","","",""
"15001234","0","0","510","","19","21","90000496","0","0","17005175","17004545","0","15001236","(76001159,70)","(90052095)","0","82011522","90052095","71000001","(160289,33010,798)","","(161303,34338,798)","","","","","0","1","13392100","0","0","","","1","","","","","","","","","10","","0","","","","","","","",""
"15001235","0","0","510","","19","22","90000497","0","0","17005175","17004548","0","15001236","","(90052095)","0","0","90052095","71000001","","","","","","","","0","1","13454200","0","0","","","1","","","","","","","","","10","","0","","","","","","","",""
"15001236","0","0","520","","19","22","90000497","0","0","17005175","17004550","0","15001237","(76000940,70)","(90052095)","0","82011523","90052095","71000001","(160090,35219,798)","","(157440,33789,798)","","","","","0","1","13516500","0","0","","","1","","","","","","","","","10","","0","","","","","","","",""
"15001237","0","0","520","","19","23","90000498","0","0","17005175","17004552","0","15001238","(76004151,1)","(90052095)","0","82011524","90052095","71000001","(157326,35457,818)","","(157722,39191,828)","","","","","0","1","13579000","0","0","","","1","","","","","","","","","10","","0","","","","","","","",""
"15001238","0","0","520","","19","24","90000500","0","0","17005175","17004558","0","15001239","(76000942,70)","(90052095)","0","82011525","90052095","71000001","(158220,41320,798)","","(155680,42080,798)","","","","","0","1","13641700","0","0","","","1","","","","","","","","","10","","0","","","","","","","",""
"15001239","0","0","520","","19","25","90000501","0","0","17005175","17004560","0","15001240","(76000943,70)","(90052095)","0","82011526","90052095","71000001","(151540,45799,798)","","(148536,43585,918)","","","","","0","1","13704600","0","0","","","1","","","","","","","","","10","","0","","","","","","","",""
"15001240","0","0","520","","19","26","90000502","0","0","17005175","17004562","0","15001241","(76000944,70)","(90052095)","0","82011527","90052095","71000001","(143860,43489,798)","","(142630,40910,798)","","","","","0","1","13767700","0","0","","","1","","","","","","","","","10","","0","","","","","","","",""
"15001241","0","0","520","","19","27","90000503","0","0","17005175","17004564","0","15001242","(76000945,1)","(90052095)","0","82011505","90052095","71000001","(141150,42520,798)","","(135400,42309,800)","","","","","0","1","13831000","0","0","","","1","","","","","","","","","10","","0","","","","","","","",""
"15001242","0","4","520","","19","28","90000504","0","0","17005175","17004570","0","15001243","","(90052095)","0","82011528","90052095","71000001","(135562,43019,865)","","(135562,43019,865)","","","","(177960,20570,3447)","0","1","13894500","0","0","(11,500)","","1","","","","","","","","","10","","0","","","","","","","",""
"15001243","0","1","530","","20","0","90000505","0","0","17005175","17004581","0","15001244","","(90052096)","0","82011620","90052096","71000001","(178420,20560,3218)","","(178420,20560,3218)","","","","","0","1","13958200","0","0","","","1","","","","","","","","","10","","0","","","","","","","",""
"15001244","0","1","530","","20","1","90000506","0","0","17005175","17004582","0","15001245","","(90052096)","0","82011621","90052096","71000001","(179814,19010,3218)","","(179814,19010,3218)","","","","","0","1","14022100","0","0","","","1","","","","","","","","","10","","0","","","","","","","",""
"15001245","0","0","530","","20","2","90000507","0","0","17005175","17004585","0","15001246","(76000972,70)","(90052096)","0","82011622","90052096","71000001","(181500,21460,3218)","","(182068,23131,3211)","","","","","0","1","14086200","0","0","","","1","","","","","","","","","10","","0","","","","","","","",""
"15001246","0","0","530","","20","3","90000508","0","0","17005175","17004589","0","15001247","(76000973,70)","(90052096)","0","82011623","90052096","71000001","(183730,21790,3218)","","(185260,19460,3218)","","","","","0","1","14150500","0","0","","","1","","","","","","","","","10","","0","","","","","","","",""
"15001247","0","1","530","","20","4","90000509","0","0","17005175","17004591","0","15001248","","(90052096)","0","82011624","90052096","71000001","(185646,22092,3261)","","(185646,22092,3261)","","","","","0","1","14215000","0","0","","","1","","","","","","","","","10","","0","","","","","","","",""
"15001248","0","1","530","","20","5","90000510","0","0","17005175","17004594","0","15001249","","(90052096)","0","82011625","90052096","71000001","(188925,20894,3275)","","(188925,20894,3275)","","","","","0","1","14279700","0","0","","","1","","","","","","","","","10","","0","","","","","","","",""
"15001249","0","0","530","","20","6","90000511","0","0","17005175","17004597","0","15001250","(76000974,70)","(90052096)","0","82011752","90052096","71000001","(188000,21670,3218)","","(190224,22897,3273)","","","","","0","1","14344600","0","0","","","1","","","","","","","","","10","","0","","","","","","","",""
"15001250","0","0","530","","20","7","90000512","0","0","17005175","17004601","0","15001251","(76000975,70)","(90052096)","0","82011626","90052096","71000001","(190459,24732,3271)","","(189150,26733,3263)","","","","","0","1","14409700","0","0","","","1","","","","","","","","","10","","0","","","","","","","",""
"15001251","0","1","530","","20","8","90000513","0","0","17005175","17004603","0","15001252","","(90052096)","0","82011627","90052096","71000001","(191783,24355,3218)","","(191783,24355,3218)","","","","","0","1","14475000","0","0","","","1","","","","","","","","","10","","0","","","","","","","",""
"15001252","0","1","530","","20","9","90000514","0","0","17005175","17004607","0","15001253","","(90052096)","0","82011628","90052096","71000001","(191708,24050,3218)","","(191708,24050,3218)","","","","","0","1","14540500","0","0","","","1","","","","","","","","","10","","0","","","","","","","",""
"15001253","0","1","530","","20","10","90000515","0","0","17005175","17004612","0","15001254","","(90052096)","0","82011629","90052096","71000001","(187040,27989,3218)","","(187040,27989,3218)","","","","","0","1","14606200","0","0","","","1","","","","","","","","","10","","0","","","","","","","",""
"15001254","0","1","530","","20","11","90000516","0","0","17005175","17004617","0","15001255","","(90052096)","0","82011630","90052096","71000001","(194236,27649,3218)","","(194236,27649,3218)","","","","","0","1","14672100","0","0","","","1","","","","","","","","","10","","0","","","","","","","",""
"15001255","0","1","530","","20","12","90000517","0","0","17005175","17004621","0","15001256","","(90052096)","0","82011631","90052096","71000001","(198911,30628,729)","","(198911,30628,729)","","","","","0","1","14738200","0","0","","","1","","","","","","","","","10","","0","","","","","","","",""
"15001256","0","1","530","","20","13","90000518","0","0","17005175","17004625","0","15001257","","(90052096)","0","82011629","90052096","71000001","(187040,27989,3218)","","(187040,27989,3218)","","","","","0","1","14804500","0","0","","","1","","","","","","","","","10","","0","","","","","","","",""
"15001257","0","1","530","","20","14","90000519","0","0","17005175","17004630","0","15001258","","(90052096)","0","82011628","90052096","71000001","(191786,24062,3263£©","","(191786,24062,3263£©","","","","","0","1","14871000","0","0","","","1","","","","","","","","","10","","0","","","","","","","",""
"15001258","0","0","530","","20","15","90000520","0","0","17005175","17004634","0","15001259","(76000976,70)","(90052096)","0","82011632","90052096","71000001","(190380,29100,3218)","","(190670,30770,3218)","","","","","0","1","14937700","0","0","","","1","","","","","","","","","10","","0","","","","","","","",""
"15001259","0","0","540","","20","16","90000521","0","0","17005175","17004636","0","15001260","(76000977,70)","(90052096)","0","82011633","90052096","71000001","(191920,33039,3218)","","(193760,35559,3218)","","","","","0","1","15004600","0","0","","","1","","","","","","","","","10","","0","","","","","","","",""
"15001260","0","0","540","","20","17","90000522","0","0","17005175","17004638","0","15001261","(76000978,70)","(90052096)","0","82011634","90052096","71000001","(189280,35709,3188)","","(187317,35598,3256)","","","","","0","1","15071700","0","0","","","1","","","","","","","","","10","","0","","","","","","","",""
"15001261","0","0","540","","20","18","90000523","0","0","17005175","17004641","0","15001262","(76000979,70)","(90052096)","0","82011635","90052096","71000001","(186339,37859,3188)","","(185849,39969,3188)","","","","","0","1","15139000","0","0","","","1","","","","","","","","","10","","0","","","","","","","",""
"15001262","0","0","540","","20","19","90000524","0","0","17005175","17004643","0","15001263","(76000980,70)","(90052096)","0","82011636","90052096","71000001","(183010,39769,3188)","","(181290,37980,3218)","","","","","0","1","15206500","0","0","","","1","","","","","","","","","10","","0","","","","","","","",""
"15001263","0","0","540","","20","20","90000525","0","0","17005175","17004645","0","15001264","(76000981,70)","(90052096)","0","82011637","90052096","71000001","(181307,41540,3263)","","(180870,44700,3188)","","","","","0","1","15274200","0","0","","","1","","","","","","","","","10","","0","","","","","","","",""
"15001264","0","0","540","","20","21","90000526","0","0","17005175","17004647","0","15001265","(76000982,70)","(90052096)","0","82011638","90052096","71000001","(178181,46716,3235)","","(178659,48830,3218)","","","","","0","1","15342100","0","0","","","1","","","","","","","","","10","","0","","","","","","","",""
"15001265","0","0","540","","20","22","90000527","0","0","17005175","17004650","0","15001266","(76000983,70)","(90052096)","0","82011639","90052096","71000001","(181430,48560,3218)","","(181733,50403,3218)","","","","","0","1","15410200","0","0","","","1","","","","","","","","","10","","0","","","","","","","",""
"15001266","0","1","540","","20","23","90000528","0","0","17005175","17004653","0","15001267","","(90052096)","0","82011640","90052096","71000001","(183798,47142,3084)","","(183798,47142,3084)","","","","","0","1","15478500","0","0","","","1","","","","","","","","","10","","0","","","","","","","",""
"15001267","0","0","540","","20","24","90000529","0","0","17005175","17004655","0","15001268","(76000984,70)","(90052096)","0","82011641","90052096","71000001","(184400,50470,3218)","","(188240,49229,3188)","","","","","0","1","15547000","0","0","","","1","","","","","","","","","10","","0","","","","","","","",""
"15001268","0","6","540","","20","25","90000530","0","0","17005175","17004660","0","15001269","(76000985,1)","(90052096)","0","82011641","90052096","71000001","(191450,50020,3218)","","(188240,49229,3188)","","","","","0","1","15615700","0","0","","","1","10","90000063","","","","","","","10","","0","","","","","","","",""
"15001269","0","1","540","","20","26","90000531","0","0","17005175","17004664","0","15001270","","(90052096)","0","82011642","90052096","71000001","(192485,42211,3188)","","(192485,42211,3188)","","","","","0","1","15684600","0","0","","","1","","","","","","","","","10","","0","","","","","","","",""
"15001270","0","1","540","","20","27","90000532","0","0","17005175","17004668","0","15001271","","(90052096)","0","82011643","90052096","71000001","(197480,41290,3218)","","(197480,41290,3218)","","","","","0","1","15753700","0","0","","","1","","","","","","","","","10","","0","","","","","","","",""
"15001271","0","0","540","","20","28","90000533","0","0","17005175","17004676","0","15001272","(76000987,70)","(90052096)","0","82011644","90052096","71000001","(198910,38860,3218)","","(199084,36460,3289)","","","","","0","1","15823000","0","0","","","1","","","","","","","","","10","","0","","","","","","","",""
"15001272","0","0","540","","20","29","90000534","0","0","17005175","17004681","0","15001273","(76000988,70)","(90052096)","0","82011642","90052096","71000001","(202390,37090,3218)","","(192485,42211,3188)","","","","","0","1","15892500","0","0","","","1","","","","","","","","","10","","0","","","","","","","",""
"15001273","0","1","540","","20","30","90000535","0","0","17005175","17004684","0","15001274","","(90052096)","0","82011645","90052096","71000001","(191357,37966,3420)","","(191357,37966,3420)","","","","","0","1","15962200","0","0","(11,500)","","1","","","","","","","","","10","","0","","","","","","","",""
"15001274","0","0","550","","21","0","90000536","0","0","17005175","17004690","0","15001275","(76001160,70)","(90052097)","0","82011753","90052097","71000001","(221740,28720,3768)","","(220536,27508,3841)","","","","","0","1","16032100","0","0","","","1","","","","","","","","","10","","0","","","","","","","",""
"15001275","0","1","550","","21","1","90000537","0","0","17005175","17004691","0","15001276","","(90052097)","0","82011754","90052097","71000001","(220536,27508,3841)","","(220536,27508,3841)","","","","","0","1","16102200","0","0","","","1","","","","","","","","","10","","0","","","","","","","",""
"15001276","0","1","550","","21","2","90000538","0","0","17005175","17004698","0","15001277","","(90052097)","0","82011755","90052097","71000001","(223320,28060,3768)","","(223320,28060,3768)","","","","","0","1","16172500","0","0","","","1","","","","","","","","","10","","0","","","","","","","",""
"15001277","0","0","550","","21","3","90000539","0","0","17005175","17004704","0","15001278","(76001024,70)","(90052097)","0","82011757","90052097","71000001","(225500,30410,3768)","","(225796,29165,3804)","","","","","0","1","16243000","0","0","","","1","","","","","","","","","10","","0","","","","","","","",""
"15001278","0","0","550","","21","4","90000540","0","0","17005175","17004708","0","15001279","(76001026,70)","(90052097)","0","82011759","90052097","71000001","(227980,29880,3768)","","(230039,28164,3874)","","","","","0","1","16313700","0","0","","","1","","","","","","","","","10","","0","","","","","","","",""
"15001279","0","0","550","","21","5","90000541","0","0","17005175","17004710","0","15001280","(76001025,70)","(90052097)","0","82011761","90052097","71000001","(229380,30469,3768)","","(230607,32780,3768)","","","","","0","1","16384600","0","0","","","1","","","","","","","","","10","","0","","","","","","","",""
"15001280","0","0","550","","21","6","90000542","0","0","17005175","17004713","0","15001281","(76000999,1)","(90052097)","0","82011763","90052097","71000001","(234420,31790,3768)","","(237331,32278,3779)","","","","","0","1","16455700","0","0","","","1","","","","","","","","","10","","0","","","","","","","",""
"15001281","0","0","550","","21","7","90000543","0","0","17005175","17004717","0","15001282","(76001028,70)","(90052097)","0","82011764","90052097","71000001","(234450,29690,3768)","","(232760,27970,3768)","","","","","0","1","16527000","0","0","","","1","","","","","","","","","10","","0","","","","","","","",""
"15001282","0","0","550","","21","8","90000544","0","0","17005175","17004720","0","15001283","(76001029,70)","(90052097)","0","82011765","90052097","71000001","(233960,26020,3768)","","(232250,25560,3768)","","","","","0","1","16598500","0","0","","","1","","","","","","","","","10","","0","","","","","","","",""
"15001283","0","0","550","","21","9","90000545","0","0","17005175","17004723","0","15001284","(76001030,70)","(90052097)","0","82011766","90052097","71000001","(234510,24380,3768)","","(234650,19530,3978)","","","","","0","1","16670200","0","0","","","1","","","","","","","","","10","","0","","","","","","","",""
"15001284","0","1","550","","21","10","90000546","0","0","17005175","17004731","0","15001285","","(90052097)","0","82011767","90052097","71000001","(234650,19530,3978)","","(232580,21400,3768)","","","","","0","1","16742100","0","0","","","1","","","","","","","","","10","","0","","","","","","","",""
"15001285","0","0","550","","21","11","90000547","0","0","17005175","17004739","0","15001286","(76001031,70)","(90052097)","0","82011768","90052097","71000001","(229820,22768,3840)","","(229820,22768,3840)","","","","","0","1","16814200","0","0","","","1","","","","","","","","","10","","0","","","","","","","",""
"15001286","0","1","550","","21","12","90000548","0","0","17005175","17004742","0","15001287","","(90052097)","0","82011769","90052097","71000001","(230625,24057,3902)","","(230625,24057,3902)","","","","","0","1","16886500","0","0","","","1","","","","","","","","","10","","0","","","","","","","",""
"15001287","0","6","560","","21","13","90000549","0","0","17005175","17004750","0","15001288","(76001034,30)","(90052097)","0","82011770","90052097","71000001","(236190,23840,3768)","","(236130,21750,3768)","","","","","0","1","16959000","0","0","","","1","15","90000064","","","","","","","10","","0","","","","","","","",""
"15001288","0","1","560","","21","14","90000550","0","0","17005175","17004753","0","15001289","","(90052097)","0","82011772","90052097","71000001","(235880,21950,3768)","","(235880,21950,3768)","","","","","0","1","17031700","0","0","","","1","","","","","","","","","10","","0","","","","","","","",""
"15001289","0","6","560","","21","15","90000551","0","0","17005175","17004758","0","15001290","(76001031,30)","(90052097)","0","82011776","90052097","71000001","(231070,22250,3768)","","(233683,21504,3925)","","","","","0","1","17104600","0","0","","","1","15","90000064","","","","","","","10","","0","","","","","","","",""
"15001290","0","6","560","","21","16","90000552","0","0","17005175","17004760","0","15001291","(76001033,30)","(90052097)","0","82011775","90052097","71000001","(230270,18300,3768)","","(232030,20190,3768)","","","","","0","1","17177700","0","0","","","1","15","90000064","","","","","","","10","","0","","","","","","","",""
"15001291","0","6","560","","21","17","90000553","0","0","17005175","17004766","0","15001292","(76001032,30)","(90052097)","0","82011773","90052097","71000001","(229410,21050,3768)","","(231890,19730,3768)","","","","","0","1","17251000","0","0","","","1","15","90000064","","","","","","","10","","0","","","","","","","",""
"15001292","0","0","560","","21","18","90000554","0","0","17005175","17004769","0","15001293","(76001161,1)","(90052097)","0","82011779","90052097","71000001","(234650,19530,3978)","","(234940,20030,3978)","","","","","0","1","17324500","0","0","","","1","","","","","","","","","10","","0","","","","","","","",""
"15001293","0","1","560","","21","19","90000555","0","0","17005175","17004772","0","15001294","","(90052097)","0","82011780","90052097","71000001","(233260,22460,3768)","","(233260,22460,3768)","","","","","0","1","17398200","0","0","","","1","","","","","","","","","10","","0","","","","","","","",""
"15001294","0","1","560","","21","20","90000556","0","0","17005175","17004775","0","15001295","","(90052097)","0","82011781","90052097","71000001","(232960,22258,3768)","","(232960,22258,3768)","","","","","0","1","17472100","0","0","","","1","","","","","","","","","10","","0","","","","","","","",""
"15001295","0","1","560","","21","21","90000557","0","0","17005175","17004786","0","15001296","","(90052097)","0","82011782","90052097","71000001","(227420,20150,3768)","","(227420,20150,3768)","","","","","0","1","17546200","0","0","","","1","","","","","","","","","10","","0","","","","","","","",""
"15001296","0","0","560","","21","22","90000558","0","0","17005175","17004789","0","15001297","(76001035,70)","(90052097)","0","82011784","90052097","71000001","(225460,19380,3768)","","(223350,17580,3768)","","","","","0","1","17620500","0","0","","","1","","","","","","","","","10","","0","","","","","","","",""
"15001297","0","0","560","","21","23","90000559","0","0","17005175","17004792","0","15001298","(76001036,70)","(90052097)","0","82011784","90052097","71000001","(223580,18290,3768)","","(223350,17580,3768)","","","","","0","1","17695000","0","0","","","1","","","","","","","","","10","","0","","","","","","","",""
"15001298","0","1","560","","21","24","90000560","0","0","17005175","17004794","0","15001299","","(90052097)","0","82011785","90052097","71000001","(224790,17470,3768)","","(224790,17470,3768)","","","","","0","1","17769700","0","0","","","1","","","","","","","","","10","","0","","","","","","","",""
"15001299","0","1","560","","21","25","90000561","0","0","17005175","17004797","0","15001300","","(90052097)","0","82011784","90052097","71000001","(223350,17580,3768)","","(223350,17580,3768)","","","","","0","1","17844600","0","0","","","1","","","","","","","","","10","","0","","","","","","","",""
"15001300","0","1","560","","21","26","90000562","0","0","17005175","17004801","0","15001301","","(90052097)","0","82011786","90052097","71000001","(224740,16830,3768)","","(224740,16830,3768)","","","","","0","1","17919700","0","0","","","1","","","","","","","","","10","","0","","","","","","","",""
"15001301","0","0","560","","21","27","90000563","0","0","17005175","17004804","0","15001302","(76001037,1)","(90052097)","0","82012410","90052097","71000001","(223350,17580,3768)","","(223350,17580,3768)","","76001021","","","0","1","17995000","0","0","","","1","","","","","","","","","10","","0","","","","","","","",""
"15001302","0","1","560","","21","28","90000564","0","0","17005175","17004807","0","15001303","","(90052097)","0","82011785","90052097","71000001","(224790,17470,3768)","","(224790,17470,3768)","","","","","0","1","18070500","0","0","","","1","","","","","","","","","10","","0","","","","","","","",""
"15001303","0","1","560","","21","29","90000565","0","0","17005175","17004813","0","15001304","","(90052097)","0","82011786","90052097","71000001","(224740,16830,3768)","","(224740,16830,3768)","","","","","0","1","18146200","0","0","(11,500)","","1","","","","","","","","","10","","0","","","","","","","",""
"15001304","0","1","570","","22","0","90000566","0","0","17005175","17004818","0","15001305","","(90052098)","0","82011867","90052098","71000001","(229360,58546,1610)","","(229360,58546,1610)","","","","","0","1","18222100","0","0","","","1","","","","","","","","","10","","0","","","","","","","",""
"15001305","0","1","570","","22","1","90000567","0","0","17005175","17004823","0","15001306","","(90052098)","0","82011868","90052098","71000001","(230330,60820,1318)","","(230330,60820,1318)","","","","","0","1","18298200","0","0","","","1","","","","","","","","","10","","0","","","","","","","",""
"15001306","0","1","570","","22","2","90000568","0","0","17005175","17004826","0","15001307","","(90052098)","0","82011869","90052098","71000001","(232090,65030,1758)","","(232090,65030,1758)","","","","","0","1","18374500","0","0","","","1","","","","","","","","","10","","0","","","","","","","",""
"15001307","0","0","570","","22","3","90000569","0","0","17005175","17004828","0","15001308","(76001063,1)","(90052098)","0","82012416","90052098","71000001","(232090,65030,1758)","","(232090,65030,1758)","","76001040","","","0","1","18451000","0","0","","","1","","","","","","","","","10","","0","","","","","","","",""
"15001308","0","1","570","","22","4","90000570","0","0","17005175","17004830","0","15001309","","(90052098)","0","82011868","90052098","71000001","(230330,60820,1318)","","(230330,60820,1318)","","","","","0","1","18527700","0","0","","","1","","","","","","","","","10","","0","","","","","","","",""
"15001309","0","0","570","","22","5","90000571","0","0","17005175","17004834","0","15001310","(76001064,70)","(90052098)","0","82011870","90052098","71000001","(225610,65330,1318)","","(226260,67870,1318)","","","","","0","1","18604600","0","0","","","1","","","","","","","","","10","","0","","","","","","","",""
"15001310","0","1","570","","22","6","90000572","0","0","17005175","17004837","0","15001311","","(90052098)","0","82011871","90052098","71000001","(228840,69060,1318)","","(228840,69060,1318)","","","","","0","1","18681700","0","0","","","1","","","","","","","","","10","","0","","","","","","","",""
"15001311","0","1","570","","22","7","90000573","0","0","17005175","17004839","0","15001312","","(90052098)","0","82011872","90052098","71000001","(230480,67850,1318)","","(230480,67850,1318)","","","","","0","1","18759000","0","0","","","1","","","","","","","","","10","","0","","","","","","","",""
"15001312","0","1","570","","22","8","90000574","0","0","17005175","17004841","0","15001313","","(90052098)","0","82011873","90052098","71000001","(229190,66520,1318)","","(229190,66520,1318)","","","","","0","1","18836500","0","0","","","1","","","","","","","","","10","","0","","","","","","","",""
"15001313","0","1","570","","22","9","90000575","0","0","17005175","17004843","0","15001314","","(90052098)","0","82011870","90052098","71000001","(226260,67870,1318)","","(226260,67870,1318)","","","","","0","1","18914200","0","0","","","1","","","","","","","","","10","","0","","","","","","","",""
"15001314","0","1","570","","22","10","90000576","0","0","17005175","17004845","0","15001315","","(90052098)","0","82011883","90052098","71000001","(221640,67640,1318)","","(221640,67640,1318)","","","","","0","1","18992100","0","0","","","1","","","","","","","","","10","","0","","","","","","","",""
"15001315","0","6","570","","22","11","90000577","0","0","17005175","17004851","0","15001316","(76001066,30)","(90052098)","0","82011883","90052098","71000001","(220740,66020,1318)","","(221640,67640,1318)","","","","","0","1","19070200","0","0","","","1","25","90000065","","","","","","","10","","0","","","","","","","",""
"15001316","0","6","570","","22","12","90000578","0","0","17005175","17004856","0","15001317","(76001065,30)","(90052098)","0","82011883","90052098","71000001","(222500,64710,1318)","","(221640,67640,1318)","","","","","0","1","19148500","0","0","","","1","25","90000066","","","","","","","10","","0","","","","","","","",""
"15001317","0","6","570","","22","13","90000579","0","0","17005175","17004860","0","15001318","(76001067,30)","(90052098)","0","82011883","90052098","71000001","(219160,67170,1318)","","(221640,67640,1318)","","","","","0","1","19227000","0","0","","","1","25","90000067","","","","","","","10","","0","","","","","","","",""
"15001318","0","1","570","","22","14","90000580","0","0","17005175","17004864","0","15001319","","(90052098)","0","82011874","90052098","71000001","(218640,63090,1318)","","(218640,63090,1318)","","","","","0","1","19305700","0","0","","","1","","","","","","","","","10","","0","","","","","","","",""
"15001319","0","1","580","","22","15","90000581","0","0","17005175","17004872","0","15001320","","(90052098)","0","82011883","90052098","71000001","(221640,67640,1318)","","(221640,67640,1318)","","","","","0","1","19384600","0","0","","","1","","","","","","","","","10","","0","","","","","","","",""
"15001320","0","1","580","","22","16","90000582","0","0","17005175","17004877","0","15001321","","(90052098)","0","82011876","90052098","71000001","(223799,69587,1598)","","(223799,69587,1598)","","","","","0","1","19463700","0","0","","","1","","","","","","","","","10","","0","","","","","","","",""
"15001321","0","1","580","","22","17","90000583","0","0","17005175","17004883","0","15001322","","(90052098)","0","82011877","90052098","71000001","(224170,74150,2068)","","(224170,74150,2068)","","","","","0","1","19543000","0","0","","","1","","","","","","","","","10","","0","","","","","","","",""
"15001322","0","1","580","","22","18","90000584","0","0","17005175","17004885","0","15001323","","(90052098)","0","82011878","90052098","71000001","(225070,79720,2608)","","(225070,79720,2608)","","","","","0","1","19622500","0","0","","","1","","","","","","","","","10","","0","","","","","","","",""
"15001323","0","1","580","","22","19","90000585","0","0","17005175","17004887","0","15001324","","(90052098)","0","82011879","90052098","71000001","(226750,80230,2608)","","(226750,80230,2608)","","","","","0","1","19702200","0","0","","","1","","","","","","","","","10","","0","","","","","","","",""
"15001324","0","1","580","","22","20","90000586","0","0","17005175","17004890","0","15001325","","(90052098)","0","82011880","90052098","71000001","(224210,82900,2988)","","(224210,82900,2988)","","","","","0","1","19782100","0","0","","","1","","","","","","","","","10","","0","","","","","","","",""
"15001325","0","0","580","","22","21","90000587","0","0","17005175","17004892","0","15001326","(76001068,1)","(90052098)","0","82012417","90052098","71000001","(224210,82900,2988)","","(224210,82900,2988)","","76001051","","","0","1","19862200","0","0","","","1","","","","","","","","","10","","0","","","","","","","",""
"15001326","0","0","580","","22","22","90000588","0","0","17005175","17004895","0","15001327","(76001069,70)","(90052098)","0","82011881","90052098","71000001","(227770,75910,2058)","","(229700,75570,2058)","","","","","0","1","19942500","0","0","","","1","","","","","","","","","10","","0","","","","","","","",""
"15001327","0","1","580","","22","23","90000589","0","0","17005175","17004897","0","15001328","","(90052098)","0","82011882","90052098","71000001","(228970,72220,2058)","","(228970,72220,2058)","","","","","0","1","20023000","0","0","","","1","","","","","","","","","10","","0","","","","","","","",""
"15001328","0","0","580","","22","24","90000590","0","0","17005175","17004899","0","15001329","(76001070,70)","(90052098)","0","82011884","90052098","71000001","(227400,73240,2058)","","(221640,67640,1318)","","","","","0","1","20103700","0","0","","","1","","","","","","","","","10","","0","","","","","","","",""
"15001329","0","0","580","","22","25","90000591","0","0","17005175","17004900","0","15001330","(76001067,70)","(90052098)","0","82011885","90052098","71000001","(219160,67170,1318)","","(214729,70470,1318)","","","","","0","1","20184600","0","0","","","1","","","","","","","","","10","","0","","","","","","","",""
"15001330","0","0","580","","22","26","90000592","0","0","17005175","17004902","0","15001331","(76001073,70)","(90052098)","0","82011886","90052098","71000001","(213710,72910,1318)","","(214400,79199,1838)","","","","","0","1","20265700","0","0","","","1","","","","","","","","","10","","0","","","","","","","",""
"15001331","0","0","580","","22","27","90000593","0","0","17005175","17004905","0","15001332","(76001075,70)","(90052098)","0","82011887","90052098","71000001","(207910,77510,1318)","","(207272,81024,1346)","","","","","0","1","20347000","0","0","","","1","","","","","","","","","10","","0","","","","","","","",""
"15001332","0","0","580","","22","28","90000594","0","0","17005175","17004910","0","15001333","(76001076,70)","(90052098)","0","82011888","90052098","71000001","(212860,85440,1318)","","(215113,86779,1318)","","","","","0","1","20428500","0","0","","","1","","","","","","","","","10","","0","","","","","","","",""
"15001333","0","0","580","","22","29","90000595","0","0","17005175","17004918","0","15001334","(76001077,1)","(90052098)","0","82012411","90052098","71000001","(215113,86779,1318)","","(215113,86779,1318)","","76001060","","","0","1","20510200","0","0","","","1","","","","","","","","","10","","0","","","","","","","",""
"15001334","0","0","580","","22","30","90000596","0","0","17005175","17004920","0","15001335","(76001061,1)","(90052098)","0","82011890","90052098","71000001","(215953,87262,1628)","","(213654,87816,1365)","","","","","0","1","20592100","0","0","(11,500)","","1","","","","","","","","","10","","0","","","","","","","",""
"15001335","0","1","590","","23","0","90000597","0","0","17005175","17004927","0","15001336","","(90052099)","0","82011971","90052099","71000001","(154310,77710,1088)","","(154310,77710,1088)","","","","","0","1","20674200","0","0","","","1","","","","","(15030070)","","","","10","","0","","","","","","","",""
"15001336","0","0","590","","23","1","90000598","0","0","17005175","17004933","0","15001337","(76001105,70)","(90052099)","0","82011972","90052099","71000001","(154290,74910,1088)","","(154690,72129,1088)","","","","","0","1","20756500","0","0","","","1","","","","","","","","","10","","0","","","","","","","",""
"15001337","0","1","590","","23","2","90000599","0","0","17005175","17004935","0","15001338","","(90052099)","0","82011973","90052099","71000001","(155847,73617,1106)","","(155847,73617,1106)","","","","","0","1","20839000","0","0","","","1","","","","","","","","","10","","0","","","","","","","",""
"15001338","0","1","590","","23","3","90000600","0","0","17005175","17004938","0","15001339","","(90052099)","0","82011972","90052099","71000001","(154690,72129,1088)","","(154690,72129,1088)","","","","","0","1","20921700","0","0","","","1","","","","","","","","","10","","0","","","","","","","",""
"15001339","0","0","590","","23","4","90000601","0","0","17005175","17004941","0","15001340","(76001106,70)","(90052099)","0","82011975","90052099","71000001","(156621,69901,1089)","","(158517,68358,1033)","","","","","0","1","21004600","0","0","","","1","","","","","","","","","10","","0","","","","","","","",""
"15001340","0","1","590","","23","5","90000602","0","0","17005175","17004943","0","15001341","","(90052099)","0","82011974","90052099","71000001","(175323,169943,4618)","","(175323,169943,4618)","","","","","0","1","21087700","0","0","","","1","","","","","","","","","10","","0","","","","","","","",""
"15001341","0","1","590","","23","6","90000603","0","0","17005175","17004947","0","15001342","","(90052099)","0","82011976","90052099","71000001","(159369,66629,1088)","","(159369,66629,1088)","","","","","0","1","21171000","0","0","","","1","","","","","","","","","10","","0","","","","","","","",""
"15001342","0","1","590","","23","7","90000604","0","0","17005175","17004950","0","15001343","","(90052099)","0","82011974","90052099","71000001","(175323,169943,4618)","","(175323,169943,4618)","","","","","0","1","21254500","0","0","","","1","","","","","","","","","10","","0","","","","","","","",""
"15001343","0","1","590","","23","8","90000605","0","0","17005175","17004959","0","15001344","","(90052099)","0","82011976","90052099","71000001","(159369,66629,1088)","","(159369,66629,1088)","","","","","0","1","21338200","0","0","","","1","","","","","","","","","10","","0","","","","","","","",""
"15001344","0","0","590","","23","9","90000606","0","0","17005175","17004967","0","15001345","(76001107,70)","(90052099)","0","82011977","90052099","71000001","(161920,66190,1088)","","(163960,67840,1088)","","","","","0","1","21422100","0","0","","","1","","","","","","","","","10","","0","","","","","","","",""
"15001345","0","0","590","","23","10","90000607","0","0","17005175","17004972","0","15001346","(76001108,70)","(90052099)","0","82011978","90052099","71000001","(165580,70700,1648)","","(166850,73550,1648)","","","","","0","1","21506200","0","0","","","1","","","","","","","","","10","","0","","","","","","","",""
"15001346","0","0","590","","23","11","90000608","0","0","17005175","17004975","0","15001347","(76001109,70)","(90052099)","0","82011979","90052099","71000001","(163860,72680,1648)","","(164360,74360,1648)","","","","","0","1","21590500","0","0","","","1","","","","","","","","","10","","0","","","","","","","",""
"15001347","0","1","590","","23","12","90000609","0","0","17005175","17004978","0","15001348","","(90052099)","0","82011980","90052099","71000001","(163680,77890,2048)","","(163680,77890,2048)","","","","","0","1","21675000","0","0","","","1","","","","","","","","","10","","0","","","","","","","",""
"15001348","0","1","590","","23","13","90000610","0","0","17005175","17004983","0","15001349","","(90052099)","0","82011981","90052099","71000001","(163339,74320,1638)","","(163339,74320,1638)","","","","","0","1","21759700","0","0","","","1","","","","","","","","","10","","0","","","","","","","",""
"15001349","0","1","590","","23","14","90000611","0","0","17005175","17004988","0","15001350","","(90052099)","0","82011982","90052099","71000001","(161830,75940,1638)","","(161830,75940,1638)","","","","","0","1","21844600","0","0","","","1","","","","","","","","","10","","0","","","","","","","",""
"15001350","0","1","590","","23","15","90000612","0","0","17005175","17004989","0","15001351","","(90052099)","0","82011983","90052099","71000001","(160200,74250,1638)","","(160200,74250,1638)","","","","","0","1","21929700","0","0","","","1","","","","","","","","","10","","0","","","","","","","",""
"15001351","0","1","590","","23","16","90000613","0","0","17005175","17004993","0","15001352","","(90052099)","0","82011984","90052099","71000001","(163339,70960,1648)","","(163339,70960,1648)","","","","","0","1","22015000","0","0","","","1","","","","","","","","","10","","0","","","","","","","",""
"15001352","0","0","590","","23","17","90000614","0","0","17005175","17004995","0","15001353","(76001110,70)","(90052099)","0","82011985","90052099","71000001","(167299,66881,1088)","","(171612,69218,1080)","","","","","0","1","22100500","0","0","","","1","","","","","","","","","10","","0","","","","","","","",""
"15001353","0","0","600","","23","18","90000615","0","0","17005175","17004999","0","15001354","(76001111,70)","(90052099)","0","82011986","90052099","71000001","(175285,70903,1091)","","(177290,73490,1088)","","","","","0","1","22186200","0","0","","","1","","","","","","","","","10","","0","","","","","","","",""
"15001354","0","0","600","","23","19","90000616","0","0","17005175","17005004","0","15001355","(76001112,70)","(90052099)","0","82011987","90052099","71000001","(172971,74000,1607)","","(176810,77771,2999)","","","","","0","1","22272100","0","0","","","1","","","","","","","","","10","","0","","","","","","","",""
"15001355","0","0","600","","23","20","90000617","0","0","17005175","17005010","0","15001356","(76001113,70)","(90052099)","0","82011988","90052099","71000001","(177880,80539,3088)","","(177910,82359,3088)","","","","","0","1","22358200","0","0","","","1","","","","","","","","","10","","0","","","","","","","",""
"15001356","0","1","600","","23","21","90000630","0","0","17005175","17005074","0","15001357","","(90052099)","","82011990","90052099","71000001","(179200,80480,3088)","","(179200,80480,3088)","","","","","0","1","22444500","0","0","","","1","","","","","","","","","10","","0","","","","","","","",""
"15001357","0","1","600","","23","22","90000618","0","0","17005175","17005012","0","15001358","","(90052099)","0","82011990","90052099","71000001","(179200,80480,3088)","","(179200,80480,3088)","","","","","0","1","22531000","0","0","","","1","","","","","","","","","10","","0","","","","","","","",""
"15001358","0","0","600","","23","23","90000619","0","0","17005175","17005017","0","15001359","(76001114,70)","(90052099)","0","82011991","90052099","71000001","(179580,84209,3088)","","(181923,86494,3228)","","","","","0","1","22617700","0","0","","","1","","","","","","","","","10","","0","","","","","","","",""
"15001359","0","1","600","","23","24","90000620","0","0","17005175","17005028","0","15001360","","(90052099)","0","82012069","90052099","71000001","(181923,86494,3228)","","(182060,86890,3228)","","","","","0","1","22704600","0","0","","","1","","","","","","","","","10","","0","","","","","","","",""
"15001360","0","1","600","","23","25","90000621","0","0","17005175","17005030","0","15001361","","(90052099)","0","82011992","90052099","71000001","(181310,86030,3228)","","(181310,86030,3228)","","","","","0","1","22791700","0","0","","","1","","","","","","","","","10","","0","","","","","","","",""
"15001361","0","1","600","","23","26","90000622","0","0","17005175","17005032","0","15001362","","(90052099)","0","82011990","90052099","71000001","(179200,80480,3088)","","(179200,80480,3088)","","","","","0","1","22879000","0","0","","","1","","","","","","","","","10","","0","","","","","","","",""
"15001362","0","1","600","","23","27","90000623","0","0","17005175","17005036","0","15001363","","(90052099)","0","82011994","90052099","71000001","(173450,79580,3088)","","(173450,79580,3088)","","","","","0","1","22966500","0","0","","","1","","","","","","","","","10","","0","","","","","","","",""
"15001363","0","1","600","","23","28","90000624","0","0","17005175","17005038","0","15001364","","(90052099)","0","82011994","90052099","71000001","(173450,79580,3088)","","(173450,79580,3088)","","","","","0","1","23054200","0","0","","","1","","","","","","","","","10","","0","","","","","","","",""
"15001364","0","0","600","","23","29","90000625","0","0","17005175","17005040","0","15001365","(76001116,70)","(90052099)","0","82011995","90052099","71000001","(169720,81090,3088)","","(167874,85117,3101)","","","","","0","1","23142100","0","0","","","1","","","","","","","","","10","","0","","","","","","","",""
"15001365","0","1","600","","23","30","90000626","0","0","17005175","17005047","0","15001366","","(90052099)","0","82011996","90052099","71000001","(167083,83900,3100)","","(167083,83900,3100)","","","","","0","1","23230200","0","0","","","1","","","","","","","","","10","","0","","","","","","","",""
"15001366","0","1","600","","23","31","90000627","0","0","17005175","17005050","0","15001367","","(90052099)","0","82011997","90052099","71000001","(165753,87060,3088)","","(165753,87060,3088)","","","","","0","1","23318500","0","0","","","1","","","","","","","","","10","","0","","","","","","","",""
"15001367","0","0","600","","23","32","90000628","0","0","17005175","17005176","0","15001368","(76001162,1)","(90052099)","0","82012412","90052099","71000001","(165753,87060,3088)","","(165753,87060,3088)","","76001104","","","0","1","23407000","0","0","(11,500)","","1","","","","","","","","","10","","0","","","","","","","",""
"15001368","0","4","600","","23","33","90000629","0","0","17005175","17005055","0","15001369","","(90052099)","0","82012412","90052099","71000001","(165753,87060,3088)","","(165753,87060,3088)","","","","(49690,66280,3128)","0","1","23495700","0","0","","","1","","","","","","","","","10","","0","","","","","","","",""
"15001369","0","1","600","","24","0","90000631","0","0","17005175","17005178","0","15001370","","(90052004)","0","82010467","90052004","71000001","(52709,66289,3048)","","(52709,66289,3098)","","","","","0","1","23584600","0","0","","","1","","","","","","","","","10","","0","","","","","","","",""
"15001370","0","1","600","","24","1","90400000","0","0","17005175","17005226","0","15001371","","(90052004)","0","82012888","90052004","71000001","(71968,66270,4478)","","(71968,66270,4478)","","","","","0","1","111000000","0","0","","","1","","","","","","","","","10","","0","","","","","","","",""
"15001371","0","1","600","","24","2","90400001","0","0","17005175","17005229","0","15001372","","(90052004)","0","82012888","90052004","71000001","(71968,66270,4478)","","(71968,66270,4478)","","","","","0","1","112300000","0","0","","","1","","","","","","","","","10","","0","","","","","","","",""
"15001372","0","1","600","","24","3","90400002","0","0","17005175","17005232","0","15001373","","(90052011)","0","82012835","90052011","71000001","(105830,40060,1280)","","(105830,40060,1280)","","","","","0","1","113700000","0","0","","","1","","","","","","","","","10","","0","","","","","","","",""
"15001373","0","0","600","","24","4","90400003","0","0","17005175","17005237","0","15001374","(76004216,70)","(90052011)","0","82012834","90052011","71000001","(105830,40060,1280)","","(99490,47738,1280)","","","","","0","1","115000000","0","0","","","1","","","","","","","","","10","","0","","","","","","","",""
"15001374","0","1","600","","24","5","90400004","0","0","17005175","17005238","0","15001375","","(90052011)","0","82012834","90052011","71000001","(99490,47738,1280)","","(99490,47738,1280)","","","","","0","1","116400000","0","0","","","1","","","","","","","","","10","","0","","","","","","","",""
"15001375","0","0","600","","24","6","90400005","0","0","17005175","17005241","0","15001376","(76004215,70)","(90052011)","0","82012834","90052011","71000001","(100720,39400,1260)","","(99490,47738,1280)","","","","","0","1","117800000","0","0","","","1","","","","","","","","","10","","0","","","","","","","",""
"15001376","0","1","600","","24","7","90400006","0","0","17005175","17005242","0","15001377","","(90052011)","0","82012834","90052011","71000001","(99490,47738,1280)","","(99490,47738,1280)","","","","","0","1","119200000","0","0","","","1","","","","","","","","","10","","0","","","","","","","",""
"15001377","0","1","600","","24","8","90400007","0","0","17005175","17005245","0","15001378","","(90052011)","0","82012888","90052004","71000001","(71968,66270,4478)","","(71968,66270,4478)","","","","","0","1","120700000","0","0","","","1","","","","","","","","","10","","0","","","","","","","",""
"15001378","0","1","600","","24","9","90400008","0","0","17005175","17005251","0","15001379","","(90052004)","0","82012891","90052004","71000001","(83473,66289,4458)","","(83473,66289,4458)","","76000262","","","0","1","122100000","0","0","","","1","","","","","","","","","10","","0","","","","","","","",""
"15001379","0","1","600","","24","10","90400009","0","0","17005175","17005257","0","15001380","","(90052006)","0","82012836","90052006","71000001","(10150,109850,2240)","","(10150,109850,2240)","","","","","0","1","123600000","0","0","","","1","","","","","","","","","10","","0","","","","","","","",""
"15001380","0","1","600","","24","11","90400010","0","0","17005175","17005262","0","15001381","","(90052099)","0","82012836","90052006","71000001","(10150,109850,2240)","","(10150,109850,2240)","","","","","0","1","125000000","0","0","","","1","","","","","","","","","10","","0","","","","","","","",""
"15001381","0","0","600","","24","12","90400011","0","0","17005175","17005264","0","15001382","(76004217,70)","(90052099)","0","82012836","90052006","71000001","(161909,72550,1660)","","(10150,109850,2240)","","","","","0","1","126500000","0","0","","","1","","","","","","","","","10","","0","","","","","","","",""
"15001382","0","1","600","","24","13","90400012","0","0","17005175","17005265","0","15001383","","(90052093)","0","82012836","90052006","71000001","(10150,109850,2240)","","(10150,109850,2240)","","","","","0","1","128000000","0","0","","","1","","","","","","","","","10","","0","","","","","","","",""
"15001383","0","0","600","","24","14","90400013","0","0","17005175","17005267","0","15001384","(76004218,70)","(90052093)","0","82012836","90052006","71000001","(202129,132120,1650)","","(10150,109850,2240)","","","","","0","1","129500000","0","0","","","1","","","","","","","","","10","","0","","","","","","","",""
"15001384","0","1","600","","24","15","90400014","0","0","17005175","17005268","0","15001385","","(90052086)","0","82012836","90052006","71000001","(10150,109850,2240)","","(10150,109850,2240)","","","","","0","1","131100000","0","0","","","1","","","","","","","","","10","","0","","","","","","","",""
"15001385","0","0","600","","24","16","90400015","0","0","17005175","17005270","0","15001386","(76004219,70)","(90052086)","0","82012836","90052006","71000001","(52269,169860,1550)","","(10150,109850,2240)","","","","","0","1","132600000","0","0","","","1","","","","","","","","","10","","0","","","","","","","",""
"15001386","0","1","610","","24","17","90400016","0","0","17005175","17005271","0","15001387","","(90052006)","0","82012836","90052006","71000001","(10150,109850,2240)","","(10150,109850,2240)","","","","","0","1","134200000","0","0","","","1","","","","","","","","","10","","0","","","","","","","",""
"15001387","0","1","610","","25","0","90400017","0","0","17005175","17005275","0","15001388","","(90052004)","0","82012888","90052004","71000001","(71968,66270,4478)","","(71968,66270,4478)","","","","","0","1","135800000","0","0","","","1","","","","","","","","","10","","0","","","","","","","",""
"15001388","0","1","610","","25","1","90400018","0","0","17005175","17005278","0","15001389","","(90052097)","0","82012838","90052097","71000001","(221588,17040,3873)","","(221588,17040,3873)","","","","","0","1","137400000","0","0","","","1","","","","","","","","","10","","0","","","","","","","",""
"15001389","0","0","610","","25","2","90400019","0","0","17005175","17005284","0","15001390","(76004288,1)","(90052097)","0","82012837","90052097","71000001","(221588,17040,3873)","","(220940,15880,4030)","","","","","0","1","139000000","0","0","","","1","","","","","","","","","10","","0","","","","","","","",""
"15001390","0","1","610","","25","3","90400020","0","0","17005175","17005285","0","15001391","","(90052097)","0","82012837","90052097","71000001","(220940,15880,4030)","","(220940,15880,4030)","","","","","0","1","140600000","0","0","","","1","","","","","","","","","10","","0","","","","","","","",""
"15001391","0","1","610","","25","4","90400021","0","0","17005175","17005290","0","15001392","","(90052097)","0","82012839","90052097","71000001","(225132,22036,3996)","","(225132,22036,3996)","","","","","0","1","142300000","0","0","","","1","","","","","","","","","10","","0","","","","","","","",""
"15001392","0","0","610","","25","5","90400022","0","0","17005175","17005295","0","15001393","(76004220,70)","(90052097)","0","82012839","90052099","71000001","(217760,74150,2130)","","(225132,22036,3996)","","","","","0","1","143900000","0","0","","","1","","","","","","","","","10","","0","","","","","","","",""
"15001393","0","1","610","","25","6","90400023","0","0","17005175","17005296","0","15001394","","(90052099)","0","82012840","90052099","71000001","(181230,69689,1190)","","(181230,69689,1190)","","","","","0","1","145600000","0","0","","","1","","","","","","","","","10","","0","","","","","","","",""
"15001394","0","0","610","","25","7","90400024","0","0","17005175","17005297","0","15001395","(76004289,1)","(90052099)","0","82012841","90052099","71000001","(181230,69689,1190)","","(180500,70159,1170)","","","","","0","1","147300000","0","0","","","1","","","","","","","","","10","","0","","","","","","","",""
"15001395","0","1","610","","25","8","90400025","0","0","17005175","17005298","0","15001396","","(90052099)","0","82012841","90052099","71000001","(180500,70159,1170)","","(180500,70159,1170)","","","","","0","1","149100000","0","0","","","1","","","","","","","","","10","","0","","","","","","","",""
"15001396","0","0","610","","25","9","90400026","0","0","17005175","17005299","0","15001397","(76004290,1)","(90052099)","0","82012842","90052099","71000001","(180500,70159,1170)","","(181280,70529,1170)","","","","","0","1","150800000","0","0","","","1","","","","","","","","","10","","0","","","","","","","",""
"15001397","0","1","610","","25","10","90400027","0","0","17005175","17005300","0","15001398","","(90052099)","0","82012842","90052099","71000001","(181280,70529,1170)","","(181280,70529,1170)","","","","","0","1","152500000","0","0","","","1","","","","","","","","","10","","0","","","","","","","",""
"15001398","0","0","610","","25","11","90400028","0","0","17005175","17005301","0","15001399","(76004291,1)","(90052099)","0","82012839","90052099","71000001","(181280,70529,1170)","","(225132,22036,3996)","","","","","0","1","154300000","0","0","","","1","","","","","","","","","10","","0","","","","","","","",""
"15001399","0","0","610","","25","12","90400029","0","0","17005175","17005302","0","15001400","(76004220,70)","(90052099)","0","82012843","90052099","71000001","(217760,74150,2130)","","(181010,70169,1100)","","","","","0","1","156100000","0","0","","","1","","","","","","","","","10","","0","","","","","","","",""
"15001400","0","1","610","","25","13","90400030","0","0","17005175","17005303","0","15001401","","(90052099)","0","82012843","90052099","71000001","(181010,70169,1100)","","(181010,70169,1100)","","","","","0","1","157900000","0","0","","","1","","","","","","","","","10","","0","","","","","","","",""
"15001401","0","1","610","","25","14","90400031","0","0","17005175","17005310","0","15001402","","(90052098)","0","82012844","90052098","71000001","(224170,76550,2090)","","(224170,76550,2090)","","","","","0","1","159800000","0","0","","","1","","","","","","","","","10","","0","","","","","","","",""
"15001402","0","0","610","","25","15","90400032","0","0","17005175","17005314","0","15001403","(76004292,1)","(90052098)","0","82012888","90052098","71000001","(224170,76550,2090)","","(71968,66270,4478)","","","","","0","1","161600000","0","0","","","1","","","","","","","","","10","","0","","","","","","","",""
"15001403","0","1","610","","25","16","90400033","0","0","17005175","17005315","0","15001404","","(90052004)","0","82012888","90052004","71000001","(71968,66270,4478)","","(71968,66270,4478)","","","","","0","1","163500000","0","0","","","1","","","","","","","","","10","","0","","","","","","","",""
"15001404","0","1","610","","25","17","90400034","0","0","17005175","17005318","0","15001405","","(90052004)","0","82010494","90052004","71000001","(57040,72700,3058)","","(57040,72700,3058)","","","","","0","1","165400000","0","0","","","1","","","","","","","","","10","","0","","","","","","","",""
"15001405","0","1","610","","25","18","90400035","0","0","17005175","17005320","0","15001406","","(90052004)","0","82010466","90052004","71000001","(57700,59200,3028)","","(57700,59200,3028)","","","","","0","1","167300000","0","0","","","1","","","","","","","","","10","","0","","","","","","","",""
"15001406","0","1","610","","25","19","90400036","0","0","17005175","17005322","0","15001407","","(90052004)","0","82012845","90052004","71000001","(53820,65240,3050)","","(53820,65240,3050)","","","","","0","1","169200000","0","0","","","1","","","","","","","","","10","","0","","","","","","","",""
"15001407","0","1","610","","25","20","90400037","0","0","17005175","17005326","0","15001408","","(90052004)","0","82012846","90052004","71000001","(57459,80270,2830)","","(57459,80270,2830)","","","","","0","1","171100000","0","0","","","1","","","","","","","","","10","","0","","","","","","","",""
"15001408","0","0","610","","25","21","90400038","0","0","17005175","17005333","0","15001409","(76004293,1)","(90052004)","0","82012888","90052004","71000001","(57459,80270,2830)","","(71968,66270,4478)","","","","","0","1","173100000","0","0","","","1","","","","","","","","","10","","0","","","","","","","",""
"15001409","0","1","620","","26","0","90400039","0","0","17005175","17005334","0","15001410","","(90052004)","0","82012888","90052004","71000001","(71968,66270,4478)","","(71968,66270,4478)","","","","","0","1","175100000","0","0","","","1","","","","","","","","","10","","0","","","","","","","",""
"15001410","0","1","620","","26","1","90400040","0","0","17005175","17005337","0","15001411","","(90052004)","0","82012889","90052004","71000001","(72270,65960,4448)","","(72270,65960,4448)","","","","","0","1","177100000","0","0","","","1","","","","","","","","","10","","0","","","","","","","",""
"15001411","0","1","620","","26","2","90400041","0","0","17005175","17005340","0","15001412","","(90052085)","0","82012847","90052085","71000001","(31721,158628,2623)","","(31721,158628,2623)","","","","","0","1","179100000","0","0","","","1","","","","","","","","","10","","0","","","","","","","",""
"15001412","0","0","620","","26","3","90400042","0","0","17005175","17005344","0","15001413","(76004221,70)","(90052085)","0","82012892","90052085","71000001","(29712,176874,2725)","","(29981,162341,2549)","","","","","0","1","181100000","0","0","","","1","","","","","","","","","10","","0","","","","","","","",""
"15001413","0","1","620","","26","4","90400043","0","0","17005175","17005345","0","15001414","","(90052085)","0","82012892","90052085","71000001","(29981,162341,2549)","","(29981,162341,2549)","","","","","0","1","183200000","0","0","","","1","","","","","","","","","10","","0","","","","","","","",""
"15001414","0","1","620","","26","5","90400044","0","0","17005175","17005351","0","15001415","","(90052004)","0","82012890","90052004","71000001","(72270,66730,4478)","","(72270,66730,4478)","","","","","0","1","185300000","0","0","","","1","","","","","","","","","10","","0","","","","","","","",""
"15001415","0","1","620","","26","6","90400045","0","0","17005175","17005357","0","15001416","","(90052085)","0","82012892","90052085","71000001","(29981,162341,2549)","","(29981,162341,2549)","","","","","0","1","187400000","0","0","","","1","","","","","","","","","10","","0","","","","","","","",""
"15001416","0","1","620","","26","7","90400046","0","0","17005175","17005362","0","15001417","","(90052092)","0","82012848","90052092","71000001","(117120,113640,1680)","","(117120,113640,1680)","","","","","0","1","189500000","0","0","","","1","","","","","","","","","10","","0","","","","","","","",""
"15001417","0","0","620","","26","8","90400047","0","0","17005175","17005366","0","15001418","(76004294,1)","(90052092)","0","82012849","90052092","71000001","(117120,113640,1680)","","(171660,128150,1740)","","","","","0","1","191700000","0","0","","","1","","","","","","","","","10","","0","","","","","","","",""
"15001418","0","1","620","","26","9","90400048","0","0","17005175","17005367","0","15001419","","(90052092)","0","82012849","90052092","71000001","(171660,128150,1740)","","(171660,128150,1740)","","","","","0","1","193900000","0","0","","","1","","","","","","","","","10","","0","","","","","","","",""
"15001419","0","0","620","","26","10","90400049","0","0","17005175","17005370","0","15001420","(76004295,1)","(90052092)","0","82012850","90052092","71000001","(171660,128150,1740)","","(172340,127490,1740)","","","","","0","1","196000000","0","0","","","1","","","","","","","","","10","","0","","","","","","","",""
"15001420","0","1","620","","26","11","90400050","0","0","17005175","17005371","0","15001421","","(90052092)","0","82012850","90052092","71000001","(172340,127490,1740)","","(172340,127490,1740)","","","","","0","1","198300000","0","0","","","1","","","","","","","","","10","","0","","","","","","","",""
"15001421","0","0","620","","26","12","90400051","0","0","17005175","17005373","0","15001422","(76004296,1)","(90052092)","0","82012960","90052092","71000001","(172340,127490,1740)","","(172340,127490,1740)","","","","","0","1","200500000","0","0","","","1","","","","","","","","","10","","0","","","","","","","",""
"15001422","0","1","620","","26","13","90400052","0","0","17005175","17005374","0","15001423","","(90052092)","0","82012960","90052092","71000001","(172340,127490,1740)","","(172340,127490,1740)","","","","","0","1","202800000","0","0","","","1","","","","","","","","","10","","0","","","","","","","",""
"15001423","0","1","620","","26","14","90400053","0","0","17005175","17005376","0","15001424","","(90052092)","0","82012851","90052092","71000001","(170860,127820,1740)","","(170860,127820,1740)","","","","","0","1","205000000","0","0","","","1","","","","","","","","","10","","0","","","","","","","",""
"15001424","0","0","620","","26","15","90400054","0","0","17005175","17005379","0","15001425","(76004297,1)","(90052092)","0","82012852","90052092","71000001","(170860,127820,1740)","","(171547,127451,1871)","","","","","0","1","207300000","0","0","","","1","","","","","","","","","10","","0","","","","","","","",""
"15001425","0","1","620","","26","16","90400055","0","0","17005175","17005380","0","15001426","","(90052092)","0","82012852","90052092","71000001","(171547,127451,1871)","","(171547,127451,1871)","","","","","0","1","209700000","0","0","","","1","","","","","","","","","10","","0","","","","","","","",""
"15001426","0","0","620","","26","17","90400056","0","0","17005175","17005385","0","15001427","(76004298,1)","(90052092)","0","82012892","90052092","71000001","(171547,127451,1871)","","(29981,162341,2549)","","","","","0","1","212000000","0","0","","","1","","","","","","","","","10","","0","","","","","","","",""
"15001427","0","1","620","","26","18","90400057","0","0","17005175","17005386","0","15001428","","(90052085)","0","82012892","90052085","71000001","(29981,162341,2549)","","(29981,162341,2549)","","","","","0","1","214400000","0","0","","","1","","","","","","","","","10","","0","","","","","","","",""
"15001428","0","1","630","","26","19","90400058","0","0","17005175","17005392","0","15001429","","(90052087)","0","82012853","90052087","71000001","(92850,170780,1240)","","(92850,170780,1240)","","","","","0","1","216800000","0","0","","","1","","","","","","","","","10","","0","","","","","","","",""
"15001429","0","0","630","","26","20","90400059","0","0","17005175","17005393","0","15001430","(76004299,1)","(90052087)","0","82012854","90052087","71000001","(92850,170780,1240)","","(93950,169470,1240)","","","","","0","1","219200000","0","0","","","1","","","","","","","","","10","","0","","","","","","","",""
"15001430","0","1","630","","26","21","90400060","0","0","17005175","17005394","0","15001431","","(90052087)","0","82012854","90052087","71000001","(93950,169470,1240)","","(93950,169470,1240)","","","","","0","1","221700000","0","0","","","1","","","","","","","","","10","","0","","","","","","","",""
"15001431","0","0","630","","26","22","90400061","0","0","17005175","17005395","0","15001432","(76004300,1)","(90052087)","0","82012855","90052087","71000001","(93950,169470,1240)","","(92090,169270,1240)","","","","","0","1","224100000","0","0","","","1","","","","","","","","","10","","0","","","","","","","",""
"15001432","0","1","630","","26","23","90400062","0","0","17005175","17005396","0","15001433","","(90052087)","0","82012855","90052087","71000001","(92090,169270,1240)","","(92090,169270,1240)","","","","","0","1","226600000","0","0","","","1","","","","","","","","","10","","0","","","","","","","",""
"15001433","0","0","630","","26","24","90400063","0","0","17005175","17005397","0","15001434","(76004301,1)","(90052087)","0","82012889","90052087","71000001","(92090,169270,1240)","","(72270,65960,4448)","","","","","0","1","229100000","0","0","","","1","","","","","","","","","10","","0","","","","","","","",""
"15001434","0","1","630","","27","0","90400064","0","0","17005175","17005398","0","15001435","","(90052004)","0","82012889","90052004","71000001","(72270,65960,4448)","","(72270,65960,4448)","","","","","0","1","231700000","0","0","","","1","","","","","","","","","10","","0","","","","","","","",""
"15001435","0","1","630","","27","1","90400065","0","0","17005175","17005400","0","15001436","","(90052009)","0","82012890","90052009","71000001","(72270,66730,4478)","","(72270,66730,4478)","","","","","0","1","234200000","0","0","","","1","","","","","","","","","10","","0","","","","","","","",""
"15001436","0","0","630","","27","2","90400066","0","0","17005175","17005404","0","15001437","(76004222,90)","(90052009)","0","82012890","90052009","71000001","(70152,8678,5275)","","(72270,66730,4478)","","","","","0","1","236800000","0","0","","","1","","","","","","","","","10","","0","","","","","","","",""
"15001437","0","1","630","","27","3","90400067","0","0","17005175","17005405","0","15001438","","(90052009)","0","82012856","90052009","71000001","(77920,14190,3820)","","(77920,14190,3820)","","","","","0","1","239500000","0","0","","","1","","","","","","","","","10","","0","","","","","","","",""
"15001438","0","0","630","","27","4","90400068","0","0","17005175","17005406","0","15001439","(76004223,50)","(90052009)","0","82012856","90052009","71000001","(69205,7110,5245)","","(77920,14190,3820)","","","","","0","1","242100000","0","0","","","1","","","","","","","","","10","","0","","","","","","","",""
"15001439","0","1","630","","27","5","90400069","0","0","17005175","17005407","0","15001440","","(90052009)","0","82012856","90052009","71000001","(77920,14190,3820)","","(77920,14190,3820)","","","","","0","1","244800000","0","0","","","1","","","","","","","","","10","","0","","","","","","","",""
"15001440","0","0","630","","27","6","90400070","0","0","17005175","17005411","0","15001441","(76004224,80)","(90052009)","0","82012856","90052009","71000001","(71970,7310,5270)","","(77920,14190,3820)","","","","","0","1","247500000","0","0","","","1","","","","","","","","","10","","0","","","","","","","",""
"15001441","0","1","630","","27","7","90400071","0","0","17005175","17005412","0","15001442","","(90052009)","0","82012856","90052009","71000001","(77920,14190,3820)","","(77920,14190,3820)","","","","","0","1","250200000","0","0","","","1","","","","","","","","","10","","0","","","","","","","",""
"15001442","0","1","630","","27","8","90400072","0","0","17005175","17005415","0","15001443","","(90052009)","0","82012857","90052009","71000001","(70790,6970,5270)","","(70790,6970,5270)","","","","","0","1","252900000","0","0","","","1","","","","","","","","","10","","0","","","","","","","",""
"15001443","0","0","630","","27","9","90400073","0","0","17005175","17005419","0","15001444","(76004302,1)","(90052001)","0","82012894","90052001","71000001","(70790,6970,5270)","","(15311,19739,2238)","","","","","0","1","255700000","0","0","","","1","","","","","","","","","10","","0","","","","","","","",""
"15001444","0","1","640","","27","10","90400074","0","0","17005175","17005420","0","15001445","","(90052001)","0","82012894","90052001","71000001","(15311,19739,2238)","","(15311,19739,2238)","","","","","0","1","258500000","0","0","","","1","","","","","","","","","10","","0","","","","","","","",""
"15001445","0","1","640","","27","11","90400075","0","0","17005175","17005427","0","15001446","","(90052001)","0","82012894","90052001","71000001","(15311,19739,2238)","","(15311,19739,2238)","","","","","0","1","261300000","0","0","","","1","","","","","","","","","10","","0","","","","","","","",""
"15001446","0","1","640","","27","12","90400076","0","0","17005175","17005428","0","15001447","","(90052004)","0","82012888","90052004","71000001","(71968,66270,4478)","","(71968,66270,4478)","","","","","0","1","264200000","0","0","","","1","","","","","","","","","10","","0","","","","","","","",""
"15001447","0","1","640","","27","13","90400077","0","0","17005175","17005430","0","15001448","","(90052011)","0","82012834","90052011","71000001","(99490,47738,1280)","","(99490,47738,1280)","","","","","0","1","267100000","0","0","","","1","","","","","","","","","10","","0","","","","","","","",""
"15001448","0","0","640","","27","14","90400078","0","0","17005175","17005432","0","15001449","(76004225,70)","(90052011)","0","82012834","90052011","71000001","(98310,45510,1280)","","(99490,47738,1280)","","","","","0","1","270000000","0","0","","","1","","","","","","","","","10","","0","","","","","","","",""
"15001449","0","1","640","","27","15","90400079","0","0","17005175","17005433","0","15001450","","(90052011)","0","82012834","90052011","71000001","(99490,47738,1280)","","(99490,47738,1280)","","","","","0","1","272900000","0","0","","","1","","","","","","","","","10","","0","","","","","","","",""
"15001450","0","0","640","","27","16","90400080","0","0","17005175","17005434","0","15001451","(76004226,70)","(90052011)","0","82012834","90052011","71000001","(94970,18980,690)","","(99490,47738,1280)","","","","","0","1","275900000","0","0","","","1","","","","","","","","","10","","0","","","","","","","",""
"15001451","0","1","640","","27","17","90400081","0","0","17005175","17005435","0","15001452","","(90052011)","0","82012834","90052011","71000001","(99490,47738,1280)","","(99490,47738,1280)","","","","","0","1","278900000","0","0","","","1","","","","","","","","","10","","0","","","","","","","",""
"15001452","0","0","640","","27","18","90400082","0","0","17005175","17005436","0","15001453","(76004227,70)","(90052011)","0","82012834","90052011","71000001","(94370,21400,690)","","(99490,47738,1280)","","","","","0","1","281900000","0","0","","","1","","","","","","","","","10","","0","","","","","","","",""
"15001453","0","1","640","","27","19","90400083","0","0","17005175","17005437","0","15001454","","(90052011)","0","82012834","90052011","71000001","(99490,47738,1280)","","(99490,47738,1280)","","","","","0","1","285000000","0","0","","","1","","","","","","","","","10","","0","","","","","","","",""
"15001454","0","1","640","","27","20","90400084","0","0","17005175","17005445","0","15001455","","(90052011)","0","82012858","90052011","71000001","(97960,43870,1480)","","(97960,43870,1480)","","","","","0","1","288000000","0","0","","","1","","","","","","","","","10","","0","","","","","","","",""
"15001455","0","0","640","","27","21","90400085","0","0","17005175","17005447","0","15001456","(76004303,1)","(90052011)","0","82012889","90052011","71000001","(97960,43870,1480)","","(72270,65960,4448)","","","","","0","1","291200000","0","0","","","1","","","","","","","","","10","","0","","","","","","","",""
"15001456","0","1","650","","28","0","90400086","0","0","17005175","17005448","0","15001457","","(90052004)","0","82012889","90052004","71000001","(72270,65960,4448)","","(72270,65960,4448)","","","","","0","1","294300000","0","0","","","1","","","","","","","","","10","","0","","","","","","","",""
"15001457","0","1","650","","28","1","90400087","0","0","17005175","17005449","0","15001458","","(90052004)","0","82012859","90052004","71000001","(62470,68160,3130)","","(62470,68160,3130)","","","","","0","1","297500000","0","0","","","1","","","","","","","","","10","","0","","","","","","","",""
"15001458","0","1","650","","28","2","90400088","0","0","17005175","17005453","0","15001459","","(90052004)","0","82012859","90052004","71000001","(62470,68160,3130)","","(62470,68160,3130)","","","","","0","1","300700000","0","0","","","1","","","","","","","","","10","","0","","","","","","","",""
"15001459","0","1","650","","28","3","90400089","0","0","17005175","17005457","0","15001460","","(90052004)","0","82012889","90052004","71000001","(72270,65960,4448)","","(72270,65960,4448)","","","","","0","1","303900000","0","0","","","1","","","","","","","","","10","","0","","","","","","","",""
"15001460","0","1","650","","28","4","90400090","0","0","17005175","17005459","0","15001461","","(90052096)","0","82012860","90052096","71000001","(193010,32200,3700)","","(193010,32200,3700)","","","","","0","1","307200000","0","0","","","1","","","","","","","","","10","","0","","","","","","","",""
"15001461","0","0","650","","28","5","90400091","0","0","17005175","17005461","0","15001462","(76004304,1)","(90052096)","0","82012861","90052096","71000001","(193010,32200,3700)","","(199868,38575,3302)","","","","","0","1","310500000","0","0","","","1","","","","","","","","","10","","0","","","","","","","",""
"15001462","0","1","650","","28","6","90400092","0","0","17005175","17005462","0","15001463","","(90052096)","0","82012861","90052096","71000001","(199868,38575,3302)","","(199868,38575,3302)","","","","","0","1","313800000","0","0","","","1","","","","","","","","","10","","0","","","","","","","",""
"15001463","0","1","650","","28","7","90400093","0","0","17005175","17005464","0","15001464","","(90052096)","0","82012862","90052096","71000001","(190649,27040,3270)","","(190649,27040,3270)","","","","","0","1","317100000","0","0","","","1","","","","","","","","","10","","0","","","","","","","",""
"15001464","0","1","650","","28","8","90400094","0","0","17005175","17005465","0","15001465","","(90052096)","0","82012863","90052096","71000001","(182440,49490,3270)","","(182440,49490,3270)","","","","","0","1","320500000","0","0","","","1","","","","","","","","","10","","0","","","","","","","",""
"15001465","0","1","650","","28","9","90400095","0","0","17005175","17005467","0","15001466","","(90052096)","0","82012864","90052096","71000001","(183300,48770,3270)","","(183300,48770,3270)","","","","","0","1","323900000","0","0","","","1","","","","","","","","","10","","0","","","","","","","",""
"15001466","0","0","650","","28","10","90400096","0","0","17005175","17005468","0","15001467","(76004305,1)","(90052096)","0","82012865","90052096","71000001","(183300,48770,3270)","","(183880,48500,3270)","","","","","0","1","327400000","0","0","","","1","","","","","","","","","10","","0","","","","","","","",""
"15001467","0","1","650","","28","11","90400097","0","0","17005175","17005469","0","15001468","","(90052096)","0","82012865","90052096","71000001","(183880,48500,3270)","","(183880,48500,3270)","","","","","0","1","330900000","0","0","","","1","","","","","","","","","10","","0","","","","","","","",""
"15001468","0","0","650","","28","12","90400098","0","0","17005175","17005477","0","15001469","(76004228,70)","(90052096)","0","82012865","90052096","71000001","(191800,29490,3270)","","(183880,48500,3270)","","","","","0","1","334400000","0","0","","","1","","","","","","","","","10","","0","","","","","","","",""
"15001469","0","1","650","","28","13","90400099","0","0","17005175","17005478","0","15001470","","(90052096)","0","82012865","90052096","71000001","(183880,48500,3270)","","(183880,48500,3270)","","","","","0","1","337900000","0","0","","","1","","","","","","","","","10","","0","","","","","","","",""
"15001470","0","1","650","","28","14","90400100","0","0","17005175","17005483","0","15001471","","(90052096)","0","82012865","90052096","71000001","(183880,48500,3270)","","(183880,48500,3270)","","","","","0","1","474000000","0","0","","","1","","","","","","","","","10","","0","","","","","","","",""
"15001471","0","1","660","","28","15","90400101","0","0","17005175","17005486","0","15001472","","(90052096)","0","82012866","90052096","71000001","(194947,35235,3255)","","(194947,35235,3255)","","","","","0","1","479000000","0","0","","","1","","","","","","","","","10","","0","","","","","","","",""
"15001472","0","0","660","","28","16","90400102","0","0","17005175","17005488","0","15001473","(76004228,70)","(90052096)","0","82012866","90052096","71000001","(191800,29490,3270)","","(194947,35235,3255)","","","","","0","1","484100000","0","0","","","1","","","","","","","","","10","","0","","","","","","","",""
"15001473","0","1","660","","28","17","90400103","0","0","17005175","17005489","0","15001474","","(90052096)","0","82012866","90052096","71000001","(194947,35235,3255)","","(194947,35235,3255)","","","","","0","1","489200000","0","0","","","1","","","","","","","","","10","","0","","","","","","","",""
"15001474","0","0","660","","28","18","90400104","0","0","17005175","17005490","0","15001475","(76004306,1)","(90052096)","0","82012867","90052096","71000001","(194947,35235,3255)","","(199739,34299,3270)","","","","","0","1","494300000","0","0","","","1","","","","","","","","","10","","0","","","","","","","",""
"15001475","0","1","660","","28","19","90400105","0","0","17005175","17005491","0","15001476","","(90052096)","0","82012867","90052096","71000001","(199739,34299,3270)","","(199739,34299,3270)","","","","","0","1","499500000","0","0","","","1","","","","","","","","","10","","0","","","","","","","",""
"15001476","0","0","660","","28","20","90400106","0","0","17005175","17005492","0","15001477","(76004307,1)","(90052096)","0","82012868","90052096","71000001","(199739,34299,3270)","","(199297,27504,3118)","","","","","0","1","504800000","0","0","","","1","","","","","","","","","10","","0","","","","","","","",""
"15001477","0","1","660","","28","21","90400107","0","0","17005175","17005493","0","15001478","","(90052096)","0","82012868","90052096","71000001","(199297,27504,3118)","","(199297,27504,3118)","","","","","0","1","510100000","0","0","","","1","","","","","","","","","10","","0","","","","","","","",""
"15001478","0","0","660","","28","22","90400108","0","0","17005175","17005494","0","15001479","(76004308,1)","(90052096)","0","82012880","90052096","71000001","(199297,27504,3118)","","(193750,28520,3320)","","","","","0","1","515500000","0","0","","","1","","","","","","","","","10","","0","","","","","","","",""
"15001479","0","1","660","","28","23","90400109","0","0","17005175","17005495","0","15001480","","(90052096)","0","82012880","90052096","71000001","(193750,28520,3320)","","(193750,28520,3320)","","","","","0","1","520900000","0","0","","","1","","","","","","","","","10","","0","","","","","","","",""
"15001480","0","1","660","","28","24","90400110","0","0","17005175","17005499","0","15001481","","(90052096)","0","82012869","90052096","71000001","(192513,28787,3260)","","(192513,28787,3260)","","","","","0","1","526300000","0","0","","","1","","","","","","","","","10","","0","","","","","","","",""
"15001481","0","0","660","","28","25","90400111","0","0","17005175","17005504","0","15001482","(76004309,1)","(90052096)","0","82012888","90052096","71000001","(192513,28787,3260)","","(72078,66270,4478)","","","","","0","1","531800000","0","0","","","1","","","","","","","","","10","","0","","","","","","","",""
"15001482","0","1","670","","29","0","90400112","0","0","17005175","17005505","0","15001483","","(90052004)","0","82012888","90052004","71000001","(72078,66270,4478)","","(72078,66270,4478)","","","","","0","1","537400000","0","0","","","1","","","","","","","","","10","","0","","","","","","","",""
"15001483","0","1","670","","29","1","90400113","0","0","17005175","17005511","0","15001484","","(90052004)","0","82012889","90052004","71000001","(72270,65960,4448)","","(72270,65960,4448)","","","","","0","1","543000000","0","0","","","1","","","","","","","","","10","","0","","","","","","","",""
"15001484","0","1","670","","29","2","90400114","0","0","17005175","17005515","0","15001485","","(90052004)","0","82012888","90052004","71000001","(71968,66270,4478)","","(71968,66270,4478)","","","","","0","1","548600000","0","0","","","1","","","","","","","","","10","","0","","","","","","","",""
"15001485","0","1","670","","29","3","90400115","0","0","17005175","17005517","0","15001486","","(90052004)","0","82012890","90052004","71000001","(72270,66730,4478)","","(72270,66730,4478)","","","","","0","1","554300000","0","0","","","1","","","","","","","","","10","","0","","","","","","","",""
"15001486","0","1","670","","29","4","90400116","0","0","17005175","17005519","0","15001487","","(90052004)","0","82012871","90052091","71000001","(133810,161490,3640)","","(133810,161490,3640)","","","","","0","1","560100000","0","0","","","1","","","","","","","","","10","","0","","","","","","","",""
"15001487","0","1","670","","29","5","90400117","0","0","17005175","17005521","0","15001488","","(90052092)","0","82012881","90052092","71000001","(118140,119670,1700)","","(118140,119670,1700)","","","","","0","1","565900000","0","0","","","1","","","","","","","","","10","","0","","","","","","","",""
"15001488","0","1","670","","29","6","90400118","0","0","17005175","17005522","0","15001489","","(90052092)","0","82012874","90052092","71000001","(121977,105646,1702)","","(121977,105646,1702)","","","","","0","1","571800000","0","0","","","1","","","","","","","","","10","","0","","","","","","","",""
"15001489","0","1","670","","29","7","90400119","0","0","17005175","17005524","0","15001490","","(90052093)","0","82012872","90052093","71000001","(210320,124150,3080)","","(210320,124150,3080)","","","","","0","1","577700000","0","0","","","1","","","","","","","","","10","","0","","","","","","","",""
"15001490","0","1","670","","29","8","90400120","0","0","17005175","17005530","0","15001491","","(90052093)","0","82012872","90052093","71000001","(210320,124150,3080)","","(210320,124150,3080)","","","","","0","1","583700000","0","0","","","1","","","","","","","","","10","","0","","","","","","","",""
"15001491","0","0","670","","29","9","90400121","0","0","17005175","17005534","0","15001492","(76004310,1)","(90052093)","0","82012958","90052093","71000001","(210320,124150,3080)","","(207100,125000,3080)","","","","","0","1","589700000","0","0","","","1","","","","","","","","","10","","0","","","","","","","",""
"15001492","0","1","670","","29","10","90400122","0","0","17005175","17005535","0","15001493","","(90052093)","0","82012958","90052093","71000001","(207100,125000,3080)","","(207100,125000,3080)","","","","","0","1","595800000","0","0","","","1","","","","","","","","","10","","0","","","","","","","",""
"15001493","0","1","670","","29","11","90400123","0","0","17005175","17005541","0","15001494","","(90052093)","0","82012961","90052093","71000001","(207881,124940,3100)","","(207881,124940,3100)","","","","","0","1","601900000","0","0","","","1","","","","","","","","","10","","0","","","","","","","",""
"15001494","0","0","670","","29","12","90400124","0","0","17005175","17005542","0","15001495","(76004316,1)","(90052093)","0","82012889","90052004","71000001","(207881,124940,3100)","","(72270,65960,4448)","","","","","0","1","608100000","0","0","","","1","","","","","","","","","10","","0","","","","","","","",""
"15001495","0","1","680","","29","13","90400125","0","0","17005175","17005543","0","15001496","","(90052004)","0","82012889","90052004","71000001","(72270,65960,4448)","","(72270,65960,4448)","","","","","0","1","614300000","0","0","","","1","","","","","","","","","10","","0","","","","","","","",""
"15001496","0","0","680","","29","14","90400126","0","0","17005175","17005545","0","15001497","(76004229,70)","(90052004)","0","82012889","90052004","71000001","(58070,68200,3180)","","(72270,65960,4448)","","","","","0","1","620600000","0","0","","","1","","","","","","","","","10","","0","","","","","","","",""
"15001497","0","1","680","","29","15","90400127","0","0","17005175","17005546","0","15001498","","(90052004)","0","82012889","90052004","71000001","(72270,65960,4448)","","(72270,65960,4448)","","","","","0","1","627000000","0","0","","","1","","","","","","","","","10","","0","","","","","","","",""
"15001498","0","0","680","","29","16","90400128","0","0","17005175","17005547","0","15001499","(76004230,70)","(90052004)","0","82012889","90052004","71000001","(64940,65860,4470)","","(72270,65960,4448)","","","","","0","1","633400000","0","0","","","1","","","","","","","","","10","","0","","","","","","","",""
"15001499","0","1","680","","29","17","90400129","0","0","17005175","17005548","0","15001500","","(90052004)","0","82012889","90052004","71000001","(72270,65960,4448)","","(72270,65960,4448)","","","","","0","1","639900000","0","0","","","1","","","","","","","","","10","","0","","","","","","","",""
"15001500","0","0","680","","29","18","90400130","0","0","17005175","17005549","0","15001501","(76004280,80)","(90052004)","0","82012889","90052004","71000001","(61970,66280,3234)","","(72270,65960,4448)","","","","","0","1","646400000","0","0","","","1","","","","","","","","","10","","0","","","","","","","",""
"15001501","0","1","680","","29","19","90400131","0","0","17005175","17005550","0","15001502","","(90052004)","0","82012889","90052004","71000001","(72270,65960,4448)","","(72270,65960,4448)","","","","","0","1","653000000","0","0","","","1","","","","","","","","","10","","0","","","","","","","",""
"15001502","0","0","680","","29","20","90400132","0","0","17005175","17005551","0","15001503","(76004231,300)","(90052004)","0","82012889","90052004","71000001","(67570,66209,4470)","","(72270,65960,4448)","","","","","0","1","659700000","0","0","","","1","","","","","","","","","10","","0","","","","","","","",""
"15001503","0","1","680","","29","21","90400133","0","0","17005175","17005552","0","15001504","","(90052004)","0","82012889","90052004","71000001","(72270,65960,4448)","","(72270,65960,4448)","","","","","0","1","666400000","0","0","","","1","","","","","","","","","10","","0","","","","","","","",""
"15001504","0","1","680","","29","22","90400134","0","0","17005175","17005553","0","15001505","","(90052004)","0","82012876","90052004","71000001","(67570,66209,4470)","","(67570,66209,4470)","","","","","0","1","673200000","0","0","","","1","","","","","","","","","10","","0","","","","","","","",""
"15001505","0","0","690","","29","23","90400135","0","0","17005175","17005555","0","15001506","(76004313,1)","(90052004)","0","82012889","90052004","71000001","(67570,66209,4470)","","(72270,65960,4470)","","","","","0","1","680000000","0","0","","","1","","","","","","","","","10","","0","","","","","","","",""
"15001506","0","1","690","","29","24","90400136","0","0","17005175","17005556","0","15001507","","(90052004)","0","82012893","90052004","71000001","(67570,66209,4470)","","(67570,66209,4470)","","","","","0","1","686900000","0","0","","","1","","","","","","","","","10","","0","","","","","","","",""
"15001507","0","0","690","","29","25","90400137","0","0","17005175","17005560","0","15001508","(76004314,1)","(90052004)","0","82012873","90052004","71000001","(67570,66209,4650)","","(67660,67580,4490)","","","","","0","1","693800000","0","0","","","1","","","","","","","","","10","","0","","","","","","","",""
"15001508","0","1","690","","29","26","90400138","0","0","17005175","17005561","0","15001509","","(90052004)","0","82012873","90052004","71000001","(67660,67580,4490)","","(67660,67580,4490)","","","","","0","1","700900000","0","0","","","1","","","","","","","","","10","","0","","","","","","","",""
"15001509","0","0","690","","29","27","90400139","0","0","17005175","17005562","0","15001510","(76004311,1)","(90052004)","0","82012888","90052004","71000001","(67660,67580,4490)","","(71968,66270,4478)","","","","","0","1","707900000","0","0","","","1","","","","","","","","","10","","0","","","","","","","",""
"15001510","0","1","690","","29","28","90400140","0","0","17005175","17005563","0","15001511","","(90052004)","0","82012888","90052004","71000001","(71968,66270,4478)","","(71968,66270,4478)","","","","","0","1","715100000","0","0","","","1","","","","","","","","","10","","0","","","","","","","",""
"15001511","0","1","690","","29","29","90400141","0","0","17005175","17005565","0","15001512","","(90052004)","0","82012890","90052004","71000001","(72270,66730,4478)","","(72270,66730,4478)","","","","","0","1","722300000","0","0","","","1","","","","","","","","","10","","0","","","","","","","",""
"15001512","0","1","690","","29","30","90400142","0","0","17005175","17005568","0","15001513","","(90052004)","0","82012877","90052004","71000001","(53650,64790,3020)","","(53650,64790,3020)","","","","","0","1","729600000","0","0","","","1","","","","","","","","","10","","0","","","","","","","",""
"15001513","0","1","690","","29","31","90400143","0","0","17005175","17005573","0","15001514","","(90052084)","0","82012878","90052084","71000001","(202580,160950,4690)","","(202580,160950,4690)","","","","","0","1","736900000","0","0","","","1","","","","","","","","","10","","0","","","","","","","",""
"15001514","0","1","700","","29","32","90400144","0","0","17005175","17005574","0","15001515","","(90052009)","0","82012870","90052009","71000001","(83310,124450,8240)","","(83310,124450,8240)","","","","","0","1","744300000","0","0","","","1","","","","","","","","","10","","0","","","","","","","",""
"15001515","0","1","700","","30","0","90400145","0","0","17005175","17005583","0","15001516","","(90052009)","0","82013020","90052009","71000001","(60347,21170,2296)","","(60347,21170,2296)","","","","","0","1","767800000","0","0","","","1","","","","","","","","","10","","0","","","","","","","",""
"15001516","0","4","700","","30","1","90400146","0","0","17005175","17005584","0","15001517","","(90052009)","0","82013020","90052009","71000001","(60347,21170,2296)","","(60347,21170,2296)","","","71010100","(45116,18971,2214)","0","1","776000000","0","0","","","1","","","","","","","","","1","","0","","","","","","","",""
"15001517","0","1","700","","30","2","90400147","0","0","17005175","17005585","0","15001518","","(90052103)","0","82013576","90052103","71010100","(47139,21078,2106)","","(47139,21078,2106)","","","","","0","1","784200000","0","0","","","1","","","","","","","","","10","","0","","","","","","","",""
"15001518","0","1","700","","30","3","90400148","0","0","17005175","17005587","0","15001519","","(90052103)","0","82013649","90052103","71010100","(47026,20245,2106)","","(47026,20245,2106)","","","","","0","1","792400000","0","0","","","1","","","","","","","","","10","","0","","","","","","","",""
"15001519","0","0","700","","30","4","90400149","0","0","17005175","17005592","0","15001520","(76004327,50)","(90052103)","0","82013649","90052103","71010100","(43815,18392,2205)","","(47026,20245,2106)","","","","","0","1","792400000","0","0","","","1","","","","","","","","","10","","0","","","","","","","",""
"15001520","0","1","700","","30","5","90400150","0","0","17005175","17005593","0","15001521","","(90052103)","0","82013576","90052103","71010100","(47139,21078,2106)","","(47139,21078,2106)","","","","","0","1","800800000","0","0","","","1","","","","","","","","","10","","0","","","","","","","",""
"15001521","0","1","700","","30","6","90400151","0","0","17005175","17005597","0","15001522","","(90052103)","0","82013649","90052103","71010100","(47026,20245,2106)","","(47026,20245,2106)","","","","","0","1","809200000","0","0","","","1","","","","","","","","","10","","0","","","","","","","",""
"15001522","0","6","700","","30","7","90400152","0","0","17005175","17005598","0","15001523","(76004327,50)","(90052103)","0","82013576","90052103","71010100","(43815,18392,2205)","","(47139,21078,2106)","","","","","0","1","817700000","0","0","","","1","70","90009549","","","","","","","10","","0","","","","","","","",""
"15001523","0","1","700","","30","8","90400153","0","0","17005175","17005600","0","15001524","","(90052103)","0","82013649","90052103","71010100","(47026,20245,2106)","","(47026,20245,2106)","","","","","0","1","826300000","0","0","","","1","","","","","","","","","10","","0","","","","","","","",""
"15001524","0","0","700","","30","9","90400154","0","0","17005175","17005602","0","15001525","(76004328,60)","(90052103)","0","82013649","90052103","71010100","(44975,19820,2220)","","(47026,20245,2106)","","","","","0","1","826300000","0","0","","","1","","","","","","","","","10","","0","","","","","","","",""
"15001525","0","1","700","","30","10","90400155","0","0","17005175","17005603","0","15001526","","(90052103)","0","82013576","90052103","71010100","(47139,21078,2106)","","(47139,21078,2106)","","","","","0","1","835000000","0","0","","","1","","","","","","","","","10","","0","","","","","","","",""
"15001526","0","0","700","","30","11","90400156","0","0","17005175","17005604","0","15001527","(76004329,60)","(90052103)","0","82013576","90052103","71010100","(45846,18722,2220)","","(47139,21078,2106)","","","","","0","1","835000000","0","0","","","1","","","","","","","","","10","","0","","","","","","","",""
"15001527","0","1","700","","30","12","90400157","0","0","17005175","17005606","0","15001528","","(90052103)","0","82013649","90052103","71010100","(47026,20245,2106)","","(47026,20245,2106)","","","","","0","1","843800000","0","0","","","1","","","","","","","","","10","","0","","","","","","","",""
"15001528","0","1","700","","30","13","90400158","0","0","17005175","17005607","0","15001529","","(90052103)","0","82013576","90052103","71010100","(47139,21078,2106)","","(47139,21078,2106)","","","","","0","1","852600000","0","0","","","1","","","","","","","","","10","","0","","","","","","","",""
"15001529","0","1","700","","30","14","90400159","0","0","17005175","17005612","0","15001530","","(90052103)","0","82013649","90052103","71010100","(47026,20245,2106)","","(47026,20245,2106)","","","","","0","1","861500000","0","0","","","1","","","","","","","","","10","","0","","","","","","","",""
"15001530","0","0","710","","30","15","90400160","0","0","17005175","17005615","0","15001531","(76004330,60)","(90052103)","0","82013576","90052103","71010100","(45581,20094,2220)","","(47139,21078,2106)","","","","","0","1","870500000","0","0","","","1","","","","","","","","","10","","0","","","","","","","",""
"15001531","0","1","710","","30","16","90400161","0","0","17005175","17005617","0","15001532","","(90052103)","0","82013576","90052103","71010100","(47139,21078,2106)","","(47139,21078,2106)","","","","","0","1","879600000","0","0","","","1","","","","","","","","","10","","0","","","","","","","",""
"15001532","0","1","710","","30","17","90400162","0","0","17005175","17005619","0","15001533","","(90052119)","0","82013580","90052119","71010100","(50657,67251,1710)","","(50657,67251,1710)","","","","","0","1","888700000","0","0","","","1","","","","","","","","","10","","0","","","","","","","",""
"15001533","0","1","710","","30","18","90400163","0","0","17005175","17005620","0","15001534","","(90052119)","0","82013580","90052119","71010100","(50657,67251,1710)","","(50657,67251,1710)","","","","","0","1","898000000","0","0","","","1","","","","","","","","","10","","0","","","","","","","",""
"15001534","0","1","710","","30","19","90400164","0","0","17005175","17005626","0","15001535","","(90052119)","0","82013580","90052119","71010100","(50657,67251,1710)","","(50657,67251,1710)","","","","","0","1","907300000","0","0","","","1","","","","","","","","","10","","0","","","","","","","",""
"15001535","0","1","710","","30","20","90400165","0","0","17005175","17005629","0","15001536","","(90052118)","0","82013581","90052118","71010100","(34202,76984,1274)","","(34202,76984,1274)","","","","","0","1","916700000","0","0","","","1","","","","","","","","","10","","0","","","","","","","",""
"15001536","0","1","710","","30","21","90400166","0","0","17005175","17005634","0","15001537","","(90052118)","0","82013578","90052118","71010100","(31625,76462,1273)","","(31600,76400,1267)","","","","","0","1","926200000","0","0","","","1","","","","","","","","","10","","0","","","","","","","",""
"15001537","0","1","710","","30","22","90400167","0","0","17005175","17005637","0","15001538","","(90052118)","0","82013582","90052118","71010100","(31943,79449,1267)","","(31943,79449,1267)","","","","","0","1","935800000","0","0","","","1","","","","","","","","","10","","0","","","","","","","",""
"15001538","0","1","710","","30","23","90400168","0","0","17005175","17005640","0","15001539","","(90052118)","0","82013582","90052118","71010100","(48778,50364,1504)","","(31943,79449,1267)","","","","","0","1","945500000","0","0","","","1","","","","","","","","","10","","0","","","","","","","",""
"15001539","0","6","710","","30","24","90400169","0","0","17005175","17005645","0","15001540","(76004332,60)","(90052118)","0","82013582","90052118","71010100","(56641,31719,1150)","","(31943,79449,1267)","","","","","0","1","955300000","0","0","","","1","50","90009550","","","","","","","10","","0","","","","","","","",""
"15001540","0","1","720","","30","25","90400170","0","0","17005175","17005647","0","15001541","","(90052118)","0","82013582","90052118","71010100","(31943,79449,1267)","","(31943,79449,1267)","","","","","0","1","965100000","0","0","","","1","","","","","","","","","10","","0","","","","","","","",""
"15001541","0","1","720","","30","26","90400171","0","0","17005175","17005651","0","15001542","","(90052118)","0","82013582","90052118","71010100","(31943,79449,1267)","","(31943,79449,1267)","","","","","0","1","975100000","0","0","","","1","","","","","","","","","10","","0","","","","","","","",""
"15001542","0","1","720","","30","27","90400172","0","0","17005175","17005654","0","15001543","","(90052118)","0","82013582","90052118","71010100","(31943,79449,1267)","","(31943,79449,1267)","","","","","0","1","985100000","0","0","","","1","","","","","","","","","10","","0","","","","","","","",""
"15001543","0","1","720","","30","28","90400173","0","0","17005175","17005657","0","15001544","","(90052105)","0","82013584","90052105","71010100","(31652,77123,1274)","","(31652,77123,1274)","","","","","0","1","995200000","0","0","","","1","","","","","","","","","10","","0","","","","","","","",""
"15001544","0","6","720","","30","29","90400174","0","0","17005175","17005660","0","15001545","(76004332,60)","(90052118)","0","82013584","90052118","71010100","(56641,31719,1150)","","(31652,77123,1274)","","","","","0","1","1005400000","0","0","","","1","50","90009551","","","","","","","10","","0","","","","","","","",""
"15001545","0","1","720","","30","30","90400175","0","0","17005175","17005661","0","15001546","","(90052105)","0","82013584","90052105","71010100","(31652,77123,1274)","","(31652,77123,1274)","","","","","0","1","1015700000","0","0","","","1","","","","","","","","","10","","0","","","","","","","",""
"15001546","0","6","720","","30","31","90400176","0","0","17005175","17005663","0","15001547","(76004333,80)","(90052118)","0","82013584","90052118","71010100","(55402,31582,1162)","","(31652,77123,1274)","","","","","0","1","1026100000","0","0","","","1","50","90009552","","","","","","","10","","0","","","","","","","",""
"15001547","0","1","720","","30","32","90400177","0","0","17005175","17005664","0","15001548","","(90052105)","0","82013584","90052105","71010100","(31652,77123,1274)","","(31652,77123,1274)","","","","","0","1","1036600000","0","0","","","1","","","","","","","","","10","","0","","","","","","","",""
"15001548","0","6","720","","30","33","90400178","0","0","17005175","17005666","0","15001549","(76004334,80)","(90052118)","0","82013584","90052118","71010100","(57131,32299,1229)","","(31652,77123,1274)","","","","","0","1","1047200000","0","0","","","1","50","90009553","","","","","","","10","","0","","","","","","","",""
"15001549","0","1","720","","30","34","90400179","0","0","17005175","17005667","0","15001550","","(90052118)","0","82013584","90052118","71010100","(31652,77123,1274)","","(31652,77123,1274)","","","","","0","1","1057900000","0","0","","","1","","","","","","","","","10","","0","","","","","","","",""
"15001550","0","1","730","","30","35","90400180","0","0","17005175","17005668","0","15001551","","(90052118)","0","82013585","90052118","71010100","(33856,77759,1271)","","(33856,77759,1271)","","","","","0","1","1068700000","0","0","","","1","","","","","","","","","10","","0","","","","","","","",""
"15001551","0","0","730","","30","36","90400181","0","0","17005175","17005672","0","15001552","(76004336,80)","(90052118)","0","82013585","90052118","71010100","(47902,67225,1951)","","(33856,77759,1271)","","","","","0","1","1079500000","0","0","","","1","","","","","","","","","10","","0","","","","","","","",""
"15001552","0","1","730","","30","37","90400182","0","0","17005175","17005673","0","15001553","","(90052118)","0","82013585","90052118","71010100","(33856,77759,1271)","","(33856,77759,1271)","","","","","0","1","1090500000","0","0","","","1","","","","","","","","","10","","0","","","","","","","",""
"15001553","0","0","730","","30","38","90400183","0","0","17005175","17005675","0","15001554","(76004337,80)","(90052118)","0","82013585","90052118","71010100","(45949,68944,1726)","","(33856,77759,1271)","","","","","0","1","1101600000","0","0","","","1","","","","","","","","","10","","0","","","","","","","",""
"15001554","0","1","730","","30","39","90400184","0","0","17005175","17005676","0","15001555","","(90052118)","0","82013585","90052118","71010100","(33856,77759,1271)","","(33856,77759,1271)","","","","","0","1","1112700000","0","0","","","1","","","","","","","","","10","","0","","","","","","","",""
"15001555","0","0","730","","30","40","90400185","0","0","17005175","17005679","0","15001556","(76004338,80)","(90052118)","0","82013585","90052118","71010100","(47882,69505,1726)","","(33856,77759,1271)","","","","","0","1","1124000000","0","0","","","1","","","","","","","","","10","","0","","","","","","","",""
"15001556","0","1","730","","30","41","90400186","0","0","17005175","17005680","0","15001557","","(90052118)","0","82013585","90052118","71010100","(33856,77759,1271)","","(33856,77759,1271)","","","","","0","1","1135400000","0","0","","","1","","","","","","","","","10","","0","","","","","","","",""
"15001557","0","1","730","","30","42","90400187","0","0","17005175","17005684","0","15001558","","(90052118)","0","82013579","90052118","71010100","(32072,80047,1239)","","(32072,80047,1239)","","","","","0","1","1146800000","0","0","","","1","","","","","","","","","10","","0","","","","","","","",""
"15001558","0","1","730","","30","43","90400188","0","0","17005175","17005691","0","15001559","","(90052107)","0","82013586","90052107","71010100","(36838,43989,1117)","","(36838,43989,1117)","","","","","0","1","1158400000","0","0","","","1","","","","","","","","","10","","0","","","","","","","",""
"15001559","0","1","730","","30","44","90400189","0","0","17005175","17005695","0","15001560","","(90052106)","0","82013587","90052106","71010100","(41682,32513,489)","","(41682,32513,489)","","","","","0","1","1170100000","0","0","","","1","","","","","","","","","10","","0","","","","","","","",""
"15001560","0","0","730","","30","45","90400190","0","0","17005175","17005699","0","15001561","(76004339,80)","(90052107)","0","82013587","90052107","71010100","(38577,36692,509)","","(41682,32513,489)","","","","","0","1","1181900000","0","0","","","1","","","","","","","","","10","","0","","","","","","","",""
"15001561","0","1","740","","30","46","90400191","0","0","17005175","17005700","0","15001562","","(90052106)","0","82013587","90052106","71010100","(41682,32513,489)","","(41682,32513,489)","","","","","0","1","1193700000","0","0","","","1","","","","","","","","","10","","0","","","","","","","",""
"15001562","0","0","740","","30","47","90400192","0","0","17005175","17005704","0","15001563","(76004340,60)","(90052107)","0","82013587","90052107","71010100","(39888,37466,489)","","(41682,32513,489)","","","","","0","1","1205700000","0","0","","","1","","","","","","","","","10","","0","","","","","","","",""
"15001563","0","1","740","","30","48","90400193","0","0","17005175","17005705","0","15001564","","(90052107)","0","82013587","90052107","71010100","(41682,32513,489)","","(41682,32513,489)","","","","","0","1","1217800000","0","0","","","1","","","","","","","","","10","","0","","","","","","","",""
"15001564","0","1","740","","30","49","90400194","0","0","17005175","17005707","0","15001565","","(90052107)","0","82013590","90052107","71010100","(38056,35706,518)","","(38056,35706,518)","","","","","0","1","1230000000","0","0","","","1","","","","","","","","","10","","0","","","","","","","",""
"15001565","0","1","740","","30","50","90400195","0","0","17005175","17005715","0","15001566","","(90052107)","0","82013590","90052107","71010100","(38056,35706,518)","","(38056,35706,518)","","","","","0","1","1242300000","0","0","","","1","","","","","","","","","10","","0","","","","","","","",""
"15001566","0","6","740","","30","51","90400196","0","0","17005175","17005721","0","15001567","(76004341,3)","(90052107)","0","82013590","90052107","71010100","(40545,35502,489)","","(38056,35706,518)","","","","","0","1","1254700000","0","0","","","1","20","90009554","","","","","","","10","","0","","","","","","","",""
"15001567","0","1","740","","30","52","90400197","0","0","17005175","17005722","0","15001568","","(90052107)","0","82013590","90052107","71010100","(38056,35706,518)","","(38056,35706,518)","","","","","0","1","1267200000","0","0","","","1","","","","","","","","","10","","0","","","","","","","",""
"15001568","0","0","740","","30","53","90400198","0","0","17005175","17005728","0","15001569","(76004342,60)","(90052107)","0","82013590","90052107","71010100","(39456,33689,509)","","(38056,35706,518)","","","","","0","1","1279900000","0","0","","","1","","","","","","","","","10","","0","","","","","","","",""
"15001569","0","1","740","","30","54","90400199","0","0","17005175","17005729","0","15001570","","(90052107)","0","82013590","90052107","71010100","(38056,35706,518)","","(38056,35706,518)","","","","","0","1","1292600000","0","0","","","1","","","","","","","","","10","","0","","","","","","","",""
"15001570","0","1","750","","30","55","90400200","0","0","17005175","17005735","0","15001571","","(90052107)","0","82013590","90052107","71010100","(37085,44080,1118)","","(38056,35706,518)","","","","","0","1","1305500000","0","0","","","1","","","","","","","","","10","","0","","","","","","","",""
"15001571","0","0","750","","30","56","90400201","0","0","17005175","17005737","0","15001572","(76004341,70)","(90052106)","0","82013591","90052106","71010100","(40545,35502,489)","","(37085,44080,1118)","","","","","0","1","1318400000","0","0","","","1","","","","","","","","","10","","0","","","","","","","",""
"15001572","0","1","750","","30","57","90400202","0","0","17005175","17005739","0","15001573","","(90052118)","0","82013579","90052118","71010100","(32072,80047,1239)","","(32072,80047,1239)","","","","","0","1","1331500000","0","0","","","1","","","","","","","","","10","","0","","","","","","","",""
"15001573","0","1","750","","30","58","90400203","0","0","17005175","17005742","0","15001574","","(90052118)","0","82013592","90052118","71010100","(33256,77306,1272)","","(33256,77306,1272)","","","","","0","1","1344700000","0","0","","","1","","","","","","","","","10","","0","","","","","","","",""
"15001574","0","1","750","","30","59","90400204","0","0","17005175","17005748","0","15001575","","(90052118)","0","82013592","90052118","71010100","(33256,77306,1272)","","(33256,77306,1272)","","","","","0","1","1358000000","0","0","","","1","","","","","","","","","10","","0","","","","","","","",""
"15001575","0","1","750","","30","60","90400205","0","0","17005175","17005751","0","15001576","","(90052108)","0","82013619","90052108","71010100","(48470,56830,1180)","","(48470,56830,1180)","","","","","0","1","1371400000","0","0","","","1","","","","","","","","","10","","0","","","","","","","",""
"15001576","0","1","750","","30","61","90400206","0","0","17005175","17005754","0","15001577","","(90052108)","0","82013619","90052108","71010100","(48470,56830,1180)","","(48470,56830,1180)","","","","","0","1","1385000000","0","0","","","1","","","","","","","","","10","","0","","","","","","","",""
"15001577","0","1","750","","30","62","90400207","0","0","17005175","17005760","0","15001578","","(90052108)","0","82013619","90052108","71010100","(48470,56830,1180)","","(48470,56830,1180)","","","","","0","1","1398600000","0","0","","","1","","","","","","","","","10","","0","","","","","","","",""
"15001578","0","1","750","","30","63","90400208","0","0","17005175","17005762","0","15001579","","(90052108)","0","82013619","90052108","71010100","(48470,56830,1180)","","(48470,56830,1180)","","","","","0","1","1412400000","0","0","","","1","","","","","","","","","10","","0","","","","","","","",""
"15001579","0","1","760","","30","64","90400209","0","0","17005175","17005767","0","15001580","","(90052108)","0","82013619","90052108","71010100","(48470,56830,1180)","","(48470,56830,1180)","","","","","0","1","1426300000","0","0","","","1","","","","","","","","","10","","0","","","","","","","",""
"15001580","0","1","760","","30","65","90400210","0","0","17005175","17005769","0","15001581","","(90052105)","0","82013619","90052105","71010100","(48470,56830,1180)","","(48470,56830,1180)","","","","","0","1","1440300000","0","0","","","1","","","","","","","","","10","","0","","","","","","","",""
"15001581","0","6","760","","30","66","90400211","0","0","17005175","17005770","0","15001582","(76004343,70)","(90052108)","0","82013619","90052108","71010100","(46901,55080,1184)","","(48470,56830,1180)","","","","","0","1","1454400000","0","0","","","1","50","90009555","","","","","","","10","","0","","","","","","","",""
"15001582","0","1","760","","30","67","90400212","0","0","17005175","17005771","0","15001583","","(90052105)","0","82013619","90052105","71010100","(48470,56830,1180)","","(48470,56830,1180)","","","","","0","1","1468700000","0","0","","","1","","","","","","","","","10","","0","","","","","","","",""
"15001583","0","6","760","","30","68","90400213","0","0","17005175","17005772","0","15001584","(76004375,70)","(90052108)","0","82013619","90052108","71010100","(50211,38220,1476)","","(48470,56830,1180)","","","","","0","1","1483100000","0","0","","","1","50","90009556","","","","","","","10","","0","","","","","","","",""
"15001584","0","1","760","","30","69","90400214","0","0","17005175","17005773","0","15001585","","(90052105)","0","82013619","90052105","71010100","(48470,56830,1180)","","(48470,56830,1180)","","","","","0","1","1497600000","0","0","","","1","","","","","","","","","10","","0","","","","","","","",""
"15001585","0","6","760","","30","70","90400215","0","0","17005175","17005775","0","15001586","(76004341,70)","(90052108)","0","82013619","90052108","71010100","(40545,35502,489)","","(48470,56830,1180)","","","","","0","1","1512200000","0","0","","","1","50","90009557","","","","","","","10","","0","","","","","","","",""
"15001586","0","1","760","","30","71","90400216","0","0","17005175","17005776","0","15001587","","(90052108)","0","82013619","90052108","71010100","(48470,56830,1180)","","(48470,56830,1180)","","","","","0","1","1527000000","0","0","","","1","","","","","","","","","10","","0","","","","","","","",""
"15001587","0","1","760","","30","72","90400217","0","0","17005175","17005777","0","15001588","","(90052108)","0","82013619","90052108","71010100","(48470,56830,1180)","","(48470,56830,1180)","","","","","0","1","1541800000","0","0","","","1","","","","","","","","","10","","0","","","","","","","",""
"15001588","0","1","760","","30","73","90400218","0","0","17005175","17005782","0","15001589","","(90052118)","0","82013648","90052118","71010100","(39895,31831,500)","","(39895,31831,500)","","","","","0","1","1556800000","0","0","","","1","","","","","","","","","10","","0","","","","","","","",""
"15001589","0","1","770","","30","74","90400219","0","0","17005175","17005783","0","15001590","","(90052108)","0","82013619","90052108","71010100","(48470,56830,1180)","","(48470,56830,1180)","","","","","0","1","1572000000","0","0","","","1","","","","","","","","","10","","0","","","","","","","",""
"15001590","0","1","770","","30","75","90400220","0","0","17005175","17005792","0","15001591","","(90052108)","0","82013619","90052108","71010100","(48470,56830,1180)","","(48470,56830,1180)","","","","","0","1","1587200000","0","0","","","1","","","","","","","","","10","","0","","","","","","","",""
"15001591","0","1","770","","30","76","90400221","0","0","17005175","17005798","0","15001592","","(90052108)","0","82013619","90052108","71010100","(48470,56830,1180)","","(48470,56830,1180)","","","","","0","1","1602600000","0","0","","","1","","","","","","","","","10","","0","","","","","","","",""
"15001592","0","1","770","","30","77","90400222","0","0","17005175","17005804","0","15001593","","(90052118)","0","82013592","90052118","71010100","(33256,77306,1272)","","(33256,77306,1272)","","","","","0","1","1618100000","0","0","","","1","","","","","","","","","10","","0","","","","","","","",""
"15001593","0","1","770","","30","78","90400223","0","0","17005175","17005807","0","15001594","","(90052118)","0","82013577","90052118","71010100","(34268,80983,1263)","","(34268,80983,1263)","","","","","0","1","1633800000","0","0","","","1","","","","","","","","","10","","0","","","","","","","",""
"15001594","0","1","770","","30","79","90400224","0","0","17005175","17005811","0","15001595","","(90052118)","0","82013577","90052118","71010100","(34268,80983,1263)","","(34268,80983,1263)","","","","","0","1","1649600000","0","0","","","1","","","","","","","","","10","","0","","","","","","","",""
"15001595","0","1","770","","30","80","90400225","0","0","17005175","17005819","0","15001596","","(90052118)","0","82013592","90052118","71010100","(33256,77306,1272)","","(33256,77306,1272)","","","","","0","1","1665500000","0","0","","","1","","","","","","","","","10","","0","","","","","","","",""
"15001596","0","1","770","","30","81","90400226","0","0","17005175","17005823","0","15001597","","(90052118)","0","82013592","90052118","71010100","(33256,77306,1272)","","(33256,77306,1272)","","","","","0","1","1681500000","0","0","","","1","","","","","","","","","10","","0","","","","","","","",""
"15001597","0","1","770","","30","82","90400227","0","0","17005175","17005830","0","15001598","","(90052104)","0","82013593","90052104","71010100","(46488,34229,693)","","(46488,34229,693)","","76004748","","","0","1","1697700000","0","0","","","1","","","","","","","","","10","","0","","","","","","","",""
"15001598","0","0","770","","30","83","90400228","0","0","17005175","17005833","0","15001599","(76004344,70)","(90052104)","0","82013593","90052104","71010100","(48112,36194,676)","","(46488,34229,693)","","76004748","","","0","1","1714100000","0","0","","","1","","","","","","","","","10","","0","","","","","","","",""
"15001599","0","1","780","","30","84","90400229","0","0","17005175","17005834","0","15001600","","(90052104)","0","82013593","90052104","71010100","(46488,34229,693)","","(46488,34229,693)","","76004748","","","0","1","1730500000","0","0","","","1","","","","","","","","","10","","0","","","","","","","",""
"15001600","0","1","780","","30","85","90400230","0","0","17005175","17005837","0","15001601","","(90052104)","0","82013651","90052104","71010100","(45659,45717,1573)","","(45659,45717,1573)","","76004748","","","0","1","1747100000","0","0","","","1","","","","","","","","","10","","0","","","","","","","",""
"15001601","0","1","780","","30","86","90400231","0","0","17005175","17005839","0","15001602","","(90052104)","0","82013608","90052104","71010100","(45362,45507,1573)","","(45362,45507,1573)","","76004748","","","0","1","1763900000","0","0","","","1","","","","","","","","","10","","0","","","","","","","",""
"15001602","0","1","780","","30","87","90400232","0","0","17005175","17005843","0","15001603","","(90052104)","0","82013608","90052104","71010100","(45362,45507,1573)","","(45362,45507,1573)","","76004748","","","0","1","1780700000","0","0","","","1","","","","","","","","","10","","0","","","","","","","",""
"15001603","0","1","780","","30","88","90400233","0","0","17005175","17005849","0","15001604","","(90052104)","0","82013608","90052104","71010100","(45362,45507,1573)","","(45362,45507,1573)","","76004748","","","0","1","1797800000","0","0","","","1","","","","","","","","","10","","0","","","","","","","",""
"15001604","0","1","780","","30","89","90400234","0","0","17005175","17005852","0","15001605","","(90052104)","0","82013608","90052104","71010100","(45362,45507,1573)","","(45362,45507,1573)","","76004748","","","0","1","1815000000","0","0","","","1","","","","","","","","","10","","0","","","","","","","",""
"15001605","0","1","780","","30","90","90400235","0","0","17005175","17005856","0","15001606","","(90052104)","0","82013610","90052104","71010100","(46628,46570,1573)","","(46628,46570,1573)","","76004749","","","0","1","1832300000","0","0","","","1","","","","","","","","","10","","0","","","","","","","",""
"15001606","0","1","780","","30","91","90400236","0","0","17005175","17005860","0","15001607","","(90052104)","0","82013610","90052104","71010100","(46628,46570,1573)","","(46628,46570,1573)","","76004749","","","0","1","1849700000","0","0","","","1","","","","","","","","","10","","0","","","","","","","",""
"15001607","0","1","790","","30","92","90400237","0","0","17005175","17005864","0","15001608","","(90052104)","0","82013610","90052104","71010100","(46628,46570,1573)","","(46628,46570,1573)","","76004749","","","0","1","1867300000","0","0","","","1","","","","","","","","","10","","0","","","","","","","",""
"15001608","0","0","790","","30","93","90400238","0","0","17005175","17005866","0","15001609","(76004367,70)","(90052104)","0","82013610","90052104","71010100","(44799,40831,1617)","","(46628,46570,1573)","","76004749","","","0","1","1885100000","0","0","","","1","","","","","","","","","10","","0","","","","","","","",""
"15001609","0","1","790","","30","94","90400239","0","0","17005175","17005867","0","15001610","","(90052104)","0","82013610","90052104","71010100","(46628,46570,1573)","","(46628,46570,1573)","","76004749","","","0","1","1903000000","0","0","","","1","","","","","","","","","10","","0","","","","","","","",""
"15001610","0","1","790","","30","95","90400240","0","0","17005175","17005868","0","15001611","","(90052104)","0","82013610","90052104","71010100","(46628,46570,1573)","","(46628,46570,1573)","","76004749","","","0","1","1921000000","0","0","","","1","","","","","","","","","10","","0","","","","","","","",""
"15001611","0","1","790","","30","96","90400241","0","0","17005175","17005869","0","15001612","","(90052104)","0","82013593","90052104","71010100","(46488,34229,693)","","(46488,34229,693)","","76004749","","","0","1","1939200000","0","0","","","1","","","","","","","","","10","","0","","","","","","","",""
"15001612","0","1","790","","30","97","90400242","0","0","17005175","17005874","0","15001613","","(90052104)","0","82013556","90052104","71010100","(55051,40656,1580)","","(55051,40656,1580)","","","","","0","1","1957500000","0","0","","","1","","","","","","","","","10","","0","","","","","","","",""
"15001613","0","0","790","","30","98","90400243","0","0","17005175","17005877","0","15001614","(76004500,1)","(90052104)","0","82013558","90052104","71010100","(55051,40656,1580)","","(49568,49015,1960)","","","","","0","1","1976000000","0","0","","","1","","","","","","","","","10","","0","","","","","","","",""
"15001614","0","1","790","","30","99","90400244","0","0","17005175","17005878","0","15001615","","(90052104)","0","82013558","90052104","71010100","(49568,49015,1960)","","(49568,49015,1960)","","","","","0","1","1994700000","0","0","","","1","","","","","","","","","10","","0","","","","","","","",""
"15001615","0","0","790","","30","100","90400245","0","0","17005175","17005880","0","15001616","(76004502,1)","(90052104)","0","82013560","90052104","71010100","(49568,49015,1400)","","(54800,40500,1400)","","","","","0","1","2013500000","0","0","","","1","","","","","","","","","10","","0","","","","","","","",""
"15001616","0","1","790","","30","101","90400246","0","0","17005175","17005881","0","15001617","","(90052104)","0","82013560","90052104","71010100","(54800,40500,1400)","","(54800,40500,1400)","","","","","0","1","2032500000","0","0","","","1","","","","","","","","","10","","0","","","","","","","",""
"15001617","0","0","790","","30","102","90400247","0","0","17005175","17005882","0","15001618","(76004504,1)","(90052104)","0","82013620","90052104","71010100","(54800,40500,1400)","","(49100,44355,4926)","","","","","0","1","2051600000","0","0","","","1","","","","","","","","","10","","0","","","","","","","",""
"15001618","0","1","800","","30","103","90400248","0","0","17005175","17005883","0","15001619","","(90052104)","0","82013620","90052104","71010100","(49074,44355,4926)","","(49074,44355,4926)","","","","","0","1","3094500000","0","0","","","1","","","","","","","","","10","","0","","","","","","","",""
"15001619","0","1","800","","30","104","90400249","0","0","17005175","17005884","0","15001620","","(90052104)","0","82013621","90052104","71010100","(50821,41523,4926)","","(50821,41523,4926)","","","","","0","1","3123600000","0","0","","","1","","","","","","","","","10","","0","","","","","","","",""
"15001620","0","1","800","","30","105","90400250","0","0","17005175","17005885","0","15001621","","(90052104)","0","82013622","90052104","71010100","(47593,41384,4926)","","(47593,41384,4926)","","","","","0","1","3152800000","0","0","","","1","","","","","","","","","10","","0","","","","","","","",""
"15001621","0","1","800","","30","106","90400251","0","0","17005175","17005886","0","15001622","","(90052118)","0","82013582","90052118","71010100","(31943,79449,1267)","","(31943,79449,1267)","","","","","0","1","3182400000","0","0","","","1","","","","","","","","","10","","0","","","","","","","",""
"15001622","0","1","805","","31","0","90400252","0","0","17005175","17005891","0","15001623","","(90052118)","0","82013579","90052118","71010100","(32072,80047,1239)","","(32072,80047,1239)","","","","","0","1","3212100000","0","0","","","1","","","","","","","","","10","","0","","","","","","","",""
"15001623","0","1","805","","31","1","90400253","0","0","17005175","17005897","0","15001624","","(90052112)","0","82013577","90052112","71010100","(34268,80983,1263)","","(34268,80983,1263)","","","","","0","1","3242100000","0","0","","","1","","","","","","","","","10","","0","","","","","","","",""
"15001624","0","6","805","","31","2","90400254","0","0","17005175","17005903","0","15001625","(76004346,70)","(90052118)","0","82013577","90052118","71010100","(66311,42315,1506)","","(34268,80983,1263)","","","","","0","1","3272400000","0","0","","","1","40","90009558","","","","","","","10","","0","","","","","","","",""
"15001625","0","1","805","","31","3","90400255","0","0","17005175","17005904","0","15001626","","(90052112)","0","82013577","90052112","71010100","(34268,80983,1263)","","(34268,80983,1263)","","","","","0","1","3302900000","0","0","","","1","","","","","","","","","10","","0","","","","","","","",""
"15001626","0","6","805","","31","4","90400256","0","0","17005175","17005905","0","15001627","(76004347,80)","(90052118)","0","82013577","90052118","71010100","(64892,44799,1493)","","(34268,80983,1263)","","","","","0","1","3333600000","0","0","","","1","40","90009559","","","","","","","10","","0","","","","","","","",""
"15001627","0","1","805","","31","5","90400257","0","0","17005175","17005907","0","15001628","","(90052118)","0","82013592","90052118","71010100","(33256,77306,1253)","","(33256,77306,1253)","","","","","0","1","3364600000","0","0","","","1","","","","","","","","","10","","0","","","","","","","",""
"15001628","0","1","810","","31","6","90400258","0","0","17005175","17005912","0","15001629","","(90052118)","0","82013595","90052118","71010100","(31757,78561,1267)","","(31757,78561,1267)","","","","","0","1","3395800000","0","0","","","1","","","","","","","","","10","","0","","","","","","","",""
"15001629","0","1","810","","31","7","90400259","0","0","17005175","17005917","0","15001630","","(90052114)","0","82013596","90052114","71010100","(65717,69964,2142)","","(65717,69964,2142)","","","","","0","1","3427300000","0","0","","","1","","","","","","","","","10","","0","","","","","","","",""
"15001630","0","1","810","","31","8","90400260","0","0","17005175","17005921","0","15001631","","(90052114)","0","82013596","90052114","71010100","(65717,69964,2142)","","(65717,69964,2142)","","","","","0","1","3459100000","0","0","","","1","","","","","","","","","10","","0","","","","","","","",""
"15001631","0","6","810","","31","9","90400261","0","0","17005175","17005925","0","15001632","(76004347,80)","(90052114)","0","82013596","90052114","71010100","(64892,44799,1493)","","(65717,69964,2142)","","","","","0","1","3491100000","0","0","","","1","40","90009560","","","","","","","10","","0","","","","","","","",""
"15001632","0","1","810","","31","10","90400262","0","0","17005175","17005926","0","15001633","","(90052114)","0","82013596","90052114","71010100","(65717,69964,2142)","","(65717,69964,2142)","","","","","0","1","3523300000","0","0","","","1","","","","","","","","","10","","0","","","","","","","",""
"15001633","0","0","810","","31","11","90400263","0","0","17005175","17005929","0","15001634","(76004348,80)","(90052114)","0","82013596","90052114","71010100","(62670,63916,2221)","","(65717,69964,2142)","","","","","0","1","3555900000","0","0","","","1","","","","","","","","","10","","0","","","","","","","",""
"15001634","0","1","810","","31","12","90400264","0","0","17005175","17005930","0","15001635","","(90052114)","0","82013596","90052114","71010100","(65717,69964,2142)","","(65717,69964,2142)","","","","","0","1","3588700000","0","0","","","1","","","","","","","","","10","","0","","","","","","","",""
"15001635","0","0","810","","31","13","90400265","0","0","17005175","17005933","0","15001636","(76004349,80)","(90052114)","0","82013596","90052114","71010100","(66165,63363,2184)","","(65717,69964,2142)","","","","","0","1","3621700000","0","0","","","1","","","","","","","","","10","","0","","","","","","","",""
"15001636","0","1","810","","31","14","90400266","0","0","17005175","17005934","0","15001637","","(90052114)","0","82013596","90052114","71010100","(65717,69964,2142)","","(65717,69964,2142)","","","","","0","1","3655000000","0","0","","","1","","","","","","","","","10","","0","","","","","","","",""
"15001637","0","1","810","","31","15","90400267","0","0","17005175","17005941","0","15001638","","(90052114)","0","82013596","90052114","71010100","(65717,69964,2142)","","(65717,69964,2142)","","","","","0","1","3688600000","0","0","","","1","","","","","","","","","10","","0","","","","","","","",""
"15001638","0","1","820","","31","16","90400268","0","0","17005175","17005946","0","15001639","","(90052114)","0","82013596","90052114","71010100","(65717,69964,2142)","","(65717,69964,2142)","","","","","0","1","3722500000","0","0","","","1","","","","","","","","","10","","0","","","","","","","",""
"15001639","0","0","820","","31","17","90400269","0","0","17005175","17005949","0","15001640","(76004350,80)","(90052114)","0","82013596","90052114","71010100","(64365,41620,1582)","","(65717,69964,2142)","","","","","0","1","3756600000","0","0","","","1","","","","","","","","","10","","0","","","","","","","",""
"15001640","0","1","820","","31","18","90400270","0","0","17005175","17005950","0","15001641","","(90052114)","0","82013596","90052114","71010100","(65717,69964,2142)","","(65717,69964,2142)","","","","","0","1","3791000000","0","0","","","1","","","","","","","","","10","","0","","","","","","","",""
"15001641","0","6","820","","31","19","90400271","0","0","17005175","17005952","0","15001642","(76004347,40)","(90052114)","0","82013596","90052114","71010100","(64892,44799,1493)","","(65717,69964,2142)","","","","","0","1","3825700000","0","0","","","1","40","90009562","","","","","","","10","","0","","","","","","","",""
"15001642","0","1","820","","31","20","90400272","0","0","17005175","17005953","0","15001643","","(90052118)","0","82013596","90052114","71010100","(65717,69964,2142)","","(65717,69964,2142)","","","","","0","1","3860700000","0","0","","","1","","","","","","","","","10","","0","","","","","","","",""
"15001643","0","1","820","","31","21","90400273","0","0","17005175","17005955","0","15001644","","(90052118)","0","82013595","90052118","71010100","(31757,78561,1267)","","(31757,78561,1267)","","","","","0","1","3895900000","0","0","","","1","","","","","","","","","10","","0","","","","","","","",""
"15001644","0","1","820","","31","22","90400274","0","0","17005175","17005960","0","15001645","","(90052114)","0","82013596","90052114","71010100","(65717,69964,2142)","","(65717,69964,2142)","","","","","0","1","3931400000","0","0","","","1","","","","","","","","","10","","0","","","","","","","",""
"15001645","0","1","820","","31","23","90400275","0","0","17005175","17005965","0","15001646","","(90052112)","0","82013597","90052112","71010100","(65351,43383,1504)","","(65351,43383,1504)","","","","","0","1","3967200000","0","0","","","1","","","","","","","","","10","","0","","","","","","","",""
"15001646","0","0","820","","31","24","90400276","0","0","17005175","17005966","0","15001647","(76004350,80)","(90052112)","0","82013597","90052112","71010100","(64365,41620,1582)","","(65351,43383,1504)","","","","","0","1","4003300000","0","0","","","1","","","","","","","","","10","","0","","","","","","","",""
"15001647","0","1","820","","31","25","90400277","0","0","17005175","17005967","0","15001648","","(90052112)","0","82013597","90052112","71010100","(65351,43383,1504)","","(65351,43383,1504)","","","","","0","1","4039700000","0","0","","","1","","","","","","","","","10","","0","","","","","","","",""
"15001648","0","0","820","","31","26","90400278","0","0","17005175","17005968","0","15001649","(76004351,80)","(90052112)","0","82013597","90052112","71010100","(62251,44163,1520)","","(65351,43383,1504)","","","","","0","1","4076300000","0","0","","","1","","","","","","","","","10","","0","","","","","","","",""
"15001649","0","1","830","","31","27","90400279","0","0","17005175","17005969","0","15001650","","(90052112)","0","82013602","90052112","71010100","(69011,44651,1510)","","(69011,44651,1510)","","","","","0","1","4113300000","0","0","","","1","","","","","","","","","10","","0","","","","","","","",""
"15001650","0","0","830","","31","28","90400280","0","0","17005175","17005972","0","15001651","(76004352,80)","(90052112)","0","82013597","90052112","71010100","(69102,44347,1522)","","(65351,43383,1504)","","","","","0","1","4150500000","0","0","","","1","","","","","","","","","10","","0","","","","","","","",""
"15001651","0","1","830","","31","29","90400281","0","0","17005175","17005973","0","15001652","","(90052112)","0","82013602","90052112","71010100","(69011,44651,1510)","","(69011,44651,1510)","","","","","0","1","4188100000","0","0","","","1","","","","","","","","","10","","0","","","","","","","",""
"15001652","0","1","830","","31","30","90400282","0","0","17005175","17005975","0","15001653","","(90052112)","0","82013597","90052112","71010100","(65351,43383,1504)","","(65351,43383,1504)","","","","","0","1","4225900000","0","0","","","1","","","","","","","","","10","","0","","","","","","","",""
"15001653","0","1","830","","31","31","90400283","0","0","17005175","17005980","0","15001654","","(90052112)","0","82013597","90052112","71010100","(65351,43383,1504)","","(65351,43383,1504)","","","","","0","1","4264000000","0","0","","","1","","","","","","","","","10","","0","","","","","","","",""
"15001654","0","6","830","","31","32","90400284","0","0","17005175","17005983","0","15001655","(76004353,30)","(90052112)","0","82013597","90052112","71010100","(70113,37155,736)","","(65351,43383,1504)","","","","","0","1","4302500000","0","0","","","1","40","90009563","","","","","","","10","","0","","","","","","","",""
"15001655","0","1","830","","31","33","90400285","0","0","17005175","17005984","0","15001656","","(90052112)","0","82013597","90052112","71010100","(65351,43383,1504)","","(65351,43383,1504)","","","","","0","1","4341200000","0","0","","","1","","","","","","","","","10","","0","","","","","","","",""
"15001656","0","6","830","","31","34","90400286","0","0","17005175","17005986","0","15001657","(76004354,30)","(90052112)","0","82013597","90052112","71010100","(72376,34526,770)","","(65351,43383,1504)","","","","","0","1","4380200000","0","0","","","1","40","90009564","","","","","","","10","","0","","","","","","","",""
"15001657","0","1","830","","31","35","90400287","0","0","17005175","17005987","0","15001658","","(90052112)","0","82013597","90052112","71010100","(65351,43383,1504)","","(65351,43383,1504)","","","","","0","1","4419600000","0","0","","","1","","","","","","","","","10","","0","","","","","","","",""
"15001658","0","6","830","","31","36","90400288","0","0","17005175","17005988","0","15001659","(76004355,30)","(90052112)","0","82013597","90052112","71010100","(70640,35579,837)","","(65351,43383,1504)","","","","","0","1","4459300000","0","0","","","1","40","90009565","","","","","","","10","","0","","","","","","","",""
"15001659","0","1","830","","31","37","90400289","0","0","17005175","17005990","0","15001660","","(90052112)","0","82013602","90052112","71010100","(69011,44651,1510)","","(69011,44651,1510)","","","","","0","1","4499200000","0","0","","","1","","","","","","","","","10","","0","","","","","","","",""
"15001660","0","1","840","","31","38","90400290","0","0","17005175","17005994","0","15001661","","(90052113)","0","82013606","90052113","71010100","(78139,70998,2203)","","(78139,70998,2203)","","","","","0","1","4539500000","0","0","","","1","","","","","","","","","10","","0","","","","","","","",""
"15001661","0","1","840","","31","39","90400291","0","0","17005175","17005995","0","15001662","","(90052113)","0","82013606","90052113","71010100","(78139,70998,2203)","","(78139,70998,2203)","","","","","0","1","4580100000","0","0","","","1","","","","","","","","","10","","0","","","","","","","",""
"15001662","0","1","840","","31","40","90400292","0","0","17005175","17005999","0","15001663","","(90052113)","0","82013606","90052113","71010100","(78139,70998,2203)","","(78139,70998,2203)","","","","","0","1","4621000000","0","0","","","1","","","","","","","","","10","","0","","","","","","","",""
"15001663","0","1","840","","31","41","90400293","0","0","17005175","17006003","0","15001664","","(90052113)","0","82013606","90052113","71010100","(78139,70998,2203)","","(78139,70998,2203)","","","","","0","1","4662200000","0","0","","","1","","","","","","","","","10","","0","","","","","","","",""
"15001664","0","0","840","","31","42","90400294","0","0","17005175","17006005","0","15001665","(76004356,80)","(90052113)","0","82013606","90052113","71010100","(79313,71818,2461)","","(78139,70998,2203)","","","","","0","1","4703800000","0","0","","","1","","","","","","","","","10","","0","","","","","","","",""
"15001665","0","1","840","","31","43","90400295","0","0","17005175","17006006","0","15001666","","(90052113)","0","82013606","90052113","71010100","(78139,70998,2203)","","(78139,70998,2203)","","","","","0","1","4745700000","0","0","","","1","","","","","","","","","10","","0","","","","","","","",""
"15001666","0","0","840","","31","44","90400296","0","0","17005175","17006008","0","15001667","(76004356,80)","(90052113)","0","82013606","90052113","71010100","(79313,71818,2461)","","(78139,70998,2203)","","","","","0","1","4787900000","0","0","","","1","","","","","","","","","10","","0","","","","","","","",""
"15001667","0","1","840","","31","45","90400297","0","0","17005175","17006009","0","15001668","","(90052113)","0","82013598","90052113","71010100","(78149,70354,2217)","","(78149,70354,2217)","","","","","0","1","4830400000","0","0","","","1","","","","","","","","","10","","0","","","","","","","",""
"15001668","0","1","840","","31","46","90400298","0","0","17005175","17006014","0","15001669","","(90052113)","0","82013606","90052113","71010100","(78139,70998,2223)","","(78139,70998,2223)","","","","","0","1","4873200000","0","0","","","1","","","","","","","","","10","","0","","","","","","","",""
"15001669","0","1","840","","31","47","90400299","0","0","17005175","17006018","0","15001670","","(90052113)","0","82013598","90052113","71010100","(78149,70354,2217)","","(78149,70354,2217)","","","","","0","1","4916400000","0","0","","","1","","","","","","","","","10","","0","","","","","","","",""
"15001670","0","6","840","","31","48","90400300","0","0","17005175","17006023","0","15001671","(76004357,40)","(90052113)","0","82013598","90052113","71010100","(78447,68776,2228)","","(78149,70354,2217)","","","","","0","1","4959900000","0","0","","","1","40","90009566","","","","","","","10","","0","","","","","","","",""
"15001671","0","1","850","","31","49","90400301","0","0","17005175","17006024","0","15001672","","(90052111)","0","82013598","90052111","71010100","(78149,70354,2217)","","(78149,70354,2217)","","","","","0","1","5003800000","0","0","","","1","","","","","","","","","10","","0","","","","","","","",""
"15001672","0","6","850","","31","50","90400302","0","0","17005175","17006026","0","15001673","(76004358,40)","(90052113)","0","82013598","90052113","71010100","(73108,35988,873)","","(78149,70354,2217)","","","","","0","1","5048000000","0","0","","","1","40","90009567","","","","","","","10","","0","","","","","","","",""
"15001673","0","1","850","","31","51","90400303","0","0","17005175","17006027","0","15001674","","(90052111)","0","82013598","90052111","71010100","(78149,70354,2217)","","(78149,70354,2217)","","","","","0","1","5092500000","0","0","","","1","","","","","","","","","10","","0","","","","","","","",""
"15001674","0","6","850","","31","52","90400304","0","0","17005175","17006028","0","15001675","(76004359,40)","(90052113)","0","82013598","90052113","71010100","(76905,39721,1420)","","(78149,70354,2217)","","","","","0","1","5137400000","0","0","","","1","40","90009568","","","","","","","10","","0","","","","","","","",""
"15001675","0","1","850","","31","53","90400305","0","0","17005175","17006029","0","15001676","","(90052113)","0","82013598","90052113","71010100","(78149,70354,2217)","","(78149,70354,2217)","","","","","0","1","5182600000","0","0","","","1","","","","","","","","","10","","0","","","","","","","",""
"15001676","0","1","850","","31","54","90400306","0","0","17005175","17006034","0","15001677","","(90052118)","0","82013595","90052118","71010100","(31757,78561,1267)","","(31757,78561,1267)","","","","","0","1","5228200000","0","0","","","1","","","","","","","","","10","","0","","","","","","","",""
"15001677","0","1","850","","31","55","90400307","0","0","17005175","17006041","0","15001678","","(90052118)","0","82013582","90052118","71010100","(31943,79449,1267)","","(31943,79449,1267)","","","","","0","1","5274100000","0","0","","","1","","","","","","","","","10","","0","","","","","","","",""
"15001678","0","1","850","","31","56","90400308","0","0","17005175","17006047","0","15001679","","(90052118)","0","82013579","90052118","71010100","(32072,80047,1239)","","(32072,80047,1239)","","","","","0","1","5320400000","0","0","","","1","","","","","","","","","10","","0","","","","","","","",""
"15001679","0","1","850","","31","57","90400309","0","0","17005175","17006054","0","15001680","","(90052113)","0","82013603","90052113","71010100","(78073,71054,2237)","","(78073,71054,2237)","","","","","0","1","5367000000","0","0","","","1","","","","","","","","","10","","0","","","","","","","",""
"15001680","0","1","850","","31","58","90400310","0","0","17005175","17006060","0","15001681","","(90052109)","0","82013604","90052109","71010100","(71702,56480,2717)","","(71702,56480,2717)","","","","","0","1","5414000000","0","0","","","1","","","","","","","","","10","","0","","","","","","","",""
"15001681","0","0","850","","31","59","90400311","0","0","17005175","17006061","0","15001682","(76004360,80)","(90052109)","0","82013604","90052109","71010100","(73768,61804,2439)","","(71702,56480,2717)","","","","","0","1","5461300000","0","0","","","1","","","","","","","","","10","","0","","","","","","","",""
"15001682","0","1","860","","31","60","90400312","0","0","17005175","17006062","0","15001683","","(90052109)","0","82013604","90052109","71010100","(71702,56480,2717)","","(71702,56480,2717)","","","","","0","1","5509000000","0","0","","","1","","","","","","","","","10","","0","","","","","","","",""
"15001683","0","0","860","","31","61","90400313","0","0","17005175","17006063","0","15001684","(76004361,80)","(90052109)","0","82013604","90052109","71010100","(78938,44677,3360)","","(71702,56480,2717)","","","","","0","1","5557100000","0","0","","","1","","","","","","","","","10","","0","","","","","","","",""
"15001684","0","1","860","","31","62","90400314","0","0","17005175","17006064","0","15001685","","(90052109)","0","82013604","90052109","71010100","(71702,56480,2717)","","(71702,56480,2717)","","","","","0","1","5605500000","0","0","","","1","","","","","","","","","10","","0","","","","","","","",""
"15001685","0","0","860","","31","63","90400315","0","0","17005175","17006065","0","15001686","(76004369,80)","(90052109)","0","82013604","90052109","71010100","(84142,48404,2734)","","(71702,56480,2717)","","","","","0","1","5654300000","0","0","","","1","","","","","","","","","10","","0","","","","","","","",""
"15001686","0","1","860","","31","64","90400316","0","0","17005175","17006066","0","15001687","","(90052109)","0","82013604","90052109","71010100","(71702,56480,2717)","","(71702,56480,2717)","","","","","0","1","5703500000","0","0","","","1","","","","","","","","","10","","0","","","","","","","",""
"15001687","0","1","860","","31","65","90400317","0","0","17005175","17006067","0","15001688","","(90052109)","0","82013562","90052109","71010100","(87387,57050,3363)","","(87387,57050,3363)","","","","","0","1","5753000000","0","0","","","1","","","","","","","","","10","","0","","","","","","","",""
"15001688","0","0","860","","31","66","90400318","0","0","17005175","17006070","0","15001689","(76004506,1)","(90052109)","0","82013563","90052109","71010100","(87387,57050,3363)","","(87387,57050,3363)","","","","","0","1","5753000000","0","0","","","1","","","","","","","","","10","","0","","","","","","","",""
"15001689","0","1","860","","31","67","90400319","0","0","17005175","17006072","0","15001690","","(90052109)","0","82013563","90052109","71010100","(87387,57050,3363)","","(87387,57050,3363)","","","","","0","1","5802900000","0","0","","","1","","","","","","","","","10","","0","","","","","","","",""
"15001690","0","1","860","","31","68","90400320","0","0","17005175","17006074","0","15001691","","(90052109)","0","82013599","90052109","71010100","(87827,56236,3088)","","(87827,56236,3088)","","","","","0","1","5853200000","0","0","","","1","","","","","","","","","10","","0","","","","","","","",""
"15001691","0","1","860","","31","69","90400321","0","0","17005175","17006081","0","15001692","","(90052109)","0","82013563","90052109","71010100","(87387,57050,3363)","","(87387,57050,3363)","","","","","0","1","5903900000","0","0","","","1","","","","","","","","","10","","0","","","","","","","",""
"15001692","0","1","860","","31","70","90400322","0","0","17005175","17006086","0","15001693","","(90052109)","0","82013563","90052109","71010100","(87387,57050,3363)","","(87387,57050,3363)","","","","","0","1","5954900000","0","0","","","1","","","","","","","","","10","","0","","","","","","","",""
"15001693","0","1","870","","31","71","90400323","0","0","17005175","17006091","0","15001694","","(90052109)","0","82013604","90052109","71010100","(71702,56480,2717)","","(71702,56480,2717)","","","","","0","1","6006300000","0","0","","","1","","","","","","","","","10","","0","","","","","","","",""
"15001694","0","1","870","","31","72","90400324","0","0","17005175","17006095","0","15001695","","(90052118)","0","82013582","90052118","71010100","(31943,79449,1267)","","(31943,79449,1267)","","","","","0","1","6058200000","0","0","","","1","","","","","","","","","10","","0","","","","","","","",""
"15001695","0","1","870","","31","73","90400325","0","0","17005175","17006098","0","15001696","","(90052111)","0","82013582","90052118","71010100","(31943,79449,1267)","","(31943,79449,1267)","","","","","0","1","6110400000","0","0","","","1","","","","","","","","","10","","0","","","","","","","",""
"15001696","0","6","870","","31","74","90400326","0","0","17005175","17006101","0","15001697","(76004377,40)","(90052118)","0","82013582","90052118","71010100","(78906,55942,2808)","","(31943,79449,1267)","","","","","0","1","6163000000","0","0","","","1","40","90009569","","","","","","","10","","0","","","","","","","",""
"15001697","0","1","870","","31","75","90400327","0","0","17005175","17006102","0","15001698","","(90052118)","0","82013584","90052118","71010100","(31652,77123,1274)","","(31652,77123,1274)","","","","","0","1","6216000000","0","0","","","1","","","","","","","","","10","","0","","","","","","","",""
"15001698","0","1","870","","31","76","90400328","0","0","17005175","17006106","0","15001699","","(90052111)","0","82013584","90052118","71010100","(31652,77123,1274)","","(31652,77123,1274)","","","","","0","1","6269400000","0","0","","","1","","","","","","","","","10","","0","","","","","","","",""
"15001699","0","6","870","","31","77","90400329","0","0","17005175","17006107","0","15001700","(76004379,40)","(90052118)","0","82013584","90052118","71010100","(79797,68261,2280)","","(31652,77123,1274)","","","","","0","1","6323200000","0","0","","","1","40","90009570","","","","","","","10","","0","","","","","","","",""
"15001700","0","1","870","","31","78","90400330","0","0","17005175","17006108","0","15001701","","(90052111)","0","82013584","90052118","71010100","(31652,77123,1274)","","(31652,77123,1274)","","","","","0","1","6377400000","0","0","","","1","","","","","","","","","10","","0","","","","","","","",""
"15001701","0","6","870","","31","79","90400331","0","0","17005175","17006111","0","15001702","(76004381,40)","(90052118)","0","82013584","90052118","71010100","(81449,46865,2811)","","(31652,77123,1274)","","","","","0","1","6432000000","0","0","","","1","40","90009571","","","","","","","10","","0","","","","","","","",""
"15001702","0","1","880","","31","80","90400332","0","0","17005175","17006112","0","15001703","","(90052118)","0","82013582","90052118","71010100","(31943,79449,1267)","","(31943,79449,1267)","","","","","0","1","6487000000","0","0","","","1","","","","","","","","","10","","0","","","","","","","",""
"15001703","0","1","880","","31","81","90400333","0","0","17005175","17006114","0","15001704","","(90052118)","0","82013582","90052118","71010100","(31943,79449,1267)","","(31943,79449,1267)","","","","","0","1","6542400000","0","0","","","1","","","","","","","","","10","","0","","","","","","","",""
"15001704","0","1","880","","31","82","90400334","0","0","17005175","17006119","0","15001705","","(90052118)","0","82013584","90052118","71010100","(31652,77123,1274)","","(31652,77123,1274)","","","","","0","1","6598200000","0","0","","","1","","","","","","","","","10","","0","","","","","","","",""
"15001705","0","1","880","","31","83","90400335","0","0","17005175","17006121","0","15001706","","(90052110)","0","82013623","90052110","71010100","(95718,43971,2790)","","(95718,43971,2790)","","","","","0","1","6654500000","0","0","","","1","","","","","","","","","10","","0","","","","","","","",""
"15001706","0","1","880","","31","84","90400336","0","0","17005175","17006123","0","15001707","","(90052110)","0","82013566","90052110","71010100","(94956,46204,2834)","","(94956,46204,2834)","","","","","0","1","6711100000","0","0","","","1","","","","","","","","","10","","0","","","","","","","",""
"15001707","0","0","880","","31","85","90400337","0","0","17005175","17006128","0","15001708","(76004509,1)","(90052110)","0","82013565","90052110","71010100","(94956,46204,2834)","","(94956,46204,2834)","","","","","0","1","6768200000","0","0","","","1","","","","","","","","","10","","0","","","","","","","",""
"15001708","0","1","880","","31","86","90400338","0","0","17005175","17006133","0","15001709","","(90052110)","0","82013565","90052110","71010100","(94956,46204,2834)","","(94956,46204,2834)","","","","","0","1","6825700000","0","0","","","1","","","","","","","","","10","","0","","","","","","","",""
"15001709","0","1","880","","31","87","90400339","0","0","17005175","17006135","0","15001710","","(90052110)","0","82013565","90052110","71010100","(94956,46204,2834)","","(94956,46204,2834)","","","","","0","1","6883700000","0","0","","","1","","","","","","","","","10","","0","","","","","","","",""
"15001710","0","1","880","","31","88","90400340","0","0","17005175","17006136","0","15001711","","(90052118)","0","82013582","90052118","71010100","(32043,79349,1267)","","(32043,79349,1267)","","","","","0","1","6942000000","0","0","","","1","","","","","","","","","10","","0","","","","","","","",""
"15001711","0","1","890","","31","89","90400341","0","0","17005175","17006141","0","15001712","","(90052118)","0","82013582","90052118","71010100","(32043,79349,1267)","","(32043,79349,1267)","","","","","0","1","7000800000","0","0","","","1","","","","","","","","","10","","0","","","","","","","",""
"15001712","0","1","890","","31","90","90400342","0","0","17005175","17006144","0","15001713","","(90052118)","0","82013579","90052118","71010100","(32072,80047,1239)","","(32072,80047,1239)","","","","","0","1","7060000000","0","0","","","1","","","","","","","","","10","","0","","","","","","","",""
"15001713","0","1","890","","31","91","90400343","0","0","17005175","17006151","0","15001714","","(90052118)","0","82013577","90052118","71010100","(34268,80983,1263)","","(34268,80983,1263)","","","","","0","1","7119600000","0","0","","","1","","","","","","","","","10","","0","","","","","","","",""
"15001714","0","1","890","","31","92","90400344","0","0","17005175","17006157","0","15001715","","(90052113)","0","82013606","90052113","71010100","(78139,70998,2223)","","(78139,70998,2223)","","","","","0","1","7179700000","0","0","","","1","","","","","","","","","10","","0","","","","","","","",""
"15001715","0","0","890","","31","93","90400345","0","0","17005175","17006160","0","15001716","(76004371,60)","(90052113)","0","82013606","90052113","71010100","(85013,47755,2776)","","(78139,70998,2223)","","","","","0","1","7240300000","0","0","","","1","","","","","","","","","10","","0","","","","","","","",""
"15001716","0","1","890","","31","94","90400346","0","0","17005175","17006161","0","15001717","","(90052113)","0","82013603","90052113","71010100","(78073,71054,2237)","","(78073,71054,2237)","","","","","0","1","7301200000","0","0","","","1","","","","","","","","","10","","0","","","","","","","",""
"15001717","0","1","890","","31","95","90400347","0","0","17005175","17006164","0","15001718","","(90052113)","0","82013603","90052113","71010100","(78073,71054,2237)","","(78073,71054,2237)","","","","","0","1","7362700000","0","0","","","1","","","","","","","","","10","","0","","","","","","","",""
"15001718","0","1","890","","31","96","90400348","0","0","17005175","17006168","0","15001719","","(90052113)","0","82013603","90052113","71010100","(78073,71054,2237)","","(78073,71054,2237)","","","","","0","1","7424500000","0","0","","","1","","","","","","","","","10","","0","","","","","","","",""
"15001719","0","1","900","","31","97","90400349","0","0","17005175","17006171","0","15001720","","(90052113)","0","82013603","90052113","71010100","(78073,71054,2237)","","(78073,71054,2237)","","","","","0","1","7486100000","0","0","","","1","","","","","","","","","10","","0","","","","","","","",""
"15001720","0","1","900","","31","98","90400350","0","0","17005175","17006175","0","0","","(90052118)","0","82013579","90052118","71010100","(32072,80047,1239)","","(32072,80047,1239)","","","","","0","1","7486100000","0","0","","","1","","","","","","","","","10","","0","","","","","","","",""
"15001721","0","1","900","","32","0","90400351","0","0","17005175","17006177","0","15001722","","(90052118)","0","82013577","90052118","71010100","(34268,80983,1263)","","(34268,80983,1263)","","","","","0","1","","0","0","","","1","","","","","","","","","10","","0","","","","","","","",""
"15001722","0","6","900","","32","1","90400352","0","0","17005175","17006180","0","15001723","(76004386,70)","(90052118)","0","82013577","90052118","71010100","(59400,83341,1702)","","(34268,80983,1263)","","","","","0","1","","0","0","","","1","40","90009572","","","","","","","10","","0","","","","","","","",""
"15001723","0","1","900","","32","2","90400353","0","0","17005175","17006181","0","15001724","","(90052118)","0","82013577","90052118","71010100","(34268,80983,1263)","","(34268,80983,1263)","","","","","0","1","","0","0","","","1","","","","","","","","","10","","0","","","","","","","",""
"15001724","0","6","900","","32","3","90400354","0","0","17005175","17006183","0","15001725","(76004388,60)","(90052118)","0","82013577","90052118","71010100","(48977,81836,2683)","","(34268,80983,1263)","","","","","0","1","","0","0","","","1","40","90009573","","","","","","","10","","0","","","","","","","",""
"15001725","0","1","900","","32","4","90400355","0","0","17005175","17006184","0","15001726","","(90052118)","0","82013577","90052118","71010100","(34268,80983,1263)","","(34268,80983,1263)","","","","","0","1","","0","0","","","1","","","","","","","","","10","","0","","","","","","","",""
"15001726","0","1","900","","32","5","90400356","0","0","17005175","17006188","0","15001727","","(90052118)","0","82013577","90052118","71010100","(34268,80983,1263)","","(34268,80983,1263)","","","","","0","1","","0","0","","","1","","","","","","","","","10","","0","","","","","","","",""
"15001727","0","1","900","","32","6","90400357","0","0","17005175","17006194","0","15001728","","(90052118)","0","82013579","90052118","71010100","(32072,80047,1239)","","(32072,80047,1239)","","","","","0","1","","0","0","","","1","","","","","","","","","10","","0","","","","","","","",""
"15001728","0","1","900","","32","7","90400358","0","0","17005175","17006197","0","15001729","","(90052116)","0","82013614","90052116","71010100","(58337,89824,1682)","","(58337,89824,1682)","","","","","0","1","","0","0","","","1","","","","","","","","","10","","0","","","","","","","",""
"15001729","0","0","900","","32","8","90400359","0","0","17005175","17006198","0","15001730","(76004387,80)","(90052116)","0","82013614","90052116","71010100","(60619,84186,1702)","","(58337,89824,1682)","","","","","0","1","","0","0","","","1","","","","","","","","","10","","0","","","","","","","",""
"15001730","0","1","900","","32","9","90400360","0","0","17005175","17006199","0","15001731","","(90052116)","0","82013614","90052116","71010100","(58337,89824,1682)","","(58337,89824,1682)","","","","","0","1","","0","0","","","1","","","","","","","","","10","","0","","","","","","","",""
"15001731","0","6","900","","32","10","90400361","0","0","17005175","17006201","0","15001732","(76004388,30)","(90052116)","0","82013614","90052116","71010100","(47801,81628,2683)","","(58337,89824,1682)","","","","","0","1","","0","0","","","1","30","90009574","","","","","","","10","","0","","","","","","","",""
"15001732","0","1","905","","32","11","90400362","0","0","17005175","17006202","0","15001733","","(90052116)","0","82013614","90052116","71010100","(58337,89824,1682)","","(58337,89824,1682)","","","","","0","1","","0","0","","","1","","","","","","","","","10","","0","","","","","","","",""
"15001733","0","6","905","","32","12","90400363","0","0","17005175","17006205","0","15001734","(76004389,80)","(90052116)","0","82013614","90052116","71010100","(51772,77513,2782)","","(58337,89824,1682)","","","","","0","1","","0","0","","","1","30","90009575","","","","","","","10","","0","","","","","","","",""
"15001734","0","1","905","","32","13","90400364","0","0","17005175","17006206","0","15001735","","(90052116)","0","82013614","90052116","71010100","(58337,89824,1682)","","(58337,89824,1682)","","","","","0","1","","0","0","","","1","","","","","","","","","10","","0","","","","","","","",""
"15001735","0","1","905","","32","14","90400365","0","0","17005175","17006208","0","15001736","","(90052118)","0","82013582","90052118","71010100","(31943,79449,1267)","","(31943,79449,1267)","","","","","0","1","","0","0","","","1","","","","","","","","","10","","0","","","","","","","",""
"15001736","0","1","905","","32","15","90400366","0","0","17005175","17006211","0","15001737","","(90052115)","0","82013615","90052115","71010100","(43100,75700,2680)","","(43100,75700,2680)","","","","","0","1","","0","0","","","1","","","","","","","","","10","","0","","","","","","","",""
"15001737","0","1","905","","32","16","90400367","0","0","17005175","17006214","0","15001738","","(90052115)","0","82013615","90052115","71010100","(43100,75700,2680)","","(43100,75700,2680)","","","","","0","1","","0","0","","","1","","","","","","","","","10","","0","","","","","","","",""
"15001738","0","0","905","","32","17","90400368","0","0","17005175","17006218","0","15001739","(76004390,60)","(90052115)","0","82013615","90052115","71010100","(40251,78166,2707)","","(43100,75700,2680)","","","","","0","1","","0","0","","","1","","","","","","","","","10","","0","","","","","","","",""
"15001739","0","1","905","","32","18","90400369","0","0","17005175","17006219","0","15001740","","(90052115)","0","82013615","90052115","71010100","(43100,75700,2680)","","(43100,75700,2680)","","","","","0","1","","0","0","","","1","","","","","","","","","10","","0","","","","","","","",""
"15001740","0","0","905","","32","19","90400370","0","0","17005175","17006221","0","15001741","(76004391,60)","(90052115)","0","82013615","90052115","71010100","(44044,79127,2648)","","(43100,75700,2680)","","","","","0","1","","0","0","","","1","","","","","","","","","10","","0","","","","","","","",""
"15001741","0","1","910","","32","20","90400371","0","0","17005175","17006222","0","15001742","","(90052115)","0","82013615","90052115","71010100","(43100,75700,2680)","","(43100,75700,2680)","","","","","0","1","","0","0","","","1","","","","","","","","","10","","0","","","","","","","",""
"15001742","0","0","910","","32","21","90400372","0","0","17005175","17006224","0","15001743","(76004392,60)","(90052115)","0","82013615","90052115","71010100","(49398,84817,2703)","","(43100,75700,2680)","","","","","0","1","","0","0","","","1","","","","","","","","","10","","0","","","","","","","",""
"15001743","0","1","910","","32","22","90400373","0","0","17005175","17006225","0","15001744","","(90052115)","0","82013615","90052115","71010100","(43100,75700,2680)","","(43100,75700,2680)","","","","","0","1","","0","0","","","1","","","","","","","","","10","","0","","","","","","","",""
"15001744","0","0","910","","32","23","90400374","0","0","17005175","17006227","0","15001745","(76004393,60)","(90052115)","0","82013615","90052115","71010100","(48058,76222,2713)","","(43100,75700,2680)","","","","","0","1","","0","0","","","1","","","","","","","","","10","","0","","","","","","","",""
"15001745","0","1","910","","32","24","90400375","0","0","17005175","17006228","0","15001746","","(90052115)","0","82013615","90052115","71010100","(43100,75700,2680)","","(43100,75700,2680)","","","","","0","1","","0","0","","","1","","","","","","","","","10","","0","","","","","","","",""
"15001746","0","0","910","","32","25","90400376","0","0","17005175","17006231","0","15001747","(76004394,60)","(90052115)","0","82013615","90052115","71010100","(50078,77771,2875)","","(43100,75700,2680)","","","","","0","1","","0","0","","","1","","","","","","","","","10","","0","","","","","","","",""
"15001747","0","1","910","","32","26","90400377","0","0","17005175","17006232","0","15001748","","(90052115)","0","82013615","90052115","71010100","(43100,75700,2680)","","(43100,75700,2680)","","","","","0","1","","0","0","","","1","","","","","","","","","10","","0","","","","","","","",""
"15001748","0","1","910","","32","27","90400378","0","0","17005175","17006234","0","15001749","","(90052118)","0","82013582","90052118","71010100","(31943,79449,1267)","","(31943,79449,1267)","","","","","0","1","","0","0","","","1","","","","","","","","","10","","0","","","","","","","",""
"15001749","0","1","910","","32","28","90400379","0","0","17005175","17006239","0","15001750","","(90052118)","0","82013595","90052118","71010100","(31757,78561,1267)","","(31757,78561,1267)","","","","","0","1","","0","0","","","1","","","","","","","","","10","","0","","","","","","","",""
"15001750","0","1","910","","32","29","90400380","0","0","17005175","17006244","0","15001751","","(90052118)","0","82013595","90052118","71010100","(31757,78561,1267)","","(31757,78561,1267)","","","","","0","1","","0","0","","","1","","","","","","","","","10","","0","","","","","","","",""
"15001751","0","1","915","","32","30","90400381","0","0","17005175","17006248","0","15001752","","(90052118)","0","82013582","90052118","71010100","(31943,79449,1267)","","(31943,79449,1267)","","","","","0","1","","0","0","","","1","","","","","","","","","10","","0","","","","","","","",""
"15001752","0","0","915","","32","31","90400382","0","0","17005175","17006251","0","15001753","(76004395,60)","(90052115)","0","82013615","90052115","71010100","(50899,82115,2674)","","(43288,75695,2680)","","","","","0","1","","0","0","","","1","","","","","","","","","10","","0","","","","","","","",""
"15001753","0","1","915","","32","32","90400383","0","0","17005175","17006252","0","15001754","","(90052115)","0","82013615","90052115","71010100","(43288,75695,2680)","","(43288,75695,2680)","","","","","0","1","","0","0","","","1","","","","","","","","","10","","0","","","","","","","",""
"15001754","0","0","915","","32","33","90400384","0","0","17005175","17006253","0","15001755","(76004396,60)","(90052115)","0","82013615","90052115","71010100","(44425,81168,2693)","","(43288,75695,2680)","","","","","0","1","","0","0","","","1","","","","","","","","","10","","0","","","","","","","",""
"15001755","0","1","915","","32","34","90400385","0","0","17005175","17006254","0","15001756","","(90052115)","0","82013615","90052115","71010100","(43288,75695,2680)","","(43288,75695,2680)","","","","","0","1","","0","0","","","1","","","","","","","","","10","","0","","","","","","","",""
"15001756","0","0","915","","32","35","90400386","0","0","17005175","17006256","0","15001757","(76004398,60)","(90052115)","0","82013615","90052115","71010100","(40903,75176,2750)","","(43288,75695,2680)","","","","","0","1","","0","0","","","1","","","","","","","","","10","","0","","","","","","","",""
"15001757","0","1","915","","32","36","90400387","0","0","17005175","17006257","0","15001758","","(90052115)","0","82013615","90052115","71010100","(43288,75695,2680)","","(43288,75695,2680)","","","","","0","1","","0","0","","","1","","","","","","","","","10","","0","","","","","","","",""
"15001758","0","0","915","","32","37","90400388","0","0","17005175","17006258","0","15001759","(76004399,60)","(90052115)","0","82013615","90052115","71010100","(57989,89446,1699)","","(43288,75695,2680)","","","","","0","1","","0","0","","","1","","","","","","","","","10","","0","","","","","","","",""
"15001759","0","1","915","","32","38","90400389","0","0","17005175","17006260","0","15001760","","(90052115)","0","82013615","90052115","71010100","(43288,75695,2680)","","(43288,75695,2680)","","","","","0","1","","0","0","","","1","","","","","","","","","10","","0","","","","","","","",""
"15001760","0","0","915","","32","39","90400390","0","0","17005175","17006262","0","15001761","(76004400,60)","(90052115)","0","82013615","90052115","71010100","(51634,76757,2735)","","(43288,75695,2680)","","","","","0","1","","0","0","","","1","","","","","","","","","10","","0","","","","","","","",""
"15001761","0","1","915","","32","40","90400391","0","0","17005175","17006263","0","15001762","","(90052115)","0","82013615","90052115","71010100","(43288,75695,2680)","","(43288,75695,2680)","","","","","0","1","","0","0","","","1","","","","","","","","","10","","0","","","","","","","",""
"15001762","0","0","915","","32","41","90400392","0","0","17005175","17006264","0","15001763","(76004401,60)","(90052115)","0","82013615","90052115","71010100","(50522,81010,2526)","","(43288,75695,2680)","","","","","0","1","","0","0","","","1","","","","","","","","","10","","0","","","","","","","",""
"15001763","0","1","920","","32","42","90400393","0","0","17005175","17006267","0","15001764","","(90052117)","0","82014008","90052117","71010100","(50314,66791,1651)","","(50314,66791,1651)","","(76004701,76004703,76004705,76004706,76004708,76004709,76004716,76004724,76004731)","","","0","1","","0","0","","","1","","","","","","","","","10","","0","","","","","","","",""
"15001764","0","1","920","","32","43","90400394","0","0","17005175","17006271","0","15001765","","(90052118)","0","82014018","90052118","71010100","(33702,79153,1249)","","(33702,79153,1249)","","","","","0","1","","0","0","","","1","","","","","","","","","10","","0","","","","","","","",""
"15001765","0","1","920","","32","44","90400395","0","0","17005175","17006274","0","15001766","","(90052115)","0","82013570","90052115","71010100","(48102,85143,2689)","","(48102,85143,2689)","","","","","0","1","","0","0","","","1","","","","","","","","","10","","0","","","","","","","",""
"15001766","0","1","920","","32","45","90400396","0","0","17005175","17006278","0","15001767","","(90052115)","0","82013572","90052115","71010100","(48215,85350,2680)","","(48215,85350,2680)","","","","","0","1","","0","0","","","1","","","","","","","","","10","","0","","","","","","","",""
"15001767","0","0","920","","32","46","90400397","0","0","17005175","17006282","0","15001768","(76004516,1)","(90052115)","0","82013570","90052115","71010100","(48215,85350,2680)","","(48215,85350,2680)","","","","","0","1","","0","0","","","1","","","","","","","","","10","","0","","","","","","","",""
"15001768","0","1","920","","32","47","90400398","0","0","17005175","17006283","0","15001769","","(90052115)","0","82013570","90052115","71010100","(48102,85143,2689)","","(48102,85143,2689)","","","","","0","1","","0","0","","","1","","","","","","","","","10","","0","","","","","","","",""
"15001769","0","0","920","","32","48","90400399","0","0","17005175","17006286","0","15001770","(76004514,1)","(90052115)","0","82014019","90052115","71010100","(48102,85143,2689)","","(48102,85143,2689)","","","","","0","1","","0","0","","","1","","","","","","","","","10","","0","","","","","","","",""
"15001770","0","1","920","","32","49","90400400","0","0","17005175","17006287","0","15001771","","(90052115)","0","82013601","90052115","71010100","(50972,84393,2680)","","(50972,84393,2680)","","","","","0","1","","0","0","","","1","","","","","","","","","10","","0","","","","","","","",""
"15001771","0","1","920","","32","50","90400401","0","0","17005175","17006291","0","15001772","","(90052115)","0","82013601","90052115","71010100","(50972,84393,2680)","","(50972,84393,2680)","","","","","0","1","","0","0","","","1","","","","","","","","","10","","0","","","","","","","",""
"15001772","0","0","920","","32","51","90400402","0","0","17005175","17006296","0","15001773","(76004397,60)","(90052115)","0","82013601","90052115","71010100","(39734,81577,2680)","","(50972,84393,2680)","","","","","0","1","","0","0","","","1","","","","","","","","","10","","0","","","","","","","",""
"15001773","0","1","925","","32","52","90400403","0","0","17005175","17006299","0","15001774","","(90052118)","0","82013595","90052118","71010100","(31757,78561,1267)","","(31757,78561,1267)","","","","","0","1","","0","0","","","1","","","","","","","","","10","","0","","","","","","","",""
"15001774","0","1","925","","32","53","90400404","0","0","17005175","17006303","0","15001775","","(90052118)","0","82013582","90052118","71010100","(31943,79449,1267)","","(31943,79449,1267)","","","","","0","1","","0","0","","","1","","","","","","","","","10","","0","","","","","","","",""
"15001775","0","1","925","","32","54","90400405","0","0","17005175","17006305","0","15001776","","(90052118)","0","82013582","90052118","71010100","(31943,79449,1267)","","(31943,79449,1267)","","","","","0","1","","0","0","","","1","","","","","","","","","10","","0","","","","","","","",""
"15001776","0","1","925","","32","55","90400406","0","0","17005175","17006309","0","15001777","","(90052118)","0","82013579","90052118","71010100","(32072,80047,1239)","","(32072,80047,1239)","","","","","0","1","","0","0","","","1","","","","","","","","","10","","0","","","","","","","",""
"15001777","0","0","925","","32","56","90400407","0","0","17005175","17006312","0","15001778","(76004403,60)","(90052118)","0","82013579","90052118","71010100","(55741,95257,1181)","","(32072,80047,1239)","","","","","0","1","","0","0","","","1","","","","","","","","","10","","0","","","","","","","",""
"15001778","0","1","925","","32","57","90400408","0","0","17005175","17006313","0","15001779","","(90052118)","0","82013579","90052118","71010100","(32072,80047,1239)","","(32072,80047,1239)","","","","","0","1","","0","0","","","1","","","","","","","","","10","","0","","","","","","","",""
"15001779","0","0","925","","32","58","90400409","0","0","17005175","17006314","0","15001780","(76004404,70)","(90052118)","0","82013579","90052118","71010100","(55985,93474,1205)","","(32072,80047,1239)","","","","","0","1","","0","0","","","1","","","","","","","","","10","","0","","","","","","","",""
"15001780","0","1","925","","32","59","90400410","0","0","17005175","17006315","0","15001781","","(90052118)","0","82013579","90052118","71010100","(32072,80047,1239)","","(32072,80047,1239)","","","","","0","1","","0","0","","","1","","","","","","","","","10","","0","","","","","","","",""
"15001781","0","1","925","","32","60","90400411","0","0","17005175","17006317","0","15001782","","(90052118)","0","82013592","90052118","71010100","(33256,77306,1253)","","(33256,77306,1253)","","","","","0","1","","0","0","","","1","","","","","","","","","10","","0","","","","","","","",""
"15001782","0","1","925","","32","61","90400412","0","0","17005175","17006327","0","15001783","","(90052118)","0","82013595","90052118","71010100","(31757,78561,1267)","","(31757,78561,1267)","","","","","0","1","","0","0","","","1","","","","","","","","","10","","0","","","","","","","",""
"15001783","0","1","930","","32","62","90400413","0","0","17005175","17006334","0","15001784","","(90052118)","0","82013582","90052118","71010100","(32072,80047,1239)","","(32072,80047,1239)","","","","","0","1","","0","0","","","1","","","","","","","","","10","","0","","","","","","","",""
"15001784","0","1","930","","32","63","90400414","0","0","17005175","17006337","0","15001785","","(90052116)","0","82014020","90052116","71010100","(58305,83821,1702)","","(58305,83821,1702)","","","","","0","1","","0","0","","","1","","","","","","","","","10","","0","","","","","","","",""
"15001785","0","0","930","","32","64","90400415","0","0","17005175","17006340","0","15001786","(76004405,70)","(90052116)","0","82014020","90052116","71010100","(58144,86354,1664)","","(58305,83821,1702)","","","","","0","1","","0","0","","","1","","","","","","","","","10","","0","","","","","","","",""
"15001786","0","1","930","","32","65","90400416","0","0","17005175","17006341","0","15001787","","(90052116)","0","82014020","90052116","71010100","(58305,83821,1702)","","(58305,83821,1702)","","","","","0","1","","0","0","","","1","","","","","","","","","10","","0","","","","","","","",""
"15001787","0","0","930","","32","66","90400417","0","0","17005175","17006342","0","15001788","(76004406,70)","(90052116)","0","82014020","90052116","71010100","(59321,88193,1700)","","(58305,83821,1702)","","","","","0","1","","0","0","","","1","","","","","","","","","10","","0","","","","","","","",""
"15001788","0","1","930","","32","67","90400418","0","0","17005175","17006343","0","15001789","","(90052116)","0","82014020","90052116","71010100","(58305,83821,1702)","","(60134,86807,1811)","","","","","0","1","","0","0","","","1","","","","","","","","","10","","0","","","","","","","",""
"15001789","0","1","930","","32","68","90400419","0","0","17005175","17006347","0","15001790","","(90052116)","0","82014004","90052116","71010100","(60134,86807,1811)","","(60134,86807,1811)","","","","","0","1","","0","0","","","1","","","","","","","","","10","","0","","","","","","","",""
"15001790","0","1","930","","32","69","90400420","0","0","17005175","17006351","0","15001791","","(90052116)","0","82014020","90052116","71010100","(58305,83821,1702)","","(58305,83821,1702)","","","","","0","1","","0","0","","","1","","","","","","","","","10","","0","","","","","","","",""
"15001791","0","1","935","","32","70","90400421","0","0","17005175","17006356","0","15001792","","(90052118)","0","82013582","90052118","71010100","(31943,79449,1267)","","(31943,79449,1267)","","","","","0","1","","0","0","","","1","","","","","","","","","10","","0","","","","","","","",""
"15001792","0","1","935","","32","71","90400422","0","0","17005175","17006361","0","15001793","","(90052118)","0","82013577","90052118","71010100","(34268,80983,1263)","","(34268,80983,1263)","","","","","0","1","","0","0","","","1","","","","","","","","","10","","0","","","","","","","",""
"15001793","0","6","935","","32","72","90400423","0","0","17005175","17006363","0","15001794","(76004389,80)","(90052118)","0","82013577","90052118","71010100","(52400,78113,2782)","","(34268,80983,1263)","","","","","0","1","","0","0","","","1","30","90009576","","","","","","","10","","0","","","","","","","",""
"15001794","0","1","935","","32","73","90400424","0","0","17005175","17006364","0","15001795","","(90052118)","0","82013577","90052118","71010100","(34268,80983,1263)","","(34268,80983,1263)","","","","","0","1","","0","0","","","1","","","","","","","","","10","","0","","","","","","","",""
"15001795","0","6","935","","32","74","90400425","0","0","17005175","17006366","0","15001796","(76004397,60)","(90052118)","0","82013577","90052118","71010100","(38601,81547,2680)","","(34268,80983,1263)","","","","","0","1","","0","0","","","1","30","90009577","","","","","","","10","","0","","","","","","","",""
"15001796","0","1","935","","32","75","90400426","0","0","17005175","17006367","0","15001797","","(90052118)","0","82013577","90052118","71010100","(34268,80983,1263)","","(34268,80983,1263)","","","","","0","1","","0","0","","","1","","","","","","","","","10","","0","","","","","","","",""
"15001797","0","1","935","","32","76","90400427","0","0","17005175","17006371","0","15001798","","(90052118)","0","82013577","90052118","71010100","(34268,80983,1263)","","(34268,80983,1263)","","","","","0","1","","0","0","","","1","","","","","","","","","10","","0","","","","","","","",""
"15001798","0","6","935","","32","77","90400428","0","0","17005175","17006373","0","15001799","(76004399,50)","(90052118)","0","82013577","90052118","71010100","(58645,89017,1699)","","(34268,80983,1263)","","","","","0","1","","0","0","","","1","30","90009578","","","","","","","10","","0","","","","","","","",""
"15001799","0","1","935","","32","78","90400429","0","0","17005175","17006374","0","15001800","","(90052118)","0","82013577","90052118","71010100","(34268,80983,1263)","","(34268,80983,1263)","","","","","0","1","","0","0","","","1","","","","","","","","","10","","0","","","","","","","",""
"15001800","0","6","935","","32","79","90400430","0","0","17005175","17006376","0","15001801","(76004401,60)","(90052118)","0","82013577","90052118","71010100","(51832,82940,2735)","","(34268,80983,1263)","","","","","0","1","","0","0","","","1","30","90009579","","","","","","","10","","0","","","","","","","",""
"15001801","0","1","935","","32","80","90400431","0","0","17005175","17006377","0","15001802","","(90052118)","0","82013579","90052118","71010100","(32072,80047,1239)","","(32072,80047,1239)","","","","","0","1","","0","0","","","1","","","","","","","","","10","","0","","","","","","","",""
"15001802","0","6","935","","32","81","90400432","0","0","17005175","17006380","0","15001803","(76004408,60)","(90052118)","0","82013579","90052118","71010100","(51731,94866,1205)","","(32072,80047,1239)","","","","","0","1","","0","0","","","1","30","90009584","","","","","","","10","","0","","","","","","","",""
"15001803","0","1","935","","32","82","90400433","0","0","17005175","17006381","0","15001804","","(90052118)","0","82013579","90052118","71010100","(32072,80047,1239)","","(32072,80047,1239)","","","","","0","1","","0","0","","","1","","","","","","","","","10","","0","","","","","","","",""
"15001804","0","6","935","","32","83","90400434","0","0","17005175","17006383","0","15001805","(76004406,80)","(90052118)","0","82013579","90052118","71010100","(59711,87770,1700)","","(32072,80047,1239)","","","","","0","1","","0","0","","","1","30","90009580","","","","","","","10","","0","","","","","","","",""
"15001805","0","1","935","","32","84","90400435","0","0","17005175","17006384","0","15001806","","(90052118)","0","82013577","90052118","71010100","(34268,80983,1263)","","(34268,80983,1263)","","","","","0","1","","0","0","","","1","","","","","","","","","10","","0","","","","","","","",""
"15001806","0","1","935","","32","85","90400436","0","0","17005175","17006385","0","15001807","","(90052116)","0","82014006","90052116","71010100","(60082,87162,1679)","","(60082,87162,1679)","","","","","0","1","","0","0","","","1","","","","","","","","","10","","0","","","","","","","",""
"15001807","0","1","940","","32","86","90400437","0","0","17005175","17006388","0","15001808","","(90052116)","0","82014004","90052116","71010100","(59634,86207,1679)","","(59634,86207,1679)","","","","","0","1","","0","0","","","1","","","","","","","","","10","","0","","","","","","","",""
"15001808","0","1","940","","32","87","90400438","0","0","17005175","17006393","0","15001809","","(90052116)","0","82014004","90052116","71010100","(59634,86207,1679)","","(59634,86207,1679)","","","","","0","1","","0","0","","","1","","","","","","","","","10","","0","","","","","","","",""
"15001809","0","1","940","","32","88","90400439","0","0","17005175","17006400","0","15001810","","(90052116)","0","82014004","90052116","71010100","(59634,86207,1679)","","(59634,86207,1679)","","","","","0","1","","0","0","","","1","","","","","","","","","10","","0","","","","","","","",""
"15001810","0","6","940","","32","89","90400440","0","0","17005175","17006406","0","15001811","(76004407,50)","(90052116)","0","82014004","90052116","71010100","(80199,82613,912)","","(59634,86207,1679)","","","","","0","1","","0","0","","","1","30","90009581","","","","","","","10","","0","","","","","","","",""
"15001811","0","1","940","","32","90","90400441","0","0","17005175","17006407","0","15001812","","(90052116)","0","82014004","90052116","71010100","(59634,86207,1679)","","(59634,86207,1679)","","","","","0","1","","0","0","","","1","","","","","","","","","10","","0","","","","","","","",""
"15001812","0","6","940","","32","91","90400442","0","0","17005175","17006411","0","15001813","(76004409,70)","(90052116)","0","82014004","90052116","71010100","(52411,81726,2664)","","(59634,86207,1679)","","","","","0","1","","0","0","","","1","30","90009582","","","","","","","10","","0","","","","","","","",""
"15001813","0","1","940","","32","92","90400443","0","0","17005175","17006413","0","15001814","","(90052115)","0","82014007","90052115","71010100","(46134,83028,2680)","","(46134,83028,2680)","","","","","0","1","","0","0","","","1","","","","","","","","","10","","0","","","","","","","",""
"15001814","0","1","940","","32","93","90400444","0","0","17005175","17006414","0","15001815","","(90052115)","0","82014005","90052115","71010100","(46013,83095,2680)","","(46013,83095,2680)","","","","","0","1","","0","0","","","1","","","","","","","","","10","","0","","","","","","","",""
"15001815","0","1","940","","32","94","90400445","0","0","17005175","17006422","0","15001816","","(90052115)","0","82014004","90052115","71010100","(59634,86207,1679)","","(59634,86207,1679)","","","","","0","1","","0","0","","","1","","","","","","","","","10","","0","","","","","","","",""
"15001816","0","1","940","","32","95","90400446","0","0","17005175","17006425","0","15001817","","(90052115)","0","82014005","90052115","71010100","(46013,83095,2680)","","(46013,83095,2680)","","","","","0","1","","0","0","","","1","","","","","","","","","10","","0","","","","","","","",""
"15001817","0","1","940","","32","96","90400447","0","0","17005175","17006431","0","15001818","","(90052115)","0","82014005","90052115","71010100","(46013,83095,2680)","","(46013,83095,2680)","","","","","0","1","","0","0","","","1","","","","","","","","","10","","0","","","","","","","",""
"15001818","0","6","940","","32","97","90400448","0","0","17005175","17006436","0","15001819","(76004398,60)","(90052115)","0","82014005","90052115","71010100","(40480,75611,2750)","","(46013,83095,2680)","","","","","0","1","","0","0","","","1","30","90009583","","","","","","","10","","0","","","","","","","",""
"15001819","0","1","945","","32","98","90400449","0","0","17005175","17006437","0","15001820","","(90052115)","0","82014005","90052115","71010100","(46013,83095,2680)","","(46013,83095,2680)","","","","","0","1","","0","0","","","1","","","","","","","","","10","","0","","","","","","","",""
"15001820","0","1","945","","32","99","90400450","0","0","17005175","17006443","0","15001821","","(90052117)","0","82014010","90052117","71010100","(53355,95683,1203)","","(53355,95683,1203)","","","","","0","1","","0","0","","","1","","","","","","","","","10","","0","","","","","","","",""
"15001821","0","0","945","","32","100","90400451","0","0","17005175","17006443","0","15001822","(76004523,1)","(90052117)","0","82014013","90052117","71010100","(53355,95683,1203)","","(53443,96159,1291)","","","","","0","1","","0","0","","","1","","","","","","","","","10","","0","","","","","","","",""
"15001822","0","1","945","","32","101","90400452","0","0","17005175","17006444","0","15001823","","(90052117)","0","82014013","90052117","71010100","(53443,96159,1291)","","(53443,96159,1291)","","","","","0","1","","0","0","","","1","","","","","","","","","10","","0","","","","","","","",""
"15001823","0","0","945","","32","102","90400453","0","0","17005175","17006445","0","15001824","(76004526,1)","(90052117)","0","82014015","90052117","71010100","(53443,96159,1291)","","(52958,95525,1291)","","","","","0","1","","0","0","","","1","","","","","","","","","10","","0","","","","","","","",""
"15001824","0","1","945","","32","103","90400454","0","0","17005175","17006446","0","15001825","","(90052117)","0","82014015","90052117","71010100","(52958,95525,1291)","","(52958,95525,1291)","","","","","0","1","","0","0","","","1","","","","","","","","","10","","0","","","","","","","",""
"15001825","0","0","945","","32","104","90400455","0","0","17005175","17006447","0","15001826","(76004528,1)","(90052117)","0","82014009","90052117","71010100","(52958,95525,1291)","","(53835,95283,1503)","","","","","0","1","","0","0","","","1","","","","","","","","","10","","0","","","","","","","",""
"15001826","0","1","945","","32","105","90400456","0","0","17005175","17006448","0","15001827","","(90052117)","0","82014009","90052117","71010100","(53835,95283,1503)","","(53835,95283,1503)","","","","","0","1","","0","0","","","1","","","","","","","","","10","","0","","","","","","","",""
"15001827","0","1","945","","32","106","90400457","0","0","17005175","17006449","0","15001828","","(90052117)","0","82013617","90052117","71010100","(53264,95773,1184)","","(53264,95773,1184)","","","","","0","1","","0","0","","","1","","","","","","","","","10","","0","","","","","","","",""
"15001828","0","1","950","","32","107","90400458","0","0","17005175","17006453","0","15001829","","(90052117)","0","82013568","90052117","71010100","(53666,94282,1421)","","(53666,94282,1421)","","","","","0","1","","0","0","","","1","","","","","","","","","10","","0","","","","","","","",""
"15001829","0","1","950","","32","108","90400459","0","0","17005175","17006455","0","15001830","","(90052117)","0","82013568","90052117","71010100","(53666,94282,1421)","","(53666,94282,1421)","","","","","0","1","","0","0","","","1","","","","","","","","","10","","0","","","","","","","",""
"15001830","0","0","950","","32","109","90400460","0","0","17005175","17006462","0","15001831","(76004512,1)","(90052117)","0","82013583","90052117","71010100","(53666,94282,1421)","","(53666,94282,1421)","","","","","0","1","","0","0","","","1","","","","","","","","","10","","0","","","","","","","",""
"15001831","0","1","950","","32","110","90400461","0","0","17005175","17006467","0","0","","(90052118)","0","82013618","90052118","71010100","(53666,94282,1421)","","(53666,94282,1421)","","","","","0","1","","0","0","","","1","","","","","","","","","10","","0","","","","","","","",""
"15002001","0","26","1","","1","1","90002708","0","0","17005175","17002305","0","15002002","","(90052004)","0","82010467","90052004","","(52709,66289,3048)","","(52709,66289,3098)","","","","","0","1","10400","0","70500271","","","1","","","(1)","","","","","","10","","0","","","","","","","",""
"15002002","0","26","1","","1","2","90002708","0","0","17005175","17002305","0","15002003","","(90052004)","0","82010467","90052004","","(52709,66289,3048)","","(52709,66289,3098)","","","","","0","1","10400","0","70500271","","","1","","","(3)","","","","","","10","","0","","","","","","","",""
"15002003","0","27","1","","1","3","90002708","0","0","17005175","17002305","0","15001601","","(90052004)","0","82010467","90052004","","(52709,66289,3048)","","(52709,66289,3098)","","","","","0","1","10400","0","70500271","","","1","","","(31000013,1)","","","","","","10","","0","","","","","","","",""
