"AttributeId","EquipSlot","StarNum","StarMax","UpgradeAttEach","StarCost","IsOnly","Mount","StarMountLevel","SkillType","SkillId","SkillMountLevel","SlotID","BaseAtt","CanEquipID","ItemGet"
"16200001","","","50","","","","","","0","","","(16201101,16201201,16201301)","","(31141006,31141007,31141008,31141003,31141004,31141005,31141000,31141001,31141002)",""
"16200002","","","50","","","","","","0","","","(16202101,16202201,16202301)","","(31141006,31141007,31141008,31141003,31141004,31141005,31141000,31141001,31141002)",""
"16200003","","","50","","","","","","0","","","(16203101,16203201,16203301)","","(31141006,31141007,31141008,31141003,31141004,31141005,31141000,31141001,31141002)",""
"16200004","","","50","","","","","","0","","","(16204101,16204201,16204301)","","(31141006,31141007,31141008,31141003,31141004,31141005,31141000,31141001,31141002)",""
"16200005","","","50","","","","","","0","","","(16205101,16205201,16205301)","","(31141006,31141007,31141008,31141003,31141004,31141005,31141000,31141001,31141002)",""
"16200006","","","50","","","","","","0","","","(16206101,16206201,16206301)","","(31141006,31141007,31141008,31141003,31141004,31141005,31141000,31141001,31141002)",""
"16200007","","","50","","","","","","1","26020901","(5,0)","(16207101,16207201,16207301)","","(31141009,31141010,31141011,31141006,31141007,31141008,31141003,31141004,31141005,31141000,31141001,31141002)",""
"16200008","","","50","","","","","","2","26020902","(5,0)","(16208101,16208201,16208301)","","(31141012,31141013,31141014,31141006,31141007,31141008,31141003,31141004,31141005,31141000,31141001,31141002)",""
"16200009","","","50","","","","","","3","26020903","(5,0)","(16209101,16209201,16209301)","","(31141015,31141016,31141017,31141006,31141007,31141008,31141003,31141004,31141005,31141000,31141001,31141002)",""
"16200010","","","50","","","","","","4","26020904","(5,0)","(16210101,16210201,16210301)","","(31141018,31141019,31141020,31141006,31141007,31141008,31141003,31141004,31141005,31141000,31141001,31141002)",""
"16200011","","","50","","","","","","5","26020905","(5,0)","(16211101,16211201,16211301)","","(31141021,31141022,31141023,31141006,31141007,31141008,31141003,31141004,31141005,31141000,31141001,31141002)",""
"16200012","","","50","","","","","","6","26020906","(5,0)","(16212101,16212201,16212301)","","(31141024,31141025,31141026,31141006,31141007,31141008,31141003,31141004,31141005,31141000,31141001,31141002)",""
"16200013","","","50","","","","","","7","26020907","(5,0)","(16213101,16213201,16213301)","","(31141027,31141028,31141029,31141006,31141007,31141008,31141003,31141004,31141005,31141000,31141001,31141002)",""
"16200014","","","50","","","","","","8","26020908","(5,0)","(16214101,16214201,16214301)","","(31141030,31141031,31141032,31141006,31141007,31141008,31141003,31141004,31141005,31141000,31141001,31141002)",""
"16200015","","","50","","","","","","9","26020909","(5,0)","(16215101,16215201,16215301)","","(31141033,31141034,31141035,31141006,31141007,31141008,31141003,31141004,31141005,31141000,31141001,31141002)",""
"16200016","","","50","","","","","","10","26020910","(5,0)","(16216101,16216201,16216301)","","(31141036,31141037,31141038,31141006,31141007,31141008,31141003,31141004,31141005,31141000,31141001,31141002)",""
"16200017","","","50","","","","","","11","26020911","(5,0)","(16217101,16217201,16217301)","","(31141039,31141040,31141041,31141006,31141007,31141008,31141003,31141004,31141005,31141000,31141001,31141002)",""
"16200018","","","50","","","","","","12","26020912","(5,0)","(16218101,16218201,16218301)","","(31141042,31141043,31141044,31141006,31141007,31141008,31141003,31141004,31141005,31141000,31141001,31141002)",""
"16200019","","","50","","","","","","13","26020913","(5,0)","(16219101,16219201,16219301)","","(31141045,31141046,31141047,31141006,31141007,31141008,31141003,31141004,31141005,31141000,31141001,31141002)",""
"16200020","","","50","","","","","","14","26020914","(5,0)","(16220101,16220201,16220301)","","(31141048,31141049,31141050,31141006,31141007,31141008,31141003,31141004,31141005,31141000,31141001,31141002)",""
"16200021","","","50","","","","","","15","26020915","(5,0)","(16221101,16221201,16221301)","","(31141051,31141052,31141053,31141006,31141007,31141008,31141003,31141004,31141005,31141000,31141001,31141002)",""
"16200022","","","50","","","","","","16","26020916","(5,0)","(16222101,16222201,16222301)","","(31141054,31141055,31141056,31141006,31141007,31141008,31141003,31141004,31141005,31141000,31141001,31141002)",""
"16200023","","","50","","","","","","17","26023104","(5,0)","(16223101,16223201,16223301)","","(31142001,31142002,31142003,31141006,31141007,31141008,31141003,31141004,31141005,31141000,31141001,31141002)",""
"16200024","","","50","","","","","","18","26023108","(5,0)","(16224101,16224201,16224301)","","(31142004,31142005,31142006,31141006,31141007,31141008,31141003,31141004,31141005,31141000,31141001,31141002)",""
"16200101","0","","","(4,8,4875,0,1,4,10,260,0,1,4,11,130,0,1)","","0","","","0","","","","(4,8,102375,0,1,4,10,5460,0,1,4,11,2730,0,1)","","(31028001,7)"
"16200102","1","","","(4,8,4875,0,1,4,7,1950,0,1,4,12,130,0,1)","","0","","","0","","","","(4,8,102375,0,1,4,7,40950,0,1,4,12,2730,0,1)","","(31028002,8)"
"16200103","2","","","(4,5,650,0,1,4,6,780,0,1,4,9,260,0,1)","","0","","","0","","","","(4,5,13650,0,1,4,6,16380,0,1,4,9,5460,0,1)","","(31028003,10)"
"16200104","0","","","(4,8,6825,0,1,4,10,364,0,1,4,11,182,0,1)","","0","","","0","","","","(4,8,143325,0,1,4,10,7644,0,1,4,11,3822,0,1)","","(31028001,11,31028004,1)"
"16200105","1","","","(4,8,6825,0,1,4,7,2730,0,1,4,12,182,0,1)","","0","","","0","","","","(4,8,143325,0,1,4,7,57330,0,1,4,12,3822,0,1)","","(31028002,12,31028004,1)"
"16200106","2","","","(4,5,910,0,1,4,6,1092,0,1,4,9,364,0,1)","","0","","","0","","","","(4,5,19110,0,1,4,6,22932,0,1,4,9,7644,0,1)","","(31028003,15,31028004,2)"
"16200107","0","","","(4,8,9750,0,1,4,10,520,0,1,4,11,260,0,1)","","0","","","0","","","","(4,8,204750,0,1,4,10,10920,0,1,4,11,5460,0,1)","","(31028001,17,31028004,2)"
"16200108","1","","","(4,8,9750,0,1,4,7,3900,0,1,4,12,260,0,1)","","0","","","0","","","","(4,8,204750,0,1,4,7,81900,0,1,4,12,5460,0,1)","","(31028002,19,31028004,2)"
"16200109","2","","","(4,5,1300,0,1,4,6,1560,0,1,4,9,520,0,1)","","0","","","0","","","","(4,5,27300,0,1,4,6,32760,0,1,4,9,10920,0,1)","","(31028003,23,31028004,3)"
"16200110","0","","","(4,5,7917,0,1,4,6,9500,0,2)","","0","31030011","","0","26010004","(5,0)","","(4,5,31667,0,1,4,6,38000,0,2)","",""
"16200111","1","","","(4,5,7917,0,1,4,6,9500,0,3)","","0","31030011","","0","26010004","(5,0)","","(4,5,31667,0,1,4,6,38000,0,3)","",""
"16200112","2","","","(4,5,7917,0,1,4,6,9500,0,4)","","0","31030011","","0","26010004","(5,0)","","(4,5,31667,0,1,4,6,38000,0,4)","",""
"16200113","0","","","(4,5,7917,0,1,4,6,9500,0,2)","","1","31030011","","0","26010004","(5,0)","","(4,5,31667,0,1,4,6,38000,0,2)","",""
"16200114","1","","","(4,5,7917,0,1,4,6,9500,0,3)","","1","31030011","","0","26010004","(5,0)","","(4,5,31667,0,1,4,6,38000,0,3)","",""
"16200115","2","","","(4,5,7917,0,1,4,6,9500,0,4)","","1","31030011","","0","26010004","(5,0)","","(4,5,31667,0,1,4,6,38000,0,4)","",""
"16200116","0","","","(4,5,7917,0,1,4,6,9500,0,2)","","1","31030011","","0","26010004","(5,0)","","(4,5,31667,0,1,4,6,38000,0,2)","",""
"16200117","1","","","(4,5,7917,0,1,4,6,9500,0,3)","","1","31030011","","0","26010004","(5,0)","","(4,5,31667,0,1,4,6,38000,0,3)","",""
"16200118","2","","","(4,5,7917,0,1,4,6,9500,0,4)","","1","31030011","","0","26010004","(5,0)","","(4,5,31667,0,1,4,6,38000,0,4)","",""
"16200119","0","","","(4,5,7917,0,1,4,6,9500,0,2)","","1","31030011","","0","26010004","(5,0)","","(4,5,31667,0,1,4,6,38000,0,2)","",""
"16200120","1","","","(4,5,7917,0,1,4,6,9500,0,3)","","1","31030011","","0","26010004","(5,0)","","(4,5,31667,0,1,4,6,38000,0,3)","",""
"16200121","2","","","(4,5,7917,0,1,4,6,9500,0,4)","","1","31030011","","0","26010004","(5,0)","","(4,5,31667,0,1,4,6,38000,0,4)","",""
"16200122","0","","","(4,5,7917,0,1,4,6,9500,0,2)","","1","31030011","","0","26010004","(5,0)","","(4,5,31667,0,1,4,6,38000,0,2)","",""
"16200123","1","","","(4,5,7917,0,1,4,6,9500,0,3)","","1","31030011","","0","26010004","(5,0)","","(4,5,31667,0,1,4,6,38000,0,3)","",""
"16200124","2","","","(4,5,7917,0,1,4,6,9500,0,4)","","1","31030011","","0","26010004","(5,0)","","(4,5,31667,0,1,4,6,38000,0,4)","",""
"16200125","0","","","(4,5,7917,0,1,4,6,9500,0,2)","","1","31030011","","0","26010004","(5,0)","","(4,5,31667,0,1,4,6,38000,0,2)","",""
"16200126","1","","","(4,5,7917,0,1,4,6,9500,0,3)","","1","31030011","","0","26010004","(5,0)","","(4,5,31667,0,1,4,6,38000,0,3)","",""
"16200127","2","","","(4,5,7917,0,1,4,6,9500,0,4)","","1","31030011","","0","26010004","(5,0)","","(4,5,31667,0,1,4,6,38000,0,4)","",""
"16200128","0","","","(4,8,14364,0,1,4,10,766,0,1,4,11,383,0,1)","","1","31030011","","0","26020901","(5,0)","","(4,8,301640,0,1,4,10,16088,0,1,4,11,8044,0,1)","","(31028001,18,31028004,10)"
"16200129","1","","","(4,8,14364,0,1,4,7,5746,0,1,4,12,383,0,1)","","1","31030011","","0","26020901","(5,0)","","(4,8,301640,0,1,4,7,120656,0,1,4,12,8044,0,1)","","(31028002,21,31028004,12)"
"16200130","2","","","(4,5,1915,0,1,4,6,2298,0,1,4,9,766,0,1)","","1","31030011","","0","26020901","(5,0)","","(4,5,40219,0,1,4,6,48263,0,1,4,9,16088,0,1)","","(31028003,25,31028004,16)"
"16200131","0","","","(4,8,16758,0,1,4,10,894,0,1,4,11,447,0,1)","","1","31030012","","0","26020902","(5,0)","","(4,8,351914,0,1,4,10,18769,0,1,4,11,9384,0,1)","","(31028001,19,31028004,12)"
"16200132","1","","","(4,8,16758,0,1,4,7,6703,0,1,4,12,447,0,1)","","1","31030012","","0","26020902","(5,0)","","(4,8,351914,0,1,4,7,140766,0,1,4,12,9384,0,1)","","(31028002,22,31028004,14)"
"16200133","2","","","(4,5,2234,0,1,4,6,2681,0,1,4,9,894,0,1)","","1","31030012","","0","26020902","(5,0)","","(4,5,46922,0,1,4,6,56307,0,1,4,9,18769,0,1)","","(31028003,29,31028004,19)"
"16200134","0","","","(4,8,17955,0,1,4,10,958,0,1,4,11,479,0,1)","","1","31030013","","0","26020903","(5,0)","","(4,8,377051,0,1,4,10,20110,0,1,4,11,10055,0,1)","","(31028001,21,31028004,14)"
"16200135","1","","","(4,8,17955,0,1,4,7,7182,0,1,4,12,479,0,1)","","1","31030013","","0","26020903","(5,0)","","(4,8,377051,0,1,4,7,150821,0,1,4,12,10055,0,1)","","(31028002,24,31028004,16)"
"16200136","2","","","(4,5,2394,0,1,4,6,2873,0,1,4,9,958,0,1)","","1","31030013","","0","26020903","(5,0)","","(4,5,50273,0,1,4,6,60329,0,1,4,9,20110,0,1)","","(31028003,31,31028004,20)"
"16200137","0","","","(4,8,19152,0,1,4,10,1022,0,1,4,11,510,0,1)","","1","31030007","","0","26020904","(5,0)","","(4,8,402187,0,1,4,10,21450,0,1,4,11,10725,0,1)","","(31028001,23,31028004,15)"
"16200138","1","","","(4,8,19152,0,1,4,7,7661,0,1,4,12,510,0,1)","","1","31030007","","0","26020904","(5,0)","","(4,8,402187,0,1,4,7,160875,0,1,4,12,10725,0,1)","","(31028002,26,31028004,17)"
"16200139","2","","","(4,5,2554,0,1,4,6,3064,0,1,4,9,1022,0,1)","","1","31030007","","0","26020904","(5,0)","","(4,5,53625,0,1,4,6,64350,0,1,4,9,21450,0,1)","","(31028003,33,31028004,21)"
"16200140","0","","","(4,8,20349,0,1,4,10,1085,0,1,4,11,542,0,1)","","1","31030008","","0","26020905","(5,0)","","(4,8,427324,0,1,4,10,22791,0,1,4,11,11395,0,1)","","(31028001,25,31028004,16)"
"16200141","1","","","(4,8,20349,0,1,4,7,8140,0,1,4,12,542,0,1)","","1","31030008","","0","26020905","(5,0)","","(4,8,427324,0,1,4,7,170930,0,1,4,12,11395,0,1)","","(31028002,28,31028004,18)"
"16200142","2","","","(4,5,2713,0,1,4,6,3256,0,1,4,9,1085,0,1)","","1","31030008","","0","26020905","(5,0)","","(4,5,56976,0,1,4,6,68372,0,1,4,9,22791,0,1)","","(31028003,35,31028004,23)"
"16200143","0","","","(4,8,21546,0,1,4,10,1149,0,1,4,11,574,0,1)","","1","31030009","","0","26020906","(5,0)","","(4,8,452461,0,1,4,10,24132,0,1,4,11,12065,0,1)","","(31028001,27,31028004,18)"
"16200144","1","","","(4,8,21546,0,1,4,7,8618,0,1,4,12,574,0,1)","","1","31030009","","0","26020906","(5,0)","","(4,8,452461,0,1,4,7,180985,0,1,4,12,12065,0,1)","","(31028002,30,31028004,20)"
"16200145","2","","","(4,5,2873,0,1,4,6,3447,0,1,4,9,1149,0,1)","","1","31030009","","0","26020906","(5,0)","","(4,5,60328,0,1,4,6,72394,0,1,4,9,24132,0,1)","","(31028003,37,31028004,24)"
"16200146","0","","","(4,8,22743,0,1,4,10,1213,0,1,4,11,606,0,1)","","1","31030010","","0","26020907","(5,0)","","(4,8,477597,0,1,4,10,25472,0,1,4,11,12736,0,1)","","(31028001,29,31028004,19)"
"16200147","1","","","(4,8,22743,0,1,4,7,9097,0,1,4,12,606,0,1)","","1","31030010","","0","26020907","(5,0)","","(4,8,477597,0,1,4,7,191039,0,1,4,12,12736,0,1)","","(31028002,32,31028004,21)"
"16200148","2","","","(4,5,3032,0,1,4,6,3639,0,1,4,9,1213,0,1)","","1","31030010","","0","26020907","(5,0)","","(4,5,63679,0,1,4,6,76416,0,1,4,9,25472,0,1)","","(31028003,39,31028004,25)"
"16200149","0","","","(4,8,23940,0,1,4,10,1277,0,1,4,11,638,0,1)","","1","31030014","","0","26020908","(5,0)","","(4,8,502734,0,1,4,10,26813,0,1,4,11,13406,0,1)","","(31028001,31,31028004,20)"
"16200150","1","","","(4,8,23940,0,1,4,7,9576,0,1,4,12,638,0,1)","","1","31030014","","0","26020908","(5,0)","","(4,8,502734,0,1,4,7,201094,0,1,4,12,13406,0,1)","","(31028002,34,31028004,22)"
"16200151","2","","","(4,5,3192,0,1,4,6,3830,0,1,4,9,1277,0,1)","","1","31030014","","0","26020908","(5,0)","","(4,5,67031,0,1,4,6,80438,0,1,4,9,26813,0,1)","","(31028003,41,31028004,27)"
"16200152","0","","","(4,8,25137,0,1,4,10,1341,0,1,4,11,670,0,1)","","1","31030049","","0","26020909","(5,0)","","(4,8,527871,0,1,4,10,28154,0,1,4,11,14076,0,1)","","(31028001,32,31028004,21)"
"16200153","1","","","(4,8,25137,0,1,4,7,10055,0,1,4,12,670,0,1)","","1","31030049","","0","26020909","(5,0)","","(4,8,527871,0,1,4,7,211149,0,1,4,12,14076,0,1)","","(31028002,35,31028004,23)"
"16200154","2","","","(4,5,3352,0,1,4,6,4022,0,1,4,9,1341,0,1)","","1","31030049","","0","26020909","(5,0)","","(4,5,70383,0,1,4,6,84460,0,1,4,9,28154,0,1)","","(31028003,43,31028004,28)"
"16200155","0","","","(4,8,25137,0,1,4,10,1341,0,1,4,11,670,0,1)","","1","31030080","","0","26020910","(5,0)","","(4,8,527871,0,1,4,10,28154,0,1,4,11,14076,0,1)","","(31028001,32,31028004,21)"
"16200156","1","","","(4,8,25137,0,1,4,7,10055,0,1,4,12,670,0,1)","","1","31030080","","0","26020910","(5,0)","","(4,8,527871,0,1,4,7,211149,0,1,4,12,14076,0,1)","","(31028002,35,31028004,23)"
"16200157","2","","","(4,5,3352,0,1,4,6,4022,0,1,4,9,1341,0,1)","","1","31030080","","0","26020910","(5,0)","","(4,5,70383,0,1,4,6,84460,0,1,4,9,28154,0,1)","","(31028003,43,31028004,28)"
"16200158","0","","","(4,8,26334,0,1,4,10,1405,0,1,4,11,702,0,1)","","1","31030086","","0","26020911","(5,0)","","(4,8,553007,0,1,4,10,29494,0,1,4,11,14747,0,1)","","(31028001,34,31028004,22)"
"16200159","1","","","(4,8,26334,0,1,4,7,10534,0,1,4,12,702,0,1)","","1","31030086","","0","26020911","(5,0)","","(4,8,553007,0,1,4,7,221203,0,1,4,12,14747,0,1)","","(31028002,37,31028004,24)"
"16200160","2","","","(4,5,3511,0,1,4,6,4213,0,1,4,9,1405,0,1)","","1","31030086","","0","26020911","(5,0)","","(4,5,73734,0,1,4,6,88482,0,1,4,9,29494,0,1)","","(31028003,46,31028004,30)"
"16200161","0","","","(4,8,28728,0,1,4,10,1532,0,1,4,11,766,0,1)","","1","31030098","","0","26020912","(5,0)","","(4,8,603281,0,1,4,10,32176,0,1,4,11,16087,0,1)","","(31028001,37,31028004,37)"
"16200162","1","","","(4,8,28728,0,1,4,7,11491,0,1,4,12,766,0,1)","","1","31030098","","0","26020912","(5,0)","","(4,8,603281,0,1,4,7,241313,0,1,4,12,16087,0,1)","","(31028002,41,31028004,41)"
"16200163","2","","","(4,5,3830,0,1,4,6,4596,0,1,4,9,1532,0,1)","","1","31030098","","0","26020912","(5,0)","","(4,5,80437,0,1,4,6,96526,0,1,4,9,32176,0,1)","","(31028003,51,31028004,51)"
"16200164","0","","","(4,8,31122,0,1,4,10,1660,0,1,4,11,829,0,1)","","1","31030092","","0","26020913","(5,0)","","(4,8,653554,0,1,4,10,34857,0,1,4,11,17428,0,1)","","(31028001,40,31028004,40)"
"16200165","1","","","(4,8,31122,0,1,4,7,12449,0,1,4,12,829,0,1)","","1","31030092","","0","26020913","(5,0)","","(4,8,653554,0,1,4,7,261422,0,1,4,12,17428,0,1)","","(31028002,45,31028004,45)"
"16200166","2","","","(4,5,4150,0,1,4,6,4979,0,1,4,9,1660,0,1)","","1","31030092","","0","26020913","(5,0)","","(4,5,87140,0,1,4,6,104569,0,1,4,9,34857,0,1)","","(31028003,55,31028004,55)"
"16200167","0","","","(4,8,32319,0,1,4,10,1724,0,1,4,11,861,0,1)","","1","31030104","","0","26020914","(5,0)","","(4,8,678691,0,1,4,10,36198,0,1,4,11,18098,0,1)","","(31028001,42,31028004,42)"
"16200168","1","","","(4,8,32319,0,1,4,7,12928,0,1,4,12,861,0,1)","","1","31030104","","0","26020914","(5,0)","","(4,8,678691,0,1,4,7,271477,0,1,4,12,18098,0,1)","","(31028002,47,31028004,47)"
"16200169","2","","","(4,5,4309,0,1,4,6,5171,0,1,4,9,1724,0,1)","","1","31030104","","0","26020914","(5,0)","","(4,5,90492,0,1,4,6,108591,0,1,4,9,36198,0,1)","","(31028003,58,31028004,58)"
"16200170","0","","","(4,8,33516,0,1,4,10,1788,0,1,4,11,893,0,1)","","1","31030110","","0","26020915","(5,0)","","(4,8,703828,0,1,4,10,37538,0,1,4,11,18768,0,1)","","(31028001,44,31028004,44)"
"16200171","1","","","(4,8,33516,0,1,4,7,13406,0,1,4,12,893,0,1)","","1","31030110","","0","26020915","(5,0)","","(4,8,703828,0,1,4,7,281532,0,1,4,12,18768,0,1)","","(31028002,49,31028004,49)"
"16200172","2","","","(4,5,4469,0,1,4,6,5362,0,1,4,9,1788,0,1)","","1","31030110","","0","26020915","(5,0)","","(4,5,93843,0,1,4,6,112613,0,1,4,9,37538,0,1)","","(31028003,60,31028004,60)"
"16200173","0","","","(4,8,23940,0,1,4,10,1277,0,1,4,11,638,0,1)","","1","31030015","","0","26020916","(5,0)","","(4,8,502734,0,1,4,10,26813,0,1,4,11,13406,0,1)","","(31028001,31,31028004,31)"
"16200174","1","","","(4,8,23940,0,1,4,7,9576,0,1,4,12,638,0,1)","","1","31030015","","0","26020916","(5,0)","","(4,8,502734,0,1,4,7,201094,0,1,4,12,13406,0,1)","","(31028002,34,31028004,34)"
"16200175","2","","","(4,5,3192,0,1,4,6,3830,0,1,4,9,1277,0,1)","","1","31030015","","0","26020916","(5,0)","","(4,5,67031,0,1,4,6,80438,0,1,4,9,26813,0,1)","","(31028003,41,31028004,41)"
"16200176","0","","","(4,8,35910,0,1,4,10,1916,0,1,4,11,957,0,1)","","1","31030120","","0","26023104","(5,0)","","(4,8,754101,0,1,4,10,40220,0,1,4,11,20109,0,1)","","(31028001,50,31028004,50)"
"16200177","1","","","(4,8,35910,0,1,4,7,14364,0,1,4,12,957,0,1)","","1","31030120","","0","26023104","(5,0)","","(4,8,754101,0,1,4,7,301641,0,1,4,12,20109,0,1)","","(31028002,55,31028004,55)"
"16200178","2","","","(4,5,4788,0,1,4,6,5745,0,1,4,9,1916,0,1)","","1","31030120","","0","26023104","(5,0)","","(4,5,100547,0,1,4,6,120657,0,1,4,9,40220,0,1)","","(31028003,68,31028004,68)"
"16200179","0","","","(4,8,35910,0,1,4,10,1916,0,1,4,11,957,0,1)","","1","31030130","","0","26023108","(5,0)","","(4,8,754101,0,1,4,10,40220,0,1,4,11,20109,0,1)","","(31028001,50,31028004,50)"
"16200180","1","","","(4,8,35910,0,1,4,7,14364,0,1,4,12,957,0,1)","","1","31030130","","0","26023108","(5,0)","","(4,8,754101,0,1,4,7,301641,0,1,4,12,20109,0,1)","","(31028002,55,31028004,55)"
"16200181","2","","","(4,5,4788,0,1,4,6,5745,0,1,4,9,1916,0,1)","","1","31030130","","0","26023108","(5,0)","","(4,5,100547,0,1,4,6,120657,0,1,4,9,40220,0,1)","","(31028003,68,31028004,68)"
"16201101","0","1","50","","(31141057,12)","","","","","","","","","",""
"16201102","0","2","50","","(31141057,12)","","","","","","","","","",""
"16201103","0","3","50","","(31141057,12)","","","","","","","","","",""
"16201104","0","4","50","","(31141057,12)","","","","","","","","","",""
"16201105","0","5","50","","(31141057,12)","","","","","","","","","",""
"16201106","0","6","50","","(31141057,12)","","","","","","","","","",""
"16201107","0","7","50","","(31141057,12)","","","","","","","","","",""
"16201108","0","8","50","","(31141057,12)","","","","","","","","","",""
"16201109","0","9","50","","(31141057,12)","","","","","","","","","",""
"16201110","0","10","50","","(31141057,12)","","","","","","","","","",""
"16201111","0","11","50","","(31141057,12)","","","","","","","","","",""
"16201112","0","12","50","","(31141057,12)","","","","","","","","","",""
"16201113","0","13","50","","(31141057,12)","","","","","","","","","",""
"16201114","0","14","50","","(31141057,12)","","","","","","","","","",""
"16201115","0","15","50","","(31141057,12)","","","","","","","","","",""
"16201116","0","16","50","","(31141057,12)","","","","","","","","","",""
"16201117","0","17","50","","(31141057,12)","","","","","","","","","",""
"16201118","0","18","50","","(31141057,12)","","","","","","","","","",""
"16201119","0","19","50","","(31141057,12)","","","","","","","","","",""
"16201120","0","20","50","","(31141057,12)","","","","","","","","","",""
"16201121","0","21","50","","(31141057,12)","","","","","","","","","",""
"16201122","0","22","50","","(31141057,12)","","","","","","","","","",""
"16201123","0","23","50","","(31141057,12)","","","","","","","","","",""
"16201124","0","24","50","","(31141057,12)","","","","","","","","","",""
"16201125","0","25","50","","(31141057,12)","","","","","","","","","",""
"16201126","0","26","50","","(31141057,12)","","","","","","","","","",""
"16201127","0","27","50","","(31141057,12)","","","","","","","","","",""
"16201128","0","28","50","","(31141057,12)","","","","","","","","","",""
"16201129","0","29","50","","(31141057,12)","","","","","","","","","",""
"16201130","0","30","50","","(31141058,6)","","","(5,0)","","","","","","",""
"16201131","0","31","50","","(31141058,6)","","","(5,0)","","","","","","",""
"16201132","0","32","50","","(31141058,6)","","","(5,0)","","","","","","",""
"16201133","0","33","50","","(31141058,6)","","","(5,0)","","","","","","",""
"16201134","0","34","50","","(31141058,6)","","","(5,0)","","","","","","",""
"16201135","0","35","50","","(31141058,6)","","","(5,0)","","","","","","",""
"16201136","0","36","50","","(31141058,6)","","","(5,0)","","","","","","",""
"16201137","0","37","50","","(31141058,6)","","","(5,0)","","","","","","",""
"16201138","0","38","50","","(31141058,6)","","","(5,0)","","","","","","",""
"16201139","0","39","50","","(31141058,6)","","","(5,0)","","","","","","",""
"16201140","0","40","50","","(31141058,6)","","","(5,0)","","","","","","",""
"16201141","0","41","50","","(31141058,6)","","","(5,0)","","","","","","",""
"16201142","0","42","50","","(31141058,6)","","","(5,0)","","","","","","",""
"16201143","0","43","50","","(31141058,6)","","","(5,0)","","","","","","",""
"16201144","0","44","50","","(31141058,6)","","","(5,0)","","","","","","",""
"16201145","0","45","50","","(31141058,6)","","","(5,0)","","","","","","",""
"16201146","0","46","50","","(31141058,6)","","","(5,0)","","","","","","",""
"16201147","0","47","50","","(31141058,6)","","","(5,0)","","","","","","",""
"16201148","0","48","50","","(31141058,6)","","","(5,0)","","","","","","",""
"16201149","0","49","50","","(31141058,6)","","","(5,0)","","","","","","",""
"16201150","0","50","50","","(31141058,6)","","","(5,0)","","","","","","",""
"16201201","1","1","50","","(31141057,13)","","","","","","","","","",""
"16201202","1","2","50","","(31141057,13)","","","","","","","","","",""
"16201203","1","3","50","","(31141057,13)","","","","","","","","","",""
"16201204","1","4","50","","(31141057,13)","","","","","","","","","",""
"16201205","1","5","50","","(31141057,13)","","","","","","","","","",""
"16201206","1","6","50","","(31141057,13)","","","","","","","","","",""
"16201207","1","7","50","","(31141057,13)","","","","","","","","","",""
"16201208","1","8","50","","(31141057,13)","","","","","","","","","",""
"16201209","1","9","50","","(31141057,13)","","","","","","","","","",""
"16201210","1","10","50","","(31141057,13)","","","","","","","","","",""
"16201211","1","11","50","","(31141057,13)","","","","","","","","","",""
"16201212","1","12","50","","(31141057,13)","","","","","","","","","",""
"16201213","1","13","50","","(31141057,13)","","","","","","","","","",""
"16201214","1","14","50","","(31141057,13)","","","","","","","","","",""
"16201215","1","15","50","","(31141057,13)","","","","","","","","","",""
"16201216","1","16","50","","(31141057,13)","","","","","","","","","",""
"16201217","1","17","50","","(31141057,13)","","","","","","","","","",""
"16201218","1","18","50","","(31141057,13)","","","","","","","","","",""
"16201219","1","19","50","","(31141057,13)","","","","","","","","","",""
"16201220","1","20","50","","(31141057,13)","","","","","","","","","",""
"16201221","1","21","50","","(31141057,13)","","","","","","","","","",""
"16201222","1","22","50","","(31141057,13)","","","","","","","","","",""
"16201223","1","23","50","","(31141057,13)","","","","","","","","","",""
"16201224","1","24","50","","(31141057,13)","","","","","","","","","",""
"16201225","1","25","50","","(31141057,13)","","","","","","","","","",""
"16201226","1","26","50","","(31141057,13)","","","","","","","","","",""
"16201227","1","27","50","","(31141057,13)","","","","","","","","","",""
"16201228","1","28","50","","(31141057,13)","","","","","","","","","",""
"16201229","1","29","50","","(31141057,13)","","","","","","","","","",""
"16201230","1","30","50","","(31141058,7)","","","(5,0)","","","","","","",""
"16201231","1","31","50","","(31141058,7)","","","(5,0)","","","","","","",""
"16201232","1","32","50","","(31141058,7)","","","(5,0)","","","","","","",""
"16201233","1","33","50","","(31141058,7)","","","(5,0)","","","","","","",""
"16201234","1","34","50","","(31141058,7)","","","(5,0)","","","","","","",""
"16201235","1","35","50","","(31141058,7)","","","(5,0)","","","","","","",""
"16201236","1","36","50","","(31141058,7)","","","(5,0)","","","","","","",""
"16201237","1","37","50","","(31141058,7)","","","(5,0)","","","","","","",""
"16201238","1","38","50","","(31141058,7)","","","(5,0)","","","","","","",""
"16201239","1","39","50","","(31141058,7)","","","(5,0)","","","","","","",""
"16201240","1","40","50","","(31141058,7)","","","(5,0)","","","","","","",""
"16201241","1","41","50","","(31141058,7)","","","(5,0)","","","","","","",""
"16201242","1","42","50","","(31141058,7)","","","(5,0)","","","","","","",""
"16201243","1","43","50","","(31141058,7)","","","(5,0)","","","","","","",""
"16201244","1","44","50","","(31141058,7)","","","(5,0)","","","","","","",""
"16201245","1","45","50","","(31141058,7)","","","(5,0)","","","","","","",""
"16201246","1","46","50","","(31141058,7)","","","(5,0)","","","","","","",""
"16201247","1","47","50","","(31141058,7)","","","(5,0)","","","","","","",""
"16201248","1","48","50","","(31141058,7)","","","(5,0)","","","","","","",""
"16201249","1","49","50","","(31141058,7)","","","(5,0)","","","","","","",""
"16201250","1","50","50","","(31141058,7)","","","(5,0)","","","","","","",""
"16201301","2","1","50","","(31141057,16)","","","","","","","","","",""
"16201302","2","2","50","","(31141057,16)","","","","","","","","","",""
"16201303","2","3","50","","(31141057,16)","","","","","","","","","",""
"16201304","2","4","50","","(31141057,16)","","","","","","","","","",""
"16201305","2","5","50","","(31141057,16)","","","","","","","","","",""
"16201306","2","6","50","","(31141057,16)","","","","","","","","","",""
"16201307","2","7","50","","(31141057,16)","","","","","","","","","",""
"16201308","2","8","50","","(31141057,16)","","","","","","","","","",""
"16201309","2","9","50","","(31141057,16)","","","","","","","","","",""
"16201310","2","10","50","","(31141057,16)","","","","","","","","","",""
"16201311","2","11","50","","(31141057,16)","","","","","","","","","",""
"16201312","2","12","50","","(31141057,16)","","","","","","","","","",""
"16201313","2","13","50","","(31141057,16)","","","","","","","","","",""
"16201314","2","14","50","","(31141057,16)","","","","","","","","","",""
"16201315","2","15","50","","(31141057,16)","","","","","","","","","",""
"16201316","2","16","50","","(31141057,16)","","","","","","","","","",""
"16201317","2","17","50","","(31141057,16)","","","","","","","","","",""
"16201318","2","18","50","","(31141057,16)","","","","","","","","","",""
"16201319","2","19","50","","(31141057,16)","","","","","","","","","",""
"16201320","2","20","50","","(31141057,16)","","","","","","","","","",""
"16201321","2","21","50","","(31141057,16)","","","","","","","","","",""
"16201322","2","22","50","","(31141057,16)","","","","","","","","","",""
"16201323","2","23","50","","(31141057,16)","","","","","","","","","",""
"16201324","2","24","50","","(31141057,16)","","","","","","","","","",""
"16201325","2","25","50","","(31141057,16)","","","","","","","","","",""
"16201326","2","26","50","","(31141057,16)","","","","","","","","","",""
"16201327","2","27","50","","(31141057,16)","","","","","","","","","",""
"16201328","2","28","50","","(31141057,16)","","","","","","","","","",""
"16201329","2","29","50","","(31141057,16)","","","","","","","","","",""
"16201330","2","30","50","","(31141058,8)","","","(5,0)","","","","","","",""
"16201331","2","31","50","","(31141058,8)","","","(5,0)","","","","","","",""
"16201332","2","32","50","","(31141058,8)","","","(5,0)","","","","","","",""
"16201333","2","33","50","","(31141058,8)","","","(5,0)","","","","","","",""
"16201334","2","34","50","","(31141058,8)","","","(5,0)","","","","","","",""
"16201335","2","35","50","","(31141058,8)","","","(5,0)","","","","","","",""
"16201336","2","36","50","","(31141058,8)","","","(5,0)","","","","","","",""
"16201337","2","37","50","","(31141058,8)","","","(5,0)","","","","","","",""
"16201338","2","38","50","","(31141058,8)","","","(5,0)","","","","","","",""
"16201339","2","39","50","","(31141058,8)","","","(5,0)","","","","","","",""
"16201340","2","40","50","","(31141058,8)","","","(5,0)","","","","","","",""
"16201341","2","41","50","","(31141058,8)","","","(5,0)","","","","","","",""
"16201342","2","42","50","","(31141058,8)","","","(5,0)","","","","","","",""
"16201343","2","43","50","","(31141058,8)","","","(5,0)","","","","","","",""
"16201344","2","44","50","","(31141058,8)","","","(5,0)","","","","","","",""
"16201345","2","45","50","","(31141058,8)","","","(5,0)","","","","","","",""
"16201346","2","46","50","","(31141058,8)","","","(5,0)","","","","","","",""
"16201347","2","47","50","","(31141058,8)","","","(5,0)","","","","","","",""
"16201348","2","48","50","","(31141058,8)","","","(5,0)","","","","","","",""
"16201349","2","49","50","","(31141058,8)","","","(5,0)","","","","","","",""
"16201350","2","50","50","","(31141058,8)","","","(5,0)","","","","","","",""
"16202101","0","1","50","","(31141057,12)","","","","","","","","","",""
"16202102","0","2","50","","(31141057,12)","","","","","","","","","",""
"16202103","0","3","50","","(31141057,12)","","","","","","","","","",""
"16202104","0","4","50","","(31141057,12)","","","","","","","","","",""
"16202105","0","5","50","","(31141057,12)","","","","","","","","","",""
"16202106","0","6","50","","(31141057,12)","","","","","","","","","",""
"16202107","0","7","50","","(31141057,12)","","","","","","","","","",""
"16202108","0","8","50","","(31141057,12)","","","","","","","","","",""
"16202109","0","9","50","","(31141057,12)","","","","","","","","","",""
"16202110","0","10","50","","(31141057,12)","","","","","","","","","",""
"16202111","0","11","50","","(31141057,12)","","","","","","","","","",""
"16202112","0","12","50","","(31141057,12)","","","","","","","","","",""
"16202113","0","13","50","","(31141057,12)","","","","","","","","","",""
"16202114","0","14","50","","(31141057,12)","","","","","","","","","",""
"16202115","0","15","50","","(31141057,12)","","","","","","","","","",""
"16202116","0","16","50","","(31141057,12)","","","","","","","","","",""
"16202117","0","17","50","","(31141057,12)","","","","","","","","","",""
"16202118","0","18","50","","(31141057,12)","","","","","","","","","",""
"16202119","0","19","50","","(31141057,12)","","","","","","","","","",""
"16202120","0","20","50","","(31141057,12)","","","","","","","","","",""
"16202121","0","21","50","","(31141057,12)","","","","","","","","","",""
"16202122","0","22","50","","(31141057,12)","","","","","","","","","",""
"16202123","0","23","50","","(31141057,12)","","","","","","","","","",""
"16202124","0","24","50","","(31141057,12)","","","","","","","","","",""
"16202125","0","25","50","","(31141057,12)","","","","","","","","","",""
"16202126","0","26","50","","(31141057,12)","","","","","","","","","",""
"16202127","0","27","50","","(31141057,12)","","","","","","","","","",""
"16202128","0","28","50","","(31141057,12)","","","","","","","","","",""
"16202129","0","29","50","","(31141057,12)","","","","","","","","","",""
"16202130","0","30","50","","(31141058,6)","","","(5,0)","","","","","","",""
"16202131","0","31","50","","(31141058,6)","","","(5,0)","","","","","","",""
"16202132","0","32","50","","(31141058,6)","","","(5,0)","","","","","","",""
"16202133","0","33","50","","(31141058,6)","","","(5,0)","","","","","","",""
"16202134","0","34","50","","(31141058,6)","","","(5,0)","","","","","","",""
"16202135","0","35","50","","(31141058,6)","","","(5,0)","","","","","","",""
"16202136","0","36","50","","(31141058,6)","","","(5,0)","","","","","","",""
"16202137","0","37","50","","(31141058,6)","","","(5,0)","","","","","","",""
"16202138","0","38","50","","(31141058,6)","","","(5,0)","","","","","","",""
"16202139","0","39","50","","(31141058,6)","","","(5,0)","","","","","","",""
"16202140","0","40","50","","(31141058,6)","","","(5,0)","","","","","","",""
"16202141","0","41","50","","(31141058,6)","","","(5,0)","","","","","","",""
"16202142","0","42","50","","(31141058,6)","","","(5,0)","","","","","","",""
"16202143","0","43","50","","(31141058,6)","","","(5,0)","","","","","","",""
"16202144","0","44","50","","(31141058,6)","","","(5,0)","","","","","","",""
"16202145","0","45","50","","(31141058,6)","","","(5,0)","","","","","","",""
"16202146","0","46","50","","(31141058,6)","","","(5,0)","","","","","","",""
"16202147","0","47","50","","(31141058,6)","","","(5,0)","","","","","","",""
"16202148","0","48","50","","(31141058,6)","","","(5,0)","","","","","","",""
"16202149","0","49","50","","(31141058,6)","","","(5,0)","","","","","","",""
"16202150","0","50","50","","(31141058,6)","","","(5,0)","","","","","","",""
"16202201","1","1","50","","(31141057,13)","","","","","","","","","",""
"16202202","1","2","50","","(31141057,13)","","","","","","","","","",""
"16202203","1","3","50","","(31141057,13)","","","","","","","","","",""
"16202204","1","4","50","","(31141057,13)","","","","","","","","","",""
"16202205","1","5","50","","(31141057,13)","","","","","","","","","",""
"16202206","1","6","50","","(31141057,13)","","","","","","","","","",""
"16202207","1","7","50","","(31141057,13)","","","","","","","","","",""
"16202208","1","8","50","","(31141057,13)","","","","","","","","","",""
"16202209","1","9","50","","(31141057,13)","","","","","","","","","",""
"16202210","1","10","50","","(31141057,13)","","","","","","","","","",""
"16202211","1","11","50","","(31141057,13)","","","","","","","","","",""
"16202212","1","12","50","","(31141057,13)","","","","","","","","","",""
"16202213","1","13","50","","(31141057,13)","","","","","","","","","",""
"16202214","1","14","50","","(31141057,13)","","","","","","","","","",""
"16202215","1","15","50","","(31141057,13)","","","","","","","","","",""
"16202216","1","16","50","","(31141057,13)","","","","","","","","","",""
"16202217","1","17","50","","(31141057,13)","","","","","","","","","",""
"16202218","1","18","50","","(31141057,13)","","","","","","","","","",""
"16202219","1","19","50","","(31141057,13)","","","","","","","","","",""
"16202220","1","20","50","","(31141057,13)","","","","","","","","","",""
"16202221","1","21","50","","(31141057,13)","","","","","","","","","",""
"16202222","1","22","50","","(31141057,13)","","","","","","","","","",""
"16202223","1","23","50","","(31141057,13)","","","","","","","","","",""
"16202224","1","24","50","","(31141057,13)","","","","","","","","","",""
"16202225","1","25","50","","(31141057,13)","","","","","","","","","",""
"16202226","1","26","50","","(31141057,13)","","","","","","","","","",""
"16202227","1","27","50","","(31141057,13)","","","","","","","","","",""
"16202228","1","28","50","","(31141057,13)","","","","","","","","","",""
"16202229","1","29","50","","(31141057,13)","","","","","","","","","",""
"16202230","1","30","50","","(31141058,7)","","","(5,0)","","","","","","",""
"16202231","1","31","50","","(31141058,7)","","","(5,0)","","","","","","",""
"16202232","1","32","50","","(31141058,7)","","","(5,0)","","","","","","",""
"16202233","1","33","50","","(31141058,7)","","","(5,0)","","","","","","",""
"16202234","1","34","50","","(31141058,7)","","","(5,0)","","","","","","",""
"16202235","1","35","50","","(31141058,7)","","","(5,0)","","","","","","",""
"16202236","1","36","50","","(31141058,7)","","","(5,0)","","","","","","",""
"16202237","1","37","50","","(31141058,7)","","","(5,0)","","","","","","",""
"16202238","1","38","50","","(31141058,7)","","","(5,0)","","","","","","",""
"16202239","1","39","50","","(31141058,7)","","","(5,0)","","","","","","",""
"16202240","1","40","50","","(31141058,7)","","","(5,0)","","","","","","",""
"16202241","1","41","50","","(31141058,7)","","","(5,0)","","","","","","",""
"16202242","1","42","50","","(31141058,7)","","","(5,0)","","","","","","",""
"16202243","1","43","50","","(31141058,7)","","","(5,0)","","","","","","",""
"16202244","1","44","50","","(31141058,7)","","","(5,0)","","","","","","",""
"16202245","1","45","50","","(31141058,7)","","","(5,0)","","","","","","",""
"16202246","1","46","50","","(31141058,7)","","","(5,0)","","","","","","",""
"16202247","1","47","50","","(31141058,7)","","","(5,0)","","","","","","",""
"16202248","1","48","50","","(31141058,7)","","","(5,0)","","","","","","",""
"16202249","1","49","50","","(31141058,7)","","","(5,0)","","","","","","",""
"16202250","1","50","50","","(31141058,7)","","","(5,0)","","","","","","",""
"16202301","2","1","50","","(31141057,16)","","","","","","","","","",""
"16202302","2","2","50","","(31141057,16)","","","","","","","","","",""
"16202303","2","3","50","","(31141057,16)","","","","","","","","","",""
"16202304","2","4","50","","(31141057,16)","","","","","","","","","",""
"16202305","2","5","50","","(31141057,16)","","","","","","","","","",""
"16202306","2","6","50","","(31141057,16)","","","","","","","","","",""
"16202307","2","7","50","","(31141057,16)","","","","","","","","","",""
"16202308","2","8","50","","(31141057,16)","","","","","","","","","",""
"16202309","2","9","50","","(31141057,16)","","","","","","","","","",""
"16202310","2","10","50","","(31141057,16)","","","","","","","","","",""
"16202311","2","11","50","","(31141057,16)","","","","","","","","","",""
"16202312","2","12","50","","(31141057,16)","","","","","","","","","",""
"16202313","2","13","50","","(31141057,16)","","","","","","","","","",""
"16202314","2","14","50","","(31141057,16)","","","","","","","","","",""
"16202315","2","15","50","","(31141057,16)","","","","","","","","","",""
"16202316","2","16","50","","(31141057,16)","","","","","","","","","",""
"16202317","2","17","50","","(31141057,16)","","","","","","","","","",""
"16202318","2","18","50","","(31141057,16)","","","","","","","","","",""
"16202319","2","19","50","","(31141057,16)","","","","","","","","","",""
"16202320","2","20","50","","(31141057,16)","","","","","","","","","",""
"16202321","2","21","50","","(31141057,16)","","","","","","","","","",""
"16202322","2","22","50","","(31141057,16)","","","","","","","","","",""
"16202323","2","23","50","","(31141057,16)","","","","","","","","","",""
"16202324","2","24","50","","(31141057,16)","","","","","","","","","",""
"16202325","2","25","50","","(31141057,16)","","","","","","","","","",""
"16202326","2","26","50","","(31141057,16)","","","","","","","","","",""
"16202327","2","27","50","","(31141057,16)","","","","","","","","","",""
"16202328","2","28","50","","(31141057,16)","","","","","","","","","",""
"16202329","2","29","50","","(31141057,16)","","","","","","","","","",""
"16202330","2","30","50","","(31141058,8)","","","(5,0)","","","","","","",""
"16202331","2","31","50","","(31141058,8)","","","(5,0)","","","","","","",""
"16202332","2","32","50","","(31141058,8)","","","(5,0)","","","","","","",""
"16202333","2","33","50","","(31141058,8)","","","(5,0)","","","","","","",""
"16202334","2","34","50","","(31141058,8)","","","(5,0)","","","","","","",""
"16202335","2","35","50","","(31141058,8)","","","(5,0)","","","","","","",""
"16202336","2","36","50","","(31141058,8)","","","(5,0)","","","","","","",""
"16202337","2","37","50","","(31141058,8)","","","(5,0)","","","","","","",""
"16202338","2","38","50","","(31141058,8)","","","(5,0)","","","","","","",""
"16202339","2","39","50","","(31141058,8)","","","(5,0)","","","","","","",""
"16202340","2","40","50","","(31141058,8)","","","(5,0)","","","","","","",""
"16202341","2","41","50","","(31141058,8)","","","(5,0)","","","","","","",""
"16202342","2","42","50","","(31141058,8)","","","(5,0)","","","","","","",""
"16202343","2","43","50","","(31141058,8)","","","(5,0)","","","","","","",""
"16202344","2","44","50","","(31141058,8)","","","(5,0)","","","","","","",""
"16202345","2","45","50","","(31141058,8)","","","(5,0)","","","","","","",""
"16202346","2","46","50","","(31141058,8)","","","(5,0)","","","","","","",""
"16202347","2","47","50","","(31141058,8)","","","(5,0)","","","","","","",""
"16202348","2","48","50","","(31141058,8)","","","(5,0)","","","","","","",""
"16202349","2","49","50","","(31141058,8)","","","(5,0)","","","","","","",""
"16202350","2","50","50","","(31141058,8)","","","(5,0)","","","","","","",""
"16203101","0","1","50","","(31141057,12)","","","","","","","","","",""
"16203102","0","2","50","","(31141057,12)","","","","","","","","","",""
"16203103","0","3","50","","(31141057,12)","","","","","","","","","",""
"16203104","0","4","50","","(31141057,12)","","","","","","","","","",""
"16203105","0","5","50","","(31141057,12)","","","","","","","","","",""
"16203106","0","6","50","","(31141057,12)","","","","","","","","","",""
"16203107","0","7","50","","(31141057,12)","","","","","","","","","",""
"16203108","0","8","50","","(31141057,12)","","","","","","","","","",""
"16203109","0","9","50","","(31141057,12)","","","","","","","","","",""
"16203110","0","10","50","","(31141057,12)","","","","","","","","","",""
"16203111","0","11","50","","(31141057,12)","","","","","","","","","",""
"16203112","0","12","50","","(31141057,12)","","","","","","","","","",""
"16203113","0","13","50","","(31141057,12)","","","","","","","","","",""
"16203114","0","14","50","","(31141057,12)","","","","","","","","","",""
"16203115","0","15","50","","(31141057,12)","","","","","","","","","",""
"16203116","0","16","50","","(31141057,12)","","","","","","","","","",""
"16203117","0","17","50","","(31141057,12)","","","","","","","","","",""
"16203118","0","18","50","","(31141057,12)","","","","","","","","","",""
"16203119","0","19","50","","(31141057,12)","","","","","","","","","",""
"16203120","0","20","50","","(31141057,12)","","","","","","","","","",""
"16203121","0","21","50","","(31141057,12)","","","","","","","","","",""
"16203122","0","22","50","","(31141057,12)","","","","","","","","","",""
"16203123","0","23","50","","(31141057,12)","","","","","","","","","",""
"16203124","0","24","50","","(31141057,12)","","","","","","","","","",""
"16203125","0","25","50","","(31141057,12)","","","","","","","","","",""
"16203126","0","26","50","","(31141057,12)","","","","","","","","","",""
"16203127","0","27","50","","(31141057,12)","","","","","","","","","",""
"16203128","0","28","50","","(31141057,12)","","","","","","","","","",""
"16203129","0","29","50","","(31141057,12)","","","","","","","","","",""
"16203130","0","30","50","","(31141058,6)","","","(5,0)","","","","","","",""
"16203131","0","31","50","","(31141058,6)","","","(5,0)","","","","","","",""
"16203132","0","32","50","","(31141058,6)","","","(5,0)","","","","","","",""
"16203133","0","33","50","","(31141058,6)","","","(5,0)","","","","","","",""
"16203134","0","34","50","","(31141058,6)","","","(5,0)","","","","","","",""
"16203135","0","35","50","","(31141058,6)","","","(5,0)","","","","","","",""
"16203136","0","36","50","","(31141058,6)","","","(5,0)","","","","","","",""
"16203137","0","37","50","","(31141058,6)","","","(5,0)","","","","","","",""
"16203138","0","38","50","","(31141058,6)","","","(5,0)","","","","","","",""
"16203139","0","39","50","","(31141058,6)","","","(5,0)","","","","","","",""
"16203140","0","40","50","","(31141058,6)","","","(5,0)","","","","","","",""
"16203141","0","41","50","","(31141058,6)","","","(5,0)","","","","","","",""
"16203142","0","42","50","","(31141058,6)","","","(5,0)","","","","","","",""
"16203143","0","43","50","","(31141058,6)","","","(5,0)","","","","","","",""
"16203144","0","44","50","","(31141058,6)","","","(5,0)","","","","","","",""
"16203145","0","45","50","","(31141058,6)","","","(5,0)","","","","","","",""
"16203146","0","46","50","","(31141058,6)","","","(5,0)","","","","","","",""
"16203147","0","47","50","","(31141058,6)","","","(5,0)","","","","","","",""
"16203148","0","48","50","","(31141058,6)","","","(5,0)","","","","","","",""
"16203149","0","49","50","","(31141058,6)","","","(5,0)","","","","","","",""
"16203150","0","50","50","","(31141058,6)","","","(5,0)","","","","","","",""
"16203201","1","1","50","","(31141057,13)","","","","","","","","","",""
"16203202","1","2","50","","(31141057,13)","","","","","","","","","",""
"16203203","1","3","50","","(31141057,13)","","","","","","","","","",""
"16203204","1","4","50","","(31141057,13)","","","","","","","","","",""
"16203205","1","5","50","","(31141057,13)","","","","","","","","","",""
"16203206","1","6","50","","(31141057,13)","","","","","","","","","",""
"16203207","1","7","50","","(31141057,13)","","","","","","","","","",""
"16203208","1","8","50","","(31141057,13)","","","","","","","","","",""
"16203209","1","9","50","","(31141057,13)","","","","","","","","","",""
"16203210","1","10","50","","(31141057,13)","","","","","","","","","",""
"16203211","1","11","50","","(31141057,13)","","","","","","","","","",""
"16203212","1","12","50","","(31141057,13)","","","","","","","","","",""
"16203213","1","13","50","","(31141057,13)","","","","","","","","","",""
"16203214","1","14","50","","(31141057,13)","","","","","","","","","",""
"16203215","1","15","50","","(31141057,13)","","","","","","","","","",""
"16203216","1","16","50","","(31141057,13)","","","","","","","","","",""
"16203217","1","17","50","","(31141057,13)","","","","","","","","","",""
"16203218","1","18","50","","(31141057,13)","","","","","","","","","",""
"16203219","1","19","50","","(31141057,13)","","","","","","","","","",""
"16203220","1","20","50","","(31141057,13)","","","","","","","","","",""
"16203221","1","21","50","","(31141057,13)","","","","","","","","","",""
"16203222","1","22","50","","(31141057,13)","","","","","","","","","",""
"16203223","1","23","50","","(31141057,13)","","","","","","","","","",""
"16203224","1","24","50","","(31141057,13)","","","","","","","","","",""
"16203225","1","25","50","","(31141057,13)","","","","","","","","","",""
"16203226","1","26","50","","(31141057,13)","","","","","","","","","",""
"16203227","1","27","50","","(31141057,13)","","","","","","","","","",""
"16203228","1","28","50","","(31141057,13)","","","","","","","","","",""
"16203229","1","29","50","","(31141057,13)","","","","","","","","","",""
"16203230","1","30","50","","(31141058,7)","","","(5,0)","","","","","","",""
"16203231","1","31","50","","(31141058,7)","","","(5,0)","","","","","","",""
"16203232","1","32","50","","(31141058,7)","","","(5,0)","","","","","","",""
"16203233","1","33","50","","(31141058,7)","","","(5,0)","","","","","","",""
"16203234","1","34","50","","(31141058,7)","","","(5,0)","","","","","","",""
"16203235","1","35","50","","(31141058,7)","","","(5,0)","","","","","","",""
"16203236","1","36","50","","(31141058,7)","","","(5,0)","","","","","","",""
"16203237","1","37","50","","(31141058,7)","","","(5,0)","","","","","","",""
"16203238","1","38","50","","(31141058,7)","","","(5,0)","","","","","","",""
"16203239","1","39","50","","(31141058,7)","","","(5,0)","","","","","","",""
"16203240","1","40","50","","(31141058,7)","","","(5,0)","","","","","","",""
"16203241","1","41","50","","(31141058,7)","","","(5,0)","","","","","","",""
"16203242","1","42","50","","(31141058,7)","","","(5,0)","","","","","","",""
"16203243","1","43","50","","(31141058,7)","","","(5,0)","","","","","","",""
"16203244","1","44","50","","(31141058,7)","","","(5,0)","","","","","","",""
"16203245","1","45","50","","(31141058,7)","","","(5,0)","","","","","","",""
"16203246","1","46","50","","(31141058,7)","","","(5,0)","","","","","","",""
"16203247","1","47","50","","(31141058,7)","","","(5,0)","","","","","","",""
"16203248","1","48","50","","(31141058,7)","","","(5,0)","","","","","","",""
"16203249","1","49","50","","(31141058,7)","","","(5,0)","","","","","","",""
"16203250","1","50","50","","(31141058,7)","","","(5,0)","","","","","","",""
"16203301","2","1","50","","(31141057,16)","","","","","","","","","",""
"16203302","2","2","50","","(31141057,16)","","","","","","","","","",""
"16203303","2","3","50","","(31141057,16)","","","","","","","","","",""
"16203304","2","4","50","","(31141057,16)","","","","","","","","","",""
"16203305","2","5","50","","(31141057,16)","","","","","","","","","",""
"16203306","2","6","50","","(31141057,16)","","","","","","","","","",""
"16203307","2","7","50","","(31141057,16)","","","","","","","","","",""
"16203308","2","8","50","","(31141057,16)","","","","","","","","","",""
"16203309","2","9","50","","(31141057,16)","","","","","","","","","",""
"16203310","2","10","50","","(31141057,16)","","","","","","","","","",""
"16203311","2","11","50","","(31141057,16)","","","","","","","","","",""
"16203312","2","12","50","","(31141057,16)","","","","","","","","","",""
"16203313","2","13","50","","(31141057,16)","","","","","","","","","",""
"16203314","2","14","50","","(31141057,16)","","","","","","","","","",""
"16203315","2","15","50","","(31141057,16)","","","","","","","","","",""
"16203316","2","16","50","","(31141057,16)","","","","","","","","","",""
"16203317","2","17","50","","(31141057,16)","","","","","","","","","",""
"16203318","2","18","50","","(31141057,16)","","","","","","","","","",""
"16203319","2","19","50","","(31141057,16)","","","","","","","","","",""
"16203320","2","20","50","","(31141057,16)","","","","","","","","","",""
"16203321","2","21","50","","(31141057,16)","","","","","","","","","",""
"16203322","2","22","50","","(31141057,16)","","","","","","","","","",""
"16203323","2","23","50","","(31141057,16)","","","","","","","","","",""
"16203324","2","24","50","","(31141057,16)","","","","","","","","","",""
"16203325","2","25","50","","(31141057,16)","","","","","","","","","",""
"16203326","2","26","50","","(31141057,16)","","","","","","","","","",""
"16203327","2","27","50","","(31141057,16)","","","","","","","","","",""
"16203328","2","28","50","","(31141057,16)","","","","","","","","","",""
"16203329","2","29","50","","(31141057,16)","","","","","","","","","",""
"16203330","2","30","50","","(31141058,8)","","","(5,0)","","","","","","",""
"16203331","2","31","50","","(31141058,8)","","","(5,0)","","","","","","",""
"16203332","2","32","50","","(31141058,8)","","","(5,0)","","","","","","",""
"16203333","2","33","50","","(31141058,8)","","","(5,0)","","","","","","",""
"16203334","2","34","50","","(31141058,8)","","","(5,0)","","","","","","",""
"16203335","2","35","50","","(31141058,8)","","","(5,0)","","","","","","",""
"16203336","2","36","50","","(31141058,8)","","","(5,0)","","","","","","",""
"16203337","2","37","50","","(31141058,8)","","","(5,0)","","","","","","",""
"16203338","2","38","50","","(31141058,8)","","","(5,0)","","","","","","",""
"16203339","2","39","50","","(31141058,8)","","","(5,0)","","","","","","",""
"16203340","2","40","50","","(31141058,8)","","","(5,0)","","","","","","",""
"16203341","2","41","50","","(31141058,8)","","","(5,0)","","","","","","",""
"16203342","2","42","50","","(31141058,8)","","","(5,0)","","","","","","",""
"16203343","2","43","50","","(31141058,8)","","","(5,0)","","","","","","",""
"16203344","2","44","50","","(31141058,8)","","","(5,0)","","","","","","",""
"16203345","2","45","50","","(31141058,8)","","","(5,0)","","","","","","",""
"16203346","2","46","50","","(31141058,8)","","","(5,0)","","","","","","",""
"16203347","2","47","50","","(31141058,8)","","","(5,0)","","","","","","",""
"16203348","2","48","50","","(31141058,8)","","","(5,0)","","","","","","",""
"16203349","2","49","50","","(31141058,8)","","","(5,0)","","","","","","",""
"16203350","2","50","50","","(31141058,8)","","","(5,0)","","","","","","",""
"16204101","0","1","50","","(31141057,12)","","","","","","","","","",""
"16204102","0","2","50","","(31141057,12)","","","","","","","","","",""
"16204103","0","3","50","","(31141057,12)","","","","","","","","","",""
"16204104","0","4","50","","(31141057,12)","","","","","","","","","",""
"16204105","0","5","50","","(31141057,12)","","","","","","","","","",""
"16204106","0","6","50","","(31141057,12)","","","","","","","","","",""
"16204107","0","7","50","","(31141057,12)","","","","","","","","","",""
"16204108","0","8","50","","(31141057,12)","","","","","","","","","",""
"16204109","0","9","50","","(31141057,12)","","","","","","","","","",""
"16204110","0","10","50","","(31141057,12)","","","","","","","","","",""
"16204111","0","11","50","","(31141057,12)","","","","","","","","","",""
"16204112","0","12","50","","(31141057,12)","","","","","","","","","",""
"16204113","0","13","50","","(31141057,12)","","","","","","","","","",""
"16204114","0","14","50","","(31141057,12)","","","","","","","","","",""
"16204115","0","15","50","","(31141057,12)","","","","","","","","","",""
"16204116","0","16","50","","(31141057,12)","","","","","","","","","",""
"16204117","0","17","50","","(31141057,12)","","","","","","","","","",""
"16204118","0","18","50","","(31141057,12)","","","","","","","","","",""
"16204119","0","19","50","","(31141057,12)","","","","","","","","","",""
"16204120","0","20","50","","(31141057,12)","","","","","","","","","",""
"16204121","0","21","50","","(31141057,12)","","","","","","","","","",""
"16204122","0","22","50","","(31141057,12)","","","","","","","","","",""
"16204123","0","23","50","","(31141057,12)","","","","","","","","","",""
"16204124","0","24","50","","(31141057,12)","","","","","","","","","",""
"16204125","0","25","50","","(31141057,12)","","","","","","","","","",""
"16204126","0","26","50","","(31141057,12)","","","","","","","","","",""
"16204127","0","27","50","","(31141057,12)","","","","","","","","","",""
"16204128","0","28","50","","(31141057,12)","","","","","","","","","",""
"16204129","0","29","50","","(31141057,12)","","","","","","","","","",""
"16204130","0","30","50","","(31141058,6)","","","(5,0)","","","","","","",""
"16204131","0","31","50","","(31141058,6)","","","(5,0)","","","","","","",""
"16204132","0","32","50","","(31141058,6)","","","(5,0)","","","","","","",""
"16204133","0","33","50","","(31141058,6)","","","(5,0)","","","","","","",""
"16204134","0","34","50","","(31141058,6)","","","(5,0)","","","","","","",""
"16204135","0","35","50","","(31141058,6)","","","(5,0)","","","","","","",""
"16204136","0","36","50","","(31141058,6)","","","(5,0)","","","","","","",""
"16204137","0","37","50","","(31141058,6)","","","(5,0)","","","","","","",""
"16204138","0","38","50","","(31141058,6)","","","(5,0)","","","","","","",""
"16204139","0","39","50","","(31141058,6)","","","(5,0)","","","","","","",""
"16204140","0","40","50","","(31141058,6)","","","(5,0)","","","","","","",""
"16204141","0","41","50","","(31141058,6)","","","(5,0)","","","","","","",""
"16204142","0","42","50","","(31141058,6)","","","(5,0)","","","","","","",""
"16204143","0","43","50","","(31141058,6)","","","(5,0)","","","","","","",""
"16204144","0","44","50","","(31141058,6)","","","(5,0)","","","","","","",""
"16204145","0","45","50","","(31141058,6)","","","(5,0)","","","","","","",""
"16204146","0","46","50","","(31141058,6)","","","(5,0)","","","","","","",""
"16204147","0","47","50","","(31141058,6)","","","(5,0)","","","","","","",""
"16204148","0","48","50","","(31141058,6)","","","(5,0)","","","","","","",""
"16204149","0","49","50","","(31141058,6)","","","(5,0)","","","","","","",""
"16204150","0","50","50","","(31141058,6)","","","(5,0)","","","","","","",""
"16204201","1","1","50","","(31141057,13)","","","","","","","","","",""
"16204202","1","2","50","","(31141057,13)","","","","","","","","","",""
"16204203","1","3","50","","(31141057,13)","","","","","","","","","",""
"16204204","1","4","50","","(31141057,13)","","","","","","","","","",""
"16204205","1","5","50","","(31141057,13)","","","","","","","","","",""
"16204206","1","6","50","","(31141057,13)","","","","","","","","","",""
"16204207","1","7","50","","(31141057,13)","","","","","","","","","",""
"16204208","1","8","50","","(31141057,13)","","","","","","","","","",""
"16204209","1","9","50","","(31141057,13)","","","","","","","","","",""
"16204210","1","10","50","","(31141057,13)","","","","","","","","","",""
"16204211","1","11","50","","(31141057,13)","","","","","","","","","",""
"16204212","1","12","50","","(31141057,13)","","","","","","","","","",""
"16204213","1","13","50","","(31141057,13)","","","","","","","","","",""
"16204214","1","14","50","","(31141057,13)","","","","","","","","","",""
"16204215","1","15","50","","(31141057,13)","","","","","","","","","",""
"16204216","1","16","50","","(31141057,13)","","","","","","","","","",""
"16204217","1","17","50","","(31141057,13)","","","","","","","","","",""
"16204218","1","18","50","","(31141057,13)","","","","","","","","","",""
"16204219","1","19","50","","(31141057,13)","","","","","","","","","",""
"16204220","1","20","50","","(31141057,13)","","","","","","","","","",""
"16204221","1","21","50","","(31141057,13)","","","","","","","","","",""
"16204222","1","22","50","","(31141057,13)","","","","","","","","","",""
"16204223","1","23","50","","(31141057,13)","","","","","","","","","",""
"16204224","1","24","50","","(31141057,13)","","","","","","","","","",""
"16204225","1","25","50","","(31141057,13)","","","","","","","","","",""
"16204226","1","26","50","","(31141057,13)","","","","","","","","","",""
"16204227","1","27","50","","(31141057,13)","","","","","","","","","",""
"16204228","1","28","50","","(31141057,13)","","","","","","","","","",""
"16204229","1","29","50","","(31141057,13)","","","","","","","","","",""
"16204230","1","30","50","","(31141058,7)","","","(5,0)","","","","","","",""
"16204231","1","31","50","","(31141058,7)","","","(5,0)","","","","","","",""
"16204232","1","32","50","","(31141058,7)","","","(5,0)","","","","","","",""
"16204233","1","33","50","","(31141058,7)","","","(5,0)","","","","","","",""
"16204234","1","34","50","","(31141058,7)","","","(5,0)","","","","","","",""
"16204235","1","35","50","","(31141058,7)","","","(5,0)","","","","","","",""
"16204236","1","36","50","","(31141058,7)","","","(5,0)","","","","","","",""
"16204237","1","37","50","","(31141058,7)","","","(5,0)","","","","","","",""
"16204238","1","38","50","","(31141058,7)","","","(5,0)","","","","","","",""
"16204239","1","39","50","","(31141058,7)","","","(5,0)","","","","","","",""
"16204240","1","40","50","","(31141058,7)","","","(5,0)","","","","","","",""
"16204241","1","41","50","","(31141058,7)","","","(5,0)","","","","","","",""
"16204242","1","42","50","","(31141058,7)","","","(5,0)","","","","","","",""
"16204243","1","43","50","","(31141058,7)","","","(5,0)","","","","","","",""
"16204244","1","44","50","","(31141058,7)","","","(5,0)","","","","","","",""
"16204245","1","45","50","","(31141058,7)","","","(5,0)","","","","","","",""
"16204246","1","46","50","","(31141058,7)","","","(5,0)","","","","","","",""
"16204247","1","47","50","","(31141058,7)","","","(5,0)","","","","","","",""
"16204248","1","48","50","","(31141058,7)","","","(5,0)","","","","","","",""
"16204249","1","49","50","","(31141058,7)","","","(5,0)","","","","","","",""
"16204250","1","50","50","","(31141058,7)","","","(5,0)","","","","","","",""
"16204301","2","1","50","","(31141057,16)","","","","","","","","","",""
"16204302","2","2","50","","(31141057,16)","","","","","","","","","",""
"16204303","2","3","50","","(31141057,16)","","","","","","","","","",""
"16204304","2","4","50","","(31141057,16)","","","","","","","","","",""
"16204305","2","5","50","","(31141057,16)","","","","","","","","","",""
"16204306","2","6","50","","(31141057,16)","","","","","","","","","",""
"16204307","2","7","50","","(31141057,16)","","","","","","","","","",""
"16204308","2","8","50","","(31141057,16)","","","","","","","","","",""
"16204309","2","9","50","","(31141057,16)","","","","","","","","","",""
"16204310","2","10","50","","(31141057,16)","","","","","","","","","",""
"16204311","2","11","50","","(31141057,16)","","","","","","","","","",""
"16204312","2","12","50","","(31141057,16)","","","","","","","","","",""
"16204313","2","13","50","","(31141057,16)","","","","","","","","","",""
"16204314","2","14","50","","(31141057,16)","","","","","","","","","",""
"16204315","2","15","50","","(31141057,16)","","","","","","","","","",""
"16204316","2","16","50","","(31141057,16)","","","","","","","","","",""
"16204317","2","17","50","","(31141057,16)","","","","","","","","","",""
"16204318","2","18","50","","(31141057,16)","","","","","","","","","",""
"16204319","2","19","50","","(31141057,16)","","","","","","","","","",""
"16204320","2","20","50","","(31141057,16)","","","","","","","","","",""
"16204321","2","21","50","","(31141057,16)","","","","","","","","","",""
"16204322","2","22","50","","(31141057,16)","","","","","","","","","",""
"16204323","2","23","50","","(31141057,16)","","","","","","","","","",""
"16204324","2","24","50","","(31141057,16)","","","","","","","","","",""
"16204325","2","25","50","","(31141057,16)","","","","","","","","","",""
"16204326","2","26","50","","(31141057,16)","","","","","","","","","",""
"16204327","2","27","50","","(31141057,16)","","","","","","","","","",""
"16204328","2","28","50","","(31141057,16)","","","","","","","","","",""
"16204329","2","29","50","","(31141057,16)","","","","","","","","","",""
"16204330","2","30","50","","(31141058,8)","","","(5,0)","","","","","","",""
"16204331","2","31","50","","(31141058,8)","","","(5,0)","","","","","","",""
"16204332","2","32","50","","(31141058,8)","","","(5,0)","","","","","","",""
"16204333","2","33","50","","(31141058,8)","","","(5,0)","","","","","","",""
"16204334","2","34","50","","(31141058,8)","","","(5,0)","","","","","","",""
"16204335","2","35","50","","(31141058,8)","","","(5,0)","","","","","","",""
"16204336","2","36","50","","(31141058,8)","","","(5,0)","","","","","","",""
"16204337","2","37","50","","(31141058,8)","","","(5,0)","","","","","","",""
"16204338","2","38","50","","(31141058,8)","","","(5,0)","","","","","","",""
"16204339","2","39","50","","(31141058,8)","","","(5,0)","","","","","","",""
"16204340","2","40","50","","(31141058,8)","","","(5,0)","","","","","","",""
"16204341","2","41","50","","(31141058,8)","","","(5,0)","","","","","","",""
"16204342","2","42","50","","(31141058,8)","","","(5,0)","","","","","","",""
"16204343","2","43","50","","(31141058,8)","","","(5,0)","","","","","","",""
"16204344","2","44","50","","(31141058,8)","","","(5,0)","","","","","","",""
"16204345","2","45","50","","(31141058,8)","","","(5,0)","","","","","","",""
"16204346","2","46","50","","(31141058,8)","","","(5,0)","","","","","","",""
"16204347","2","47","50","","(31141058,8)","","","(5,0)","","","","","","",""
"16204348","2","48","50","","(31141058,8)","","","(5,0)","","","","","","",""
"16204349","2","49","50","","(31141058,8)","","","(5,0)","","","","","","",""
"16204350","2","50","50","","(31141058,8)","","","(5,0)","","","","","","",""
"16205101","0","1","50","","(31141057,12)","","","","","","","","","",""
"16205102","0","2","50","","(31141057,12)","","","","","","","","","",""
"16205103","0","3","50","","(31141057,12)","","","","","","","","","",""
"16205104","0","4","50","","(31141057,12)","","","","","","","","","",""
"16205105","0","5","50","","(31141057,12)","","","","","","","","","",""
"16205106","0","6","50","","(31141057,12)","","","","","","","","","",""
"16205107","0","7","50","","(31141057,12)","","","","","","","","","",""
"16205108","0","8","50","","(31141057,12)","","","","","","","","","",""
"16205109","0","9","50","","(31141057,12)","","","","","","","","","",""
"16205110","0","10","50","","(31141057,12)","","","","","","","","","",""
"16205111","0","11","50","","(31141057,12)","","","","","","","","","",""
"16205112","0","12","50","","(31141057,12)","","","","","","","","","",""
"16205113","0","13","50","","(31141057,12)","","","","","","","","","",""
"16205114","0","14","50","","(31141057,12)","","","","","","","","","",""
"16205115","0","15","50","","(31141057,12)","","","","","","","","","",""
"16205116","0","16","50","","(31141057,12)","","","","","","","","","",""
"16205117","0","17","50","","(31141057,12)","","","","","","","","","",""
"16205118","0","18","50","","(31141057,12)","","","","","","","","","",""
"16205119","0","19","50","","(31141057,12)","","","","","","","","","",""
"16205120","0","20","50","","(31141057,12)","","","","","","","","","",""
"16205121","0","21","50","","(31141057,12)","","","","","","","","","",""
"16205122","0","22","50","","(31141057,12)","","","","","","","","","",""
"16205123","0","23","50","","(31141057,12)","","","","","","","","","",""
"16205124","0","24","50","","(31141057,12)","","","","","","","","","",""
"16205125","0","25","50","","(31141057,12)","","","","","","","","","",""
"16205126","0","26","50","","(31141057,12)","","","","","","","","","",""
"16205127","0","27","50","","(31141057,12)","","","","","","","","","",""
"16205128","0","28","50","","(31141057,12)","","","","","","","","","",""
"16205129","0","29","50","","(31141057,12)","","","","","","","","","",""
"16205130","0","30","50","","(31141058,6)","","","(5,0)","","","","","","",""
"16205131","0","31","50","","(31141058,6)","","","(5,0)","","","","","","",""
"16205132","0","32","50","","(31141058,6)","","","(5,0)","","","","","","",""
"16205133","0","33","50","","(31141058,6)","","","(5,0)","","","","","","",""
"16205134","0","34","50","","(31141058,6)","","","(5,0)","","","","","","",""
"16205135","0","35","50","","(31141058,6)","","","(5,0)","","","","","","",""
"16205136","0","36","50","","(31141058,6)","","","(5,0)","","","","","","",""
"16205137","0","37","50","","(31141058,6)","","","(5,0)","","","","","","",""
"16205138","0","38","50","","(31141058,6)","","","(5,0)","","","","","","",""
"16205139","0","39","50","","(31141058,6)","","","(5,0)","","","","","","",""
"16205140","0","40","50","","(31141058,6)","","","(5,0)","","","","","","",""
"16205141","0","41","50","","(31141058,6)","","","(5,0)","","","","","","",""
"16205142","0","42","50","","(31141058,6)","","","(5,0)","","","","","","",""
"16205143","0","43","50","","(31141058,6)","","","(5,0)","","","","","","",""
"16205144","0","44","50","","(31141058,6)","","","(5,0)","","","","","","",""
"16205145","0","45","50","","(31141058,6)","","","(5,0)","","","","","","",""
"16205146","0","46","50","","(31141058,6)","","","(5,0)","","","","","","",""
"16205147","0","47","50","","(31141058,6)","","","(5,0)","","","","","","",""
"16205148","0","48","50","","(31141058,6)","","","(5,0)","","","","","","",""
"16205149","0","49","50","","(31141058,6)","","","(5,0)","","","","","","",""
"16205150","0","50","50","","(31141058,6)","","","(5,0)","","","","","","",""
"16205201","1","1","50","","(31141057,13)","","","","","","","","","",""
"16205202","1","2","50","","(31141057,13)","","","","","","","","","",""
"16205203","1","3","50","","(31141057,13)","","","","","","","","","",""
"16205204","1","4","50","","(31141057,13)","","","","","","","","","",""
"16205205","1","5","50","","(31141057,13)","","","","","","","","","",""
"16205206","1","6","50","","(31141057,13)","","","","","","","","","",""
"16205207","1","7","50","","(31141057,13)","","","","","","","","","",""
"16205208","1","8","50","","(31141057,13)","","","","","","","","","",""
"16205209","1","9","50","","(31141057,13)","","","","","","","","","",""
"16205210","1","10","50","","(31141057,13)","","","","","","","","","",""
"16205211","1","11","50","","(31141057,13)","","","","","","","","","",""
"16205212","1","12","50","","(31141057,13)","","","","","","","","","",""
"16205213","1","13","50","","(31141057,13)","","","","","","","","","",""
"16205214","1","14","50","","(31141057,13)","","","","","","","","","",""
"16205215","1","15","50","","(31141057,13)","","","","","","","","","",""
"16205216","1","16","50","","(31141057,13)","","","","","","","","","",""
"16205217","1","17","50","","(31141057,13)","","","","","","","","","",""
"16205218","1","18","50","","(31141057,13)","","","","","","","","","",""
"16205219","1","19","50","","(31141057,13)","","","","","","","","","",""
"16205220","1","20","50","","(31141057,13)","","","","","","","","","",""
"16205221","1","21","50","","(31141057,13)","","","","","","","","","",""
"16205222","1","22","50","","(31141057,13)","","","","","","","","","",""
"16205223","1","23","50","","(31141057,13)","","","","","","","","","",""
"16205224","1","24","50","","(31141057,13)","","","","","","","","","",""
"16205225","1","25","50","","(31141057,13)","","","","","","","","","",""
"16205226","1","26","50","","(31141057,13)","","","","","","","","","",""
"16205227","1","27","50","","(31141057,13)","","","","","","","","","",""
"16205228","1","28","50","","(31141057,13)","","","","","","","","","",""
"16205229","1","29","50","","(31141057,13)","","","","","","","","","",""
"16205230","1","30","50","","(31141058,7)","","","(5,0)","","","","","","",""
"16205231","1","31","50","","(31141058,7)","","","(5,0)","","","","","","",""
"16205232","1","32","50","","(31141058,7)","","","(5,0)","","","","","","",""
"16205233","1","33","50","","(31141058,7)","","","(5,0)","","","","","","",""
"16205234","1","34","50","","(31141058,7)","","","(5,0)","","","","","","",""
"16205235","1","35","50","","(31141058,7)","","","(5,0)","","","","","","",""
"16205236","1","36","50","","(31141058,7)","","","(5,0)","","","","","","",""
"16205237","1","37","50","","(31141058,7)","","","(5,0)","","","","","","",""
"16205238","1","38","50","","(31141058,7)","","","(5,0)","","","","","","",""
"16205239","1","39","50","","(31141058,7)","","","(5,0)","","","","","","",""
"16205240","1","40","50","","(31141058,7)","","","(5,0)","","","","","","",""
"16205241","1","41","50","","(31141058,7)","","","(5,0)","","","","","","",""
"16205242","1","42","50","","(31141058,7)","","","(5,0)","","","","","","",""
"16205243","1","43","50","","(31141058,7)","","","(5,0)","","","","","","",""
"16205244","1","44","50","","(31141058,7)","","","(5,0)","","","","","","",""
"16205245","1","45","50","","(31141058,7)","","","(5,0)","","","","","","",""
"16205246","1","46","50","","(31141058,7)","","","(5,0)","","","","","","",""
"16205247","1","47","50","","(31141058,7)","","","(5,0)","","","","","","",""
"16205248","1","48","50","","(31141058,7)","","","(5,0)","","","","","","",""
"16205249","1","49","50","","(31141058,7)","","","(5,0)","","","","","","",""
"16205250","1","50","50","","(31141058,7)","","","(5,0)","","","","","","",""
"16205301","2","1","50","","(31141057,16)","","","","","","","","","",""
"16205302","2","2","50","","(31141057,16)","","","","","","","","","",""
"16205303","2","3","50","","(31141057,16)","","","","","","","","","",""
"16205304","2","4","50","","(31141057,16)","","","","","","","","","",""
"16205305","2","5","50","","(31141057,16)","","","","","","","","","",""
"16205306","2","6","50","","(31141057,16)","","","","","","","","","",""
"16205307","2","7","50","","(31141057,16)","","","","","","","","","",""
"16205308","2","8","50","","(31141057,16)","","","","","","","","","",""
"16205309","2","9","50","","(31141057,16)","","","","","","","","","",""
"16205310","2","10","50","","(31141057,16)","","","","","","","","","",""
"16205311","2","11","50","","(31141057,16)","","","","","","","","","",""
"16205312","2","12","50","","(31141057,16)","","","","","","","","","",""
"16205313","2","13","50","","(31141057,16)","","","","","","","","","",""
"16205314","2","14","50","","(31141057,16)","","","","","","","","","",""
"16205315","2","15","50","","(31141057,16)","","","","","","","","","",""
"16205316","2","16","50","","(31141057,16)","","","","","","","","","",""
"16205317","2","17","50","","(31141057,16)","","","","","","","","","",""
"16205318","2","18","50","","(31141057,16)","","","","","","","","","",""
"16205319","2","19","50","","(31141057,16)","","","","","","","","","",""
"16205320","2","20","50","","(31141057,16)","","","","","","","","","",""
"16205321","2","21","50","","(31141057,16)","","","","","","","","","",""
"16205322","2","22","50","","(31141057,16)","","","","","","","","","",""
"16205323","2","23","50","","(31141057,16)","","","","","","","","","",""
"16205324","2","24","50","","(31141057,16)","","","","","","","","","",""
"16205325","2","25","50","","(31141057,16)","","","","","","","","","",""
"16205326","2","26","50","","(31141057,16)","","","","","","","","","",""
"16205327","2","27","50","","(31141057,16)","","","","","","","","","",""
"16205328","2","28","50","","(31141057,16)","","","","","","","","","",""
"16205329","2","29","50","","(31141057,16)","","","","","","","","","",""
"16205330","2","30","50","","(31141058,8)","","","(5,0)","","","","","","",""
"16205331","2","31","50","","(31141058,8)","","","(5,0)","","","","","","",""
"16205332","2","32","50","","(31141058,8)","","","(5,0)","","","","","","",""
"16205333","2","33","50","","(31141058,8)","","","(5,0)","","","","","","",""
"16205334","2","34","50","","(31141058,8)","","","(5,0)","","","","","","",""
"16205335","2","35","50","","(31141058,8)","","","(5,0)","","","","","","",""
"16205336","2","36","50","","(31141058,8)","","","(5,0)","","","","","","",""
"16205337","2","37","50","","(31141058,8)","","","(5,0)","","","","","","",""
"16205338","2","38","50","","(31141058,8)","","","(5,0)","","","","","","",""
"16205339","2","39","50","","(31141058,8)","","","(5,0)","","","","","","",""
"16205340","2","40","50","","(31141058,8)","","","(5,0)","","","","","","",""
"16205341","2","41","50","","(31141058,8)","","","(5,0)","","","","","","",""
"16205342","2","42","50","","(31141058,8)","","","(5,0)","","","","","","",""
"16205343","2","43","50","","(31141058,8)","","","(5,0)","","","","","","",""
"16205344","2","44","50","","(31141058,8)","","","(5,0)","","","","","","",""
"16205345","2","45","50","","(31141058,8)","","","(5,0)","","","","","","",""
"16205346","2","46","50","","(31141058,8)","","","(5,0)","","","","","","",""
"16205347","2","47","50","","(31141058,8)","","","(5,0)","","","","","","",""
"16205348","2","48","50","","(31141058,8)","","","(5,0)","","","","","","",""
"16205349","2","49","50","","(31141058,8)","","","(5,0)","","","","","","",""
"16205350","2","50","50","","(31141058,8)","","","(5,0)","","","","","","",""
"16206101","0","1","50","","(31141057,12)","","","","","","","","","",""
"16206102","0","2","50","","(31141057,12)","","","","","","","","","",""
"16206103","0","3","50","","(31141057,12)","","","","","","","","","",""
"16206104","0","4","50","","(31141057,12)","","","","","","","","","",""
"16206105","0","5","50","","(31141057,12)","","","","","","","","","",""
"16206106","0","6","50","","(31141057,12)","","","","","","","","","",""
"16206107","0","7","50","","(31141057,12)","","","","","","","","","",""
"16206108","0","8","50","","(31141057,12)","","","","","","","","","",""
"16206109","0","9","50","","(31141057,12)","","","","","","","","","",""
"16206110","0","10","50","","(31141057,12)","","","","","","","","","",""
"16206111","0","11","50","","(31141057,12)","","","","","","","","","",""
"16206112","0","12","50","","(31141057,12)","","","","","","","","","",""
"16206113","0","13","50","","(31141057,12)","","","","","","","","","",""
"16206114","0","14","50","","(31141057,12)","","","","","","","","","",""
"16206115","0","15","50","","(31141057,12)","","","","","","","","","",""
"16206116","0","16","50","","(31141057,12)","","","","","","","","","",""
"16206117","0","17","50","","(31141057,12)","","","","","","","","","",""
"16206118","0","18","50","","(31141057,12)","","","","","","","","","",""
"16206119","0","19","50","","(31141057,12)","","","","","","","","","",""
"16206120","0","20","50","","(31141057,12)","","","","","","","","","",""
"16206121","0","21","50","","(31141057,12)","","","","","","","","","",""
"16206122","0","22","50","","(31141057,12)","","","","","","","","","",""
"16206123","0","23","50","","(31141057,12)","","","","","","","","","",""
"16206124","0","24","50","","(31141057,12)","","","","","","","","","",""
"16206125","0","25","50","","(31141057,12)","","","","","","","","","",""
"16206126","0","26","50","","(31141057,12)","","","","","","","","","",""
"16206127","0","27","50","","(31141057,12)","","","","","","","","","",""
"16206128","0","28","50","","(31141057,12)","","","","","","","","","",""
"16206129","0","29","50","","(31141057,12)","","","","","","","","","",""
"16206130","0","30","50","","(31141058,6)","","","(5,0)","","","","","","",""
"16206131","0","31","50","","(31141058,6)","","","(5,0)","","","","","","",""
"16206132","0","32","50","","(31141058,6)","","","(5,0)","","","","","","",""
"16206133","0","33","50","","(31141058,6)","","","(5,0)","","","","","","",""
"16206134","0","34","50","","(31141058,6)","","","(5,0)","","","","","","",""
"16206135","0","35","50","","(31141058,6)","","","(5,0)","","","","","","",""
"16206136","0","36","50","","(31141058,6)","","","(5,0)","","","","","","",""
"16206137","0","37","50","","(31141058,6)","","","(5,0)","","","","","","",""
"16206138","0","38","50","","(31141058,6)","","","(5,0)","","","","","","",""
"16206139","0","39","50","","(31141058,6)","","","(5,0)","","","","","","",""
"16206140","0","40","50","","(31141058,6)","","","(5,0)","","","","","","",""
"16206141","0","41","50","","(31141058,6)","","","(5,0)","","","","","","",""
"16206142","0","42","50","","(31141058,6)","","","(5,0)","","","","","","",""
"16206143","0","43","50","","(31141058,6)","","","(5,0)","","","","","","",""
"16206144","0","44","50","","(31141058,6)","","","(5,0)","","","","","","",""
"16206145","0","45","50","","(31141058,6)","","","(5,0)","","","","","","",""
"16206146","0","46","50","","(31141058,6)","","","(5,0)","","","","","","",""
"16206147","0","47","50","","(31141058,6)","","","(5,0)","","","","","","",""
"16206148","0","48","50","","(31141058,6)","","","(5,0)","","","","","","",""
"16206149","0","49","50","","(31141058,6)","","","(5,0)","","","","","","",""
"16206150","0","50","50","","(31141058,6)","","","(5,0)","","","","","","",""
"16206201","1","1","50","","(31141057,13)","","","","","","","","","",""
"16206202","1","2","50","","(31141057,13)","","","","","","","","","",""
"16206203","1","3","50","","(31141057,13)","","","","","","","","","",""
"16206204","1","4","50","","(31141057,13)","","","","","","","","","",""
"16206205","1","5","50","","(31141057,13)","","","","","","","","","",""
"16206206","1","6","50","","(31141057,13)","","","","","","","","","",""
"16206207","1","7","50","","(31141057,13)","","","","","","","","","",""
"16206208","1","8","50","","(31141057,13)","","","","","","","","","",""
"16206209","1","9","50","","(31141057,13)","","","","","","","","","",""
"16206210","1","10","50","","(31141057,13)","","","","","","","","","",""
"16206211","1","11","50","","(31141057,13)","","","","","","","","","",""
"16206212","1","12","50","","(31141057,13)","","","","","","","","","",""
"16206213","1","13","50","","(31141057,13)","","","","","","","","","",""
"16206214","1","14","50","","(31141057,13)","","","","","","","","","",""
"16206215","1","15","50","","(31141057,13)","","","","","","","","","",""
"16206216","1","16","50","","(31141057,13)","","","","","","","","","",""
"16206217","1","17","50","","(31141057,13)","","","","","","","","","",""
"16206218","1","18","50","","(31141057,13)","","","","","","","","","",""
"16206219","1","19","50","","(31141057,13)","","","","","","","","","",""
"16206220","1","20","50","","(31141057,13)","","","","","","","","","",""
"16206221","1","21","50","","(31141057,13)","","","","","","","","","",""
"16206222","1","22","50","","(31141057,13)","","","","","","","","","",""
"16206223","1","23","50","","(31141057,13)","","","","","","","","","",""
"16206224","1","24","50","","(31141057,13)","","","","","","","","","",""
"16206225","1","25","50","","(31141057,13)","","","","","","","","","",""
"16206226","1","26","50","","(31141057,13)","","","","","","","","","",""
"16206227","1","27","50","","(31141057,13)","","","","","","","","","",""
"16206228","1","28","50","","(31141057,13)","","","","","","","","","",""
"16206229","1","29","50","","(31141057,13)","","","","","","","","","",""
"16206230","1","30","50","","(31141058,7)","","","(5,0)","","","","","","",""
"16206231","1","31","50","","(31141058,7)","","","(5,0)","","","","","","",""
"16206232","1","32","50","","(31141058,7)","","","(5,0)","","","","","","",""
"16206233","1","33","50","","(31141058,7)","","","(5,0)","","","","","","",""
"16206234","1","34","50","","(31141058,7)","","","(5,0)","","","","","","",""
"16206235","1","35","50","","(31141058,7)","","","(5,0)","","","","","","",""
"16206236","1","36","50","","(31141058,7)","","","(5,0)","","","","","","",""
"16206237","1","37","50","","(31141058,7)","","","(5,0)","","","","","","",""
"16206238","1","38","50","","(31141058,7)","","","(5,0)","","","","","","",""
"16206239","1","39","50","","(31141058,7)","","","(5,0)","","","","","","",""
"16206240","1","40","50","","(31141058,7)","","","(5,0)","","","","","","",""
"16206241","1","41","50","","(31141058,7)","","","(5,0)","","","","","","",""
"16206242","1","42","50","","(31141058,7)","","","(5,0)","","","","","","",""
"16206243","1","43","50","","(31141058,7)","","","(5,0)","","","","","","",""
"16206244","1","44","50","","(31141058,7)","","","(5,0)","","","","","","",""
"16206245","1","45","50","","(31141058,7)","","","(5,0)","","","","","","",""
"16206246","1","46","50","","(31141058,7)","","","(5,0)","","","","","","",""
"16206247","1","47","50","","(31141058,7)","","","(5,0)","","","","","","",""
"16206248","1","48","50","","(31141058,7)","","","(5,0)","","","","","","",""
"16206249","1","49","50","","(31141058,7)","","","(5,0)","","","","","","",""
"16206250","1","50","50","","(31141058,7)","","","(5,0)","","","","","","",""
"16206301","2","1","50","","(31141057,16)","","","","","","","","","",""
"16206302","2","2","50","","(31141057,16)","","","","","","","","","",""
"16206303","2","3","50","","(31141057,16)","","","","","","","","","",""
"16206304","2","4","50","","(31141057,16)","","","","","","","","","",""
"16206305","2","5","50","","(31141057,16)","","","","","","","","","",""
"16206306","2","6","50","","(31141057,16)","","","","","","","","","",""
"16206307","2","7","50","","(31141057,16)","","","","","","","","","",""
"16206308","2","8","50","","(31141057,16)","","","","","","","","","",""
"16206309","2","9","50","","(31141057,16)","","","","","","","","","",""
"16206310","2","10","50","","(31141057,16)","","","","","","","","","",""
"16206311","2","11","50","","(31141057,16)","","","","","","","","","",""
"16206312","2","12","50","","(31141057,16)","","","","","","","","","",""
"16206313","2","13","50","","(31141057,16)","","","","","","","","","",""
"16206314","2","14","50","","(31141057,16)","","","","","","","","","",""
"16206315","2","15","50","","(31141057,16)","","","","","","","","","",""
"16206316","2","16","50","","(31141057,16)","","","","","","","","","",""
"16206317","2","17","50","","(31141057,16)","","","","","","","","","",""
"16206318","2","18","50","","(31141057,16)","","","","","","","","","",""
"16206319","2","19","50","","(31141057,16)","","","","","","","","","",""
"16206320","2","20","50","","(31141057,16)","","","","","","","","","",""
"16206321","2","21","50","","(31141057,16)","","","","","","","","","",""
"16206322","2","22","50","","(31141057,16)","","","","","","","","","",""
"16206323","2","23","50","","(31141057,16)","","","","","","","","","",""
"16206324","2","24","50","","(31141057,16)","","","","","","","","","",""
"16206325","2","25","50","","(31141057,16)","","","","","","","","","",""
"16206326","2","26","50","","(31141057,16)","","","","","","","","","",""
"16206327","2","27","50","","(31141057,16)","","","","","","","","","",""
"16206328","2","28","50","","(31141057,16)","","","","","","","","","",""
"16206329","2","29","50","","(31141057,16)","","","","","","","","","",""
"16206330","2","30","50","","(31141058,8)","","","(5,0)","","","","","","",""
"16206331","2","31","50","","(31141058,8)","","","(5,0)","","","","","","",""
"16206332","2","32","50","","(31141058,8)","","","(5,0)","","","","","","",""
"16206333","2","33","50","","(31141058,8)","","","(5,0)","","","","","","",""
"16206334","2","34","50","","(31141058,8)","","","(5,0)","","","","","","",""
"16206335","2","35","50","","(31141058,8)","","","(5,0)","","","","","","",""
"16206336","2","36","50","","(31141058,8)","","","(5,0)","","","","","","",""
"16206337","2","37","50","","(31141058,8)","","","(5,0)","","","","","","",""
"16206338","2","38","50","","(31141058,8)","","","(5,0)","","","","","","",""
"16206339","2","39","50","","(31141058,8)","","","(5,0)","","","","","","",""
"16206340","2","40","50","","(31141058,8)","","","(5,0)","","","","","","",""
"16206341","2","41","50","","(31141058,8)","","","(5,0)","","","","","","",""
"16206342","2","42","50","","(31141058,8)","","","(5,0)","","","","","","",""
"16206343","2","43","50","","(31141058,8)","","","(5,0)","","","","","","",""
"16206344","2","44","50","","(31141058,8)","","","(5,0)","","","","","","",""
"16206345","2","45","50","","(31141058,8)","","","(5,0)","","","","","","",""
"16206346","2","46","50","","(31141058,8)","","","(5,0)","","","","","","",""
"16206347","2","47","50","","(31141058,8)","","","(5,0)","","","","","","",""
"16206348","2","48","50","","(31141058,8)","","","(5,0)","","","","","","",""
"16206349","2","49","50","","(31141058,8)","","","(5,0)","","","","","","",""
"16206350","2","50","50","","(31141058,8)","","","(5,0)","","","","","","",""
"16207101","0","1","50","","(31141059,7)","","","","","","","","","",""
"16207102","0","2","50","","(31141059,7)","","","","","","","","","",""
"16207103","0","3","50","","(31141059,7)","","","","","","","","","",""
"16207104","0","4","50","","(31141059,7)","","","","","","","","","",""
"16207105","0","5","50","","(31141059,7)","","","","","","","","","",""
"16207106","0","6","50","","(31141059,7)","","","","","","","","","",""
"16207107","0","7","50","","(31141059,7)","","","","","","","","","",""
"16207108","0","8","50","","(31141059,7)","","","","","","","","","",""
"16207109","0","9","50","","(31141059,7)","","","","","","","","","",""
"16207110","0","10","50","","(31141059,7)","","","","","","","","","",""
"16207111","0","11","50","","(31141059,7)","","","","","","","","","",""
"16207112","0","12","50","","(31141059,7)","","","","","","","","","",""
"16207113","0","13","50","","(31141059,7)","","","","","","","","","",""
"16207114","0","14","50","","(31141059,7)","","","","","","","","","",""
"16207115","0","15","50","","(31141059,7)","","","","","","","","","",""
"16207116","0","16","50","","(31141059,7)","","","","","","","","","",""
"16207117","0","17","50","","(31141059,7)","","","","","","","","","",""
"16207118","0","18","50","","(31141059,7)","","","","","","","","","",""
"16207119","0","19","50","","(31141059,7)","","","","","","","","","",""
"16207120","0","20","50","","(31141059,7)","","","","","","","","","",""
"16207121","0","21","50","","(31141059,7)","","","","","","","","","",""
"16207122","0","22","50","","(31141059,7)","","","","","","","","","",""
"16207123","0","23","50","","(31141059,7)","","","","","","","","","",""
"16207124","0","24","50","","(31141059,7)","","","","","","","","","",""
"16207125","0","25","50","","(31141059,7)","","","","","","","","","",""
"16207126","0","26","50","","(31141059,7)","","","","","","","","","",""
"16207127","0","27","50","","(31141059,7)","","","","","","","","","",""
"16207128","0","28","50","","(31141059,7)","","","","","","","","","",""
"16207129","0","29","50","","(31141059,7)","","","","","","","","","",""
"16207130","0","30","50","","(31141060,4)","","","(5,0)","","","","","","",""
"16207131","0","31","50","","(31141060,4)","","","(5,0)","","","","","","",""
"16207132","0","32","50","","(31141060,4)","","","(5,0)","","","","","","",""
"16207133","0","33","50","","(31141060,4)","","","(5,0)","","","","","","",""
"16207134","0","34","50","","(31141060,4)","","","(5,0)","","","","","","",""
"16207135","0","35","50","","(31141060,4)","","","(5,0)","","","","","","",""
"16207136","0","36","50","","(31141060,4)","","","(5,0)","","","","","","",""
"16207137","0","37","50","","(31141060,4)","","","(5,0)","","","","","","",""
"16207138","0","38","50","","(31141060,4)","","","(5,0)","","","","","","",""
"16207139","0","39","50","","(31141060,4)","","","(5,0)","","","","","","",""
"16207140","0","40","50","","(31141060,4)","","","(5,0)","","","","","","",""
"16207141","0","41","50","","(31141060,4)","","","(5,0)","","","","","","",""
"16207142","0","42","50","","(31141060,4)","","","(5,0)","","","","","","",""
"16207143","0","43","50","","(31141060,4)","","","(5,0)","","","","","","",""
"16207144","0","44","50","","(31141060,4)","","","(5,0)","","","","","","",""
"16207145","0","45","50","","(31141060,4)","","","(5,0)","","","","","","",""
"16207146","0","46","50","","(31141060,4)","","","(5,0)","","","","","","",""
"16207147","0","47","50","","(31141060,4)","","","(5,0)","","","","","","",""
"16207148","0","48","50","","(31141060,4)","","","(5,0)","","","","","","",""
"16207149","0","49","50","","(31141060,4)","","","(5,0)","","","","","","",""
"16207150","0","50","50","","(31141060,4)","","","(5,0)","","","","","","",""
"16207201","1","1","50","","(31141059,8)","","","","","","","","","",""
"16207202","1","2","50","","(31141059,8)","","","","","","","","","",""
"16207203","1","3","50","","(31141059,8)","","","","","","","","","",""
"16207204","1","4","50","","(31141059,8)","","","","","","","","","",""
"16207205","1","5","50","","(31141059,8)","","","","","","","","","",""
"16207206","1","6","50","","(31141059,8)","","","","","","","","","",""
"16207207","1","7","50","","(31141059,8)","","","","","","","","","",""
"16207208","1","8","50","","(31141059,8)","","","","","","","","","",""
"16207209","1","9","50","","(31141059,8)","","","","","","","","","",""
"16207210","1","10","50","","(31141059,8)","","","","","","","","","",""
"16207211","1","11","50","","(31141059,8)","","","","","","","","","",""
"16207212","1","12","50","","(31141059,8)","","","","","","","","","",""
"16207213","1","13","50","","(31141059,8)","","","","","","","","","",""
"16207214","1","14","50","","(31141059,8)","","","","","","","","","",""
"16207215","1","15","50","","(31141059,8)","","","","","","","","","",""
"16207216","1","16","50","","(31141059,8)","","","","","","","","","",""
"16207217","1","17","50","","(31141059,8)","","","","","","","","","",""
"16207218","1","18","50","","(31141059,8)","","","","","","","","","",""
"16207219","1","19","50","","(31141059,8)","","","","","","","","","",""
"16207220","1","20","50","","(31141059,8)","","","","","","","","","",""
"16207221","1","21","50","","(31141059,8)","","","","","","","","","",""
"16207222","1","22","50","","(31141059,8)","","","","","","","","","",""
"16207223","1","23","50","","(31141059,8)","","","","","","","","","",""
"16207224","1","24","50","","(31141059,8)","","","","","","","","","",""
"16207225","1","25","50","","(31141059,8)","","","","","","","","","",""
"16207226","1","26","50","","(31141059,8)","","","","","","","","","",""
"16207227","1","27","50","","(31141059,8)","","","","","","","","","",""
"16207228","1","28","50","","(31141059,8)","","","","","","","","","",""
"16207229","1","29","50","","(31141059,8)","","","","","","","","","",""
"16207230","1","30","50","","(31141060,4)","","","(5,0)","","","","","","",""
"16207231","1","31","50","","(31141060,4)","","","(5,0)","","","","","","",""
"16207232","1","32","50","","(31141060,4)","","","(5,0)","","","","","","",""
"16207233","1","33","50","","(31141060,4)","","","(5,0)","","","","","","",""
"16207234","1","34","50","","(31141060,4)","","","(5,0)","","","","","","",""
"16207235","1","35","50","","(31141060,4)","","","(5,0)","","","","","","",""
"16207236","1","36","50","","(31141060,4)","","","(5,0)","","","","","","",""
"16207237","1","37","50","","(31141060,4)","","","(5,0)","","","","","","",""
"16207238","1","38","50","","(31141060,4)","","","(5,0)","","","","","","",""
"16207239","1","39","50","","(31141060,4)","","","(5,0)","","","","","","",""
"16207240","1","40","50","","(31141060,4)","","","(5,0)","","","","","","",""
"16207241","1","41","50","","(31141060,4)","","","(5,0)","","","","","","",""
"16207242","1","42","50","","(31141060,4)","","","(5,0)","","","","","","",""
"16207243","1","43","50","","(31141060,4)","","","(5,0)","","","","","","",""
"16207244","1","44","50","","(31141060,4)","","","(5,0)","","","","","","",""
"16207245","1","45","50","","(31141060,4)","","","(5,0)","","","","","","",""
"16207246","1","46","50","","(31141060,4)","","","(5,0)","","","","","","",""
"16207247","1","47","50","","(31141060,4)","","","(5,0)","","","","","","",""
"16207248","1","48","50","","(31141060,4)","","","(5,0)","","","","","","",""
"16207249","1","49","50","","(31141060,4)","","","(5,0)","","","","","","",""
"16207250","1","50","50","","(31141060,4)","","","(5,0)","","","","","","",""
"16207301","2","1","50","","(31141059,10)","","","","","","","","","",""
"16207302","2","2","50","","(31141059,10)","","","","","","","","","",""
"16207303","2","3","50","","(31141059,10)","","","","","","","","","",""
"16207304","2","4","50","","(31141059,10)","","","","","","","","","",""
"16207305","2","5","50","","(31141059,10)","","","","","","","","","",""
"16207306","2","6","50","","(31141059,10)","","","","","","","","","",""
"16207307","2","7","50","","(31141059,10)","","","","","","","","","",""
"16207308","2","8","50","","(31141059,10)","","","","","","","","","",""
"16207309","2","9","50","","(31141059,10)","","","","","","","","","",""
"16207310","2","10","50","","(31141059,10)","","","","","","","","","",""
"16207311","2","11","50","","(31141059,10)","","","","","","","","","",""
"16207312","2","12","50","","(31141059,10)","","","","","","","","","",""
"16207313","2","13","50","","(31141059,10)","","","","","","","","","",""
"16207314","2","14","50","","(31141059,10)","","","","","","","","","",""
"16207315","2","15","50","","(31141059,10)","","","","","","","","","",""
"16207316","2","16","50","","(31141059,10)","","","","","","","","","",""
"16207317","2","17","50","","(31141059,10)","","","","","","","","","",""
"16207318","2","18","50","","(31141059,10)","","","","","","","","","",""
"16207319","2","19","50","","(31141059,10)","","","","","","","","","",""
"16207320","2","20","50","","(31141059,10)","","","","","","","","","",""
"16207321","2","21","50","","(31141059,10)","","","","","","","","","",""
"16207322","2","22","50","","(31141059,10)","","","","","","","","","",""
"16207323","2","23","50","","(31141059,10)","","","","","","","","","",""
"16207324","2","24","50","","(31141059,10)","","","","","","","","","",""
"16207325","2","25","50","","(31141059,10)","","","","","","","","","",""
"16207326","2","26","50","","(31141059,10)","","","","","","","","","",""
"16207327","2","27","50","","(31141059,10)","","","","","","","","","",""
"16207328","2","28","50","","(31141059,10)","","","","","","","","","",""
"16207329","2","29","50","","(31141059,10)","","","","","","","","","",""
"16207330","2","30","50","","(31141060,5)","","","(5,0)","","","","","","",""
"16207331","2","31","50","","(31141060,5)","","","(5,0)","","","","","","",""
"16207332","2","32","50","","(31141060,5)","","","(5,0)","","","","","","",""
"16207333","2","33","50","","(31141060,5)","","","(5,0)","","","","","","",""
"16207334","2","34","50","","(31141060,5)","","","(5,0)","","","","","","",""
"16207335","2","35","50","","(31141060,5)","","","(5,0)","","","","","","",""
"16207336","2","36","50","","(31141060,5)","","","(5,0)","","","","","","",""
"16207337","2","37","50","","(31141060,5)","","","(5,0)","","","","","","",""
"16207338","2","38","50","","(31141060,5)","","","(5,0)","","","","","","",""
"16207339","2","39","50","","(31141060,5)","","","(5,0)","","","","","","",""
"16207340","2","40","50","","(31141060,5)","","","(5,0)","","","","","","",""
"16207341","2","41","50","","(31141060,5)","","","(5,0)","","","","","","",""
"16207342","2","42","50","","(31141060,5)","","","(5,0)","","","","","","",""
"16207343","2","43","50","","(31141060,5)","","","(5,0)","","","","","","",""
"16207344","2","44","50","","(31141060,5)","","","(5,0)","","","","","","",""
"16207345","2","45","50","","(31141060,5)","","","(5,0)","","","","","","",""
"16207346","2","46","50","","(31141060,5)","","","(5,0)","","","","","","",""
"16207347","2","47","50","","(31141060,5)","","","(5,0)","","","","","","",""
"16207348","2","48","50","","(31141060,5)","","","(5,0)","","","","","","",""
"16207349","2","49","50","","(31141060,5)","","","(5,0)","","","","","","",""
"16207350","2","50","50","","(31141060,5)","","","(5,0)","","","","","","",""
"16208101","0","1","50","","(31141059,8)","","","","","","","","","",""
"16208102","0","2","50","","(31141059,8)","","","","","","","","","",""
"16208103","0","3","50","","(31141059,8)","","","","","","","","","",""
"16208104","0","4","50","","(31141059,8)","","","","","","","","","",""
"16208105","0","5","50","","(31141059,8)","","","","","","","","","",""
"16208106","0","6","50","","(31141059,8)","","","","","","","","","",""
"16208107","0","7","50","","(31141059,8)","","","","","","","","","",""
"16208108","0","8","50","","(31141059,8)","","","","","","","","","",""
"16208109","0","9","50","","(31141059,8)","","","","","","","","","",""
"16208110","0","10","50","","(31141059,8)","","","","","","","","","",""
"16208111","0","11","50","","(31141059,8)","","","","","","","","","",""
"16208112","0","12","50","","(31141059,8)","","","","","","","","","",""
"16208113","0","13","50","","(31141059,8)","","","","","","","","","",""
"16208114","0","14","50","","(31141059,8)","","","","","","","","","",""
"16208115","0","15","50","","(31141059,8)","","","","","","","","","",""
"16208116","0","16","50","","(31141059,8)","","","","","","","","","",""
"16208117","0","17","50","","(31141059,8)","","","","","","","","","",""
"16208118","0","18","50","","(31141059,8)","","","","","","","","","",""
"16208119","0","19","50","","(31141059,8)","","","","","","","","","",""
"16208120","0","20","50","","(31141059,8)","","","","","","","","","",""
"16208121","0","21","50","","(31141059,8)","","","","","","","","","",""
"16208122","0","22","50","","(31141059,8)","","","","","","","","","",""
"16208123","0","23","50","","(31141059,8)","","","","","","","","","",""
"16208124","0","24","50","","(31141059,8)","","","","","","","","","",""
"16208125","0","25","50","","(31141059,8)","","","","","","","","","",""
"16208126","0","26","50","","(31141059,8)","","","","","","","","","",""
"16208127","0","27","50","","(31141059,8)","","","","","","","","","",""
"16208128","0","28","50","","(31141059,8)","","","","","","","","","",""
"16208129","0","29","50","","(31141059,8)","","","","","","","","","",""
"16208130","0","30","50","","(31141060,4)","","","(5,0)","","","","","","",""
"16208131","0","31","50","","(31141060,4)","","","(5,0)","","","","","","",""
"16208132","0","32","50","","(31141060,4)","","","(5,0)","","","","","","",""
"16208133","0","33","50","","(31141060,4)","","","(5,0)","","","","","","",""
"16208134","0","34","50","","(31141060,4)","","","(5,0)","","","","","","",""
"16208135","0","35","50","","(31141060,4)","","","(5,0)","","","","","","",""
"16208136","0","36","50","","(31141060,4)","","","(5,0)","","","","","","",""
"16208137","0","37","50","","(31141060,4)","","","(5,0)","","","","","","",""
"16208138","0","38","50","","(31141060,4)","","","(5,0)","","","","","","",""
"16208139","0","39","50","","(31141060,4)","","","(5,0)","","","","","","",""
"16208140","0","40","50","","(31141060,4)","","","(5,0)","","","","","","",""
"16208141","0","41","50","","(31141060,4)","","","(5,0)","","","","","","",""
"16208142","0","42","50","","(31141060,4)","","","(5,0)","","","","","","",""
"16208143","0","43","50","","(31141060,4)","","","(5,0)","","","","","","",""
"16208144","0","44","50","","(31141060,4)","","","(5,0)","","","","","","",""
"16208145","0","45","50","","(31141060,4)","","","(5,0)","","","","","","",""
"16208146","0","46","50","","(31141060,4)","","","(5,0)","","","","","","",""
"16208147","0","47","50","","(31141060,4)","","","(5,0)","","","","","","",""
"16208148","0","48","50","","(31141060,4)","","","(5,0)","","","","","","",""
"16208149","0","49","50","","(31141060,4)","","","(5,0)","","","","","","",""
"16208150","0","50","50","","(31141060,4)","","","(5,0)","","","","","","",""
"16208201","1","1","50","","(31141059,9)","","","","","","","","","",""
"16208202","1","2","50","","(31141059,9)","","","","","","","","","",""
"16208203","1","3","50","","(31141059,9)","","","","","","","","","",""
"16208204","1","4","50","","(31141059,9)","","","","","","","","","",""
"16208205","1","5","50","","(31141059,9)","","","","","","","","","",""
"16208206","1","6","50","","(31141059,9)","","","","","","","","","",""
"16208207","1","7","50","","(31141059,9)","","","","","","","","","",""
"16208208","1","8","50","","(31141059,9)","","","","","","","","","",""
"16208209","1","9","50","","(31141059,9)","","","","","","","","","",""
"16208210","1","10","50","","(31141059,9)","","","","","","","","","",""
"16208211","1","11","50","","(31141059,9)","","","","","","","","","",""
"16208212","1","12","50","","(31141059,9)","","","","","","","","","",""
"16208213","1","13","50","","(31141059,9)","","","","","","","","","",""
"16208214","1","14","50","","(31141059,9)","","","","","","","","","",""
"16208215","1","15","50","","(31141059,9)","","","","","","","","","",""
"16208216","1","16","50","","(31141059,9)","","","","","","","","","",""
"16208217","1","17","50","","(31141059,9)","","","","","","","","","",""
"16208218","1","18","50","","(31141059,9)","","","","","","","","","",""
"16208219","1","19","50","","(31141059,9)","","","","","","","","","",""
"16208220","1","20","50","","(31141059,9)","","","","","","","","","",""
"16208221","1","21","50","","(31141059,9)","","","","","","","","","",""
"16208222","1","22","50","","(31141059,9)","","","","","","","","","",""
"16208223","1","23","50","","(31141059,9)","","","","","","","","","",""
"16208224","1","24","50","","(31141059,9)","","","","","","","","","",""
"16208225","1","25","50","","(31141059,9)","","","","","","","","","",""
"16208226","1","26","50","","(31141059,9)","","","","","","","","","",""
"16208227","1","27","50","","(31141059,9)","","","","","","","","","",""
"16208228","1","28","50","","(31141059,9)","","","","","","","","","",""
"16208229","1","29","50","","(31141059,9)","","","","","","","","","",""
"16208230","1","30","50","","(31141060,5)","","","(5,0)","","","","","","",""
"16208231","1","31","50","","(31141060,5)","","","(5,0)","","","","","","",""
"16208232","1","32","50","","(31141060,5)","","","(5,0)","","","","","","",""
"16208233","1","33","50","","(31141060,5)","","","(5,0)","","","","","","",""
"16208234","1","34","50","","(31141060,5)","","","(5,0)","","","","","","",""
"16208235","1","35","50","","(31141060,5)","","","(5,0)","","","","","","",""
"16208236","1","36","50","","(31141060,5)","","","(5,0)","","","","","","",""
"16208237","1","37","50","","(31141060,5)","","","(5,0)","","","","","","",""
"16208238","1","38","50","","(31141060,5)","","","(5,0)","","","","","","",""
"16208239","1","39","50","","(31141060,5)","","","(5,0)","","","","","","",""
"16208240","1","40","50","","(31141060,5)","","","(5,0)","","","","","","",""
"16208241","1","41","50","","(31141060,5)","","","(5,0)","","","","","","",""
"16208242","1","42","50","","(31141060,5)","","","(5,0)","","","","","","",""
"16208243","1","43","50","","(31141060,5)","","","(5,0)","","","","","","",""
"16208244","1","44","50","","(31141060,5)","","","(5,0)","","","","","","",""
"16208245","1","45","50","","(31141060,5)","","","(5,0)","","","","","","",""
"16208246","1","46","50","","(31141060,5)","","","(5,0)","","","","","","",""
"16208247","1","47","50","","(31141060,5)","","","(5,0)","","","","","","",""
"16208248","1","48","50","","(31141060,5)","","","(5,0)","","","","","","",""
"16208249","1","49","50","","(31141060,5)","","","(5,0)","","","","","","",""
"16208250","1","50","50","","(31141060,5)","","","(5,0)","","","","","","",""
"16208301","2","1","50","","(31141059,11)","","","","","","","","","",""
"16208302","2","2","50","","(31141059,11)","","","","","","","","","",""
"16208303","2","3","50","","(31141059,11)","","","","","","","","","",""
"16208304","2","4","50","","(31141059,11)","","","","","","","","","",""
"16208305","2","5","50","","(31141059,11)","","","","","","","","","",""
"16208306","2","6","50","","(31141059,11)","","","","","","","","","",""
"16208307","2","7","50","","(31141059,11)","","","","","","","","","",""
"16208308","2","8","50","","(31141059,11)","","","","","","","","","",""
"16208309","2","9","50","","(31141059,11)","","","","","","","","","",""
"16208310","2","10","50","","(31141059,11)","","","","","","","","","",""
"16208311","2","11","50","","(31141059,11)","","","","","","","","","",""
"16208312","2","12","50","","(31141059,11)","","","","","","","","","",""
"16208313","2","13","50","","(31141059,11)","","","","","","","","","",""
"16208314","2","14","50","","(31141059,11)","","","","","","","","","",""
"16208315","2","15","50","","(31141059,11)","","","","","","","","","",""
"16208316","2","16","50","","(31141059,11)","","","","","","","","","",""
"16208317","2","17","50","","(31141059,11)","","","","","","","","","",""
"16208318","2","18","50","","(31141059,11)","","","","","","","","","",""
"16208319","2","19","50","","(31141059,11)","","","","","","","","","",""
"16208320","2","20","50","","(31141059,11)","","","","","","","","","",""
"16208321","2","21","50","","(31141059,11)","","","","","","","","","",""
"16208322","2","22","50","","(31141059,11)","","","","","","","","","",""
"16208323","2","23","50","","(31141059,11)","","","","","","","","","",""
"16208324","2","24","50","","(31141059,11)","","","","","","","","","",""
"16208325","2","25","50","","(31141059,11)","","","","","","","","","",""
"16208326","2","26","50","","(31141059,11)","","","","","","","","","",""
"16208327","2","27","50","","(31141059,11)","","","","","","","","","",""
"16208328","2","28","50","","(31141059,11)","","","","","","","","","",""
"16208329","2","29","50","","(31141059,11)","","","","","","","","","",""
"16208330","2","30","50","","(31141060,6)","","","(5,0)","","","","","","",""
"16208331","2","31","50","","(31141060,6)","","","(5,0)","","","","","","",""
"16208332","2","32","50","","(31141060,6)","","","(5,0)","","","","","","",""
"16208333","2","33","50","","(31141060,6)","","","(5,0)","","","","","","",""
"16208334","2","34","50","","(31141060,6)","","","(5,0)","","","","","","",""
"16208335","2","35","50","","(31141060,6)","","","(5,0)","","","","","","",""
"16208336","2","36","50","","(31141060,6)","","","(5,0)","","","","","","",""
"16208337","2","37","50","","(31141060,6)","","","(5,0)","","","","","","",""
"16208338","2","38","50","","(31141060,6)","","","(5,0)","","","","","","",""
"16208339","2","39","50","","(31141060,6)","","","(5,0)","","","","","","",""
"16208340","2","40","50","","(31141060,6)","","","(5,0)","","","","","","",""
"16208341","2","41","50","","(31141060,6)","","","(5,0)","","","","","","",""
"16208342","2","42","50","","(31141060,6)","","","(5,0)","","","","","","",""
"16208343","2","43","50","","(31141060,6)","","","(5,0)","","","","","","",""
"16208344","2","44","50","","(31141060,6)","","","(5,0)","","","","","","",""
"16208345","2","45","50","","(31141060,6)","","","(5,0)","","","","","","",""
"16208346","2","46","50","","(31141060,6)","","","(5,0)","","","","","","",""
"16208347","2","47","50","","(31141060,6)","","","(5,0)","","","","","","",""
"16208348","2","48","50","","(31141060,6)","","","(5,0)","","","","","","",""
"16208349","2","49","50","","(31141060,6)","","","(5,0)","","","","","","",""
"16208350","2","50","50","","(31141060,6)","","","(5,0)","","","","","","",""
"16209101","0","1","50","","(31141059,9)","","","","","","","","","",""
"16209102","0","2","50","","(31141059,9)","","","","","","","","","",""
"16209103","0","3","50","","(31141059,9)","","","","","","","","","",""
"16209104","0","4","50","","(31141059,9)","","","","","","","","","",""
"16209105","0","5","50","","(31141059,9)","","","","","","","","","",""
"16209106","0","6","50","","(31141059,9)","","","","","","","","","",""
"16209107","0","7","50","","(31141059,9)","","","","","","","","","",""
"16209108","0","8","50","","(31141059,9)","","","","","","","","","",""
"16209109","0","9","50","","(31141059,9)","","","","","","","","","",""
"16209110","0","10","50","","(31141059,9)","","","","","","","","","",""
"16209111","0","11","50","","(31141059,9)","","","","","","","","","",""
"16209112","0","12","50","","(31141059,9)","","","","","","","","","",""
"16209113","0","13","50","","(31141059,9)","","","","","","","","","",""
"16209114","0","14","50","","(31141059,9)","","","","","","","","","",""
"16209115","0","15","50","","(31141059,9)","","","","","","","","","",""
"16209116","0","16","50","","(31141059,9)","","","","","","","","","",""
"16209117","0","17","50","","(31141059,9)","","","","","","","","","",""
"16209118","0","18","50","","(31141059,9)","","","","","","","","","",""
"16209119","0","19","50","","(31141059,9)","","","","","","","","","",""
"16209120","0","20","50","","(31141059,9)","","","","","","","","","",""
"16209121","0","21","50","","(31141059,9)","","","","","","","","","",""
"16209122","0","22","50","","(31141059,9)","","","","","","","","","",""
"16209123","0","23","50","","(31141059,9)","","","","","","","","","",""
"16209124","0","24","50","","(31141059,9)","","","","","","","","","",""
"16209125","0","25","50","","(31141059,9)","","","","","","","","","",""
"16209126","0","26","50","","(31141059,9)","","","","","","","","","",""
"16209127","0","27","50","","(31141059,9)","","","","","","","","","",""
"16209128","0","28","50","","(31141059,9)","","","","","","","","","",""
"16209129","0","29","50","","(31141059,9)","","","","","","","","","",""
"16209130","0","30","50","","(31141060,5)","","","(5,0)","","","","","","",""
"16209131","0","31","50","","(31141060,5)","","","(5,0)","","","","","","",""
"16209132","0","32","50","","(31141060,5)","","","(5,0)","","","","","","",""
"16209133","0","33","50","","(31141060,5)","","","(5,0)","","","","","","",""
"16209134","0","34","50","","(31141060,5)","","","(5,0)","","","","","","",""
"16209135","0","35","50","","(31141060,5)","","","(5,0)","","","","","","",""
"16209136","0","36","50","","(31141060,5)","","","(5,0)","","","","","","",""
"16209137","0","37","50","","(31141060,5)","","","(5,0)","","","","","","",""
"16209138","0","38","50","","(31141060,5)","","","(5,0)","","","","","","",""
"16209139","0","39","50","","(31141060,5)","","","(5,0)","","","","","","",""
"16209140","0","40","50","","(31141060,5)","","","(5,0)","","","","","","",""
"16209141","0","41","50","","(31141060,5)","","","(5,0)","","","","","","",""
"16209142","0","42","50","","(31141060,5)","","","(5,0)","","","","","","",""
"16209143","0","43","50","","(31141060,5)","","","(5,0)","","","","","","",""
"16209144","0","44","50","","(31141060,5)","","","(5,0)","","","","","","",""
"16209145","0","45","50","","(31141060,5)","","","(5,0)","","","","","","",""
"16209146","0","46","50","","(31141060,5)","","","(5,0)","","","","","","",""
"16209147","0","47","50","","(31141060,5)","","","(5,0)","","","","","","",""
"16209148","0","48","50","","(31141060,5)","","","(5,0)","","","","","","",""
"16209149","0","49","50","","(31141060,5)","","","(5,0)","","","","","","",""
"16209150","0","50","50","","(31141060,5)","","","(5,0)","","","","","","",""
"16209201","1","1","50","","(31141059,10)","","","","","","","","","",""
"16209202","1","2","50","","(31141059,10)","","","","","","","","","",""
"16209203","1","3","50","","(31141059,10)","","","","","","","","","",""
"16209204","1","4","50","","(31141059,10)","","","","","","","","","",""
"16209205","1","5","50","","(31141059,10)","","","","","","","","","",""
"16209206","1","6","50","","(31141059,10)","","","","","","","","","",""
"16209207","1","7","50","","(31141059,10)","","","","","","","","","",""
"16209208","1","8","50","","(31141059,10)","","","","","","","","","",""
"16209209","1","9","50","","(31141059,10)","","","","","","","","","",""
"16209210","1","10","50","","(31141059,10)","","","","","","","","","",""
"16209211","1","11","50","","(31141059,10)","","","","","","","","","",""
"16209212","1","12","50","","(31141059,10)","","","","","","","","","",""
"16209213","1","13","50","","(31141059,10)","","","","","","","","","",""
"16209214","1","14","50","","(31141059,10)","","","","","","","","","",""
"16209215","1","15","50","","(31141059,10)","","","","","","","","","",""
"16209216","1","16","50","","(31141059,10)","","","","","","","","","",""
"16209217","1","17","50","","(31141059,10)","","","","","","","","","",""
"16209218","1","18","50","","(31141059,10)","","","","","","","","","",""
"16209219","1","19","50","","(31141059,10)","","","","","","","","","",""
"16209220","1","20","50","","(31141059,10)","","","","","","","","","",""
"16209221","1","21","50","","(31141059,10)","","","","","","","","","",""
"16209222","1","22","50","","(31141059,10)","","","","","","","","","",""
"16209223","1","23","50","","(31141059,10)","","","","","","","","","",""
"16209224","1","24","50","","(31141059,10)","","","","","","","","","",""
"16209225","1","25","50","","(31141059,10)","","","","","","","","","",""
"16209226","1","26","50","","(31141059,10)","","","","","","","","","",""
"16209227","1","27","50","","(31141059,10)","","","","","","","","","",""
"16209228","1","28","50","","(31141059,10)","","","","","","","","","",""
"16209229","1","29","50","","(31141059,10)","","","","","","","","","",""
"16209230","1","30","50","","(31141060,5)","","","(5,0)","","","","","","",""
"16209231","1","31","50","","(31141060,5)","","","(5,0)","","","","","","",""
"16209232","1","32","50","","(31141060,5)","","","(5,0)","","","","","","",""
"16209233","1","33","50","","(31141060,5)","","","(5,0)","","","","","","",""
"16209234","1","34","50","","(31141060,5)","","","(5,0)","","","","","","",""
"16209235","1","35","50","","(31141060,5)","","","(5,0)","","","","","","",""
"16209236","1","36","50","","(31141060,5)","","","(5,0)","","","","","","",""
"16209237","1","37","50","","(31141060,5)","","","(5,0)","","","","","","",""
"16209238","1","38","50","","(31141060,5)","","","(5,0)","","","","","","",""
"16209239","1","39","50","","(31141060,5)","","","(5,0)","","","","","","",""
"16209240","1","40","50","","(31141060,5)","","","(5,0)","","","","","","",""
"16209241","1","41","50","","(31141060,5)","","","(5,0)","","","","","","",""
"16209242","1","42","50","","(31141060,5)","","","(5,0)","","","","","","",""
"16209243","1","43","50","","(31141060,5)","","","(5,0)","","","","","","",""
"16209244","1","44","50","","(31141060,5)","","","(5,0)","","","","","","",""
"16209245","1","45","50","","(31141060,5)","","","(5,0)","","","","","","",""
"16209246","1","46","50","","(31141060,5)","","","(5,0)","","","","","","",""
"16209247","1","47","50","","(31141060,5)","","","(5,0)","","","","","","",""
"16209248","1","48","50","","(31141060,5)","","","(5,0)","","","","","","",""
"16209249","1","49","50","","(31141060,5)","","","(5,0)","","","","","","",""
"16209250","1","50","50","","(31141060,5)","","","(5,0)","","","","","","",""
"16209301","2","1","50","","(31141059,12)","","","","","","","","","",""
"16209302","2","2","50","","(31141059,12)","","","","","","","","","",""
"16209303","2","3","50","","(31141059,12)","","","","","","","","","",""
"16209304","2","4","50","","(31141059,12)","","","","","","","","","",""
"16209305","2","5","50","","(31141059,12)","","","","","","","","","",""
"16209306","2","6","50","","(31141059,12)","","","","","","","","","",""
"16209307","2","7","50","","(31141059,12)","","","","","","","","","",""
"16209308","2","8","50","","(31141059,12)","","","","","","","","","",""
"16209309","2","9","50","","(31141059,12)","","","","","","","","","",""
"16209310","2","10","50","","(31141059,12)","","","","","","","","","",""
"16209311","2","11","50","","(31141059,12)","","","","","","","","","",""
"16209312","2","12","50","","(31141059,12)","","","","","","","","","",""
"16209313","2","13","50","","(31141059,12)","","","","","","","","","",""
"16209314","2","14","50","","(31141059,12)","","","","","","","","","",""
"16209315","2","15","50","","(31141059,12)","","","","","","","","","",""
"16209316","2","16","50","","(31141059,12)","","","","","","","","","",""
"16209317","2","17","50","","(31141059,12)","","","","","","","","","",""
"16209318","2","18","50","","(31141059,12)","","","","","","","","","",""
"16209319","2","19","50","","(31141059,12)","","","","","","","","","",""
"16209320","2","20","50","","(31141059,12)","","","","","","","","","",""
"16209321","2","21","50","","(31141059,12)","","","","","","","","","",""
"16209322","2","22","50","","(31141059,12)","","","","","","","","","",""
"16209323","2","23","50","","(31141059,12)","","","","","","","","","",""
"16209324","2","24","50","","(31141059,12)","","","","","","","","","",""
"16209325","2","25","50","","(31141059,12)","","","","","","","","","",""
"16209326","2","26","50","","(31141059,12)","","","","","","","","","",""
"16209327","2","27","50","","(31141059,12)","","","","","","","","","",""
"16209328","2","28","50","","(31141059,12)","","","","","","","","","",""
"16209329","2","29","50","","(31141059,12)","","","","","","","","","",""
"16209330","2","30","50","","(31141060,6)","","","(5,0)","","","","","","",""
"16209331","2","31","50","","(31141060,6)","","","(5,0)","","","","","","",""
"16209332","2","32","50","","(31141060,6)","","","(5,0)","","","","","","",""
"16209333","2","33","50","","(31141060,6)","","","(5,0)","","","","","","",""
"16209334","2","34","50","","(31141060,6)","","","(5,0)","","","","","","",""
"16209335","2","35","50","","(31141060,6)","","","(5,0)","","","","","","",""
"16209336","2","36","50","","(31141060,6)","","","(5,0)","","","","","","",""
"16209337","2","37","50","","(31141060,6)","","","(5,0)","","","","","","",""
"16209338","2","38","50","","(31141060,6)","","","(5,0)","","","","","","",""
"16209339","2","39","50","","(31141060,6)","","","(5,0)","","","","","","",""
"16209340","2","40","50","","(31141060,6)","","","(5,0)","","","","","","",""
"16209341","2","41","50","","(31141060,6)","","","(5,0)","","","","","","",""
"16209342","2","42","50","","(31141060,6)","","","(5,0)","","","","","","",""
"16209343","2","43","50","","(31141060,6)","","","(5,0)","","","","","","",""
"16209344","2","44","50","","(31141060,6)","","","(5,0)","","","","","","",""
"16209345","2","45","50","","(31141060,6)","","","(5,0)","","","","","","",""
"16209346","2","46","50","","(31141060,6)","","","(5,0)","","","","","","",""
"16209347","2","47","50","","(31141060,6)","","","(5,0)","","","","","","",""
"16209348","2","48","50","","(31141060,6)","","","(5,0)","","","","","","",""
"16209349","2","49","50","","(31141060,6)","","","(5,0)","","","","","","",""
"16209350","2","50","50","","(31141060,6)","","","(5,0)","","","","","","",""
"16210101","0","1","50","","(31141059,10)","","","","","","","","","",""
"16210102","0","2","50","","(31141059,10)","","","","","","","","","",""
"16210103","0","3","50","","(31141059,10)","","","","","","","","","",""
"16210104","0","4","50","","(31141059,10)","","","","","","","","","",""
"16210105","0","5","50","","(31141059,10)","","","","","","","","","",""
"16210106","0","6","50","","(31141059,10)","","","","","","","","","",""
"16210107","0","7","50","","(31141059,10)","","","","","","","","","",""
"16210108","0","8","50","","(31141059,10)","","","","","","","","","",""
"16210109","0","9","50","","(31141059,10)","","","","","","","","","",""
"16210110","0","10","50","","(31141059,10)","","","","","","","","","",""
"16210111","0","11","50","","(31141059,10)","","","","","","","","","",""
"16210112","0","12","50","","(31141059,10)","","","","","","","","","",""
"16210113","0","13","50","","(31141059,10)","","","","","","","","","",""
"16210114","0","14","50","","(31141059,10)","","","","","","","","","",""
"16210115","0","15","50","","(31141059,10)","","","","","","","","","",""
"16210116","0","16","50","","(31141059,10)","","","","","","","","","",""
"16210117","0","17","50","","(31141059,10)","","","","","","","","","",""
"16210118","0","18","50","","(31141059,10)","","","","","","","","","",""
"16210119","0","19","50","","(31141059,10)","","","","","","","","","",""
"16210120","0","20","50","","(31141059,10)","","","","","","","","","",""
"16210121","0","21","50","","(31141059,10)","","","","","","","","","",""
"16210122","0","22","50","","(31141059,10)","","","","","","","","","",""
"16210123","0","23","50","","(31141059,10)","","","","","","","","","",""
"16210124","0","24","50","","(31141059,10)","","","","","","","","","",""
"16210125","0","25","50","","(31141059,10)","","","","","","","","","",""
"16210126","0","26","50","","(31141059,10)","","","","","","","","","",""
"16210127","0","27","50","","(31141059,10)","","","","","","","","","",""
"16210128","0","28","50","","(31141059,10)","","","","","","","","","",""
"16210129","0","29","50","","(31141059,10)","","","","","","","","","",""
"16210130","0","30","50","","(31141060,5)","","","(5,0)","","","","","","",""
"16210131","0","31","50","","(31141060,5)","","","(5,0)","","","","","","",""
"16210132","0","32","50","","(31141060,5)","","","(5,0)","","","","","","",""
"16210133","0","33","50","","(31141060,5)","","","(5,0)","","","","","","",""
"16210134","0","34","50","","(31141060,5)","","","(5,0)","","","","","","",""
"16210135","0","35","50","","(31141060,5)","","","(5,0)","","","","","","",""
"16210136","0","36","50","","(31141060,5)","","","(5,0)","","","","","","",""
"16210137","0","37","50","","(31141060,5)","","","(5,0)","","","","","","",""
"16210138","0","38","50","","(31141060,5)","","","(5,0)","","","","","","",""
"16210139","0","39","50","","(31141060,5)","","","(5,0)","","","","","","",""
"16210140","0","40","50","","(31141060,5)","","","(5,0)","","","","","","",""
"16210141","0","41","50","","(31141060,5)","","","(5,0)","","","","","","",""
"16210142","0","42","50","","(31141060,5)","","","(5,0)","","","","","","",""
"16210143","0","43","50","","(31141060,5)","","","(5,0)","","","","","","",""
"16210144","0","44","50","","(31141060,5)","","","(5,0)","","","","","","",""
"16210145","0","45","50","","(31141060,5)","","","(5,0)","","","","","","",""
"16210146","0","46","50","","(31141060,5)","","","(5,0)","","","","","","",""
"16210147","0","47","50","","(31141060,5)","","","(5,0)","","","","","","",""
"16210148","0","48","50","","(31141060,5)","","","(5,0)","","","","","","",""
"16210149","0","49","50","","(31141060,5)","","","(5,0)","","","","","","",""
"16210150","0","50","50","","(31141060,5)","","","(5,0)","","","","","","",""
"16210201","1","1","50","","(31141059,10)","","","","","","","","","",""
"16210202","1","2","50","","(31141059,10)","","","","","","","","","",""
"16210203","1","3","50","","(31141059,10)","","","","","","","","","",""
"16210204","1","4","50","","(31141059,10)","","","","","","","","","",""
"16210205","1","5","50","","(31141059,10)","","","","","","","","","",""
"16210206","1","6","50","","(31141059,10)","","","","","","","","","",""
"16210207","1","7","50","","(31141059,10)","","","","","","","","","",""
"16210208","1","8","50","","(31141059,10)","","","","","","","","","",""
"16210209","1","9","50","","(31141059,10)","","","","","","","","","",""
"16210210","1","10","50","","(31141059,10)","","","","","","","","","",""
"16210211","1","11","50","","(31141059,10)","","","","","","","","","",""
"16210212","1","12","50","","(31141059,10)","","","","","","","","","",""
"16210213","1","13","50","","(31141059,10)","","","","","","","","","",""
"16210214","1","14","50","","(31141059,10)","","","","","","","","","",""
"16210215","1","15","50","","(31141059,10)","","","","","","","","","",""
"16210216","1","16","50","","(31141059,10)","","","","","","","","","",""
"16210217","1","17","50","","(31141059,10)","","","","","","","","","",""
"16210218","1","18","50","","(31141059,10)","","","","","","","","","",""
"16210219","1","19","50","","(31141059,10)","","","","","","","","","",""
"16210220","1","20","50","","(31141059,10)","","","","","","","","","",""
"16210221","1","21","50","","(31141059,10)","","","","","","","","","",""
"16210222","1","22","50","","(31141059,10)","","","","","","","","","",""
"16210223","1","23","50","","(31141059,10)","","","","","","","","","",""
"16210224","1","24","50","","(31141059,10)","","","","","","","","","",""
"16210225","1","25","50","","(31141059,10)","","","","","","","","","",""
"16210226","1","26","50","","(31141059,10)","","","","","","","","","",""
"16210227","1","27","50","","(31141059,10)","","","","","","","","","",""
"16210228","1","28","50","","(31141059,10)","","","","","","","","","",""
"16210229","1","29","50","","(31141059,10)","","","","","","","","","",""
"16210230","1","30","50","","(31141060,5)","","","(5,0)","","","","","","",""
"16210231","1","31","50","","(31141060,5)","","","(5,0)","","","","","","",""
"16210232","1","32","50","","(31141060,5)","","","(5,0)","","","","","","",""
"16210233","1","33","50","","(31141060,5)","","","(5,0)","","","","","","",""
"16210234","1","34","50","","(31141060,5)","","","(5,0)","","","","","","",""
"16210235","1","35","50","","(31141060,5)","","","(5,0)","","","","","","",""
"16210236","1","36","50","","(31141060,5)","","","(5,0)","","","","","","",""
"16210237","1","37","50","","(31141060,5)","","","(5,0)","","","","","","",""
"16210238","1","38","50","","(31141060,5)","","","(5,0)","","","","","","",""
"16210239","1","39","50","","(31141060,5)","","","(5,0)","","","","","","",""
"16210240","1","40","50","","(31141060,5)","","","(5,0)","","","","","","",""
"16210241","1","41","50","","(31141060,5)","","","(5,0)","","","","","","",""
"16210242","1","42","50","","(31141060,5)","","","(5,0)","","","","","","",""
"16210243","1","43","50","","(31141060,5)","","","(5,0)","","","","","","",""
"16210244","1","44","50","","(31141060,5)","","","(5,0)","","","","","","",""
"16210245","1","45","50","","(31141060,5)","","","(5,0)","","","","","","",""
"16210246","1","46","50","","(31141060,5)","","","(5,0)","","","","","","",""
"16210247","1","47","50","","(31141060,5)","","","(5,0)","","","","","","",""
"16210248","1","48","50","","(31141060,5)","","","(5,0)","","","","","","",""
"16210249","1","49","50","","(31141060,5)","","","(5,0)","","","","","","",""
"16210250","1","50","50","","(31141060,5)","","","(5,0)","","","","","","",""
"16210301","2","1","50","","(31141059,13)","","","","","","","","","",""
"16210302","2","2","50","","(31141059,13)","","","","","","","","","",""
"16210303","2","3","50","","(31141059,13)","","","","","","","","","",""
"16210304","2","4","50","","(31141059,13)","","","","","","","","","",""
"16210305","2","5","50","","(31141059,13)","","","","","","","","","",""
"16210306","2","6","50","","(31141059,13)","","","","","","","","","",""
"16210307","2","7","50","","(31141059,13)","","","","","","","","","",""
"16210308","2","8","50","","(31141059,13)","","","","","","","","","",""
"16210309","2","9","50","","(31141059,13)","","","","","","","","","",""
"16210310","2","10","50","","(31141059,13)","","","","","","","","","",""
"16210311","2","11","50","","(31141059,13)","","","","","","","","","",""
"16210312","2","12","50","","(31141059,13)","","","","","","","","","",""
"16210313","2","13","50","","(31141059,13)","","","","","","","","","",""
"16210314","2","14","50","","(31141059,13)","","","","","","","","","",""
"16210315","2","15","50","","(31141059,13)","","","","","","","","","",""
"16210316","2","16","50","","(31141059,13)","","","","","","","","","",""
"16210317","2","17","50","","(31141059,13)","","","","","","","","","",""
"16210318","2","18","50","","(31141059,13)","","","","","","","","","",""
"16210319","2","19","50","","(31141059,13)","","","","","","","","","",""
"16210320","2","20","50","","(31141059,13)","","","","","","","","","",""
"16210321","2","21","50","","(31141059,13)","","","","","","","","","",""
"16210322","2","22","50","","(31141059,13)","","","","","","","","","",""
"16210323","2","23","50","","(31141059,13)","","","","","","","","","",""
"16210324","2","24","50","","(31141059,13)","","","","","","","","","",""
"16210325","2","25","50","","(31141059,13)","","","","","","","","","",""
"16210326","2","26","50","","(31141059,13)","","","","","","","","","",""
"16210327","2","27","50","","(31141059,13)","","","","","","","","","",""
"16210328","2","28","50","","(31141059,13)","","","","","","","","","",""
"16210329","2","29","50","","(31141059,13)","","","","","","","","","",""
"16210330","2","30","50","","(31141060,7)","","","(5,0)","","","","","","",""
"16210331","2","31","50","","(31141060,7)","","","(5,0)","","","","","","",""
"16210332","2","32","50","","(31141060,7)","","","(5,0)","","","","","","",""
"16210333","2","33","50","","(31141060,7)","","","(5,0)","","","","","","",""
"16210334","2","34","50","","(31141060,7)","","","(5,0)","","","","","","",""
"16210335","2","35","50","","(31141060,7)","","","(5,0)","","","","","","",""
"16210336","2","36","50","","(31141060,7)","","","(5,0)","","","","","","",""
"16210337","2","37","50","","(31141060,7)","","","(5,0)","","","","","","",""
"16210338","2","38","50","","(31141060,7)","","","(5,0)","","","","","","",""
"16210339","2","39","50","","(31141060,7)","","","(5,0)","","","","","","",""
"16210340","2","40","50","","(31141060,7)","","","(5,0)","","","","","","",""
"16210341","2","41","50","","(31141060,7)","","","(5,0)","","","","","","",""
"16210342","2","42","50","","(31141060,7)","","","(5,0)","","","","","","",""
"16210343","2","43","50","","(31141060,7)","","","(5,0)","","","","","","",""
"16210344","2","44","50","","(31141060,7)","","","(5,0)","","","","","","",""
"16210345","2","45","50","","(31141060,7)","","","(5,0)","","","","","","",""
"16210346","2","46","50","","(31141060,7)","","","(5,0)","","","","","","",""
"16210347","2","47","50","","(31141060,7)","","","(5,0)","","","","","","",""
"16210348","2","48","50","","(31141060,7)","","","(5,0)","","","","","","",""
"16210349","2","49","50","","(31141060,7)","","","(5,0)","","","","","","",""
"16210350","2","50","50","","(31141060,7)","","","(5,0)","","","","","","",""
"16211101","0","1","50","","(31141059,10)","","","","","","","","","",""
"16211102","0","2","50","","(31141059,10)","","","","","","","","","",""
"16211103","0","3","50","","(31141059,10)","","","","","","","","","",""
"16211104","0","4","50","","(31141059,10)","","","","","","","","","",""
"16211105","0","5","50","","(31141059,10)","","","","","","","","","",""
"16211106","0","6","50","","(31141059,10)","","","","","","","","","",""
"16211107","0","7","50","","(31141059,10)","","","","","","","","","",""
"16211108","0","8","50","","(31141059,10)","","","","","","","","","",""
"16211109","0","9","50","","(31141059,10)","","","","","","","","","",""
"16211110","0","10","50","","(31141059,10)","","","","","","","","","",""
"16211111","0","11","50","","(31141059,10)","","","","","","","","","",""
"16211112","0","12","50","","(31141059,10)","","","","","","","","","",""
"16211113","0","13","50","","(31141059,10)","","","","","","","","","",""
"16211114","0","14","50","","(31141059,10)","","","","","","","","","",""
"16211115","0","15","50","","(31141059,10)","","","","","","","","","",""
"16211116","0","16","50","","(31141059,10)","","","","","","","","","",""
"16211117","0","17","50","","(31141059,10)","","","","","","","","","",""
"16211118","0","18","50","","(31141059,10)","","","","","","","","","",""
"16211119","0","19","50","","(31141059,10)","","","","","","","","","",""
"16211120","0","20","50","","(31141059,10)","","","","","","","","","",""
"16211121","0","21","50","","(31141059,10)","","","","","","","","","",""
"16211122","0","22","50","","(31141059,10)","","","","","","","","","",""
"16211123","0","23","50","","(31141059,10)","","","","","","","","","",""
"16211124","0","24","50","","(31141059,10)","","","","","","","","","",""
"16211125","0","25","50","","(31141059,10)","","","","","","","","","",""
"16211126","0","26","50","","(31141059,10)","","","","","","","","","",""
"16211127","0","27","50","","(31141059,10)","","","","","","","","","",""
"16211128","0","28","50","","(31141059,10)","","","","","","","","","",""
"16211129","0","29","50","","(31141059,10)","","","","","","","","","",""
"16211130","0","30","50","","(31141060,5)","","","(5,0)","","","","","","",""
"16211131","0","31","50","","(31141060,5)","","","(5,0)","","","","","","",""
"16211132","0","32","50","","(31141060,5)","","","(5,0)","","","","","","",""
"16211133","0","33","50","","(31141060,5)","","","(5,0)","","","","","","",""
"16211134","0","34","50","","(31141060,5)","","","(5,0)","","","","","","",""
"16211135","0","35","50","","(31141060,5)","","","(5,0)","","","","","","",""
"16211136","0","36","50","","(31141060,5)","","","(5,0)","","","","","","",""
"16211137","0","37","50","","(31141060,5)","","","(5,0)","","","","","","",""
"16211138","0","38","50","","(31141060,5)","","","(5,0)","","","","","","",""
"16211139","0","39","50","","(31141060,5)","","","(5,0)","","","","","","",""
"16211140","0","40","50","","(31141060,5)","","","(5,0)","","","","","","",""
"16211141","0","41","50","","(31141060,5)","","","(5,0)","","","","","","",""
"16211142","0","42","50","","(31141060,5)","","","(5,0)","","","","","","",""
"16211143","0","43","50","","(31141060,5)","","","(5,0)","","","","","","",""
"16211144","0","44","50","","(31141060,5)","","","(5,0)","","","","","","",""
"16211145","0","45","50","","(31141060,5)","","","(5,0)","","","","","","",""
"16211146","0","46","50","","(31141060,5)","","","(5,0)","","","","","","",""
"16211147","0","47","50","","(31141060,5)","","","(5,0)","","","","","","",""
"16211148","0","48","50","","(31141060,5)","","","(5,0)","","","","","","",""
"16211149","0","49","50","","(31141060,5)","","","(5,0)","","","","","","",""
"16211150","0","50","50","","(31141060,5)","","","(5,0)","","","","","","",""
"16211201","1","1","50","","(31141059,11)","","","","","","","","","",""
"16211202","1","2","50","","(31141059,11)","","","","","","","","","",""
"16211203","1","3","50","","(31141059,11)","","","","","","","","","",""
"16211204","1","4","50","","(31141059,11)","","","","","","","","","",""
"16211205","1","5","50","","(31141059,11)","","","","","","","","","",""
"16211206","1","6","50","","(31141059,11)","","","","","","","","","",""
"16211207","1","7","50","","(31141059,11)","","","","","","","","","",""
"16211208","1","8","50","","(31141059,11)","","","","","","","","","",""
"16211209","1","9","50","","(31141059,11)","","","","","","","","","",""
"16211210","1","10","50","","(31141059,11)","","","","","","","","","",""
"16211211","1","11","50","","(31141059,11)","","","","","","","","","",""
"16211212","1","12","50","","(31141059,11)","","","","","","","","","",""
"16211213","1","13","50","","(31141059,11)","","","","","","","","","",""
"16211214","1","14","50","","(31141059,11)","","","","","","","","","",""
"16211215","1","15","50","","(31141059,11)","","","","","","","","","",""
"16211216","1","16","50","","(31141059,11)","","","","","","","","","",""
"16211217","1","17","50","","(31141059,11)","","","","","","","","","",""
"16211218","1","18","50","","(31141059,11)","","","","","","","","","",""
"16211219","1","19","50","","(31141059,11)","","","","","","","","","",""
"16211220","1","20","50","","(31141059,11)","","","","","","","","","",""
"16211221","1","21","50","","(31141059,11)","","","","","","","","","",""
"16211222","1","22","50","","(31141059,11)","","","","","","","","","",""
"16211223","1","23","50","","(31141059,11)","","","","","","","","","",""
"16211224","1","24","50","","(31141059,11)","","","","","","","","","",""
"16211225","1","25","50","","(31141059,11)","","","","","","","","","",""
"16211226","1","26","50","","(31141059,11)","","","","","","","","","",""
"16211227","1","27","50","","(31141059,11)","","","","","","","","","",""
"16211228","1","28","50","","(31141059,11)","","","","","","","","","",""
"16211229","1","29","50","","(31141059,11)","","","","","","","","","",""
"16211230","1","30","50","","(31141060,6)","","","(5,0)","","","","","","",""
"16211231","1","31","50","","(31141060,6)","","","(5,0)","","","","","","",""
"16211232","1","32","50","","(31141060,6)","","","(5,0)","","","","","","",""
"16211233","1","33","50","","(31141060,6)","","","(5,0)","","","","","","",""
"16211234","1","34","50","","(31141060,6)","","","(5,0)","","","","","","",""
"16211235","1","35","50","","(31141060,6)","","","(5,0)","","","","","","",""
"16211236","1","36","50","","(31141060,6)","","","(5,0)","","","","","","",""
"16211237","1","37","50","","(31141060,6)","","","(5,0)","","","","","","",""
"16211238","1","38","50","","(31141060,6)","","","(5,0)","","","","","","",""
"16211239","1","39","50","","(31141060,6)","","","(5,0)","","","","","","",""
"16211240","1","40","50","","(31141060,6)","","","(5,0)","","","","","","",""
"16211241","1","41","50","","(31141060,6)","","","(5,0)","","","","","","",""
"16211242","1","42","50","","(31141060,6)","","","(5,0)","","","","","","",""
"16211243","1","43","50","","(31141060,6)","","","(5,0)","","","","","","",""
"16211244","1","44","50","","(31141060,6)","","","(5,0)","","","","","","",""
"16211245","1","45","50","","(31141060,6)","","","(5,0)","","","","","","",""
"16211246","1","46","50","","(31141060,6)","","","(5,0)","","","","","","",""
"16211247","1","47","50","","(31141060,6)","","","(5,0)","","","","","","",""
"16211248","1","48","50","","(31141060,6)","","","(5,0)","","","","","","",""
"16211249","1","49","50","","(31141060,6)","","","(5,0)","","","","","","",""
"16211250","1","50","50","","(31141060,6)","","","(5,0)","","","","","","",""
"16211301","2","1","50","","(31141059,14)","","","","","","","","","",""
"16211302","2","2","50","","(31141059,14)","","","","","","","","","",""
"16211303","2","3","50","","(31141059,14)","","","","","","","","","",""
"16211304","2","4","50","","(31141059,14)","","","","","","","","","",""
"16211305","2","5","50","","(31141059,14)","","","","","","","","","",""
"16211306","2","6","50","","(31141059,14)","","","","","","","","","",""
"16211307","2","7","50","","(31141059,14)","","","","","","","","","",""
"16211308","2","8","50","","(31141059,14)","","","","","","","","","",""
"16211309","2","9","50","","(31141059,14)","","","","","","","","","",""
"16211310","2","10","50","","(31141059,14)","","","","","","","","","",""
"16211311","2","11","50","","(31141059,14)","","","","","","","","","",""
"16211312","2","12","50","","(31141059,14)","","","","","","","","","",""
"16211313","2","13","50","","(31141059,14)","","","","","","","","","",""
"16211314","2","14","50","","(31141059,14)","","","","","","","","","",""
"16211315","2","15","50","","(31141059,14)","","","","","","","","","",""
"16211316","2","16","50","","(31141059,14)","","","","","","","","","",""
"16211317","2","17","50","","(31141059,14)","","","","","","","","","",""
"16211318","2","18","50","","(31141059,14)","","","","","","","","","",""
"16211319","2","19","50","","(31141059,14)","","","","","","","","","",""
"16211320","2","20","50","","(31141059,14)","","","","","","","","","",""
"16211321","2","21","50","","(31141059,14)","","","","","","","","","",""
"16211322","2","22","50","","(31141059,14)","","","","","","","","","",""
"16211323","2","23","50","","(31141059,14)","","","","","","","","","",""
"16211324","2","24","50","","(31141059,14)","","","","","","","","","",""
"16211325","2","25","50","","(31141059,14)","","","","","","","","","",""
"16211326","2","26","50","","(31141059,14)","","","","","","","","","",""
"16211327","2","27","50","","(31141059,14)","","","","","","","","","",""
"16211328","2","28","50","","(31141059,14)","","","","","","","","","",""
"16211329","2","29","50","","(31141059,14)","","","","","","","","","",""
"16211330","2","30","50","","(31141060,7)","","","(5,0)","","","","","","",""
"16211331","2","31","50","","(31141060,7)","","","(5,0)","","","","","","",""
"16211332","2","32","50","","(31141060,7)","","","(5,0)","","","","","","",""
"16211333","2","33","50","","(31141060,7)","","","(5,0)","","","","","","",""
"16211334","2","34","50","","(31141060,7)","","","(5,0)","","","","","","",""
"16211335","2","35","50","","(31141060,7)","","","(5,0)","","","","","","",""
"16211336","2","36","50","","(31141060,7)","","","(5,0)","","","","","","",""
"16211337","2","37","50","","(31141060,7)","","","(5,0)","","","","","","",""
"16211338","2","38","50","","(31141060,7)","","","(5,0)","","","","","","",""
"16211339","2","39","50","","(31141060,7)","","","(5,0)","","","","","","",""
"16211340","2","40","50","","(31141060,7)","","","(5,0)","","","","","","",""
"16211341","2","41","50","","(31141060,7)","","","(5,0)","","","","","","",""
"16211342","2","42","50","","(31141060,7)","","","(5,0)","","","","","","",""
"16211343","2","43","50","","(31141060,7)","","","(5,0)","","","","","","",""
"16211344","2","44","50","","(31141060,7)","","","(5,0)","","","","","","",""
"16211345","2","45","50","","(31141060,7)","","","(5,0)","","","","","","",""
"16211346","2","46","50","","(31141060,7)","","","(5,0)","","","","","","",""
"16211347","2","47","50","","(31141060,7)","","","(5,0)","","","","","","",""
"16211348","2","48","50","","(31141060,7)","","","(5,0)","","","","","","",""
"16211349","2","49","50","","(31141060,7)","","","(5,0)","","","","","","",""
"16211350","2","50","50","","(31141060,7)","","","(5,0)","","","","","","",""
"16212101","0","1","50","","(31141059,11)","","","","","","","","","",""
"16212102","0","2","50","","(31141059,11)","","","","","","","","","",""
"16212103","0","3","50","","(31141059,11)","","","","","","","","","",""
"16212104","0","4","50","","(31141059,11)","","","","","","","","","",""
"16212105","0","5","50","","(31141059,11)","","","","","","","","","",""
"16212106","0","6","50","","(31141059,11)","","","","","","","","","",""
"16212107","0","7","50","","(31141059,11)","","","","","","","","","",""
"16212108","0","8","50","","(31141059,11)","","","","","","","","","",""
"16212109","0","9","50","","(31141059,11)","","","","","","","","","",""
"16212110","0","10","50","","(31141059,11)","","","","","","","","","",""
"16212111","0","11","50","","(31141059,11)","","","","","","","","","",""
"16212112","0","12","50","","(31141059,11)","","","","","","","","","",""
"16212113","0","13","50","","(31141059,11)","","","","","","","","","",""
"16212114","0","14","50","","(31141059,11)","","","","","","","","","",""
"16212115","0","15","50","","(31141059,11)","","","","","","","","","",""
"16212116","0","16","50","","(31141059,11)","","","","","","","","","",""
"16212117","0","17","50","","(31141059,11)","","","","","","","","","",""
"16212118","0","18","50","","(31141059,11)","","","","","","","","","",""
"16212119","0","19","50","","(31141059,11)","","","","","","","","","",""
"16212120","0","20","50","","(31141059,11)","","","","","","","","","",""
"16212121","0","21","50","","(31141059,11)","","","","","","","","","",""
"16212122","0","22","50","","(31141059,11)","","","","","","","","","",""
"16212123","0","23","50","","(31141059,11)","","","","","","","","","",""
"16212124","0","24","50","","(31141059,11)","","","","","","","","","",""
"16212125","0","25","50","","(31141059,11)","","","","","","","","","",""
"16212126","0","26","50","","(31141059,11)","","","","","","","","","",""
"16212127","0","27","50","","(31141059,11)","","","","","","","","","",""
"16212128","0","28","50","","(31141059,11)","","","","","","","","","",""
"16212129","0","29","50","","(31141059,11)","","","","","","","","","",""
"16212130","0","30","50","","(31141060,6)","","","(5,0)","","","","","","",""
"16212131","0","31","50","","(31141060,6)","","","(5,0)","","","","","","",""
"16212132","0","32","50","","(31141060,6)","","","(5,0)","","","","","","",""
"16212133","0","33","50","","(31141060,6)","","","(5,0)","","","","","","",""
"16212134","0","34","50","","(31141060,6)","","","(5,0)","","","","","","",""
"16212135","0","35","50","","(31141060,6)","","","(5,0)","","","","","","",""
"16212136","0","36","50","","(31141060,6)","","","(5,0)","","","","","","",""
"16212137","0","37","50","","(31141060,6)","","","(5,0)","","","","","","",""
"16212138","0","38","50","","(31141060,6)","","","(5,0)","","","","","","",""
"16212139","0","39","50","","(31141060,6)","","","(5,0)","","","","","","",""
"16212140","0","40","50","","(31141060,6)","","","(5,0)","","","","","","",""
"16212141","0","41","50","","(31141060,6)","","","(5,0)","","","","","","",""
"16212142","0","42","50","","(31141060,6)","","","(5,0)","","","","","","",""
"16212143","0","43","50","","(31141060,6)","","","(5,0)","","","","","","",""
"16212144","0","44","50","","(31141060,6)","","","(5,0)","","","","","","",""
"16212145","0","45","50","","(31141060,6)","","","(5,0)","","","","","","",""
"16212146","0","46","50","","(31141060,6)","","","(5,0)","","","","","","",""
"16212147","0","47","50","","(31141060,6)","","","(5,0)","","","","","","",""
"16212148","0","48","50","","(31141060,6)","","","(5,0)","","","","","","",""
"16212149","0","49","50","","(31141060,6)","","","(5,0)","","","","","","",""
"16212150","0","50","50","","(31141060,6)","","","(5,0)","","","","","","",""
"16212201","1","1","50","","(31141059,12)","","","","","","","","","",""
"16212202","1","2","50","","(31141059,12)","","","","","","","","","",""
"16212203","1","3","50","","(31141059,12)","","","","","","","","","",""
"16212204","1","4","50","","(31141059,12)","","","","","","","","","",""
"16212205","1","5","50","","(31141059,12)","","","","","","","","","",""
"16212206","1","6","50","","(31141059,12)","","","","","","","","","",""
"16212207","1","7","50","","(31141059,12)","","","","","","","","","",""
"16212208","1","8","50","","(31141059,12)","","","","","","","","","",""
"16212209","1","9","50","","(31141059,12)","","","","","","","","","",""
"16212210","1","10","50","","(31141059,12)","","","","","","","","","",""
"16212211","1","11","50","","(31141059,12)","","","","","","","","","",""
"16212212","1","12","50","","(31141059,12)","","","","","","","","","",""
"16212213","1","13","50","","(31141059,12)","","","","","","","","","",""
"16212214","1","14","50","","(31141059,12)","","","","","","","","","",""
"16212215","1","15","50","","(31141059,12)","","","","","","","","","",""
"16212216","1","16","50","","(31141059,12)","","","","","","","","","",""
"16212217","1","17","50","","(31141059,12)","","","","","","","","","",""
"16212218","1","18","50","","(31141059,12)","","","","","","","","","",""
"16212219","1","19","50","","(31141059,12)","","","","","","","","","",""
"16212220","1","20","50","","(31141059,12)","","","","","","","","","",""
"16212221","1","21","50","","(31141059,12)","","","","","","","","","",""
"16212222","1","22","50","","(31141059,12)","","","","","","","","","",""
"16212223","1","23","50","","(31141059,12)","","","","","","","","","",""
"16212224","1","24","50","","(31141059,12)","","","","","","","","","",""
"16212225","1","25","50","","(31141059,12)","","","","","","","","","",""
"16212226","1","26","50","","(31141059,12)","","","","","","","","","",""
"16212227","1","27","50","","(31141059,12)","","","","","","","","","",""
"16212228","1","28","50","","(31141059,12)","","","","","","","","","",""
"16212229","1","29","50","","(31141059,12)","","","","","","","","","",""
"16212230","1","30","50","","(31141060,6)","","","(5,0)","","","","","","",""
"16212231","1","31","50","","(31141060,6)","","","(5,0)","","","","","","",""
"16212232","1","32","50","","(31141060,6)","","","(5,0)","","","","","","",""
"16212233","1","33","50","","(31141060,6)","","","(5,0)","","","","","","",""
"16212234","1","34","50","","(31141060,6)","","","(5,0)","","","","","","",""
"16212235","1","35","50","","(31141060,6)","","","(5,0)","","","","","","",""
"16212236","1","36","50","","(31141060,6)","","","(5,0)","","","","","","",""
"16212237","1","37","50","","(31141060,6)","","","(5,0)","","","","","","",""
"16212238","1","38","50","","(31141060,6)","","","(5,0)","","","","","","",""
"16212239","1","39","50","","(31141060,6)","","","(5,0)","","","","","","",""
"16212240","1","40","50","","(31141060,6)","","","(5,0)","","","","","","",""
"16212241","1","41","50","","(31141060,6)","","","(5,0)","","","","","","",""
"16212242","1","42","50","","(31141060,6)","","","(5,0)","","","","","","",""
"16212243","1","43","50","","(31141060,6)","","","(5,0)","","","","","","",""
"16212244","1","44","50","","(31141060,6)","","","(5,0)","","","","","","",""
"16212245","1","45","50","","(31141060,6)","","","(5,0)","","","","","","",""
"16212246","1","46","50","","(31141060,6)","","","(5,0)","","","","","","",""
"16212247","1","47","50","","(31141060,6)","","","(5,0)","","","","","","",""
"16212248","1","48","50","","(31141060,6)","","","(5,0)","","","","","","",""
"16212249","1","49","50","","(31141060,6)","","","(5,0)","","","","","","",""
"16212250","1","50","50","","(31141060,6)","","","(5,0)","","","","","","",""
"16212301","2","1","50","","(31141059,14)","","","","","","","","","",""
"16212302","2","2","50","","(31141059,14)","","","","","","","","","",""
"16212303","2","3","50","","(31141059,14)","","","","","","","","","",""
"16212304","2","4","50","","(31141059,14)","","","","","","","","","",""
"16212305","2","5","50","","(31141059,14)","","","","","","","","","",""
"16212306","2","6","50","","(31141059,14)","","","","","","","","","",""
"16212307","2","7","50","","(31141059,14)","","","","","","","","","",""
"16212308","2","8","50","","(31141059,14)","","","","","","","","","",""
"16212309","2","9","50","","(31141059,14)","","","","","","","","","",""
"16212310","2","10","50","","(31141059,14)","","","","","","","","","",""
"16212311","2","11","50","","(31141059,14)","","","","","","","","","",""
"16212312","2","12","50","","(31141059,14)","","","","","","","","","",""
"16212313","2","13","50","","(31141059,14)","","","","","","","","","",""
"16212314","2","14","50","","(31141059,14)","","","","","","","","","",""
"16212315","2","15","50","","(31141059,14)","","","","","","","","","",""
"16212316","2","16","50","","(31141059,14)","","","","","","","","","",""
"16212317","2","17","50","","(31141059,14)","","","","","","","","","",""
"16212318","2","18","50","","(31141059,14)","","","","","","","","","",""
"16212319","2","19","50","","(31141059,14)","","","","","","","","","",""
"16212320","2","20","50","","(31141059,14)","","","","","","","","","",""
"16212321","2","21","50","","(31141059,14)","","","","","","","","","",""
"16212322","2","22","50","","(31141059,14)","","","","","","","","","",""
"16212323","2","23","50","","(31141059,14)","","","","","","","","","",""
"16212324","2","24","50","","(31141059,14)","","","","","","","","","",""
"16212325","2","25","50","","(31141059,14)","","","","","","","","","",""
"16212326","2","26","50","","(31141059,14)","","","","","","","","","",""
"16212327","2","27","50","","(31141059,14)","","","","","","","","","",""
"16212328","2","28","50","","(31141059,14)","","","","","","","","","",""
"16212329","2","29","50","","(31141059,14)","","","","","","","","","",""
"16212330","2","30","50","","(31141060,7)","","","(5,0)","","","","","","",""
"16212331","2","31","50","","(31141060,7)","","","(5,0)","","","","","","",""
"16212332","2","32","50","","(31141060,7)","","","(5,0)","","","","","","",""
"16212333","2","33","50","","(31141060,7)","","","(5,0)","","","","","","",""
"16212334","2","34","50","","(31141060,7)","","","(5,0)","","","","","","",""
"16212335","2","35","50","","(31141060,7)","","","(5,0)","","","","","","",""
"16212336","2","36","50","","(31141060,7)","","","(5,0)","","","","","","",""
"16212337","2","37","50","","(31141060,7)","","","(5,0)","","","","","","",""
"16212338","2","38","50","","(31141060,7)","","","(5,0)","","","","","","",""
"16212339","2","39","50","","(31141060,7)","","","(5,0)","","","","","","",""
"16212340","2","40","50","","(31141060,7)","","","(5,0)","","","","","","",""
"16212341","2","41","50","","(31141060,7)","","","(5,0)","","","","","","",""
"16212342","2","42","50","","(31141060,7)","","","(5,0)","","","","","","",""
"16212343","2","43","50","","(31141060,7)","","","(5,0)","","","","","","",""
"16212344","2","44","50","","(31141060,7)","","","(5,0)","","","","","","",""
"16212345","2","45","50","","(31141060,7)","","","(5,0)","","","","","","",""
"16212346","2","46","50","","(31141060,7)","","","(5,0)","","","","","","",""
"16212347","2","47","50","","(31141060,7)","","","(5,0)","","","","","","",""
"16212348","2","48","50","","(31141060,7)","","","(5,0)","","","","","","",""
"16212349","2","49","50","","(31141060,7)","","","(5,0)","","","","","","",""
"16212350","2","50","50","","(31141060,7)","","","(5,0)","","","","","","",""
"16213101","0","1","50","","(31141059,11)","","","","","","","","","",""
"16213102","0","2","50","","(31141059,11)","","","","","","","","","",""
"16213103","0","3","50","","(31141059,11)","","","","","","","","","",""
"16213104","0","4","50","","(31141059,11)","","","","","","","","","",""
"16213105","0","5","50","","(31141059,11)","","","","","","","","","",""
"16213106","0","6","50","","(31141059,11)","","","","","","","","","",""
"16213107","0","7","50","","(31141059,11)","","","","","","","","","",""
"16213108","0","8","50","","(31141059,11)","","","","","","","","","",""
"16213109","0","9","50","","(31141059,11)","","","","","","","","","",""
"16213110","0","10","50","","(31141059,11)","","","","","","","","","",""
"16213111","0","11","50","","(31141059,11)","","","","","","","","","",""
"16213112","0","12","50","","(31141059,11)","","","","","","","","","",""
"16213113","0","13","50","","(31141059,11)","","","","","","","","","",""
"16213114","0","14","50","","(31141059,11)","","","","","","","","","",""
"16213115","0","15","50","","(31141059,11)","","","","","","","","","",""
"16213116","0","16","50","","(31141059,11)","","","","","","","","","",""
"16213117","0","17","50","","(31141059,11)","","","","","","","","","",""
"16213118","0","18","50","","(31141059,11)","","","","","","","","","",""
"16213119","0","19","50","","(31141059,11)","","","","","","","","","",""
"16213120","0","20","50","","(31141059,11)","","","","","","","","","",""
"16213121","0","21","50","","(31141059,11)","","","","","","","","","",""
"16213122","0","22","50","","(31141059,11)","","","","","","","","","",""
"16213123","0","23","50","","(31141059,11)","","","","","","","","","",""
"16213124","0","24","50","","(31141059,11)","","","","","","","","","",""
"16213125","0","25","50","","(31141059,11)","","","","","","","","","",""
"16213126","0","26","50","","(31141059,11)","","","","","","","","","",""
"16213127","0","27","50","","(31141059,11)","","","","","","","","","",""
"16213128","0","28","50","","(31141059,11)","","","","","","","","","",""
"16213129","0","29","50","","(31141059,11)","","","","","","","","","",""
"16213130","0","30","50","","(31141060,6)","","","(5,0)","","","","","","",""
"16213131","0","31","50","","(31141060,6)","","","(5,0)","","","","","","",""
"16213132","0","32","50","","(31141060,6)","","","(5,0)","","","","","","",""
"16213133","0","33","50","","(31141060,6)","","","(5,0)","","","","","","",""
"16213134","0","34","50","","(31141060,6)","","","(5,0)","","","","","","",""
"16213135","0","35","50","","(31141060,6)","","","(5,0)","","","","","","",""
"16213136","0","36","50","","(31141060,6)","","","(5,0)","","","","","","",""
"16213137","0","37","50","","(31141060,6)","","","(5,0)","","","","","","",""
"16213138","0","38","50","","(31141060,6)","","","(5,0)","","","","","","",""
"16213139","0","39","50","","(31141060,6)","","","(5,0)","","","","","","",""
"16213140","0","40","50","","(31141060,6)","","","(5,0)","","","","","","",""
"16213141","0","41","50","","(31141060,6)","","","(5,0)","","","","","","",""
"16213142","0","42","50","","(31141060,6)","","","(5,0)","","","","","","",""
"16213143","0","43","50","","(31141060,6)","","","(5,0)","","","","","","",""
"16213144","0","44","50","","(31141060,6)","","","(5,0)","","","","","","",""
"16213145","0","45","50","","(31141060,6)","","","(5,0)","","","","","","",""
"16213146","0","46","50","","(31141060,6)","","","(5,0)","","","","","","",""
"16213147","0","47","50","","(31141060,6)","","","(5,0)","","","","","","",""
"16213148","0","48","50","","(31141060,6)","","","(5,0)","","","","","","",""
"16213149","0","49","50","","(31141060,6)","","","(5,0)","","","","","","",""
"16213150","0","50","50","","(31141060,6)","","","(5,0)","","","","","","",""
"16213201","1","1","50","","(31141059,12)","","","","","","","","","",""
"16213202","1","2","50","","(31141059,12)","","","","","","","","","",""
"16213203","1","3","50","","(31141059,12)","","","","","","","","","",""
"16213204","1","4","50","","(31141059,12)","","","","","","","","","",""
"16213205","1","5","50","","(31141059,12)","","","","","","","","","",""
"16213206","1","6","50","","(31141059,12)","","","","","","","","","",""
"16213207","1","7","50","","(31141059,12)","","","","","","","","","",""
"16213208","1","8","50","","(31141059,12)","","","","","","","","","",""
"16213209","1","9","50","","(31141059,12)","","","","","","","","","",""
"16213210","1","10","50","","(31141059,12)","","","","","","","","","",""
"16213211","1","11","50","","(31141059,12)","","","","","","","","","",""
"16213212","1","12","50","","(31141059,12)","","","","","","","","","",""
"16213213","1","13","50","","(31141059,12)","","","","","","","","","",""
"16213214","1","14","50","","(31141059,12)","","","","","","","","","",""
"16213215","1","15","50","","(31141059,12)","","","","","","","","","",""
"16213216","1","16","50","","(31141059,12)","","","","","","","","","",""
"16213217","1","17","50","","(31141059,12)","","","","","","","","","",""
"16213218","1","18","50","","(31141059,12)","","","","","","","","","",""
"16213219","1","19","50","","(31141059,12)","","","","","","","","","",""
"16213220","1","20","50","","(31141059,12)","","","","","","","","","",""
"16213221","1","21","50","","(31141059,12)","","","","","","","","","",""
"16213222","1","22","50","","(31141059,12)","","","","","","","","","",""
"16213223","1","23","50","","(31141059,12)","","","","","","","","","",""
"16213224","1","24","50","","(31141059,12)","","","","","","","","","",""
"16213225","1","25","50","","(31141059,12)","","","","","","","","","",""
"16213226","1","26","50","","(31141059,12)","","","","","","","","","",""
"16213227","1","27","50","","(31141059,12)","","","","","","","","","",""
"16213228","1","28","50","","(31141059,12)","","","","","","","","","",""
"16213229","1","29","50","","(31141059,12)","","","","","","","","","",""
"16213230","1","30","50","","(31141060,6)","","","(5,0)","","","","","","",""
"16213231","1","31","50","","(31141060,6)","","","(5,0)","","","","","","",""
"16213232","1","32","50","","(31141060,6)","","","(5,0)","","","","","","",""
"16213233","1","33","50","","(31141060,6)","","","(5,0)","","","","","","",""
"16213234","1","34","50","","(31141060,6)","","","(5,0)","","","","","","",""
"16213235","1","35","50","","(31141060,6)","","","(5,0)","","","","","","",""
"16213236","1","36","50","","(31141060,6)","","","(5,0)","","","","","","",""
"16213237","1","37","50","","(31141060,6)","","","(5,0)","","","","","","",""
"16213238","1","38","50","","(31141060,6)","","","(5,0)","","","","","","",""
"16213239","1","39","50","","(31141060,6)","","","(5,0)","","","","","","",""
"16213240","1","40","50","","(31141060,6)","","","(5,0)","","","","","","",""
"16213241","1","41","50","","(31141060,6)","","","(5,0)","","","","","","",""
"16213242","1","42","50","","(31141060,6)","","","(5,0)","","","","","","",""
"16213243","1","43","50","","(31141060,6)","","","(5,0)","","","","","","",""
"16213244","1","44","50","","(31141060,6)","","","(5,0)","","","","","","",""
"16213245","1","45","50","","(31141060,6)","","","(5,0)","","","","","","",""
"16213246","1","46","50","","(31141060,6)","","","(5,0)","","","","","","",""
"16213247","1","47","50","","(31141060,6)","","","(5,0)","","","","","","",""
"16213248","1","48","50","","(31141060,6)","","","(5,0)","","","","","","",""
"16213249","1","49","50","","(31141060,6)","","","(5,0)","","","","","","",""
"16213250","1","50","50","","(31141060,6)","","","(5,0)","","","","","","",""
"16213301","2","1","50","","(31141059,15)","","","","","","","","","",""
"16213302","2","2","50","","(31141059,15)","","","","","","","","","",""
"16213303","2","3","50","","(31141059,15)","","","","","","","","","",""
"16213304","2","4","50","","(31141059,15)","","","","","","","","","",""
"16213305","2","5","50","","(31141059,15)","","","","","","","","","",""
"16213306","2","6","50","","(31141059,15)","","","","","","","","","",""
"16213307","2","7","50","","(31141059,15)","","","","","","","","","",""
"16213308","2","8","50","","(31141059,15)","","","","","","","","","",""
"16213309","2","9","50","","(31141059,15)","","","","","","","","","",""
"16213310","2","10","50","","(31141059,15)","","","","","","","","","",""
"16213311","2","11","50","","(31141059,15)","","","","","","","","","",""
"16213312","2","12","50","","(31141059,15)","","","","","","","","","",""
"16213313","2","13","50","","(31141059,15)","","","","","","","","","",""
"16213314","2","14","50","","(31141059,15)","","","","","","","","","",""
"16213315","2","15","50","","(31141059,15)","","","","","","","","","",""
"16213316","2","16","50","","(31141059,15)","","","","","","","","","",""
"16213317","2","17","50","","(31141059,15)","","","","","","","","","",""
"16213318","2","18","50","","(31141059,15)","","","","","","","","","",""
"16213319","2","19","50","","(31141059,15)","","","","","","","","","",""
"16213320","2","20","50","","(31141059,15)","","","","","","","","","",""
"16213321","2","21","50","","(31141059,15)","","","","","","","","","",""
"16213322","2","22","50","","(31141059,15)","","","","","","","","","",""
"16213323","2","23","50","","(31141059,15)","","","","","","","","","",""
"16213324","2","24","50","","(31141059,15)","","","","","","","","","",""
"16213325","2","25","50","","(31141059,15)","","","","","","","","","",""
"16213326","2","26","50","","(31141059,15)","","","","","","","","","",""
"16213327","2","27","50","","(31141059,15)","","","","","","","","","",""
"16213328","2","28","50","","(31141059,15)","","","","","","","","","",""
"16213329","2","29","50","","(31141059,15)","","","","","","","","","",""
"16213330","2","30","50","","(31141060,8)","","","(5,0)","","","","","","",""
"16213331","2","31","50","","(31141060,8)","","","(5,0)","","","","","","",""
"16213332","2","32","50","","(31141060,8)","","","(5,0)","","","","","","",""
"16213333","2","33","50","","(31141060,8)","","","(5,0)","","","","","","",""
"16213334","2","34","50","","(31141060,8)","","","(5,0)","","","","","","",""
"16213335","2","35","50","","(31141060,8)","","","(5,0)","","","","","","",""
"16213336","2","36","50","","(31141060,8)","","","(5,0)","","","","","","",""
"16213337","2","37","50","","(31141060,8)","","","(5,0)","","","","","","",""
"16213338","2","38","50","","(31141060,8)","","","(5,0)","","","","","","",""
"16213339","2","39","50","","(31141060,8)","","","(5,0)","","","","","","",""
"16213340","2","40","50","","(31141060,8)","","","(5,0)","","","","","","",""
"16213341","2","41","50","","(31141060,8)","","","(5,0)","","","","","","",""
"16213342","2","42","50","","(31141060,8)","","","(5,0)","","","","","","",""
"16213343","2","43","50","","(31141060,8)","","","(5,0)","","","","","","",""
"16213344","2","44","50","","(31141060,8)","","","(5,0)","","","","","","",""
"16213345","2","45","50","","(31141060,8)","","","(5,0)","","","","","","",""
"16213346","2","46","50","","(31141060,8)","","","(5,0)","","","","","","",""
"16213347","2","47","50","","(31141060,8)","","","(5,0)","","","","","","",""
"16213348","2","48","50","","(31141060,8)","","","(5,0)","","","","","","",""
"16213349","2","49","50","","(31141060,8)","","","(5,0)","","","","","","",""
"16213350","2","50","50","","(31141060,8)","","","(5,0)","","","","","","",""
"16214101","0","1","50","","(31141059,12)","","","","","","","","","",""
"16214102","0","2","50","","(31141059,12)","","","","","","","","","",""
"16214103","0","3","50","","(31141059,12)","","","","","","","","","",""
"16214104","0","4","50","","(31141059,12)","","","","","","","","","",""
"16214105","0","5","50","","(31141059,12)","","","","","","","","","",""
"16214106","0","6","50","","(31141059,12)","","","","","","","","","",""
"16214107","0","7","50","","(31141059,12)","","","","","","","","","",""
"16214108","0","8","50","","(31141059,12)","","","","","","","","","",""
"16214109","0","9","50","","(31141059,12)","","","","","","","","","",""
"16214110","0","10","50","","(31141059,12)","","","","","","","","","",""
"16214111","0","11","50","","(31141059,12)","","","","","","","","","",""
"16214112","0","12","50","","(31141059,12)","","","","","","","","","",""
"16214113","0","13","50","","(31141059,12)","","","","","","","","","",""
"16214114","0","14","50","","(31141059,12)","","","","","","","","","",""
"16214115","0","15","50","","(31141059,12)","","","","","","","","","",""
"16214116","0","16","50","","(31141059,12)","","","","","","","","","",""
"16214117","0","17","50","","(31141059,12)","","","","","","","","","",""
"16214118","0","18","50","","(31141059,12)","","","","","","","","","",""
"16214119","0","19","50","","(31141059,12)","","","","","","","","","",""
"16214120","0","20","50","","(31141059,12)","","","","","","","","","",""
"16214121","0","21","50","","(31141059,12)","","","","","","","","","",""
"16214122","0","22","50","","(31141059,12)","","","","","","","","","",""
"16214123","0","23","50","","(31141059,12)","","","","","","","","","",""
"16214124","0","24","50","","(31141059,12)","","","","","","","","","",""
"16214125","0","25","50","","(31141059,12)","","","","","","","","","",""
"16214126","0","26","50","","(31141059,12)","","","","","","","","","",""
"16214127","0","27","50","","(31141059,12)","","","","","","","","","",""
"16214128","0","28","50","","(31141059,12)","","","","","","","","","",""
"16214129","0","29","50","","(31141059,12)","","","","","","","","","",""
"16214130","0","30","50","","(31141060,6)","","","(5,0)","","","","","","",""
"16214131","0","31","50","","(31141060,6)","","","(5,0)","","","","","","",""
"16214132","0","32","50","","(31141060,6)","","","(5,0)","","","","","","",""
"16214133","0","33","50","","(31141060,6)","","","(5,0)","","","","","","",""
"16214134","0","34","50","","(31141060,6)","","","(5,0)","","","","","","",""
"16214135","0","35","50","","(31141060,6)","","","(5,0)","","","","","","",""
"16214136","0","36","50","","(31141060,6)","","","(5,0)","","","","","","",""
"16214137","0","37","50","","(31141060,6)","","","(5,0)","","","","","","",""
"16214138","0","38","50","","(31141060,6)","","","(5,0)","","","","","","",""
"16214139","0","39","50","","(31141060,6)","","","(5,0)","","","","","","",""
"16214140","0","40","50","","(31141060,6)","","","(5,0)","","","","","","",""
"16214141","0","41","50","","(31141060,6)","","","(5,0)","","","","","","",""
"16214142","0","42","50","","(31141060,6)","","","(5,0)","","","","","","",""
"16214143","0","43","50","","(31141060,6)","","","(5,0)","","","","","","",""
"16214144","0","44","50","","(31141060,6)","","","(5,0)","","","","","","",""
"16214145","0","45","50","","(31141060,6)","","","(5,0)","","","","","","",""
"16214146","0","46","50","","(31141060,6)","","","(5,0)","","","","","","",""
"16214147","0","47","50","","(31141060,6)","","","(5,0)","","","","","","",""
"16214148","0","48","50","","(31141060,6)","","","(5,0)","","","","","","",""
"16214149","0","49","50","","(31141060,6)","","","(5,0)","","","","","","",""
"16214150","0","50","50","","(31141060,6)","","","(5,0)","","","","","","",""
"16214201","1","1","50","","(31141059,13)","","","","","","","","","",""
"16214202","1","2","50","","(31141059,13)","","","","","","","","","",""
"16214203","1","3","50","","(31141059,13)","","","","","","","","","",""
"16214204","1","4","50","","(31141059,13)","","","","","","","","","",""
"16214205","1","5","50","","(31141059,13)","","","","","","","","","",""
"16214206","1","6","50","","(31141059,13)","","","","","","","","","",""
"16214207","1","7","50","","(31141059,13)","","","","","","","","","",""
"16214208","1","8","50","","(31141059,13)","","","","","","","","","",""
"16214209","1","9","50","","(31141059,13)","","","","","","","","","",""
"16214210","1","10","50","","(31141059,13)","","","","","","","","","",""
"16214211","1","11","50","","(31141059,13)","","","","","","","","","",""
"16214212","1","12","50","","(31141059,13)","","","","","","","","","",""
"16214213","1","13","50","","(31141059,13)","","","","","","","","","",""
"16214214","1","14","50","","(31141059,13)","","","","","","","","","",""
"16214215","1","15","50","","(31141059,13)","","","","","","","","","",""
"16214216","1","16","50","","(31141059,13)","","","","","","","","","",""
"16214217","1","17","50","","(31141059,13)","","","","","","","","","",""
"16214218","1","18","50","","(31141059,13)","","","","","","","","","",""
"16214219","1","19","50","","(31141059,13)","","","","","","","","","",""
"16214220","1","20","50","","(31141059,13)","","","","","","","","","",""
"16214221","1","21","50","","(31141059,13)","","","","","","","","","",""
"16214222","1","22","50","","(31141059,13)","","","","","","","","","",""
"16214223","1","23","50","","(31141059,13)","","","","","","","","","",""
"16214224","1","24","50","","(31141059,13)","","","","","","","","","",""
"16214225","1","25","50","","(31141059,13)","","","","","","","","","",""
"16214226","1","26","50","","(31141059,13)","","","","","","","","","",""
"16214227","1","27","50","","(31141059,13)","","","","","","","","","",""
"16214228","1","28","50","","(31141059,13)","","","","","","","","","",""
"16214229","1","29","50","","(31141059,13)","","","","","","","","","",""
"16214230","1","30","50","","(31141060,7)","","","(5,0)","","","","","","",""
"16214231","1","31","50","","(31141060,7)","","","(5,0)","","","","","","",""
"16214232","1","32","50","","(31141060,7)","","","(5,0)","","","","","","",""
"16214233","1","33","50","","(31141060,7)","","","(5,0)","","","","","","",""
"16214234","1","34","50","","(31141060,7)","","","(5,0)","","","","","","",""
"16214235","1","35","50","","(31141060,7)","","","(5,0)","","","","","","",""
"16214236","1","36","50","","(31141060,7)","","","(5,0)","","","","","","",""
"16214237","1","37","50","","(31141060,7)","","","(5,0)","","","","","","",""
"16214238","1","38","50","","(31141060,7)","","","(5,0)","","","","","","",""
"16214239","1","39","50","","(31141060,7)","","","(5,0)","","","","","","",""
"16214240","1","40","50","","(31141060,7)","","","(5,0)","","","","","","",""
"16214241","1","41","50","","(31141060,7)","","","(5,0)","","","","","","",""
"16214242","1","42","50","","(31141060,7)","","","(5,0)","","","","","","",""
"16214243","1","43","50","","(31141060,7)","","","(5,0)","","","","","","",""
"16214244","1","44","50","","(31141060,7)","","","(5,0)","","","","","","",""
"16214245","1","45","50","","(31141060,7)","","","(5,0)","","","","","","",""
"16214246","1","46","50","","(31141060,7)","","","(5,0)","","","","","","",""
"16214247","1","47","50","","(31141060,7)","","","(5,0)","","","","","","",""
"16214248","1","48","50","","(31141060,7)","","","(5,0)","","","","","","",""
"16214249","1","49","50","","(31141060,7)","","","(5,0)","","","","","","",""
"16214250","1","50","50","","(31141060,7)","","","(5,0)","","","","","","",""
"16214301","2","1","50","","(31141059,16)","","","","","","","","","",""
"16214302","2","2","50","","(31141059,16)","","","","","","","","","",""
"16214303","2","3","50","","(31141059,16)","","","","","","","","","",""
"16214304","2","4","50","","(31141059,16)","","","","","","","","","",""
"16214305","2","5","50","","(31141059,16)","","","","","","","","","",""
"16214306","2","6","50","","(31141059,16)","","","","","","","","","",""
"16214307","2","7","50","","(31141059,16)","","","","","","","","","",""
"16214308","2","8","50","","(31141059,16)","","","","","","","","","",""
"16214309","2","9","50","","(31141059,16)","","","","","","","","","",""
"16214310","2","10","50","","(31141059,16)","","","","","","","","","",""
"16214311","2","11","50","","(31141059,16)","","","","","","","","","",""
"16214312","2","12","50","","(31141059,16)","","","","","","","","","",""
"16214313","2","13","50","","(31141059,16)","","","","","","","","","",""
"16214314","2","14","50","","(31141059,16)","","","","","","","","","",""
"16214315","2","15","50","","(31141059,16)","","","","","","","","","",""
"16214316","2","16","50","","(31141059,16)","","","","","","","","","",""
"16214317","2","17","50","","(31141059,16)","","","","","","","","","",""
"16214318","2","18","50","","(31141059,16)","","","","","","","","","",""
"16214319","2","19","50","","(31141059,16)","","","","","","","","","",""
"16214320","2","20","50","","(31141059,16)","","","","","","","","","",""
"16214321","2","21","50","","(31141059,16)","","","","","","","","","",""
"16214322","2","22","50","","(31141059,16)","","","","","","","","","",""
"16214323","2","23","50","","(31141059,16)","","","","","","","","","",""
"16214324","2","24","50","","(31141059,16)","","","","","","","","","",""
"16214325","2","25","50","","(31141059,16)","","","","","","","","","",""
"16214326","2","26","50","","(31141059,16)","","","","","","","","","",""
"16214327","2","27","50","","(31141059,16)","","","","","","","","","",""
"16214328","2","28","50","","(31141059,16)","","","","","","","","","",""
"16214329","2","29","50","","(31141059,16)","","","","","","","","","",""
"16214330","2","30","50","","(31141060,8)","","","(5,0)","","","","","","",""
"16214331","2","31","50","","(31141060,8)","","","(5,0)","","","","","","",""
"16214332","2","32","50","","(31141060,8)","","","(5,0)","","","","","","",""
"16214333","2","33","50","","(31141060,8)","","","(5,0)","","","","","","",""
"16214334","2","34","50","","(31141060,8)","","","(5,0)","","","","","","",""
"16214335","2","35","50","","(31141060,8)","","","(5,0)","","","","","","",""
"16214336","2","36","50","","(31141060,8)","","","(5,0)","","","","","","",""
"16214337","2","37","50","","(31141060,8)","","","(5,0)","","","","","","",""
"16214338","2","38","50","","(31141060,8)","","","(5,0)","","","","","","",""
"16214339","2","39","50","","(31141060,8)","","","(5,0)","","","","","","",""
"16214340","2","40","50","","(31141060,8)","","","(5,0)","","","","","","",""
"16214341","2","41","50","","(31141060,8)","","","(5,0)","","","","","","",""
"16214342","2","42","50","","(31141060,8)","","","(5,0)","","","","","","",""
"16214343","2","43","50","","(31141060,8)","","","(5,0)","","","","","","",""
"16214344","2","44","50","","(31141060,8)","","","(5,0)","","","","","","",""
"16214345","2","45","50","","(31141060,8)","","","(5,0)","","","","","","",""
"16214346","2","46","50","","(31141060,8)","","","(5,0)","","","","","","",""
"16214347","2","47","50","","(31141060,8)","","","(5,0)","","","","","","",""
"16214348","2","48","50","","(31141060,8)","","","(5,0)","","","","","","",""
"16214349","2","49","50","","(31141060,8)","","","(5,0)","","","","","","",""
"16214350","2","50","50","","(31141060,8)","","","(5,0)","","","","","","",""
"16215101","0","1","50","","(31141059,12)","","","","","","","","","",""
"16215102","0","2","50","","(31141059,12)","","","","","","","","","",""
"16215103","0","3","50","","(31141059,12)","","","","","","","","","",""
"16215104","0","4","50","","(31141059,12)","","","","","","","","","",""
"16215105","0","5","50","","(31141059,12)","","","","","","","","","",""
"16215106","0","6","50","","(31141059,12)","","","","","","","","","",""
"16215107","0","7","50","","(31141059,12)","","","","","","","","","",""
"16215108","0","8","50","","(31141059,12)","","","","","","","","","",""
"16215109","0","9","50","","(31141059,12)","","","","","","","","","",""
"16215110","0","10","50","","(31141059,12)","","","","","","","","","",""
"16215111","0","11","50","","(31141059,12)","","","","","","","","","",""
"16215112","0","12","50","","(31141059,12)","","","","","","","","","",""
"16215113","0","13","50","","(31141059,12)","","","","","","","","","",""
"16215114","0","14","50","","(31141059,12)","","","","","","","","","",""
"16215115","0","15","50","","(31141059,12)","","","","","","","","","",""
"16215116","0","16","50","","(31141059,12)","","","","","","","","","",""
"16215117","0","17","50","","(31141059,12)","","","","","","","","","",""
"16215118","0","18","50","","(31141059,12)","","","","","","","","","",""
"16215119","0","19","50","","(31141059,12)","","","","","","","","","",""
"16215120","0","20","50","","(31141059,12)","","","","","","","","","",""
"16215121","0","21","50","","(31141059,12)","","","","","","","","","",""
"16215122","0","22","50","","(31141059,12)","","","","","","","","","",""
"16215123","0","23","50","","(31141059,12)","","","","","","","","","",""
"16215124","0","24","50","","(31141059,12)","","","","","","","","","",""
"16215125","0","25","50","","(31141059,12)","","","","","","","","","",""
"16215126","0","26","50","","(31141059,12)","","","","","","","","","",""
"16215127","0","27","50","","(31141059,12)","","","","","","","","","",""
"16215128","0","28","50","","(31141059,12)","","","","","","","","","",""
"16215129","0","29","50","","(31141059,12)","","","","","","","","","",""
"16215130","0","30","50","","(31141060,6)","","","(5,0)","","","","","","",""
"16215131","0","31","50","","(31141060,6)","","","(5,0)","","","","","","",""
"16215132","0","32","50","","(31141060,6)","","","(5,0)","","","","","","",""
"16215133","0","33","50","","(31141060,6)","","","(5,0)","","","","","","",""
"16215134","0","34","50","","(31141060,6)","","","(5,0)","","","","","","",""
"16215135","0","35","50","","(31141060,6)","","","(5,0)","","","","","","",""
"16215136","0","36","50","","(31141060,6)","","","(5,0)","","","","","","",""
"16215137","0","37","50","","(31141060,6)","","","(5,0)","","","","","","",""
"16215138","0","38","50","","(31141060,6)","","","(5,0)","","","","","","",""
"16215139","0","39","50","","(31141060,6)","","","(5,0)","","","","","","",""
"16215140","0","40","50","","(31141060,6)","","","(5,0)","","","","","","",""
"16215141","0","41","50","","(31141060,6)","","","(5,0)","","","","","","",""
"16215142","0","42","50","","(31141060,6)","","","(5,0)","","","","","","",""
"16215143","0","43","50","","(31141060,6)","","","(5,0)","","","","","","",""
"16215144","0","44","50","","(31141060,6)","","","(5,0)","","","","","","",""
"16215145","0","45","50","","(31141060,6)","","","(5,0)","","","","","","",""
"16215146","0","46","50","","(31141060,6)","","","(5,0)","","","","","","",""
"16215147","0","47","50","","(31141060,6)","","","(5,0)","","","","","","",""
"16215148","0","48","50","","(31141060,6)","","","(5,0)","","","","","","",""
"16215149","0","49","50","","(31141060,6)","","","(5,0)","","","","","","",""
"16215150","0","50","50","","(31141060,6)","","","(5,0)","","","","","","",""
"16215201","1","1","50","","(31141059,14)","","","","","","","","","",""
"16215202","1","2","50","","(31141059,14)","","","","","","","","","",""
"16215203","1","3","50","","(31141059,14)","","","","","","","","","",""
"16215204","1","4","50","","(31141059,14)","","","","","","","","","",""
"16215205","1","5","50","","(31141059,14)","","","","","","","","","",""
"16215206","1","6","50","","(31141059,14)","","","","","","","","","",""
"16215207","1","7","50","","(31141059,14)","","","","","","","","","",""
"16215208","1","8","50","","(31141059,14)","","","","","","","","","",""
"16215209","1","9","50","","(31141059,14)","","","","","","","","","",""
"16215210","1","10","50","","(31141059,14)","","","","","","","","","",""
"16215211","1","11","50","","(31141059,14)","","","","","","","","","",""
"16215212","1","12","50","","(31141059,14)","","","","","","","","","",""
"16215213","1","13","50","","(31141059,14)","","","","","","","","","",""
"16215214","1","14","50","","(31141059,14)","","","","","","","","","",""
"16215215","1","15","50","","(31141059,14)","","","","","","","","","",""
"16215216","1","16","50","","(31141059,14)","","","","","","","","","",""
"16215217","1","17","50","","(31141059,14)","","","","","","","","","",""
"16215218","1","18","50","","(31141059,14)","","","","","","","","","",""
"16215219","1","19","50","","(31141059,14)","","","","","","","","","",""
"16215220","1","20","50","","(31141059,14)","","","","","","","","","",""
"16215221","1","21","50","","(31141059,14)","","","","","","","","","",""
"16215222","1","22","50","","(31141059,14)","","","","","","","","","",""
"16215223","1","23","50","","(31141059,14)","","","","","","","","","",""
"16215224","1","24","50","","(31141059,14)","","","","","","","","","",""
"16215225","1","25","50","","(31141059,14)","","","","","","","","","",""
"16215226","1","26","50","","(31141059,14)","","","","","","","","","",""
"16215227","1","27","50","","(31141059,14)","","","","","","","","","",""
"16215228","1","28","50","","(31141059,14)","","","","","","","","","",""
"16215229","1","29","50","","(31141059,14)","","","","","","","","","",""
"16215230","1","30","50","","(31141060,7)","","","(5,0)","","","","","","",""
"16215231","1","31","50","","(31141060,7)","","","(5,0)","","","","","","",""
"16215232","1","32","50","","(31141060,7)","","","(5,0)","","","","","","",""
"16215233","1","33","50","","(31141060,7)","","","(5,0)","","","","","","",""
"16215234","1","34","50","","(31141060,7)","","","(5,0)","","","","","","",""
"16215235","1","35","50","","(31141060,7)","","","(5,0)","","","","","","",""
"16215236","1","36","50","","(31141060,7)","","","(5,0)","","","","","","",""
"16215237","1","37","50","","(31141060,7)","","","(5,0)","","","","","","",""
"16215238","1","38","50","","(31141060,7)","","","(5,0)","","","","","","",""
"16215239","1","39","50","","(31141060,7)","","","(5,0)","","","","","","",""
"16215240","1","40","50","","(31141060,7)","","","(5,0)","","","","","","",""
"16215241","1","41","50","","(31141060,7)","","","(5,0)","","","","","","",""
"16215242","1","42","50","","(31141060,7)","","","(5,0)","","","","","","",""
"16215243","1","43","50","","(31141060,7)","","","(5,0)","","","","","","",""
"16215244","1","44","50","","(31141060,7)","","","(5,0)","","","","","","",""
"16215245","1","45","50","","(31141060,7)","","","(5,0)","","","","","","",""
"16215246","1","46","50","","(31141060,7)","","","(5,0)","","","","","","",""
"16215247","1","47","50","","(31141060,7)","","","(5,0)","","","","","","",""
"16215248","1","48","50","","(31141060,7)","","","(5,0)","","","","","","",""
"16215249","1","49","50","","(31141060,7)","","","(5,0)","","","","","","",""
"16215250","1","50","50","","(31141060,7)","","","(5,0)","","","","","","",""
"16215301","2","1","50","","(31141059,16)","","","","","","","","","",""
"16215302","2","2","50","","(31141059,16)","","","","","","","","","",""
"16215303","2","3","50","","(31141059,16)","","","","","","","","","",""
"16215304","2","4","50","","(31141059,16)","","","","","","","","","",""
"16215305","2","5","50","","(31141059,16)","","","","","","","","","",""
"16215306","2","6","50","","(31141059,16)","","","","","","","","","",""
"16215307","2","7","50","","(31141059,16)","","","","","","","","","",""
"16215308","2","8","50","","(31141059,16)","","","","","","","","","",""
"16215309","2","9","50","","(31141059,16)","","","","","","","","","",""
"16215310","2","10","50","","(31141059,16)","","","","","","","","","",""
"16215311","2","11","50","","(31141059,16)","","","","","","","","","",""
"16215312","2","12","50","","(31141059,16)","","","","","","","","","",""
"16215313","2","13","50","","(31141059,16)","","","","","","","","","",""
"16215314","2","14","50","","(31141059,16)","","","","","","","","","",""
"16215315","2","15","50","","(31141059,16)","","","","","","","","","",""
"16215316","2","16","50","","(31141059,16)","","","","","","","","","",""
"16215317","2","17","50","","(31141059,16)","","","","","","","","","",""
"16215318","2","18","50","","(31141059,16)","","","","","","","","","",""
"16215319","2","19","50","","(31141059,16)","","","","","","","","","",""
"16215320","2","20","50","","(31141059,16)","","","","","","","","","",""
"16215321","2","21","50","","(31141059,16)","","","","","","","","","",""
"16215322","2","22","50","","(31141059,16)","","","","","","","","","",""
"16215323","2","23","50","","(31141059,16)","","","","","","","","","",""
"16215324","2","24","50","","(31141059,16)","","","","","","","","","",""
"16215325","2","25","50","","(31141059,16)","","","","","","","","","",""
"16215326","2","26","50","","(31141059,16)","","","","","","","","","",""
"16215327","2","27","50","","(31141059,16)","","","","","","","","","",""
"16215328","2","28","50","","(31141059,16)","","","","","","","","","",""
"16215329","2","29","50","","(31141059,16)","","","","","","","","","",""
"16215330","2","30","50","","(31141060,8)","","","(5,0)","","","","","","",""
"16215331","2","31","50","","(31141060,8)","","","(5,0)","","","","","","",""
"16215332","2","32","50","","(31141060,8)","","","(5,0)","","","","","","",""
"16215333","2","33","50","","(31141060,8)","","","(5,0)","","","","","","",""
"16215334","2","34","50","","(31141060,8)","","","(5,0)","","","","","","",""
"16215335","2","35","50","","(31141060,8)","","","(5,0)","","","","","","",""
"16215336","2","36","50","","(31141060,8)","","","(5,0)","","","","","","",""
"16215337","2","37","50","","(31141060,8)","","","(5,0)","","","","","","",""
"16215338","2","38","50","","(31141060,8)","","","(5,0)","","","","","","",""
"16215339","2","39","50","","(31141060,8)","","","(5,0)","","","","","","",""
"16215340","2","40","50","","(31141060,8)","","","(5,0)","","","","","","",""
"16215341","2","41","50","","(31141060,8)","","","(5,0)","","","","","","",""
"16215342","2","42","50","","(31141060,8)","","","(5,0)","","","","","","",""
"16215343","2","43","50","","(31141060,8)","","","(5,0)","","","","","","",""
"16215344","2","44","50","","(31141060,8)","","","(5,0)","","","","","","",""
"16215345","2","45","50","","(31141060,8)","","","(5,0)","","","","","","",""
"16215346","2","46","50","","(31141060,8)","","","(5,0)","","","","","","",""
"16215347","2","47","50","","(31141060,8)","","","(5,0)","","","","","","",""
"16215348","2","48","50","","(31141060,8)","","","(5,0)","","","","","","",""
"16215349","2","49","50","","(31141060,8)","","","(5,0)","","","","","","",""
"16215350","2","50","50","","(31141060,8)","","","(5,0)","","","","","","",""
"16216101","0","1","50","","(31141059,12)","","","","","","","","","",""
"16216102","0","2","50","","(31141059,12)","","","","","","","","","",""
"16216103","0","3","50","","(31141059,12)","","","","","","","","","",""
"16216104","0","4","50","","(31141059,12)","","","","","","","","","",""
"16216105","0","5","50","","(31141059,12)","","","","","","","","","",""
"16216106","0","6","50","","(31141059,12)","","","","","","","","","",""
"16216107","0","7","50","","(31141059,12)","","","","","","","","","",""
"16216108","0","8","50","","(31141059,12)","","","","","","","","","",""
"16216109","0","9","50","","(31141059,12)","","","","","","","","","",""
"16216110","0","10","50","","(31141059,12)","","","","","","","","","",""
"16216111","0","11","50","","(31141059,12)","","","","","","","","","",""
"16216112","0","12","50","","(31141059,12)","","","","","","","","","",""
"16216113","0","13","50","","(31141059,12)","","","","","","","","","",""
"16216114","0","14","50","","(31141059,12)","","","","","","","","","",""
"16216115","0","15","50","","(31141059,12)","","","","","","","","","",""
"16216116","0","16","50","","(31141059,12)","","","","","","","","","",""
"16216117","0","17","50","","(31141059,12)","","","","","","","","","",""
"16216118","0","18","50","","(31141059,12)","","","","","","","","","",""
"16216119","0","19","50","","(31141059,12)","","","","","","","","","",""
"16216120","0","20","50","","(31141059,12)","","","","","","","","","",""
"16216121","0","21","50","","(31141059,12)","","","","","","","","","",""
"16216122","0","22","50","","(31141059,12)","","","","","","","","","",""
"16216123","0","23","50","","(31141059,12)","","","","","","","","","",""
"16216124","0","24","50","","(31141059,12)","","","","","","","","","",""
"16216125","0","25","50","","(31141059,12)","","","","","","","","","",""
"16216126","0","26","50","","(31141059,12)","","","","","","","","","",""
"16216127","0","27","50","","(31141059,12)","","","","","","","","","",""
"16216128","0","28","50","","(31141059,12)","","","","","","","","","",""
"16216129","0","29","50","","(31141059,12)","","","","","","","","","",""
"16216130","0","30","50","","(31141060,6)","","","(5,0)","","","","","","",""
"16216131","0","31","50","","(31141060,6)","","","(5,0)","","","","","","",""
"16216132","0","32","50","","(31141060,6)","","","(5,0)","","","","","","",""
"16216133","0","33","50","","(31141060,6)","","","(5,0)","","","","","","",""
"16216134","0","34","50","","(31141060,6)","","","(5,0)","","","","","","",""
"16216135","0","35","50","","(31141060,6)","","","(5,0)","","","","","","",""
"16216136","0","36","50","","(31141060,6)","","","(5,0)","","","","","","",""
"16216137","0","37","50","","(31141060,6)","","","(5,0)","","","","","","",""
"16216138","0","38","50","","(31141060,6)","","","(5,0)","","","","","","",""
"16216139","0","39","50","","(31141060,6)","","","(5,0)","","","","","","",""
"16216140","0","40","50","","(31141060,6)","","","(5,0)","","","","","","",""
"16216141","0","41","50","","(31141060,6)","","","(5,0)","","","","","","",""
"16216142","0","42","50","","(31141060,6)","","","(5,0)","","","","","","",""
"16216143","0","43","50","","(31141060,6)","","","(5,0)","","","","","","",""
"16216144","0","44","50","","(31141060,6)","","","(5,0)","","","","","","",""
"16216145","0","45","50","","(31141060,6)","","","(5,0)","","","","","","",""
"16216146","0","46","50","","(31141060,6)","","","(5,0)","","","","","","",""
"16216147","0","47","50","","(31141060,6)","","","(5,0)","","","","","","",""
"16216148","0","48","50","","(31141060,6)","","","(5,0)","","","","","","",""
"16216149","0","49","50","","(31141060,6)","","","(5,0)","","","","","","",""
"16216150","0","50","50","","(31141060,6)","","","(5,0)","","","","","","",""
"16216201","1","1","50","","(31141059,14)","","","","","","","","","",""
"16216202","1","2","50","","(31141059,14)","","","","","","","","","",""
"16216203","1","3","50","","(31141059,14)","","","","","","","","","",""
"16216204","1","4","50","","(31141059,14)","","","","","","","","","",""
"16216205","1","5","50","","(31141059,14)","","","","","","","","","",""
"16216206","1","6","50","","(31141059,14)","","","","","","","","","",""
"16216207","1","7","50","","(31141059,14)","","","","","","","","","",""
"16216208","1","8","50","","(31141059,14)","","","","","","","","","",""
"16216209","1","9","50","","(31141059,14)","","","","","","","","","",""
"16216210","1","10","50","","(31141059,14)","","","","","","","","","",""
"16216211","1","11","50","","(31141059,14)","","","","","","","","","",""
"16216212","1","12","50","","(31141059,14)","","","","","","","","","",""
"16216213","1","13","50","","(31141059,14)","","","","","","","","","",""
"16216214","1","14","50","","(31141059,14)","","","","","","","","","",""
"16216215","1","15","50","","(31141059,14)","","","","","","","","","",""
"16216216","1","16","50","","(31141059,14)","","","","","","","","","",""
"16216217","1","17","50","","(31141059,14)","","","","","","","","","",""
"16216218","1","18","50","","(31141059,14)","","","","","","","","","",""
"16216219","1","19","50","","(31141059,14)","","","","","","","","","",""
"16216220","1","20","50","","(31141059,14)","","","","","","","","","",""
"16216221","1","21","50","","(31141059,14)","","","","","","","","","",""
"16216222","1","22","50","","(31141059,14)","","","","","","","","","",""
"16216223","1","23","50","","(31141059,14)","","","","","","","","","",""
"16216224","1","24","50","","(31141059,14)","","","","","","","","","",""
"16216225","1","25","50","","(31141059,14)","","","","","","","","","",""
"16216226","1","26","50","","(31141059,14)","","","","","","","","","",""
"16216227","1","27","50","","(31141059,14)","","","","","","","","","",""
"16216228","1","28","50","","(31141059,14)","","","","","","","","","",""
"16216229","1","29","50","","(31141059,14)","","","","","","","","","",""
"16216230","1","30","50","","(31141060,7)","","","(5,0)","","","","","","",""
"16216231","1","31","50","","(31141060,7)","","","(5,0)","","","","","","",""
"16216232","1","32","50","","(31141060,7)","","","(5,0)","","","","","","",""
"16216233","1","33","50","","(31141060,7)","","","(5,0)","","","","","","",""
"16216234","1","34","50","","(31141060,7)","","","(5,0)","","","","","","",""
"16216235","1","35","50","","(31141060,7)","","","(5,0)","","","","","","",""
"16216236","1","36","50","","(31141060,7)","","","(5,0)","","","","","","",""
"16216237","1","37","50","","(31141060,7)","","","(5,0)","","","","","","",""
"16216238","1","38","50","","(31141060,7)","","","(5,0)","","","","","","",""
"16216239","1","39","50","","(31141060,7)","","","(5,0)","","","","","","",""
"16216240","1","40","50","","(31141060,7)","","","(5,0)","","","","","","",""
"16216241","1","41","50","","(31141060,7)","","","(5,0)","","","","","","",""
"16216242","1","42","50","","(31141060,7)","","","(5,0)","","","","","","",""
"16216243","1","43","50","","(31141060,7)","","","(5,0)","","","","","","",""
"16216244","1","44","50","","(31141060,7)","","","(5,0)","","","","","","",""
"16216245","1","45","50","","(31141060,7)","","","(5,0)","","","","","","",""
"16216246","1","46","50","","(31141060,7)","","","(5,0)","","","","","","",""
"16216247","1","47","50","","(31141060,7)","","","(5,0)","","","","","","",""
"16216248","1","48","50","","(31141060,7)","","","(5,0)","","","","","","",""
"16216249","1","49","50","","(31141060,7)","","","(5,0)","","","","","","",""
"16216250","1","50","50","","(31141060,7)","","","(5,0)","","","","","","",""
"16216301","2","1","50","","(31141059,16)","","","","","","","","","",""
"16216302","2","2","50","","(31141059,16)","","","","","","","","","",""
"16216303","2","3","50","","(31141059,16)","","","","","","","","","",""
"16216304","2","4","50","","(31141059,16)","","","","","","","","","",""
"16216305","2","5","50","","(31141059,16)","","","","","","","","","",""
"16216306","2","6","50","","(31141059,16)","","","","","","","","","",""
"16216307","2","7","50","","(31141059,16)","","","","","","","","","",""
"16216308","2","8","50","","(31141059,16)","","","","","","","","","",""
"16216309","2","9","50","","(31141059,16)","","","","","","","","","",""
"16216310","2","10","50","","(31141059,16)","","","","","","","","","",""
"16216311","2","11","50","","(31141059,16)","","","","","","","","","",""
"16216312","2","12","50","","(31141059,16)","","","","","","","","","",""
"16216313","2","13","50","","(31141059,16)","","","","","","","","","",""
"16216314","2","14","50","","(31141059,16)","","","","","","","","","",""
"16216315","2","15","50","","(31141059,16)","","","","","","","","","",""
"16216316","2","16","50","","(31141059,16)","","","","","","","","","",""
"16216317","2","17","50","","(31141059,16)","","","","","","","","","",""
"16216318","2","18","50","","(31141059,16)","","","","","","","","","",""
"16216319","2","19","50","","(31141059,16)","","","","","","","","","",""
"16216320","2","20","50","","(31141059,16)","","","","","","","","","",""
"16216321","2","21","50","","(31141059,16)","","","","","","","","","",""
"16216322","2","22","50","","(31141059,16)","","","","","","","","","",""
"16216323","2","23","50","","(31141059,16)","","","","","","","","","",""
"16216324","2","24","50","","(31141059,16)","","","","","","","","","",""
"16216325","2","25","50","","(31141059,16)","","","","","","","","","",""
"16216326","2","26","50","","(31141059,16)","","","","","","","","","",""
"16216327","2","27","50","","(31141059,16)","","","","","","","","","",""
"16216328","2","28","50","","(31141059,16)","","","","","","","","","",""
"16216329","2","29","50","","(31141059,16)","","","","","","","","","",""
"16216330","2","30","50","","(31141060,8)","","","(5,0)","","","","","","",""
"16216331","2","31","50","","(31141060,8)","","","(5,0)","","","","","","",""
"16216332","2","32","50","","(31141060,8)","","","(5,0)","","","","","","",""
"16216333","2","33","50","","(31141060,8)","","","(5,0)","","","","","","",""
"16216334","2","34","50","","(31141060,8)","","","(5,0)","","","","","","",""
"16216335","2","35","50","","(31141060,8)","","","(5,0)","","","","","","",""
"16216336","2","36","50","","(31141060,8)","","","(5,0)","","","","","","",""
"16216337","2","37","50","","(31141060,8)","","","(5,0)","","","","","","",""
"16216338","2","38","50","","(31141060,8)","","","(5,0)","","","","","","",""
"16216339","2","39","50","","(31141060,8)","","","(5,0)","","","","","","",""
"16216340","2","40","50","","(31141060,8)","","","(5,0)","","","","","","",""
"16216341","2","41","50","","(31141060,8)","","","(5,0)","","","","","","",""
"16216342","2","42","50","","(31141060,8)","","","(5,0)","","","","","","",""
"16216343","2","43","50","","(31141060,8)","","","(5,0)","","","","","","",""
"16216344","2","44","50","","(31141060,8)","","","(5,0)","","","","","","",""
"16216345","2","45","50","","(31141060,8)","","","(5,0)","","","","","","",""
"16216346","2","46","50","","(31141060,8)","","","(5,0)","","","","","","",""
"16216347","2","47","50","","(31141060,8)","","","(5,0)","","","","","","",""
"16216348","2","48","50","","(31141060,8)","","","(5,0)","","","","","","",""
"16216349","2","49","50","","(31141060,8)","","","(5,0)","","","","","","",""
"16216350","2","50","50","","(31141060,8)","","","(5,0)","","","","","","",""
"16217101","0","1","50","","(31141059,13)","","","","","","","","","",""
"16217102","0","2","50","","(31141059,13)","","","","","","","","","",""
"16217103","0","3","50","","(31141059,13)","","","","","","","","","",""
"16217104","0","4","50","","(31141059,13)","","","","","","","","","",""
"16217105","0","5","50","","(31141059,13)","","","","","","","","","",""
"16217106","0","6","50","","(31141059,13)","","","","","","","","","",""
"16217107","0","7","50","","(31141059,13)","","","","","","","","","",""
"16217108","0","8","50","","(31141059,13)","","","","","","","","","",""
"16217109","0","9","50","","(31141059,13)","","","","","","","","","",""
"16217110","0","10","50","","(31141059,13)","","","","","","","","","",""
"16217111","0","11","50","","(31141059,13)","","","","","","","","","",""
"16217112","0","12","50","","(31141059,13)","","","","","","","","","",""
"16217113","0","13","50","","(31141059,13)","","","","","","","","","",""
"16217114","0","14","50","","(31141059,13)","","","","","","","","","",""
"16217115","0","15","50","","(31141059,13)","","","","","","","","","",""
"16217116","0","16","50","","(31141059,13)","","","","","","","","","",""
"16217117","0","17","50","","(31141059,13)","","","","","","","","","",""
"16217118","0","18","50","","(31141059,13)","","","","","","","","","",""
"16217119","0","19","50","","(31141059,13)","","","","","","","","","",""
"16217120","0","20","50","","(31141059,13)","","","","","","","","","",""
"16217121","0","21","50","","(31141059,13)","","","","","","","","","",""
"16217122","0","22","50","","(31141059,13)","","","","","","","","","",""
"16217123","0","23","50","","(31141059,13)","","","","","","","","","",""
"16217124","0","24","50","","(31141059,13)","","","","","","","","","",""
"16217125","0","25","50","","(31141059,13)","","","","","","","","","",""
"16217126","0","26","50","","(31141059,13)","","","","","","","","","",""
"16217127","0","27","50","","(31141059,13)","","","","","","","","","",""
"16217128","0","28","50","","(31141059,13)","","","","","","","","","",""
"16217129","0","29","50","","(31141059,13)","","","","","","","","","",""
"16217130","0","30","50","","(31141060,7)","","","(5,0)","","","","","","",""
"16217131","0","31","50","","(31141060,7)","","","(5,0)","","","","","","",""
"16217132","0","32","50","","(31141060,7)","","","(5,0)","","","","","","",""
"16217133","0","33","50","","(31141060,7)","","","(5,0)","","","","","","",""
"16217134","0","34","50","","(31141060,7)","","","(5,0)","","","","","","",""
"16217135","0","35","50","","(31141060,7)","","","(5,0)","","","","","","",""
"16217136","0","36","50","","(31141060,7)","","","(5,0)","","","","","","",""
"16217137","0","37","50","","(31141060,7)","","","(5,0)","","","","","","",""
"16217138","0","38","50","","(31141060,7)","","","(5,0)","","","","","","",""
"16217139","0","39","50","","(31141060,7)","","","(5,0)","","","","","","",""
"16217140","0","40","50","","(31141060,7)","","","(5,0)","","","","","","",""
"16217141","0","41","50","","(31141060,7)","","","(5,0)","","","","","","",""
"16217142","0","42","50","","(31141060,7)","","","(5,0)","","","","","","",""
"16217143","0","43","50","","(31141060,7)","","","(5,0)","","","","","","",""
"16217144","0","44","50","","(31141060,7)","","","(5,0)","","","","","","",""
"16217145","0","45","50","","(31141060,7)","","","(5,0)","","","","","","",""
"16217146","0","46","50","","(31141060,7)","","","(5,0)","","","","","","",""
"16217147","0","47","50","","(31141060,7)","","","(5,0)","","","","","","",""
"16217148","0","48","50","","(31141060,7)","","","(5,0)","","","","","","",""
"16217149","0","49","50","","(31141060,7)","","","(5,0)","","","","","","",""
"16217150","0","50","50","","(31141060,7)","","","(5,0)","","","","","","",""
"16217201","1","1","50","","(31141059,14)","","","","","","","","","",""
"16217202","1","2","50","","(31141059,14)","","","","","","","","","",""
"16217203","1","3","50","","(31141059,14)","","","","","","","","","",""
"16217204","1","4","50","","(31141059,14)","","","","","","","","","",""
"16217205","1","5","50","","(31141059,14)","","","","","","","","","",""
"16217206","1","6","50","","(31141059,14)","","","","","","","","","",""
"16217207","1","7","50","","(31141059,14)","","","","","","","","","",""
"16217208","1","8","50","","(31141059,14)","","","","","","","","","",""
"16217209","1","9","50","","(31141059,14)","","","","","","","","","",""
"16217210","1","10","50","","(31141059,14)","","","","","","","","","",""
"16217211","1","11","50","","(31141059,14)","","","","","","","","","",""
"16217212","1","12","50","","(31141059,14)","","","","","","","","","",""
"16217213","1","13","50","","(31141059,14)","","","","","","","","","",""
"16217214","1","14","50","","(31141059,14)","","","","","","","","","",""
"16217215","1","15","50","","(31141059,14)","","","","","","","","","",""
"16217216","1","16","50","","(31141059,14)","","","","","","","","","",""
"16217217","1","17","50","","(31141059,14)","","","","","","","","","",""
"16217218","1","18","50","","(31141059,14)","","","","","","","","","",""
"16217219","1","19","50","","(31141059,14)","","","","","","","","","",""
"16217220","1","20","50","","(31141059,14)","","","","","","","","","",""
"16217221","1","21","50","","(31141059,14)","","","","","","","","","",""
"16217222","1","22","50","","(31141059,14)","","","","","","","","","",""
"16217223","1","23","50","","(31141059,14)","","","","","","","","","",""
"16217224","1","24","50","","(31141059,14)","","","","","","","","","",""
"16217225","1","25","50","","(31141059,14)","","","","","","","","","",""
"16217226","1","26","50","","(31141059,14)","","","","","","","","","",""
"16217227","1","27","50","","(31141059,14)","","","","","","","","","",""
"16217228","1","28","50","","(31141059,14)","","","","","","","","","",""
"16217229","1","29","50","","(31141059,14)","","","","","","","","","",""
"16217230","1","30","50","","(31141060,7)","","","(5,0)","","","","","","",""
"16217231","1","31","50","","(31141060,7)","","","(5,0)","","","","","","",""
"16217232","1","32","50","","(31141060,7)","","","(5,0)","","","","","","",""
"16217233","1","33","50","","(31141060,7)","","","(5,0)","","","","","","",""
"16217234","1","34","50","","(31141060,7)","","","(5,0)","","","","","","",""
"16217235","1","35","50","","(31141060,7)","","","(5,0)","","","","","","",""
"16217236","1","36","50","","(31141060,7)","","","(5,0)","","","","","","",""
"16217237","1","37","50","","(31141060,7)","","","(5,0)","","","","","","",""
"16217238","1","38","50","","(31141060,7)","","","(5,0)","","","","","","",""
"16217239","1","39","50","","(31141060,7)","","","(5,0)","","","","","","",""
"16217240","1","40","50","","(31141060,7)","","","(5,0)","","","","","","",""
"16217241","1","41","50","","(31141060,7)","","","(5,0)","","","","","","",""
"16217242","1","42","50","","(31141060,7)","","","(5,0)","","","","","","",""
"16217243","1","43","50","","(31141060,7)","","","(5,0)","","","","","","",""
"16217244","1","44","50","","(31141060,7)","","","(5,0)","","","","","","",""
"16217245","1","45","50","","(31141060,7)","","","(5,0)","","","","","","",""
"16217246","1","46","50","","(31141060,7)","","","(5,0)","","","","","","",""
"16217247","1","47","50","","(31141060,7)","","","(5,0)","","","","","","",""
"16217248","1","48","50","","(31141060,7)","","","(5,0)","","","","","","",""
"16217249","1","49","50","","(31141060,7)","","","(5,0)","","","","","","",""
"16217250","1","50","50","","(31141060,7)","","","(5,0)","","","","","","",""
"16217301","2","1","50","","(31141059,17)","","","","","","","","","",""
"16217302","2","2","50","","(31141059,17)","","","","","","","","","",""
"16217303","2","3","50","","(31141059,17)","","","","","","","","","",""
"16217304","2","4","50","","(31141059,17)","","","","","","","","","",""
"16217305","2","5","50","","(31141059,17)","","","","","","","","","",""
"16217306","2","6","50","","(31141059,17)","","","","","","","","","",""
"16217307","2","7","50","","(31141059,17)","","","","","","","","","",""
"16217308","2","8","50","","(31141059,17)","","","","","","","","","",""
"16217309","2","9","50","","(31141059,17)","","","","","","","","","",""
"16217310","2","10","50","","(31141059,17)","","","","","","","","","",""
"16217311","2","11","50","","(31141059,17)","","","","","","","","","",""
"16217312","2","12","50","","(31141059,17)","","","","","","","","","",""
"16217313","2","13","50","","(31141059,17)","","","","","","","","","",""
"16217314","2","14","50","","(31141059,17)","","","","","","","","","",""
"16217315","2","15","50","","(31141059,17)","","","","","","","","","",""
"16217316","2","16","50","","(31141059,17)","","","","","","","","","",""
"16217317","2","17","50","","(31141059,17)","","","","","","","","","",""
"16217318","2","18","50","","(31141059,17)","","","","","","","","","",""
"16217319","2","19","50","","(31141059,17)","","","","","","","","","",""
"16217320","2","20","50","","(31141059,17)","","","","","","","","","",""
"16217321","2","21","50","","(31141059,17)","","","","","","","","","",""
"16217322","2","22","50","","(31141059,17)","","","","","","","","","",""
"16217323","2","23","50","","(31141059,17)","","","","","","","","","",""
"16217324","2","24","50","","(31141059,17)","","","","","","","","","",""
"16217325","2","25","50","","(31141059,17)","","","","","","","","","",""
"16217326","2","26","50","","(31141059,17)","","","","","","","","","",""
"16217327","2","27","50","","(31141059,17)","","","","","","","","","",""
"16217328","2","28","50","","(31141059,17)","","","","","","","","","",""
"16217329","2","29","50","","(31141059,17)","","","","","","","","","",""
"16217330","2","30","50","","(31141060,9)","","","(5,0)","","","","","","",""
"16217331","2","31","50","","(31141060,9)","","","(5,0)","","","","","","",""
"16217332","2","32","50","","(31141060,9)","","","(5,0)","","","","","","",""
"16217333","2","33","50","","(31141060,9)","","","(5,0)","","","","","","",""
"16217334","2","34","50","","(31141060,9)","","","(5,0)","","","","","","",""
"16217335","2","35","50","","(31141060,9)","","","(5,0)","","","","","","",""
"16217336","2","36","50","","(31141060,9)","","","(5,0)","","","","","","",""
"16217337","2","37","50","","(31141060,9)","","","(5,0)","","","","","","",""
"16217338","2","38","50","","(31141060,9)","","","(5,0)","","","","","","",""
"16217339","2","39","50","","(31141060,9)","","","(5,0)","","","","","","",""
"16217340","2","40","50","","(31141060,9)","","","(5,0)","","","","","","",""
"16217341","2","41","50","","(31141060,9)","","","(5,0)","","","","","","",""
"16217342","2","42","50","","(31141060,9)","","","(5,0)","","","","","","",""
"16217343","2","43","50","","(31141060,9)","","","(5,0)","","","","","","",""
"16217344","2","44","50","","(31141060,9)","","","(5,0)","","","","","","",""
"16217345","2","45","50","","(31141060,9)","","","(5,0)","","","","","","",""
"16217346","2","46","50","","(31141060,9)","","","(5,0)","","","","","","",""
"16217347","2","47","50","","(31141060,9)","","","(5,0)","","","","","","",""
"16217348","2","48","50","","(31141060,9)","","","(5,0)","","","","","","",""
"16217349","2","49","50","","(31141060,9)","","","(5,0)","","","","","","",""
"16217350","2","50","50","","(31141060,9)","","","(5,0)","","","","","","",""
"16218101","0","1","50","","(31141059,14)","","","","","","","","","",""
"16218102","0","2","50","","(31141059,14)","","","","","","","","","",""
"16218103","0","3","50","","(31141059,14)","","","","","","","","","",""
"16218104","0","4","50","","(31141059,14)","","","","","","","","","",""
"16218105","0","5","50","","(31141059,14)","","","","","","","","","",""
"16218106","0","6","50","","(31141059,14)","","","","","","","","","",""
"16218107","0","7","50","","(31141059,14)","","","","","","","","","",""
"16218108","0","8","50","","(31141059,14)","","","","","","","","","",""
"16218109","0","9","50","","(31141059,14)","","","","","","","","","",""
"16218110","0","10","50","","(31141059,14)","","","","","","","","","",""
"16218111","0","11","50","","(31141059,14)","","","","","","","","","",""
"16218112","0","12","50","","(31141059,14)","","","","","","","","","",""
"16218113","0","13","50","","(31141059,14)","","","","","","","","","",""
"16218114","0","14","50","","(31141059,14)","","","","","","","","","",""
"16218115","0","15","50","","(31141059,14)","","","","","","","","","",""
"16218116","0","16","50","","(31141059,14)","","","","","","","","","",""
"16218117","0","17","50","","(31141059,14)","","","","","","","","","",""
"16218118","0","18","50","","(31141059,14)","","","","","","","","","",""
"16218119","0","19","50","","(31141059,14)","","","","","","","","","",""
"16218120","0","20","50","","(31141059,14)","","","","","","","","","",""
"16218121","0","21","50","","(31141059,14)","","","","","","","","","",""
"16218122","0","22","50","","(31141059,14)","","","","","","","","","",""
"16218123","0","23","50","","(31141059,14)","","","","","","","","","",""
"16218124","0","24","50","","(31141059,14)","","","","","","","","","",""
"16218125","0","25","50","","(31141059,14)","","","","","","","","","",""
"16218126","0","26","50","","(31141059,14)","","","","","","","","","",""
"16218127","0","27","50","","(31141059,14)","","","","","","","","","",""
"16218128","0","28","50","","(31141059,14)","","","","","","","","","",""
"16218129","0","29","50","","(31141059,14)","","","","","","","","","",""
"16218130","0","30","50","","(31141060,7)","","","(5,0)","","","","","","",""
"16218131","0","31","50","","(31141060,7)","","","(5,0)","","","","","","",""
"16218132","0","32","50","","(31141060,7)","","","(5,0)","","","","","","",""
"16218133","0","33","50","","(31141060,7)","","","(5,0)","","","","","","",""
"16218134","0","34","50","","(31141060,7)","","","(5,0)","","","","","","",""
"16218135","0","35","50","","(31141060,7)","","","(5,0)","","","","","","",""
"16218136","0","36","50","","(31141060,7)","","","(5,0)","","","","","","",""
"16218137","0","37","50","","(31141060,7)","","","(5,0)","","","","","","",""
"16218138","0","38","50","","(31141060,7)","","","(5,0)","","","","","","",""
"16218139","0","39","50","","(31141060,7)","","","(5,0)","","","","","","",""
"16218140","0","40","50","","(31141060,7)","","","(5,0)","","","","","","",""
"16218141","0","41","50","","(31141060,7)","","","(5,0)","","","","","","",""
"16218142","0","42","50","","(31141060,7)","","","(5,0)","","","","","","",""
"16218143","0","43","50","","(31141060,7)","","","(5,0)","","","","","","",""
"16218144","0","44","50","","(31141060,7)","","","(5,0)","","","","","","",""
"16218145","0","45","50","","(31141060,7)","","","(5,0)","","","","","","",""
"16218146","0","46","50","","(31141060,7)","","","(5,0)","","","","","","",""
"16218147","0","47","50","","(31141060,7)","","","(5,0)","","","","","","",""
"16218148","0","48","50","","(31141060,7)","","","(5,0)","","","","","","",""
"16218149","0","49","50","","(31141060,7)","","","(5,0)","","","","","","",""
"16218150","0","50","50","","(31141060,7)","","","(5,0)","","","","","","",""
"16218201","1","1","50","","(31141059,15)","","","","","","","","","",""
"16218202","1","2","50","","(31141059,15)","","","","","","","","","",""
"16218203","1","3","50","","(31141059,15)","","","","","","","","","",""
"16218204","1","4","50","","(31141059,15)","","","","","","","","","",""
"16218205","1","5","50","","(31141059,15)","","","","","","","","","",""
"16218206","1","6","50","","(31141059,15)","","","","","","","","","",""
"16218207","1","7","50","","(31141059,15)","","","","","","","","","",""
"16218208","1","8","50","","(31141059,15)","","","","","","","","","",""
"16218209","1","9","50","","(31141059,15)","","","","","","","","","",""
"16218210","1","10","50","","(31141059,15)","","","","","","","","","",""
"16218211","1","11","50","","(31141059,15)","","","","","","","","","",""
"16218212","1","12","50","","(31141059,15)","","","","","","","","","",""
"16218213","1","13","50","","(31141059,15)","","","","","","","","","",""
"16218214","1","14","50","","(31141059,15)","","","","","","","","","",""
"16218215","1","15","50","","(31141059,15)","","","","","","","","","",""
"16218216","1","16","50","","(31141059,15)","","","","","","","","","",""
"16218217","1","17","50","","(31141059,15)","","","","","","","","","",""
"16218218","1","18","50","","(31141059,15)","","","","","","","","","",""
"16218219","1","19","50","","(31141059,15)","","","","","","","","","",""
"16218220","1","20","50","","(31141059,15)","","","","","","","","","",""
"16218221","1","21","50","","(31141059,15)","","","","","","","","","",""
"16218222","1","22","50","","(31141059,15)","","","","","","","","","",""
"16218223","1","23","50","","(31141059,15)","","","","","","","","","",""
"16218224","1","24","50","","(31141059,15)","","","","","","","","","",""
"16218225","1","25","50","","(31141059,15)","","","","","","","","","",""
"16218226","1","26","50","","(31141059,15)","","","","","","","","","",""
"16218227","1","27","50","","(31141059,15)","","","","","","","","","",""
"16218228","1","28","50","","(31141059,15)","","","","","","","","","",""
"16218229","1","29","50","","(31141059,15)","","","","","","","","","",""
"16218230","1","30","50","","(31141060,8)","","","(5,0)","","","","","","",""
"16218231","1","31","50","","(31141060,8)","","","(5,0)","","","","","","",""
"16218232","1","32","50","","(31141060,8)","","","(5,0)","","","","","","",""
"16218233","1","33","50","","(31141060,8)","","","(5,0)","","","","","","",""
"16218234","1","34","50","","(31141060,8)","","","(5,0)","","","","","","",""
"16218235","1","35","50","","(31141060,8)","","","(5,0)","","","","","","",""
"16218236","1","36","50","","(31141060,8)","","","(5,0)","","","","","","",""
"16218237","1","37","50","","(31141060,8)","","","(5,0)","","","","","","",""
"16218238","1","38","50","","(31141060,8)","","","(5,0)","","","","","","",""
"16218239","1","39","50","","(31141060,8)","","","(5,0)","","","","","","",""
"16218240","1","40","50","","(31141060,8)","","","(5,0)","","","","","","",""
"16218241","1","41","50","","(31141060,8)","","","(5,0)","","","","","","",""
"16218242","1","42","50","","(31141060,8)","","","(5,0)","","","","","","",""
"16218243","1","43","50","","(31141060,8)","","","(5,0)","","","","","","",""
"16218244","1","44","50","","(31141060,8)","","","(5,0)","","","","","","",""
"16218245","1","45","50","","(31141060,8)","","","(5,0)","","","","","","",""
"16218246","1","46","50","","(31141060,8)","","","(5,0)","","","","","","",""
"16218247","1","47","50","","(31141060,8)","","","(5,0)","","","","","","",""
"16218248","1","48","50","","(31141060,8)","","","(5,0)","","","","","","",""
"16218249","1","49","50","","(31141060,8)","","","(5,0)","","","","","","",""
"16218250","1","50","50","","(31141060,8)","","","(5,0)","","","","","","",""
"16218301","2","1","50","","(31141059,19)","","","","","","","","","",""
"16218302","2","2","50","","(31141059,19)","","","","","","","","","",""
"16218303","2","3","50","","(31141059,19)","","","","","","","","","",""
"16218304","2","4","50","","(31141059,19)","","","","","","","","","",""
"16218305","2","5","50","","(31141059,19)","","","","","","","","","",""
"16218306","2","6","50","","(31141059,19)","","","","","","","","","",""
"16218307","2","7","50","","(31141059,19)","","","","","","","","","",""
"16218308","2","8","50","","(31141059,19)","","","","","","","","","",""
"16218309","2","9","50","","(31141059,19)","","","","","","","","","",""
"16218310","2","10","50","","(31141059,19)","","","","","","","","","",""
"16218311","2","11","50","","(31141059,19)","","","","","","","","","",""
"16218312","2","12","50","","(31141059,19)","","","","","","","","","",""
"16218313","2","13","50","","(31141059,19)","","","","","","","","","",""
"16218314","2","14","50","","(31141059,19)","","","","","","","","","",""
"16218315","2","15","50","","(31141059,19)","","","","","","","","","",""
"16218316","2","16","50","","(31141059,19)","","","","","","","","","",""
"16218317","2","17","50","","(31141059,19)","","","","","","","","","",""
"16218318","2","18","50","","(31141059,19)","","","","","","","","","",""
"16218319","2","19","50","","(31141059,19)","","","","","","","","","",""
"16218320","2","20","50","","(31141059,19)","","","","","","","","","",""
"16218321","2","21","50","","(31141059,19)","","","","","","","","","",""
"16218322","2","22","50","","(31141059,19)","","","","","","","","","",""
"16218323","2","23","50","","(31141059,19)","","","","","","","","","",""
"16218324","2","24","50","","(31141059,19)","","","","","","","","","",""
"16218325","2","25","50","","(31141059,19)","","","","","","","","","",""
"16218326","2","26","50","","(31141059,19)","","","","","","","","","",""
"16218327","2","27","50","","(31141059,19)","","","","","","","","","",""
"16218328","2","28","50","","(31141059,19)","","","","","","","","","",""
"16218329","2","29","50","","(31141059,19)","","","","","","","","","",""
"16218330","2","30","50","","(31141060,10)","","","(5,0)","","","","","","",""
"16218331","2","31","50","","(31141060,10)","","","(5,0)","","","","","","",""
"16218332","2","32","50","","(31141060,10)","","","(5,0)","","","","","","",""
"16218333","2","33","50","","(31141060,10)","","","(5,0)","","","","","","",""
"16218334","2","34","50","","(31141060,10)","","","(5,0)","","","","","","",""
"16218335","2","35","50","","(31141060,10)","","","(5,0)","","","","","","",""
"16218336","2","36","50","","(31141060,10)","","","(5,0)","","","","","","",""
"16218337","2","37","50","","(31141060,10)","","","(5,0)","","","","","","",""
"16218338","2","38","50","","(31141060,10)","","","(5,0)","","","","","","",""
"16218339","2","39","50","","(31141060,10)","","","(5,0)","","","","","","",""
"16218340","2","40","50","","(31141060,10)","","","(5,0)","","","","","","",""
"16218341","2","41","50","","(31141060,10)","","","(5,0)","","","","","","",""
"16218342","2","42","50","","(31141060,10)","","","(5,0)","","","","","","",""
"16218343","2","43","50","","(31141060,10)","","","(5,0)","","","","","","",""
"16218344","2","44","50","","(31141060,10)","","","(5,0)","","","","","","",""
"16218345","2","45","50","","(31141060,10)","","","(5,0)","","","","","","",""
"16218346","2","46","50","","(31141060,10)","","","(5,0)","","","","","","",""
"16218347","2","47","50","","(31141060,10)","","","(5,0)","","","","","","",""
"16218348","2","48","50","","(31141060,10)","","","(5,0)","","","","","","",""
"16218349","2","49","50","","(31141060,10)","","","(5,0)","","","","","","",""
"16218350","2","50","50","","(31141060,10)","","","(5,0)","","","","","","",""
"16219101","0","1","50","","(31141059,15)","","","","","","","","","",""
"16219102","0","2","50","","(31141059,15)","","","","","","","","","",""
"16219103","0","3","50","","(31141059,15)","","","","","","","","","",""
"16219104","0","4","50","","(31141059,15)","","","","","","","","","",""
"16219105","0","5","50","","(31141059,15)","","","","","","","","","",""
"16219106","0","6","50","","(31141059,15)","","","","","","","","","",""
"16219107","0","7","50","","(31141059,15)","","","","","","","","","",""
"16219108","0","8","50","","(31141059,15)","","","","","","","","","",""
"16219109","0","9","50","","(31141059,15)","","","","","","","","","",""
"16219110","0","10","50","","(31141059,15)","","","","","","","","","",""
"16219111","0","11","50","","(31141059,15)","","","","","","","","","",""
"16219112","0","12","50","","(31141059,15)","","","","","","","","","",""
"16219113","0","13","50","","(31141059,15)","","","","","","","","","",""
"16219114","0","14","50","","(31141059,15)","","","","","","","","","",""
"16219115","0","15","50","","(31141059,15)","","","","","","","","","",""
"16219116","0","16","50","","(31141059,15)","","","","","","","","","",""
"16219117","0","17","50","","(31141059,15)","","","","","","","","","",""
"16219118","0","18","50","","(31141059,15)","","","","","","","","","",""
"16219119","0","19","50","","(31141059,15)","","","","","","","","","",""
"16219120","0","20","50","","(31141059,15)","","","","","","","","","",""
"16219121","0","21","50","","(31141059,15)","","","","","","","","","",""
"16219122","0","22","50","","(31141059,15)","","","","","","","","","",""
"16219123","0","23","50","","(31141059,15)","","","","","","","","","",""
"16219124","0","24","50","","(31141059,15)","","","","","","","","","",""
"16219125","0","25","50","","(31141059,15)","","","","","","","","","",""
"16219126","0","26","50","","(31141059,15)","","","","","","","","","",""
"16219127","0","27","50","","(31141059,15)","","","","","","","","","",""
"16219128","0","28","50","","(31141059,15)","","","","","","","","","",""
"16219129","0","29","50","","(31141059,15)","","","","","","","","","",""
"16219130","0","30","50","","(31141060,8)","","","(5,0)","","","","","","",""
"16219131","0","31","50","","(31141060,8)","","","(5,0)","","","","","","",""
"16219132","0","32","50","","(31141060,8)","","","(5,0)","","","","","","",""
"16219133","0","33","50","","(31141060,8)","","","(5,0)","","","","","","",""
"16219134","0","34","50","","(31141060,8)","","","(5,0)","","","","","","",""
"16219135","0","35","50","","(31141060,8)","","","(5,0)","","","","","","",""
"16219136","0","36","50","","(31141060,8)","","","(5,0)","","","","","","",""
"16219137","0","37","50","","(31141060,8)","","","(5,0)","","","","","","",""
"16219138","0","38","50","","(31141060,8)","","","(5,0)","","","","","","",""
"16219139","0","39","50","","(31141060,8)","","","(5,0)","","","","","","",""
"16219140","0","40","50","","(31141060,8)","","","(5,0)","","","","","","",""
"16219141","0","41","50","","(31141060,8)","","","(5,0)","","","","","","",""
"16219142","0","42","50","","(31141060,8)","","","(5,0)","","","","","","",""
"16219143","0","43","50","","(31141060,8)","","","(5,0)","","","","","","",""
"16219144","0","44","50","","(31141060,8)","","","(5,0)","","","","","","",""
"16219145","0","45","50","","(31141060,8)","","","(5,0)","","","","","","",""
"16219146","0","46","50","","(31141060,8)","","","(5,0)","","","","","","",""
"16219147","0","47","50","","(31141060,8)","","","(5,0)","","","","","","",""
"16219148","0","48","50","","(31141060,8)","","","(5,0)","","","","","","",""
"16219149","0","49","50","","(31141060,8)","","","(5,0)","","","","","","",""
"16219150","0","50","50","","(31141060,8)","","","(5,0)","","","","","","",""
"16219201","1","1","50","","(31141059,17)","","","","","","","","","",""
"16219202","1","2","50","","(31141059,17)","","","","","","","","","",""
"16219203","1","3","50","","(31141059,17)","","","","","","","","","",""
"16219204","1","4","50","","(31141059,17)","","","","","","","","","",""
"16219205","1","5","50","","(31141059,17)","","","","","","","","","",""
"16219206","1","6","50","","(31141059,17)","","","","","","","","","",""
"16219207","1","7","50","","(31141059,17)","","","","","","","","","",""
"16219208","1","8","50","","(31141059,17)","","","","","","","","","",""
"16219209","1","9","50","","(31141059,17)","","","","","","","","","",""
"16219210","1","10","50","","(31141059,17)","","","","","","","","","",""
"16219211","1","11","50","","(31141059,17)","","","","","","","","","",""
"16219212","1","12","50","","(31141059,17)","","","","","","","","","",""
"16219213","1","13","50","","(31141059,17)","","","","","","","","","",""
"16219214","1","14","50","","(31141059,17)","","","","","","","","","",""
"16219215","1","15","50","","(31141059,17)","","","","","","","","","",""
"16219216","1","16","50","","(31141059,17)","","","","","","","","","",""
"16219217","1","17","50","","(31141059,17)","","","","","","","","","",""
"16219218","1","18","50","","(31141059,17)","","","","","","","","","",""
"16219219","1","19","50","","(31141059,17)","","","","","","","","","",""
"16219220","1","20","50","","(31141059,17)","","","","","","","","","",""
"16219221","1","21","50","","(31141059,17)","","","","","","","","","",""
"16219222","1","22","50","","(31141059,17)","","","","","","","","","",""
"16219223","1","23","50","","(31141059,17)","","","","","","","","","",""
"16219224","1","24","50","","(31141059,17)","","","","","","","","","",""
"16219225","1","25","50","","(31141059,17)","","","","","","","","","",""
"16219226","1","26","50","","(31141059,17)","","","","","","","","","",""
"16219227","1","27","50","","(31141059,17)","","","","","","","","","",""
"16219228","1","28","50","","(31141059,17)","","","","","","","","","",""
"16219229","1","29","50","","(31141059,17)","","","","","","","","","",""
"16219230","1","30","50","","(31141060,9)","","","(5,0)","","","","","","",""
"16219231","1","31","50","","(31141060,9)","","","(5,0)","","","","","","",""
"16219232","1","32","50","","(31141060,9)","","","(5,0)","","","","","","",""
"16219233","1","33","50","","(31141060,9)","","","(5,0)","","","","","","",""
"16219234","1","34","50","","(31141060,9)","","","(5,0)","","","","","","",""
"16219235","1","35","50","","(31141060,9)","","","(5,0)","","","","","","",""
"16219236","1","36","50","","(31141060,9)","","","(5,0)","","","","","","",""
"16219237","1","37","50","","(31141060,9)","","","(5,0)","","","","","","",""
"16219238","1","38","50","","(31141060,9)","","","(5,0)","","","","","","",""
"16219239","1","39","50","","(31141060,9)","","","(5,0)","","","","","","",""
"16219240","1","40","50","","(31141060,9)","","","(5,0)","","","","","","",""
"16219241","1","41","50","","(31141060,9)","","","(5,0)","","","","","","",""
"16219242","1","42","50","","(31141060,9)","","","(5,0)","","","","","","",""
"16219243","1","43","50","","(31141060,9)","","","(5,0)","","","","","","",""
"16219244","1","44","50","","(31141060,9)","","","(5,0)","","","","","","",""
"16219245","1","45","50","","(31141060,9)","","","(5,0)","","","","","","",""
"16219246","1","46","50","","(31141060,9)","","","(5,0)","","","","","","",""
"16219247","1","47","50","","(31141060,9)","","","(5,0)","","","","","","",""
"16219248","1","48","50","","(31141060,9)","","","(5,0)","","","","","","",""
"16219249","1","49","50","","(31141060,9)","","","(5,0)","","","","","","",""
"16219250","1","50","50","","(31141060,9)","","","(5,0)","","","","","","",""
"16219301","2","1","50","","(31141059,20)","","","","","","","","","",""
"16219302","2","2","50","","(31141059,20)","","","","","","","","","",""
"16219303","2","3","50","","(31141059,20)","","","","","","","","","",""
"16219304","2","4","50","","(31141059,20)","","","","","","","","","",""
"16219305","2","5","50","","(31141059,20)","","","","","","","","","",""
"16219306","2","6","50","","(31141059,20)","","","","","","","","","",""
"16219307","2","7","50","","(31141059,20)","","","","","","","","","",""
"16219308","2","8","50","","(31141059,20)","","","","","","","","","",""
"16219309","2","9","50","","(31141059,20)","","","","","","","","","",""
"16219310","2","10","50","","(31141059,20)","","","","","","","","","",""
"16219311","2","11","50","","(31141059,20)","","","","","","","","","",""
"16219312","2","12","50","","(31141059,20)","","","","","","","","","",""
"16219313","2","13","50","","(31141059,20)","","","","","","","","","",""
"16219314","2","14","50","","(31141059,20)","","","","","","","","","",""
"16219315","2","15","50","","(31141059,20)","","","","","","","","","",""
"16219316","2","16","50","","(31141059,20)","","","","","","","","","",""
"16219317","2","17","50","","(31141059,20)","","","","","","","","","",""
"16219318","2","18","50","","(31141059,20)","","","","","","","","","",""
"16219319","2","19","50","","(31141059,20)","","","","","","","","","",""
"16219320","2","20","50","","(31141059,20)","","","","","","","","","",""
"16219321","2","21","50","","(31141059,20)","","","","","","","","","",""
"16219322","2","22","50","","(31141059,20)","","","","","","","","","",""
"16219323","2","23","50","","(31141059,20)","","","","","","","","","",""
"16219324","2","24","50","","(31141059,20)","","","","","","","","","",""
"16219325","2","25","50","","(31141059,20)","","","","","","","","","",""
"16219326","2","26","50","","(31141059,20)","","","","","","","","","",""
"16219327","2","27","50","","(31141059,20)","","","","","","","","","",""
"16219328","2","28","50","","(31141059,20)","","","","","","","","","",""
"16219329","2","29","50","","(31141059,20)","","","","","","","","","",""
"16219330","2","30","50","","(31141060,10)","","","(5,0)","","","","","","",""
"16219331","2","31","50","","(31141060,10)","","","(5,0)","","","","","","",""
"16219332","2","32","50","","(31141060,10)","","","(5,0)","","","","","","",""
"16219333","2","33","50","","(31141060,10)","","","(5,0)","","","","","","",""
"16219334","2","34","50","","(31141060,10)","","","(5,0)","","","","","","",""
"16219335","2","35","50","","(31141060,10)","","","(5,0)","","","","","","",""
"16219336","2","36","50","","(31141060,10)","","","(5,0)","","","","","","",""
"16219337","2","37","50","","(31141060,10)","","","(5,0)","","","","","","",""
"16219338","2","38","50","","(31141060,10)","","","(5,0)","","","","","","",""
"16219339","2","39","50","","(31141060,10)","","","(5,0)","","","","","","",""
"16219340","2","40","50","","(31141060,10)","","","(5,0)","","","","","","",""
"16219341","2","41","50","","(31141060,10)","","","(5,0)","","","","","","",""
"16219342","2","42","50","","(31141060,10)","","","(5,0)","","","","","","",""
"16219343","2","43","50","","(31141060,10)","","","(5,0)","","","","","","",""
"16219344","2","44","50","","(31141060,10)","","","(5,0)","","","","","","",""
"16219345","2","45","50","","(31141060,10)","","","(5,0)","","","","","","",""
"16219346","2","46","50","","(31141060,10)","","","(5,0)","","","","","","",""
"16219347","2","47","50","","(31141060,10)","","","(5,0)","","","","","","",""
"16219348","2","48","50","","(31141060,10)","","","(5,0)","","","","","","",""
"16219349","2","49","50","","(31141060,10)","","","(5,0)","","","","","","",""
"16219350","2","50","50","","(31141060,10)","","","(5,0)","","","","","","",""
"16220101","0","1","50","","(31141059,16)","","","","","","","","","",""
"16220102","0","2","50","","(31141059,16)","","","","","","","","","",""
"16220103","0","3","50","","(31141059,16)","","","","","","","","","",""
"16220104","0","4","50","","(31141059,16)","","","","","","","","","",""
"16220105","0","5","50","","(31141059,16)","","","","","","","","","",""
"16220106","0","6","50","","(31141059,16)","","","","","","","","","",""
"16220107","0","7","50","","(31141059,16)","","","","","","","","","",""
"16220108","0","8","50","","(31141059,16)","","","","","","","","","",""
"16220109","0","9","50","","(31141059,16)","","","","","","","","","",""
"16220110","0","10","50","","(31141059,16)","","","","","","","","","",""
"16220111","0","11","50","","(31141059,16)","","","","","","","","","",""
"16220112","0","12","50","","(31141059,16)","","","","","","","","","",""
"16220113","0","13","50","","(31141059,16)","","","","","","","","","",""
"16220114","0","14","50","","(31141059,16)","","","","","","","","","",""
"16220115","0","15","50","","(31141059,16)","","","","","","","","","",""
"16220116","0","16","50","","(31141059,16)","","","","","","","","","",""
"16220117","0","17","50","","(31141059,16)","","","","","","","","","",""
"16220118","0","18","50","","(31141059,16)","","","","","","","","","",""
"16220119","0","19","50","","(31141059,16)","","","","","","","","","",""
"16220120","0","20","50","","(31141059,16)","","","","","","","","","",""
"16220121","0","21","50","","(31141059,16)","","","","","","","","","",""
"16220122","0","22","50","","(31141059,16)","","","","","","","","","",""
"16220123","0","23","50","","(31141059,16)","","","","","","","","","",""
"16220124","0","24","50","","(31141059,16)","","","","","","","","","",""
"16220125","0","25","50","","(31141059,16)","","","","","","","","","",""
"16220126","0","26","50","","(31141059,16)","","","","","","","","","",""
"16220127","0","27","50","","(31141059,16)","","","","","","","","","",""
"16220128","0","28","50","","(31141059,16)","","","","","","","","","",""
"16220129","0","29","50","","(31141059,16)","","","","","","","","","",""
"16220130","0","30","50","","(31141060,8)","","","(5,0)","","","","","","",""
"16220131","0","31","50","","(31141060,8)","","","(5,0)","","","","","","",""
"16220132","0","32","50","","(31141060,8)","","","(5,0)","","","","","","",""
"16220133","0","33","50","","(31141060,8)","","","(5,0)","","","","","","",""
"16220134","0","34","50","","(31141060,8)","","","(5,0)","","","","","","",""
"16220135","0","35","50","","(31141060,8)","","","(5,0)","","","","","","",""
"16220136","0","36","50","","(31141060,8)","","","(5,0)","","","","","","",""
"16220137","0","37","50","","(31141060,8)","","","(5,0)","","","","","","",""
"16220138","0","38","50","","(31141060,8)","","","(5,0)","","","","","","",""
"16220139","0","39","50","","(31141060,8)","","","(5,0)","","","","","","",""
"16220140","0","40","50","","(31141060,8)","","","(5,0)","","","","","","",""
"16220141","0","41","50","","(31141060,8)","","","(5,0)","","","","","","",""
"16220142","0","42","50","","(31141060,8)","","","(5,0)","","","","","","",""
"16220143","0","43","50","","(31141060,8)","","","(5,0)","","","","","","",""
"16220144","0","44","50","","(31141060,8)","","","(5,0)","","","","","","",""
"16220145","0","45","50","","(31141060,8)","","","(5,0)","","","","","","",""
"16220146","0","46","50","","(31141060,8)","","","(5,0)","","","","","","",""
"16220147","0","47","50","","(31141060,8)","","","(5,0)","","","","","","",""
"16220148","0","48","50","","(31141060,8)","","","(5,0)","","","","","","",""
"16220149","0","49","50","","(31141060,8)","","","(5,0)","","","","","","",""
"16220150","0","50","50","","(31141060,8)","","","(5,0)","","","","","","",""
"16220201","1","1","50","","(31141059,18)","","","","","","","","","",""
"16220202","1","2","50","","(31141059,18)","","","","","","","","","",""
"16220203","1","3","50","","(31141059,18)","","","","","","","","","",""
"16220204","1","4","50","","(31141059,18)","","","","","","","","","",""
"16220205","1","5","50","","(31141059,18)","","","","","","","","","",""
"16220206","1","6","50","","(31141059,18)","","","","","","","","","",""
"16220207","1","7","50","","(31141059,18)","","","","","","","","","",""
"16220208","1","8","50","","(31141059,18)","","","","","","","","","",""
"16220209","1","9","50","","(31141059,18)","","","","","","","","","",""
"16220210","1","10","50","","(31141059,18)","","","","","","","","","",""
"16220211","1","11","50","","(31141059,18)","","","","","","","","","",""
"16220212","1","12","50","","(31141059,18)","","","","","","","","","",""
"16220213","1","13","50","","(31141059,18)","","","","","","","","","",""
"16220214","1","14","50","","(31141059,18)","","","","","","","","","",""
"16220215","1","15","50","","(31141059,18)","","","","","","","","","",""
"16220216","1","16","50","","(31141059,18)","","","","","","","","","",""
"16220217","1","17","50","","(31141059,18)","","","","","","","","","",""
"16220218","1","18","50","","(31141059,18)","","","","","","","","","",""
"16220219","1","19","50","","(31141059,18)","","","","","","","","","",""
"16220220","1","20","50","","(31141059,18)","","","","","","","","","",""
"16220221","1","21","50","","(31141059,18)","","","","","","","","","",""
"16220222","1","22","50","","(31141059,18)","","","","","","","","","",""
"16220223","1","23","50","","(31141059,18)","","","","","","","","","",""
"16220224","1","24","50","","(31141059,18)","","","","","","","","","",""
"16220225","1","25","50","","(31141059,18)","","","","","","","","","",""
"16220226","1","26","50","","(31141059,18)","","","","","","","","","",""
"16220227","1","27","50","","(31141059,18)","","","","","","","","","",""
"16220228","1","28","50","","(31141059,18)","","","","","","","","","",""
"16220229","1","29","50","","(31141059,18)","","","","","","","","","",""
"16220230","1","30","50","","(31141060,9)","","","(5,0)","","","","","","",""
"16220231","1","31","50","","(31141060,9)","","","(5,0)","","","","","","",""
"16220232","1","32","50","","(31141060,9)","","","(5,0)","","","","","","",""
"16220233","1","33","50","","(31141060,9)","","","(5,0)","","","","","","",""
"16220234","1","34","50","","(31141060,9)","","","(5,0)","","","","","","",""
"16220235","1","35","50","","(31141060,9)","","","(5,0)","","","","","","",""
"16220236","1","36","50","","(31141060,9)","","","(5,0)","","","","","","",""
"16220237","1","37","50","","(31141060,9)","","","(5,0)","","","","","","",""
"16220238","1","38","50","","(31141060,9)","","","(5,0)","","","","","","",""
"16220239","1","39","50","","(31141060,9)","","","(5,0)","","","","","","",""
"16220240","1","40","50","","(31141060,9)","","","(5,0)","","","","","","",""
"16220241","1","41","50","","(31141060,9)","","","(5,0)","","","","","","",""
"16220242","1","42","50","","(31141060,9)","","","(5,0)","","","","","","",""
"16220243","1","43","50","","(31141060,9)","","","(5,0)","","","","","","",""
"16220244","1","44","50","","(31141060,9)","","","(5,0)","","","","","","",""
"16220245","1","45","50","","(31141060,9)","","","(5,0)","","","","","","",""
"16220246","1","46","50","","(31141060,9)","","","(5,0)","","","","","","",""
"16220247","1","47","50","","(31141060,9)","","","(5,0)","","","","","","",""
"16220248","1","48","50","","(31141060,9)","","","(5,0)","","","","","","",""
"16220249","1","49","50","","(31141060,9)","","","(5,0)","","","","","","",""
"16220250","1","50","50","","(31141060,9)","","","(5,0)","","","","","","",""
"16220301","2","1","50","","(31141059,21)","","","","","","","","","",""
"16220302","2","2","50","","(31141059,21)","","","","","","","","","",""
"16220303","2","3","50","","(31141059,21)","","","","","","","","","",""
"16220304","2","4","50","","(31141059,21)","","","","","","","","","",""
"16220305","2","5","50","","(31141059,21)","","","","","","","","","",""
"16220306","2","6","50","","(31141059,21)","","","","","","","","","",""
"16220307","2","7","50","","(31141059,21)","","","","","","","","","",""
"16220308","2","8","50","","(31141059,21)","","","","","","","","","",""
"16220309","2","9","50","","(31141059,21)","","","","","","","","","",""
"16220310","2","10","50","","(31141059,21)","","","","","","","","","",""
"16220311","2","11","50","","(31141059,21)","","","","","","","","","",""
"16220312","2","12","50","","(31141059,21)","","","","","","","","","",""
"16220313","2","13","50","","(31141059,21)","","","","","","","","","",""
"16220314","2","14","50","","(31141059,21)","","","","","","","","","",""
"16220315","2","15","50","","(31141059,21)","","","","","","","","","",""
"16220316","2","16","50","","(31141059,21)","","","","","","","","","",""
"16220317","2","17","50","","(31141059,21)","","","","","","","","","",""
"16220318","2","18","50","","(31141059,21)","","","","","","","","","",""
"16220319","2","19","50","","(31141059,21)","","","","","","","","","",""
"16220320","2","20","50","","(31141059,21)","","","","","","","","","",""
"16220321","2","21","50","","(31141059,21)","","","","","","","","","",""
"16220322","2","22","50","","(31141059,21)","","","","","","","","","",""
"16220323","2","23","50","","(31141059,21)","","","","","","","","","",""
"16220324","2","24","50","","(31141059,21)","","","","","","","","","",""
"16220325","2","25","50","","(31141059,21)","","","","","","","","","",""
"16220326","2","26","50","","(31141059,21)","","","","","","","","","",""
"16220327","2","27","50","","(31141059,21)","","","","","","","","","",""
"16220328","2","28","50","","(31141059,21)","","","","","","","","","",""
"16220329","2","29","50","","(31141059,21)","","","","","","","","","",""
"16220330","2","30","50","","(31141060,11)","","","(5,0)","","","","","","",""
"16220331","2","31","50","","(31141060,11)","","","(5,0)","","","","","","",""
"16220332","2","32","50","","(31141060,11)","","","(5,0)","","","","","","",""
"16220333","2","33","50","","(31141060,11)","","","(5,0)","","","","","","",""
"16220334","2","34","50","","(31141060,11)","","","(5,0)","","","","","","",""
"16220335","2","35","50","","(31141060,11)","","","(5,0)","","","","","","",""
"16220336","2","36","50","","(31141060,11)","","","(5,0)","","","","","","",""
"16220337","2","37","50","","(31141060,11)","","","(5,0)","","","","","","",""
"16220338","2","38","50","","(31141060,11)","","","(5,0)","","","","","","",""
"16220339","2","39","50","","(31141060,11)","","","(5,0)","","","","","","",""
"16220340","2","40","50","","(31141060,11)","","","(5,0)","","","","","","",""
"16220341","2","41","50","","(31141060,11)","","","(5,0)","","","","","","",""
"16220342","2","42","50","","(31141060,11)","","","(5,0)","","","","","","",""
"16220343","2","43","50","","(31141060,11)","","","(5,0)","","","","","","",""
"16220344","2","44","50","","(31141060,11)","","","(5,0)","","","","","","",""
"16220345","2","45","50","","(31141060,11)","","","(5,0)","","","","","","",""
"16220346","2","46","50","","(31141060,11)","","","(5,0)","","","","","","",""
"16220347","2","47","50","","(31141060,11)","","","(5,0)","","","","","","",""
"16220348","2","48","50","","(31141060,11)","","","(5,0)","","","","","","",""
"16220349","2","49","50","","(31141060,11)","","","(5,0)","","","","","","",""
"16220350","2","50","50","","(31141060,11)","","","(5,0)","","","","","","",""
"16221101","0","1","50","","(31141059,17)","","","","","","","","","",""
"16221102","0","2","50","","(31141059,17)","","","","","","","","","",""
"16221103","0","3","50","","(31141059,17)","","","","","","","","","",""
"16221104","0","4","50","","(31141059,17)","","","","","","","","","",""
"16221105","0","5","50","","(31141059,17)","","","","","","","","","",""
"16221106","0","6","50","","(31141059,17)","","","","","","","","","",""
"16221107","0","7","50","","(31141059,17)","","","","","","","","","",""
"16221108","0","8","50","","(31141059,17)","","","","","","","","","",""
"16221109","0","9","50","","(31141059,17)","","","","","","","","","",""
"16221110","0","10","50","","(31141059,17)","","","","","","","","","",""
"16221111","0","11","50","","(31141059,17)","","","","","","","","","",""
"16221112","0","12","50","","(31141059,17)","","","","","","","","","",""
"16221113","0","13","50","","(31141059,17)","","","","","","","","","",""
"16221114","0","14","50","","(31141059,17)","","","","","","","","","",""
"16221115","0","15","50","","(31141059,17)","","","","","","","","","",""
"16221116","0","16","50","","(31141059,17)","","","","","","","","","",""
"16221117","0","17","50","","(31141059,17)","","","","","","","","","",""
"16221118","0","18","50","","(31141059,17)","","","","","","","","","",""
"16221119","0","19","50","","(31141059,17)","","","","","","","","","",""
"16221120","0","20","50","","(31141059,17)","","","","","","","","","",""
"16221121","0","21","50","","(31141059,17)","","","","","","","","","",""
"16221122","0","22","50","","(31141059,17)","","","","","","","","","",""
"16221123","0","23","50","","(31141059,17)","","","","","","","","","",""
"16221124","0","24","50","","(31141059,17)","","","","","","","","","",""
"16221125","0","25","50","","(31141059,17)","","","","","","","","","",""
"16221126","0","26","50","","(31141059,17)","","","","","","","","","",""
"16221127","0","27","50","","(31141059,17)","","","","","","","","","",""
"16221128","0","28","50","","(31141059,17)","","","","","","","","","",""
"16221129","0","29","50","","(31141059,17)","","","","","","","","","",""
"16221130","0","30","50","","(31141060,9)","","","(5,0)","","","","","","",""
"16221131","0","31","50","","(31141060,9)","","","(5,0)","","","","","","",""
"16221132","0","32","50","","(31141060,9)","","","(5,0)","","","","","","",""
"16221133","0","33","50","","(31141060,9)","","","(5,0)","","","","","","",""
"16221134","0","34","50","","(31141060,9)","","","(5,0)","","","","","","",""
"16221135","0","35","50","","(31141060,9)","","","(5,0)","","","","","","",""
"16221136","0","36","50","","(31141060,9)","","","(5,0)","","","","","","",""
"16221137","0","37","50","","(31141060,9)","","","(5,0)","","","","","","",""
"16221138","0","38","50","","(31141060,9)","","","(5,0)","","","","","","",""
"16221139","0","39","50","","(31141060,9)","","","(5,0)","","","","","","",""
"16221140","0","40","50","","(31141060,9)","","","(5,0)","","","","","","",""
"16221141","0","41","50","","(31141060,9)","","","(5,0)","","","","","","",""
"16221142","0","42","50","","(31141060,9)","","","(5,0)","","","","","","",""
"16221143","0","43","50","","(31141060,9)","","","(5,0)","","","","","","",""
"16221144","0","44","50","","(31141060,9)","","","(5,0)","","","","","","",""
"16221145","0","45","50","","(31141060,9)","","","(5,0)","","","","","","",""
"16221146","0","46","50","","(31141060,9)","","","(5,0)","","","","","","",""
"16221147","0","47","50","","(31141060,9)","","","(5,0)","","","","","","",""
"16221148","0","48","50","","(31141060,9)","","","(5,0)","","","","","","",""
"16221149","0","49","50","","(31141060,9)","","","(5,0)","","","","","","",""
"16221150","0","50","50","","(31141060,9)","","","(5,0)","","","","","","",""
"16221201","1","1","50","","(31141059,18)","","","","","","","","","",""
"16221202","1","2","50","","(31141059,18)","","","","","","","","","",""
"16221203","1","3","50","","(31141059,18)","","","","","","","","","",""
"16221204","1","4","50","","(31141059,18)","","","","","","","","","",""
"16221205","1","5","50","","(31141059,18)","","","","","","","","","",""
"16221206","1","6","50","","(31141059,18)","","","","","","","","","",""
"16221207","1","7","50","","(31141059,18)","","","","","","","","","",""
"16221208","1","8","50","","(31141059,18)","","","","","","","","","",""
"16221209","1","9","50","","(31141059,18)","","","","","","","","","",""
"16221210","1","10","50","","(31141059,18)","","","","","","","","","",""
"16221211","1","11","50","","(31141059,18)","","","","","","","","","",""
"16221212","1","12","50","","(31141059,18)","","","","","","","","","",""
"16221213","1","13","50","","(31141059,18)","","","","","","","","","",""
"16221214","1","14","50","","(31141059,18)","","","","","","","","","",""
"16221215","1","15","50","","(31141059,18)","","","","","","","","","",""
"16221216","1","16","50","","(31141059,18)","","","","","","","","","",""
"16221217","1","17","50","","(31141059,18)","","","","","","","","","",""
"16221218","1","18","50","","(31141059,18)","","","","","","","","","",""
"16221219","1","19","50","","(31141059,18)","","","","","","","","","",""
"16221220","1","20","50","","(31141059,18)","","","","","","","","","",""
"16221221","1","21","50","","(31141059,18)","","","","","","","","","",""
"16221222","1","22","50","","(31141059,18)","","","","","","","","","",""
"16221223","1","23","50","","(31141059,18)","","","","","","","","","",""
"16221224","1","24","50","","(31141059,18)","","","","","","","","","",""
"16221225","1","25","50","","(31141059,18)","","","","","","","","","",""
"16221226","1","26","50","","(31141059,18)","","","","","","","","","",""
"16221227","1","27","50","","(31141059,18)","","","","","","","","","",""
"16221228","1","28","50","","(31141059,18)","","","","","","","","","",""
"16221229","1","29","50","","(31141059,18)","","","","","","","","","",""
"16221230","1","30","50","","(31141060,9)","","","(5,0)","","","","","","",""
"16221231","1","31","50","","(31141060,9)","","","(5,0)","","","","","","",""
"16221232","1","32","50","","(31141060,9)","","","(5,0)","","","","","","",""
"16221233","1","33","50","","(31141060,9)","","","(5,0)","","","","","","",""
"16221234","1","34","50","","(31141060,9)","","","(5,0)","","","","","","",""
"16221235","1","35","50","","(31141060,9)","","","(5,0)","","","","","","",""
"16221236","1","36","50","","(31141060,9)","","","(5,0)","","","","","","",""
"16221237","1","37","50","","(31141060,9)","","","(5,0)","","","","","","",""
"16221238","1","38","50","","(31141060,9)","","","(5,0)","","","","","","",""
"16221239","1","39","50","","(31141060,9)","","","(5,0)","","","","","","",""
"16221240","1","40","50","","(31141060,9)","","","(5,0)","","","","","","",""
"16221241","1","41","50","","(31141060,9)","","","(5,0)","","","","","","",""
"16221242","1","42","50","","(31141060,9)","","","(5,0)","","","","","","",""
"16221243","1","43","50","","(31141060,9)","","","(5,0)","","","","","","",""
"16221244","1","44","50","","(31141060,9)","","","(5,0)","","","","","","",""
"16221245","1","45","50","","(31141060,9)","","","(5,0)","","","","","","",""
"16221246","1","46","50","","(31141060,9)","","","(5,0)","","","","","","",""
"16221247","1","47","50","","(31141060,9)","","","(5,0)","","","","","","",""
"16221248","1","48","50","","(31141060,9)","","","(5,0)","","","","","","",""
"16221249","1","49","50","","(31141060,9)","","","(5,0)","","","","","","",""
"16221250","1","50","50","","(31141060,9)","","","(5,0)","","","","","","",""
"16221301","2","1","50","","(31141059,22)","","","","","","","","","",""
"16221302","2","2","50","","(31141059,22)","","","","","","","","","",""
"16221303","2","3","50","","(31141059,22)","","","","","","","","","",""
"16221304","2","4","50","","(31141059,22)","","","","","","","","","",""
"16221305","2","5","50","","(31141059,22)","","","","","","","","","",""
"16221306","2","6","50","","(31141059,22)","","","","","","","","","",""
"16221307","2","7","50","","(31141059,22)","","","","","","","","","",""
"16221308","2","8","50","","(31141059,22)","","","","","","","","","",""
"16221309","2","9","50","","(31141059,22)","","","","","","","","","",""
"16221310","2","10","50","","(31141059,22)","","","","","","","","","",""
"16221311","2","11","50","","(31141059,22)","","","","","","","","","",""
"16221312","2","12","50","","(31141059,22)","","","","","","","","","",""
"16221313","2","13","50","","(31141059,22)","","","","","","","","","",""
"16221314","2","14","50","","(31141059,22)","","","","","","","","","",""
"16221315","2","15","50","","(31141059,22)","","","","","","","","","",""
"16221316","2","16","50","","(31141059,22)","","","","","","","","","",""
"16221317","2","17","50","","(31141059,22)","","","","","","","","","",""
"16221318","2","18","50","","(31141059,22)","","","","","","","","","",""
"16221319","2","19","50","","(31141059,22)","","","","","","","","","",""
"16221320","2","20","50","","(31141059,22)","","","","","","","","","",""
"16221321","2","21","50","","(31141059,22)","","","","","","","","","",""
"16221322","2","22","50","","(31141059,22)","","","","","","","","","",""
"16221323","2","23","50","","(31141059,22)","","","","","","","","","",""
"16221324","2","24","50","","(31141059,22)","","","","","","","","","",""
"16221325","2","25","50","","(31141059,22)","","","","","","","","","",""
"16221326","2","26","50","","(31141059,22)","","","","","","","","","",""
"16221327","2","27","50","","(31141059,22)","","","","","","","","","",""
"16221328","2","28","50","","(31141059,22)","","","","","","","","","",""
"16221329","2","29","50","","(31141059,22)","","","","","","","","","",""
"16221330","2","30","50","","(31141060,11)","","","(5,0)","","","","","","",""
"16221331","2","31","50","","(31141060,11)","","","(5,0)","","","","","","",""
"16221332","2","32","50","","(31141060,11)","","","(5,0)","","","","","","",""
"16221333","2","33","50","","(31141060,11)","","","(5,0)","","","","","","",""
"16221334","2","34","50","","(31141060,11)","","","(5,0)","","","","","","",""
"16221335","2","35","50","","(31141060,11)","","","(5,0)","","","","","","",""
"16221336","2","36","50","","(31141060,11)","","","(5,0)","","","","","","",""
"16221337","2","37","50","","(31141060,11)","","","(5,0)","","","","","","",""
"16221338","2","38","50","","(31141060,11)","","","(5,0)","","","","","","",""
"16221339","2","39","50","","(31141060,11)","","","(5,0)","","","","","","",""
"16221340","2","40","50","","(31141060,11)","","","(5,0)","","","","","","",""
"16221341","2","41","50","","(31141060,11)","","","(5,0)","","","","","","",""
"16221342","2","42","50","","(31141060,11)","","","(5,0)","","","","","","",""
"16221343","2","43","50","","(31141060,11)","","","(5,0)","","","","","","",""
"16221344","2","44","50","","(31141060,11)","","","(5,0)","","","","","","",""
"16221345","2","45","50","","(31141060,11)","","","(5,0)","","","","","","",""
"16221346","2","46","50","","(31141060,11)","","","(5,0)","","","","","","",""
"16221347","2","47","50","","(31141060,11)","","","(5,0)","","","","","","",""
"16221348","2","48","50","","(31141060,11)","","","(5,0)","","","","","","",""
"16221349","2","49","50","","(31141060,11)","","","(5,0)","","","","","","",""
"16221350","2","50","50","","(31141060,11)","","","(5,0)","","","","","","",""
"16222101","0","1","50","","(31141059,12)","","","","","","","","","",""
"16222102","0","2","50","","(31141059,12)","","","","","","","","","",""
"16222103","0","3","50","","(31141059,12)","","","","","","","","","",""
"16222104","0","4","50","","(31141059,12)","","","","","","","","","",""
"16222105","0","5","50","","(31141059,12)","","","","","","","","","",""
"16222106","0","6","50","","(31141059,12)","","","","","","","","","",""
"16222107","0","7","50","","(31141059,12)","","","","","","","","","",""
"16222108","0","8","50","","(31141059,12)","","","","","","","","","",""
"16222109","0","9","50","","(31141059,12)","","","","","","","","","",""
"16222110","0","10","50","","(31141059,12)","","","","","","","","","",""
"16222111","0","11","50","","(31141059,12)","","","","","","","","","",""
"16222112","0","12","50","","(31141059,12)","","","","","","","","","",""
"16222113","0","13","50","","(31141059,12)","","","","","","","","","",""
"16222114","0","14","50","","(31141059,12)","","","","","","","","","",""
"16222115","0","15","50","","(31141059,12)","","","","","","","","","",""
"16222116","0","16","50","","(31141059,12)","","","","","","","","","",""
"16222117","0","17","50","","(31141059,12)","","","","","","","","","",""
"16222118","0","18","50","","(31141059,12)","","","","","","","","","",""
"16222119","0","19","50","","(31141059,12)","","","","","","","","","",""
"16222120","0","20","50","","(31141059,12)","","","","","","","","","",""
"16222121","0","21","50","","(31141059,12)","","","","","","","","","",""
"16222122","0","22","50","","(31141059,12)","","","","","","","","","",""
"16222123","0","23","50","","(31141059,12)","","","","","","","","","",""
"16222124","0","24","50","","(31141059,12)","","","","","","","","","",""
"16222125","0","25","50","","(31141059,12)","","","","","","","","","",""
"16222126","0","26","50","","(31141059,12)","","","","","","","","","",""
"16222127","0","27","50","","(31141059,12)","","","","","","","","","",""
"16222128","0","28","50","","(31141059,12)","","","","","","","","","",""
"16222129","0","29","50","","(31141059,12)","","","","","","","","","",""
"16222130","0","30","50","","(31141060,6)","","","(5,0)","","","","","","",""
"16222131","0","31","50","","(31141060,6)","","","(5,0)","","","","","","",""
"16222132","0","32","50","","(31141060,6)","","","(5,0)","","","","","","",""
"16222133","0","33","50","","(31141060,6)","","","(5,0)","","","","","","",""
"16222134","0","34","50","","(31141060,6)","","","(5,0)","","","","","","",""
"16222135","0","35","50","","(31141060,6)","","","(5,0)","","","","","","",""
"16222136","0","36","50","","(31141060,6)","","","(5,0)","","","","","","",""
"16222137","0","37","50","","(31141060,6)","","","(5,0)","","","","","","",""
"16222138","0","38","50","","(31141060,6)","","","(5,0)","","","","","","",""
"16222139","0","39","50","","(31141060,6)","","","(5,0)","","","","","","",""
"16222140","0","40","50","","(31141060,6)","","","(5,0)","","","","","","",""
"16222141","0","41","50","","(31141060,6)","","","(5,0)","","","","","","",""
"16222142","0","42","50","","(31141060,6)","","","(5,0)","","","","","","",""
"16222143","0","43","50","","(31141060,6)","","","(5,0)","","","","","","",""
"16222144","0","44","50","","(31141060,6)","","","(5,0)","","","","","","",""
"16222145","0","45","50","","(31141060,6)","","","(5,0)","","","","","","",""
"16222146","0","46","50","","(31141060,6)","","","(5,0)","","","","","","",""
"16222147","0","47","50","","(31141060,6)","","","(5,0)","","","","","","",""
"16222148","0","48","50","","(31141060,6)","","","(5,0)","","","","","","",""
"16222149","0","49","50","","(31141060,6)","","","(5,0)","","","","","","",""
"16222150","0","50","50","","(31141060,6)","","","(5,0)","","","","","","",""
"16222201","1","1","50","","(31141059,13)","","","","","","","","","",""
"16222202","1","2","50","","(31141059,13)","","","","","","","","","",""
"16222203","1","3","50","","(31141059,13)","","","","","","","","","",""
"16222204","1","4","50","","(31141059,13)","","","","","","","","","",""
"16222205","1","5","50","","(31141059,13)","","","","","","","","","",""
"16222206","1","6","50","","(31141059,13)","","","","","","","","","",""
"16222207","1","7","50","","(31141059,13)","","","","","","","","","",""
"16222208","1","8","50","","(31141059,13)","","","","","","","","","",""
"16222209","1","9","50","","(31141059,13)","","","","","","","","","",""
"16222210","1","10","50","","(31141059,13)","","","","","","","","","",""
"16222211","1","11","50","","(31141059,13)","","","","","","","","","",""
"16222212","1","12","50","","(31141059,13)","","","","","","","","","",""
"16222213","1","13","50","","(31141059,13)","","","","","","","","","",""
"16222214","1","14","50","","(31141059,13)","","","","","","","","","",""
"16222215","1","15","50","","(31141059,13)","","","","","","","","","",""
"16222216","1","16","50","","(31141059,13)","","","","","","","","","",""
"16222217","1","17","50","","(31141059,13)","","","","","","","","","",""
"16222218","1","18","50","","(31141059,13)","","","","","","","","","",""
"16222219","1","19","50","","(31141059,13)","","","","","","","","","",""
"16222220","1","20","50","","(31141059,13)","","","","","","","","","",""
"16222221","1","21","50","","(31141059,13)","","","","","","","","","",""
"16222222","1","22","50","","(31141059,13)","","","","","","","","","",""
"16222223","1","23","50","","(31141059,13)","","","","","","","","","",""
"16222224","1","24","50","","(31141059,13)","","","","","","","","","",""
"16222225","1","25","50","","(31141059,13)","","","","","","","","","",""
"16222226","1","26","50","","(31141059,13)","","","","","","","","","",""
"16222227","1","27","50","","(31141059,13)","","","","","","","","","",""
"16222228","1","28","50","","(31141059,13)","","","","","","","","","",""
"16222229","1","29","50","","(31141059,13)","","","","","","","","","",""
"16222230","1","30","50","","(31141060,7)","","","(5,0)","","","","","","",""
"16222231","1","31","50","","(31141060,7)","","","(5,0)","","","","","","",""
"16222232","1","32","50","","(31141060,7)","","","(5,0)","","","","","","",""
"16222233","1","33","50","","(31141060,7)","","","(5,0)","","","","","","",""
"16222234","1","34","50","","(31141060,7)","","","(5,0)","","","","","","",""
"16222235","1","35","50","","(31141060,7)","","","(5,0)","","","","","","",""
"16222236","1","36","50","","(31141060,7)","","","(5,0)","","","","","","",""
"16222237","1","37","50","","(31141060,7)","","","(5,0)","","","","","","",""
"16222238","1","38","50","","(31141060,7)","","","(5,0)","","","","","","",""
"16222239","1","39","50","","(31141060,7)","","","(5,0)","","","","","","",""
"16222240","1","40","50","","(31141060,7)","","","(5,0)","","","","","","",""
"16222241","1","41","50","","(31141060,7)","","","(5,0)","","","","","","",""
"16222242","1","42","50","","(31141060,7)","","","(5,0)","","","","","","",""
"16222243","1","43","50","","(31141060,7)","","","(5,0)","","","","","","",""
"16222244","1","44","50","","(31141060,7)","","","(5,0)","","","","","","",""
"16222245","1","45","50","","(31141060,7)","","","(5,0)","","","","","","",""
"16222246","1","46","50","","(31141060,7)","","","(5,0)","","","","","","",""
"16222247","1","47","50","","(31141060,7)","","","(5,0)","","","","","","",""
"16222248","1","48","50","","(31141060,7)","","","(5,0)","","","","","","",""
"16222249","1","49","50","","(31141060,7)","","","(5,0)","","","","","","",""
"16222250","1","50","50","","(31141060,7)","","","(5,0)","","","","","","",""
"16222301","2","1","50","","(31141059,16)","","","","","","","","","",""
"16222302","2","2","50","","(31141059,16)","","","","","","","","","",""
"16222303","2","3","50","","(31141059,16)","","","","","","","","","",""
"16222304","2","4","50","","(31141059,16)","","","","","","","","","",""
"16222305","2","5","50","","(31141059,16)","","","","","","","","","",""
"16222306","2","6","50","","(31141059,16)","","","","","","","","","",""
"16222307","2","7","50","","(31141059,16)","","","","","","","","","",""
"16222308","2","8","50","","(31141059,16)","","","","","","","","","",""
"16222309","2","9","50","","(31141059,16)","","","","","","","","","",""
"16222310","2","10","50","","(31141059,16)","","","","","","","","","",""
"16222311","2","11","50","","(31141059,16)","","","","","","","","","",""
"16222312","2","12","50","","(31141059,16)","","","","","","","","","",""
"16222313","2","13","50","","(31141059,16)","","","","","","","","","",""
"16222314","2","14","50","","(31141059,16)","","","","","","","","","",""
"16222315","2","15","50","","(31141059,16)","","","","","","","","","",""
"16222316","2","16","50","","(31141059,16)","","","","","","","","","",""
"16222317","2","17","50","","(31141059,16)","","","","","","","","","",""
"16222318","2","18","50","","(31141059,16)","","","","","","","","","",""
"16222319","2","19","50","","(31141059,16)","","","","","","","","","",""
"16222320","2","20","50","","(31141059,16)","","","","","","","","","",""
"16222321","2","21","50","","(31141059,16)","","","","","","","","","",""
"16222322","2","22","50","","(31141059,16)","","","","","","","","","",""
"16222323","2","23","50","","(31141059,16)","","","","","","","","","",""
"16222324","2","24","50","","(31141059,16)","","","","","","","","","",""
"16222325","2","25","50","","(31141059,16)","","","","","","","","","",""
"16222326","2","26","50","","(31141059,16)","","","","","","","","","",""
"16222327","2","27","50","","(31141059,16)","","","","","","","","","",""
"16222328","2","28","50","","(31141059,16)","","","","","","","","","",""
"16222329","2","29","50","","(31141059,16)","","","","","","","","","",""
"16222330","2","30","50","","(31141060,8)","","","(5,0)","","","","","","",""
"16222331","2","31","50","","(31141060,8)","","","(5,0)","","","","","","",""
"16222332","2","32","50","","(31141060,8)","","","(5,0)","","","","","","",""
"16222333","2","33","50","","(31141060,8)","","","(5,0)","","","","","","",""
"16222334","2","34","50","","(31141060,8)","","","(5,0)","","","","","","",""
"16222335","2","35","50","","(31141060,8)","","","(5,0)","","","","","","",""
"16222336","2","36","50","","(31141060,8)","","","(5,0)","","","","","","",""
"16222337","2","37","50","","(31141060,8)","","","(5,0)","","","","","","",""
"16222338","2","38","50","","(31141060,8)","","","(5,0)","","","","","","",""
"16222339","2","39","50","","(31141060,8)","","","(5,0)","","","","","","",""
"16222340","2","40","50","","(31141060,8)","","","(5,0)","","","","","","",""
"16222341","2","41","50","","(31141060,8)","","","(5,0)","","","","","","",""
"16222342","2","42","50","","(31141060,8)","","","(5,0)","","","","","","",""
"16222343","2","43","50","","(31141060,8)","","","(5,0)","","","","","","",""
"16222344","2","44","50","","(31141060,8)","","","(5,0)","","","","","","",""
"16222345","2","45","50","","(31141060,8)","","","(5,0)","","","","","","",""
"16222346","2","46","50","","(31141060,8)","","","(5,0)","","","","","","",""
"16222347","2","47","50","","(31141060,8)","","","(5,0)","","","","","","",""
"16222348","2","48","50","","(31141060,8)","","","(5,0)","","","","","","",""
"16222349","2","49","50","","(31141060,8)","","","(5,0)","","","","","","",""
"16222350","2","50","50","","(31141060,8)","","","(5,0)","","","","","","",""
"16223101","0","1","50","","(31141059,18)","","","","","","","","","",""
"16223102","0","2","50","","(31141059,18)","","","","","","","","","",""
"16223103","0","3","50","","(31141059,18)","","","","","","","","","",""
"16223104","0","4","50","","(31141059,18)","","","","","","","","","",""
"16223105","0","5","50","","(31141059,18)","","","","","","","","","",""
"16223106","0","6","50","","(31141059,18)","","","","","","","","","",""
"16223107","0","7","50","","(31141059,18)","","","","","","","","","",""
"16223108","0","8","50","","(31141059,18)","","","","","","","","","",""
"16223109","0","9","50","","(31141059,18)","","","","","","","","","",""
"16223110","0","10","50","","(31141059,18)","","","","","","","","","",""
"16223111","0","11","50","","(31141059,18)","","","","","","","","","",""
"16223112","0","12","50","","(31141059,18)","","","","","","","","","",""
"16223113","0","13","50","","(31141059,18)","","","","","","","","","",""
"16223114","0","14","50","","(31141059,18)","","","","","","","","","",""
"16223115","0","15","50","","(31141059,18)","","","","","","","","","",""
"16223116","0","16","50","","(31141059,18)","","","","","","","","","",""
"16223117","0","17","50","","(31141059,18)","","","","","","","","","",""
"16223118","0","18","50","","(31141059,18)","","","","","","","","","",""
"16223119","0","19","50","","(31141059,18)","","","","","","","","","",""
"16223120","0","20","50","","(31141059,18)","","","","","","","","","",""
"16223121","0","21","50","","(31141059,18)","","","","","","","","","",""
"16223122","0","22","50","","(31141059,18)","","","","","","","","","",""
"16223123","0","23","50","","(31141059,18)","","","","","","","","","",""
"16223124","0","24","50","","(31141059,18)","","","","","","","","","",""
"16223125","0","25","50","","(31141059,18)","","","","","","","","","",""
"16223126","0","26","50","","(31141059,18)","","","","","","","","","",""
"16223127","0","27","50","","(31141059,18)","","","","","","","","","",""
"16223128","0","28","50","","(31141059,18)","","","","","","","","","",""
"16223129","0","29","50","","(31141059,18)","","","","","","","","","",""
"16223130","0","30","50","","(31141060,9)","","","(5,0)","","","","","","",""
"16223131","0","31","50","","(31141060,9)","","","(5,0)","","","","","","",""
"16223132","0","32","50","","(31141060,9)","","","(5,0)","","","","","","",""
"16223133","0","33","50","","(31141060,9)","","","(5,0)","","","","","","",""
"16223134","0","34","50","","(31141060,9)","","","(5,0)","","","","","","",""
"16223135","0","35","50","","(31141060,9)","","","(5,0)","","","","","","",""
"16223136","0","36","50","","(31141060,9)","","","(5,0)","","","","","","",""
"16223137","0","37","50","","(31141060,9)","","","(5,0)","","","","","","",""
"16223138","0","38","50","","(31141060,9)","","","(5,0)","","","","","","",""
"16223139","0","39","50","","(31141060,9)","","","(5,0)","","","","","","",""
"16223140","0","40","50","","(31141060,9)","","","(5,0)","","","","","","",""
"16223141","0","41","50","","(31141060,9)","","","(5,0)","","","","","","",""
"16223142","0","42","50","","(31141060,9)","","","(5,0)","","","","","","",""
"16223143","0","43","50","","(31141060,9)","","","(5,0)","","","","","","",""
"16223144","0","44","50","","(31141060,9)","","","(5,0)","","","","","","",""
"16223145","0","45","50","","(31141060,9)","","","(5,0)","","","","","","",""
"16223146","0","46","50","","(31141060,9)","","","(5,0)","","","","","","",""
"16223147","0","47","50","","(31141060,9)","","","(5,0)","","","","","","",""
"16223148","0","48","50","","(31141060,9)","","","(5,0)","","","","","","",""
"16223149","0","49","50","","(31141060,9)","","","(5,0)","","","","","","",""
"16223150","0","50","50","","(31141060,9)","","","(5,0)","","","","","","",""
"16223201","1","1","50","","(31141059,20)","","","","","","","","","",""
"16223202","1","2","50","","(31141059,20)","","","","","","","","","",""
"16223203","1","3","50","","(31141059,20)","","","","","","","","","",""
"16223204","1","4","50","","(31141059,20)","","","","","","","","","",""
"16223205","1","5","50","","(31141059,20)","","","","","","","","","",""
"16223206","1","6","50","","(31141059,20)","","","","","","","","","",""
"16223207","1","7","50","","(31141059,20)","","","","","","","","","",""
"16223208","1","8","50","","(31141059,20)","","","","","","","","","",""
"16223209","1","9","50","","(31141059,20)","","","","","","","","","",""
"16223210","1","10","50","","(31141059,20)","","","","","","","","","",""
"16223211","1","11","50","","(31141059,20)","","","","","","","","","",""
"16223212","1","12","50","","(31141059,20)","","","","","","","","","",""
"16223213","1","13","50","","(31141059,20)","","","","","","","","","",""
"16223214","1","14","50","","(31141059,20)","","","","","","","","","",""
"16223215","1","15","50","","(31141059,20)","","","","","","","","","",""
"16223216","1","16","50","","(31141059,20)","","","","","","","","","",""
"16223217","1","17","50","","(31141059,20)","","","","","","","","","",""
"16223218","1","18","50","","(31141059,20)","","","","","","","","","",""
"16223219","1","19","50","","(31141059,20)","","","","","","","","","",""
"16223220","1","20","50","","(31141059,20)","","","","","","","","","",""
"16223221","1","21","50","","(31141059,20)","","","","","","","","","",""
"16223222","1","22","50","","(31141059,20)","","","","","","","","","",""
"16223223","1","23","50","","(31141059,20)","","","","","","","","","",""
"16223224","1","24","50","","(31141059,20)","","","","","","","","","",""
"16223225","1","25","50","","(31141059,20)","","","","","","","","","",""
"16223226","1","26","50","","(31141059,20)","","","","","","","","","",""
"16223227","1","27","50","","(31141059,20)","","","","","","","","","",""
"16223228","1","28","50","","(31141059,20)","","","","","","","","","",""
"16223229","1","29","50","","(31141059,20)","","","","","","","","","",""
"16223230","1","30","50","","(31141060,10)","","","(5,0)","","","","","","",""
"16223231","1","31","50","","(31141060,10)","","","(5,0)","","","","","","",""
"16223232","1","32","50","","(31141060,10)","","","(5,0)","","","","","","",""
"16223233","1","33","50","","(31141060,10)","","","(5,0)","","","","","","",""
"16223234","1","34","50","","(31141060,10)","","","(5,0)","","","","","","",""
"16223235","1","35","50","","(31141060,10)","","","(5,0)","","","","","","",""
"16223236","1","36","50","","(31141060,10)","","","(5,0)","","","","","","",""
"16223237","1","37","50","","(31141060,10)","","","(5,0)","","","","","","",""
"16223238","1","38","50","","(31141060,10)","","","(5,0)","","","","","","",""
"16223239","1","39","50","","(31141060,10)","","","(5,0)","","","","","","",""
"16223240","1","40","50","","(31141060,10)","","","(5,0)","","","","","","",""
"16223241","1","41","50","","(31141060,10)","","","(5,0)","","","","","","",""
"16223242","1","42","50","","(31141060,10)","","","(5,0)","","","","","","",""
"16223243","1","43","50","","(31141060,10)","","","(5,0)","","","","","","",""
"16223244","1","44","50","","(31141060,10)","","","(5,0)","","","","","","",""
"16223245","1","45","50","","(31141060,10)","","","(5,0)","","","","","","",""
"16223246","1","46","50","","(31141060,10)","","","(5,0)","","","","","","",""
"16223247","1","47","50","","(31141060,10)","","","(5,0)","","","","","","",""
"16223248","1","48","50","","(31141060,10)","","","(5,0)","","","","","","",""
"16223249","1","49","50","","(31141060,10)","","","(5,0)","","","","","","",""
"16223250","1","50","50","","(31141060,10)","","","(5,0)","","","","","","",""
"16223301","2","1","50","","(31141059,24)","","","","","","","","","",""
"16223302","2","2","50","","(31141059,24)","","","","","","","","","",""
"16223303","2","3","50","","(31141059,24)","","","","","","","","","",""
"16223304","2","4","50","","(31141059,24)","","","","","","","","","",""
"16223305","2","5","50","","(31141059,24)","","","","","","","","","",""
"16223306","2","6","50","","(31141059,24)","","","","","","","","","",""
"16223307","2","7","50","","(31141059,24)","","","","","","","","","",""
"16223308","2","8","50","","(31141059,24)","","","","","","","","","",""
"16223309","2","9","50","","(31141059,24)","","","","","","","","","",""
"16223310","2","10","50","","(31141059,24)","","","","","","","","","",""
"16223311","2","11","50","","(31141059,24)","","","","","","","","","",""
"16223312","2","12","50","","(31141059,24)","","","","","","","","","",""
"16223313","2","13","50","","(31141059,24)","","","","","","","","","",""
"16223314","2","14","50","","(31141059,24)","","","","","","","","","",""
"16223315","2","15","50","","(31141059,24)","","","","","","","","","",""
"16223316","2","16","50","","(31141059,24)","","","","","","","","","",""
"16223317","2","17","50","","(31141059,24)","","","","","","","","","",""
"16223318","2","18","50","","(31141059,24)","","","","","","","","","",""
"16223319","2","19","50","","(31141059,24)","","","","","","","","","",""
"16223320","2","20","50","","(31141059,24)","","","","","","","","","",""
"16223321","2","21","50","","(31141059,24)","","","","","","","","","",""
"16223322","2","22","50","","(31141059,24)","","","","","","","","","",""
"16223323","2","23","50","","(31141059,24)","","","","","","","","","",""
"16223324","2","24","50","","(31141059,24)","","","","","","","","","",""
"16223325","2","25","50","","(31141059,24)","","","","","","","","","",""
"16223326","2","26","50","","(31141059,24)","","","","","","","","","",""
"16223327","2","27","50","","(31141059,24)","","","","","","","","","",""
"16223328","2","28","50","","(31141059,24)","","","","","","","","","",""
"16223329","2","29","50","","(31141059,24)","","","","","","","","","",""
"16223330","2","30","50","","(31141060,12)","","","(5,0)","","","","","","",""
"16223331","2","31","50","","(31141060,12)","","","(5,0)","","","","","","",""
"16223332","2","32","50","","(31141060,12)","","","(5,0)","","","","","","",""
"16223333","2","33","50","","(31141060,12)","","","(5,0)","","","","","","",""
"16223334","2","34","50","","(31141060,12)","","","(5,0)","","","","","","",""
"16223335","2","35","50","","(31141060,12)","","","(5,0)","","","","","","",""
"16223336","2","36","50","","(31141060,12)","","","(5,0)","","","","","","",""
"16223337","2","37","50","","(31141060,12)","","","(5,0)","","","","","","",""
"16223338","2","38","50","","(31141060,12)","","","(5,0)","","","","","","",""
"16223339","2","39","50","","(31141060,12)","","","(5,0)","","","","","","",""
"16223340","2","40","50","","(31141060,12)","","","(5,0)","","","","","","",""
"16223341","2","41","50","","(31141060,12)","","","(5,0)","","","","","","",""
"16223342","2","42","50","","(31141060,12)","","","(5,0)","","","","","","",""
"16223343","2","43","50","","(31141060,12)","","","(5,0)","","","","","","",""
"16223344","2","44","50","","(31141060,12)","","","(5,0)","","","","","","",""
"16223345","2","45","50","","(31141060,12)","","","(5,0)","","","","","","",""
"16223346","2","46","50","","(31141060,12)","","","(5,0)","","","","","","",""
"16223347","2","47","50","","(31141060,12)","","","(5,0)","","","","","","",""
"16223348","2","48","50","","(31141060,12)","","","(5,0)","","","","","","",""
"16223349","2","49","50","","(31141060,12)","","","(5,0)","","","","","","",""
"16223350","2","50","50","","(31141060,12)","","","(5,0)","","","","","","",""
"16224101","0","1","50","","(31141059,18)","","","","","","","","","",""
"16224102","0","2","50","","(31141059,18)","","","","","","","","","",""
"16224103","0","3","50","","(31141059,18)","","","","","","","","","",""
"16224104","0","4","50","","(31141059,18)","","","","","","","","","",""
"16224105","0","5","50","","(31141059,18)","","","","","","","","","",""
"16224106","0","6","50","","(31141059,18)","","","","","","","","","",""
"16224107","0","7","50","","(31141059,18)","","","","","","","","","",""
"16224108","0","8","50","","(31141059,18)","","","","","","","","","",""
"16224109","0","9","50","","(31141059,18)","","","","","","","","","",""
"16224110","0","10","50","","(31141059,18)","","","","","","","","","",""
"16224111","0","11","50","","(31141059,18)","","","","","","","","","",""
"16224112","0","12","50","","(31141059,18)","","","","","","","","","",""
"16224113","0","13","50","","(31141059,18)","","","","","","","","","",""
"16224114","0","14","50","","(31141059,18)","","","","","","","","","",""
"16224115","0","15","50","","(31141059,18)","","","","","","","","","",""
"16224116","0","16","50","","(31141059,18)","","","","","","","","","",""
"16224117","0","17","50","","(31141059,18)","","","","","","","","","",""
"16224118","0","18","50","","(31141059,18)","","","","","","","","","",""
"16224119","0","19","50","","(31141059,18)","","","","","","","","","",""
"16224120","0","20","50","","(31141059,18)","","","","","","","","","",""
"16224121","0","21","50","","(31141059,18)","","","","","","","","","",""
"16224122","0","22","50","","(31141059,18)","","","","","","","","","",""
"16224123","0","23","50","","(31141059,18)","","","","","","","","","",""
"16224124","0","24","50","","(31141059,18)","","","","","","","","","",""
"16224125","0","25","50","","(31141059,18)","","","","","","","","","",""
"16224126","0","26","50","","(31141059,18)","","","","","","","","","",""
"16224127","0","27","50","","(31141059,18)","","","","","","","","","",""
"16224128","0","28","50","","(31141059,18)","","","","","","","","","",""
"16224129","0","29","50","","(31141059,18)","","","","","","","","","",""
"16224130","0","30","50","","(31141060,9)","","","(5,0)","","","","","","",""
"16224131","0","31","50","","(31141060,9)","","","(5,0)","","","","","","",""
"16224132","0","32","50","","(31141060,9)","","","(5,0)","","","","","","",""
"16224133","0","33","50","","(31141060,9)","","","(5,0)","","","","","","",""
"16224134","0","34","50","","(31141060,9)","","","(5,0)","","","","","","",""
"16224135","0","35","50","","(31141060,9)","","","(5,0)","","","","","","",""
"16224136","0","36","50","","(31141060,9)","","","(5,0)","","","","","","",""
"16224137","0","37","50","","(31141060,9)","","","(5,0)","","","","","","",""
"16224138","0","38","50","","(31141060,9)","","","(5,0)","","","","","","",""
"16224139","0","39","50","","(31141060,9)","","","(5,0)","","","","","","",""
"16224140","0","40","50","","(31141060,9)","","","(5,0)","","","","","","",""
"16224141","0","41","50","","(31141060,9)","","","(5,0)","","","","","","",""
"16224142","0","42","50","","(31141060,9)","","","(5,0)","","","","","","",""
"16224143","0","43","50","","(31141060,9)","","","(5,0)","","","","","","",""
"16224144","0","44","50","","(31141060,9)","","","(5,0)","","","","","","",""
"16224145","0","45","50","","(31141060,9)","","","(5,0)","","","","","","",""
"16224146","0","46","50","","(31141060,9)","","","(5,0)","","","","","","",""
"16224147","0","47","50","","(31141060,9)","","","(5,0)","","","","","","",""
"16224148","0","48","50","","(31141060,9)","","","(5,0)","","","","","","",""
"16224149","0","49","50","","(31141060,9)","","","(5,0)","","","","","","",""
"16224150","0","50","50","","(31141060,9)","","","(5,0)","","","","","","",""
"16224201","1","1","50","","(31141059,20)","","","","","","","","","",""
"16224202","1","2","50","","(31141059,20)","","","","","","","","","",""
"16224203","1","3","50","","(31141059,20)","","","","","","","","","",""
"16224204","1","4","50","","(31141059,20)","","","","","","","","","",""
"16224205","1","5","50","","(31141059,20)","","","","","","","","","",""
"16224206","1","6","50","","(31141059,20)","","","","","","","","","",""
"16224207","1","7","50","","(31141059,20)","","","","","","","","","",""
"16224208","1","8","50","","(31141059,20)","","","","","","","","","",""
"16224209","1","9","50","","(31141059,20)","","","","","","","","","",""
"16224210","1","10","50","","(31141059,20)","","","","","","","","","",""
"16224211","1","11","50","","(31141059,20)","","","","","","","","","",""
"16224212","1","12","50","","(31141059,20)","","","","","","","","","",""
"16224213","1","13","50","","(31141059,20)","","","","","","","","","",""
"16224214","1","14","50","","(31141059,20)","","","","","","","","","",""
"16224215","1","15","50","","(31141059,20)","","","","","","","","","",""
"16224216","1","16","50","","(31141059,20)","","","","","","","","","",""
"16224217","1","17","50","","(31141059,20)","","","","","","","","","",""
"16224218","1","18","50","","(31141059,20)","","","","","","","","","",""
"16224219","1","19","50","","(31141059,20)","","","","","","","","","",""
"16224220","1","20","50","","(31141059,20)","","","","","","","","","",""
"16224221","1","21","50","","(31141059,20)","","","","","","","","","",""
"16224222","1","22","50","","(31141059,20)","","","","","","","","","",""
"16224223","1","23","50","","(31141059,20)","","","","","","","","","",""
"16224224","1","24","50","","(31141059,20)","","","","","","","","","",""
"16224225","1","25","50","","(31141059,20)","","","","","","","","","",""
"16224226","1","26","50","","(31141059,20)","","","","","","","","","",""
"16224227","1","27","50","","(31141059,20)","","","","","","","","","",""
"16224228","1","28","50","","(31141059,20)","","","","","","","","","",""
"16224229","1","29","50","","(31141059,20)","","","","","","","","","",""
"16224230","1","30","50","","(31141060,10)","","","(5,0)","","","","","","",""
"16224231","1","31","50","","(31141060,10)","","","(5,0)","","","","","","",""
"16224232","1","32","50","","(31141060,10)","","","(5,0)","","","","","","",""
"16224233","1","33","50","","(31141060,10)","","","(5,0)","","","","","","",""
"16224234","1","34","50","","(31141060,10)","","","(5,0)","","","","","","",""
"16224235","1","35","50","","(31141060,10)","","","(5,0)","","","","","","",""
"16224236","1","36","50","","(31141060,10)","","","(5,0)","","","","","","",""
"16224237","1","37","50","","(31141060,10)","","","(5,0)","","","","","","",""
"16224238","1","38","50","","(31141060,10)","","","(5,0)","","","","","","",""
"16224239","1","39","50","","(31141060,10)","","","(5,0)","","","","","","",""
"16224240","1","40","50","","(31141060,10)","","","(5,0)","","","","","","",""
"16224241","1","41","50","","(31141060,10)","","","(5,0)","","","","","","",""
"16224242","1","42","50","","(31141060,10)","","","(5,0)","","","","","","",""
"16224243","1","43","50","","(31141060,10)","","","(5,0)","","","","","","",""
"16224244","1","44","50","","(31141060,10)","","","(5,0)","","","","","","",""
"16224245","1","45","50","","(31141060,10)","","","(5,0)","","","","","","",""
"16224246","1","46","50","","(31141060,10)","","","(5,0)","","","","","","",""
"16224247","1","47","50","","(31141060,10)","","","(5,0)","","","","","","",""
"16224248","1","48","50","","(31141060,10)","","","(5,0)","","","","","","",""
"16224249","1","49","50","","(31141060,10)","","","(5,0)","","","","","","",""
"16224250","1","50","50","","(31141060,10)","","","(5,0)","","","","","","",""
"16224301","2","1","50","","(31141059,24)","","","","","","","","","",""
"16224302","2","2","50","","(31141059,24)","","","","","","","","","",""
"16224303","2","3","50","","(31141059,24)","","","","","","","","","",""
"16224304","2","4","50","","(31141059,24)","","","","","","","","","",""
"16224305","2","5","50","","(31141059,24)","","","","","","","","","",""
"16224306","2","6","50","","(31141059,24)","","","","","","","","","",""
"16224307","2","7","50","","(31141059,24)","","","","","","","","","",""
"16224308","2","8","50","","(31141059,24)","","","","","","","","","",""
"16224309","2","9","50","","(31141059,24)","","","","","","","","","",""
"16224310","2","10","50","","(31141059,24)","","","","","","","","","",""
"16224311","2","11","50","","(31141059,24)","","","","","","","","","",""
"16224312","2","12","50","","(31141059,24)","","","","","","","","","",""
"16224313","2","13","50","","(31141059,24)","","","","","","","","","",""
"16224314","2","14","50","","(31141059,24)","","","","","","","","","",""
"16224315","2","15","50","","(31141059,24)","","","","","","","","","",""
"16224316","2","16","50","","(31141059,24)","","","","","","","","","",""
"16224317","2","17","50","","(31141059,24)","","","","","","","","","",""
"16224318","2","18","50","","(31141059,24)","","","","","","","","","",""
"16224319","2","19","50","","(31141059,24)","","","","","","","","","",""
"16224320","2","20","50","","(31141059,24)","","","","","","","","","",""
"16224321","2","21","50","","(31141059,24)","","","","","","","","","",""
"16224322","2","22","50","","(31141059,24)","","","","","","","","","",""
"16224323","2","23","50","","(31141059,24)","","","","","","","","","",""
"16224324","2","24","50","","(31141059,24)","","","","","","","","","",""
"16224325","2","25","50","","(31141059,24)","","","","","","","","","",""
"16224326","2","26","50","","(31141059,24)","","","","","","","","","",""
"16224327","2","27","50","","(31141059,24)","","","","","","","","","",""
"16224328","2","28","50","","(31141059,24)","","","","","","","","","",""
"16224329","2","29","50","","(31141059,24)","","","","","","","","","",""
"16224330","2","30","50","","(31141060,12)","","","(5,0)","","","","","","",""
"16224331","2","31","50","","(31141060,12)","","","(5,0)","","","","","","",""
"16224332","2","32","50","","(31141060,12)","","","(5,0)","","","","","","",""
"16224333","2","33","50","","(31141060,12)","","","(5,0)","","","","","","",""
"16224334","2","34","50","","(31141060,12)","","","(5,0)","","","","","","",""
"16224335","2","35","50","","(31141060,12)","","","(5,0)","","","","","","",""
"16224336","2","36","50","","(31141060,12)","","","(5,0)","","","","","","",""
"16224337","2","37","50","","(31141060,12)","","","(5,0)","","","","","","",""
"16224338","2","38","50","","(31141060,12)","","","(5,0)","","","","","","",""
"16224339","2","39","50","","(31141060,12)","","","(5,0)","","","","","","",""
"16224340","2","40","50","","(31141060,12)","","","(5,0)","","","","","","",""
"16224341","2","41","50","","(31141060,12)","","","(5,0)","","","","","","",""
"16224342","2","42","50","","(31141060,12)","","","(5,0)","","","","","","",""
"16224343","2","43","50","","(31141060,12)","","","(5,0)","","","","","","",""
"16224344","2","44","50","","(31141060,12)","","","(5,0)","","","","","","",""
"16224345","2","45","50","","(31141060,12)","","","(5,0)","","","","","","",""
"16224346","2","46","50","","(31141060,12)","","","(5,0)","","","","","","",""
"16224347","2","47","50","","(31141060,12)","","","(5,0)","","","","","","",""
"16224348","2","48","50","","(31141060,12)","","","(5,0)","","","","","","",""
"16224349","2","49","50","","(31141060,12)","","","(5,0)","","","","","","",""
"16224350","2","50","50","","(31141060,12)","","","(5,0)","","","","","","",""
