"AttributeId","Series","Type","Level","LevelMax","Name","Icon","Describe","OpenMoney","OpenItem","BuffArray","FeatherArray","AttArray","AttAddArray","BuffAddType","GSAddValue","ShowCD","ObtainDescription","WidgetJumpId","RegionArr","OpenTipStr","NoOpenTipStr","NewGetTip","SkillVedio"
"26010001","1001","","1","3","90100519","91211752","90100126","","","(10270001,0)","","","","0","","","","","","","","",""
"26010002","1001","","2","3","90100520","91211753","90100127","","","(10270002,0)","","","","","","","","","","","","",""
"26010003","1001","","3","3","90100521","91211754","90100128","","","(10270003,0)","","","","","","","","","","","","",""
"26010004","1004","","1","3","90100522","91211755","90100129","","","(10270004,0)","","","","","","","","","","","","",""
"26010005","1004","","2","3","90100523","91211756","90100130","","","(10270005,0)","","","","","","","","","","","","",""
"26010006","1004","","3","3","90100524","91211757","90100131","","","(10270006,0)","","","","","","","","","","","","",""
"26010007","1007","","1","3","90100525","91211758","90100132","","","(10270007,0)","","","","","","","","","","","","",""
"26010008","1007","","2","3","90100526","91211759","90100133","","","(10270008,0)","","","","","","","","","","","","",""
"26010009","1007","","3","3","90100527","91211760","90100134","","","(10270009,0)","","","","","","","","","","","","",""
"26010010","1010","","1","3","90100528","91211761","90100135","","","(10270010,0)","","","","","","","","","","","","",""
"26010011","1010","","2","3","90100529","91211762","90100136","","","(10270011,0)","","","","","","","","","","","","",""
"26010012","1010","","3","3","90100530","91211763","90100137","","","(10270012,0)","","","","","","","","","","","","",""
"26010013","1013","","1","3","90100531","91211764","90100138","","","(10270013,0)","","","","","","","","","","","","",""
"26010014","1013","","2","3","90100532","91211765","90100139","","","(10270014,0)","","","","","","","","","","","","",""
"26010015","1013","","3","3","90100533","91211766","90100140","","","(10270015,0)","","","","","","","","","","","","",""
"26010016","1016","","1","3","90100534","91211767","90100141","","","(10270016,0)","","","","","","","","","","","","",""
"26010017","1016","","2","3","90100535","91211768","90100142","","","(10270017,0)","","","","","","","","","","","","",""
"26010018","1016","","3","3","90100536","91211769","90100143","","","(10270018,0)","","","","","","","","","","","","",""
"26010019","1019","","1","3","90100537","91211770","90100144","","","(10270019,0)","","","","","","","","","","","","",""
"26010020","1019","","2","3","90100538","91211771","90100145","","","(10270020,0)","","","","","","","","","","","","",""
"26010021","1019","","3","3","90100539","91211772","90100146","","","(10270021,0)","","","","","","","","","","","","",""
"26010022","1022","","1","3","90100540","91211773","90100147","","","(10270022,0)","","","","","","","","","","","","",""
"26010023","1022","","2","3","90100541","91211774","90100148","","","(10270023,0)","","","","","","","","","","","","",""
"26010024","1022","","3","3","90100542","91211775","90100149","","","(10270024,0)","","","","","","","","","","","","",""
"26010025","1025","","1","3","90100555","91211776","90100162","","","(10270025,0)","","","","","","","","","","","","",""
"26010026","1025","","2","3","90100556","91211777","90100163","","","(10270026,0)","","","","","","","","","","","","",""
"26010027","1025","","3","3","90100557","91211778","90100164","","","(10270027,0)","","","","","","","","","","","","",""
"26010028","1028","","1","3","90100558","91211779","90100165","","","(10270028,0)","","","","","","","","","","","","",""
"26010029","1028","","2","3","90100559","91211780","90100166","","","(10270029,0)","","","","","","","","","","","","",""
"26010030","1028","","3","3","90100560","91211781","90100167","","","(10270030,0)","","","","","","","","","","","","",""
"26010031","1031","","1","3","90100561","91211782","90100168","","","(10270031,0)","","","","","","","","","","","","",""
"26010032","1031","","2","3","90100562","91211783","90100169","","","(10270032,0)","","","","","","","","","","","","",""
"26010033","1031","","3","3","90100563","91211784","90100170","","","(10270033,0)","","","","","","","","","","","","",""
"26010034","1034","","1","3","90100564","91211785","90100171","","","(10270034,0)","","","","","","","","","","","","",""
"26010035","1034","","2","3","90100565","91211786","90100172","","","(10270035,0)","","","","","","","","","","","","",""
"26010036","1034","","3","3","90100566","91211787","90100173","","","(10270036,0)","","","","","","","","","","","","",""
"26010037","1037","","1","3","90100567","91211788","90100174","","","(10270037,0)","","","","","","","","","","","","",""
"26010038","1037","","2","3","90100568","91211789","90100175","","","(10270038,0)","","","","","","","","","","","","",""
"26010039","1037","","3","3","90100569","91211790","90100176","","","(10270039,0)","","","","","","","","","","","","",""
"26010040","1040","","1","3","90100570","91211791","90100177","","","(10270040,0)","","","","","","","","","","","","",""
"26010041","1040","","2","3","90100571","91211792","90100178","","","(10270041,0)","","","","","","","","","","","","",""
"26010042","1040","","3","3","90100572","91211793","90100179","","","(10270042,0)","","","","","","","","","","","","",""
"26010043","1043","","1","3","90100573","91211794","90100180","","","(10270043,0)","","","","","","","","","","","","",""
"26010044","1043","","2","3","90100574","91211795","90100181","","","(10270044,0)","","","","","","","","","","","","",""
"26010045","1043","","3","3","90100575","91211796","90100182","","","(10270045,0)","","","","","","","","","","","","",""
"26010046","1046","","1","3","90100576","91211797","90100183","","","(10270046,0)","","","","","","","","","","","","",""
"26010047","1046","","2","3","90100577","91211798","90100184","","","(10270047,0)","","","","","","","","","","","","",""
"26010048","1046","","3","3","90100578","91211799","90100185","","","(10270048,0)","","","","","","","","","","","","",""
"26010049","1049","","1","3","90100591","91211800","90100198","","","(10270049,0)","","","","","","","","","","","","",""
"26010050","1049","","2","3","90100592","91211801","90100199","","","(10270050,0)","","","","","","","","","","","","",""
"26010051","1049","","3","3","90100593","91211802","90100200","","","(10270051,0)","","","","","","","","","","","","",""
"26010052","1052","","1","3","90100594","91211803","90100201","","","(10270052,0)","","","","","","","","","","","","",""
"26010053","1052","","2","3","90100595","91211804","90100202","","","(10270053,0)","","","","","","","","","","","","",""
"26010054","1052","","3","3","90100596","91211805","90100203","","","(10270054,0)","","","","","","","","","","","","",""
"26010055","1055","","1","3","90100597","91211806","90100204","","","(10270055,0)","","","","","","","","","","","","",""
"26010056","1055","","2","3","90100598","91211807","90100205","","","(10270056,0)","","","","","","","","","","","","",""
"26010057","1055","","3","3","90100599","91211808","90100206","","","(10270057,0)","","","","","","","","","","","","",""
"26010058","1058","","1","3","90100600","91211809","90100207","","","(10270058,0)","","","","","","","","","","","","",""
"26010059","1058","","2","3","90100601","91211810","90100208","","","(10270059,0)","","","","","","","","","","","","",""
"26010060","1058","","3","3","90100602","91211811","90100209","","","(10270060,0)","","","","","","","","","","","","",""
"26010061","1061","","1","3","90100603","91211812","90100210","","","(10270061,0)","","","","","","","","","","","","",""
"26010062","1061","","2","3","90100604","91211813","90100211","","","(10270062,0)","","","","","","","","","","","","",""
"26010063","1061","","3","3","90100605","91211814","90100212","","","(10270063,0)","","","","","","","","","","","","",""
"26010064","1064","","1","3","90100606","91211815","90100213","","","(10270064,0)","","","","","","","","","","","","",""
"26010065","1064","","2","3","90100607","91211816","90100214","","","(10270065,0)","","","","","","","","","","","","",""
"26010066","1064","","3","3","90100608","91211817","90100215","","","(10270066,0)","","","","","","","","","","","","",""
"26010067","1067","","1","3","90100609","91211818","90100216","","","(10270067,0)","","","","","","","","","","","","",""
"26010068","1067","","2","3","90100610","91211819","90100217","","","(10270068,0)","","","","","","","","","","","","",""
"26010069","1067","","3","3","90100611","91211820","90100218","","","(10270069,0)","","","","","","","","","","","","",""
"26010070","1070","","1","3","90100612","91211821","90100219","","","(10270070,0)","","","","","","","","","","","","",""
"26010071","1070","","2","3","90100613","91211822","90100220","","","(10270071,0)","","","","","","","","","","","","",""
"26010072","1070","","3","3","90100614","91211823","90100221","","","(10270072,0)","","","","","","","","","","","","",""
"26010073","1073","","1","3","90100615","91211824","90100222","","","(10270073,0)","","","","","","","","","","","","",""
"26010074","1073","","2","3","90100616","91211825","90100223","","","(10270074,0)","","","","","","","","","","","","",""
"26010075","1073","","3","3","90100617","91211826","90100224","","","(10270075,0)","","","","","","","","","","","","",""
"26010076","1076","","1","3","90100618","91211827","90100225","","","(10270076,0)","","","","","","","","","","","","",""
"26010077","1076","","2","3","90100619","91211828","90100226","","","(10270077,0)","","","","","","","","","","","","",""
"26010078","1076","","3","3","90100620","91211829","90100227","","","(10270078,0)","","","","","","","","","","","","",""
"26010079","1079","","1","3","90100621","91211830","90100228","","","(10270079,0)","","","","","","","","","","","","",""
"26010080","1079","","2","3","90100622","91211831","90100229","","","(10270080,0)","","","","","","","","","","","","",""
"26010081","1079","","3","3","90100623","91211832","90100230","","","(10270081,0)","","","","","","","","","","","","",""
"26010082","1082","","1","3","90100624","91211833","90100231","","","(10270082,0)","","","","","","","","","","","","",""
"26010083","1082","","2","3","90100625","91211834","90100232","","","(10270083,0)","","","","","","","","","","","","",""
"26010084","1082","","3","3","90100626","91211835","90100233","","","(10270084,0)","","","","","","","","","","","","",""
"26010085","1085","","1","3","90100627","91211836","90100234","","","(10270085,0)","","","","","","","","","","","","",""
"26010086","1085","","2","3","90100628","91211837","90100235","","","(10270086,0)","","","","","","","","","","","","",""
"26010087","1085","","3","3","90100629","91211838","90100236","","","(10270087,0)","","","","","","","","","","","","",""
"26010088","1088","","1","3","90100630","91211839","90100237","","","(10270088,0)","","","","","","","","","","","","",""
"26010089","1088","","2","3","90100631","91211840","90100238","","","(10270089,0)","","","","","","","","","","","","",""
"26010090","1088","","3","3","90100632","91211841","90100239","","","(10270090,0)","","","","","","","","","","","","",""
"26010091","1091","","1","3","90100633","91211842","90100240","","","(10270091,0)","","","","","","","","","","","","",""
"26010092","1091","","2","3","90100634","91211843","90100241","","","(10270092,0)","","","","","","","","","","","","",""
"26010093","1091","","3","3","90100635","91211844","90100242","","","(10270093,0)","","","","","","","","","","","","",""
"26010094","1094","","1","3","90100636","91211845","90100243","","","(10270094,0)","","","","","","","","","","","","",""
"26010095","1094","","2","3","90100637","91211846","90100244","","","(10270095,0)","","","","","","","","","","","","",""
"26010096","1094","","3","3","90100638","91211847","90100245","","","(10270096,0)","","","","","","","","","","","","",""
"26010097","1097","","1","3","90100639","91211848","90100246","","","(10270097,0)","","","","","","","","","","","","",""
"26010098","1097","","2","3","90100640","91211849","90100247","","","(10270098,0)","","","","","","","","","","","","",""
"26010099","1097","","3","3","90100641","91211850","90100248","","","(10270099,0)","","","","","","","","","","","","",""
"26010100","1100","","1","3","90100642","91211851","90100249","","","(10270100,0)","","","","","","","","","","","","",""
"26010101","1100","","2","3","90100643","91211852","90100250","","","(10270101,0)","","","","","","","","","","","","",""
"26010102","1100","","3","3","90100644","91211853","90100251","","","(10270102,0)","","","","","","","","","","","","",""
"26010103","1103","","1","3","90100645","91211854","90100252","","","(10270103,0)","","","","","","","","","","","","",""
"26010104","1103","","2","3","90100646","91211855","90100253","","","(10270104,0)","","","","","","","","","","","","",""
"26010105","1103","","3","3","90100647","91211856","90100254","","","(10270105,0)","","","","","","","","","","","","",""
"26010106","1106","","1","3","90100648","91211857","90100255","","","(10270106,0)","","","","","","","","","","","","",""
"26010107","1106","","2","3","90100649","91211858","90100256","","","(10270107,0)","","","","","","","","","","","","",""
"26010108","1106","","3","3","90100650","91211859","90100257","","","(10270108,0)","","","","","","","","","","","","",""
"26010109","1109","","1","3","90100675","91211860","90100282","","","(10270109,0)","","","","","","","","","","","","",""
"26010110","1109","","2","3","90100676","91211861","90100283","","","(10270110,0)","","","","","","","","","","","","",""
"26010111","1109","","3","3","90100677","91211862","90100284","","","(10270111,0)","","","","","","","","","","","","",""
"26010112","1112","","1","3","90100678","91211863","90100285","","","(10270112,0)","","","","","","","","","","","","",""
"26010113","1112","","2","3","90100679","91211864","90100286","","","(10270113,0)","","","","","","","","","","","","",""
"26010114","1112","","3","3","90100680","91211865","90100287","","","(10270114,0)","","","","","","","","","","","","",""
"26010115","1115","","1","3","90100681","91211866","90100288","","","(10270115,0)","","","","","","","","","","","","",""
"26010116","1115","","2","3","90100682","91211867","90100289","","","(10270116,0)","","","","","","","","","","","","",""
"26010117","1115","","3","3","90100683","91211868","90100290","","","(10270117,0)","","","","","","","","","","","","",""
"26010118","1118","","1","3","90100684","91211869","90100291","","","(10270118,0)","","","","","","","","","","","","",""
"26010119","1118","","2","3","90100685","91211870","90100292","","","(10270119,0)","","","","","","","","","","","","",""
"26010120","1118","","3","3","90100686","91211871","90100293","","","(10270120,0)","","","","","","","","","","","","",""
"26010121","1121","","1","3","90100687","91211872","90100294","","","(10270121,0)","","","","","","","","","","","","",""
"26010122","1121","","2","3","90100688","91211873","90100295","","","(10270122,0)","","","","","","","","","","","","",""
"26010123","1121","","3","3","90100689","91211874","90100296","","","(10270123,0)","","","","","","","","","","","","",""
"26010124","1124","","1","3","90100690","91211875","90100297","","","(10270124,0)","","","","","","","","","","","","",""
"26010125","1124","","2","3","90100691","91211876","90100298","","","(10270125,0)","","","","","","","","","","","","",""
"26010126","1124","","3","3","90100692","91211877","90100299","","","(10270126,0)","","","","","","","","","","","","",""
"26010127","1127","","1","3","90100693","91211878","90100300","","","(10270127,0)","","","","","","","","","","","","",""
"26010128","1127","","2","3","90100694","91211879","90100301","","","(10270128,0)","","","","","","","","","","","","",""
"26010129","1127","","3","3","90100695","91211880","90100302","","","(10270129,0)","","","","","","","","","","","","",""
"26010130","1130","","1","3","90100696","91211881","90100303","","","(10270130,0)","","","","","","","","","","","","",""
"26010131","1130","","2","3","90100697","91211882","90100304","","","(10270131,0)","","","","","","","","","","","","",""
"26010132","1130","","3","3","90100698","91211883","90100305","","","(10270132,0)","","","","","","","","","","","","",""
"26010133","1133","","1","3","90100723","91211884","90100330","","","(10270133,0)","","","","","","","","","","","","",""
"26010134","1133","","2","3","90100724","91211885","90100331","","","(10270134,0)","","","","","","","","","","","","",""
"26010135","1133","","3","3","90100725","91211886","90100332","","","(10270135,0)","","","","","","","","","","","","",""
"26010136","1136","","1","3","90100726","91211887","90100333","","","(10270136,0)","","","","","","","","","","","","",""
"26010137","1136","","2","3","90100727","91211888","90100334","","","(10270137,0)","","","","","","","","","","","","",""
"26010138","1136","","3","3","90100728","91211889","90100335","","","(10270138,0)","","","","","","","","","","","","",""
"26010139","1139","","1","3","90100729","91211890","90100336","","","(10270139,0)","","","","","","","","","","","","",""
"26010140","1139","","2","3","90100730","91211891","90100337","","","(10270140,0)","","","","","","","","","","","","",""
"26010141","1139","","3","3","90100731","91211892","90100338","","","(10270141,0)","","","","","","","","","","","","",""
"26010142","1142","","1","3","90100732","91211893","90100339","","","(10270142,0)","","","","","","","","","","","","",""
"26010143","1142","","2","3","90100733","91211894","90100340","","","(10270143,0)","","","","","","","","","","","","",""
"26010144","1142","","3","3","90100734","91211895","90100341","","","(10270144,0)","","","","","","","","","","","","",""
"26010145","1145","","1","3","90100735","91211896","90100342","","","(10270145,0)","","","","","","","","","","","","",""
"26010146","1145","","2","3","90100736","91211897","90100343","","","(10270146,0)","","","","","","","","","","","","",""
"26010147","1145","","3","3","90100737","91211898","90100344","","","(10270147,0)","","","","","","","","","","","","",""
"26010148","1148","","1","3","90100738","91211899","90100345","","","(10270148,0)","","","","","","","","","","","","",""
"26010149","1148","","2","3","90100739","91211900","90100346","","","(10270149,0)","","","","","","","","","","","","",""
"26010150","1148","","3","3","90100740","91211901","90100347","","","(10270150,0)","","","","","","","","","","","","",""
"26010151","1151","","1","3","90100741","91211902","90100348","","","(10270151,0)","","","","","","","","","","","","",""
"26010152","1151","","2","3","90100742","91211903","90100349","","","(10270152,0)","","","","","","","","","","","","",""
"26010153","1151","","3","3","90100743","91211904","90100350","","","(10270153,0)","","","","","","","","","","","","",""
"26010154","1154","","1","3","90100744","91211905","90100351","","","(10270154,0)","","","","","","","","","","","","",""
"26010155","1154","","2","3","90100745","91211906","90100352","","","(10270155,0)","","","","","","","","","","","","",""
"26010156","1154","","3","3","90100746","91211907","90100353","","","(10270156,0)","","","","","","","","","","","","",""
"26010157","1157","","1","3","90100747","91211908","90100354","","","(10270157,0)","","","","","","","","","","","","",""
"26010158","1157","","2","3","90100748","91211909","90100355","","","(10270158,0)","","","","","","","","","","","","",""
"26010159","1157","","3","3","90100749","91211910","90100356","","","(10270159,0)","","","","","","","","","","","","",""
"26010160","1160","","1","3","90100750","91211911","90100357","","","(10270160,0)","","","","","","","","","","","","",""
"26010161","1160","","2","3","90100751","91211912","90100358","","","(10270161,0)","","","","","","","","","","","","",""
"26010162","1160","","3","3","90100752","91211913","90100359","","","(10270162,0)","","","","","","","","","","","","",""
"26010163","1163","","1","3","90100753","91211914","90100360","","","(10270163,0)","","","","","","","","","","","","",""
"26010164","1163","","2","3","90100754","91211915","90100361","","","(10270164,0)","","","","","","","","","","","","",""
"26010165","1163","","3","3","90100755","91211916","90100362","","","(10270165,0)","","","","","","","","","","","","",""
"26010166","1166","","1","3","90100756","91211917","90100363","","","(10270166,0)","","","","","","","","","","","","",""
"26010167","1166","","2","3","90100757","91211918","90100364","","","(10270167,0)","","","","","","","","","","","","",""
"26010168","1166","","3","3","90100758","91211919","90100365","","","(10270168,0)","","","","","","","","","","","","",""
"26010169","1169","","1","3","90100543","91211920","90100150","","","(10270169,0)","","","","","","5","","","","","","",""
"26010170","1169","","2","3","90100544","91211921","90100151","","","(10270170,0)","","","","","","5","","","","","","",""
"26010171","1169","","3","3","90100545","91211922","90100152","","","(10270171,0)","","","","","","5","","","","","","",""
"26010172","1172","","1","3","90100546","91211923","90100153","","","(10270172,0)","","","","","","5","","","","","","",""
"26010173","1172","","2","3","90100547","91211924","90100154","","","(10270173,0)","","","","","","5","","","","","","",""
"26010174","1172","","3","3","90100548","91211925","90100155","","","(10270174,0)","","","","","","5","","","","","","",""
"26010175","1175","","1","3","90100549","91211926","90100156","","","(10270175,0)","","","","","","5","","","","","","",""
"26010176","1175","","2","3","90100550","91211927","90100157","","","(10270176,0)","","","","","","5","","","","","","",""
"26010177","1175","","3","3","90100551","91211928","90100158","","","(10270177,0)","","","","","","5","","","","","","",""
"26010178","1178","","1","3","90100552","91211929","90100159","","","(10270178,0)","","","","","","5","","","","","","",""
"26010179","1178","","2","3","90100553","91211930","90100160","","","(10270179,0)","","","","","","5","","","","","","",""
"26010180","1178","","3","3","90100554","91211931","90100161","","","(10270180,0)","","","","","","5","","","","","","",""
"26010181","1181","","1","3","90100579","91211932","90100186","","","(10270181,0)","","","","","","5","","","","","","",""
"26010182","1181","","2","3","90100580","91211933","90100187","","","(10270182,0)","","","","","","5","","","","","","",""
"26010183","1181","","3","3","90100581","91211934","90100188","","","(10270183,0)","","","","","","5","","","","","","",""
"26010184","1184","","1","3","90100582","91211935","90100189","","","(10270184,0)","","","","","","5","","","","","","",""
"26010185","1184","","2","3","90100583","91211936","90100190","","","(10270185,0)","","","","","","5","","","","","","",""
"26010186","1184","","3","3","90100584","91211937","90100191","","","(10270186,0)","","","","","","5","","","","","","",""
"26010187","1187","","1","3","90100585","91211938","90100192","","","(10270187,0)","","","","","","5","","","","","","",""
"26010188","1187","","2","3","90100586","91211939","90100193","","","(10270188,0)","","","","","","5","","","","","","",""
"26010189","1187","","3","3","90100587","91211940","90100194","","","(10270189,0)","","","","","","5","","","","","","",""
"26010190","1190","","1","3","90100588","91211941","90100195","","","(10270190,0)","","","","","","5","","","","","","",""
"26010191","1190","","2","3","90100589","91211942","90100196","","","(10270191,0)","","","","","","5","","","","","","",""
"26010192","1190","","3","3","90100590","91211943","90100197","","","(10270192,0)","","","","","","5","","","","","","",""
"26010193","1193","","1","3","90100663","91211944","90100270","","","(10270193,0)","","","","","","5","","","","","","",""
"26010194","1193","","2","3","90100664","91211945","90100271","","","(10270194,0)","","","","","","5","","","","","","",""
"26010195","1193","","3","3","90100665","91211946","90100272","","","(10270195,0)","","","","","","5","","","","","","",""
"26010196","1196","","1","3","90100666","91211947","90100273","","","(10270196,0)","","","","","","5","","","","","","",""
"26010197","1196","","2","3","90100667","91211948","90100274","","","(10270197,0)","","","","","","5","","","","","","",""
"26010198","1196","","3","3","90100668","91211949","90100275","","","(10270198,0)","","","","","","5","","","","","","",""
"26010199","1199","","1","3","90100669","91211950","90100276","","","(10270199,0)","","","","","","5","","","","","","",""
"26010200","1199","","2","3","90100670","91211951","90100277","","","(10270200,0)","","","","","","5","","","","","","",""
"26010201","1199","","3","3","90100671","91211952","90100278","","","(10270201,0)","","","","","","5","","","","","","",""
"26010202","1202","","1","3","90100672","91211953","90100279","","","(10270202,0)","","","","","","5","","","","","","",""
"26010203","1202","","2","3","90100673","91211954","90100280","","","(10270203,0)","","","","","","5","","","","","","",""
"26010204","1202","","3","3","90100674","91211955","90100281","","","(10270204,0)","","","","","","5","","","","","","",""
"26010205","1205","","1","3","90100759","91211956","90100366","","","(10270205,0)","","","","","","5","","","","","","",""
"26010206","1205","","2","3","90100760","91211957","90100367","","","(10270206,0)","","","","","","5","","","","","","",""
"26010207","1205","","3","3","90100761","91211958","90100368","","","(10270207,0)","","","","","","5","","","","","","",""
"26010208","1208","","1","3","90100762","91211959","90100369","","","(10270208,0)","","","","","","5","","","","","","",""
"26010209","1208","","2","3","90100763","91211960","90100370","","","(10270209,0)","","","","","","5","","","","","","",""
"26010210","1208","","3","3","90100764","91211961","90100371","","","(10270210,0)","","","","","","5","","","","","","",""
"26010211","1211","","1","3","90100765","91211962","90100372","","","(10270211,0)","","","","","","5","","","","","","",""
"26010212","1211","","2","3","90100766","91211963","90100373","","","(10270212,0)","","","","","","5","","","","","","",""
"26010213","1211","","3","3","90100767","91211964","90100374","","","(10270213,0)","","","","","","5","","","","","","",""
"26010214","1214","","1","3","90100768","91211965","90100375","","","(10270214,0)","","","","","","5","","","","","","",""
"26010215","1214","","2","3","90100769","91211966","90100376","","","(10270215,0)","","","","","","5","","","","","","",""
"26010216","1214","","3","3","90100770","91211967","90100377","","","(10270216,0)","","","","","","5","","","","","","",""
"26010217","1382","4","1","3","90037290","91223062","90037291","","","(10270346,0)","","","","","4000","","90097292","","","","","1",""
"26010218","1382","4","2","3","90037290","91223062","90037292","","","(10270347,0)","","","","","4000","","90097292","","","","","1",""
"26010219","1382","4","3","3","90037290","91223062","90037293","","","(10270348,0)","","","","","4000","","90097292","","","","","1",""
"26010220","1383","4","1","3","90037295","91223075","90037296","","","(10270349,0)","","","","","4000","","90097300","","","","","1",""
"26010221","1383","4","2","3","90037295","91223075","90037297","","","(10270350,0)","","","","","4000","","90097300","","","","","1",""
"26010222","1383","4","3","3","90037295","91223075","90037298","","","(10270351,0)","","","","","4000","","90097300","","","","","1",""
"26020001","1215","1","1","1","90100402","91290247","90100426","","","(10280001,0)","","","","","1000","3","90096455","","","","","",""
"26020002","1216","1","1","1","90100403","91290248","90100427","","","(10280003,0)","","","","","1000","1","90096456","","","","","",""
"26020003","1217","1","1","1","90100404","91290249","90100428","","","(10280020,0)","","","","","1500","","90096457","","","","","",""
"26020004","1218","1","1","1","90100405","91290250","90100429","","","(10280021,0)","","","","","1500","30","90096458","","","","","",""
"26020005","1219","1","1","1","90100406","91290251","90100430","","","(10280005,0)","","","","","2000","","90096459","","","","","",""
"26020006","1220","1","1","1","90100407","91290252","90100431","","","(10280006,0)","","","","","2000","","90096460","","","","","",""
"26020007","1221","1","1","1","90100408","91290253","90100432","","","(10280007,10040045)","","","","","2500","","90096461","","","","","",""
"26020008","1222","1","1","1","90100409","91290254","90100433","","","(10280008,0)","","","","","2500","","90096462","","","","","",""
"26020009","1223","1","1","1","90100410","91290255","90100434","","","(10280009,10280037)","","","","","3000","","90096463","","","","","",""
"26020010","1224","1","1","1","90100411","91290256","90100435","","","(10280010,0)","","","","","3000","10","90096464","","","","","",""
"26020011","1225","1","1","1","90100412","91290257","90100436","","","(10280011,0)","","","","","3500","","90096465","","","","","",""
"26020012","1226","1","1","1","90100413","91290258","90100437","","","(10280012,0)","","","","","3500","60","90096466","","","","","",""
"26020013","1227","1","1","1","90100414","91290259","90100438","","","(10280013,0)","","","","","4000","","90096467","","","","","",""
"26020014","1228","1","1","1","90100415","91290260","90100439","","","(10280022,0)","","","","","4000","","90096468","","","","","",""
"26020015","1229","1","1","1","90100416","91290261","90100440","","","(10280015,0)","","","","","4500","","90096469","","","","","",""
"26020016","1230","1","1","1","90100417","91290262","90100441","","","(10280016,0)","","","","","4500","","90096470","","","","","",""
"26020017","1231","1","1","1","90100418","91290263","90100442","","","(10280017,10280038)","","","","","5000","10","90096471","","","","","",""
"26020018","1232","1","1","1","90100419","91290264","90100443","","","(10280018,0)","","","","","5000","5","90096472","","","","","",""
"26020019","1233","1","1","1","90100420","91290265","90100444","","","(10280019,0)","","","","","6000","60","90096473","","","","","",""
"26020020","1234","1","1","1","90100421","91290266","90100445","","","(10280002,0)","","","","","6000","","90096474","","","","","",""
"26020021","1235","1","1","1","90100422","91290267","90100446","","","(10280023,0)","","","","","7000","60","90096475","","","","","",""
"26020022","1236","1","1","1","90100423","91290268","90100447","","","(10280024,0)","","","","","7000","30","90096476","","","","","",""
"26020023","1237","1","1","1","90100424","91290269","90100448","","","(10280004,0)","","","","","8000","","90096477","","","","","",""
"26020024","1238","1","1","1","90100425","91290270","90100449","","","(10280014,0)","","","","","8000","","90096478","","","","","",""
"26020025","1239","3","1","3","90100450","91211968","90100783","","","(10270271)","","","","","","","90096480","","","","","1",""
"26020026","1239","3","2","3","90100451","91211969","90100784","","","(10270272)","","","","","","","90096480","","","","","1",""
"26020027","1239","3","3","3","90100452","91211970","90100785","","","(10270273)","","","","","","","90096480","","","","","1",""
"26020028","1242","3","1","3","90100453","91211971","90100786","","","(10270289)","","","","","","","90096481","","","","","1",""
"26020029","1242","3","2","3","90100454","91211972","90100787","","","(10270290)","","","","","","","90096481","","","","","1",""
"26020030","1242","3","3","3","90100455","91211973","90100788","","","(10270291)","","","","","","","90096481","","","","","1",""
"26020031","1245","3","1","3","90100456","91211974","90100789","","","(10270313)","","","","","","","90096482","","","","","1",""
"26020032","1245","3","2","3","90100457","91211975","90100790","","","(10270314)","","","","","","","90096482","","","","","1",""
"26020033","1245","3","3","3","90100458","91211976","90100791","","","(10270315)","","","","","","","90096482","","","","","1",""
"26020034","1248","3","1","3","90100459","91211977","90100792","","","","","","(8,300)","","","","90096483","","","","","1",""
"26020035","1248","3","2","3","90100460","91211978","90100793","","","","","","(8,600)","","","","90096483","","","","","1",""
"26020036","1248","3","3","3","90100461","91211979","90100794","","","","","","(8,900)","","","","90096483","","","","","1",""
"26020037","1251","3","1","3","90100462","91211980","90100795","","","","","","(7,200)","","","","90096484","","","","","1",""
"26020038","1251","3","2","3","90100463","91211981","90100796","","","","","","(7,400)","","","","90096484","","","","","1",""
"26020039","1251","3","3","3","90100464","91211982","90100797","","","","","","(7,600)","","","","90096484","","","","","1",""
"26020040","1254","3","1","3","90100465","91211983","90100798","","","","","","(5,60,6,60)","","","","90096485","","","","","1",""
"26020041","1254","3","2","3","90100466","91211984","90100799","","","","","","(5,120,6,120)","","","","90096485","","","","","1",""
"26020042","1254","3","3","3","90100467","91211985","90100800","","","","","","(5,180,6,180)","","","","90096485","","","","","1",""
"26020043","1257","3","1","3","90100468","91211986","90100801","","","(10270283)","","","","","","","90096486","","","","","1",""
"26020044","1257","3","2","3","90100469","91211987","90100802","","","(10270284)","","","","","","","90096486","","","","","1",""
"26020045","1257","3","3","3","90100470","91211988","90100803","","","(10270285)","","","","","","","90096486","","","","","1",""
"26020046","1260","3","1","3","90100471","91211989","90100804","","","(10270286)","","","","","","","90096487","","","","","1",""
"26020047","1260","3","2","3","90100472","91211990","90100805","","","(10270287)","","","","","","","90096487","","","","","1",""
"26020048","1260","3","3","3","90100473","91211991","90100806","","","(10270288)","","","","","","","90096487","","","","","1",""
"26020049","1263","3","1","3","90100474","91211992","90100807","","","(10270277)","","","","","","","90096488","","","","","1",""
"26020050","1263","3","2","3","90100475","91211993","90100808","","","(10270278)","","","","","","","90096488","","","","","1",""
"26020051","1263","3","3","3","90100476","91211994","90100809","","","(10270279)","","","","","","","90096488","","","","","1",""
"26020052","1266","3","1","3","90100477","91211995","90100810","","","(10270292,10270334)","","","","","","","90096489","","","","","1",""
"26020053","1266","3","2","3","90100478","91211996","90100811","","","(10270293,10270335)","","","","","","","90096489","","","","","1",""
"26020054","1266","3","3","3","90100479","91211997","90100812","","","(10270294,10270336)","","","","","","","90096489","","","","","1",""
"26020055","1269","3","1","3","90100480","91211998","90100813","","","(10270295)","","","","","","","90096490","","","","","1",""
"26020056","1269","3","2","3","90100481","91211999","90100814","","","(10270296)","","","","","","","90096490","","","","","1",""
"26020057","1269","3","3","3","90100482","91212000","90100815","","","(10270297)","","","","","","","90096490","","","","","1",""
"26020058","1272","3","1","3","90100483","91212001","90100816","","","(10270298)","","","","","","","90096491","","","","","1",""
"26020059","1272","3","2","3","90100484","91212002","90100817","","","(10270299)","","","","","","","90096491","","","","","1",""
"26020060","1272","3","3","3","90100485","91212003","90100818","","","(10270300)","","","","","","","90096491","","","","","1",""
"26020061","1275","3","1","3","90100486","91212004","90100819","","","(10270301)","","","","","","","90096492","","","","","1",""
"26020062","1275","3","2","3","90100487","91212005","90100820","","","(10270302)","","","","","","","90096492","","","","","1",""
"26020063","1275","3","3","3","90100488","91212006","90100821","","","(10270303)","","","","","","","90096492","","","","","1",""
"26020064","1278","3","1","3","90100489","91212007","90100822","","","(10270304,10270337)","","","","","","","90096493","","","","","1",""
"26020065","1278","3","2","3","90100490","91212008","90100823","","","(10270305,10270338)","","","","","","","90096493","","","","","1",""
"26020066","1278","3","3","3","90100491","91212009","90100824","","","(10270306,10270339)","","","","","","","90096493","","","","","1",""
"26020067","1281","3","1","3","90100492","91212010","90100825","","","(10270307)","","","","","","60","90096494","","","","","1",""
"26020068","1281","3","2","3","90100493","91212011","90100826","","","(10270308)","","","","","","60","90096494","","","","","1",""
"26020069","1281","3","3","3","90100494","91212012","90100827","","","(10270309)","","","","","","60","90096494","","","","","1",""
"26020070","1284","3","1","3","90100495","91212013","90100828","","","(10270310)","","","","","","180","90096495","","","","","1",""
"26020071","1284","3","2","3","90100496","91212014","90100829","","","(10270311)","","","","","","120","90096495","","","","","1",""
"26020072","1284","3","3","3","90100497","91212015","90100830","","","(10270312)","","","","","","60","90096495","","","","","1",""
"26020073","1287","4","1","3","90100498","91212016","90100831","","","(10270343)","","","","","","","90096497","","","","","1",""
"26020074","1287","4","2","3","90100499","91212017","90100832","","","(10270344)","","","","","","","90096497","","","","","1",""
"26020075","1287","4","3","3","90100500","91212018","90100833","","","(10270345)","","","","","","","90096497","","","","","1",""
"26020076","1290","4","1","3","90100501","91212019","90100834","","","(10270316)","","","","","","","90096499","","","","","1",""
"26020077","1290","4","2","3","90100502","91212020","90100835","","","(10270317)","","","","","","","90096499","","","","","1",""
"26020078","1290","4","3","3","90100503","91212021","90100836","","","(10270318)","","","","","","","90096499","","","","","1",""
"26020079","1293","4","1","3","90100504","91212022","90100837","","","(10270319)","","","","","","","90096498","","","","","1",""
"26020080","1293","4","2","3","90100505","91212023","90100838","","","(10270320)","","","","","","","90096498","","","","","1",""
"26020081","1293","4","3","3","90100506","91212024","90100839","","","(10270321)","","","","","","","90096498","","","","","1",""
"26020082","1296","4","1","3","90100507","91212025","90100840","","","(10270322)","","","","","","","90096496","","","","","1",""
"26020083","1296","4","2","3","90100508","91212026","90100841","","","(10270323)","","","","","","","90096496","","","","","1",""
"26020084","1296","4","3","3","90100509","91212027","90100842","","","(10270324)","","","","","","","90096496","","","","","1",""
"26020085","1299","4","1","3","90100510","91212028","90100843","","","(10270325,10270340)","","","","","","","90096500","","","","","1",""
"26020086","1299","4","2","3","90100511","91212029","90100844","","","(10270326,10270341)","","","","","","","90096500","","","","","1",""
"26020087","1299","4","3","3","90100512","91212030","90100845","","","(10270327,10270342)","","","","","","","90096500","","","","","1",""
"26020088","1302","4","1","3","90100513","91212031","90100846","","","(10270328)","","","","","","","90096502","","","","","1",""
"26020089","1302","4","2","3","90100514","91212032","90100847","","","(10270329)","","","","","","","90096502","","","","","1",""
"26020090","1302","4","3","3","90100515","91212033","90100848","","","(10270330)","","","","","","","90096502","","","","","1",""
"26020091","1305","4","1","3","90100516","91212034","90100849","","","(10270280)","","","","","","180","90096501","","","","","1",""
"26020092","1305","4","2","3","90100517","91212035","90100850","","","(10270281)","","","","","","120","90096501","","","","","1",""
"26020093","1305","4","3","3","90100518","91212036","90100851","","","(10270282)","","","","","","60","90096501","","","","","1",""
"26020094","1306","","1","3","90100651","91212037","90100258","","","","","","(17,2)","","","","","","","","","",""
"26020095","1306","","2","3","90100652","91212038","90100259","","","","","","(17,4)","","","","","","","","","",""
"26020096","1306","","3","3","90100653","91212039","90100260","","","","","","(17,6)","","","","","","","","","",""
"26020097","1307","","1","3","90100654","91212040","90100261","","","","","","(15,2)","","","","","","","","","",""
"26020098","1307","","2","3","90100655","91212041","90100262","","","","","","(15,4)","","","","","","","","","",""
"26020099","1307","","3","3","90100656","91212042","90100263","","","","","","(15,6)","","","","","","","","","",""
"26020100","1308","","1","3","90100657","91212043","90100264","","","","","","(19,2)","","","","","","","","","",""
"26020101","1308","","2","3","90100658","91212044","90100265","","","","","","(19,4)","","","","","","","","","",""
"26020102","1308","","3","3","90100659","91212045","90100266","","","","","","(19,6)","","","","","","","","","",""
"26020103","1309","","1","3","90100660","91212046","90100267","","","","","","(21,2)","","","","","","","","","",""
"26020104","1309","","2","3","90100661","91212047","90100268","","","","","","(21,4)","","","","","","","","","",""
"26020105","1309","","3","3","90100662","91212048","90100269","","","","","","(21,6)","","","","","","","","","",""
"26020106","1310","","1","3","90100699","91212049","90100306","","","","","","(7,2)","","","","","","","","","",""
"26020107","1310","","2","3","90100700","91212050","90100307","","","","","","(7,4)","","","","","","","","","",""
"26020108","1310","","3","3","90100701","91212051","90100308","","","","","","(7,6)","","","","","","","","","",""
"26020109","1311","","1","3","90100702","91212052","90100309","","","","","","(5,2,6,2)","","","","","","","","","",""
"26020110","1311","","2","3","90100703","91212053","90100310","","","","","","(5,4,6,4)","","","","","","","","","",""
"26020111","1311","","3","3","90100704","91212054","90100311","","","","","","(5,6,6,6)","","","","","","","","","",""
"26020112","1312","","1","3","90100705","91212055","90100312","","","","","","(8,2)","","","","","","","","","",""
"26020113","1312","","2","3","90100706","91212056","90100313","","","","","","(8,4)","","","","","","","","","",""
"26020114","1312","","3","3","90100707","91212057","90100314","","","","","","(8,6)","","","","","","","","","",""
"26020115","1313","","1","3","90100708","91212058","90100315","","","","","","(9,2)","","","","","","","","","",""
"26020116","1313","","2","3","90100709","91212059","90100316","","","","","","(9,4)","","","","","","","","","",""
"26020117","1313","","3","3","90100710","91212060","90100317","","","","","","(9,6)","","","","","","","","","",""
"26020118","1314","","1","3","90100711","91212061","90100318","","","","","","(7,1)","","","","","","","","","",""
"26020119","1314","","2","3","90100712","91212062","90100319","","","","","","(7,2)","","","","","","","","","",""
"26020120","1314","","3","3","90100713","91212063","90100320","","","","","","(7,3)","","","","","","","","","",""
"26020121","1315","","1","3","90100714","91212064","90100321","","","","","","(5,1,6,1)","","","","","","","","","",""
"26020122","1315","","2","3","90100715","91212065","90100322","","","","","","(5,2,6,2)","","","","","","","","","",""
"26020123","1315","","3","3","90100716","91212066","90100323","","","","","","(5,3,6,3)","","","","","","","","","",""
"26020124","1316","","1","3","90100717","91212067","90100324","","","","","","(8,1)","","","","","","","","","",""
"26020125","1316","","2","3","90100718","91212068","90100325","","","","","","(8,2)","","","","","","","","","",""
"26020126","1316","","3","3","90100719","91212069","90100326","","","","","","(8,3)","","","","","","","","","",""
"26020127","1317","","1","3","90100720","91212070","90100327","","","","","","(9,1)","","","","","","","","","",""
"26020128","1317","","2","3","90100721","91212071","90100328","","","","","","(9,2)","","","","","","","","","",""
"26020129","1317","","3","3","90100722","91212072","90100329","","","","","","(9,3)","","","","","","","","","",""
"26020130","1318","","1","3","90100771","91212073","90100378","","","","","","(17,2)","","","","","","","","","",""
"26020131","1318","","2","3","90100772","91212074","90100379","","","","","","(17,4)","","","","","","","","","",""
"26020132","1318","","3","3","90100773","91212075","90100380","","","","","","(17,6)","","","","","","","","","",""
"26020133","1319","","1","3","90100774","91212076","90100381","","","","","","(15,2)","","","","","","","","","",""
"26020134","1319","","2","3","90100775","91212077","90100382","","","","","","(15,4)","","","","","","","","","",""
"26020135","1319","","3","3","90100776","91212078","90100383","","","","","","(15,6)","","","","","","","","","",""
"26020136","1320","","1","3","90100777","91212079","90100384","","","","","","(19,2)","","","","","","","","","",""
"26020137","1320","","2","3","90100778","91212080","90100385","","","","","","(19,4)","","","","","","","","","",""
"26020138","1320","","3","3","90100779","91212081","90100386","","","","","","(19,6)","","","","","","","","","",""
"26020139","1321","","1","3","90100780","91212082","90100387","","","","","","(21,2)","","","","","","","","","",""
"26020140","1321","","2","3","90100781","91212083","90100388","","","","","","(21,4)","","","","","","","","","",""
"26020141","1321","","3","3","90100782","91212084","90100389","","","","","","(21,6)","","","","","","","","","",""
"26020142","1322","2","1","1","90100852","91290274","90100864","","","(10280025)","","","","","","5","90097547","","","","","",""
"26020143","1323","2","1","1","90100853","91290275","90100865","","","(10280026)","","","","","","30","90097548","","","","","",""
"26020144","1324","2","1","1","90100854","91290276","90100866","","","(10280027)","","","","","","10","90097549","","","","","",""
"26020145","1325","2","1","1","90100855","91290277","90100867","","","(10280028)","","","","","","60","90097550","","","","","",""
"26020146","1326","2","1","1","90100856","91290278","90100868","","","(10280029)","","","","","","15","90097551","","","","","",""
"26020147","1327","2","1","1","90100857","91290279","90100869","","","(10280030)","","","","","","30","90097552","","","","","",""
"26020148","1328","2","1","1","90100858","91290280","90100870","","","(10280031)","","","","","","","90097553","","","","","",""
"26020149","1329","2","1","1","90100859","91290281","90100871","","","(10280032)","","","","","","30","90097554","","","","","",""
"26020150","1330","2","1","1","90100860","91290282","90100872","","","(10280033)","","","","","","30","90097555","","","","","",""
"26020151","1331","2","1","1","90100861","91290283","90100873","","","(10280034)","","","","","","30","90097556","","","","","",""
"26020152","1332","2","1","1","90100862","91290284","90100874","","","(10280035)","","","","","","20","90097557","","","","","",""
"26020153","1333","2","1","1","90100863","91290285","90100875","","","(10280036)","","","","","","20","90097558","","","","","",""
"26020154","1334","2","1","1","90100876","91290287","90100878","","","(10280039)","","","","","","30","90097559","","","","","",""
"26020155","1335","2","1","1","90100877","91290288","90100879","","","(10280040)","","","","","","30","90097560","","","","","",""
"26020156","1336","2","1","1","90100880","91290351","90100881","","","(10280041)","","","","","","30","90097561","","","","","",""
"26020157","1337","3","1","3","90100882","91212085","90100883","","","(10280042)","","","","","","","90096672","","","","","1",""
"26020158","1337","3","2","3","90100882","91212086","90100884","","","(10280043)","","","","","","","90096672","","","","","1",""
"26020159","1337","3","3","3","90100882","91212087","90100885","","","(10280044)","","","","","","","90096672","","","","","1",""
"26020160","1338","4","1","1","90100886","91212088","90100890","","","(10280045)","","","","","","","90096672","","","","","1",""
"26020161","1339","4","1","1","90100887","91212089","90100891","","","(10280046)","","","","","","","90096672","","","","","1",""
"26020162","1340","4","1","1","90100888","91212090","90100892","","","(10280047)","","","","","","","90096672","","","","","1",""
"26020163","1341","4","1","1","90100889","91212091","90100893","","","(10280048)","","","","","","","90096672","","","","","1",""
"26020164","1342","4","1","3","90039940","91212092","90039942","","","(10280049)","","","","","","","90096680","","","","","1",""
"26020165","1342","4","2","3","90039940","91212092","90039943","","","(10280050)","","","","","","","90096680","","","","","1",""
"26020166","1342","4","3","3","90039940","91212092","90039944","","","(10280051)","","","","","","","90096680","","","","","1",""
"26020167","1343","4","1","3","90039941","91212093","90039945","","","(10280052)","","","","","","","90096681","","","","","1",""
"26020168","1343","4","2","3","90039941","91212093","90039946","","","(10280053)","","","","","","","90096681","","","","","1",""
"26020169","1343","4","3","3","90039941","91212093","90039947","","","(10280054)","","","","","","","90096681","","","","","1",""
"26020170","1344","5","1","20","90100886","91212088","90100890","","","(10280055)","(31040045)","","","","","10","90096682","","","","","",""
"26020171","1344","5","2","20","90100886","91212088","90100891","","","(10280056)","(31040045)","","","","","10","90096682","","","","","",""
"26020172","1344","5","3","20","90100886","91212088","90100892","","","(10280057)","(31040045)","","","","","10","90096682","","","","","",""
"26020173","1344","5","4","20","90100886","91212088","90100893","","","(10280058)","(31040045)","","","","","10","90096682","","","","","",""
"26020174","1344","5","5","20","90100886","91212088","90100894","","","(10280059)","(31040045)","","","","","10","90096682","","","","","",""
"26020175","1344","5","6","20","90100886","91212088","90100895","","","(10280060)","(31040045)","","","","","10","90096682","","","","","",""
"26020176","1344","5","7","20","90100886","91212088","90100896","","","(10280061)","(31040045)","","","","","10","90096682","","","","","",""
"26020177","1344","5","8","20","90100886","91212088","90100897","","","(10280062)","(31040045)","","","","","10","90096682","","","","","",""
"26020178","1344","5","9","20","90100886","91212088","90100898","","","(10280063)","(31040045)","","","","","10","90096682","","","","","",""
"26020179","1344","5","10","20","90100886","91212088","90100899","","","(10280064)","(31040045)","","","","","10","90096682","","","","","",""
"26020180","1345","5","1","20","90100887","91212089","90100900","","","(10280065)","(31040046)","","","","","10","90096683","","","","","",""
"26020181","1345","5","2","20","90100887","91212089","90100901","","","(10280066)","(31040046)","","","","","10","90096683","","","","","",""
"26020182","1345","5","3","20","90100887","91212089","90100902","","","(10280067)","(31040046)","","","","","10","90096683","","","","","",""
"26020183","1345","5","4","20","90100887","91212089","90100903","","","(10280068)","(31040046)","","","","","10","90096683","","","","","",""
"26020184","1345","5","5","20","90100887","91212089","90100904","","","(10280069)","(31040046)","","","","","10","90096683","","","","","",""
"26020185","1345","5","6","20","90100887","91212089","90100905","","","(10280070)","(31040046)","","","","","10","90096683","","","","","",""
"26020186","1345","5","7","20","90100887","91212089","90100906","","","(10280071)","(31040046)","","","","","10","90096683","","","","","",""
"26020187","1345","5","8","20","90100887","91212089","90100907","","","(10280072)","(31040046)","","","","","10","90096683","","","","","",""
"26020188","1345","5","9","20","90100887","91212089","90100908","","","(10280073)","(31040046)","","","","","10","90096683","","","","","",""
"26020189","1345","5","10","20","90100887","91212089","90100909","","","(10280074)","(31040046)","","","","","10","90096683","","","","","",""
"26020190","1346","5","1","20","90100888","91212090","90100910","","","(10280075)","(31040048)","","","","","10","90096684","","","","","",""
"26020191","1346","5","2","20","90100888","91212090","90100911","","","(10280076)","(31040048)","","","","","10","90096684","","","","","",""
"26020192","1346","5","3","20","90100888","91212090","90100912","","","(10280077)","(31040048)","","","","","10","90096684","","","","","",""
"26020193","1346","5","4","20","90100888","91212090","90100913","","","(10280078)","(31040048)","","","","","10","90096684","","","","","",""
"26020194","1346","5","5","20","90100888","91212090","90100914","","","(10280079)","(31040048)","","","","","10","90096684","","","","","",""
"26020195","1346","5","6","20","90100888","91212090","90100915","","","(10280080)","(31040048)","","","","","10","90096684","","","","","",""
"26020196","1346","5","7","20","90100888","91212090","90100916","","","(10280081)","(31040048)","","","","","10","90096684","","","","","",""
"26020197","1346","5","8","20","90100888","91212090","90100917","","","(10280082)","(31040048)","","","","","10","90096684","","","","","",""
"26020198","1346","5","9","20","90100888","91212090","90100918","","","(10280083)","(31040048)","","","","","10","90096684","","","","","",""
"26020199","1346","5","10","20","90100888","91212090","90100919","","","(10280084)","(31040048)","","","","","10","90096684","","","","","",""
"26020200","1347","5","1","20","90100889","91212091","90100920","","","(10280085)","(31040047)","","","","","10","90096685","","","","","",""
"26020201","1347","5","2","20","90100889","91212091","90100921","","","(10280086)","(31040047)","","","","","10","90096685","","","","","",""
"26020202","1347","5","3","20","90100889","91212091","90100922","","","(10280087)","(31040047)","","","","","10","90096685","","","","","",""
"26020203","1347","5","4","20","90100889","91212091","90100923","","","(10280088)","(31040047)","","","","","10","90096685","","","","","",""
"26020204","1347","5","5","20","90100889","91212091","90100924","","","(10280089)","(31040047)","","","","","10","90096685","","","","","",""
"26020205","1347","5","6","20","90100889","91212091","90100925","","","(10280090)","(31040047)","","","","","10","90096685","","","","","",""
"26020206","1347","5","7","20","90100889","91212091","90100926","","","(10280091)","(31040047)","","","","","10","90096685","","","","","",""
"26020207","1347","5","8","20","90100889","91212091","90100927","","","(10280092)","(31040047)","","","","","10","90096685","","","","","",""
"26020208","1347","5","9","20","90100889","91212091","90100928","","","(10280093)","(31040047)","","","","","10","90096685","","","","","",""
"26020209","1347","5","10","20","90100889","91212091","90100929","","","(10280094)","(31040047)","","","","","10","90096685","","","","","",""
"26020210","1348","3","1","3","90039961","91212094","90039962","","","(10280105)","","","","","","","90096806","","","","","1",""
"26020211","1348","3","2","3","90039961","91212094","90039963","","","(10280106)","","","","","","","90096806","","","","","1",""
"26020212","1348","3","3","3","90039961","91212094","90039964","","","(10280107)","","","","","","","90096806","","","","","1",""
"26020213","1349","4","1","3","90039990","91222932","90039991","","","(10280108)","","","","","","5","90096808","","","","","1",""
"26020214","1349","4","2","3","90039990","91222932","90039992","","","(10280109)","","","","","","5","90096808","","","","","1",""
"26020215","1349","4","3","3","90039990","91222932","90039993","","","(10280110)","","","","","","5","90096808","","","","","1",""
"26020216","1350","3","1","3","90039994","91222933","90039995","","","(10280111)","","","","","","5","90096807","","","","","1",""
"26020217","1350","3","2","3","90039994","91222933","90039996","","","(10280112)","","","","","","5","90096807","","","","","1",""
"26020218","1350","3","3","3","90039994","91222933","90039997","","","(10280113)","","","","","","5","90096807","","","","","1",""
"26020219","1351","2","1","1","90078063","91222931","90078065","","","(10280114)","","","","","","5","90097563","","","","","",""
"26020220","1352","6","1","1","90078064","91222934","90078066","","","(10280115)","","","","","","10","90096809","","","90036102","90036105","",""
"26020221","1353","3","1","3","90078075","91222943","90078076","","","(10280118)","","","","","","0","90096899","","","","","1",""
"26020222","1353","3","2","3","90078075","91222943","90078077","","","(10280119)","","","","","","0","90096899","","","","","1",""
"26020223","1353","3","3","3","90078075","91222943","90078078","","","(10280120)","","","","","","0","90096899","","","","","1",""
"26020224","1354","6","1","1","90078079","91222944","90078080","","","(10280121)","","","","","","0","90096900","","","90036102","90036105","",""
"26020225","1355","2","1","3","90078089","91222957","90078090","","","(10280122)","","","","","","5","90097564","","","","","",""
"26020226","1356","3","1","3","90078091","91222953","90078092","","","(10280123)","","","","","","3","90096949","","","","","1",""
"26020227","1356","3","2","3","90078091","91222953","90078093","","","(10280124)","","","","","","3","90096949","","","","","1",""
"26020228","1356","3","3","3","90078091","91222953","90078094","","","(10280125)","","","","","","3","90096949","","","","","1",""
"26020229","1357","6","1","1","90078095","91222954","90078096","","","(10280126)","","","","","","5","90096950","","","90036102","90036105","",""
"26020230","1358","4","1","3","90078099","91222966","90078100","","","(10290413)","","","","","","5","90097027","","","","","1",""
"26020231","1358","4","2","3","90078099","91222966","90078101","","","(10290414)","","","","","","5","90097027","","","","","1",""
"26020232","1358","4","3","3","90078099","91222966","90078102","","","(10290415)","","","","","","5","90097027","","","","","1",""
"26020233","1359","7","1","6","90078103","91290944","90078104","","","(10290416)","","","","","","","90097030","","","","","",""
"26020234","1360","7","2","6","90078103","91290945","90078105","","","(10290417)","","","","","","","90097031","","","","","",""
"26020235","1361","7","3","6","90078103","91290946","90078106","","","(10290418)","","","","","","","90097032","","","","","",""
"26020236","1362","7","4","6","90078103","91290947","90078107","","","(10290419)","","","","","","","90097033","","","","","",""
"26020237","1363","7","5","6","90078103","91290948","90078108","","","(10290420)","","","","","","","90097034","","","","","",""
"26020238","1364","7","6","6","90078103","91290949","90078109","","","(10290421)","","","","","","","90097035","","","","","",""
"26020239","1365","2","1","3","90100930","91290351","90100932","","","(10290422)","","","","","","60","90096479","","","","","",""
"26020240","1365","2","2","3","90100930","91290351","90100934","","","(10290423)","","","","","","60","90096479","","","","","",""
"26020241","1365","2","1","1","90100930","91222969","90100935","","","(10290424)","","","","","","60","90097565","","","","","",""
"26020242","1366","2","1","1","90100931","91222970","90100933","","","(10290425)","","","","","","3","90097565","","","","","",""
"26020243","1366","2","2","3","90100931","91290351","90100936","","","(10290426)","","","","","","3","90096479","","","","","",""
"26020244","1366","2","3","3","90100931","91290351","90100937","","","(10290427)","","","","","","3","90096479","","","","","",""
"26020245","1367","3","1","3","90100940","91222979","90100944","","","(10290431)","","","","","","3","90097133","","","","","1",""
"26020246","1367","3","2","3","90100940","91222979","90100945","","","(10290432)","","","","","","3","90097133","","","","","1",""
"26020247","1367","3","3","3","90100940","91222979","90100946","","","(10290433)","","","","","","3","90097133","","","","","1",""
"26020248","1368","4","1","3","90100941","91222992","90100947","","","(10290434)","","","","","","5","90097134","","","","","1",""
"26020249","1368","4","2","3","90100941","91222992","90100948","","","(10290435)","","","","","","5","90097134","","","","","1",""
"26020250","1368","4","3","3","90100941","91222992","90100949","","","(10290436)","","","","","","5","90097134","","","","","1",""
"26020251","1369","2","1","1","90100942","91222982","90100950","","","(10290437)","","","","","","5","90097566","","","","","",""
"26020252","1370","6","1","1","90100943","91222983","90100951","","","(10290438)","","","","","","5","90097135","","","90036102","90036105","",""
"26020253","1344","5","11","20","90100886","91212088","90100899","","","(10280130)","(31040045)","","","","","10","90096682","","","","","",""
"26020254","1344","5","12","20","90100886","91212088","90100899","","","(10280131)","(31040045)","","","","","10","90096682","","","","","",""
"26020255","1344","5","13","20","90100886","91212088","90100899","","","(10280132)","(31040045)","","","","","10","90096682","","","","","",""
"26020256","1344","5","14","20","90100886","91212088","90100899","","","(10280133)","(31040045)","","","","","10","90096682","","","","","",""
"26020257","1344","5","15","20","90100886","91212088","90100899","","","(10280134)","(31040045)","","","","","10","90096682","","","","","",""
"26020258","1344","5","16","20","90100886","91212088","90100899","","","(10280135)","(31040045)","","","","","10","90096682","","","","","",""
"26020259","1344","5","17","20","90100886","91212088","90100899","","","(10280136)","(31040045)","","","","","10","90096682","","","","","",""
"26020260","1344","5","18","20","90100886","91212088","90100899","","","(10280137)","(31040045)","","","","","10","90096682","","","","","",""
"26020261","1344","5","19","20","90100886","91212088","90100899","","","(10280138)","(31040045)","","","","","10","90096682","","","","","",""
"26020262","1344","5","20","20","90100886","91212088","90100899","","","(10280139)","(31040045)","","","","","10","90096682","","","","","",""
"26020263","1345","5","11","20","90100887","91212089","90100952","","","(10280140)","(31040046)","","","","","10","90096683","","","","","",""
"26020264","1345","5","12","20","90100887","91212089","90100953","","","(10280141)","(31040046)","","","","","10","90096683","","","","","",""
"26020265","1345","5","13","20","90100887","91212089","90100954","","","(10280142)","(31040046)","","","","","10","90096683","","","","","",""
"26020266","1345","5","14","20","90100887","91212089","90100955","","","(10280143)","(31040046)","","","","","10","90096683","","","","","",""
"26020267","1345","5","15","20","90100887","91212089","90100956","","","(10280144)","(31040046)","","","","","10","90096683","","","","","",""
"26020268","1345","5","16","20","90100887","91212089","90100957","","","(10280145)","(31040046)","","","","","10","90096683","","","","","",""
"26020269","1345","5","17","20","90100887","91212089","90100958","","","(10280146)","(31040046)","","","","","10","90096683","","","","","",""
"26020270","1345","5","18","20","90100887","91212089","90100959","","","(10280147)","(31040046)","","","","","10","90096683","","","","","",""
"26020271","1345","5","19","20","90100887","91212089","90100960","","","(10280148)","(31040046)","","","","","10","90096683","","","","","",""
"26020272","1345","5","20","20","90100887","91212089","90100961","","","(10280149)","(31040046)","","","","","10","90096683","","","","","",""
"26020273","1346","5","11","20","90100888","91212090","90100962","","","(10280150)","(31040048)","","","","","10","90096684","","","","","",""
"26020274","1346","5","12","20","90100888","91212090","90100963","","","(10280151)","(31040048)","","","","","10","90096684","","","","","",""
"26020275","1346","5","13","20","90100888","91212090","90100964","","","(10280152)","(31040048)","","","","","10","90096684","","","","","",""
"26020276","1346","5","14","20","90100888","91212090","90100965","","","(10280153)","(31040048)","","","","","10","90096684","","","","","",""
"26020277","1346","5","15","20","90100888","91212090","90100966","","","(10280154)","(31040048)","","","","","10","90096684","","","","","",""
"26020278","1346","5","16","20","90100888","91212090","90100967","","","(10280155)","(31040048)","","","","","10","90096684","","","","","",""
"26020279","1346","5","17","20","90100888","91212090","90100968","","","(10280156)","(31040048)","","","","","10","90096684","","","","","",""
"26020280","1346","5","18","20","90100888","91212090","90100969","","","(10280157)","(31040048)","","","","","10","90096684","","","","","",""
"26020281","1346","5","19","20","90100888","91212090","90100970","","","(10280158)","(31040048)","","","","","10","90096684","","","","","",""
"26020282","1346","5","20","20","90100888","91212090","90100971","","","(10280159)","(31040048)","","","","","10","90096684","","","","","",""
"26020283","1347","5","11","20","90100889","91212091","90100972","","","(10280160)","(31040047)","","","","","10","90096685","","","","","",""
"26020284","1347","5","12","20","90100889","91212091","90100973","","","(10280161)","(31040047)","","","","","10","90096685","","","","","",""
"26020285","1347","5","13","20","90100889","91212091","90100974","","","(10280162)","(31040047)","","","","","10","90096685","","","","","",""
"26020286","1347","5","14","20","90100889","91212091","90100975","","","(10280163)","(31040047)","","","","","10","90096685","","","","","",""
"26020287","1347","5","15","20","90100889","91212091","90100976","","","(10280164)","(31040047)","","","","","10","90096685","","","","","",""
"26020288","1347","5","16","20","90100889","91212091","90100977","","","(10280165)","(31040047)","","","","","10","90096685","","","","","",""
"26020289","1347","5","17","20","90100889","91212091","90100978","","","(10280166)","(31040047)","","","","","10","90096685","","","","","",""
"26020290","1347","5","18","20","90100889","91212091","90100979","","","(10280167)","(31040047)","","","","","10","90096685","","","","","",""
"26020291","1347","5","19","20","90100889","91212091","90100980","","","(10280168)","(31040047)","","","","","10","90096685","","","","","",""
"26020292","1347","5","20","20","90100889","91212091","90100981","","","(10280169)","(31040047)","","","","","10","90096685","","","","","",""
"26020301","1349","","1","5","","","","","","","","","","","","","","","","","","",""
"26020302","1349","","2","5","","","","","","","","","","","","","","","","","","",""
"26020303","1349","","3","5","","","","","","","","","","","","","","","","","","",""
"26020304","1349","","4","5","","","","","","","","","","","","","","","","","","",""
"26020305","1349","","5","5","","","","","","","","","","","","","","","","","","",""
"26020311","1350","","1","5","","","","","","","","","","","","","","","","","","",""
"26020312","1350","","2","5","","","","","","","","","","","","","","","","","","",""
"26020313","1350","","3","5","","","","","","","","","","","","","","","","","","",""
"26020314","1350","","4","5","","","","","","","","","","","","","","","","","","",""
"26020315","1350","","5","5","","","","","","","","","","","","","","","","","","",""
"26020321","1351","","1","5","","","","","","","","","","","","","","","","","","",""
"26020322","1351","","2","5","","","","","","","","","","","","","","","","","","",""
"26020323","1351","","3","5","","","","","","","","","","","","","","","","","","",""
"26020324","1351","","4","5","","","","","","","","","","","","","","","","","","",""
"26020325","1351","","5","5","","","","","","","","","","","","","","","","","","",""
"26020331","1352","","1","5","","","","","","","","","","","","","","","","","","",""
"26020332","1352","","2","5","","","","","","","","","","","","","","","","","","",""
"26020333","1352","","3","5","","","","","","","","","","","","","","","","","","",""
"26020334","1352","","4","5","","","","","","","","","","","","","","","","","","",""
"26020335","1352","","5","5","","","","","","","","","","","","","","","","","","",""
"26020341","1353","","1","5","","","","","","","","","","","","","","","","","","",""
"26020342","1353","","2","5","","","","","","","","","","","","","","","","","","",""
"26020343","1353","","3","5","","","","","","","","","","","","","","","","","","",""
"26020344","1353","","4","5","","","","","","","","","","","","","","","","","","",""
"26020345","1353","","5","5","","","","","","","","","","","","","","","","","","",""
"26020351","1354","","1","5","","","","","","","","","","","","","","","","","","",""
"26020352","1354","","2","5","","","","","","","","","","","","","","","","","","",""
"26020353","1354","","3","5","","","","","","","","","","","","","","","","","","",""
"26020354","1354","","4","5","","","","","","","","","","","","","","","","","","",""
"26020355","1354","","5","5","","","","","","","","","","","","","","","","","","",""
"26020361","1355","","1","5","","","","","","","","","","","","","","","","","","",""
"26020362","1355","","2","5","","","","","","","","","","","","","","","","","","",""
"26020363","1355","","3","5","","","","","","","","","","","","","","","","","","",""
"26020364","1355","","4","5","","","","","","","","","","","","","","","","","","",""
"26020365","1355","","5","5","","","","","","","","","","","","","","","","","","",""
"26020371","1356","","1","5","","","","","","","","","","","","","","","","","","",""
"26020372","1356","","2","5","","","","","","","","","","","","","","","","","","",""
"26020373","1356","","3","5","","","","","","","","","","","","","","","","","","",""
"26020374","1356","","4","5","","","","","","","","","","","","","","","","","","",""
"26020375","1356","","5","5","","","","","","","","","","","","","","","","","","",""
"26020381","1357","","1","5","","","","","","","","","","","","","","","","","","",""
"26020382","1357","","2","5","","","","","","","","","","","","","","","","","","",""
"26020383","1357","","3","5","","","","","","","","","","","","","","","","","","",""
"26020384","1357","","4","5","","","","","","","","","","","","","","","","","","",""
"26020385","1357","","5","5","","","","","","","","","","","","","","","","","","",""
"26020391","1358","","1","5","","","","","","","","","","","","","","","","","","",""
"26020392","1358","","2","5","","","","","","","","","","","","","","","","","","",""
"26020393","1358","","3","5","","","","","","","","","","","","","","","","","","",""
"26020394","1358","","4","5","","","","","","","","","","","","","","","","","","",""
"26020395","1358","","5","5","","","","","","","","","","","","","","","","","","",""
"26020401","1359","","1","5","","","","","","","","","","","","","","","","","","",""
"26020402","1359","","2","5","","","","","","","","","","","","","","","","","","",""
"26020403","1359","","3","5","","","","","","","","","","","","","","","","","","",""
"26020404","1359","","4","5","","","","","","","","","","","","","","","","","","",""
"26020405","1359","","5","5","","","","","","","","","","","","","","","","","","",""
"26020411","1360","","1","5","","","","","","","","","","","","","","","","","","",""
"26020412","1360","","2","5","","","","","","","","","","","","","","","","","","",""
"26020413","1360","","3","5","","","","","","","","","","","","","","","","","","",""
"26020414","1360","","4","5","","","","","","","","","","","","","","","","","","",""
"26020415","1360","","5","5","","","","","","","","","","","","","","","","","","",""
"26020421","1361","","1","5","","","","","","","","","","","","","","","","","","",""
"26020422","1361","","2","5","","","","","","","","","","","","","","","","","","",""
"26020423","1361","","3","5","","","","","","","","","","","","","","","","","","",""
"26020424","1361","","4","5","","","","","","","","","","","","","","","","","","",""
"26020425","1361","","5","5","","","","","","","","","","","","","","","","","","",""
"26020431","1362","","1","5","","","","","","","","","","","","","","","","","","",""
"26020432","1362","","2","5","","","","","","","","","","","","","","","","","","",""
"26020433","1362","","3","5","","","","","","","","","","","","","","","","","","",""
"26020434","1362","","4","5","","","","","","","","","","","","","","","","","","",""
"26020435","1362","","5","5","","","","","","","","","","","","","","","","","","",""
"26020441","1363","","1","5","","","","","","","","","","","","","","","","","","",""
"26020442","1363","","2","5","","","","","","","","","","","","","","","","","","",""
"26020443","1363","","3","5","","","","","","","","","","","","","","","","","","",""
"26020444","1363","","4","5","","","","","","","","","","","","","","","","","","",""
"26020445","1363","","5","5","","","","","","","","","","","","","","","","","","",""
"26020451","1364","","1","5","","","","","","","","","","","","","","","","","","",""
"26020452","1364","","2","5","","","","","","","","","","","","","","","","","","",""
"26020453","1364","","3","5","","","","","","","","","","","","","","","","","","",""
"26020454","1364","","4","5","","","","","","","","","","","","","","","","","","",""
"26020455","1364","","5","5","","","","","","","","","","","","","","","","","","",""
"26020461","1365","","1","5","","","","","","","","","","","","","","","","","","",""
"26020462","1365","","2","5","","","","","","","","","","","","","","","","","","",""
"26020463","1365","","3","5","","","","","","","","","","","","","","","","","","",""
"26020464","1365","","4","5","","","","","","","","","","","","","","","","","","",""
"26020465","1365","","5","5","","","","","","","","","","","","","","","","","","",""
"26020471","1366","","1","5","","","","","","","","","","","","","","","","","","",""
"26020472","1366","","2","5","","","","","","","","","","","","","","","","","","",""
"26020473","1366","","3","5","","","","","","","","","","","","","","","","","","",""
"26020474","1366","","4","5","","","","","","","","","","","","","","","","","","",""
"26020475","1366","","5","5","","","","","","","","","","","","","","","","","","",""
"26020481","1367","","1","5","","","","","","","","","","","","","","","","","","",""
"26020482","1367","","2","5","","","","","","","","","","","","","","","","","","",""
"26020483","1367","","3","5","","","","","","","","","","","","","","","","","","",""
"26020484","1367","","4","5","","","","","","","","","","","","","","","","","","",""
"26020485","1367","","5","5","","","","","","","","","","","","","","","","","","",""
"26020491","1368","","1","5","","","","","","","","","","","","","","","","","","",""
"26020492","1368","","2","5","","","","","","","","","","","","","","","","","","",""
"26020493","1368","","3","5","","","","","","","","","","","","","","","","","","",""
"26020494","1368","","4","5","","","","","","","","","","","","","","","","","","",""
"26020495","1368","","5","5","","","","","","","","","","","","","","","","","","",""
"26020501","1369","","1","5","","","","","","","","","","","","","","","","","","",""
"26020502","1369","","2","5","","","","","","","","","","","","","","","","","","",""
"26020503","1369","","3","5","","","","","","","","","","","","","","","","","","",""
"26020504","1369","","4","5","","","","","","","","","","","","","","","","","","",""
"26020505","1369","","5","5","","","","","","","","","","","","","","","","","","",""
"26020601","1370","4","1","1","90039940","91212092","90039942","","","(10020253)","","","","","","","","","","","","1",""
"26020611","1371","4","1","1","90039940","91212092","90039942","","","(10070081)","","","","","","","","","","","","1",""
"26020621","1372","4","1","1","90039940","91212092","90039942","","","(10020254)","","","","","","","","","","","","1",""
"26020631","1373","4","1","1","90039940","91212092","90039942","","","(10020255)","","","","","","","","","","","","1",""
"26020641","1374","4","1","1","90039940","91212092","90039942","","","(10020256)","","","","","","","","","","","","1",""
"26020651","1375","4","1","1","90039940","91212092","90039942","","","(10020257)","","","","","","","","","","","","1",""
"26020661","1376","4","1","1","90039940","91212092","90039942","","","(10020258)","","","","","","","","","","","","1",""
"26020671","1377","4","1","1","90039940","91212092","90039942","","","(10020259)","","","","","","","","","","","","1",""
"26020681","1378","4","1","1","90039940","91212092","90039942","","","(10040019)","","","","","","","","","","","","1",""
"26020691","1379","4","1","1","90039940","91212092","90039942","","","(10020260)","","","","","","","","","","","","1",""
"26020701","1380","4","1","1","90039940","91212092","90039942","","","(10020261)","","","","","","","","","","","","1",""
"26020711","1381","4","1","1","90039940","91212092","90039942","","","(10040039)","","","","","","","","","","","","1",""
"26020712","1384","4","1","3","90037302","91223079","90037303","","","(10270355,0)","","","","","4000","","90097344","","","","","1",""
"26020713","1384","4","2","3","90037302","91223079","90037304","","","(10270356,0)","","","","","4000","","90097344","","","","","1",""
"26020714","1384","4","3","3","90037302","91223079","90037305","","","(10270357,0)","","","","","4000","","90097344","","","","","1",""
"26020715","1385","4","1","3","90037307","91223108","90037308","","","(10270359)","","","","","4000","","90097346","","","","","1",""
"26020716","1385","4","2","3","90037307","91223108","90037309","","","(10270360)","","","","","4000","","90097346","","","","","1",""
"26020717","1385","4","3","3","90037307","91223108","90037310","","","(10270361)","","","","","4000","","90097346","","","","","1",""
"26020718","1386","4","1","3","90037312","91223109","90037313","","","(10270365)","","","","","4000","","90097348","","","","","1",""
"26020719","1386","4","2","3","90037312","91223109","90037314","","","(10270366)","","","","","4000","","90097348","","","","","1",""
"26020720","1386","4","3","3","90037312","91223109","90037315","","","(10270367)","","","","","4000","","90097348","","","","","1",""
"26020801","20801","1","1","1","90039971","91290423","90039977","","","(10290401)","","","","","","","90096687","","","","","",""
"26020802","20802","1","1","1","90039972","91290424","90039978","","","(10290402)","","","","","","","90096688","","","","","",""
"26020803","20803","1","1","1","90039973","91290425","90039979","","","(10290403)","","","","","","","90096689","","","","","",""
"26020804","20804","1","1","1","90039974","91290426","90039980","","","(10290404)","","","","","","","90096690","","","","","",""
"26020805","20805","1","1","1","90039975","91290427","90039981","","","(10290405)","","","","","","","90096691","","","","","",""
"26020806","20806","1","1","1","90039976","91290428","90039982","","","(10290406)","","","","","","5","90096692","","","","","",""
"26020807","20807","2","1","1","90039983","91290429","90039984","","","(10290407)","","","","","","","90097562","","","","","",""
"26020808","20808","1","1","1","90078081","91290650","90078085","","","(10290409)","","","","","","","90096934","","","","","",""
"26020809","20809","1","1","1","90078082","91290651","90078086","","","(10290410)","","","","","","","90096935","","","","","",""
"26020810","20810","1","1","1","90078083","91290652","90078087","","","(10290411)","","","","","","5","90096936","","","","","",""
"26020811","20811","1","1","1","90078084","91290653","90078088","","","(10290412)","","","","","","5","90096937","","","","","",""
"26020812","20812","1","1","1","90078132","91293412","90078134","","","(10500280)","","","","","","30","90098002","","","","","",""
"26020813","20813","1","1","1","90078133","91293411","90078135","","","(10500285)","","","","","","15","90098003","","","","","",""
"26020850","20850","2","1","1","90100982","91223111","90100983","","","(10290500)","","","","","","60","90097567","","","","","",""
"26020851","20851","2","1","1","90100984","91293581","90100985","","","(10290501)","","","","","","15","90097568","","","","","",""
"26020901","20901","8","1","1","90038240","91212107","90038649","","","(10500000)","","","","","","","90097260","","","90036102","90036101","",""
"26020902","20902","8","1","1","90038241","91212097","90038650","","","(10500001)","","","","","","","90097261","","","90036102","90036101","",""
"26020903","20903","8","1","1","90038242","91212104","90038651","","","(10500002)","","","","","","","90097262","","","90036102","90036101","",""
"26020904","20904","8","1","1","90038243","91212108","90038652","","","(10500003)","","","","","","","90097263","","","90036102","90036101","",""
"26020905","20905","8","1","1","90038244","91212110","90038653","","","(10500004)","","","","","","","90097264","","","90036102","90036101","",""
"26020906","20906","8","1","1","90038245","91212096","90038654","","","(10500005)","","","","","","","90097265","","","90036102","90036101","",""
"26020907","20907","8","1","1","90038246","91212103","90038655","","","(10500006)","","","","","","","90097266","","","90036102","90036101","",""
"26020908","20908","8","1","1","90038247","91212099","90038656","","","(10500007)","","","","","","","90097267","","","90036102","90036101","",""
"26020909","20909","8","1","1","90038248","91212095","90038657","","","(10500008)","","","","","","","90097268","","","90036102","90036101","",""
"26020910","20910","8","1","1","90038249","91212105","90038658","","","(10500009)","","","","","","","90097269","","","90036102","90036101","",""
"26020911","20911","8","1","1","90038250","91212101","90038659","","","(10500010,10500300)","","","","","","","90097270","","","90036102","90036101","",""
"26020912","20912","8","1","1","90038251","91212102","90038660","","","(10500011,10500302)","","","","","","","90097271","","","90036102","90036101","",""
"26020913","20913","8","1","1","90038252","91212098","90038661","","","(10500012)","","","","","","","90097272","","","90036102","90036101","",""
"26020914","20914","8","1","1","90038253","91212106","90038662","","","(10500013)","","","","","","","90097273","","","90036102","90036101","",""
"26020915","20915","8","1","1","90038254","91212109","90038663","","","(10500014)","","","","","","","90097274","","","90036102","90036101","",""
"26020916","20916","8","1","1","90038255","91212100","90038664","","","(10500015)","","","","","","","90097275","","","90036102","90036101","",""
"26020917","20917","9","1","2","90038256","91210391","90038665","","","(10500030)","","","","","","","90097533","","","90036104","90036103","",""
"26020918","20917","9","2","2","90038256","91210391","90038666","","","(10500031)","","","","","","","90097533","","","90036102","","",""
"26020919","20919","9","1","2","90038257","91210391","90038665","","","(10500032)","","","","","","","90097535","","","90036104","90036103","",""
"26020920","20919","9","2","2","90038257","91210391","90038666","","","(10500033)","","","","","","","90097535","","","90036102","","",""
"26020921","20921","9","1","2","90038258","91290252","90038667","","","(10500034)","","","","","","","90097538","","","90036104","90036103","",""
"26020922","20921","9","2","2","90038258","91290252","90038668","","","(10500035)","","","","","","","90097538","","","90036102","","",""
"26020923","20923","9","1","2","90038259","91210390","90038669","","","(10500036)","","","","","","","90097528","","","90036104","90036103","",""
"26020924","20923","9","2","2","90038259","91210390","90038670","","","(10500037)","","","","","","","90097528","","","90036102","","",""
"26020925","20925","9","1","2","90038260","91210390","90038669","","","(10500038)","","","","","","","90097530","","","90036104","90036103","",""
"26020926","20925","9","2","2","90038260","91210390","90038670","","","(10500039)","","","","","","","90097530","","","90036102","","",""
"26020927","20927","9","1","2","90038261","91210390","90038669","","","(10500040)","","","","","","","90097535","","","90036104","90036103","",""
"26020928","20927","9","2","2","90038261","91210390","90038670","","","(10500041)","","","","","","","90097535","","","90036102","","",""
"26020929","20929","9","1","2","90038262","91212028","90038671","","","(10500042)","","","","","","","90097546","","","90036104","90036103","",""
"26020930","20929","9","2","2","90038262","91212028","90038672","","","(10500043)","","","","","","","90097546","","","90036102","","",""
"26020931","20931","9","1","2","90038263","91212028","90038671","","","(10500044)","","","","","","","90097527","","","90036104","90036103","",""
"26020932","20931","9","2","2","90038263","91212028","90038672","","","(10500045)","","","","","","","90097527","","","90036102","","",""
"26020933","20933","9","1","2","90038264","91212028","90038671","","","(10500046)","","","","","","","90097529","","","90036104","90036103","",""
"26020934","20933","9","2","2","90038264","91212028","90038672","","","(10500047)","","","","","","","90097529","","","90036102","","",""
"26020935","20935","9","1","2","90038265","91290255","90038673","","","(10500048,10500054)","","","","","","","90097531","","","90036104","90036103","",""
"26020936","20935","9","2","2","90038265","91290255","90038674","","","(10500049,10500054)","","","","","","","90097531","","","90036102","","",""
"26020937","20937","9","1","2","90038266","91290255","90038673","","","(10500050,10500054)","","","","","","","90097532","","","90036104","90036103","",""
"26020938","20937","9","2","2","90038266","91290255","90038674","","","(10500051,10500054)","","","","","","","90097532","","","90036102","","",""
"26020939","20939","9","1","2","90038267","91290255","90038673","","","(10500052,10500054)","","","","","","","90097538","","","90036104","90036103","",""
"26020940","20939","9","2","2","90038267","91290255","90038674","","","(10500053,10500054)","","","","","","","90097538","","","90036102","","",""
"26020942","20942","9","1","2","90038268","91290253","90038675","","","(10500055)","","","","","","","90097546","","","90036104","90036103","",""
"26020943","20942","9","2","2","90038268","91290253","90038676","","","(10500056)","","","","","","","90097546","","","90036102","","",""
"26020944","20944","9","1","2","90038269","91290253","90038675","","","(10500057)","","","","","","","90097531","","","90036104","90036103","",""
"26020945","20944","9","2","2","90038269","91290253","90038676","","","(10500058)","","","","","","","90097531","","","90036102","","",""
"26020946","20946","9","1","2","90038270","91290253","90038675","","","(10500059)","","","","","","","90097532","","","90036104","90036103","",""
"26020947","20946","9","2","2","90038270","91290253","90038676","","","(10500060)","","","","","","","90097532","","","90036102","","",""
"26020948","20948","9","1","2","90038271","91211986","90038677","","","(10500061)","","","","","","","90097546","","","90036104","90036103","",""
"26020949","20948","9","2","2","90038271","91211986","90038678","","","(10500062)","","","","","","","90097546","","","90036102","","",""
"26020950","20950","9","1","2","90038272","91211986","90038677","","","(10500063)","","","","","","","90097527","","","90036104","90036103","",""
"26020951","20950","9","2","2","90038272","91211986","90038678","","","(10500064)","","","","","","","90097527","","","90036102","","",""
"26020952","20952","9","1","2","90038273","91211986","90038677","","","(10500065)","","","","","","","90097528","","","90036104","90036103","",""
"26020953","20952","9","2","2","90038273","91211986","90038678","","","(10500066)","","","","","","","90097528","","","90036102","","",""
"26020954","20954","9","1","2","90038274","91212004","90038679","","","(10500067)","","","","","","","90097526","","","90036104","90036103","",""
"26020955","20954","9","2","2","90038274","91212004","90038680","","","(10500068)","","","","","","","90097526","","","90036102","","",""
"26020956","20956","9","1","2","90038275","91212004","90038679","","","(10500069)","","","","","","","90097530","","","90036104","90036103","",""
"26020957","20956","9","2","2","90038275","91212004","90038680","","","(10500070)","","","","","","","90097530","","","90036102","","",""
"26020958","20958","9","1","2","90038276","91212004","90038679","","","(10500071)","","","","","","","90097531","","","90036104","90036103","",""
"26020959","20958","9","2","2","90038276","91212004","90038680","","","(10500072)","","","","","","","90097531","","","90036102","","",""
"26020960","20960","9","1","2","90038277","91222943","90038681","","","(10500073)","","","","","","","90097526","","","90036104","90036103","",""
"26020961","20960","9","2","2","90038277","91222943","90038682","","","(10500074)","","","","","","","90097526","","","90036102","","",""
"26020962","20962","9","1","2","90038278","91222943","90038681","","","(10500075)","","","","","","","90097528","","","90036104","90036103","",""
"26020963","20962","9","2","2","90038278","91222943","90038682","","","(10500076)","","","","","","","90097528","","","90036102","","",""
"26020964","20964","9","1","2","90038279","91222943","90038681","","","(10500077)","","","","","","","90097530","","","90036104","90036103","",""
"26020965","20964","9","2","2","90038279","91222943","90038682","","","(10500078)","","","","","","","90097530","","","90036102","","",""
"26020966","20966","9","1","2","90038280","91290264","90038683","","","(10500080)","","","","","","","90097532","","","90036104","90036103","",""
"26020967","20966","9","2","2","90038280","91290264","90038684","","","(10500081)","","","","","","","90097532","","","90036102","","",""
"26020968","20968","9","1","2","90038281","91290264","90038683","","","(10500082)","","","","","","","90097534","","","90036104","90036103","",""
"26020969","20968","9","2","2","90038281","91290264","90038684","","","(10500083)","","","","","","","90097534","","","90036102","","",""
"26020970","20970","9","1","2","90038282","91290264","90038683","","","(10500084)","","","","","","","90097537","","","90036104","90036103","",""
"26020971","20970","9","2","2","90038282","91290264","90038684","","","(10500085)","","","","","","","90097537","","","90036102","","",""
"26020972","20972","9","1","2","90038283","91290258","90038685","","","(10500086)","","","","","","","90097526","","","90036104","90036103","",""
"26020973","20972","9","2","2","90038283","91290258","90038686","","","(10500087)","","","","","","","90097526","","","90036102","","",""
"26020974","20974","9","1","2","90038284","91290258","90038685","","","(10500088)","","","","","","","90097529","","","90036104","90036103","",""
"26020975","20974","9","2","2","90038284","91290258","90038686","","","(10500089)","","","","","","","90097529","","","90036102","","",""
"26020976","20976","9","1","2","90038285","91290258","90038685","","","(10500090)","","","","","","","90097533","","","90036104","90036103","",""
"26020977","20976","9","2","2","90038285","91290258","90038686","","","(10500091)","","","","","","","90097533","","","90036102","","",""
"26020978","20978","9","1","2","90038286","91290652","90038687","","","(10500092)","","","","","","","90097533","","","90036104","90036103","",""
"26020979","20978","9","2","2","90038286","91290652","90038688","","","(10500093)","","","","","","","90097533","","","90036102","","",""
"26020980","20980","9","1","2","90038287","91290652","90038687","","","(10500094)","","","","","","","90097534","","","90036104","90036103","",""
"26020981","20980","9","2","2","90038287","91290652","90038688","","","(10500095)","","","","","","","90097534","","","90036102","","",""
"26020982","20982","9","1","2","90038288","91290425","90038689","","","(10500098)","","","","","","","90097535","","","90036104","90036103","",""
"26020983","20982","9","2","2","90038288","91290425","90038690","","","(10500099)","","","","","","","90097535","","","90036102","","",""
"26020984","20984","9","1","2","90038289","91290425","90038689","","","(10500100)","","","","","","","90097537","","","90036104","90036103","",""
"26020985","20984","9","2","2","90038289","91290425","90038690","","","(10500101)","","","","","","","90097537","","","90036102","","",""
"26020986","20986","9","1","2","90038290","91290426","90038691","","","(10500104)","","","","","","","90097527","","","90036104","90036103","",""
"26020987","20986","9","2","2","90038290","91290426","90038692","","","(10500105)","","","","","","","90097527","","","90036102","","",""
"26020988","20988","9","1","2","90038291","91290426","90038691","","","(10500106)","","","","","","","90097529","","","90036104","90036103","",""
"26020989","20988","9","2","2","90038291","91290426","90038692","","","(10500107)","","","","","","","90097529","","","90036102","","",""
"26020990","20990","9","1","2","90038292","91290426","90038691","","","(10500108)","","","","","","","90097534","","","90036104","90036103","",""
"26020991","20990","9","2","2","90038292","91290426","90038692","","","(10500109)","","","","","","","90097534","","","90036102","","",""
"26020992","20992","9","1","2","90038293","91290254","90038693","","","(10500110)","","","","","","","90097537","","","90036104","90036103","",""
"26020993","20992","9","2","2","90038293","91290254","90038694","","","(10500111)","","","","","","","90097537","","","90036102","","",""
"26020994","20994","9","1","2","90038294","91290254","90038693","","","(10500112)","","","","","","","90097538","","","90036104","90036103","",""
"26020995","20994","9","2","2","90038294","91290254","90038694","","","(10500113)","","","","","","","90097538","","","90036102","","",""
"26020996","20996","9","1","2","90038301","91290270","90038701","","","(10500261)","","","","","","","90097544","","","90036104","90036103","",""
"26020997","20996","9","2","2","90038301","91290270","90038702","","","(10500262)","","","","","","","90097544","","","90036102","","",""
"26020998","20998","9","1","2","90038302","91290259","90038703","","","(10500263)","","","","","","","90097544","","","90036104","90036103","",""
"26020999","20998","9","2","2","90038302","91290259","90038704","","","(10500264)","","","","","","","90097544","","","90036102","","",""
"26021000","21000","9","1","2","90038303","91290653","90038705","","","(10500265)","","","","","","","90097544","","","90036104","90036103","",""
"26021001","21000","9","2","2","90038303","91290653","90038706","","","(10500266)","","","","","","","90097544","","","90036102","","",""
"26021002","21002","9","1","2","90038367","91210391","90038665","","","(10500400)","","","","","","","90097536","","","90036104","90036103","",""
"26021003","21002","9","2","2","90038367","91210391","90038666","","","(10500401)","","","","","","","90097536","","","90036102","","",""
"26021004","21004","9","1","2","90038368","91290259","90038703","","","(10500402)","","","","","","","90097536","","","90036104","90036103","",""
"26021005","21004","9","2","2","90038368","91290259","90038704","","","(10500403)","","","","","","","90097536","","","90036102","","",""
"26021006","21006","9","1","2","90038369","91290426","90038691","","","(10500404)","","","","","","","90097536","","","90036104","90036103","",""
"26021007","21006","9","2","2","90038369","91290426","90038692","","","(10500405)","","","","","","","90097536","","","90036102","","",""
"26021008","21008","9","1","2","90038370","91290653","90038705","","","(10500408)","","","","","","","90097545","","","90036104","90036103","",""
"26021009","21008","9","2","2","90038370","91290653","90038706","","","(10500409)","","","","","","","90097545","","","90036102","","",""
"26021010","21010","9","1","2","90038371","91290254","90038693","","","(10500412)","","","","","","","90097539","","","90036104","90036103","",""
"26021011","21010","9","2","2","90038371","91290254","90038694","","","(10500413)","","","","","","","90097539","","","90036102","","",""
"26021012","21012","9","1","2","90038372","91290652","90038687","","","(10500414)","","","","","","","90097539","","","90036104","90036103","",""
"26021013","21012","9","2","2","90038372","91290652","90038688","","","(10500415)","","","","","","","90097539","","","90036102","","",""
"26021014","21014","9","1","2","90038373","91290270","90038701","","","(10500416)","","","","","","","90097539","","","90036104","90036103","",""
"26021015","21014","9","2","2","90038373","91290270","90038702","","","(10500417)","","","","","","","90097539","","","90036102","","",""
"26021016","21016","9","1","2","90038374","91290270","90038701","","","(10500420)","","","","","","","90097545","","","90036104","90036103","",""
"26021017","21016","9","2","2","90038374","91290270","90038702","","","(10500421)","","","","","","","90097545","","","90036102","","",""
"26021018","21018","9","1","2","90038375","91290259","90038703","","","(10500424)","","","","","","","90097545","","","90036104","90036103","",""
"26021019","21018","9","2","2","90038375","91290259","90038704","","","(10500425)","","","","","","","90097545","","","90036102","","",""
"26021020","21020","9","1","2","90038378","91290651","90038740","","","(10500426)","","","","","","","90097541","","","90036104","90036103","",""
"26021021","21020","9","2","2","90038378","91290651","90038741","","","(10500427)","","","","","","","90097541","","","90036102","","",""
"26021022","21022","9","1","2","90038379","91290251","90038742","","","(10500428)","","","","","","","90097541","","","90036104","90036103","",""
"26021023","21022","9","2","2","90038379","91290251","90038743","","","(10500429)","","","","","","","90097541","","","90036102","","",""
"26021024","21024","9","1","2","90038380","91290269","90038744","","","(10500430)","","","","","","","90097541","","","90036104","90036103","",""
"26021025","21024","9","2","2","90038380","91290269","90038745","","","(10500431)","","","","","","","90097541","","","90036102","","",""
"26021026","21027","9","1","2","90038381","91290251","90038742","","","(10500436)","","","","","","","90097540","","","90036104","90036103","",""
"26021027","21027","9","2","2","90038381","91290251","90038743","","","(10500437)","","","","","","","90097540","","","90036102","","",""
"26021028","21028","9","1","2","90038382","91290269","90038744","","","(10500438)","","","","","","","90097540","","","90036104","90036103","",""
"26021029","21028","9","2","2","90038382","91290269","90038745","","","(10500439)","","","","","","","90097540","","","90036102","","",""
"26021030","21026","9","1","2","90038383","91290260","90038746","","","(10500444)","","","","","4000","","90097540","","","90036104","90036103","",""
"26021031","21026","9","2","2","90038383","91290260","90038747","","","(10500445)","","","","","4000","","90097540","","","90036102","","",""
"26021032","21032","9","1","2","90038388","91290251","90038742","","","(10500448)","","","","","4000","","90097542","","","90036104","90036103","",""
"26021033","21032","9","2","2","90038388","91290251","90038743","","","(10500449)","","","","","4000","","90097542","","","90036102","","",""
"26021034","21034","9","1","2","90038389","91290260","90038746","","","(10500450)","","","","","4000","","90097542","","","90036104","90036103","",""
"26021035","21034","9","2","2","90038389","91290260","90038747","","","(10500451)","","","","","4000","","90097542","","","90036102","","",""
"26021036","21036","9","1","2","90038390","91290653","90038705","","","(10500452)","","","","","4000","","90097542","","","90036104","90036103","",""
"26021037","21036","9","2","2","90038390","91290653","90038706","","","(10500453)","","","","","4000","","90097542","","","90036102","","",""
"26021038","21038","9","1","2","90038410","91290251","90038742","","","(10500460)","","","","","4000","","90097543","","","90036104","90036103","",""
"26021039","21038","9","2","2","90038410","91290251","90038743","","","(10500461)","","","","","4000","","90097543","","","90036102","","",""
"26021040","21040","9","1","2","90038411","91290260","90038746","","","(10500462)","","","","","4000","","90097543","","","90036104","90036103","",""
"26021041","21040","9","2","2","90038411","91290260","90038747","","","(10500463)","","","","","4000","","90097543","","","90036102","","",""
"26021042","21042","9","1","2","90038412","91290270","90038701","","","(10500468)","","","","","4000","","90097543","","","90036104","90036103","",""
"26021043","21042","9","2","2","90038412","91290270","90038702","","","(10500469)","","","","","4000","","90097543","","","90036102","","",""
"26021044","21044","9","1","2","90038413","91290260","90038746","","","(10500472)","","","","","4000","","90098005","","","90036104","90036103","",""
"26021045","21044","9","2","2","90038413","91290260","90038747","","","(10500473)","","","","","4000","","90098005","","","90036102","","",""
"26021046","21046","9","1","2","90038414","91290264","90038683","","","(10500474)","","","","","4000","","90098005","","","90036104","90036103","",""
"26021047","21046","9","2","2","90038414","91290264","90038684","","","(10500475)","","","","","4000","","90098005","","","90036102","","",""
"26021048","21048","9","1","2","90038415","91210390","90038669","","","(10500476)","","","","","4000","","90098005","","","90036104","90036103","",""
"26021049","21048","9","2","2","90038415","91210390","90038670","","","(10500477)","","","","","4000","","90098005","","","90036102","","",""
"26021501","21501","10","1","3","90037500","91293720","90037501","","","(10052001)","","","","","","","90037498","","","","","1",""
"26021502","21501","10","2","3","90037500","91293720","90037502","","","(10052002)","","","","","","","90037498","","","","","1",""
"26021503","21501","10","3","3","90037500","91293720","90037503","","","(10052003)","","","","","","","90037498","","","","","1",""
"26021504","21504","10","1","3","90037500","91293720","90037504","","","(10052004)","","","","","","","90037498","","","","","1",""
"26021505","21504","10","2","3","90037500","91293720","90037505","","","(10052005)","","","","","","","90037498","","","","","1",""
"26021506","21504","10","3","3","90037500","91293720","90037506","","","(10052006)","","","","","","","90037498","","","","","1",""
"26021507","21507","10","1","3","90037499","91293723","90037507","","","(10052007)","","","","","","","90037498","","","","","1",""
"26021508","21507","10","2","3","90037499","91293723","90037508","","","(10052008)","","","","","","","90037498","","","","","1",""
"26021509","21507","10","3","3","90037499","91293723","90037509","","","(10052009)","","","","","","","90037498","","","","","1",""
"26021510","21510","10","1","3","90037500","91293720","90037510","","","(10052010)","","","","","","","90037498","","","","","1",""
"26021511","21510","10","2","3","90037500","91293720","90037511","","","(10052011)","","","","","","","90037498","","","","","1",""
"26021512","21510","10","3","3","90037500","91293720","90037512","","","(10052012)","","","","","","","90037498","","","","","1",""
"26021513","21513","10","1","3","90037500","91293720","90037513","","","(10052013)","","","","","","","90037498","","","","","1",""
"26021514","21513","10","2","3","90037500","91293720","90037514","","","(10052014)","","","","","","","90037498","","","","","1",""
"26021515","21513","10","3","3","90037500","91293720","90037515","","","(10052015)","","","","","","","90037498","","","","","1",""
"26021516","21516","10","1","3","90037500","91293720","90037516","","","(10052016)","","","","","","","90037498","","","","","1",""
"26021517","21516","10","2","3","90037500","91293720","90037517","","","(10052017)","","","","","","","90037498","","","","","1",""
"26021518","21516","10","3","3","90037500","91293720","90037518","","","(10052018)","","","","","","","90037498","","","","","1",""
"26021519","21519","10","1","3","90037500","91293720","90037519","","","(10052019)","","","","","","","90037498","","","","","1",""
"26021520","21519","10","2","3","90037500","91293720","90037520","","","(10052020)","","","","","","","90037498","","","","","1",""
"26021521","21519","10","3","3","90037500","91293720","90037521","","","(10052021)","","","","","","","90037498","","","","","1",""
"26021522","21522","10","1","3","90037500","91293720","90037522","","","(10052022)","","","","","","","90037498","","","","","1",""
"26021523","21522","10","2","3","90037500","91293720","90037523","","","(10052023)","","","","","","","90037498","","","","","1",""
"26021524","21522","10","3","3","90037500","91293720","90037524","","","(10052024)","","","","","","","90037498","","","","","1",""
"26021525","21525","10","1","3","90037500","91293720","90037525","","","(10052025)","","","","","","","90037498","","","","","1",""
"26021526","21525","10","2","3","90037500","91293720","90037526","","","(10052026)","","","","","","","90037498","","","","","1",""
"26021527","21525","10","3","3","90037500","91293720","90037527","","","(10052027)","","","","","","","90037498","","","","","1",""
"26021528","21528","10","1","3","90037499","91293723","90037528","","","(10052028)","","","","","","","90037498","","","","","1",""
"26021529","21528","10","2","3","90037499","91293723","90037529","","","(10052029)","","","","","","","90037498","","","","","1",""
"26021530","21528","10","3","3","90037499","91293723","90037530","","","(10052030)","","","","","","","90037498","","","","","1",""
"26021531","21531","10","1","3","90037500","91293720","90037531","","","(10052031)","","","","","","","90037498","","","","","1",""
"26021532","21531","10","2","3","90037500","91293720","90037532","","","(10052032)","","","","","","","90037498","","","","","1",""
"26021533","21531","10","3","3","90037500","91293720","90037533","","","(10052033)","","","","","","","90037498","","","","","1",""
"26021534","21534","10","1","3","90037500","91293720","90037534","","","(10052034)","","","","","","","90037498","","","","","1",""
"26021535","21534","10","2","3","90037500","91293720","90037535","","","(10052035)","","","","","","","90037498","","","","","1",""
"26021536","21534","10","3","3","90037500","91293720","90037536","","","(10052036)","","","","","","","90037498","","","","","1",""
"26021537","21537","10","1","3","90037499","91293723","90037537","","","(10052037)","","","","","","","90037498","","","","","1",""
"26021538","21537","10","2","3","90037499","91293723","90037538","","","(10052038)","","","","","","","90037498","","","","","1",""
"26021539","21537","10","3","3","90037499","91293723","90037539","","","(10052039)","","","","","","","90037498","","","","","1",""
"26021540","21540","10","1","3","90037499","91293723","90037540","","","(10052040)","","","","","","","90037498","","","","","1",""
"26021541","21540","10","2","3","90037499","91293723","90037541","","","(10052041)","","","","","","","90037498","","","","","1",""
"26021542","21540","10","3","3","90037499","91293723","90037542","","","(10052042)","","","","","","","90037498","","","","","1",""
"26021543","21543","10","1","3","90037500","91293720","90037543","","","(10052043)","","","","","","","90037498","","","","","1",""
"26021544","21543","10","2","3","90037500","91293720","90037544","","","(10052044)","","","","","","","90037498","","","","","1",""
"26021545","21543","10","3","3","90037500","91293720","90037545","","","(10052045)","","","","","","","90037498","","","","","1",""
"26021546","21546","10","1","3","90037499","91293723","90037546","","","(10052046)","","","","","","","90037498","","","","","1",""
"26021547","21546","10","2","3","90037499","91293723","90037547","","","(10052047)","","","","","","","90037498","","","","","1",""
"26021548","21546","10","3","3","90037499","91293723","90037548","","","(10052048)","","","","","","","90037498","","","","","1",""
"26021549","21549","10","1","3","90037500","91293720","90037549","","","(10052049)","","","","","","","90037498","","","","","1",""
"26021550","21549","10","2","3","90037500","91293720","90037550","","","(10052050)","","","","","","","90037498","","","","","1",""
"26021551","21549","10","3","3","90037500","91293720","90037551","","","(10052051)","","","","","","","90037498","","","","","1",""
"26021552","21552","10","1","3","90037500","91293720","90037552","","","(10052052)","","","","","","","90037498","","","","","1",""
"26021553","21552","10","2","3","90037500","91293720","90037553","","","(10052053)","","","","","","","90037498","","","","","1",""
"26021554","21552","10","3","3","90037500","91293720","90037554","","","(10052054)","","","","","","","90037498","","","","","1",""
"26021555","21555","10","1","3","90037499","91293723","90037555","","","(10052055)","","","","","","","90037498","","","","","1",""
"26021556","21555","10","2","3","90037499","91293723","90037556","","","(10052056)","","","","","","","90037498","","","","","1",""
"26021557","21555","10","3","3","90037499","91293723","90037557","","","(10052057)","","","","","","","90037498","","","","","1",""
"26021558","21558","10","1","3","90037499","91293723","90037558","","","(10052058)","","","","","","","90037498","","","","","1",""
"26021559","21558","10","2","3","90037499","91293723","90037559","","","(10052059)","","","","","","","90037498","","","","","1",""
"26021560","21558","10","3","3","90037499","91293723","90037560","","","(10052060)","","","","","","","90037498","","","","","1",""
"26021561","21561","10","1","3","90037499","91293720","90037561","","","(10052061)","","","","","","","90037498","","","","","1",""
"26021562","21561","10","2","3","90037499","91293720","90037562","","","(10052062)","","","","","","","90037498","","","","","1",""
"26021563","21561","10","3","3","90037499","91293720","90037563","","","(10052063)","","","","","","","90037498","","","","","1",""
"26021564","21564","10","1","3","90037499","91293723","90037564","","","(10052064)","","","","","","","90037498","","","","","1",""
"26021565","21564","10","2","3","90037499","91293723","90037565","","","(10052065)","","","","","","","90037498","","","","","1",""
"26021566","21564","10","3","3","90037499","91293723","90037566","","","(10052066)","","","","","","","90037498","","","","","1",""
"26021567","21567","10","1","3","90037499","91293723","90037567","","","(10052067)","","","","","","","90037498","","","","","1",""
"26021568","21567","10","2","3","90037499","91293723","90037568","","","(10052068)","","","","","","","90037498","","","","","1",""
"26021569","21567","10","3","3","90037499","91293723","90037569","","","(10052069)","","","","","","","90037498","","","","","1",""
"26021570","21570","10","1","3","90037500","91293720","90037570","","","(10052070)","","","","","","","90037498","","","","","1",""
"26021571","21570","10","2","3","90037500","91293720","90037571","","","(10052071)","","","","","","","90037498","","","","","1",""
"26021572","21570","10","3","3","90037500","91293720","90037572","","","(10052072)","","","","","","","90037498","","","","","1",""
"26022000","22000","3","1","5","90038360","91291236","90038770","","","","","(4,8,750,0,1,4,5,50,0,1,4,6,60,0,1,4,11,10,0,1)","","","1470","","","","","","","1",""
"26022001","22000","3","2","5","90038360","91291236","90038771","","","","","(4,8,2250,0,1,4,5,150,0,1,4,6,180,0,1,4,11,30,0,1)","","","4410","","","","","","","1",""
"26022002","22000","3","3","5","90038360","91291236","90038772","","","","","(4,8,3750,0,1,4,5,250,0,1,4,6,300,0,1,4,11,50,0,1)","","","7350","","","","","","","1",""
"26022003","22001","3","1","5","90038361","91291235","90038773","","","","","(4,8,1125,0,1,4,5,75,0,1,4,6,90,0,1,4,11,15,0,1)","","","2205","","","","","","","1",""
"26022004","22001","3","2","5","90038361","91291235","90038774","","","","","(4,8,3375,0,1,4,5,225,0,1,4,6,270,0,1,4,11,45,0,1)","","","6615","","","","","","","1",""
"26022005","22001","3","3","5","90038361","91291235","90038775","","","","","(4,8,5625,0,1,4,5,375,0,1,4,6,450,0,1,4,11,75,0,1)","","","11025","","","","","","","1",""
"26022006","22002","3","1","5","90038362","91291238","90038776","","","(10540001)","","","","","","","","","","","","1",""
"26022007","22002","3","2","5","90038362","91291238","90038777","","","(10540002)","","","","","","","","","","","","1",""
"26022008","22002","3","3","5","90038362","91291238","90038778","","","(10540003)","","","","","","","","","","","","1",""
"26022009","22003","3","1","5","90038363","91291232","90038779","","","(10540004)","","","","","","","","","","","","1",""
"26022010","22003","3","2","5","90038363","91291232","90038780","","","(10540005)","","","","","","","","","","","","1",""
"26022011","22003","3","3","5","90038363","91291232","90038781","","","(10540006)","","","","","","","","","","","","1",""
"26022012","22004","3","1","5","90038364","91291237","90038782","","","(10540007)","","","","","","","","","","","","1",""
"26022013","22004","3","2","5","90038364","91291237","90038783","","","(10540008)","","","","","","","","","","","","1",""
"26022014","22004","3","3","5","90038364","91291237","90038784","","","(10540009)","","","","","","","","","","","","1",""
"26022015","22005","3","1","5","90038365","91291234","90038785","","","(10540010)","","","","","","","","","","","","1",""
"26022016","22005","3","2","5","90038365","91291234","90038786","","","(10540011)","","","","","","","","","","","","1",""
"26022017","22005","3","3","5","90038365","91291234","90038787","","","(10540012)","","","","","","","","","","","","1",""
"26022018","22006","3","1","5","90038366","91291233","90038788","","","(10540013)","","","","","","","","","","","","1",""
"26022019","22006","3","2","5","90038366","91291233","90038789","","","(10540014)","","","","","","","","","","","","1",""
"26022020","22006","3","3","5","90038366","91291233","90038790","","","(10540015)","","","","","","","","","","","","1",""
"26022021","22021","3","1","5","90038376","91293352","90038791","","","(10540016)","","","","","","","","","","","","1",""
"26022022","22021","3","2","5","90038376","91293352","90038792","","","(10540017)","","","","","","","","","","","","1",""
"26022023","22021","3","3","5","90038376","91293352","90038793","","","(10540018)","","","","","","","","","","","","1",""
"26022024","22024","3","1","5","90038377","91293353","90038794","","","(10540019)","","","","","","","","","","","","1",""
"26022025","22024","3","2","5","90038377","91293353","90038795","","","(10540020)","","","","","","","","","","","","1",""
"26022026","22024","3","3","5","90038377","91293353","90038796","","","(10540021)","","","","","","","","","","","","1",""
"26022027","22027","3","1","5","90038384","91293406","90038797","","","(10540022)","","","","","","","","","","","","1",""
"26022028","22027","3","2","5","90038384","91293406","90038798","","","(10540023)","","","","","","","","","","","","1",""
"26022029","22027","3","3","5","90038384","91293406","90038799","","","(10540024)","","","","","","","","","","","","1",""
"26022030","22030","3","1","5","90038385","91293409","90038800","","","(10540025)","","","","","","","","","","","","1",""
"26022031","22030","3","2","5","90038385","91293409","90038801","","","(10540026)","","","","","","","","","","","","1",""
"26022032","22030","3","3","5","90038385","91293409","90038802","","","(10540027)","","","","","","","","","","","","1",""
"26022033","22033","3","1","5","90038386","91293408","90038803","","","(10540028)","","","","","","","","","","","","1",""
"26022034","22033","3","2","5","90038386","91293408","90038804","","","(10540029)","","","","","","","","","","","","1",""
"26022035","22033","3","3","5","90038386","91293408","90038805","","","(10540030)","","","","","","","","","","","","1",""
"26022036","22036","3","1","5","90038387","91293407","90038806","","","(10540031)","","","","","","","","","","","","1",""
"26022037","22036","3","2","5","90038387","91293407","90038807","","","(10540032)","","","","","","","","","","","","1",""
"26022038","22036","3","3","5","90038387","91293407","90038808","","","(10540033)","","","","","","","","","","","","1",""
"26022100","22000","3","4","5","90038360","91291236","90038809","","","","","(4,8,5250,0,1,4,5,350,0,1,4,6,420,0,1,4,11,70,0,1)","","","10290","","","","","","","1",""
"26022101","22000","3","5","5","90038360","91291236","90038810","","","","","(4,8,6750,0,1,4,5,450,0,1,4,6,540,0,1,4,11,100,0,1)","","","13230","","","","","","","1",""
"26022150","22001","3","4","5","90038361","91291235","90038811","","","","","(4,8,7875,0,1,4,5,525,0,1,4,6,630,0,1,4,11,105,0,1)","","","15435","","","","","","","1",""
"26022151","22001","3","5","5","90038361","91291235","90038812","","","","","(4,8,10125,0,1,4,5,675,0,1,4,6,810,0,1,4,11,135,0,1)","","","19845","","","","","","","1",""
"26022200","22002","3","4","5","90038362","91291238","90038813","","","(10540200)","","","","","","","","","","","","1",""
"26022201","22002","3","5","5","90038362","91291238","90038814","","","(10540201)","","","","","","","","","","","","1",""
"26022250","22003","3","4","5","90038363","91291232","90038815","","","(10540250)","","","","","","","","","","","","1",""
"26022251","22003","3","5","5","90038363","91291232","90038816","","","(10540251)","","","","","","","","","","","","1",""
"26022300","22004","3","4","5","90038364","91291237","90038817","","","(10540300)","","","","","","","","","","","","1",""
"26022301","22004","3","5","5","90038364","91291237","90038818","","","(10540301)","","","","","","","","","","","","1",""
"26022350","22005","3","4","5","90038365","91291234","90038819","","","(10540350)","","","","","","","","","","","","1",""
"26022351","22005","3","5","5","90038365","91291234","90038820","","","(10540351)","","","","","","","","","","","","1",""
"26022400","22006","3","4","5","90038366","91291233","90038821","","","(10540400)","","","","","","","","","","","","1",""
"26022401","22006","3","5","5","90038366","91291233","90038822","","","(10540401)","","","","","","","","","","","","1",""
"26022450","22021","3","4","5","90038376","91293352","90038823","","","(10540450)","","","","","","","","","","","","1",""
"26022451","22021","3","5","5","90038376","91293352","90038824","","","(10540451)","","","","","","","","","","","","1",""
"26022500","22024","3","4","5","90038377","91293353","90038825","","","(10540500)","","","","","","","","","","","","1",""
"26022501","22024","3","5","5","90038377","91293353","90038826","","","(10540501)","","","","","","","","","","","","1",""
"26022550","22027","3","4","5","90038384","91293406","90038827","","","(10540550)","","","","","","","","","","","","1",""
"26022551","22027","3","5","5","90038384","91293406","90038828","","","(10540551)","","","","","","","","","","","","1",""
"26022600","22030","3","4","5","90038385","91293409","90038829","","","(10540600)","","","","","","","","","","","","1",""
"26022601","22030","3","5","5","90038385","91293409","90038830","","","(10540601)","","","","","","","","","","","","1",""
"26022650","22033","3","4","5","90038386","91293408","90038831","","","(10540650)","","","","","","","","","","","","1",""
"26022651","22033","3","5","5","90038386","91293408","90038832","","","(10540651)","","","","","","","","","","","","1",""
"26022700","22036","3","4","5","90038387","91293407","90038833","","","(10540700)","","","","","","","","","","","","1",""
"26022701","22036","3","5","5","90038387","91293407","90038834","","","(10540701)","","","","","","","","","","","","1",""
"26022750","22750","3","1","5","90038450","91293582","90038835","","","(10540750)","","","","","","","","","","","","1",""
"26022751","22750","3","2","5","90038450","91293582","90038836","","","(10540751)","","","","","","","","","","","","1",""
"26022752","22750","3","3","5","90038450","91293582","90038837","","","(10540752)","","","","","","","","","","","","1",""
"26022753","22750","3","4","5","90038450","91293582","90038838","","","(10540753)","","","","","","","","","","","","1",""
"26022754","22750","3","5","5","90038450","91293582","90038839","","","(10540754)","","","","","","","","","","","","1",""
"26023001","23001","4","1","3","90037317","91223110","90037318","","","(10290600,0)","","","","","4000","","90097300","","","","","1",""
"26023002","23001","4","2","3","90037317","91223110","90037319","","","(10290601,0)","","","","","4000","","90097300","","","","","1",""
"26023003","23001","4","3","3","90037317","91223110","90037320","","","(10290602,0)","","","","","4000","","90097300","","","","","1",""
"26023004","23004","4","1","3","90037333","91293385","90037334","","","(10290606,0)","","","","","4000","","90097373","","","","","1",""
"26023005","23004","4","2","3","90037333","91293385","90037335","","","(10290607,0)","","","","","4000","","90097373","","","","","1",""
"26023006","23004","4","3","3","90037333","91293385","90037336","","","(10290608,0)","","","","","4000","","90097373","","","","","1",""
"26023007","23007","4","1","3","90037340","91293436","90037343","","","(10290611,0)","","","","","4000","","90097456","","","","","1",""
"26023008","23007","4","2","3","90037340","91293436","90037344","","","(10290612,0)","","","","","4000","","90097456","","","","","1",""
"26023009","23007","4","3","3","90037340","91293436","90037345","","","(10290613,0)","","","","","4000","","90097456","","","","","1",""
"26023010","23010","4","1","3","90037348","91293698","90037349","","","(10290618,0)","","","","","4000","30","90097518","","","","","1",""
"26023011","23010","4","2","3","90037348","91293698","90037350","","","(10290619,0)","","","","","4000","25","90097518","","","","","1",""
"26023012","23010","4","3","3","90037348","91293698","90037351","","","(10290620,0)","","","","","4000","20","90097518","","","","","1",""
"26023013","23013","4","1","3","90037363","91293877","90037364","","","(10290625,0)","","","","","4000","30","90098004","","","","","1",""
"26023014","23013","4","2","3","90037363","91293877","90037365","","","(10290626,0)","","","","","4000","30","90098004","","","","","1",""
"26023015","23013","4","3","3","90037363","91293877","90037366","","","(10290627,0)","","","","","4000","30","90098004","","","","","1",""
"26023101","23101","3","1","3","90037323","91293271","90037324","","","(10290701,0)","","","","","4000","","90097363","","","","","1",""
"26023102","23101","3","2","3","90037323","91293271","90037325","","","(10290702,0)","","","","","4000","","90097363","","","","","1",""
"26023103","23101","3","3","3","90037323","91293271","90037326","","","(10290703,0)","","","","","4000","","90097363","","","","","1",""
"26023104","23104","8","1","1","90037327","91293269","90037328","","","(10290707,0)","","","","","4000","10","90097364","","","90036102","90036101","",""
"26023105","23105","3","1","3","90037352","91293697","90037353","","","(10290713,0)","","","","","4000","20","90097521","","","","","1",""
"26023106","23105","3","2","3","90037352","91293697","90037354","","","(10290714,0)","","","","","4000","20","90097521","","","","","1",""
"26023107","23105","3","3","3","90037352","91293697","90037355","","","(10290715,0)","","","","","4000","20","90097521","","","","","1",""
"26023108","23108","8","1","1","90037356","91293696","90037357","","","(10290711,0)","","","","","4000","30","90097522","","","90036102","90036101","",""
"26023501","23501","6","1","1","90037329","91293350","90037330","","","(10295001,0)","","","","","","10","90097365","","","90036102","90036105","",""
"26023502","23502","6","1","1","90037331","91293351","90037332","","","(10295005,0)","","","","","","15","90097366","","","90036102","90036105","",""
"26023503","23503","6","1","1","90037358","91293699","90037359","","","(10295009,0)","","","","","","30","90097524","","(6)","90036102","90036105","",""
"26030001","30001","","1","4","90038295","91223076","90038695","","","(10530001)","","","","","375000","","","","","","","",""
"26030002","30001","","2","4","90038295","91223076","90038695","","","(10530002)","","","","","750000","","","","","","","",""
"26030003","30001","","3","4","90038295","91223076","90038695","","","(10530003)","","","","","1125000","","","","","","","",""
"26030004","30001","","4","4","90038295","91223076","90038695","","","(10530004)","","","","","1500000","","","","","","","",""
"26030005","30005","","1","4","90038296","91223076","90038696","","","(10530005)","","","","","750000","","","","","","","",""
"26030006","30005","","2","4","90038296","91223076","90038696","","","(10530006)","","","","","1500000","","","","","","","",""
"26030007","30005","","3","4","90038296","91223076","90038696","","","(10530007)","","","","","2250000","","","","","","","",""
"26030008","30005","","4","4","90038296","91223076","90038696","","","(10530008)","","","","","3000000","","","","","","","",""
"26030009","30009","","1","4","90038297","91223077","90038697","","","(10530009)","","","","","375000","","","","","","","",""
"26030010","30009","","2","4","90038297","91223077","90038697","","","(10530010)","","","","","750000","","","","","","","",""
"26030011","30009","","3","4","90038297","91223077","90038697","","","(10530011)","","","","","1125000","","","","","","","",""
"26030012","30009","","4","4","90038297","91223077","90038697","","","(10530012)","","","","","1500000","","","","","","","",""
"26030013","30013","","1","4","90038298","91223077","90038698","","","(10530013)","","","","","750000","","","","","","","",""
"26030014","30013","","2","4","90038298","91223077","90038698","","","(10530014)","","","","","1500000","","","","","","","",""
"26030015","30013","","3","4","90038298","91223077","90038698","","","(10530015)","","","","","2250000","","","","","","","",""
"26030016","30013","","4","4","90038298","91223077","90038698","","","(10530016)","","","","","3000000","","","","","","","",""
"26030017","30017","","1","4","90038299","91223078","90038699","","","(10530017)","","","","","375000","","","","","","","",""
"26030018","30017","","2","4","90038299","91223078","90038699","","","(10530018)","","","","","750000","","","","","","","",""
"26030019","30017","","3","4","90038299","91223078","90038699","","","(10530019)","","","","","1125000","","","","","","","",""
"26030020","30017","","4","4","90038299","91223078","90038699","","","(10530020)","","","","","1500000","","","","","","","",""
"26030021","30021","","1","4","90038300","91223078","90038700","","","(10530021)","","","","","750000","","","","","","","",""
"26030022","30021","","2","4","90038300","91223078","90038700","","","(10530022)","","","","","1500000","","","","","","","",""
"26030023","30021","","3","4","90038300","91223078","90038700","","","(10530023)","","","","","2250000","","","","","","","",""
"26030024","30021","","4","4","90038300","91223078","90038700","","","(10530024)","","","","","3000000","","","","","","","",""
"26030025","30025","","1","4","90038295","91223076","90038695","","","(10530001)","","","","","375000","","","","","","","",""
"26030026","30025","","2","4","90038295","91223076","90038695","","","(10530002)","","","","","750000","","","","","","","",""
"26030027","30025","","3","4","90038295","91223076","90038695","","","(10530003)","","","","","1125000","","","","","","","",""
"26030028","30025","","4","4","90038295","91223076","90038695","","","(10530004)","","","","","1500000","","","","","","","",""
"26030029","30029","","1","4","90038296","91223076","90038696","","","(10530005)","","","","","750000","","","","","","","",""
"26030030","30029","","2","4","90038296","91223076","90038696","","","(10530006)","","","","","1500000","","","","","","","",""
"26030031","30029","","3","4","90038296","91223076","90038696","","","(10530007)","","","","","2250000","","","","","","","",""
"26030032","30029","","4","4","90038296","91223076","90038696","","","(10530008)","","","","","3000000","","","","","","","",""
"26030033","30033","","1","4","90038297","91223077","90038697","","","(10530009)","","","","","375000","","","","","","","",""
"26030034","30033","","2","4","90038297","91223077","90038697","","","(10530010)","","","","","750000","","","","","","","",""
"26030035","30033","","3","4","90038297","91223077","90038697","","","(10530011)","","","","","1125000","","","","","","","",""
"26030036","30033","","4","4","90038297","91223077","90038697","","","(10530012)","","","","","1500000","","","","","","","",""
"26030037","30037","","1","4","90038298","91223077","90038698","","","(10530013)","","","","","750000","","","","","","","",""
"26030038","30037","","2","4","90038298","91223077","90038698","","","(10530014)","","","","","1500000","","","","","","","",""
"26030039","30037","","3","4","90038298","91223077","90038698","","","(10530015)","","","","","2250000","","","","","","","",""
"26030040","30037","","4","4","90038298","91223077","90038698","","","(10530016)","","","","","3000000","","","","","","","",""
"26030041","30041","","1","4","90038299","91223078","90038699","","","(10530017)","","","","","375000","","","","","","","",""
"26030042","30041","","2","4","90038299","91223078","90038699","","","(10530018)","","","","","750000","","","","","","","",""
"26030043","30041","","3","4","90038299","91223078","90038699","","","(10530019)","","","","","1125000","","","","","","","",""
"26030044","30041","","4","4","90038299","91223078","90038699","","","(10530020)","","","","","1500000","","","","","","","",""
"26030045","30045","","1","4","90038300","91223078","90038700","","","(10530021)","","","","","750000","","","","","","","",""
"26030046","30045","","2","4","90038300","91223078","90038700","","","(10530022)","","","","","1500000","","","","","","","",""
"26030047","30045","","3","4","90038300","91223078","90038700","","","(10530023)","","","","","2250000","","","","","","","",""
"26030048","30045","","4","4","90038300","91223078","90038700","","","(10530024)","","","","","3000000","","","","","","","",""
"26030049","30049","","1","4","90038295","91223076","90038695","","","(10530001)","","","","","375000","","","","","","","",""
"26030050","30049","","2","4","90038295","91223076","90038695","","","(10530002)","","","","","750000","","","","","","","",""
"26030051","30049","","3","4","90038295","91223076","90038695","","","(10530003)","","","","","1125000","","","","","","","",""
"26030052","30049","","4","4","90038295","91223076","90038695","","","(10530004)","","","","","1500000","","","","","","","",""
"26030053","30053","","1","4","90038296","91223076","90038696","","","(10530005)","","","","","750000","","","","","","","",""
"26030054","30053","","2","4","90038296","91223076","90038696","","","(10530006)","","","","","1500000","","","","","","","",""
"26030055","30053","","3","4","90038296","91223076","90038696","","","(10530007)","","","","","2250000","","","","","","","",""
"26030056","30053","","4","4","90038296","91223076","90038696","","","(10530008)","","","","","3000000","","","","","","","",""
"26030057","30057","","1","4","90038297","91223077","90038697","","","(10530009)","","","","","375000","","","","","","","",""
"26030058","30057","","2","4","90038297","91223077","90038697","","","(10530010)","","","","","750000","","","","","","","",""
"26030059","30057","","3","4","90038297","91223077","90038697","","","(10530011)","","","","","1125000","","","","","","","",""
"26030060","30057","","4","4","90038297","91223077","90038697","","","(10530012)","","","","","1500000","","","","","","","",""
"26030061","30061","","1","4","90038298","91223077","90038698","","","(10530013)","","","","","750000","","","","","","","",""
"26030062","30061","","2","4","90038298","91223077","90038698","","","(10530014)","","","","","1500000","","","","","","","",""
"26030063","30061","","3","4","90038298","91223077","90038698","","","(10530015)","","","","","2250000","","","","","","","",""
"26030064","30061","","4","4","90038298","91223077","90038698","","","(10530016)","","","","","3000000","","","","","","","",""
"26030065","30065","","1","4","90038299","91223078","90038699","","","(10530017)","","","","","375000","","","","","","","",""
"26030066","30065","","2","4","90038299","91223078","90038699","","","(10530018)","","","","","750000","","","","","","","",""
"26030067","30065","","3","4","90038299","91223078","90038699","","","(10530019)","","","","","1125000","","","","","","","",""
"26030068","30065","","4","4","90038299","91223078","90038699","","","(10530020)","","","","","1500000","","","","","","","",""
"26030069","30069","","1","4","90038300","91223078","90038700","","","(10530021)","","","","","750000","","","","","","","",""
"26030070","30069","","2","4","90038300","91223078","90038700","","","(10530022)","","","","","1500000","","","","","","","",""
"26030071","30069","","3","4","90038300","91223078","90038700","","","(10530023)","","","","","2250000","","","","","","","",""
"26030072","30069","","4","4","90038300","91223078","90038700","","","(10530024)","","","","","3000000","","","","","","","",""
"26030073","30073","","1","4","90038295","91223076","90038695","","","(10530001)","","","","","375000","","","","","","","",""
"26030074","30073","","2","4","90038295","91223076","90038695","","","(10530002)","","","","","750000","","","","","","","",""
"26030075","30073","","3","4","90038295","91223076","90038695","","","(10530003)","","","","","1125000","","","","","","","",""
"26030076","30073","","4","4","90038295","91223076","90038695","","","(10530004)","","","","","1500000","","","","","","","",""
"26030077","30077","","1","4","90038296","91223076","90038696","","","(10530005)","","","","","750000","","","","","","","",""
"26030078","30077","","2","4","90038296","91223076","90038696","","","(10530006)","","","","","1500000","","","","","","","",""
"26030079","30077","","3","4","90038296","91223076","90038696","","","(10530007)","","","","","2250000","","","","","","","",""
"26030080","30077","","4","4","90038296","91223076","90038696","","","(10530008)","","","","","3000000","","","","","","","",""
"26030081","30081","","1","4","90038297","91223077","90038697","","","(10530009)","","","","","375000","","","","","","","",""
"26030082","30081","","2","4","90038297","91223077","90038697","","","(10530010)","","","","","750000","","","","","","","",""
"26030083","30081","","3","4","90038297","91223077","90038697","","","(10530011)","","","","","1125000","","","","","","","",""
"26030084","30081","","4","4","90038297","91223077","90038697","","","(10530012)","","","","","1500000","","","","","","","",""
"26030085","30085","","1","4","90038298","91223077","90038698","","","(10530013)","","","","","750000","","","","","","","",""
"26030086","30085","","2","4","90038298","91223077","90038698","","","(10530014)","","","","","1500000","","","","","","","",""
"26030087","30085","","3","4","90038298","91223077","90038698","","","(10530015)","","","","","2250000","","","","","","","",""
"26030088","30085","","4","4","90038298","91223077","90038698","","","(10530016)","","","","","3000000","","","","","","","",""
"26030089","30089","","1","4","90038299","91223078","90038699","","","(10530017)","","","","","375000","","","","","","","",""
"26030090","30089","","2","4","90038299","91223078","90038699","","","(10530018)","","","","","750000","","","","","","","",""
"26030091","30089","","3","4","90038299","91223078","90038699","","","(10530019)","","","","","1125000","","","","","","","",""
"26030092","30089","","4","4","90038299","91223078","90038699","","","(10530020)","","","","","1500000","","","","","","","",""
"26030093","30093","","1","4","90038300","91223078","90038700","","","(10530021)","","","","","750000","","","","","","","",""
"26030094","30093","","2","4","90038300","91223078","90038700","","","(10530022)","","","","","1500000","","","","","","","",""
"26030095","30093","","3","4","90038300","91223078","90038700","","","(10530023)","","","","","2250000","","","","","","","",""
"26030096","30093","","4","4","90038300","91223078","90038700","","","(10530024)","","","","","3000000","","","","","","","",""
"26030100","30100","","1","1","90037346","91223075","90037347","","","(0)","","","","","","","","","","","","",""
"26030200","30200","7","1","8","90038391","91293551","90038400","","","(10992621)","","","","","","","90097465","","","","","",""
"26030201","30201","7","2","8","90038391","91293551","90038401","","","(10992622)","","","","","","","90097466","","","","","",""
"26030202","30202","7","3","8","90038391","91293552","90038402","","","(10992623)","","","","","","","90097467","","","","","",""
"26030203","30203","7","4","8","90038391","91293552","90038403","","","(10992624)","","","","","","","90097468","","","","","",""
"26030204","30204","7","5","8","90038391","91293553","90038404","","","(10992625)","","","","","","","90097469","","","","","",""
"26030205","30205","7","6","8","90038391","91293554","90038405","","","(10992626)","","","","","","","90097470","","","","","",""
"26030206","30206","7","7","8","90038391","91293555","90038406","","","(10992627)","","","","","","","90097471","","","","","",""
"26030207","30207","7","8","8","90038391","91293556","90038407","","","(10992628)","","","","","","","90097472","","","","","",""
"26030300","30300","10","1","1","90038501","91293620","90038511","","","(10320101)","","","","","","","90097498","","","","","",""
"26030301","30301","10","1","1","90038502","91293621","90038510","","","(10320102)","","","","","","","90097498","","","","","",""
"26030302","30302","10","1","1","90038503","91293622","90038512","","","(10320103)","","","","","","","90097498","","","","","",""
"26030303","30303","10","1","1","90038504","91293623","90038513","","","(10320104)","","","","","","","90097498","","","","","",""
"26030304","30304","10","1","1","90038505","91293624","90038514","","","(10320105)","","","","","","","90097498","","","","","",""
"26030305","30305","10","1","1","90038506","91293625","90038515","","","(10320106)","","","","","","","90097498","","","","","",""
"26030306","30306","10","1","1","90038507","91293626","90038516","","","(10320107)","","","","","","","90097498","","","","","",""
"26030307","30307","10","1","1","90038508","91293627","90038517","","","(10320108)","","","","","","","90097498","","","","","",""
"26030308","30308","10","1","1","90038509","91293628","90038518","","","(10320109)","","","","","","","90097498","","","","","",""
"26040001","40001","11","1","999","90100402","91290247","90100426","","(31150001,1)","(10280001,0)","","(4,6,13,0,1,4,7,26,0,1,4,8,153,0,1)","","","1000","3","90096455","","","","","","91950000"
"26040002","40001","11","2","999","90100402","91290247","90100426","","(31150001,2)","(10280001,0)","","(4,6,15,0,1,4,7,30,0,1,4,8,164,0,1)","","","1100","3","90096455","","","","","","91950000"
"26040003","40001","11","3","999","90100402","91290247","90100426","","(31150001,3)","(10280001,0)","","(4,6,17,0,1,4,7,34,0,1,4,8,176,0,1)","","","1200","3","90096455","","","","","","91950000"
"26040004","40001","11","4","999","90100402","91290247","90100426","","(31150001,4)","(10280001,0)","","(4,6,19,0,1,4,7,38,0,1,4,8,188,0,1)","","","1300","3","90096455","","","","","","91950000"
"26040005","40001","11","5","999","90100402","91290247","90100426","","(31150001,5)","(10280001,0)","","(4,6,21,0,1,4,7,43,0,1,4,8,201,0,1)","","","1400","3","90096455","","","","","","91950000"
"26040006","40001","11","6","999","90100402","91290247","90100426","","(31150001,6)","(10280001,0)","","(4,6,24,0,1,4,7,48,0,1,4,8,214,0,1)","","","1500","3","90096455","","","","","","91950000"
"26040007","40001","11","7","999","90100402","91290247","90100426","","(31150001,7)","(10280001,0)","","(4,6,26,0,1,4,7,53,0,1,4,8,228,0,1)","","","1600","3","90096455","","","","","","91950000"
"26040008","40001","11","8","999","90100402","91290247","90100426","","(31150001,8)","(10280001,0)","","(4,6,29,0,1,4,7,58,0,1,4,8,242,0,1)","","","1700","3","90096455","","","","","","91950000"
"26040009","40001","11","9","999","90100402","91290247","90100426","","(31150001,9)","(10280001,0)","","(4,6,31,0,1,4,7,63,0,1,4,8,256,0,1)","","","1800","3","90096455","","","","","","91950000"
"26040010","40001","11","10","999","90100402","91290247","90100426","","(31150001,10)","(10280001,0)","","(4,6,34,0,1,4,7,69,0,1,4,8,271,0,1)","","","1900","3","90096455","","","","","","91950000"
"26040011","40001","11","11","999","90100402","91290247","90100426","","(31150001,11)","(10280001,0)","","(4,6,37,0,1,4,7,74,0,1,4,8,287,0,1)","","","2000","3","90096455","","","","","","91950000"
"26040012","40001","11","12","999","90100402","91290247","90100426","","(31150001,12)","(10280001,0)","","(4,6,40,0,1,4,7,80,0,1,4,8,303,0,1)","","","2100","3","90096455","","","","","","91950000"
"26040013","40001","11","13","999","90100402","91290247","90100426","","(31150001,13)","(10280001,0)","","(4,6,43,0,1,4,7,86,0,1,4,8,319,0,1)","","","2200","3","90096455","","","","","","91950000"
"26040014","40001","11","14","999","90100402","91290247","90100426","","(31150001,14)","(10280001,0)","","(4,6,46,0,1,4,7,92,0,1,4,8,336,0,1)","","","2300","3","90096455","","","","","","91950000"
"26040015","40001","11","15","999","90100402","91290247","90100426","","(31150001,15)","(10280001,0)","","(4,6,49,0,1,4,7,98,0,1,4,8,353,0,1)","","","2400","3","90096455","","","","","","91950000"
"26040016","40001","11","16","999","90100402","91290247","90100426","","(31150001,16)","(10280001,0)","","(4,6,52,0,1,4,7,105,0,1,4,8,370,0,1)","","","2500","3","90096455","","","","","","91950000"
"26040017","40001","11","17","999","90100402","91290247","90100426","","(31150001,17)","(10280001,0)","","(4,6,55,0,1,4,7,111,0,1,4,8,388,0,1)","","","2600","3","90096455","","","","","","91950000"
"26040018","40001","11","18","999","90100402","91290247","90100426","","(31150001,18)","(10280001,0)","","(4,6,59,0,1,4,7,118,0,1,4,8,407,0,1)","","","2700","3","90096455","","","","","","91950000"
"26040019","40001","11","19","999","90100402","91290247","90100426","","(31150001,19)","(10280001,0)","","(4,6,62,0,1,4,7,125,0,1,4,8,426,0,1)","","","2800","3","90096455","","","","","","91950000"
"26040020","40001","11","20","999","90100402","91290247","90100426","","(31150001,99999)","(10280001,0)","","(4,6,66,0,1,4,7,132,0,1,4,8,445,0,1)","","","2900","3","90096455","","","","","","91950000"
"26041001","41001","11","1","999","90100403","91290248","90100427","","(31150002,1)","(10280003,0)","","(4,6,13,0,1,4,7,26,0,1,4,8,153,0,1)","","","1500","1","90096456","","","","","","91950002"
"26041002","41001","11","2","999","90100403","91290248","90100427","","(31150002,2)","(10280003,0)","","(4,6,15,0,1,4,7,30,0,1,4,8,164,0,1)","","","1650","1","90096456","","","","","","91950002"
"26041003","41001","11","3","999","90100403","91290248","90100427","","(31150002,3)","(10280003,0)","","(4,6,17,0,1,4,7,34,0,1,4,8,176,0,1)","","","1800","1","90096456","","","","","","91950002"
"26041004","41001","11","4","999","90100403","91290248","90100427","","(31150002,4)","(10280003,0)","","(4,6,19,0,1,4,7,38,0,1,4,8,188,0,1)","","","1950","1","90096456","","","","","","91950002"
"26041005","41001","11","5","999","90100403","91290248","90100427","","(31150002,5)","(10280003,0)","","(4,6,21,0,1,4,7,43,0,1,4,8,201,0,1)","","","2100","1","90096456","","","","","","91950002"
"26041006","41001","11","6","999","90100403","91290248","90100427","","(31150002,6)","(10280003,0)","","(4,6,24,0,1,4,7,48,0,1,4,8,214,0,1)","","","2250","1","90096456","","","","","","91950002"
"26041007","41001","11","7","999","90100403","91290248","90100427","","(31150002,7)","(10280003,0)","","(4,6,26,0,1,4,7,53,0,1,4,8,228,0,1)","","","2400","1","90096456","","","","","","91950002"
"26041008","41001","11","8","999","90100403","91290248","90100427","","(31150002,8)","(10280003,0)","","(4,6,29,0,1,4,7,58,0,1,4,8,242,0,1)","","","2550","1","90096456","","","","","","91950002"
"26041009","41001","11","9","999","90100403","91290248","90100427","","(31150002,9)","(10280003,0)","","(4,6,31,0,1,4,7,63,0,1,4,8,256,0,1)","","","2700","1","90096456","","","","","","91950002"
"26041010","41001","11","10","999","90100403","91290248","90100427","","(31150002,10)","(10280003,0)","","(4,6,34,0,1,4,7,69,0,1,4,8,271,0,1)","","","2850","1","90096456","","","","","","91950002"
"26041011","41001","11","11","999","90100403","91290248","90100427","","(31150002,11)","(10280003,0)","","(4,6,37,0,1,4,7,74,0,1,4,8,287,0,1)","","","3000","1","90096456","","","","","","91950002"
"26041012","41001","11","12","999","90100403","91290248","90100427","","(31150002,12)","(10280003,0)","","(4,6,40,0,1,4,7,80,0,1,4,8,303,0,1)","","","3150","1","90096456","","","","","","91950002"
"26041013","41001","11","13","999","90100403","91290248","90100427","","(31150002,13)","(10280003,0)","","(4,6,43,0,1,4,7,86,0,1,4,8,319,0,1)","","","3300","1","90096456","","","","","","91950002"
"26041014","41001","11","14","999","90100403","91290248","90100427","","(31150002,14)","(10280003,0)","","(4,6,46,0,1,4,7,92,0,1,4,8,336,0,1)","","","3450","1","90096456","","","","","","91950002"
"26041015","41001","11","15","999","90100403","91290248","90100427","","(31150002,15)","(10280003,0)","","(4,6,49,0,1,4,7,98,0,1,4,8,353,0,1)","","","3600","1","90096456","","","","","","91950002"
"26041016","41001","11","16","999","90100403","91290248","90100427","","(31150002,16)","(10280003,0)","","(4,6,52,0,1,4,7,105,0,1,4,8,370,0,1)","","","3750","1","90096456","","","","","","91950002"
"26041017","41001","11","17","999","90100403","91290248","90100427","","(31150002,17)","(10280003,0)","","(4,6,55,0,1,4,7,111,0,1,4,8,388,0,1)","","","3900","1","90096456","","","","","","91950002"
"26041018","41001","11","18","999","90100403","91290248","90100427","","(31150002,18)","(10280003,0)","","(4,6,59,0,1,4,7,118,0,1,4,8,407,0,1)","","","4050","1","90096456","","","","","","91950002"
"26041019","41001","11","19","999","90100403","91290248","90100427","","(31150002,19)","(10280003,0)","","(4,6,62,0,1,4,7,125,0,1,4,8,426,0,1)","","","4200","1","90096456","","","","","","91950002"
"26041020","41001","11","20","999","90100403","91290248","90100427","","(31150002,99999)","(10280003,0)","","(4,6,66,0,1,4,7,132,0,1,4,8,445,0,1)","","","4350","1","90096456","","","","","","91950002"
"26042001","42001","11","1","999","90100857","91290279","90100869","","(31150003,1)","(10280030)","","(4,6,13,0,1,4,7,26,0,1,4,8,153,0,1)","","","2000","30","90097552","","","","","","91950001"
"26042002","42001","11","2","999","90100857","91290279","90100869","","(31150003,2)","(10280030)","","(4,6,15,0,1,4,7,30,0,1,4,8,164,0,1)","","","2200","30","90097552","","","","","","91950001"
"26042003","42001","11","3","999","90100857","91290279","90100869","","(31150003,3)","(10280030)","","(4,6,17,0,1,4,7,34,0,1,4,8,176,0,1)","","","2400","30","90097552","","","","","","91950001"
"26042004","42001","11","4","999","90100857","91290279","90100869","","(31150003,4)","(10280030)","","(4,6,19,0,1,4,7,38,0,1,4,8,188,0,1)","","","2600","30","90097552","","","","","","91950001"
"26042005","42001","11","5","999","90100857","91290279","90100869","","(31150003,5)","(10280030)","","(4,6,21,0,1,4,7,43,0,1,4,8,201,0,1)","","","2800","30","90097552","","","","","","91950001"
"26042006","42001","11","6","999","90100857","91290279","90100869","","(31150003,6)","(10280030)","","(4,6,24,0,1,4,7,48,0,1,4,8,214,0,1)","","","3000","30","90097552","","","","","","91950001"
"26042007","42001","11","7","999","90100857","91290279","90100869","","(31150003,7)","(10280030)","","(4,6,26,0,1,4,7,53,0,1,4,8,228,0,1)","","","3200","30","90097552","","","","","","91950001"
"26042008","42001","11","8","999","90100857","91290279","90100869","","(31150003,8)","(10280030)","","(4,6,29,0,1,4,7,58,0,1,4,8,242,0,1)","","","3400","30","90097552","","","","","","91950001"
"26042009","42001","11","9","999","90100857","91290279","90100869","","(31150003,9)","(10280030)","","(4,6,31,0,1,4,7,63,0,1,4,8,256,0,1)","","","3600","30","90097552","","","","","","91950001"
"26042010","42001","11","10","999","90100857","91290279","90100869","","(31150003,10)","(10280030)","","(4,6,34,0,1,4,7,69,0,1,4,8,271,0,1)","","","3800","30","90097552","","","","","","91950001"
"26042011","42001","11","11","999","90100857","91290279","90100869","","(31150003,11)","(10280030)","","(4,6,37,0,1,4,7,74,0,1,4,8,287,0,1)","","","4000","30","90097552","","","","","","91950001"
"26042012","42001","11","12","999","90100857","91290279","90100869","","(31150003,12)","(10280030)","","(4,6,40,0,1,4,7,80,0,1,4,8,303,0,1)","","","4200","30","90097552","","","","","","91950001"
"26042013","42001","11","13","999","90100857","91290279","90100869","","(31150003,13)","(10280030)","","(4,6,43,0,1,4,7,86,0,1,4,8,319,0,1)","","","4400","30","90097552","","","","","","91950001"
"26042014","42001","11","14","999","90100857","91290279","90100869","","(31150003,14)","(10280030)","","(4,6,46,0,1,4,7,92,0,1,4,8,336,0,1)","","","4600","30","90097552","","","","","","91950001"
"26042015","42001","11","15","999","90100857","91290279","90100869","","(31150003,15)","(10280030)","","(4,6,49,0,1,4,7,98,0,1,4,8,353,0,1)","","","4800","30","90097552","","","","","","91950001"
"26042016","42001","11","16","999","90100857","91290279","90100869","","(31150003,16)","(10280030)","","(4,6,52,0,1,4,7,105,0,1,4,8,370,0,1)","","","5000","30","90097552","","","","","","91950001"
"26042017","42001","11","17","999","90100857","91290279","90100869","","(31150003,17)","(10280030)","","(4,6,55,0,1,4,7,111,0,1,4,8,388,0,1)","","","5200","30","90097552","","","","","","91950001"
"26042018","42001","11","18","999","90100857","91290279","90100869","","(31150003,18)","(10280030)","","(4,6,59,0,1,4,7,118,0,1,4,8,407,0,1)","","","5400","30","90097552","","","","","","91950001"
"26042019","42001","11","19","999","90100857","91290279","90100869","","(31150003,19)","(10280030)","","(4,6,62,0,1,4,7,125,0,1,4,8,426,0,1)","","","5600","30","90097552","","","","","","91950001"
"26042020","42001","11","20","999","90100857","91290279","90100869","","(31150003,99999)","(10280030)","","(4,6,66,0,1,4,7,132,0,1,4,8,445,0,1)","","","5800","30","90097552","","","","","","91950001"
"26043001","43001","11","1","999","90039990","91222932","90039991","","(31150004,1)","(10280108)","","(4,6,13,0,1,4,7,26,0,1,4,8,153,0,1)","","","3000","5","90096808","","","","","","91950012"
"26043002","43001","11","2","999","90039990","91222932","90039991","","(31150004,2)","(10280108)","","(4,6,15,0,1,4,7,30,0,1,4,8,164,0,1)","","","3300","5","90096808","","","","","","91950012"
"26043003","43001","11","3","999","90039990","91222932","90039991","","(31150004,3)","(10280108)","","(4,6,17,0,1,4,7,34,0,1,4,8,176,0,1)","","","3600","5","90096808","","","","","","91950012"
"26043004","43001","11","4","999","90039990","91222932","90039991","","(31150004,4)","(10280108)","","(4,6,19,0,1,4,7,38,0,1,4,8,188,0,1)","","","3900","5","90096808","","","","","","91950012"
"26043005","43001","11","5","999","90039990","91222932","90039991","","(31150004,5)","(10280108)","","(4,6,21,0,1,4,7,43,0,1,4,8,201,0,1)","","","4200","5","90096808","","","","","","91950012"
"26043006","43001","11","6","999","90039990","91222932","90039991","","(31150004,6)","(10280108)","","(4,6,24,0,1,4,7,48,0,1,4,8,214,0,1)","","","4500","5","90096808","","","","","","91950012"
"26043007","43001","11","7","999","90039990","91222932","90039991","","(31150004,7)","(10280108)","","(4,6,26,0,1,4,7,53,0,1,4,8,228,0,1)","","","4800","5","90096808","","","","","","91950012"
"26043008","43001","11","8","999","90039990","91222932","90039991","","(31150004,8)","(10280108)","","(4,6,29,0,1,4,7,58,0,1,4,8,242,0,1)","","","5100","5","90096808","","","","","","91950012"
"26043009","43001","11","9","999","90039990","91222932","90039991","","(31150004,9)","(10280108)","","(4,6,31,0,1,4,7,63,0,1,4,8,256,0,1)","","","5400","5","90096808","","","","","","91950012"
"26043010","43001","11","10","999","90039990","91222932","90039991","","(31150004,10)","(10280108)","","(4,6,34,0,1,4,7,69,0,1,4,8,271,0,1)","","","5700","5","90096808","","","","","","91950012"
"26043011","43001","11","11","999","90039990","91222932","90039991","","(31150004,11)","(10280108)","","(4,6,37,0,1,4,7,74,0,1,4,8,287,0,1)","","","6000","5","90096808","","","","","","91950012"
"26043012","43001","11","12","999","90039990","91222932","90039991","","(31150004,12)","(10280108)","","(4,6,40,0,1,4,7,80,0,1,4,8,303,0,1)","","","6300","5","90096808","","","","","","91950012"
"26043013","43001","11","13","999","90039990","91222932","90039991","","(31150004,13)","(10280108)","","(4,6,43,0,1,4,7,86,0,1,4,8,319,0,1)","","","6600","5","90096808","","","","","","91950012"
"26043014","43001","11","14","999","90039990","91222932","90039991","","(31150004,14)","(10280108)","","(4,6,46,0,1,4,7,92,0,1,4,8,336,0,1)","","","6900","5","90096808","","","","","","91950012"
"26043015","43001","11","15","999","90039990","91222932","90039991","","(31150004,15)","(10280108)","","(4,6,49,0,1,4,7,98,0,1,4,8,353,0,1)","","","7200","5","90096808","","","","","","91950012"
"26043016","43001","11","16","999","90039990","91222932","90039991","","(31150004,16)","(10280108)","","(4,6,52,0,1,4,7,105,0,1,4,8,370,0,1)","","","7500","5","90096808","","","","","","91950012"
"26043017","43001","11","17","999","90039990","91222932","90039991","","(31150004,17)","(10280108)","","(4,6,55,0,1,4,7,111,0,1,4,8,388,0,1)","","","7800","5","90096808","","","","","","91950012"
"26043018","43001","11","18","999","90039990","91222932","90039991","","(31150004,18)","(10280108)","","(4,6,59,0,1,4,7,118,0,1,4,8,407,0,1)","","","8100","5","90096808","","","","","","91950012"
"26043019","43001","11","19","999","90039990","91222932","90039991","","(31150004,19)","(10280108)","","(4,6,62,0,1,4,7,125,0,1,4,8,426,0,1)","","","8400","5","90096808","","","","","","91950012"
"26043020","43001","11","20","999","90039990","91222932","90039991","","(31150004,99999)","(10280108)","","(4,6,66,0,1,4,7,132,0,1,4,8,445,0,1)","","","8700","5","90096808","","","","","","91950012"
"26044001","44001","11","1","999","90039940","91212092","90039942","","(31150005,1)","(10040019)","","(4,6,13,0,1,4,7,26,0,1,4,8,153,0,1)","","","4000","","","","","","","","91950010"
"26044002","44001","11","2","999","90039940","91212092","90039942","","(31150005,2)","(10040019)","","(4,6,15,0,1,4,7,30,0,1,4,8,164,0,1)","","","4400","","","","","","","","91950010"
"26044003","44001","11","3","999","90039940","91212092","90039942","","(31150005,3)","(10040019)","","(4,6,17,0,1,4,7,34,0,1,4,8,176,0,1)","","","4800","","","","","","","","91950010"
"26044004","44001","11","4","999","90039940","91212092","90039942","","(31150005,4)","(10040019)","","(4,6,19,0,1,4,7,38,0,1,4,8,188,0,1)","","","5200","","","","","","","","91950010"
"26044005","44001","11","5","999","90039940","91212092","90039942","","(31150005,5)","(10040019)","","(4,6,21,0,1,4,7,43,0,1,4,8,201,0,1)","","","5600","","","","","","","","91950010"
"26044006","44001","11","6","999","90039940","91212092","90039942","","(31150005,6)","(10040019)","","(4,6,24,0,1,4,7,48,0,1,4,8,214,0,1)","","","6000","","","","","","","","91950010"
"26044007","44001","11","7","999","90039940","91212092","90039942","","(31150005,7)","(10040019)","","(4,6,26,0,1,4,7,53,0,1,4,8,228,0,1)","","","6400","","","","","","","","91950010"
"26044008","44001","11","8","999","90039940","91212092","90039942","","(31150005,8)","(10040019)","","(4,6,29,0,1,4,7,58,0,1,4,8,242,0,1)","","","6800","","","","","","","","91950010"
"26044009","44001","11","9","999","90039940","91212092","90039942","","(31150005,9)","(10040019)","","(4,6,31,0,1,4,7,63,0,1,4,8,256,0,1)","","","7200","","","","","","","","91950010"
"26044010","44001","11","10","999","90039940","91212092","90039942","","(31150005,10)","(10040019)","","(4,6,34,0,1,4,7,69,0,1,4,8,271,0,1)","","","7600","","","","","","","","91950010"
"26044011","44001","11","11","999","90039940","91212092","90039942","","(31150005,11)","(10040019)","","(4,6,37,0,1,4,7,74,0,1,4,8,287,0,1)","","","8000","","","","","","","","91950010"
"26044012","44001","11","12","999","90039940","91212092","90039942","","(31150005,12)","(10040019)","","(4,6,40,0,1,4,7,80,0,1,4,8,303,0,1)","","","8400","","","","","","","","91950010"
"26044013","44001","11","13","999","90039940","91212092","90039942","","(31150005,13)","(10040019)","","(4,6,43,0,1,4,7,86,0,1,4,8,319,0,1)","","","8800","","","","","","","","91950010"
"26044014","44001","11","14","999","90039940","91212092","90039942","","(31150005,14)","(10040019)","","(4,6,46,0,1,4,7,92,0,1,4,8,336,0,1)","","","9200","","","","","","","","91950010"
"26044015","44001","11","15","999","90039940","91212092","90039942","","(31150005,15)","(10040019)","","(4,6,49,0,1,4,7,98,0,1,4,8,353,0,1)","","","9600","","","","","","","","91950010"
"26044016","44001","11","16","999","90039940","91212092","90039942","","(31150005,16)","(10040019)","","(4,6,52,0,1,4,7,105,0,1,4,8,370,0,1)","","","10000","","","","","","","","91950010"
"26044017","44001","11","17","999","90039940","91212092","90039942","","(31150005,17)","(10040019)","","(4,6,55,0,1,4,7,111,0,1,4,8,388,0,1)","","","10400","","","","","","","","91950010"
"26044018","44001","11","18","999","90039940","91212092","90039942","","(31150005,18)","(10040019)","","(4,6,59,0,1,4,7,118,0,1,4,8,407,0,1)","","","10800","","","","","","","","91950010"
"26044019","44001","11","19","999","90039940","91212092","90039942","","(31150005,19)","(10040019)","","(4,6,62,0,1,4,7,125,0,1,4,8,426,0,1)","","","11200","","","","","","","","91950010"
"26044020","44001","11","20","999","90039940","91212092","90039942","","(31150005,99999)","(10040019)","","(4,6,66,0,1,4,7,132,0,1,4,8,445,0,1)","","","11600","","","","","","","","91950010"
"26045001","45001","11","1","999","90078095","91222954","90078096","","(31150006,1)","(10280126)","","(4,6,13,0,1,4,7,26,0,1,4,8,153,0,1)","","","5000","5","90096950","","","90036102","90036105","","91950010"
"26045002","45001","11","2","999","90078095","91222954","90078096","","(31150006,2)","(10280126)","","(4,6,15,0,1,4,7,30,0,1,4,8,164,0,1)","","","5500","5","90096950","","","90036102","90036105","","91950010"
"26045003","45001","11","3","999","90078095","91222954","90078096","","(31150006,3)","(10280126)","","(4,6,17,0,1,4,7,34,0,1,4,8,176,0,1)","","","6000","5","90096950","","","90036102","90036105","","91950010"
"26045004","45001","11","4","999","90078095","91222954","90078096","","(31150006,4)","(10280126)","","(4,6,19,0,1,4,7,38,0,1,4,8,188,0,1)","","","6500","5","90096950","","","90036102","90036105","","91950010"
"26045005","45001","11","5","999","90078095","91222954","90078096","","(31150006,5)","(10280126)","","(4,6,21,0,1,4,7,43,0,1,4,8,201,0,1)","","","7000","5","90096950","","","90036102","90036105","","91950010"
"26045006","45001","11","6","999","90078095","91222954","90078096","","(31150006,6)","(10280126)","","(4,6,24,0,1,4,7,48,0,1,4,8,214,0,1)","","","7500","5","90096950","","","90036102","90036105","","91950010"
"26045007","45001","11","7","999","90078095","91222954","90078096","","(31150006,7)","(10280126)","","(4,6,26,0,1,4,7,53,0,1,4,8,228,0,1)","","","8000","5","90096950","","","90036102","90036105","","91950010"
"26045008","45001","11","8","999","90078095","91222954","90078096","","(31150006,8)","(10280126)","","(4,6,29,0,1,4,7,58,0,1,4,8,242,0,1)","","","8500","5","90096950","","","90036102","90036105","","91950010"
"26045009","45001","11","9","999","90078095","91222954","90078096","","(31150006,9)","(10280126)","","(4,6,31,0,1,4,7,63,0,1,4,8,256,0,1)","","","9000","5","90096950","","","90036102","90036105","","91950010"
"26045010","45001","11","10","999","90078095","91222954","90078096","","(31150006,10)","(10280126)","","(4,6,34,0,1,4,7,69,0,1,4,8,271,0,1)","","","9500","5","90096950","","","90036102","90036105","","91950010"
"26045011","45001","11","11","999","90078095","91222954","90078096","","(31150006,11)","(10280126)","","(4,6,37,0,1,4,7,74,0,1,4,8,287,0,1)","","","10000","5","90096950","","","90036102","90036105","","91950010"
"26045012","45001","11","12","999","90078095","91222954","90078096","","(31150006,12)","(10280126)","","(4,6,40,0,1,4,7,80,0,1,4,8,303,0,1)","","","10500","5","90096950","","","90036102","90036105","","91950010"
"26045013","45001","11","13","999","90078095","91222954","90078096","","(31150006,13)","(10280126)","","(4,6,43,0,1,4,7,86,0,1,4,8,319,0,1)","","","11000","5","90096950","","","90036102","90036105","","91950010"
"26045014","45001","11","14","999","90078095","91222954","90078096","","(31150006,14)","(10280126)","","(4,6,46,0,1,4,7,92,0,1,4,8,336,0,1)","","","11500","5","90096950","","","90036102","90036105","","91950010"
"26045015","45001","11","15","999","90078095","91222954","90078096","","(31150006,15)","(10280126)","","(4,6,49,0,1,4,7,98,0,1,4,8,353,0,1)","","","12000","5","90096950","","","90036102","90036105","","91950010"
"26045016","45001","11","16","999","90078095","91222954","90078096","","(31150006,16)","(10280126)","","(4,6,52,0,1,4,7,105,0,1,4,8,370,0,1)","","","12500","5","90096950","","","90036102","90036105","","91950010"
"26045017","45001","11","17","999","90078095","91222954","90078096","","(31150006,17)","(10280126)","","(4,6,55,0,1,4,7,111,0,1,4,8,388,0,1)","","","13000","5","90096950","","","90036102","90036105","","91950010"
"26045018","45001","11","18","999","90078095","91222954","90078096","","(31150006,18)","(10280126)","","(4,6,59,0,1,4,7,118,0,1,4,8,407,0,1)","","","13500","5","90096950","","","90036102","90036105","","91950010"
"26045019","45001","11","19","999","90078095","91222954","90078096","","(31150006,19)","(10280126)","","(4,6,62,0,1,4,7,125,0,1,4,8,426,0,1)","","","14000","5","90096950","","","90036102","90036105","","91950010"
"26045020","45001","11","20","999","90078095","91222954","90078096","","(31150006,99999)","(10280126)","","(4,6,66,0,1,4,7,132,0,1,4,8,445,0,1)","","","14500","5","90096950","","","90036102","90036105","","91950010"
"26046001","46001","11","1","999","90100422","91290267","90100446","","(31150007,1)","(10280023,0)","","(4,6,13,0,1,4,7,26,0,1,4,8,153,0,1)","","","6000","60","90096475","","","","","","91950312"
"26046002","46001","11","2","999","90100422","91290267","90100446","","(31150007,2)","(10280023,0)","","(4,6,15,0,1,4,7,30,0,1,4,8,164,0,1)","","","6600","60","90096475","","","","","","91950312"
"26046003","46001","11","3","999","90100422","91290267","90100446","","(31150007,3)","(10280023,0)","","(4,6,17,0,1,4,7,34,0,1,4,8,176,0,1)","","","7200","60","90096475","","","","","","91950312"
"26046004","46001","11","4","999","90100422","91290267","90100446","","(31150007,4)","(10280023,0)","","(4,6,19,0,1,4,7,38,0,1,4,8,188,0,1)","","","7800","60","90096475","","","","","","91950312"
"26046005","46001","11","5","999","90100422","91290267","90100446","","(31150007,5)","(10280023,0)","","(4,6,21,0,1,4,7,43,0,1,4,8,201,0,1)","","","8400","60","90096475","","","","","","91950312"
"26046006","46001","11","6","999","90100422","91290267","90100446","","(31150007,6)","(10280023,0)","","(4,6,24,0,1,4,7,48,0,1,4,8,214,0,1)","","","9000","60","90096475","","","","","","91950312"
"26046007","46001","11","7","999","90100422","91290267","90100446","","(31150007,7)","(10280023,0)","","(4,6,26,0,1,4,7,53,0,1,4,8,228,0,1)","","","9600","60","90096475","","","","","","91950312"
"26046008","46001","11","8","999","90100422","91290267","90100446","","(31150007,8)","(10280023,0)","","(4,6,29,0,1,4,7,58,0,1,4,8,242,0,1)","","","10200","60","90096475","","","","","","91950312"
"26046009","46001","11","9","999","90100422","91290267","90100446","","(31150007,9)","(10280023,0)","","(4,6,31,0,1,4,7,63,0,1,4,8,256,0,1)","","","10800","60","90096475","","","","","","91950312"
"26046010","46001","11","10","999","90100422","91290267","90100446","","(31150007,10)","(10280023,0)","","(4,6,34,0,1,4,7,69,0,1,4,8,271,0,1)","","","11400","60","90096475","","","","","","91950312"
"26046011","46001","11","11","999","90100422","91290267","90100446","","(31150007,11)","(10280023,0)","","(4,6,37,0,1,4,7,74,0,1,4,8,287,0,1)","","","12000","60","90096475","","","","","","91950312"
"26046012","46001","11","12","999","90100422","91290267","90100446","","(31150007,12)","(10280023,0)","","(4,6,40,0,1,4,7,80,0,1,4,8,303,0,1)","","","12600","60","90096475","","","","","","91950312"
"26046013","46001","11","13","999","90100422","91290267","90100446","","(31150007,13)","(10280023,0)","","(4,6,43,0,1,4,7,86,0,1,4,8,319,0,1)","","","13200","60","90096475","","","","","","91950312"
"26046014","46001","11","14","999","90100422","91290267","90100446","","(31150007,14)","(10280023,0)","","(4,6,46,0,1,4,7,92,0,1,4,8,336,0,1)","","","13800","60","90096475","","","","","","91950312"
"26046015","46001","11","15","999","90100422","91290267","90100446","","(31150007,15)","(10280023,0)","","(4,6,49,0,1,4,7,98,0,1,4,8,353,0,1)","","","14400","60","90096475","","","","","","91950312"
"26046016","46001","11","16","999","90100422","91290267","90100446","","(31150007,16)","(10280023,0)","","(4,6,52,0,1,4,7,105,0,1,4,8,370,0,1)","","","15000","60","90096475","","","","","","91950312"
"26046017","46001","11","17","999","90100422","91290267","90100446","","(31150007,17)","(10280023,0)","","(4,6,55,0,1,4,7,111,0,1,4,8,388,0,1)","","","15600","60","90096475","","","","","","91950312"
"26046018","46001","11","18","999","90100422","91290267","90100446","","(31150007,18)","(10280023,0)","","(4,6,59,0,1,4,7,118,0,1,4,8,407,0,1)","","","16200","60","90096475","","","","","","91950312"
"26046019","46001","11","19","999","90100422","91290267","90100446","","(31150007,19)","(10280023,0)","","(4,6,62,0,1,4,7,125,0,1,4,8,426,0,1)","","","16800","60","90096475","","","","","","91950312"
"26046020","46001","11","20","999","90100422","91290267","90100446","","(31150007,99999)","(10280023,0)","","(4,6,66,0,1,4,7,132,0,1,4,8,445,0,1)","","","17400","60","90096475","","","","","","91950312"
