"AttributeId","UseType","MoneyChange","ItemGet","RoleAttributeChange","UseCD","WidgetJumpArray","SpawnNpcId","TitleGet","BagSendInType","FriendlinessAdd","OtherRecvItemID","LevelUp","FuncLevelLimit","UpgradeProtectInfoArray","ReducePkValue","GetRechargeNum","logic_id","NeedRedTip","EffectiveTime","ExperienceVipLevel","AddMapCount","ExpNum","ChooseItem","MeditationMedicineTime","OnlyUseInSelfServer","AddHeartValue","SummonNpcID","AddMapTimeArr"
"32000001","1","0","0","0","5","","","0","2","0","","0","0","","0","","","","","","","","","","","","",""
"32000002","1","0","0","0","5","","","0","2","0","","0","0","","0","","","","","","","","","","","","",""
"32000003","1","0","0","0","5","","","0","2","0","","0","0","","0","","","","","","","","","","","","",""
"32000004","1","0","0","0","0","","","0","2","0","","0","0","","0","","","","","","","","","","","","",""
"32000005","1","0","0","0","0","","","0","2","0","","0","0","","0","","","","","","","","","","","","",""
"32000006","1","0","0","0","0","","","0","2","0","","0","0","","0","","","","","","","","","","","","",""
"32000007","1","0","0","0","5","","","0","2","0","","0","0","","0","","","","","","","","","","","","",""
"32000008","1","0","0","0","5","","","0","2","0","","0","0","","0","","","","","","","","","","","","",""
"32000009","3","0","0","0","0","(-1,90090469,92500001,-1,-1)","","0","2","0","","0","0","","0","","","","","","","","","","","","",""
"32000010","3","0","0","0","0","(-1,90090496,92180004,-1,-1)","","0","2","0","","0","0","","0","","","","","","","","","","","","",""
"32000011","0","0","0","0","0","","","0","2","0","","0","0","","0","","","","","","","","","","","","",""
"32000012","1","0","0","0","0","","","0","2","0","","0","0","","0","","","","","","","","","","","","",""
"32000013","1","0","0","0","0","","","0","2","0","","0","0","","0","","","","","","","","","","","","",""
"32000014","1","0","0","0","0","","","0","2","0","","0","0","","0","","","","","","","","","","","","",""
"32000015","1","0","0","0","0","","","0","2","0","","0","0","","0","","","","","","","","","","","","",""
"32000016","1","0","0","0","0","","","0","2","0","","0","0","","0","","","","","","","","","","","","",""
"32000017","1","0","0","0","0","","","0","2","0","","0","0","","0","","","","","","","","","","","","",""
"32000018","2","0","0","(4,1,1,0,1)","0","","","0","2","0","","0","0","","0","","","","","","","","","","","","",""
"32000019","2","0","0","(4,2,1,0,1)","0","","","0","2","0","","0","0","","0","","","","","","","","","","","","",""
"32000020","2","0","0","(4,3,1,0,1)","0","","","0","2","0","","0","0","","0","","","","","","","","","","","","",""
"32000021","2","0","0","(4,4,1,0,1)","0","","","0","2","0","","0","0","","0","","","","","","","","","","","","",""
"32000022","2","0","70980001","0","0","","","0","2","0","","0","0","","0","","","","","","","","","","","","",""
"32000023","3","0","0","0","0","(-1,90095016,92330003,-1,-1)","","0","2","0","","0","0","","0","","","","","","","","","","","","",""
"32000024","3","0","0","0","0","(-1,90095016,92330003,-1,-1)","","0","2","0","","0","0","","0","","","","","","","","","","","","",""
"32000025","3","0","0","0","0","(-1,90095016,92330003,-1,-1)","","0","2","0","","0","0","","0","","","","","","","","","","","","",""
"32000026","3","0","0","0","0","(-1,90095016,92330003,-1,-1)","","0","2","0","","0","0","","0","","","","","","","","","","","","",""
"32000027","3","0","0","0","0","(-1,90090497,92170004,-1,-1)","","0","2","0","","0","0","","0","","","","","","","","","","","","",""
"32000028","3","0","0","0","0","(-1,90090497,92170004,-1,-1)","","0","2","0","","0","0","","0","","","","","","","","","","","","",""
"32000029","3","0","0","0","0","(-1,90090497,92170004,-1,-1)","","0","2","0","","0","0","","0","","","","","","","","","","","","",""
"32000030","3","0","0","0","0","(-1,90090497,92170004,-1,-1)","","0","2","0","","0","0","","0","","","","","","","","","","","","",""
"32000031","3","0","0","0","0","(-1,90090497,92170004,-1,-1)","","0","2","0","","0","0","","0","","","","","","","","","","","","",""
"32000032","3","0","0","0","0","(-1,90090497,92150005,-1,-1)","","0","2","0","","0","0","","0","","","","","","","","","","","","",""
"32000033","3","0","0","0","0","(-1,90090497,92170004,-1,-1)","","0","2","0","","0","0","","0","","","","","","","","","","","","",""
"32000034","3","0","0","0","0","(-1,90090497,92170004,-1,-1)","","0","2","0","","0","0","","0","","","","","","","","","","","","",""
"32000035","3","0","0","0","0","(-1,90090497,92150005,-1,-1)","","0","2","0","","0","0","","0","","","","","","","","","","","","",""
"32000036","3","0","0","0","0","(-1,90090497,92150005,-1,-1)","","0","2","0","","0","0","","0","","","","","","","","","","","","",""
"32000037","3","0","0","0","0","(-1,90090497,92150005,-1,-1)","","0","2","0","","0","0","","0","","","","","","","","","","","","",""
"32000038","3","0","0","0","0","(-1,90090497,92170004,-1,-1)","","0","2","0","","0","0","","0","","","","","","","","","","","","",""
"32000039","3","0","0","0","0","(-1,90090497,92170004,-1,-1)","","0","2","0","","0","0","","0","","","","","","","","","","","","",""
"32000040","3","0","0","0","0","(-1,90090498,92150005,-1,-1)","","0","2","0","","0","0","","0","","","","","","","","","","","","",""
"32000041","3","0","0","0","0","(-1,90090498,92150005,-1,-1)","","0","2","0","","0","0","","0","","","","","","","","","","","","",""
"32000042","3","0","0","0","0","(-1,90090498,92150005,-1,-1)","","0","2","0","","0","0","","0","","","","","","","","","","","","",""
"32000043","3","0","0","0","0","(-1,90090498,92150005,-1,-1)","","0","2","0","","0","0","","0","","","","","","","","","","","","",""
"32000044","3","0","0","0","0","(-1,90090023,92230004,2,-1)","","0","2","0","","0","0","","0","","","","","","","","","","","","",""
"32000045","3","0","0","0","0","(-1,90090498,92150005,6,-1)","","0","2","0","","0","0","","0","","","","","","","","","","","","",""
"32000046","3","0","0","0","0","(-1,90090498,92150005,8,-1)","","0","2","0","","0","0","","0","","","","","","","","","","","","",""
"32000047","3","0","0","0","0","(-1,90090498,92150005,7,-1)","","0","2","0","","0","0","","0","","","","","","","","","","","","",""
"32000048","1","0","70980014","0","0","(-1,90090498,92150005,-1,-1)","","0","2","0","","0","0","","0","","","","","","","","","","","","",""
"32000049","0","0","0","0","0","","","0","2","0","","0","0","","0","","","","","","","","","","","","",""
"32000050","3","0","0","0","0","(-1,90090497,92170004,10,-1)","","0","2","0","","0","0","","0","","","","","","","","","","","","",""
"32000051","3","0","0","0","0","(-1,90090497,92170004,11,-1)","","0","2","0","","0","0","","0","","","","","","","","","","","","",""
"32000052","3","0","0","0","0","(-1,90090497,92170004,12,-1)","","0","2","0","","0","0","","0","","","","","","","","","","","","",""
"32000053","3","0","0","0","0","(-1,90090497,92170004,6,-1)","","0","2","0","","0","0","","0","","","","","","","","","","","","",""
"32000054","3","0","0","0","0","(-1,90090497,92170004,7,-1)","","0","2","0","","0","0","","0","","","","","","","","","","","","",""
"32000055","3","0","0","0","0","(-1,90090497,92170004,8,-1)","","0","2","0","","0","0","","0","","","","","","","","","","","","",""
"32000056","3","0","0","0","0","(-1,90090497,92170004,13,-1)","","0","2","0","","0","0","","0","","","","","","","","","","","","",""
"32000057","3","0","0","0","0","(-1,90090497,92170004,9,-1)","","0","2","0","","0","0","","0","","","","","","","","","","","","",""
"32000058","1","0","0","0","0","","","0","2","0","","0","0","","0","","","","","","","","","","","","",""
"32000059","1","0","0","0","0","","","0","2","0","","(100,1,1807500)","0","","0","","","","","","","","","","","","",""
"32000060","1","0","0","0","0","","","0","2","0","","(200,1,59049900)","0","","0","","","","","","","","","","","","",""
"32000061","1","0","0","0","0","","","0","2","0","","(999,1,711529700)","0","","0","","","","","","","","","","","","",""
"32000062","3","0","0","0","0","(-1,90090026,92220016,-1,-1)","","0","2","0","","0","(5,30)","(3,25)","0","","","","","","","","","","","","",""
"32000063","3","0","0","0","0","(-1,90090026,92220016,-1,-1)","","0","2","0","","0","(5,30)","(2,0)","0","","","","","","","","","","","","",""
"32000064","1","0","0","0","1","","","0","2","0","","0","0","","0","","","","","","","","","","","","",""
"32000065","1","0","0","0","0","","","0","2","0","","0","0","","0","","","","","","","","","","","","",""
"32000066","1","0","0","0","0","","","0","2","0","","0","0","","0","","","","","","","","","","","","",""
"32000067","1","0","0","0","0","","","0","2","0","","0","0","","0","","","","","","","","","","","","",""
"32000068","1","0","0","0","0","","","0","2","0","","0","0","","90096665","","","","","","","","","","","","",""
"32000069","1","0","0","0","0","","","0","2","0","","0","0","","(2,5000)","","","","","","","","","","","","",""
"32000070","1","0","0","0","0","","","0","2","0","","0","0","","(1,1500)","","","","","","","","","","","","",""
"32000071","1","0","0","0","0","","","0","2","0","","0","0","","(0,300)","","","","","","","","","","","","",""
"32000072","1","0","70990069","0","0","(-1,90090497,92170004,-1,-1)","","0","2","0","","0","0","","0","","","","","","","","","","","","",""
"32000073","3","0","0","0","0","(-1,90090497,92170004,14,-1)","","0","2","0","","0","0","","0","","","","","","","","","","","","",""
"32000074","1","0","70990076","0","0","(-1,90090497,92170004,6,-1)","","0","2","0","","0","0","","0","","","","","","","","","","","","",""
"32000075","3","0","0","0","0","(-1,90090497,92170004,-1,-1)","","0","2","0","","0","0","","0","","","","","","","","","","","","",""
"32000076","3","0","0","0","0","(-1,90090497,92170004,-1,-1)","","0","2","0","","0","0","","0","","","","","","","","","","","","",""
"32000077","1","0","70990081","0","0","","","0","2","0","","0","0","","0","","","","","","","","","","","","",""
"32000078","1","0","70990077","0","0","","","0","2","0","","0","0","","0","","","","","","","","","","","","",""
"32000079","1","0","70990080","0","0","","","0","2","0","","0","0","","0","","","","","","","","","","","","",""
"32000080","1","0","70990079","0","0","","","0","2","0","","0","0","","0","","","","","","","","","","","","",""
"32000081","1","0","70990082","0","0","","","0","2","0","","0","0","","0","","","","","","","","","","","","",""
"32000082","1","0","70990083","0","0","","","0","2","0","","0","0","","0","","","","","","","","","","","","",""
"32000083","1","0","70990077","0","0","(-1,90090497,92170004,7,-1)","","0","2","0","","0","0","","0","","","1","86400","","","","","","","","",""
"32000084","1","0","70990079","0","0","(-1,90090498,92150005,6,-1)","","0","2","0","","0","0","","0","","","1","86400","","","","","","","","",""
"32000085","1","0","0","0","0","","","0","2","0","","0","0","","0","","","","","","","","","","","","",""
"32000086","3","0","0","0","0","(-1,90069510,92300002,-1,-1)","","0","2","0","","0","0","","0","","","","","","","","","","","","",""
"32000087","3","0","0","0","0","(-1,90090139,92300003,0,-1)","","0","2","0","","0","0","","0","","","","","","","","","","","","",""
"32000088","3","0","0","0","0","(-1,90090017,92300003,5,-1)","","0","2","0","","0","0","","0","","","","","","","","","","","","",""
"32000089","3","0","0","0","0","(-1,90050172,92300003,2,-1)","","0","2","0","","0","0","","0","","","","","","","","","","","","",""
"32000090","1","0","0","0","0","","","0","2","0","","0","0","","0","","","","","","","","","","","","",""
"32000091","1","0","0","0","0","","","0","2","0","","0","0","","0","","","","","","","","","","","","",""
"32000092","1","0","0","0","0","","","0","2","0","","0","0","","0","","","","","","","","","","","","",""
"32000093","1","0","0","0","0","","","0","2","0","","0","0","","0","","","","","","","","","","","","",""
"32000094","1","0","0","0","0","","","0","2","0","","0","0","","0","","","","","","","","","","","","",""
"32000095","3","0","0","0","0","(-1,90090016,92300003,4,-1)","","0","2","0","","0","0","","0","","","","","","","","","","","","",""
"32000096","3","0","0","0","0","(-1,90202842,92720005,3,-1)","","0","2","0","","0","0","","0","","","","","","","","","","","","",""
"32000097","1","0","0","0","0","","","0","2","0","","0","0","","0","","","","","","","","","","","","",""
"32000098","1","0","0","0","0","","","0","2","0","","0","0","","0","","","","","","","","","","","","",""
"32000099","3","0","0","0","0","(-1,90090498,92150005,-1,-1)","","0","2","0","","0","0","","0","","","","","","","","","","","","",""
"32000100","3","0","0","0","0","(-1,90090498,92150005,-1,-1)","","0","2","0","","0","0","","0","","","","","","","","","","","","",""
"32000101","3","0","0","0","0","(-1,90090498,92150005,-1,-1)","","0","2","0","","0","0","","0","","","","","","","","","","","","",""
"32000102","3","0","0","0","0","(-1,90090498,92150005,-1,-1)","","0","2","0","","0","0","","0","","","","","","","","","","","","",""
"32000103","3","0","0","0","0","(-1,90090498,92150005,-1,-1)","","0","2","0","","0","0","","0","","","","","","","","","","","","",""
"32000104","3","0","0","0","0","(-1,90090498,92150005,-1,-1)","","0","2","0","","0","0","","0","","","","","","","","","","","","",""
"32000105","3","0","0","0","0","(-1,90090497,92170004,-1,-1)","","0","2","0","","0","0","","0","","","","","","","","","","","","",""
"32000106","3","0","0","0","0","(-1,90090497,92170004,-1,-1)","","0","2","0","","0","0","","0","","","","","","","","","","","","",""
"32000107","2","0","0","0","0","","","0","2","0","","0","0","","0","","","","","","","5","","","","","",""
"32000108","2","(31,1)","0","0","0","","","0","2","0","","0","0","","0","","","","","","","","","","","","",""
"32000109","2","0","0","0","0","","","0","2","0","","0","0","","0","","","","","","","","","","","","",""
"32000110","2","0","0","0","0","","","0","2","0","","0","0","","0","","","","","","","","","","","","",""
"32000111","1","0","0","0","0","","","0","2","0","","0","0","","0","","","","","","","","","","","","",""
"32000112","1","0","0","0","0","","","0","2","0","","0","0","","0","","","","","","","","","","","","",""
"32000113","1","0","0","0","0","","","0","2","0","","0","0","","0","","","","","","","","","","","","",""
"32000114","3","0","0","0","0","(-1,90090497,92170004,21,-1)","","0","2","0","","0","0","","0","","","","","","","","","","","","",""
"32000115","2","0","0","0","0","","","0","2","0","","(1,1,505800)","0","","0","","","","","","","","","","","","",""
"32000116","2","0","0","0","0","","","0","2","0","","(1,1,1341000)","0","","0","","","","","","","","","","","","",""
"32000117","2","0","0","0","0","","","0","2","0","","(1,1,2457000)","0","","0","","","","","","","","","","","","",""
"32000118","2","0","0","0","0","","","0","2","0","","(1,1,3202000)","0","","0","","","","","","","","","","","","",""
"32000119","2","0","0","0","0","","","0","2","0","","(1,1,22650800)","0","","0","","","","","","","","","","","","",""
"32000120","2","0","0","0","0","","","0","2","0","","(1,1,58279200)","0","","0","","","","","","","","","","","","",""
"32000121","2","0","0","0","0","","","0","2","0","","(1,1,118099800)","0","","0","","","","","","","","","","","","",""
"32000122","2","0","0","0","0","","","0","2","0","","(1,1,359718000)","0","","0","","","","","","","","","","","","",""
"32000123","2","0","0","0","0","","","0","2","0","","(1,1,538216600)","0","","0","","","","","","","","","","","","",""
"32000124","2","0","0","0","0","","","0","2","0","","(1,1,799024800)","0","","0","","","","","","","","","","","","",""
"32000125","2","0","0","0","0","","","0","2","0","","(1,1,298000)","0","","0","","","","","","","","","","","","",""
"32000126","2","0","0","0","0","","","0","2","0","","(1,1,400000)","0","","0","","","","","","","","","","","","",""
"32000127","2","0","0","0","0","","","0","2","0","","(1,1,80000000)","0","","0","","","","","","","","","","","","",""
"32000128","2","0","0","0","0","","","0","2","0","","(1,1,3615000)","0","","0","","","","","","","","","","","","",""
"32000129","2","0","0","0","0","","","0","2","0","","(1,1,8367600)","0","","0","","","","","","","","","","","","",""
"32000130","2","0","0","0","0","","","0","2","0","","(1,1,19608200)","0","","0","","","","","","","","","","","","",""
"32000131","2","0","0","0","0","","","0","2","0","","(1,1,34314600)","0","","0","","","","","","","","","","","","",""
"32000132","2","0","0","0","0","","","0","2","0","","(1,1,1796000)","0","","0","","","","","","","","","","","","",""
"32000133","2","0","0","0","0","","","0","2","0","","(1,1,2247000)","0","","0","","","","","","","","","","","","",""
"32000134","2","0","0","0","0","","","0","2","0","","(1,1,2795000)","0","","0","","","","","","","","","","","","",""
"32000135","2","0","0","0","0","","","0","2","0","","(1,1,3422000)","0","","0","","","","","","","","","","","","",""
"32000136","2","0","0","0","0","","","0","2","0","","(1,1,4168000)","0","","0","","","","","","","","","","","","",""
"32000137","2","0","0","0","0","","","0","2","0","","(1,1,5048000)","0","","0","","","","","","","","","","","","",""
"32000138","2","0","0","0","0","","","0","2","0","","(1,1,6083000)","0","","0","","","","","","","","","","","","",""
"32000139","2","0","0","0","0","","","0","2","0","","(1,1,7293000)","0","","0","","","","","","","","","","","","",""
"32000140","2","0","0","0","0","","","0","2","0","","(1,1,8701000)","0","","0","","","","","","","","","","","","",""
"32000141","2","0","0","0","0","","","0","2","0","","(1,1,10331000)","0","","0","","","","","","","","","","","","",""
"32000142","2","0","0","0","0","","","0","2","0","","(1,1,12210000)","0","","0","","","","","","","","","","","","",""
"32000143","2","0","0","0","0","","","0","2","0","","(1,1,14367000)","0","","0","","","","","","","","","","","","",""
"32000144","2","0","0","0","0","","","0","2","0","","(1,1,16832000)","0","","0","","","","","","","","","","","","",""
"32000145","2","0","0","0","0","","","0","2","0","","(1,1,218000)","0","","0","","","","","","","","","","","","",""
"32000146","2","0","0","0","0","","","0","2","0","","(1,1,460000)","0","","0","","","","","","","","","","","","",""
"32000147","2","0","0","0","0","","","0","2","0","","(1,1,882000)","0","","0","","","","","","","","","","","","",""
"32000148","2","0","0","0","0","","","0","2","0","","(1,1,1602000)","0","","0","","","","","","","","","","","","",""
"32000149","2","0","0","0","0","","","0","2","0","","(1,1,840103200)","0","","0","","","","","","","","","","","","",""
"32000150","2","0","0","0","0","","","0","2","0","","(1,1,1839701880)","0","","0","","","","","","","","","","","","",""
"32000151","2","0","0","0","0","","","0","2","0","","(1,1,15052668960)","0","","0","","","","","","","","","","","","",""
"32000152","2","0","0","0","0","","","0","2","0","","(1,1,28476064260)","0","","0","","","","","","","","","","","","",""
"32000153","2","0","0","0","0","","","0","2","0","","(1,1,73490503860)","0","","0","","","","","","","","","","","","",""
"32000154","2","0","0","0","0","","","0","2","0","","(1,1,24570000)","0","","0","","","","","","","","","","","","",""
"32000155","2","0","0","0","0","","","0","2","0","","(1,1,35029000)","0","","0","","","","","","","","","","","","",""
"32000156","2","0","0","0","0","","","0","2","0","","0","0","","0","","","","","","(0,71030001)","","","","","","","(7,300)"
"32000157","1","0","31040129","0","0","","","0","2","0","","0","0","","0","","","","600","","","","","","","","",""
"32000158","3","0","0","0","0","","","0","2","0","","0","0","","0","","","","","","","","","","","","",""
"32000159","2","0","0","0","0","","","0","2","0","","0","0","","0","","","","","","","","","18000","","","",""
"32000160","3","0","0","0","0","(-1,90091294,92800002,-1,-1)","","0","2","0","","0","0","","0","","","","","","","","","","","","",""
"32000161","3","0","0","0","0","(-1,90091277,92800003,-1,-1)","","0","2","0","","0","0","","0","","","","","","","","","","","","",""
"32000162","2","0","70990431","0","0","","","0","2","0","","0","0","","0","","","","","","","","","","","","",""
"32000163","2","0","70990432","0","0","","","0","2","0","","0","0","","0","","","","","","","","","","","","",""
"32000164","2","0","70990433","0","0","","","0","2","0","","0","0","","0","","","","","","","","","","","","",""
"32000165","0","0","","0","0","","","0","2","0","","0","0","","0","","","","","","","","","","","","",""
"32000166","0","0","","0","0","","","0","2","0","","0","0","","0","","","","","","","","","","","","",""
"32000167","3","0","0","0","0","(-1,90090017,92300003,1,-1)","","0","2","0","","0","0","","0","","","","","","(0,71110001)","","","","","","",""
"32000168","3","0","0","0","0","(-1,-1,92180011,-1,-1)","","0","2","0","","0","0","","0","","","","","","","","","","","","",""
"32000169","3","0","0","0","0","(-1,90091277,92800007,-1,-1)","","0","2","0","","0","0","","0","","","","","","","","","","","","",""
"32000170","2","0","70990434","0","0","","","0","2","0","","0","0","","0","","","","","","","","","","","","",""
"32000171","0","0","","0","0","","","0","2","0","","0","0","","0","","","","","","","","","","","","",""
"32000172","3","0","0","0","0","(-1,90090497,92170004,15,-1)","","0","2","0","","0","0","","0","","","","","","","","","","","","",""
"32000173","3","0","0","0","0","(-1,90201880,92150003,2,-1)","","0","2","0","","0","0","","0","","","","","","","","","","","","",""
"32000174","3","0","0","0","0","(-1,90201880,92150003,3,-1)","","0","2","0","","0","0","","0","","","","","","","","","","","","",""
"32000175","3","0","0","0","0","(-1,90201880,92150003,0,-1)","","0","2","0","","0","0","","0","","","","","","","","","","","","",""
"32000176","3","0","0","0","0","(-1,90201880,92150003,1,-1)","","0","2","0","","0","0","","0","","","","","","","","","","","","",""
"32000177","3","0","0","0","0","(-1,90201880,92150003,0,-1)","","0","2","0","","0","0","","0","","","","","","","","","","","","",""
"32000178","3","0","0","0","0","(-1,90201880,92150003,1,-1)","","0","2","0","","0","0","","0","","","","","","","","","","","","",""
"32000179","3","0","0","0","0","(-1,90201880,92150003,2,-1)","","0","2","0","","0","0","","0","","","","","","","","","","","","",""
"32000180","3","0","0","0","0","(-1,90201880,92150003,3,-1)","","0","2","0","","0","0","","0","","","","","","","","","","","","",""
"32000181","2","0","70990447","0","0","","","0","2","0","","0","0","","0","","","","","","","","","","","","",""
"32000182","0","0","","0","0","","","0","2","0","","0","0","","0","","","","","","","","","","","","",""
"32000183","0","0","","0","0","","","0","2","0","","0","0","","0","","","","","","","","","","","","",""
"32000184","0","0","","0","0","","","0","2","0","","0","0","","0","","","","","","","","","","","","",""
"32000185","3","0","0","0","0","(-1,90090497,92170004,16,-1)","","0","2","0","","0","0","","0","","","","","","","","","","","","",""
"32000186","3","0","0","0","0","(-1,90090497,92170004,18,-1)","","0","2","0","","0","0","","0","","","","","","","","","","","","",""
"32000187","3","0","0","0","0","(-1,90090497,92170004,17,-1)","","0","2","0","","0","0","","0","","","","","","","","","","","","",""
"32000188","3","0","0","0","0","(-1,90209417,92390009,-1,-1)","","0","2","0","","0","0","","0","","","","","","","","","","","","",""
"32000189","3","0","0","0","0","(-1,90209417,92390009,-1,-1)","","0","2","0","","0","0","","0","","","","","","","","","","","","",""
"32000190","3","0","0","0","0","(-1,90209417,92390009,-1,-1)","","0","2","0","","0","0","","0","","","","","","","","","","","","",""
"32000191","3","0","0","0","0","(-1,90209412,92680001,-6,-1)","","0","2","0","","0","0","","0","","","","","","","","","","","","",""
"32000192","3","0","0","0","0","(-1,90209412,92680001,-6,-1)","","0","2","0","","0","0","","0","","","","","","","","","","","","",""
"32000193","3","0","0","0","0","(-1,90209412,92680001,-6,-1)","","0","2","0","","0","0","","0","","","","","","","","","","","","",""
"32000194","3","0","0","0","0","(-1,90209412,92680001,-6,-1)","","0","2","0","","0","0","","0","","","","","","","","","","","","",""
"32000195","3","0","0","0","0","(-1,90209412,92680001,-6,-1)","","0","2","0","","0","0","","0","","","","","","","","","","","","",""
"32000196","3","0","0","0","0","(-1,90209412,92680001,-6,-1)","","0","2","0","","0","0","","0","","","","","","","","","","","","",""
"32000197","3","0","0","0","0","(-1,90209412,92680001,-6,-1)","","0","2","0","","0","0","","0","","","","","","","","","","","","",""
"32000198","3","0","0","0","0","(-1,90209412,92680001,-6,-1)","","0","2","0","","0","0","","0","","","","","","","","","","","","",""
"32000199","3","0","0","0","0","(-1,90209412,92680001,-6,-1)","","0","2","0","","0","0","","0","","","","","","","","","","","","",""
"32000200","3","0","0","0","0","(-1,90209412,92680001,-6,-1)","","0","2","0","","0","0","","0","","","","","","","","","","","","",""
"32000201","3","0","0","0","0","(-1,90209412,92680001,-6,-1)","","0","2","0","","0","0","","0","","","","","","","","","","","","",""
"32000202","3","0","0","0","0","(-1,90209412,92680001,-6,-1)","","0","2","0","","0","0","","0","","","","","","","","","","","","",""
"32000203","3","0","0","0","0","(-1,90209412,92680001,-6,-1)","","0","2","0","","0","0","","0","","","","","","","","","","","","",""
"32000204","3","0","0","0","0","(-1,90209412,92680001,-6,-1)","","0","2","0","","0","0","","0","","","","","","","","","","","","",""
"32000205","3","0","0","0","0","(-1,90209412,92680001,-6,-1)","","0","2","0","","0","0","","0","","","","","","","","","","","","",""
"32000206","3","0","0","0","0","(-1,90209412,92680001,-6,-1)","","0","2","0","","0","0","","0","","","","","","","","","","","","",""
"32000207","3","0","0","0","0","(-1,90209417,92390009,-1,-1)","","0","2","0","","0","0","","0","","","","","","","","","","","","",""
"32000208","3","0","0","0","0","(-1,90090497,92170004,19,-1)","","0","2","0","","0","0","","0","","","","","","","","","","","","",""
"32000209","3","0","0","0","0","(-1,90090497,92170004,20,-1)","","0","2","0","","0","0","","0","","","","","","","","","","","","",""
"32000210","1","0","0","0","0","","","0","2","0","","0","0","","0","","","","","","","","","","","","",""
"32000211","3","0","0","0","0","(-1,90209412,92810036,-1,-1)","","0","2","0","","0","0","","0","","","","","","","","","","","","",""
"32000212","3","0","0","0","0","(-1,90209412,92810036,-1,-1)","","0","2","0","","0","0","","0","","","","","","","","","","","","",""
"32000213","3","0","0","0","0","(-1,90209412,92810036,-1,-1)","","0","2","0","","0","0","","0","","","","","","","","","","","","",""
"32000214","3","0","0","0","0","(-1,90209412,92810036,-1,-1)","","0","2","0","","0","0","","0","","","","","","","","","","","","",""
"32000215","1","0","0","0","0","","","0","2","0","","0","0","","0","","","","","","(1,1)","","","","","","",""
"32000216","3","0","0","0","0","(-1,90305679,92710001,43,-1)","","0","2","0","","0","0","","0","","","","","","","","","","","","",""
"32000217","3","0","0","0","0","(-1,90090497,92170004,-1,-1)","","0","2","0","","0","0","","0","","","","","","","","","","","","",""
"32000218","3","0","0","0","0","(-1,90090497,92170004,-1,-1)","","0","2","0","","0","0","","0","","","","","","","","","","","","",""
"32000219","3","0","0","0","0","(-1,90090497,92170004,-1,-1)","","0","2","0","","0","0","","0","","","","","","","","","","","","",""
"32000220","3","0","0","0","0","(-1,90090497,92170004,-1,-1)","","0","2","0","","0","0","","0","","","","","","","","","","","","",""
"32000221","3","0","0","0","0","(-1,90090498,92150005,-1,-1)","","0","2","0","","0","0","","0","","","","","","","","","","","","",""
"32000222","3","0","0","0","0","(-1,90090498,92150005,-1,-1)","","0","2","0","","0","0","","0","","","","","","","","","","","","",""
"32000223","3","0","0","0","0","(-1,90090498,92150005,-1,-1)","","0","2","0","","0","0","","0","","","","","","","","","","","","",""
"32000224","3","0","0","0","0","(-1,90090498,92150005,-1,-1)","","0","2","0","","0","0","","0","","","","","","","","","","","","",""
"32000225","3","0","0","0","0","(-1,90097302,92810187,-1,-1)","","0","2","0","","0","0","","0","","","","","","","","","","","","",""
"32000226","3","0","0","0","0","(-1,90305891,92710001,48,0)","","0","2","0","","0","0","","0","","","","","","","","","","","","",""
"32000227","3","0","0","0","0","(-1,90305891,92710001,48,1)","","0","2","0","","0","0","","0","","","","","","","","","","","","",""
"32000228","3","0","0","0","0","(-1,90305891,92710001,48,2)","","0","2","0","","0","0","","0","","","","","","","","","","","","",""
"32000229","3","0","0","0","0","(-1,90305891,92710001,48,3)","","0","2","0","","0","0","","0","","","","","","","","","","","","",""
"32000230","3","0","0","0","0","(-1,90305891,92710001,48,4)","","0","2","0","","0","0","","0","","","","","","","","","","","","",""
"32000231","3","0","0","0","0","(-1,90305946,92710001,49,-1)","","0","2","0","","0","0","","0","","","","","","","","","","","","",""
"32000232","3","0","0","0","0","(-1,90306058,92710001,71,-1)","","0","2","0","","0","0","","0","","","","","","","","","","","","",""
"32000233","3","0","0","0","0","(-1,90090497,92170004,21,-1)","","0","2","0","","0","0","","0","","","","","","","","","","","","",""
"32000234","2","(30,1)","0","0","0","","","0","2","0","","0","0","","0","","","","","","","","","","","","",""
"32142099","3","0","0","0","0","(-1,90091294,92810240,-1,-1)","","0","2","0","","0","0","","0","","","","","","","","","","","","",""
"32000235","3","0","0","0","0","(-1,90091294,92810240,-1,-1)","","0","2","0","","0","0","","0","","","","","","","","","","","","",""
"32000236","3","0","0","0","0","(-1,90090498,92150005,-1,-1)","","0","2","0","","0","0","","0","","","","","","","","","","","","",""
"32000237","3","0","0","0","0","(-1,90090498,92150005,-1,-1)","","0","2","0","","0","0","","0","","","","","","","","","","","","",""
"32000238","3","0","0","0","0","(-1,90090498,92150005,-1,-1)","","0","2","0","","0","0","","0","","","","","","","","","","","","",""
"32000239","3","0","0","0","0","(-1,90090498,92150005,-1,-1)","","0","2","0","","0","0","","0","","","","","","","","","","","","",""
"32000240","2","0","70990915","0","0","","","0","2","0","","0","0","","0","","","","","","","","","","","","",""
"32000241","2","0","70990916","0","0","","","0","2","0","","0","0","","0","","","","","","","","","","","","",""
"32000242","3","0","0","0","0","","","0","2","0","","0","0","","0","","","","","","","","","","","","",""
"32000243","3","0","0","0","0","(-1,90090497,92170004,22,-1)","","0","2","0","","0","0","","0","","","","","","","","","","","","",""
"32000244","1","0","70990129","0","0","(-1,90090497,92170004,9,-1)","","0","2","0","","0","0","","0","","","1","86400","","","","","","","","",""
"32000245","0","0","0","0","0","","","0","2","0","","0","0","","0","","","","","","","","","","","","",""
"32000246","0","0","0","0","0","","","0","2","0","","0","0","","0","","","","","","","","","","","","",""
"32010001","2","(2,2)","0","0","0","","","0","2","0","","0","0","","0","","","","","","","","","","","","",""
"32010002","2","(2,3)","0","0","0","","","0","2","0","","0","0","","0","","","","","","","","","","","","",""
"32010003","2","(2,4)","0","0","0","","","0","2","0","","0","0","","0","","","","","","","","","","","","",""
"32010004","2","(2,5)","0","0","0","","","0","2","0","","0","0","","0","","","","","","","","","","","","",""
"32010005","2","(2,6)","0","0","0","","","0","2","0","","0","0","","0","","","","","","","","","","","","",""
"32010006","2","(2,7)","0","0","0","","","0","2","0","","0","0","","0","","","","","","","","","","","","",""
"32010007","2","(2,8)","0","0","0","","","0","2","0","","0","0","","0","","","","","","","","","","","","",""
"32010008","2","(2,9)","0","0","0","","","0","2","0","","0","0","","0","","","","","","","","","","","","",""
"32010009","2","(2,10)","0","0","0","","","0","2","0","","0","0","","0","","","","","","","","","","","","",""
"32010010","2","(2,11)","0","0","0","","","0","2","0","","0","0","","0","","","","","","","","","","","","",""
"32010011","2","(2,12)","0","0","0","","","0","2","0","","0","0","","0","","","","","","","","","","","","",""
"32010012","2","(2,13)","0","0","0","","","0","2","0","","0","0","","0","","","","","","","","","","","","",""
"32010013","2","(2,8000)","0","0","0","","","0","2","0","","0","0","","0","","","","","","","","","","","","",""
"32010014","2","(2,2000)","0","0","0","","","0","2","0","","0","0","","0","","","","","","","","","","","","",""
"32010015","2","(2,500000)","0","0","0","","","0","2","0","","0","0","","0","","","","","","","","","","","","",""
"32010016","2","(2,1000000)","0","0","0","","","0","2","0","","0","0","","0","","","","","","","","","","","","",""
"32010017","2","(2,4000)","0","0","0","","","0","2","0","","0","0","","0","","","","","","","","","","","","",""
"32010018","2","(2,6000)","0","0","0","","","0","2","0","","0","0","","0","","","","","","","","","","","","",""
"32010019","2","(2,7000)","0","0","0","","","0","2","0","","0","0","","0","","","","","","","","","","","","",""
"32010020","2","(2,9000)","0","0","0","","","0","2","0","","0","0","","0","","","","","","","","","","","","",""
"32010021","2","(2,10000000)","0","0","0","","","0","2","0","","0","0","","0","","","","","","","","","","","","",""
"32010022","2","(4,10)","0","0","0","","","0","2","0","","0","0","","0","","","","","","","","","","","","",""
"32010023","2","(4,20)","0","0","0","","","0","2","0","","0","0","","0","","","","","","","","","","","","",""
"32010024","2","(4,50)","0","0","0","","","0","2","0","","0","0","","0","","","","","","","","","","","","",""
"32010025","2","(4,100)","0","0","0","","","0","2","0","","0","0","","0","","","","","","","","","","","","",""
"32010026","2","(4,150)","0","0","0","","","0","2","0","","0","0","","0","","","","","","","","","","","","",""
"32010027","2","(4,200)","0","0","0","","","0","2","0","","0","0","","0","","","","","","","","","","","","",""
"32010028","2","(4,250)","0","0","0","","","0","2","0","","0","0","","0","","","","","","","","","","","","",""
"32010029","2","(4,300)","0","0","0","","","0","2","0","","0","0","","0","","","","","","","","","","","","",""
"32010030","2","(4,500)","0","0","0","","","0","2","0","","0","0","","0","","","","","","","","","","","","",""
"32010031","2","(0,700000)","0","0","0","","","0","2","0","","0","0","","0","","","","","","","","","","","","",""
"32010032","2","(9,30)","0","0","0","","","0","2","0","","0","0","","0","","","","","","","","","","","","",""
"32010033","2","(9,60)","0","0","0","","","0","2","0","","0","0","","0","","","","","","","","","","","","",""
"32010034","2","(9,90)","0","0","0","","","0","2","0","","0","0","","0","","","","","","","","","","","","",""
"32010035","2","(12,100)","0","0","0","","","0","2","0","","0","0","","0","","","","","","","","","","","","",""
"32010036","2","(12,200)","0","0","0","","","0","2","0","","0","0","","0","","","","","","","","","","","","",""
"32010037","2","(12,800)","0","0","0","","","0","2","0","","0","0","","0","","","","","","","","","","","","",""
"32010038","2","(12,500)","0","0","0","","","0","2","0","","0","0","","0","","","","","","","","","","","","",""
"32010039","2","(12,1000)","0","0","0","","","0","2","0","","0","0","","0","","","","","","","","","","","","",""
"32010040","2","(12,1500)","0","0","0","","","0","2","0","","0","0","","0","","","","","","","","","","","","",""
"32010041","2","(12,2000)","0","0","0","","","0","2","0","","0","0","","0","","","","","","","","","","","","",""
"32010042","2","(12,3000)","0","0","0","","","0","2","0","","0","0","","0","","","","","","","","","","","","",""
"32010043","2","(13,200)","0","0","0","","","0","2","0","","0","0","","0","","","","","","","","","","","","",""
"32010044","2","(13,500)","0","0","0","","","0","2","0","","0","0","","0","","","","","","","","","","","","",""
"32010045","2","(13,1000)","0","0","0","","","0","2","0","","0","0","","0","","","","","","","","","","","","",""
"32010046","2","(13,2000)","0","0","0","","","0","2","0","","0","0","","0","","","","","","","","","","","","",""
"32010047","2","(13,4000)","0","0","0","","","0","2","0","","0","0","","0","","","","","","","","","","","","",""
"32010048","2","(13,6000)","0","0","0","","","0","2","0","","0","0","","0","","","","","","","","","","","","",""
"32010049","2","(7,50)","0","0","0","","","0","2","0","","0","0","","0","","","","","","","","","","","","",""
"32010050","2","(7,100)","0","0","0","","","0","2","0","","0","0","","0","","","","","","","","","","","","",""
"32010051","2","(7,200)","0","0","0","","","0","2","0","","0","0","","0","","","","","","","","","","","","",""
"32010052","2","(7,500)","0","0","0","","","0","2","0","","0","0","","0","","","","","","","","","","","","",""
"32010053","2","(5,10000)","0","0","0","","","0","2","0","","0","0","","0","","","","","","","","","","","","",""
"32010054","2","(6,10000)","0","0","0","","","0","2","0","","0","0","","0","","","","","","","","","","","","",""
"32010055","2","(6,50000)","0","0","0","","","0","2","0","","0","0","","0","","","","","","","","","","","","",""
"32010056","2","(6,100000)","0","0","0","","","0","2","0","","0","0","","0","","","","","","","","","","","","",""
"32010057","2","(6,200000)","0","0","0","","","0","2","0","","0","0","","0","","","","","","","","","","","","",""
"32010058","2","(7,100)","0","0","0","","","0","2","0","","0","0","","0","","","","","","","","","","","","",""
"32010059","2","(10,100)","0","0","0","","","0","2","0","","0","0","","0","","","","","","","","","","","","",""
"32010060","2","(11,100)","0","0","0","","","0","2","0","","0","0","","0","","","","","","","","","","","","",""
"32010061","2","(12,10000)","0","0","0","","","0","2","0","","0","0","","0","","","","","","","","","","","","",""
"32010062","2","(13,10000)","0","0","0","","","0","2","0","","0","0","","0","","","","","","","","","","","","",""
"32010063","2","(16,100)","0","0","0","","","0","2","0","","0","0","","0","","","","","","","","","","","","",""
"32010064","2","(6,100)","0","0","0","","","0","2","0","","0","0","","0","","","","","","","","","","","","",""
"32010065","2","(6,200)","0","0","0","","","0","2","0","","0","0","","0","","","","","","","","","","","","",""
"32010066","2","(6,300)","0","0","0","","","0","2","0","","0","0","","0","","","","","","","","","","","","",""
"32010067","2","(6,400)","0","0","0","","","0","2","0","","0","0","","0","","","","","","","","","","","","",""
"32010068","2","(6,500)","0","0","0","","","0","2","0","","0","0","","0","","","","","","","","","","","","",""
"32010069","2","(6,600)","0","0","0","","","0","2","0","","0","0","","0","","","","","","","","","","","","",""
"32010070","2","(6,700)","0","0","0","","","0","2","0","","0","0","","0","","","","","","","","","","","","",""
"32010071","2","(6,800)","0","0","0","","","0","2","0","","0","0","","0","","","","","","","","","","","","",""
"32010072","2","(6,1000)","0","0","0","","","0","2","0","","0","0","","0","","","","","","","","","","","","",""
"32010073","2","(6,1200)","0","0","0","","","0","2","0","","0","0","","0","","","","","","","","","","","","",""
"32010074","2","(6,1400)","0","0","0","","","0","2","0","","0","0","","0","","","","","","","","","","","","",""
"32010075","2","(6,1600)","0","0","0","","","0","2","0","","0","0","","0","","","","","","","","","","","","",""
"32010076","2","(6,2000)","0","0","0","","","0","2","0","","0","0","","0","","","","","","","","","","","","",""
"32010077","2","(6,2400)","0","0","0","","","0","2","0","","0","0","","0","","","","","","","","","","","","",""
"32010078","2","(6,2800)","0","0","0","","","0","2","0","","0","0","","0","","","","","","","","","","","","",""
"32010079","2","(6,3200)","0","0","0","","","0","2","0","","0","0","","0","","","","","","","","","","","","",""
"32010080","2","(6,4000)","0","0","0","","","0","2","0","","0","0","","0","","","","","","","","","","","","",""
"32010081","2","(6,4800)","0","0","0","","","0","2","0","","0","0","","0","","","","","","","","","","","","",""
"32010082","2","(6,5600)","0","0","0","","","0","2","0","","0","0","","0","","","","","","","","","","","","",""
"32010083","2","(6,6400)","0","0","0","","","0","2","0","","0","0","","0","","","","","","","","","","","","",""
"32010084","2","(0,5000000)","0","0","0","","","0","2","0","","0","0","","0","","","","","","","","","","","","",""
"32010085","2","(0,10000000)","0","0","0","","","0","2","0","","0","0","","0","","","","","","","","","","","","",""
"32010086","2","(0,15000000)","0","0","0","","","0","2","0","","0","0","","0","","","","","","","","","","","","",""
"32010087","2","(0,20000000)","0","0","0","","","0","2","0","","0","0","","0","","","","","","","","","","","","",""
"32010088","2","(10,200)","0","0","0","","","0","2","0","","0","0","","0","","","","","","","","","","","","",""
"32010089","2","(10,300)","0","0","0","","","0","2","0","","0","0","","0","","","","","","","","","","","","",""
"32010090","2","(1,100)","0","0","0","","","0","2","0","","0","0","","0","","","","","","","","","","","","",""
"32010091","2","(1,200)","0","0","0","","","0","2","0","","0","0","","0","","","","","","","","","","","","",""
"32010092","2","(1,500)","0","0","0","","","0","2","0","","0","0","","0","","","","","","","","","","","","",""
"32010093","2","(1,1000)","0","0","0","","","0","2","0","","0","0","","0","","","","","","","","","","","","",""
"32010094","2","(1,1500)","0","0","0","","","0","2","0","","0","0","","0","","","","","","","","","","","","",""
"32010095","2","(1,2000)","0","0","0","","","0","2","0","","0","0","","0","","","","","","","","","","","","",""
"32010096","2","(1,3000)","0","0","0","","","0","2","0","","0","0","","0","","","","","","","","","","","","",""
"32010097","2","(1,5000)","0","0","0","","","0","2","0","","0","0","","0","","","","","","","","","","","","",""
"32010098","2","(1,10000)","0","0","0","","","0","2","0","","0","0","","0","","","","","","","","","","","","",""
"32010099","2","(1,20000)","0","0","0","","","0","2","0","","0","0","","0","","","","","","","","","","","","",""
"32010100","2","(1,50000)","0","0","0","","","0","2","0","","0","0","","0","","","","","","","","","","","","",""
"32010101","2","(1,100000)","0","0","0","","","0","2","0","","0","0","","0","","","","","","","","","","","","",""
"32010102","2","(5,2000)","0","0","0","","","0","2","0","","0","0","","0","","","","","","","","","","","","",""
"32010103","2","(5,5000)","0","0","0","","","0","2","0","","0","0","","0","","","","","","","","","","","","",""
"32010104","2","(5,10000)","0","0","0","","","0","2","0","","0","0","","0","","","","","","","","","","","","",""
"32010105","2","(5,20000)","0","0","0","","","0","2","0","","0","0","","0","","","","","","","","","","","","",""
"32010106","2","(9,50)","0","0","0","","","0","2","0","","0","0","","0","","","","","","","","","","","","",""
"32010107","2","(9,100)","0","0","0","","","0","2","0","","0","0","","0","","","","","","","","","","","","",""
"32010108","2","(9,150)","0","0","0","","","0","2","0","","0","0","","0","","","","","","","","","","","","",""
"32010109","2","(9,200)","0","0","0","","","0","2","0","","0","0","","0","","","","","","","","","","","","",""
"32010110","2","(9,250)","0","0","0","","","0","2","0","","0","0","","0","","","","","","","","","","","","",""
"32010111","2","(9,300)","0","0","0","","","0","2","0","","0","0","","0","","","","","","","","","","","","",""
"32010112","2","(9,350)","0","0","0","","","0","2","0","","0","0","","0","","","","","","","","","","","","",""
"32010113","2","(9,400)","0","0","0","","","0","2","0","","0","0","","0","","","","","","","","","","","","",""
"32010114","2","(9,450)","0","0","0","","","0","2","0","","0","0","","0","","","","","","","","","","","","",""
"32010115","2","(9,500)","0","0","0","","","0","2","0","","0","0","","0","","","","","","","","","","","","",""
"32010116","2","(4,350)","0","0","0","","","0","2","0","","0","0","","0","","","","","","","","","","","","",""
"32010117","2","(4,400)","0","0","0","","","0","2","0","","0","0","","0","","","","","","","","","","","","",""
"32010118","2","(4,450)","0","0","0","","","0","2","0","","0","0","","0","","","","","","","","","","","","",""
"32010119","2","(4,1000)","0","0","0","","","0","2","0","","0","0","","0","","","","","","","","","","","","",""
"32010120","2","(2,85000)","0","0","0","","","0","2","0","","0","0","","0","","","","","","","","","","","","",""
"32010121","2","(2,30000)","0","0","0","","","0","2","0","","0","0","","0","","","","","","","","","","","","",""
"32010122","2","(2,688888)","0","0","0","","","0","2","0","","0","0","","0","","","","","","","","","","","","",""
"32010123","2","(2,4000)","0","0","0","","","0","2","0","","0","0","","0","","","","","","","","","","","","",""
"32010124","2","(2,6000)","0","0","0","","","0","2","0","","0","0","","0","","","","","","","","","","","","",""
"32010125","2","(6,3000)","0","0","0","","","0","2","0","","0","0","","0","","","","","","","","","","","","",""
"32010126","2","(4,30)","0","0","0","","","0","2","0","","0","0","","0","","","","","","","","","","","","",""
"32010127","2","(4,15)","0","0","0","","","0","2","0","","0","0","","0","","","","","","","","","","","","",""
"32010128","2","(4,25)","0","0","0","","","0","2","0","","0","0","","0","","","","","","","","","","","","",""
"32010129","2","(10,40)","0","0","0","","","0","2","0","","0","0","","0","","","","","","","","","","","","",""
"32010130","2","(2,75000)","0","0","0","","","0","2","0","","0","0","","0","","","","","","","","","","","","",""
"32010131","2","(8,5)","0","0","0","","","0","2","0","","0","0","","0","","","","","","","","","","","","",""
"32010132","2","(8,10)","0","0","0","","","0","2","0","","0","0","","0","","","","","","","","","","","","",""
"32010133","2","(8,20)","0","0","0","","","0","2","0","","0","0","","0","","","","","","","","","","","","",""
"32010134","2","(8,30)","0","0","0","","","0","2","0","","0","0","","0","","","","","","","","","","","","",""
"32010135","2","(8,40)","0","0","0","","","0","2","0","","0","0","","0","","","","","","","","","","","","",""
"32010136","2","(8,50)","0","0","0","","","0","2","0","","0","0","","0","","","","","","","","","","","","",""
"32010137","2","(8,80)","0","0","0","","","0","2","0","","0","0","","0","","","","","","","","","","","","",""
"32010138","2","(8,100)","0","0","0","","","0","2","0","","0","0","","0","","","","","","","","","","","","",""
"32010139","2","(15,100)","0","0","0","","","0","2","0","","0","0","","0","","","","","","","","","","","","",""
"32010140","2","(18,10)","0","0","0","","","0","2","0","","0","0","","0","","","","","","","","","","","","",""
"32010141","2","(18,5)","0","0","0","","","0","2","0","","0","0","","0","","","","","","","","","","","","",""
"32010142","2","(18,20)","0","0","0","","","0","2","0","","0","0","","0","","","","","","","","","","","","",""
"32010143","2","(18,30)","0","0","0","","","0","2","0","","0","0","","0","","","","","","","","","","","","",""
"32010144","2","(8,60)","0","0","0","","","0","2","0","","0","0","","0","","","","","","","","","","","","",""
"32010145","2","(8,70)","0","0","0","","","0","2","0","","0","0","","0","","","","","","","","","","","","",""
"32010146","2","(8,90)","0","0","0","","","0","2","0","","0","0","","0","","","","","","","","","","","","",""
"32010147","2","(2,11000)","0","0","0","","","0","2","0","","0","0","","0","","","","","","","","","","","","",""
"32010148","2","(2,12000)","0","0","0","","","0","2","0","","0","0","","0","","","","","","","","","","","","",""
"32010149","2","(2,13000)","0","0","0","","","0","2","0","","0","0","","0","","","","","","","","","","","","",""
"32010150","2","(2,14000)","0","0","0","","","0","2","0","","0","0","","0","","","","","","","","","","","","",""
"32010151","2","(2,16000)","0","0","0","","","0","2","0","","0","0","","0","","","","","","","","","","","","",""
"32010152","2","(2,17000)","0","0","0","","","0","2","0","","0","0","","0","","","","","","","","","","","","",""
"32010153","2","(2,18000)","0","0","0","","","0","2","0","","0","0","","0","","","","","","","","","","","","",""
"32010154","2","(2,19000)","0","0","0","","","0","2","0","","0","0","","0","","","","","","","","","","","","",""
"32010155","2","(2,21000)","0","0","0","","","0","2","0","","0","0","","0","","","","","","","","","","","","",""
"32010156","2","(2,22000)","0","0","0","","","0","2","0","","0","0","","0","","","","","","","","","","","","",""
"32010157","2","(2,23000)","0","0","0","","","0","2","0","","0","0","","0","","","","","","","","","","","","",""
"32010158","2","(2,24000)","0","0","0","","","0","2","0","","0","0","","0","","","","","","","","","","","","",""
"32010159","2","(2,25000)","0","0","0","","","0","2","0","","0","0","","0","","","","","","","","","","","","",""
"32010160","2","(2,26000)","0","0","0","","","0","2","0","","0","0","","0","","","","","","","","","","","","",""
"32010161","2","(2,27000)","0","0","0","","","0","2","0","","0","0","","0","","","","","","","","","","","","",""
"32010162","2","(2,28000)","0","0","0","","","0","2","0","","0","0","","0","","","","","","","","","","","","",""
"32010163","2","(2,29000)","0","0","0","","","0","2","0","","0","0","","0","","","","","","","","","","","","",""
"32010164","2","(2,31000)","0","0","0","","","0","2","0","","0","0","","0","","","","","","","","","","","","",""
"32010165","2","(2,32000)","0","0","0","","","0","2","0","","0","0","","0","","","","","","","","","","","","",""
"32010166","2","(2,33000)","0","0","0","","","0","2","0","","0","0","","0","","","","","","","","","","","","",""
"32010167","2","(2,34000)","0","0","0","","","0","2","0","","0","0","","0","","","","","","","","","","","","",""
"32010168","2","(15,50)","0","0","0","","","0","2","0","","0","0","","0","","","","","","","","","","","","",""
"32010169","2","(3,1)","0","0","0","","","0","2","0","","0","0","","0","1","","","","","","","","","","","",""
"32010170","2","(4,5)","0","0","0","","","0","2","0","","0","0","","0","","","","","","","","","","","","",""
"32010171","2","(25,100)","0","0","0","","","0","2","0","","0","0","","0","","","","","","","","","","","","",""
"32010172","2","(3,1)","0","0","0","","","0","2","0","","0","0","","0","","","","","","","","","","","","",""
"32010173","2","(4,1)","0","0","0","","","0","2","0","","0","0","","0","","","","","","","","","","","","",""
"32010174","2","(25,1)","0","0","0","","","0","2","0","","0","0","","0","","","","","","","","","","","","",""
"32010175","2","(24,1000)","0","0","0","","","0","2","0","","0","0","","0","","","","","","","","","","","","",""
"32010176","2","0","0","0","0","","","0","2","0","","0","0","","0","1","","","","","","","","","","","",""
"32010177","2","(27,1)","0","0","0","","","0","2","0","","0","0","","0","","","","","","","","","","","","",""
"32010178","2","(8,100)","0","0","0","","","0","2","0","","0","0","","0","","","","","","","","","","","","",""
"32010179","2","(6,20000)","0","0","0","","","0","2","0","","0","0","","0","","","","","","","","","","","","",""
"32010180","2","(18,1)","0","0","0","","","0","2","0","","0","0","","0","","","","","","","","","","","","",""
"32010181","2","(29,1)","0","0","0","","","0","2","0","","0","0","","0","","","","","","","","","","","","",""
"32011001","2","(25,100)","0","0","0","","","0","2","0","","0","0","","0","","","","","","","","","","","","",""
"32011002","2","(25,200)","0","0","0","","","0","2","0","","0","0","","0","","","","","","","","","","","","",""
"32011003","2","(25,300)","0","0","0","","","0","2","0","","0","0","","0","","","","","","","","","","","","",""
"32011004","2","(25,400)","0","0","0","","","0","2","0","","0","0","","0","","","","","","","","","","","","",""
"32011005","2","(25,500)","0","0","0","","","0","2","0","","0","0","","0","","","","","","","","","","","","",""
"32011006","2","(25,600)","0","0","0","","","0","2","0","","0","0","","0","","","","","","","","","","","","",""
"32011007","2","(25,700)","0","0","0","","","0","2","0","","0","0","","0","","","","","","","","","","","","",""
"32011008","2","(25,800)","0","0","0","","","0","2","0","","0","0","","0","","","","","","","","","","","","",""
"32011009","2","(25,900)","0","0","0","","","0","2","0","","0","0","","0","","","","","","","","","","","","",""
"32011010","2","(25,1000)","0","0","0","","","0","2","0","","0","0","","0","","","","","","","","","","","","",""
"32012001","2","(2,2000)","0","0","0","","","0","2","0","","0","0","","0","","","","","","","","","","","","",""
"32012002","2","(2,3000)","0","0","0","","","0","2","0","","0","0","","0","","","","","","","","","","","","",""
"32012003","2","(2,4000)","0","0","0","","","0","2","0","","0","0","","0","","","","","","","","","","","","",""
"32012004","2","(2,5000)","0","0","0","","","0","2","0","","0","0","","0","","","","","","","","","","","","",""
"32012005","2","(2,6000)","0","0","0","","","0","2","0","","0","0","","0","","","","","","","","","","","","",""
"32012006","2","(2,7000)","0","0","0","","","0","2","0","","0","0","","0","","","","","","","","","","","","",""
"32012007","2","(2,8000)","0","0","0","","","0","2","0","","0","0","","0","","","","","","","","","","","","",""
"32012008","2","(2,9000)","0","0","0","","","0","2","0","","0","0","","0","","","","","","","","","","","","",""
"32012009","2","(2,10000)","0","0","0","","","0","2","0","","0","0","","0","","","","","","","","","","","","",""
"32012010","2","(2,11000)","0","0","0","","","0","2","0","","0","0","","0","","","","","","","","","","","","",""
"32020001","3","0","0","0","0","(-1,90090026,92220014,-1,-1)","","0","2","0","","0","0","","0","","","","","","","","","","","","",""
"32020002","3","0","0","0","0","(-1,90090026,92230004,1,-1)","","0","2","0","","0","0","","0","","","","","","","","","","","","",""
"32020003","3","0","0","0","0","(-1,90090026,92220016,-1,-1)","","0","2","0","","0","0","","0","","","","","","","","","","","","",""
"32020004","3","0","0","0","0","(-1,90090026,92220016,-1,-1)","","0","2","0","","0","0","","0","","","","","","","","","","","","",""
"32020005","3","0","0","0","0","(-1,90090026,92220016,-1,-1)","","0","2","0","","0","(5,10)","(1,0)","0","","","","","","","","","","","","",""
"32020006","3","0","0","0","0","","","0","2","0","","0","0","","0","","","","","","","","","","","","",""
"32020007","3","0","0","0","0","(-1,90090226,92230004,1,-1)","","0","2","0","","0","0","","0","","","","","","","","","","","","",""
"32020008","3","0","0","0","0","(-1,90090026,92220002,-1,-1)","","0","2","0","","0","0","","0","","","","","","","","","","","","",""
"32020009","3","0","0","0","0","","","0","2","0","","0","0","","0","","","","","","","","","","","","",""
"32020010","3","0","0","0","0","","","0","2","0","","0","0","","0","","","","","","","","","","","","",""
"32020011","3","0","0","0","0","","","0","2","0","","0","0","","0","","","","","","","","","","","","",""
"32020012","3","0","0","0","0","","","0","2","0","","0","0","","0","","","","","","","","","","","","",""
"32020013","3","0","0","0","0","","","0","2","0","","0","0","","0","","","","","","","","","","","","",""
"32020014","3","0","0","0","0","","","0","2","0","","0","0","","0","","","","","","","","","","","","",""
"32020015","3","0","0","0","0","","","0","2","0","","0","0","","0","","","","","","","","","","","","",""
"32020016","3","0","0","0","0","","","0","2","0","","0","0","","0","","","","","","","","","","","","",""
"32020017","3","0","0","0","0","","","0","2","0","","0","0","","0","","","","","","","","","","","","",""
"32020018","3","0","0","0","0","","","0","2","0","","0","0","","0","","","","","","","","","","","","",""
"32020019","3","0","0","0","0","(-1,90090226,92230004,3,-1)","","0","2","0","","0","0","","0","","","","","","","","","","","","",""
"32020020","3","0","0","0","0","(-1,90090226,92230004,3,-1)","","0","2","0","","0","0","","0","","","","","","","","","","","","",""
"32020021","3","0","0","0","0","(-1,90090226,92230004,3,-1)","","0","2","0","","0","0","","0","","","","","","","","","","","","",""
"32020022","3","0","0","0","0","(-1,90090226,92230004,3,-1)","","0","2","0","","0","0","","0","","","","","","","","","","","","",""
"32020023","3","0","0","0","0","(-1,90090226,92230004,3,-1)","","0","2","0","","0","0","","0","","","","","","","","","","","","",""
"32020024","3","0","0","0","0","(-1,90090226,92230004,3,-1)","","0","2","0","","0","0","","0","","","","","","","","","","","","",""
"32020025","3","0","0","0","0","(-1,90090226,92230004,3,-1)","","0","2","0","","0","0","","0","","","","","","","","","","","","",""
"32020026","3","0","0","0","0","(-1,90090226,92230004,3,-1)","","0","2","0","","0","0","","0","","","","","","","","","","","","",""
"32020027","3","0","0","0","0","(-1,90090226,92230004,3,-1)","","0","2","0","","0","0","","0","","","","","","","","","","","","",""
"32020028","3","0","0","0","0","","","0","2","0","","0","0","","0","","","","","","","","","","","","",""
"32020029","3","0","0","0","0","(-1,90090226,92230004,3,-1)","","0","2","0","","0","0","","0","","","","","","","","","","","","",""
"32020051","3","0","0","0","0","(-1,-1,92230004,7,-1)","","0","2","0","","0","0","","0","","","","","","","","","","","","",""
"32020052","3","0","0","0","0","(-1,-1,92230004,7,-1)","","0","2","0","","0","0","","0","","","","","","","","","","","","",""
"32020053","3","0","0","0","0","(-1,-1,92230004,7,-1)","","0","2","0","","0","0","","0","","","","","","","","","","","","",""
"32020054","3","0","0","0","0","(-1,-1,92230005,8,-1)","","0","2","0","","0","0","","0","","","","","","","","","","","","",""
"32020055","3","0","0","0","0","(-1,-1,92230005,8,-1)","","0","2","0","","0","0","","0","","","","","","","","","","","","",""
"32020056","3","0","0","0","0","(-1,-1,92230005,8,-1)","","0","2","0","","0","0","","0","","","","","","","","","","","","",""
"32020057","3","0","0","0","0","(-1,90090226,92230004,4,-1)","","0","2","0","","0","0","","0","","","","","","","","","","","","",""
"32020058","3","0","0","0","0","(-1,-1,92230005,8,-1)","","0","2","0","","0","0","","0","","","","","","","","","","","","",""
"32020059","3","0","0","0","0","(-1,-1,92230005,8,-1)","","0","2","0","","0","0","","0","","","","","","","","","","","","",""
"32020060","3","0","0","0","0","(-1,-1,92230005,8,-1)","","0","2","0","","0","0","","0","","","","","","","","","","","","",""
"32020061","3","0","0","0","0","(-1,-1,92230004,8,-1)","","0","2","0","","0","0","","0","","","","","","","","","","","","",""
"32020062","3","0","0","0","0","(-1,-1,92230004,8,-1)","","0","2","0","","0","0","","0","","","","","","","","","","","","",""
"32020063","3","0","0","0","0","(-1,-1,92230004,8,-1)","","0","2","0","","0","0","","0","","","","","","","","","","","","",""
"32020064","3","0","0","0","0","(-1,-1,92230004,8,-1)","","0","2","0","","0","0","","0","","","","","","","","","","","","",""
"32020065","3","0","0","0","0","(-1,-1,92230004,8,-1)","","0","2","0","","0","0","","0","","","","","","","","","","","","",""
"32020066","3","0","0","0","0","(-1,-1,92230004,8,-1)","","0","2","0","","0","0","","0","","","","","","","","","","","","",""
"32020067","3","0","0","0","0","(-1,-1,92230004,8,-1)","","0","2","0","","0","0","","0","","","","","","","","","","","","",""
"32020068","3","0","0","0","0","(-1,-1,92230004,8,-1)","","0","2","0","","0","0","","0","","","","","","","","","","","","",""
"32020069","3","0","0","0","0","(-1,-1,92230004,8,-1)","","0","2","0","","0","0","","0","","","","","","","","","","","","",""
"32020070","3","0","0","0","0","(-1,-1,92230004,8,-1)","","0","2","0","","0","0","","0","","","","","","","","","","","","",""
"32020071","3","0","0","0","0","(-1,-1,92220028,-1,-1)","","0","2","0","","0","0","","0","","","","","","","","","","","","",""
"32020072","3","0","0","0","0","(-1,-1,92230004,14,-1)","","0","2","0","","0","0","","0","","","","","","","","","","","","",""
"32020073","3","0","0","0","0","(-1,-1,92230004,17,-1)","","0","2","0","","0","0","","0","","","","","","","","","","","","",""
"32020074","3","0","0","0","0","(-1,-1,92230005,8,-1)","","0","2","0","","0","0","","0","","","","","","","","","","","","",""
"32020075","3","0","0","0","0","(-1,-1,92230005,8,-1)","","0","2","0","","0","0","","0","","","","","","","","","","","","",""
"32020076","3","0","0","0","0","(-1,-1,92230005,8,-1)","","0","2","0","","0","0","","0","","","","","","","","","","","","",""
"32020077","3","0","0","0","0","(-1,-1,92230005,9,-1)","","0","2","0","","0","0","","0","","","","","","","","","","","","",""
"32020078","3","0","0","0","0","(-1,-1,92230005,8,-1)","","0","2","0","","0","0","","0","","","","","","","","","","","","",""
"32020079","3","0","0","0","0","(-1,-1,92220028,-1,-1)","","0","2","0","","0","0","","0","","","","","","","","","","","","",""
"32025241","1","0","70980066","0","0","0","","0","2","0","","0","0","","0","0","","","","","","","","","","","",""
"32025242","1","0","70980073","0","0","0","","0","2","0","","0","0","","0","0","","","","","","","","","","","",""
"32025243","1","0","70980074","0","0","0","","0","2","0","","0","0","","0","0","","","","","","","","","","","",""
"32025301","3","0","0","0","0","(-1,90096721,92230004,13,-1)","","0","2","0","","0","0","","0","","","","","","","","","","","","",""
"32025302","3","0","0","0","0","(-1,90096721,92230004,13,-1)","","0","2","0","","0","0","","0","","","","","","","","","","","","",""
"32025303","3","0","0","0","0","(-1,90096721,92230004,13,-1)","","0","2","0","","0","0","","0","","","","","","","","","","","","",""
"32025304","3","0","0","0","0","(-1,90096721,92230004,13,-1)","","0","2","0","","0","0","","0","","","","","","","","","","","","",""
"32025305","3","0","0","0","0","(-1,90096721,92230004,13,-1)","","0","2","0","","0","0","","0","","","","","","","","","","","","",""
"32025306","3","0","0","0","0","(-1,90096721,92230004,13,-1)","","0","2","0","","0","0","","0","","","","","","","","","","","","",""
"32025307","3","0","0","0","0","(-1,90096721,92230004,13,-1)","","0","2","0","","0","0","","0","","","","","","","","","","","","",""
"32025308","3","0","0","0","0","(-1,90096721,92230004,13,-1)","","0","2","0","","0","0","","0","","","","","","","","","","","","",""
"32025309","3","0","0","0","0","(-1,90096721,92230004,13,-1)","","0","2","0","","0","0","","0","","","","","","","","","","","","",""
"32025310","3","0","0","0","0","(-1,90096721,92230004,13,-1)","","0","2","0","","0","0","","0","","","","","","","","","","","","",""
"32025311","3","0","0","0","0","(-1,90096721,92230004,13,-1)","","0","2","0","","0","0","","0","","","","","","","","","","","","",""
"32025312","3","0","0","0","0","(-1,90096721,92230004,13,-1)","","0","2","0","","0","0","","0","","","","","","","","","","","","",""
"32025313","3","0","0","0","0","(-1,90096721,92230004,13,-1)","","0","2","0","","0","0","","0","","","","","","","","","","","","",""
"32025314","3","0","0","0","0","(-1,90096721,92230004,13,-1)","","0","2","0","","0","0","","0","","","","","","","","","","","","",""
"32025315","3","0","0","0","0","(-1,90096721,92230004,13,-1)","","0","2","0","","0","0","","0","","","","","","","","","","","","",""
"32025316","3","0","0","0","0","(-1,90096721,92230004,13,-1)","","0","2","0","","0","0","","0","","","","","","","","","","","","",""
"32025317","3","0","0","0","0","(-1,90096721,92230004,13,-1)","","0","2","0","","0","0","","0","","","","","","","","","","","","",""
"32025318","3","0","0","0","0","(-1,90096721,92230004,13,-1)","","0","2","0","","0","0","","0","","","","","","","","","","","","",""
"32025319","3","0","0","0","0","(-1,90096721,92230004,13,-1)","","0","2","0","","0","0","","0","","","","","","","","","","","","",""
"32025320","3","0","0","0","0","(-1,90096721,92230004,13,-1)","","0","2","0","","0","0","","0","","","","","","","","","","","","",""
"32025321","3","0","0","0","0","(-1,90096721,92230004,13,-1)","","0","2","0","","0","0","","0","","","","","","","","","","","","",""
"32025322","3","0","0","0","0","(-1,90096721,92230004,13,-1)","","0","2","0","","0","0","","0","","","","","","","","","","","","",""
"32025323","3","0","0","0","0","(-1,90096721,92230004,13,-1)","","0","2","0","","0","0","","0","","","","","","","","","","","","",""
"32025324","3","0","0","0","0","(-1,90096721,92230004,13,-1)","","0","2","0","","0","0","","0","","","","","","","","","","","","",""
"32025325","3","0","0","0","0","(-1,-1,92810038,-1,-1)","","0","2","0","","0","0","","0","","","","","","","","","","","","",""
"32025326","3","0","0","0","0","(-1,-1,92810038,-1,-1)","","0","2","0","","0","0","","0","","","","","","","","","","","","",""
"32025327","3","0","0","0","0","(-1,-1,92810038,-1,-1)","","0","2","0","","0","0","","0","","","","","","","","","","","","",""
"32025328","3","0","0","0","0","(-1,-1,92190001,-1,-1)","","0","2","0","","0","0","","0","","","","","","","","","","","","",""
"32025329","3","0","0","0","0","(-1,-1,92190001,-1,-1)","","0","2","0","","0","0","","0","","","","","","","","","","","","",""
"32025330","3","0","0","0","0","(-1,-1,92190001,-1,-1)","","0","2","0","","0","0","","0","","","","","","","","","","","","",""
"32025331","3","0","0","0","0","(-1,-1,92190001,-1,-1)","","0","2","0","","0","0","","0","","","","","","","","","","","","",""
"32025332","3","0","0","0","0","(-1,-1,92810050,-1,-1)","","0","2","0","","0","0","","0","","","","","","","","","","","","",""
"32025333","3","0","0","0","0","(-1,-1,92810036,-1,-1)","","0","2","0","","0","0","","0","","","","","","","","","","","","",""
"32025334","2","0","70003000","0","0","","","0","2","0","","0","0","","0","","","","","","","","","","","","",""
"32025335","2","0","70003001","0","0","","","0","2","0","","0","0","","0","","","","","","","","","","","","",""
"32025336","2","0","70003002","0","0","","","0","2","0","","0","0","","0","","","","","","","","","","","","",""
"32025337","2","0","70003006","0","0","","","0","2","0","","0","0","","0","","","","","","","","","","","","",""
"32025338","2","0","70003008","0","0","","","0","2","0","","0","0","","0","","","","","","","","","","","","",""
"32030001","3","0","0","0","0","(-1,-1,92230004,9,-1)","","0","2","0","","0","0","","0","","","","","","","","","","","","",""
"32040082","3","0","0","0","0","(-1,90090498,92150005,9,-1)","","0","2","0","","0","0","","0","","","","","","","","","","","","",""
"32040083","1","0","70080002","0","0","(-1,90090498,92150005,-1,-1)","","0","2","0","","0","0","","0","","","","","","","","","","","","",""
"32040084","1","0","70080003","0","0","(-1,90090498,92150005,-1,-1)","","0","2","0","","0","0","","0","","","","","","","","","","","","",""
"32040085","1","0","70080004","0","0","(-1,90090498,92150005,-1,-1)","","0","2","0","","0","0","","0","","","","","","","","","","","","",""
"32040086","1","0","70080005","0","0","(-1,90090498,92150005,-1,-1)","","0","2","0","","0","0","","0","","","","","","","","","","","","",""
"32040087","1","0","70080006","0","0","(-1,90090498,92150005,-1,-1)","","0","2","0","","0","0","","0","","","","","","","","","","","","",""
"32040088","3","0","0","0","0","(-1,90090498,92150005,5,-1)","","0","2","0","","0","0","","0","","","","","","","","","","","","",""
"32040089","1","0","70080008","0","0","(-1,90090498,92150005,-1,-1)","","0","2","0","","0","0","","0","","","","","","","","","","","","",""
"32040090","1","0","70080009","0","0","(-1,90090498,92150005,-1,-1)","","0","2","0","","0","0","","0","","","","","","","","","","","","",""
"32040091","1","0","70080010","0","0","(-1,90090498,92150005,-1,-1)","","0","2","0","","0","0","","0","","","","","","","","","","","","",""
"32040092","1","0","70080011","0","0","(-1,90090498,92150005,-1,-1)","","0","2","0","","0","0","","0","","","","","","","","","","","","",""
"32040093","1","0","70080012","0","0","(-1,90090498,92150005,-1,-1)","","0","2","0","","0","0","","0","","","","","","","","","","","","",""
"32040094","1","0","70080013","0","0","(-1,90090498,92150005,-1,-1)","","0","2","0","","0","0","","0","","","","","","","","","","","","",""
"32040095","1","0","70080014","0","0","(-1,90090498,92150005,-1,-1)","","0","2","0","","0","0","","0","","","","","","","","","","","","",""
"32040096","1","0","70080015","0","0","(-1,90090498,92150005,-1,-1)","","0","2","0","","0","0","","0","","","","","","","","","","","","",""
"32040097","1","0","70080016","0","0","(-1,90090498,92150005,-1,-1)","","0","2","0","","0","0","","0","","","","","","","","","","","","",""
"32040098","1","0","70080017","0","0","(-1,90090498,92150005,-1,-1)","","0","2","0","","0","0","","0","","","","","","","","","","","","",""
"32040099","3","0","0","0","0","(-1,90090498,92150005,14,-1)","","0","2","0","","0","0","","0","","","","","","","","","","","","",""
"32040100","1","0","70080019","0","0","(-1,90090498,92150005,-1,-1)","","0","2","0","","0","0","","0","","","","","","","","","","","","",""
"32040101","1","0","70080020","0","0","(-1,90090498,92150005,-1,-1)","","0","2","0","","0","0","","0","","","","","","","","","","","","",""
"32040102","1","0","70080021","0","0","(-1,90090498,92150005,-1,-1)","","0","2","0","","0","0","","0","","","","","","","","","","","","",""
"32040103","1","0","70080022","0","0","(-1,90090498,92150005,-1,-1)","","0","2","0","","0","0","","0","","","","","","","","","","","","",""
"32040104","1","0","70080023","0","0","(-1,90090498,92150005,-1,-1)","","0","2","0","","0","0","","0","","","","","","","","","","","","",""
"32040105","3","0","0","0","0","(-1,90090498,92150005,12,-1)","","0","2","0","","0","0","","0","","","","","","","","","","","","",""
"32040106","1","0","70080025","0","0","(-1,90090498,92150005,-1,-1)","","0","2","0","","0","0","","0","","","","","","","","","","","","",""
"32040107","1","0","70080026","0","0","(-1,90090498,92150005,-1,-1)","","0","2","0","","0","0","","0","","","","","","","","","","","","",""
"32040108","1","0","70080027","0","0","(-1,90090498,92150005,-1,-1)","","0","2","0","","0","0","","0","","","","","","","","","","","","",""
"32040109","1","0","70080028","0","0","(-1,90090498,92150005,-1,-1)","","0","2","0","","0","0","","0","","","","","","","","","","","","",""
"32040110","1","0","70080029","0","0","(-1,90090498,92150005,-1,-1)","","0","2","0","","0","0","","0","","","","","","","","","","","","",""
"32040111","3","0","0","0","0","(-1,90090498,92150005,11,-1)","","0","2","0","","0","0","","0","","","","","","","","","","","","",""
"32040112","3","0","0","0","0","(-1,90090498,92150005,13,-1)","","0","2","0","","0","0","","0","","","","","","","","","","","","",""
"32040113","3","0","0","0","0","(-1,90090498,92150005,16,-1)","","0","2","0","","0","0","","0","","","","","","","","","","","","",""
"32040114","3","0","0","0","0","(-1,90090498,92150005,10,-1)","","0","2","0","","0","0","","0","","","","","","","","","","","","",""
"32040115","3","0","0","0","0","(-1,90090498,92150005,18,-1)","","0","2","0","","0","0","","0","","","","","","","","","","","","",""
"32040116","3","0","0","0","0","(-1,90090498,92150005,19,-1)","","0","2","0","","0","0","","0","","","","","","","","","","","","",""
"32040117","3","0","0","0","0","(-1,90090498,92150005,25,-1)","","0","2","0","","0","0","","0","","","","","","","","","","","","",""
"32040118","3","0","0","0","0","(-1,90090498,92150005,17,-1)","","0","2","0","","0","0","","0","","","","","","","","","","","","",""
"32040119","3","0","0","0","0","(-1,90090498,92150005,20,-1)","","0","2","0","","0","0","","0","","","","","","","","","","","","",""
"32040120","3","0","0","0","0","(-1,90090498,92150005,26,-1)","","0","2","0","","0","0","","0","","","","","","","","","","","","",""
"32040121","3","0","0","0","0","(-1,90090498,92150005,22,-1)","","0","2","0","","0","0","","0","","","","","","","","","","","","",""
"32040122","3","0","0","0","0","(-1,90090498,92150005,21,-1)","","0","2","0","","0","0","","0","","","","","","","","","","","","",""
"32040123","3","0","0","0","0","(-1,90090498,92150005,23,-1)","","0","2","0","","0","0","","0","","","","","","","","","","","","",""
"32040124","3","0","0","0","0","(-1,90090498,92150005,24,-1)","","0","2","0","","0","0","","0","","","","","","","","","","","","",""
"32040125","3","0","0","0","0","(-1,90090498,92150005,15,-1)","","0","2","0","","0","0","","0","","","","","","","","","","","","",""
"32051001","3","0","0","0","0","(-1,-1,92230004,6,-1)","","0","2","0","","0","0","","0","","","","","","","","","","","","",""
"32051002","3","0","0","0","0","(-1,-1,92230004,6,-1)","","0","2","0","","0","0","","0","","","","","","","","","","","","",""
"32051003","3","0","0","0","0","(-1,-1,92230004,6,-1)","","0","2","0","","0","0","","0","","","","","","","","","","","","",""
"32051004","3","0","0","0","0","(-1,-1,92230004,6,-1)","","0","2","0","","0","0","","0","","","","","","","","","","","","",""
"32051005","3","0","0","0","0","(-1,-1,92230004,6,-1)","","0","2","0","","0","0","","0","","","","","","","","","","","","",""
"32051006","3","0","0","0","0","(-1,-1,92230004,6,-1)","","0","2","0","","0","0","","0","","","","","","","","","","","","",""
"32051007","3","0","0","0","0","(-1,-1,92230004,6,-1)","","0","2","0","","0","0","","0","","","","","","","","","","","","",""
"32051008","3","0","0","0","0","(-1,-1,92230004,6,-1)","","0","2","0","","0","0","","0","","","","","","","","","","","","",""
"32051009","3","0","0","0","0","(-1,-1,92230004,6,-1)","","0","2","0","","0","0","","0","","","","","","","","","","","","",""
"32051010","3","0","0","0","0","(-1,-1,92230004,6,-1)","","0","2","0","","0","0","","0","","","","","","","","","","","","",""
"32051011","3","0","0","0","0","(-1,-1,92230004,6,-1)","","0","2","0","","0","0","","0","","","","","","","","","","","","",""
"32051012","3","0","0","0","0","(-1,-1,92230004,6,-1)","","0","2","0","","0","0","","0","","","","","","","","","","","","",""
"32051013","3","0","0","0","0","(-1,-1,92230004,6,-1)","","0","2","0","","0","0","","0","","","","","","","","","","","","",""
"32051014","3","0","0","0","0","(-1,-1,92230004,6,-1)","","0","2","0","","0","0","","0","","","","","","","","","","","","",""
"32051015","3","0","0","0","0","(-1,-1,92230004,6,-1)","","0","2","0","","0","0","","0","","","","","","","","","","","","",""
"32051016","3","0","0","0","0","(-1,-1,92230004,6,-1)","","0","2","0","","0","0","","0","","","","","","","","","","","","",""
"32051017","3","0","0","0","0","(-1,-1,92230004,6,-1)","","0","2","0","","0","0","","0","","","","","","","","","","","","",""
"32051018","3","0","0","0","0","(-1,-1,92230004,6,-1)","","0","2","0","","0","0","","0","","","","","","","","","","","","",""
"32051019","3","0","0","0","0","(-1,-1,92230004,6,-1)","","0","2","0","","0","0","","0","","","","","","","","","","","","",""
"32051020","3","0","0","0","0","(-1,-1,92230004,6,-1)","","0","2","0","","0","0","","0","","","","","","","","","","","","",""
"32051021","3","0","0","0","0","(-1,-1,92230004,6,-1)","","0","2","0","","0","0","","0","","","","","","","","","","","","",""
"32051022","3","0","0","0","0","(-1,-1,92230004,6,-1)","","0","2","0","","0","0","","0","","","","","","","","","","","","",""
"32059001","3","0","0","0","0","(-1,-1,92180011,-1,-1)","","0","2","0","","0","0","","0","","","","","","","","","","","","",""
"32060001","2","0","70030498","0","0","","","0","2","0","","0","0","","0","","","","","","","","","","","","",""
"32060002","2","0","70030499","0","0","","","0","2","0","","0","0","","0","","","","","","","","","","","","",""
"32080001","0","0","0","0","0","","","0","2","0","","0","0","","0","","","","","","","","","","","","",""
"32080002","0","0","0","0","0","","","0","2","0","","0","0","","0","","","","","","","","","","","","",""
"32080003","0","0","0","0","0","","","0","2","0","","0","0","","0","","","","","","","","","","","","",""
"32080004","0","0","0","0","0","","","0","2","0","","0","0","","0","","","","","","","","","","","","",""
"32080005","0","0","0","0","0","","","0","2","0","","0","0","","0","","","","","","","","","","","","",""
"32080006","0","0","0","0","0","","","0","2","0","","0","0","","0","","","","","","","","","","","","",""
"32080007","0","0","0","0","0","","","0","2","0","","0","0","","0","","","","","","","","","","","","",""
"32080008","0","0","0","0","0","","","0","2","0","","0","0","","0","","","","","","","","","","","","",""
"32080009","0","0","0","0","0","","","0","2","0","","0","0","","0","","","","","","","","","","","","",""
"32080010","0","0","0","0","0","","","0","2","0","","0","0","","0","","","","","","","","","","","","",""
"32080011","0","0","0","0","0","","","0","2","0","","0","0","","0","","","","","","","","","","","","",""
"32080012","0","0","0","0","0","","","0","2","0","","0","0","","0","","","","","","","","","","","","",""
"32080013","0","0","0","0","0","","","0","2","0","","0","0","","0","","","","","","","","","","","","",""
"32080014","0","0","0","0","0","","","0","2","0","","0","0","","0","","","","","","","","","","","","",""
"32080015","0","0","0","0","0","","","0","2","0","","0","0","","0","","","","","","","","","","","","",""
"32080016","0","0","0","0","0","","","0","2","0","","0","0","","0","","","","","","","","","","","","",""
"32080017","0","0","0","0","0","","","0","2","0","","0","0","","0","","","","","","","","","","","","",""
"32080018","0","0","0","0","0","","","0","2","0","","0","0","","0","","","","","","","","","","","","",""
"32080019","0","0","0","0","0","","","0","2","0","","0","0","","0","","","","","","","","","","","","",""
"32080020","0","0","0","0","0","","","0","2","0","","0","0","","0","","","","","","","","","","","","",""
"32080021","0","0","0","0","0","","","0","2","0","","0","0","","0","","","","","","","","","","","","",""
"32080022","0","0","0","0","0","","","0","2","0","","0","0","","0","","","","","","","","","","","","",""
"32080023","0","0","0","0","0","","","0","2","0","","0","0","","0","","","","","","","","","","","","",""
"32080024","0","0","0","0","0","","","0","2","0","","0","0","","0","","","","","","","","","","","","",""
"32080025","0","0","0","0","0","","","0","2","0","","0","0","","0","","","","","","","","","","","","",""
"32080026","0","0","0","0","0","","","0","2","0","","0","0","","0","","","","","","","","","","","","",""
"32080027","0","0","0","0","0","","","0","2","0","","0","0","","0","","","","","","","","","","","","",""
"32080028","0","0","0","0","0","","","0","2","0","","0","0","","0","","","","","","","","","","","","",""
"32080029","0","0","0","0","0","","","0","2","0","","0","0","","0","","","","","","","","","","","","",""
"32080030","0","0","0","0","0","","","0","2","0","","0","0","","0","","","","","","","","","","","","",""
"32080031","0","0","0","0","0","","","0","2","0","","0","0","","0","","","","","","","","","","","","",""
"32080032","0","0","0","0","0","","","0","2","0","","0","0","","0","","","","","","","","","","","","",""
"32080033","0","0","0","0","0","","","0","2","0","","0","0","","0","","","","","","","","","","","","",""
"32080034","0","0","0","0","0","","","0","2","0","","0","0","","0","","","","","","","","","","","","",""
"32080035","0","0","0","0","0","","","0","2","0","","0","0","","0","","","","","","","","","","","","",""
"32080036","0","0","0","0","0","","","0","2","0","","0","0","","0","","","","","","","","","","","","",""
"32080037","0","0","0","0","0","","","0","2","0","","0","0","","0","","","","","","","","","","","","",""
"32080038","0","0","0","0","0","","","0","2","0","","0","0","","0","","","","","","","","","","","","",""
"32080039","0","0","0","0","0","","","0","2","0","","0","0","","0","","","","","","","","","","","","",""
"32080040","0","0","0","0","0","","","0","2","0","","0","0","","0","","","","","","","","","","","","",""
"32080041","0","0","0","0","0","","","0","2","0","","0","0","","0","","","","","","","","","","","","",""
"32080042","0","0","0","0","0","","","0","2","0","","0","0","","0","","","","","","","","","","","","",""
"32080043","0","0","0","0","0","","","0","2","0","","0","0","","0","","","","","","","","","","","","",""
"32080044","0","0","0","0","0","","","0","2","0","","0","0","","0","","","","","","","","","","","","",""
"32080045","0","0","0","0","0","","","0","2","0","","0","0","","0","","","","","","","","","","","","",""
"32080046","0","0","0","0","0","","","0","2","0","","0","0","","0","","","","","","","","","","","","",""
"32080047","0","0","0","0","0","","","0","2","0","","0","0","","0","","","","","","","","","","","","",""
"32080048","0","0","0","0","0","","","0","2","0","","0","0","","0","","","","","","","","","","","","",""
"32080049","0","0","0","0","0","","","0","2","0","","0","0","","0","","","","","","","","","","","","",""
"32080050","0","0","0","0","0","","","0","2","0","","0","0","","0","","","","","","","","","","","","",""
"32080051","0","0","0","0","0","","","0","2","0","","0","0","","0","","","","","","","","","","","","",""
"32080052","0","0","0","0","0","","","0","2","0","","0","0","","0","","","","","","","","","","","","",""
"32080053","0","0","0","0","0","","","0","2","0","","0","0","","0","","","","","","","","","","","","",""
"32080054","0","0","0","0","0","","","0","2","0","","0","0","","0","","","","","","","","","","","","",""
"32080055","0","0","0","0","0","","","0","2","0","","0","0","","0","","","","","","","","","","","","",""
"32080056","0","0","0","0","0","","","0","2","0","","0","0","","0","","","","","","","","","","","","",""
"32080057","0","0","0","0","0","","","0","2","0","","0","0","","0","","","","","","","","","","","","",""
"32080058","0","0","0","0","0","","","0","2","0","","0","0","","0","","","","","","","","","","","","",""
"32080059","0","0","0","0","0","","","0","2","0","","0","0","","0","","","","","","","","","","","","",""
"32080060","0","0","0","0","0","","","0","2","0","","0","0","","0","","","","","","","","","","","","",""
"32080061","0","0","0","0","0","","","0","2","0","","0","0","","0","","","","","","","","","","","","",""
"32080062","0","0","0","0","0","","","0","2","0","","0","0","","0","","","","","","","","","","","","",""
"32080063","0","0","0","0","0","","","0","2","0","","0","0","","0","","","","","","","","","","","","",""
"32080064","0","0","0","0","0","","","0","2","0","","0","0","","0","","","","","","","","","","","","",""
"32080065","0","0","0","0","0","","","0","2","0","","0","0","","0","","","","","","","","","","","","",""
"32080066","0","0","0","0","0","","","0","2","0","","0","0","","0","","","","","","","","","","","","",""
"32080067","0","0","0","0","0","","","0","2","0","","0","0","","0","","","","","","","","","","","","",""
"32080068","0","0","0","0","0","","","0","2","0","","0","0","","0","","","","","","","","","","","","",""
"32080069","0","0","0","0","0","","","0","2","0","","0","0","","0","","","","","","","","","","","","",""
"32080070","0","0","0","0","0","","","0","2","0","","0","0","","0","","","","","","","","","","","","",""
"32080071","0","0","0","0","0","","","0","2","0","","0","0","","0","","","","","","","","","","","","",""
"32080072","0","0","0","0","0","","","0","2","0","","0","0","","0","","","","","","","","","","","","",""
"32080073","0","0","0","0","0","","","0","2","0","","0","0","","0","","","","","","","","","","","","",""
"32080074","0","0","0","0","0","","","0","2","0","","0","0","","0","","","","","","","","","","","","",""
"32080075","0","0","0","0","0","","","0","2","0","","0","0","","0","","","","","","","","","","","","",""
"32080076","0","0","0","0","0","","","0","2","0","","0","0","","0","","","","","","","","","","","","",""
"32080077","0","0","0","0","0","","","0","2","0","","0","0","","0","","","","","","","","","","","","",""
"32080078","0","0","0","0","0","","","0","2","0","","0","0","","0","","","","","","","","","","","","",""
"32080079","0","0","0","0","0","","","0","2","0","","0","0","","0","","","","","","","","","","","","",""
"32080080","0","0","0","0","0","","","0","2","0","","0","0","","0","","","","","","","","","","","","",""
"32080081","0","0","0","0","0","","","0","2","0","","0","0","","0","","","","","","","","","","","","",""
"32080082","0","0","0","0","0","","","0","2","0","","0","0","","0","","","","","","","","","","","","",""
"32080083","0","0","0","0","0","","","0","2","0","","0","0","","0","","","","","","","","","","","","",""
"32080084","0","0","0","0","0","","","0","2","0","","0","0","","0","","","","","","","","","","","","",""
"32080085","0","0","0","0","0","","","0","2","0","","0","0","","0","","","","","","","","","","","","",""
"32080086","0","0","0","0","0","","","0","2","0","","0","0","","0","","","","","","","","","","","","",""
"32080087","0","0","0","0","0","","","0","2","0","","0","0","","0","","","","","","","","","","","","",""
"32080088","0","0","0","0","0","","","0","2","0","","0","0","","0","","","","","","","","","","","","",""
"32080089","0","0","0","0","0","","","0","2","0","","0","0","","0","","","","","","","","","","","","",""
"32080090","1","0","70703001","0","0","","","0","2","0","","0","0","","0","","","","","","","","","","","","",""
"32080091","2","0","0","0","0","","","0","2","0","","0","0","","0","","","","","","","","","","","","",""
"32080092","2","0","70025008","0","0","","","0","2","0","","0","0","","0","","","","","","","","","","","","",""
"32080093","2","0","70025018","0","0","","","0","2","0","","0","0","","0","","","","","","","","","","","","",""
"32080094","2","0","70025028","0","0","","","0","2","0","","0","0","","0","","","","","","","","","","","","",""
"32080095","2","0","70025038","0","0","","","0","2","0","","0","0","","0","","","","","","","","","","","","",""
"32080096","2","0","70025048","0","0","","","0","2","0","","0","0","","0","","","","","","","","","","","","",""
"32080097","2","0","70025060","0","0","","","0","2","0","","0","0","","0","","","","","","","","","","","","",""
"32080098","2","0","70025061","0","0","","","0","2","0","","0","0","","0","","","","","","","","","","","","",""
"32080099","2","0","0","0","0","","","0","2","0","","0","0","","0","","","","","","","","","","","","",""
"32080100","2","0","0","0","0","","","0","2","0","","0","0","","0","","","","","","","","","","","","",""
"32080101","2","0","0","0","0","","","0","2","0","","0","0","","0","","","","","","","","","","","","",""
"32080102","2","0","0","0","0","","","0","2","0","","0","0","","0","","","","","","","","","","","","",""
"32080103","2","0","0","0","0","","","0","2","0","","0","0","","0","","","","","","","","","","","","",""
"32080104","2","0","0","0","0","","","0","2","0","","0","0","","0","","","","","","","","","","","","",""
"32080105","2","0","0","0","0","","","0","2","0","","0","0","","0","","","","","","","","","","","","",""
"32080106","2","0","0","0","0","","","0","2","0","","0","0","","0","","","","","","","","","","","","",""
"32080107","2","0","0","0","0","","","0","2","0","","0","0","","0","","","","","","","","","","","","",""
"32080108","2","0","0","0","0","","","0","2","0","","0","0","","0","","","","","","","","","","","","",""
"32080109","2","0","0","0","0","","","0","2","0","","0","0","","0","","","","","","","","","","","","",""
"32080110","2","0","0","0","0","","","0","2","0","","0","0","","0","","","","","","","","","","","","",""
"32080111","2","0","0","0","0","","","0","2","0","","0","0","","0","","","","","","","","","","","","",""
"32080112","2","0","0","0","0","","","0","2","0","","0","0","","0","","","","","","","","","","","","",""
"32080113","2","0","0","0","0","","","0","2","0","","0","0","","0","","","","","","","","","","","","",""
"32080114","2","0","0","0","0","","","0","2","0","","0","0","","0","","","","","","","","","","","","",""
"32080115","2","0","0","0","0","","","0","2","0","","0","0","","0","","","","","","","","","","","","",""
"32080116","2","0","0","0","0","","","0","2","0","","0","0","","0","","","","","","","","","","","","",""
"32080117","2","0","0","0","0","","","0","2","0","","0","0","","0","","","","","","","","","","","","",""
"32080118","2","0","0","0","0","","","0","2","0","","0","0","","0","","","","","","","","","","","","",""
"32080119","2","0","0","0","0","","","0","2","0","","0","0","","0","","","","","","","","","","","","",""
"32080120","2","0","0","0","0","","","0","2","0","","0","0","","0","","","","","","","","","","","","",""
"32080121","2","0","0","0","0","","","0","2","0","","0","0","","0","","","","","","","","","","","","",""
"32080122","2","0","0","0","0","","","0","2","0","","0","0","","0","","","","","","","","","","","","",""
"32080123","2","0","0","0","0","","","0","2","0","","0","0","","0","","","","","","","","","","","","",""
"32080124","2","0","0","0","0","","","0","2","0","","0","0","","0","","","","","","","","","","","","",""
"32080125","2","0","0","0","0","","","0","2","0","","0","0","","0","","","","","","","","","","","","",""
"32080126","2","0","0","0","0","","","0","2","0","","0","0","","0","","","","","","","","","","","","",""
"32080127","2","0","0","0","0","","","0","2","0","","0","0","","0","","","","","","","","","","","","",""
"32080128","2","0","0","0","0","","","0","2","0","","0","0","","0","","","","","","","","","","","","",""
"32080129","2","0","0","0","0","","","0","2","0","","0","0","","0","","","","","","","","","","","","",""
"32080130","2","0","0","0","0","","","0","2","0","","0","0","","0","","","","","","","","","","","","",""
"32080131","2","0","0","0","0","","","0","2","0","","0","0","","0","","","","","","","","","","","","",""
"32080132","2","0","0","0","0","","","0","2","0","","0","0","","0","","","","","","","","","","","","",""
"32080133","2","0","0","0","0","","","0","2","0","","0","0","","0","","","","","","","","","","","","",""
"32080134","2","0","0","0","0","","","0","2","0","","0","0","","0","","","","","","","","","","","","",""
"32080135","2","0","0","0","0","","","0","2","0","","0","0","","0","","","","","","","","","","","","",""
"32080136","2","0","0","0","0","","","0","2","0","","0","0","","0","","","","","","","","","","","","",""
"32080137","2","0","0","0","0","","","0","2","0","","0","0","","0","","","","","","","","","","","","",""
"32080138","2","0","0","0","0","","","0","2","0","","0","0","","0","","","","","","","","","","","","",""
"32080139","2","0","0","0","0","","","0","2","0","","0","0","","0","","","","","","","","","","","","",""
"32080140","2","0","0","0","0","","","0","2","0","","0","0","","0","","","","","","","","","","","","",""
"32080141","2","0","0","0","0","","","0","2","0","","0","0","","0","","","","","","","","","","","","",""
"32080142","2","0","0","0","0","","","0","2","0","","0","0","","0","","","","","","","","","","","","",""
"32080143","2","0","70031201","0","0","","","0","2","0","","0","0","","0","","","","","","","","","","","","",""
"32080144","2","0","70031206","0","0","","","0","2","0","","0","0","","0","","","","","","","","","","","","",""
"32080145","0","0","0","0","0","","","0","2","0","","0","0","","0","","","","","","","","","","","","",""
"32080146","0","0","0","0","0","","","0","2","0","","0","0","","0","","","","","","","","","","","","",""
"32081001","1","0","70703002","0","0","","","0","2","0","","0","0","","0","","","","","","","","","","","","",""
"32081002","1","0","70703003","0","0","","","0","2","0","","0","0","","0","","","","","","","","","","","","",""
"32081003","1","0","70990096","0","0","","","0","2","0","","0","0","","0","","","","","","","","","","","","",""
"32081004","1","0","70990101","0","0","","","0","2","0","","0","0","","0","","","","","","","","","","","","",""
"32081005","0","0","0","0","0","","","0","2","0","","0","0","","0","","","","","","","","","","","","",""
"32081006","1","0","70703012","0","0","","","0","2","0","","0","0","","0","","","","","","","","","","","","",""
"32081007","1","0","70601501","0","0","","","0","2","0","","0","0","","0","","","","","","","","","","","","",""
"32081008","2","0","70993628","0","0","","","0","2","0","","0","0","","0","","","","","","","","","","","","",""
"32081009","1","0","70990121","0","0","","","0","2","0","","0","0","","0","","","","","","","","","","","","",""
"32081010","1","0","70990122","0","0","","","0","2","0","","0","0","","0","","","","","","","","","","","","",""
"32081011","1","0","70990123","0","0","","","0","2","0","","0","0","","0","","","","","","","","","","","","",""
"32081012","1","0","70990124","0","0","","","0","2","0","","0","0","","0","","","","","","","","","","","","",""
"32081013","1","0","70990125","0","0","","","0","2","0","","0","0","","0","","","","","","","","","","","","",""
"32081014","1","0","70990126","0","0","","","0","2","0","","0","0","","0","","","","","","","","","","","","",""
"32081015","1","0","70990127","0","0","","","0","2","0","","0","0","","0","","","","","","","","","","","","",""
"32081016","1","0","70990128","0","0","","","0","2","0","","0","0","","0","","","","","","","","(31060066,1,31060067,1,31060068,1,31060069,1,31060070,1,31060071,1,31060072,1,31060073,1)","","","","",""
"32090001","2","0","70990001","0","0","","","0","2","0","","0","0","","0","","","","","","","","","","","","",""
"32090002","2","0","70504001","0","0","","","0","2","0","","0","0","","0","","","","","","","","","","","","",""
"32090003","2","0","70504002","0","0","","","0","2","0","","0","0","","0","","","","","","","","","","","","",""
"32090004","2","0","70504003","0","0","","","0","2","0","","0","0","","0","","","","","","","","","","","","",""
"32090005","2","0","70504004","0","0","","","0","2","0","","0","0","","0","","","","","","","","","","","","",""
"32090006","2","0","70504005","0","0","","","0","2","0","","0","0","","0","","","","","","","","","","","","",""
"32090007","2","0","70504006","0","0","","","0","2","0","","0","0","","0","","","","","","","","","","","","",""
"32090008","2","0","70990002","0","0","","","0","2","0","","0","0","","0","","","","","","","","","","","","",""
"32090009","2","0","70990003","0","0","","","0","2","0","","0","0","","0","","","","","","","","","","","","",""
"32090010","2","0","70990004","0","0","","","0","2","0","","0","0","","0","","","","","","","","","","","","",""
"32090011","2","0","70990005","0","0","","","0","2","0","","0","0","","0","","","","","","","","","","","","",""
"32090012","2","0","70990006","0","0","","","0","2","0","","0","0","","0","","","","","","","","","","","","",""
"32090013","2","0","70990007","0","0","","","0","2","0","","0","0","","0","","","","","","","","","","","","",""
"32090014","2","0","70990008","0","0","","","0","2","0","","0","0","","0","","","","","","","","","","","","",""
"32090015","2","0","70990009","0","0","","","0","2","0","","0","0","","0","","","","","","","","","","","","",""
"32090016","2","0","70990011","0","0","","","0","2","0","","0","0","","0","","","","","","","","","","","","",""
"32090017","2","0","70990010","0","0","","","0","2","0","","0","0","","0","","","","","","","","","","","","",""
"32090018","2","0","70990012","0","0","","","0","2","0","","0","0","","0","","","","","","","","","","","","",""
"32090019","2","0","70990013","0","0","","","0","2","0","","0","0","","0","","","","","","","","","","","","",""
"32090020","2","0","70990014","0","0","","","0","2","0","","0","0","","0","","","","","","","","","","","","",""
"32090021","2","0","70990015","0","0","","","0","2","0","","0","0","","0","","","","","","","","","","","","",""
"32090022","2","0","70990016","0","0","","","0","2","0","","0","0","","0","","","","","","","","","","","","",""
"32090023","2","0","70990017","0","0","","","0","2","0","","0","0","","0","","","","","","","","","","","","",""
"32090024","2","0","70990018","0","0","","","0","2","0","","0","0","","0","","","","","","","","","","","","",""
"32090025","2","0","70990019","0","0","","","0","2","0","","0","0","","0","","","","","","","","","","","","",""
"32090026","2","0","70990020","0","0","","","0","2","0","","0","0","","0","","","","","","","","","","","","",""
"32090027","2","0","70990021","0","0","","","0","2","0","","0","0","","0","","","","","","","","","","","","",""
"32090028","2","0","70990022","0","0","","","0","2","0","","0","0","","0","","","","","","","","","","","","",""
"32090029","2","0","70990025","0","0","","","0","2","0","","0","0","","0","","","","","","","","","","","","",""
"32090030","2","0","70990023","0","0","","","0","2","0","","0","0","","0","","","","","","","","","","","","",""
"32090031","1","0","70990026","0","0","","","0","2","0","","0","0","","0","","","","","","","","","","","","",""
"32090032","1","0","70990027","0","0","","","0","2","0","","0","0","","0","","","","","","","","","","","","",""
"32090033","1","0","70990028","0","0","","","0","2","0","","0","0","","0","","","","","","","","","","","","",""
"32090034","2","0","70990029","0","0","","","0","2","0","","0","0","","0","","","","","","","","","","","","",""
"32090035","2","0","70990030","0","0","","","0","2","0","","0","0","","0","","","","","","","","","","","","",""
"32090036","1","0","70990031","0","0","","","0","2","0","","0","0","","0","","","","","","","","","","","","",""
"32090037","2","0","70990032","0","0","","","0","2","0","","0","0","","0","","","","","","","","","","","","",""
"32090038","2","0","70990084","0","0","","","0","2","0","","0","0","","0","","","","","","","","","","","","",""
"32090039","2","0","70990085","0","0","","","0","2","0","","0","0","","0","","","","","","","","","","","","",""
"32090040","2","0","70990087","0","0","0","","0","2","0","","0","0","","0","0","","","","","","","","","","","",""
"32090041","2","0","70990088","0","0","0","","0","2","0","","0","0","","0","0","","","","","","","","","","","",""
"32090042","2","0","70990089","0","0","0","","0","2","0","","0","0","","0","0","","","","","","","","","","","",""
"32090043","2","0","70990090","0","0","0","","0","2","0","","0","0","","0","0","","","","","","","","","","","",""
"32090044","2","0","70990086","0","0","","","0","2","0","","0","0","","0","","","","","","","","","","","","",""
"32090045","2","0","70990091","0","0","","","0","2","0","","0","0","","0","","","","","","","","","","","","",""
"32090046","2","0","70990401","0","0","","","0","2","0","","0","0","","0","","","","","","","","","","","","",""
"32090047","2","0","70990402","0","0","","","0","2","0","","0","0","","0","","","","","","","","","","","","",""
"32090048","2","0","70990403","0","0","","","0","2","0","","0","0","","0","","","","","","","","","","","","",""
"32090049","2","0","70990404","0","0","","","0","2","0","","0","0","","0","","","","","","","","","","","","",""
"32090050","2","0","70990405","0","0","","","0","2","0","","0","0","","0","","","","","","","","","","","","",""
"32090051","2","0","70990406","0","0","","","0","2","0","","0","0","","0","","","","","","","","","","","","",""
"32090052","2","0","70990407","0","0","","","0","2","0","","0","0","","0","","","","","","","","","","","","",""
"32090053","2","0","70990408","0","0","","","0","2","0","","0","0","","0","","","","","","","","","","","","",""
"32090054","2","0","70990409","0","0","","","0","2","0","","0","0","","0","","","","","","","","","","","","",""
"32090055","2","0","70990410","0","0","","","0","2","0","","0","0","","0","","","","","","","","","","","","",""
"32090056","2","0","70990411","0","0","","","0","2","0","","0","0","","0","","","","","","","","","","","","",""
"32090057","2","0","70990412","0","0","","","0","2","0","","0","0","","0","","","","","","","","","","","","",""
"32090058","2","0","70990413","0","0","","","0","2","0","","0","0","","0","","","","","","","","","","","","",""
"32090059","2","0","70990414","0","0","","","0","2","0","","0","0","","0","","","","","","","","","","","","",""
"32090060","2","0","70990415","0","0","","","0","2","0","","0","0","","0","","","","","","","","(31020357,1,31021797,1,31022037,1)","","","","",""
"32090061","2","0","70990416","0","0","","","0","2","0","","0","0","","0","","","","","","","","(31022557,1,31023517,1,31024477,1)","","","","",""
"32090062","2","0","70990417","0","0","","","0","2","0","","0","0","","0","","","","","","","","(31022797,1,31023757,1,31024717,1)","","","","",""
"32090063","2","0","70990418","0","0","","","0","2","0","","0","0","","0","","","","","","","","(31023037,1,31023997,1,31024957,1)","","","","",""
"32090064","2","0","70990419","0","0","","","0","2","0","","0","0","","0","","","","","","","","","","","","",""
"32090065","2","0","70990420","0","0","","","0","2","0","","0","0","","0","","","","","","","","(31000030,1,31000031,1,31000033,1,31000034,1)","","","","",""
"32090066","2","0","70990421","0","0","","","0","2","0","","0","0","","0","","","","","","","","(31020356,1,31021796,1,31022036,1)","","","","",""
"32090067","2","0","70990422","0","0","","","0","2","0","","0","0","","0","","","","","","","","(31022556,1,31023516,1,31024476,1)","","","","",""
"32090068","2","0","70990423","0","0","","","0","2","0","","0","0","","0","","","","","","","","(31022796,1,31023756,1,31024716,1)","","","","",""
"32090069","2","0","70990424","0","0","","","0","2","0","","0","0","","0","","","","","","","","(31023036,1,31023996,1,31024956,1)","","","","",""
"32090070","2","0","70990425","0","0","","","0","2","0","","0","0","","0","","","","","","","","","","","","",""
"32090071","2","0","70990426","0","0","","","0","2","0","","0","0","","0","","","","","","","","(31020596,1,31020836,1,31021076,1,31021316,1,31021556,1)","","","","",""
"32090072","2","0","70990427","0","0","","","0","2","0","","0","0","","0","","","","","","","","(31020656,1,31020896,1,31021136,1,31021376,1,31021616,1)","","","","",""
"32090073","2","0","70990428","0","0","","","0","2","0","","0","0","","0","","","","","","","","(31020716,1,31020956,1,31021196,1,31021436,1,31021676,1)","","","","",""
"32090074","2","0","70990429","0","0","","","0","2","0","","0","0","","0","","","","","","","","(31020776,1,31021016,1,31021256,1,31021496,1,31021736,1)","","","","",""
"32090075","2","0","70990430","0","0","","","0","2","0","","0","0","","0","","","","","","","","","","","","",""
"32090076","2","0","0","0","0","","","0","2","0","","0","0","","0","","","","","","","","","","","","",""
"32090077","2","0","0","0","0","","","0","2","0","","0","0","","0","","","","","","","","","","","","",""
"32090078","2","0","0","0","0","","","0","2","0","","0","0","","0","","","","","","","","","","","","",""
"32090079","2","0","0","0","0","","","0","2","0","","0","0","","0","","","","","","","","","","","","",""
"32090080","2","0","0","0","0","","","0","2","0","","0","0","","0","","","","","","","","","","","","",""
"32090081","2","0","0","0","0","","","0","2","0","","0","0","","0","","","","","","","","","","","","",""
"32090082","2","0","0","0","0","","","0","2","0","","0","0","","0","","","","","","","","","","","","",""
"32090083","2","0","0","0","0","","","0","2","0","","0","0","","0","","","","","","","","","","","","",""
"32090084","2","0","0","0","0","","","0","2","0","","0","0","","0","","","","","","","","","","","","",""
"32090085","2","0","0","0","0","","","0","2","0","","0","0","","0","","","","","","","","","","","","",""
"32090086","2","0","0","0","0","","","0","2","0","","0","0","","0","","","","","","","","","","","","",""
"32090087","2","0","0","0","0","","","0","2","0","","0","0","","0","","","","","","","","","","","","",""
"32090088","2","0","0","0","0","","","0","2","0","","0","0","","0","","","","","","","","","","","","",""
"32090089","2","0","70504011","0","0","","","0","2","0","","0","0","","0","","","","","","","","","","","","",""
"32090090","2","0","70990435","0","0","","","0","2","0","","0","0","","0","","","","","","","","(31021077,1,31020597,1,31021557,1,31020837,1,31021317,1)","","","","",""
"32090091","2","0","70990436","0","0","","","0","2","0","","0","0","","0","","","","","","","","(31021137,1,31020657,1,31021617,1,31020897,1,31021377,1)","","","","",""
"32090092","2","0","70990437","0","0","","","0","2","0","","0","0","","0","","","","","","","","(31021197,1,31020717,1,31021677,1,31020957,1,31021437,1)","","","","",""
"32090093","2","0","70990438","0","0","","","0","2","0","","0","0","","0","","","","","","","","(31021257,1,31020777,1,31021737,1,31021017,1,31021497,1)","","","","",""
"32090094","2","0","70990439","0","0","","","0","2","0","","0","0","","0","","","","","","","","","","","","",""
"32090095","2","0","70990440","0","0","","","0","2","0","","0","0","","0","","","","","","","","","","","","",""
"32090096","2","0","70990441","0","0","","","0","2","0","","0","0","","0","","","","","","","","","","","","",""
"32090097","2","0","70990442","0","0","","","0","2","0","","0","0","","0","","","","","","","","","","","","",""
"32090098","2","0","70990443","0","0","","","0","2","0","","0","0","","0","","","","","","","","","","","","",""
"32090099","2","0","70990444","0","0","","","0","2","0","","0","0","","0","","","","","","","","","","","","",""
"32090100","2","0","70990445","0","0","","","0","2","0","","0","0","","0","","","","","","","","","","","","",""
"32090101","2","0","0","0","0","","","0","2","0","","0","0","","0","","","","","","","","","","","","",""
"32090102","2","0","0","0","0","","","0","2","0","","0","0","","0","","","","","","","","","","","","",""
"32090103","2","0","0","0","0","","","0","2","0","","0","0","","0","","","","","","","","","","","","",""
"32090104","2","0","0","0","0","","","0","2","0","","0","0","","0","","","","","","","","","","","","",""
"32090105","2","0","0","0","0","","","0","2","0","","0","0","","0","","","","","","","","","","","","",""
"32090106","2","0","70033215","0","0","","","0","2","0","","0","0","","0","","","","","","","","","","","","",""
"32090107","2","0","70033216","0","0","","","0","2","0","","0","0","","0","","","","","","","","","","","","",""
"32090108","2","0","70033218","0","0","","","0","2","0","","0","0","","0","","","","","","","","","","","","",""
"32090109","2","0","70033219","0","0","","","0","2","0","","0","0","","0","","","","","","","","","","","","",""
"32090110","2","0","70033220","0","0","","","0","2","0","","0","0","","0","","","","","","","","","","","","",""
"32090111","2","0","70033221","0","0","","","0","2","0","","0","0","","0","","","","","","","","","","","","",""
"32090112","2","0","70033222","0","0","","","0","2","0","","0","0","","0","","","","","","","","","","","","",""
"32090113","2","0","70033223","0","0","","","0","2","0","","0","0","","0","","","","","","","","","","","","",""
"32090114","2","0","70033224","0","0","","","0","2","0","","0","0","","0","","","","","","","","","","","","",""
"32090115","2","0","70033225","0","0","","","0","2","0","","0","0","","0","","","","","","","","","","","","",""
"32090116","2","0","70033226","0","0","","","0","2","0","","0","0","","0","","","","","","","","","","","","",""
"32090117","2","0","70033227","0","0","","","0","2","0","","0","0","","0","","","","","","","","","","","","",""
"32090118","2","0","70033228","0","0","","","0","2","0","","0","0","","0","","","","","","","","","","","","",""
"32090119","2","0","70033229","0","0","","","0","2","0","","0","0","","0","","","","","","","","","","","","",""
"32090120","2","0","70033230","0","0","","","0","2","0","","0","0","","0","","","","","","","","","","","","",""
"32090121","2","0","70033231","0","0","","","0","2","0","","0","0","","0","","","","","","","","","","","","",""
"32090122","2","0","70033232","0","0","","","0","2","0","","0","0","","0","","","","","","","","","","","","",""
"32090123","2","0","70033233","0","0","","","0","2","0","","0","0","","0","","","","","","","","(31130428,1,31130431,1,31130432,1)","","","","",""
"32090124","2","0","70033234","0","0","","","0","2","0","","0","0","","0","","","","","","","","(31130434,1,31130436,1,31130437,1)","","","","",""
"32090125","2","0","70033235","0","0","","","0","2","0","","0","0","","0","","","","","","","","(31130438,1,31130439,1)","","","","",""
"32090126","2","0","70033236","0","0","","","0","2","0","","0","0","","0","","","","","","","","(31130440,1,31130441,1)","","","","",""
"32090127","2","0","70033237","0","0","","","0","2","0","","0","0","","0","","","","","","","","(31130442,1,31130443,1)","","","","",""
"32090128","2","0","70033294","0","0","","","0","2","0","","0","0","","0","","","","","","","","","","","","",""
"32090129","2","0","70033295","0","0","","","0","2","0","","0","0","","0","","","","","","","","","","","","",""
"32090130","2","0","70990446","0","0","","","0","2","0","","0","0","","0","","","","","","","","(31000032,1,31000035,1,31000036,1,31000037,1)","","","","",""
"32090131","2","0","70990448","0","0","","","0","2","0","","0","0","","0","","","","","","","","","","","","",""
"32090132","2","0","70990449","0","0","","","0","2","0","","0","0","","0","","","","","","","","","","","","",""
"32090133","2","0","70990450","0","0","","","0","2","0","","0","0","","0","","","","","","","","","","","","",""
"32090134","2","0","70990451","0","0","","","0","2","0","","0","0","","0","","","","","","","","(31051004,20,31051005,20,31051006,20,31051014,20)","","","","",""
"32090135","2","0","70990452","0","0","","","0","2","0","","0","0","","0","","","","","","","","(31051007,20,31051008,20,31051009,20)","","","","",""
"32090136","2","0","70990453","0","0","","","0","2","0","","0","0","","0","","","","","","","","","","","","",""
"32090137","2","0","70990107","0","0","","","0","2","0","","0","0","","0","","","","","","","","","","","","",""
"32090138","2","0","70990454","0","0","","","0","2","0","","0","0","","0","","","","","","","","","","","","",""
"32090139","2","0","70990112","0","0","","","0","2","0","","0","0","","0","","","","","","","","","","","","",""
"32090140","2","0","70990455","0","0","","","0","2","0","","0","0","","0","","","","","","","","","","","","",""
"32090141","2","0","70990456","0","0","","","0","2","0","","0","0","","0","","","","","","","","","","","","",""
"32090142","2","0","70990457","0","0","","","0","2","0","","0","0","","0","","","","","","","","","","","","",""
"32090143","2","0","70990458","0","0","","","0","2","0","","0","0","","0","","","","","","","","","","","","",""
"32090144","2","0","70985002","0","0","","","0","2","0","","0","0","","0","","","","","","","","","","","","",""
"32090145","2","0","70985003","0","0","","","0","2","0","","0","0","","0","","","","","","","","","","","","",""
"32090146","2","0","70985004","0","0","","","0","2","0","","0","0","","0","","","","","","","","","","","","",""
"32090147","2","0","70985005","0","0","","","0","2","0","","0","0","","0","","","","","","","","","","","","",""
"32090148","2","0","70990459","0","0","","","0","2","0","","0","0","","0","","","","","","","","(31026301,1,31026302,1,31026303,1,31026304,1,31026305,1)","","","","",""
"32090149","2","0","70990460","0","0","","","0","2","0","","0","0","","0","","","","","","","","","","","","",""
"32090150","2","0","70993316","0","0","","","0","2","0","","0","0","","0","","","","","","","","","","","","",""
"32090151","2","0","70990461","0","0","","","0","2","0","","0","0","","0","","","","","","","","","","","","",""
"32090152","2","0","0","0","0","","","0","2","0","","0","0","","0","","","","","","","","","","","","",""
"32090153","2","0","70990464","0","0","","","0","2","0","","0","0","","0","","","","","","","","(31051010,20,31051011,20,31051012,20,31051015,20)","","","","",""
"32090154","2","0","70990465","0","0","","","0","2","0","","0","0","","0","","","","","","","","(31130443,1,31130442,1,31130441,1,31130440,1,31130439,1,31130438,1)","","","","",""
"32090155","2","0","70990466","0","0","","","0","2","0","","0","0","","0","","","","","","","","","","","","",""
"32090156","2","0","70990468","0","0","","","0","2","0","","0","0","","0","","","","","","","","(31020603,1,31020843,1,31021083,1,31021323,1,31021563,1)","","","","",""
"32090157","2","0","70990469","0","0","","","0","2","0","","0","0","","0","","","","","","","","(31020663,1,31020903,1,31021143,1,31021383,1,31021623,1)","","","","",""
"32090158","2","0","70990470","0","0","","","0","2","0","","0","0","","0","","","","","","","","(31020723,1,31020963,1,31021203,1,31021443,1,31021683,1)","","","","",""
"32090159","2","0","70990471","0","0","","","0","2","0","","0","0","","0","","","","","","","","(31020783,1,31021023,1,31021263,1,31021503,1,31021743,1)","","","","",""
"32090160","2","0","70990472","0","0","","","0","2","0","","0","0","","0","","","","","","","","","","","","",""
"32090161","2","0","70990473","0","0","","","0","2","0","","0","0","","0","","","","","","","","(31020363,1,31021803,1,31022043,1)","","","","",""
"32090162","2","0","70990474","0","0","","","0","2","0","","0","0","","0","","","","","","","","(31022563,1,31023523,1,31024483,1)","","","","",""
"32090163","2","0","70990475","0","0","","","0","2","0","","0","0","","0","","","","","","","","(31022803,1,31023763,1,31024723,1)","","","","",""
"32090164","2","0","70990476","0","0","","","0","2","0","","0","0","","0","","","","","","","","(31023043,1,31024003,1,31024963,1)","","","","",""
"32090165","2","0","70990477","0","0","","","0","2","0","","0","0","","0","","","","","","","","","","","","",""
"32090166","2","0","70990478","0","0","","","0","2","0","","0","0","","0","","","","","","","","(31020609,1,31020849,1,31021089,1,31021329,1,31021569,1)","","","","",""
"32090167","2","0","70990479","0","0","","","0","2","0","","0","0","","0","","","","","","","","(31020669,1,31020909,1,31021149,1,31021389,1,31021629,1)","","","","",""
"32090168","2","0","70990480","0","0","","","0","2","0","","0","0","","0","","","","","","","","(31020729,1,31020969,1,31021209,1,31021449,1,31021689,1)","","","","",""
"32090169","2","0","70990481","0","0","","","0","2","0","","0","0","","0","","","","","","","","(31020789,1,31021029,1,31021269,1,31021509,1,31021749,1)","","","","",""
"32090170","2","0","70990482","0","0","","","0","2","0","","0","0","","0","","","","","","","","","","","","",""
"32090171","2","0","70990483","0","0","","","0","2","0","","0","0","","0","","","","","","","","(31020369,1,31021809,1,31022049,1)","","","","",""
"32090172","2","0","70990484","0","0","","","0","2","0","","0","0","","0","","","","","","","","(31022569,1,31023529,1,31024489,1)","","","","",""
"32090173","2","0","70990485","0","0","","","0","2","0","","0","0","","0","","","","","","","","(31022809,1,31023769,1,31024729,1)","","","","",""
"32090174","2","0","70990486","0","0","","","0","2","0","","0","0","","0","","","","","","","","(31023049,1,31024009,1,31024969,1)","","","","",""
"32090175","2","0","70990487","0","0","","","0","2","0","","0","0","","0","","","","","","","","","","","","",""
"32090176","2","0","70990489","0","0","","","0","2","0","","0","0","","0","","","","","","","","","","","","",""
"32090177","2","0","70990490","0","0","","","0","2","0","","0","0","","0","","","","","","","","","","","","",""
"32090178","2","0","70990491","0","0","","","0","2","0","","0","0","","0","","","","","","","","","","","","",""
"32090179","2","0","70990492","0","0","","","0","2","0","","0","0","","0","","","","","","","","","","","","",""
"32090180","2","0","70990493","0","0","","","0","2","0","","0","0","","0","","","","","","","","","","","","",""
"32090181","2","0","70990494","0","0","","","0","2","0","","0","0","","0","","","","","","","","","","","","",""
"32090182","2","0","70990495","0","0","","","0","2","0","","0","0","","0","","","","","","","","","","","","",""
"32090183","2","0","70990496","0","0","","","0","2","0","","0","0","","0","","","","","","","","","","","","",""
"32090184","2","0","70990497","0","0","","","0","2","0","","0","0","","0","","","","","","","","","","","","",""
"32090185","2","0","70990499","0","0","","","0","2","0","","0","0","","0","","","","","","","","","","","","",""
"32090186","1","0","70990801","0","0","","","0","2","0","","0","0","","0","","","0","","","","","","","","","",""
"32090187","1","0","70990802","0","0","","","0","2","0","","0","0","","0","","","0","","","","","","","","","",""
"32090188","1","0","70990803","0","0","","","0","2","0","","0","0","","0","","","0","","","","","","","","","",""
"32090189","1","0","70990804","0","0","","","0","2","0","","0","0","","0","","","0","","","","","","","","","",""
"32090190","3","0","0","0","0","(-1,-1,92650001,-1,-1)","","0","2","0","","0","0","","0","","","0","","","","","","","","","",""
"32090191","3","0","0","0","0","(-1,-1,92650001,-1,-1)","","0","2","0","","0","0","","0","","","0","","","","","","","","","",""
"32090192","3","0","0","0","0","(-1,-1,92650001,-1,-1)","","0","2","0","","0","0","","0","","","0","","","","","","","","","",""
"32090193","3","0","0","0","0","(-1,-1,92650001,-1,-1)","","0","2","0","","0","0","","0","","","0","","","","","","","","","",""
"32090194","1","0","70990805","0","0","","","0","2","0","","0","0","","0","","","","","","","","(31000073,20,31000052,20,31000051,20,31000050,20)","","","","",""
"32090195","1","0","70990806","0","0","","","0","2","0","","0","0","","0","","","","","","","","(31000047,20,31000046,20,31040082,20,31000045,20)","","","","",""
"32090196","1","0","70990807","0","0","","","0","2","0","","0","0","","0","","","","","","","","(31131113,1,31131114,1,31131115,1,31131116,1,31131117,1,31131118,1)","","","","",""
"32090197","2","0","70990808","0","0","","","0","2","0","","0","0","","0","","","","","","","","","","","","",""
"32090198","2","0","70990809","0","0","","","0","2","0","","0","0","","0","","","","","","","","","","","","",""
"32090199","2","0","70990810","0","0","","","0","2","0","","0","0","","0","","","","","","","","","","","","",""
"32090200","2","0","70990811","0","0","","","0","2","0","","0","0","","0","","","","","","","","","","","","",""
"32090201","2","0","70990812","0","0","","","0","2","0","","0","0","","0","","","","","","","","","","","","",""
"32090202","2","0","70990813","0","0","","","0","2","0","","0","0","","0","","","","","","","","","","","","",""
"32090203","2","0","70990814","0","0","","","0","2","0","","0","0","","0","","","","","","","","","","","","",""
"32090204","2","0","70990815","0","0","","","0","2","0","","0","0","","0","","","","","","","","","","","","",""
"32090205","2","0","70990816","0","0","","","0","2","0","","0","0","","0","","","","","","","","","","","","",""
"32090206","2","0","70990817","0","0","","","0","2","0","","0","0","","0","","","","","","","","","","","","",""
"32090207","2","0","0","0","0","","","","","","","","","","","","","","","","","","","","1","5","",""
"32090208","2","0","0","0","0","","","","","","","","","","","","","","","","","","","","1","10","",""
"32090209","2","0","0","0","0","","","","","","","","","","","","","","","","","","","","1","20","",""
"32090210","2","0","0","0","0","","","","","","","","","","","","","","","","","","","","1","30","",""
"32090211","2","0","0","0","0","","","","","","","","","","","","","","","","","","","","1","50","",""
"32090212","2","0","0","0","0","","","","","","","","","","","","","","","","","","","","1","100","",""
"32090213","1","0","0","0","0","","","","","","","","","","","","","","","","","","","","","","76980162",""
"32090214","1","0","0","0","0","","","","","","","","","","","","","","","","","","","","","","76980163",""
"32090215","1","0","0","0","0","","","","","","","","","","","","","","","","","","","","","","76980164",""
"32090216","1","0","0","0","0","","","","","","","","","","","","","","","","","","","","","","76980165",""
"32090217","1","0","0","0","0","","","","","","","","","","","","","","","","","","","","","","76980166",""
"32090218","1","0","70990822","0","0","","","0","2","0","","0","0","","0","","","","","","","","","","","","",""
"32090219","1","0","70990827","0","0","","","0","2","0","","0","0","","0","","","","","","","","","","","","",""
"32090220","1","0","70990828","0","0","","","0","2","0","","0","0","","0","","","","","","","","(31140203,5,31140204,5,31140206,5,31140207,5)","","","","",""
"32090221","1","0","70990833","0","0","","","0","2","0","","0","0","","0","","","","","","","","","","","","",""
"32090222","1","0","70990838","0","0","","","0","2","0","","0","0","","0","","","","","","","","","","","","",""
"32090223","2","0","70990839","0","0","","","0","2","0","","0","0","","0","","","","","","","","","","","","",""
"32090224","2","0","70990845","0","0","","","0","9","0","","0","0","","0","","","","","","","","","","","","",""
"32090225","2","0","70990844","0","0","","","0","9","0","","0","0","","0","","","","","","","","","","","","",""
"32090226","1","0","0","0","0","0","","0","2","0","","0","0","","0","0","115000014","","","","","","","","","","",""
"32090227","1","0","0","0","0","0","","0","2","0","","0","0","","0","0","115000015","","","","","","","","","","",""
"32090228","1","0","0","0","0","0","","0","2","0","","0","0","","0","0","115000016","","","","","","","","","","",""
"32090229","3","0","0","0","0","(-1,-1,92710001,-1,-1)","","0","2","0","","0","0","","0","","","","","","","","","","","","",""
"32090230","3","0","0","0","0","(-1,-1,92710001,-1,-1)","","0","2","0","","0","0","","0","","","","","","","","","","","","",""
"32090231","3","0","0","0","0","(-1,-1,92710001,-1,-1)","","0","2","0","","0","0","","0","","","","","","","","","","","","",""
"32090232","2","0","70990846","0","0","","","0","2","0","","0","0","","0","","","","","","","","","","","","",""
"32090233","2","0","70990847","0","0","","","0","2","0","","0","0","","0","","","","","","","","","","","","",""
"32090234","1","0","70703025","0","0","","","0","2","0","","0","0","","0","","","","","","","","","","","","",""
"32090235","1","0","70703026","0","0","","","0","2","0","","0","0","","0","","","","","","","","","","","","",""
"32090236","1","0","70990848","0","0","","","0","2","0","","0","0","","0","","","","","","","","(31061027,1,31061028,1)","","","","",""
"32090237","1","0","70990849","0","0","","","0","2","0","","0","0","","0","","","","","","","","(31061029,1,31061030,1)","","","","",""
"32090238","2","0","70985006","0","0","","","0","2","0","","0","0","","0","","","","","","","","","","","","",""
"32090239","2","0","70985007","0","0","","","0","2","0","","0","0","","0","","","","","","","","","","","","",""
"32090240","1","0","70033296","0","0","","","0","2","0","","0","0","","0","","","","","","","","(31130484,1,31130485,1,31130486,1,31130487,1)","","","","",""
"32090241","1","0","70990850","0","0","","","0","2","0","","0","0","","0","","","","","","","","(31131119,1,31131120,1,31131121,1,31131122,1,31131123,1,31131124,1)","","","","",""
"32090242","1","0","70990851","0","0","","","0","2","0","","0","0","","0","","","","","","","","(31131101,1,31131102,1,31131103,1,31131104,1,31131105,1,31131106,1)","","","","",""
"32090243","1","0","70990852","0","0","","","0","2","0","","0","0","","0","","","","","","","","(31131107,1,31131108,1,31131109,1,31131110,1,31131111,1,31131112,1)","","","","",""
"32090244","1","0","70703036","0","0","","","0","2","0","","0","0","","0","","","","","","","","","","","","",""
"32090245","1","0","70703041","0","0","","","0","2","0","","0","0","","0","","","","","","","","","","","","",""
"32090246","1","0","70703031","0","0","","","0","2","0","","0","0","","0","","","","","","","","","","","","",""
"32090247","2","0","70504014","0","0","","","0","2","0","","0","0","","0","","","","","","","","","","","","",""
"32090248","2","0","70504015","0","0","","","0","2","0","","0","0","","0","","","","","","","","","","","","",""
"32090249","2","0","70504016","0","0","","","0","2","0","","0","0","","0","","","","","","","","","","","","",""
"32090250","2","0","70504017","0","0","","","0","2","0","","0","0","","0","","","","","","","","","","","","",""
"32090251","2","0","70504018","0","0","","","0","2","0","","0","0","","0","","","","","","","","","","","","",""
"32090252","2","0","70990853","0","0","","","0","2","0","","0","0","","0","","","","","","","","","","","","",""
"32090253","2","0","70990854","0","0","","","0","2","0","","0","0","","0","","","","","","","","","","","","",""
"32090254","2","0","70990855","0","0","","","0","2","0","","0","0","","0","","","","","","","","","","","","",""
"32090255","2","0","70990856","0","0","","","0","2","0","","0","0","","0","","","","","","","","","","","","",""
"32090256","2","0","70990857","0","0","","","0","2","0","","0","0","","0","","","","","","","","","","","","",""
"32090257","2","0","70990858","0","0","","","0","2","0","","0","0","","0","","","","","","","","","","","","",""
"32090258","2","0","70990859","0","0","","","0","2","0","","0","0","","0","","","","","","","","","","","","",""
"32090259","2","0","70990860","0","0","","","0","2","0","","0","0","","0","","","","","","","","","","","","",""
"32090260","2","0","70990861","0","0","","","0","2","0","","0","0","","0","","","","","","","","","","","","",""
"32090261","2","0","70990862","0","0","","","0","2","0","","0","0","","0","","","","","","","","","","","","",""
"32090262","2","0","70990863","0","0","","","0","2","0","","0","0","","0","","","","","","","","","","","","",""
"32090263","1","0","70033296","0","0","","","0","2","0","","0","0","","0","","","","","","","","(31130488,1,31130489,1,31130492,1,31130493,1)","","","","",""
"32090264","1","0","70703046","0","0","","","0","2","0","","0","0","","0","","","","","","","","","","","","",""
"32090265","1","0","70703051","0","0","","","0","2","0","","0","0","","0","","","","","","","","","","","","",""
"32090266","1","0","70703056","0","0","","","0","2","0","","0","0","","0","","","","","","","","","","","","",""
"32090267","1","0","70703061","0","0","","","0","2","0","","0","0","","0","","","","","","","","","","","","",""
"32090268","1","0","70703066","0","0","","","0","2","0","","0","0","","0","","","","","","","","","","","","",""
"32090269","1","0","70703071","0","0","","","0","2","0","","0","0","","0","","","","","","","","","","","","",""
"32090270","1","0","70703076","0","0","","","0","2","0","","0","0","","0","","","","","","","","","","","","",""
"32090271","1","0","70703081","0","0","","","0","2","0","","0","0","","0","","","","","","","","","","","","",""
"32090272","1","0","70703086","0","0","","","0","2","0","","0","0","","0","","","","","","","","","","","","",""
"32090273","2","0","70990865","0","0","","","0","2","0","","0","0","","0","","","","","","","","","","","","",""
"32090274","2","0","70990866","0","0","","","0","2","0","","0","0","","0","","","","","","","","","","","","",""
"32090275","2","0","70990868","0","0","","","0","2","0","","0","0","","0","","","","","","","","","","","","",""
"32090276","2","0","70990869","0","0","","","0","2","0","","0","0","","0","","","","","","","","","","","","",""
"32090277","2","0","70990870","0","0","","","0","2","0","","0","0","","0","","","","","","","","","","","","",""
"32090278","2","0","70990871","0","0","","","0","2","0","","0","0","","0","","","","","","","","","","","","",""
"32090279","2","0","70990872","0","0","","","0","2","0","","0","0","","0","","","","","","","","","","","","",""
"32090280","2","0","70990873","0","0","","","0","2","0","","0","0","","0","","","","","","","","","","","","",""
"32090281","2","0","70990874","0","0","","","0","2","0","","0","0","","0","","","","","","","","","","","","",""
"32090282","2","0","70990875","0","0","","","0","2","0","","0","0","","0","","","","","","","","","","","","",""
"32090283","2","0","70990879","0","0","","","0","2","0","","0","0","","0","","","","","","","","","","","","",""
"32090284","2","0","70990880","0","0","","","0","2","0","","0","0","","0","","","","","","","","","","","","",""
"32090285","2","0","70990881","0","0","","","0","2","0","","0","0","","0","","","","","","","","","","","","",""
"32090286","2","0","70990113","0","0","","","0","2","0","","0","0","","0","","","","","","","","","","","","",""
"32090287","2","0","70990114","0","0","","","0","2","0","","0","0","","0","","","","","","","","","","","","",""
"32090288","2","0","70990882","0","0","","","0","2","0","","0","0","","0","","","","","","","","","","","","",""
"32090289","2","0","70993610","0","0","","","0","2","0","","0","0","","0","","","","","","","","","","","","",""
"32090290","2","0","70990884","0","0","","","0","2","0","","0","0","","0","","","","","","","","","","","","",""
"32090291","1","0","70990886","0","0","","","0","2","0","","0","0","","0","","","","","","","","(31000174,1,31000166,1)","","","","",""
"32090292","1","0","70990887","0","0","","","0","2","0","","0","0","","0","","","","","","","","(31000175,1,31090527,1)","","","","",""
"32090293","1","0","70033302","0","0","","","0","2","0","","0","0","","0","","","","","","","","","","","","",""
"32090294","1","0","70033307","0","0","","","0","2","0","","0","0","","0","","","","","","","","","","","","",""
"32090295","2","0","70504019","0","0","","","0","2","0","","0","0","","0","","","","","","","","","","","","",""
"32090296","2","0","70504020","0","0","","","0","2","0","","0","0","","0","","","","","","","","","","","","",""
"32090297","2","0","70504021","0","0","","","0","2","0","","0","0","","0","","","","","","","","","","","","",""
"32090298","2","0","70990888","0","0","","","0","2","0","","0","0","","0","","","","","","","","","","","","",""
"32090299","1","0","70703096","0","0","","","0","2","0","","0","0","","0","","","","","","","","","","","","",""
"32090300","1","0","70703101","0","0","","","0","2","0","","0","0","","0","","","","","","","","","","","","",""
"32090301","1","0","70703091","0","0","","","0","2","0","","0","0","","0","","","","","","","","","","","","",""
"32090302","2","0","70990889","0","0","","","0","2","0","","0","0","","0","","","","","","","","","","","","",""
"32090303","2","0","70990890","0","0","","","0","2","0","","0","0","","0","","","","","","","","","","","","",""
"32090304","2","0","70990891","0","0","","","0","2","0","","0","0","","0","","","","","","","","","","","","",""
"32090305","2","0","70990892","0","0","","","0","2","0","","0","0","","0","","","","","","","","","","","","",""
"32090306","2","0","70993321","0","0","","","0","2","0","","0","0","","0","","","","","","","","","","","","",""
"32090307","2","0","70993326","0","0","","","0","2","0","","0","0","","0","","","","","","","","","","","","",""
"32090308","2","0","70993331","0","0","","","0","2","0","","0","0","","0","","","","","","","","","","","","",""
"32090309","1","0","70703111","0","0","","","0","2","0","","0","0","","0","","","","","","","","","","","","",""
"32090310","1","0","70703116","0","0","","","0","2","0","","0","0","","0","","","","","","","","","","","","",""
"32090311","1","0","70703106","0","0","","","0","2","0","","0","0","","0","","","","","","","","","","","","",""
"32090312","1","0","70703126","0","0","","","0","2","0","","0","0","","0","","","","","","","","","","","","",""
"32090313","1","0","70703131","0","0","","","0","2","0","","0","0","","0","","","","","","","","","","","","",""
"32090314","1","0","70703121","0","0","","","0","2","0","","0","0","","0","","","","","","","","","","","","",""
"32090315","2","0","70990537","0","0","","","0","2","0","","0","0","","0","","","","","","","","(31026301,1,31026302,1,31026303,1,31026304,1,31026305,1,31026306,1,31026307,1,31026308,1,31026309,1,31026310,1)","","","","",""
"32090316","2","0","70990893","0","0","","","0","2","0","","0","0","","0","","","","","","","","","","","","",""
"32090317","2","0","70033308","0","0","","","0","2","0","","0","0","","0","","","","","","","","(31141000,1,31141001,1,31141002,1)","","","","",""
"32090318","2","0","70033309","0","0","","","0","2","0","","0","0","","0","","","","","","","","(31141003,1,31141004,1,31141005,1)","","","","",""
"32090319","2","0","70033310","0","0","","","0","2","0","","0","0","","0","","","","","","","","(31141006,1,31141007,1,31141008,1)","","","","",""
"32090320","2","0","70990894","0","0","","","0","2","0","","0","0","","0","","","","","","","","","","","","",""
"32090321","2","0","70990895","0","0","","","0","2","0","","0","0","","0","","","","","","","","","","","","",""
"32090322","2","0","70990896","0","0","","","0","2","0","","0","0","","0","","","","","","","","","","","","",""
"32090323","2","0","70990897","0","0","","","0","2","0","","0","0","","0","","","","","","","","","","","","",""
"32090324","1","0","70703141","0","0","","","0","2","0","","0","0","","0","","","","","","","","","","","","",""
"32090325","1","0","70703146","0","0","","","0","2","0","","0","0","","0","","","","","","","","","","","","",""
"32090326","1","0","70703151","0","0","","","0","2","0","","0","0","","0","","","","","","","","","","","","",""
"32090327","1","0","70703156","0","0","","","0","2","0","","0","0","","0","","","","","","","","","","","","",""
"32090328","1","0","70703136","0","0","","","0","2","0","","0","0","","0","","","","","","","","","","","","",""
"32090329","1","0","70703166","0","0","","","0","2","0","","0","0","","0","","","","","","","","","","","","",""
"32090330","1","0","70703171","0","0","","","0","2","0","","0","0","","0","","","","","","","","","","","","",""
"32090331","1","0","70703176","0","0","","","0","2","0","","0","0","","0","","","","","","","","","","","","",""
"32090332","1","0","70703181","0","0","","","0","2","0","","0","0","","0","","","","","","","","","","","","",""
"32090333","1","0","70703161","0","0","","","0","2","0","","0","0","","0","","","","","","","","","","","","",""
"32090334","1","0","70703191","0","0","","","0","2","0","","0","0","","0","","","","","","","","","","","","",""
"32090335","1","0","70703196","0","0","","","0","2","0","","0","0","","0","","","","","","","","","","","","",""
"32090336","1","0","70703201","0","0","","","0","2","0","","0","0","","0","","","","","","","","","","","","",""
"32090337","1","0","70703206","0","0","","","0","2","0","","0","0","","0","","","","","","","","","","","","",""
"32090338","1","0","70703186","0","0","","","0","2","0","","0","0","","0","","","","","","","","","","","","",""
"32090339","1","0","70703211","0","0","","","0","2","0","","0","0","","0","","","","","","","","","","","","",""
"32090340","1","0","70703216","0","0","","","0","2","0","","0","0","","0","","","","","","","","","","","","",""
"32090341","1","0","70703221","0","0","","","0","2","0","","0","0","","0","","","","","","","","","","","","",""
"32090342","1","0","70703226","0","0","","","0","2","0","","0","0","","0","","","","","","","","","","","","",""
"32090343","2","0","70990898","0","0","","","0","2","0","","0","0","","0","","","","","","","","","","","","",""
"32090344","2","0","70990899","0","0","","","0","2","0","","0","0","","0","","","","","","","","","","","","",""
"32090345","2","0","70990900","0","0","","","0","2","0","","0","0","","0","","","","","","","","(31090606,1,31090567,1,31090607,1,31080103,1,31090559,1,31080095,1,31090560,1,31090614,1,31090617,1)","","","","",""
"32090346","2","0","70990901","0","0","","","0","2","0","","0","0","","0","","","","","","","","","","","","",""
"32090347","2","0","70990902","0","0","","","0","2","0","","0","0","","0","","","","","","","","(31020010,10,31020011,10,31020012,10,31020013,10,31020014,10,31020015,10,31020016,10,31020017,10,31020018,10)","","","","",""
"32090348","2","0","70990903","0","0","","","0","2","0","","0","0","","0","","","","","","","","(31020019,10,31020020,10,31020021,10,31020022,10,31020023,10,31020024,10,31020025,10,31020026,10,31020027,10)","","","","",""
"32090349","2","0","70993336","0","0","","","0","2","0","","0","0","","0","","","","","","","","","","","","",""
"32090350","1","0","70703231","0","0","","","0","2","0","","0","0","","0","","","","","","","","","","","","",""
"32090351","1","0","70703241","0","0","","","0","2","0","","0","0","","0","","","","","","","","","","","","",""
"32090352","1","0","70703246","0","0","","","0","2","0","","0","0","","0","","","","","","","","","","","","",""
"32090353","1","0","70703236","0","0","","","0","2","0","","0","0","","0","","","","","","","","","","","","",""
"32090354","1","0","70703247","0","0","","","0","2","0","","0","0","","0","","","","","","","","","","","","",""
"32090355","1","0","70703248","0","0","","","0","2","0","","0","0","","0","","","","","","","","","","","","",""
"32090356","1","0","70703249","0","0","","","0","2","0","","0","0","","0","","","","","","","","","","","","",""
"32090357","2","0","70030091","0","0","","","0","2","0","","0","0","","0","","","","","","","","","","","","",""
"32090358","2","0","70990538","0","0","","","0","2","0","","0","0","","0","","","","","","","","(31051010,20,31051011,20,31051012,20,31051015,20,31051016,20,31051019,20)","","","","",""
"32090359","2","0","70990539","0","0","","","0","2","0","","0","0","","0","","","","","","","","(31120060,1,31120061,1,31120062,1,31120063,1,31120064,1)","","","","",""
"32090360","2","0","70990540","0","0","","","0","2","0","","0","0","","0","","","","","","","","(31120060,1,31120061,1,31120062,1,31120063,1,31120064,1)","","","","",""
"32090361","2","0","70990541","0","0","","","0","2","0","","0","0","","0","","","","","","","","(31120060,1,31120061,1,31120062,1,31120063,1,31120064,1)","","","","",""
"32090362","2","0","70990542","0","0","","","0","2","0","","0","0","","0","","","","","","","","(31120060,1,31120061,1,31120062,1,31120063,1,31120064,1)","","","","",""
"32090363","2","0","70990543","0","0","","","0","2","0","","0","0","","0","","","","","","","","","","","","",""
"32090364","2","0","70990544","0","0","","","0","2","0","","0","0","","0","","","","","","","","(31120065,1,31120066,1,31120067,1)","","","","",""
"32090365","2","0","70990545","0","0","","","0","2","0","","0","0","","0","","","","","","","","(31120065,1,31120066,1,31120067,1)","","","","",""
"32090366","2","0","70990546","0","0","","","0","2","0","","0","0","","0","","","","","","","","(31120065,1,31120066,1,31120067,1)","","","","",""
"32090367","2","0","70990547","0","0","","","0","2","0","","0","0","","0","","","","","","","","(31120065,1,31120066,1,31120067,1)","","","","",""
"32090368","2","0","70990548","0","0","","","0","2","0","","0","0","","0","","","","","","","","","","","","",""
"32090369","2","0","70990549","0","0","","","0","2","0","","0","0","","0","","","","","","","","(31120068,1,31120069,1,31120070,1,31120071,1,31120072,1)","","","","",""
"32090370","2","0","70990550","0","0","","","0","2","0","","0","0","","0","","","","","","","","(31120068,1,31120069,1,31120070,1,31120071,1,31120072,1)","","","","",""
"32090371","2","0","70990551","0","0","","","0","2","0","","0","0","","0","","","","","","","","(31120068,1,31120069,1,31120070,1,31120071,1,31120072,1)","","","","",""
"32090372","2","0","70990552","0","0","","","0","2","0","","0","0","","0","","","","","","","","(31120068,1,31120069,1,31120070,1,31120071,1,31120072,1)","","","","",""
"32090373","2","0","70990553","0","0","","","0","2","0","","0","0","","0","","","","","","","","","","","","",""
"32090374","2","0","70990554","0","0","","","0","2","0","","0","0","","0","","","","","","","","(31120073,1,31120074,1,31120075,1)","","","","",""
"32090375","2","0","70990555","0","0","","","0","2","0","","0","0","","0","","","","","","","","(31120073,1,31120074,1,31120075,1)","","","","",""
"32090376","2","0","70990556","0","0","","","0","2","0","","0","0","","0","","","","","","","","(31120073,1,31120074,1,31120075,1)","","","","",""
"32090377","2","0","70990557","0","0","","","0","2","0","","0","0","","0","","","","","","","","(31120073,1,31120074,1,31120075,1)","","","","",""
"32090378","2","0","70990558","0","0","","","0","2","0","","0","0","","0","","","","","","","","","","","","",""
"32090379","2","0","70990559","0","0","","","0","2","0","","0","0","","0","","","","","","","","(31120076,1,31120077,1,31120078,1,31120079,1,31120080,1)","","","","",""
"32090380","2","0","70990560","0","0","","","0","2","0","","0","0","","0","","","","","","","","(31120076,1,31120077,1,31120078,1,31120079,1,31120080,1)","","","","",""
"32090381","2","0","70990561","0","0","","","0","2","0","","0","0","","0","","","","","","","","(31120076,1,31120077,1,31120078,1,31120079,1,31120080,1)","","","","",""
"32090382","2","0","70990562","0","0","","","0","2","0","","0","0","","0","","","","","","","","(31120076,1,31120077,1,31120078,1,31120079,1,31120080,1)","","","","",""
"32090383","2","0","70990563","0","0","","","0","2","0","","0","0","","0","","","","","","","","","","","","",""
"32090384","2","0","70990564","0","0","","","0","2","0","","0","0","","0","","","","","","","","(31120081,1,31120082,1,31120083,1)","","","","",""
"32090385","2","0","70990565","0","0","","","0","2","0","","0","0","","0","","","","","","","","(31120081,1,31120082,1,31120083,1)","","","","",""
"32090386","2","0","70990566","0","0","","","0","2","0","","0","0","","0","","","","","","","","(31120081,1,31120082,1,31120083,1)","","","","",""
"32090387","2","0","70990567","0","0","","","0","2","0","","0","0","","0","","","","","","","","(31120081,1,31120082,1,31120083,1)","","","","",""
"32090388","2","0","70990568","0","0","","","0","2","0","","0","0","","0","","","","","","","","","","","","",""
"32090389","2","0","70993341","0","0","","","0","2","0","","0","0","","0","","","","","","","","","","","","",""
"32090390","2","0","70993346","0","0","","","0","2","0","","0","0","","0","","","","","","","","","","","","",""
"32090391","2","0","70993351","0","0","","","0","2","0","","0","0","","0","","","","","","","","","","","","",""
"32090392","2","0","70990904","0","0","","","0","2","0","","0","0","","0","","","","","","","","","","","","",""
"32090393","2","0","70990905","0","0","","","0","2","0","","0","0","","0","","","","","","","","","","","","",""
"32090394","2","0","70990906","0","0","","","0","2","0","","0","0","","0","","","","","","","","","","","","",""
"32090395","2","0","70990907","0","0","","","0","2","0","","0","0","","0","","","","","","","","","","","","",""
"32090396","2","0","70990908","0","0","","","0","2","0","","0","0","","0","","","","","","","","","","","","",""
"32090397","2","0","70990909","0","0","","","0","2","0","","0","0","","0","","","","","","","","","","","","",""
"32090398","2","0","70990910","0","0","","","0","2","0","","0","0","","0","","","","","","","","","","","","",""
"32090399","2","0","70990914","0","0","","","0","2","0","","0","0","","0","","","","","","","","","","","","",""
"32090400","2","0","70990917","0","0","","","0","2","0","","0","0","","0","","","","","","","","","","","","",""
"32090401","2","0","70990918","0","0","","","0","2","0","","0","0","","0","","","","","","","","","","","","",""
"32090402","2","0","70990919","0","0","","","0","2","0","","0","0","","0","","","","","","","","","","","","",""
"32090403","2","0","70990923","0","0","","","0","2","0","","0","0","","0","","","","","","","","","","","","",""
"32090404","2","0","70990924","0","0","","","0","2","0","","0","0","","0","","","","","","","","","","","","",""
"32090405","2","0","70990925","0","0","","","0","2","0","","0","0","","0","","","","","","","","","","","","",""
"32090406","2","0","70990927","0","0","","","0","2","0","","0","0","","0","","","","","","","","","","","","",""
"32090407","2","0","70990928","0","0","","","0","2","0","","0","0","","0","","","","","","","","","","","","",""
"32090408","2","0","70990929","0","0","","","0","2","0","","0","0","","0","","","","","","","","","","","","",""
"32090409","2","0","70990930","0","0","","","0","2","0","","0","0","","0","","","","","","","","","","","","",""
"32090410","2","0","70990931","0","0","","","0","2","0","","0","0","","0","","","","","","","","","","","","",""
"32090411","2","0","70990932","0","0","","","0","2","0","","0","0","","0","","","","","","","","","","","","",""
"32090412","2","0","70990933","0","0","","","0","2","0","","0","0","","0","","","","","","","","","","","","",""
"32090413","2","0","70990934","0","0","","","0","2","0","","0","0","","0","","","","","","","","","","","","",""
"32090414","2","0","70990935","0","0","","","0","2","0","","0","0","","0","","","","","","","","","","","","",""
"32090415","2","0","70990936","0","0","","","0","2","0","","0","0","","0","","","","","","","","","","","","",""
"32090416","1","0","70990938","0","0","","","0","2","0","","0","0","","0","","","","","","","","(31000063,30,31020056,30,31020055,30,31000170,30,31000100,50,31090554,1)","","","","",""
"32090417","2","0","70990939","0","0","","","0","2","0","","0","0","","0","","","","","","","","","","","","",""
"32090418","2","0","70990940","0","0","","","0","2","0","","0","0","","0","","","","","","","","","","","","",""
"32090419","2","0","70990941","0","0","","","0","2","0","","0","0","","0","","","","","","","","","","","","",""
"32090420","2","0","70990942","0","0","","","0","2","0","","0","0","","0","","","","","","","","","","","","",""
"32090421","2","0","70990943","0","0","","","0","2","0","","0","0","","0","","","","","","","","","","","","",""
"32090422","2","0","70990944","0","0","","","0","2","0","","0","0","","0","","","","","","","","","","","","",""
"32090423","2","0","70990945","0","0","","","0","2","0","","0","0","","0","","","","","","","","","","","","",""
"32090424","1","0","70990946","0","0","","","0","2","0","","0","0","","0","","","","","","","","(31090591,1,31090135,1,31000054,20,31000045,20,31141065,1,31000156,3,31010025,30,31000102,5)","","","","",""
"32090425","1","0","70990947","0","0","","","0","2","0","","0","0","","0","","","","","","","","(31000052,20,31000056,1000,31040082,20,31000046,20,31090114,1,31090173,1,31141063,1,31140303,1,31090562,3,31090563,3)","","","","",""
"32090426","1","0","70990948","0","0","","","0","2","0","","0","0","","0","","","","","","","","(31051017,20,31051018,20,31051019,20,31051016,20,31051015,20)","","","","",""
"32090427","1","0","70990949","0","0","","","0","2","0","","0","0","","0","","","","","","","","(31051010,20,31051011,20,31051012,20,31090135,3)","","","","",""
"32090428","1","0","70990950","0","0","","","0","2","0","","0","0","","0","","","","","","","","(31040186,20,31040148,20,31040178,20,31040172,20)","","","","",""
"32090429","1","0","70990951","0","0","","","0","2","0","","0","0","","0","","","","","","","","(31040141,20,31040105,20,31040142,20,31040154,20,31040099,20)","","","","",""
"32090430","2","0","70990952","0","0","","","0","2","0","","0","0","","0","","","","","","","","","","","","",""
"32090431","2","0","70990953","0","0","","","0","2","0","","0","0","","0","","","","","","","","","","","","",""
"32090432","2","0","70990954","0","0","","","0","2","0","","0","0","","0","","","","","","","","","","","","",""
"32090433","2","0","70990955","0","0","","","0","2","0","","0","0","","0","","","","","","","","","","","","",""
"32090434","2","0","70990956","0","0","","","0","2","0","","0","0","","0","","","","","","","","","","","","",""
"32090435","2","0","70990957","0","0","","","0","2","0","","0","0","","0","","","","","","","","","","","","",""
"32090436","1","0","70990958","0","0","","","0","2","0","","0","0","","0","","","","","","","","(31030093,20,31030105,20,31030111,20,31030099,20)","","","","",""
"32090437","1","0","70990959","0","0","","","0","2","0","","0","0","","0","","","","","","","","(31000073,20,31030081,20,31030087,20,31000056,1000)","","","","",""
"32090438","1","0","70990960","0","0","","","0","2","0","","0","0","","0","","","","","","","","(31130488,1,31130486,1,31130442,1,31130443,1,31130484,1,31130485,1,31130440,1)","","","","",""
"32090439","1","0","70990961","0","0","","","0","2","0","","0","0","","0","","","","","","","","(31130421,1,31130424,1,31130428,1,31130433,1,31130435,1,31130436,1,31130437,1)","","","","",""
"32090440","2","0","70990962","0","0","","","0","2","0","","0","0","","0","","","","","","","","","","","","",""
"32090441","2","0","70990963","0","0","","","0","2","0","","0","0","","0","","","","","","","","","","","","",""
"32090442","2","0","70990964","0","0","","","0","2","0","","0","0","","0","","","","","","","","","","","","",""
"32090443","2","0","70990965","0","0","","","0","2","0","","0","0","","0","","","","","","","","","","","","",""
"32090444","2","0","70990966","0","0","","","0","2","0","","0","0","","0","","","","","","","","","","","","",""
"32090445","1","0","70990967","0","0","","","0","2","0","","0","0","","0","","","","","","","","(31000174,1,31090039,1)","","","","",""
"32090446","1","0","70990968","0","0","","","0","2","0","","0","0","","0","","","","","","","","(31000175,1,31000166,1)","","","","",""
"32090447","2","0","70990969","0","0","","","0","2","0","","0","0","","0","","","","","","","","","","","","",""
"32090448","2","0","70990972","0","0","","","0","2","0","","0","0","","0","","","","","","","","","","","","",""
"32090449","2","0","70990973","0","0","","","0","2","0","","0","0","","0","","","","","","","","","","","","",""
"32090450","2","0","70990974","0","0","","","0","2","0","","0","0","","0","","","","","","","","","","","","",""
"32090451","2","0","70990975","0","0","","","0","2","0","","0","0","","0","","","","","","","","","","","","",""
"32090452","2","0","70990976","0","0","","","0","2","0","","0","0","","0","","","","","","","","","","","","",""
"32090453","1","0","70990977","0","0","","","0","2","0","","0","0","","0","","","","","","","","(31030099,20,31090549,1,31090550,1)","","","","",""
"32090454","2","0","70990978","0","0","","","0","2","0","","0","0","","0","","","","","","","","","","","","",""
"32090455","2","0","70990979","0","0","","","0","2","0","","0","0","","0","","","","","","","","","","","","",""
"32090456","2","0","70990980","0","0","","","0","2","0","","0","0","","0","","","","","","","","","","","","",""
"32090457","2","0","70990981","0","0","","","0","2","0","","0","0","","0","","","","","","","","","","","","",""
"32090458","1","0","70990982","0","0","","","0","2","0","","0","0","","0","","","","","","","","(31041103,1,31041104,1,31041105,1)","","","","",""
"32090459","1","0","70990983","0","0","","","0","2","0","","0","0","","0","","","","","","","","(31030093,20,31040148,20,31051017,20,31080103,1)","","","","",""
"32090460","2","0","70990984","0","0","","","0","2","0","","0","0","","0","","","","","","","","","","","","",""
"32090461","1","0","70990985","0","0","","","0","2","0","","0","0","","0","","","","","","","","","","","","",""
"32090462","1","0","70990986","0","0","","","0","2","0","","0","0","","0","","","","","","","","","","","","",""
"32090463","1","0","70990987","0","0","","","0","2","0","","0","0","","0","","","","","","","","","","","","",""
"32090464","1","0","70990988","0","0","","","0","2","0","","0","0","","0","","","","","","","","(31090562,3,31000181,5,31026331,3,31000063,30,31020056,50,31020055,50,31000170,50,31000102,20)","","","","",""
"32090465","1","0","70990989","0","0","","","0","2","0","","0","0","","0","","","","","","","","(31101124,1,31090501,5,31020064,5,31020063,5,31141065,1,31000156,3,31010025,30,31000102,5)","","","","",""
"32090466","2","0","70990990","0","0","","","0","2","0","","0","0","","0","","","","","","","","","","","","",""
"32090467","1","0","70990991","0","0","","","0","2","0","","0","0","","0","","","","","","","","(31090645,1,31090644,1,31090643,1,31090610,1,31090593,1,31090567,1,31090607,1,31090606,1,31080103,1,31142103,1,31090560,1)","","","","",""
"32090468","2","0","70990992","0","0","","","0","2","0","","0","0","","0","","","","","","","","","","","","",""
"32090469","2","0","70990993","0","0","","","0","2","0","","0","0","","0","","","","","","","","","","","","",""
"32090470","2","0","70990994","0","0","","","0","2","0","","0","0","","0","","","","","","","","","","","","",""
"32090471","2","0","70990995","0","0","","","0","2","0","","0","0","","0","","","","","","","","","","","","",""
"32090472","2","0","70990996","0","0","","","0","2","0","","0","0","","0","","","","","","","","","","","","",""
"32090473","2","0","70990997","0","0","","","0","2","0","","0","0","","0","","","","","","","","","","","","",""
"32090474","2","0","70990998","0","0","","","0","2","0","","0","0","","0","","","","","","","","","","","","",""
"32090475","2","0","70990999","0","0","","","0","2","0","","0","0","","0","","","","","","","","","","","","",""
"32090476","2","0","70991000","0","0","","","0","2","0","","0","0","","0","","","","","","","","","","","","",""
"32090477","2","0","70991100","0","0","","","0","2","0","","0","0","","0","","","","","","","","","","","","",""
"32090478","1","0","70991101","0","0","","","0","2","0","","0","0","","0","","","","","","","","(31030105,20,31051018,20,31090560,1)","","","","",""
"32090479","2","0","70991102","0","0","","","0","2","0","","0","0","","0","","","","","","","","","","","","",""
"32090480","2","0","70991103","0","0","","","0","2","0","","0","0","","0","","","","","","","","","","","","",""
"32090481","2","0","70991104","0","0","","","0","2","0","","0","0","","0","","","","","","","","","","","","",""
"32090482","1","0","70703259","0","0","","","0","2","0","","0","0","","0","","","","","","","","","","","","",""
"32090483","1","0","70703264","0","0","","","0","2","0","","0","0","","0","","","","","","","","","","","","",""
"32090484","1","0","70703254","0","0","","","0","2","0","","0","0","","0","","","","","","","","","","","","",""
"32090485","1","0","70991106","0","0","","","0","2","0","","0","0","","0","","","","","","","","","","","","",""
"32090486","1","0","70991107","0","0","","","0","2","0","","0","0","","0","","","","","","","","","","","","",""
"32090487","1","0","70991108","0","0","","","0","2","0","","0","0","","0","","","","","","","","","","","","",""
"32090488","1","0","70991109","0","0","","","0","2","0","","0","0","","0","","","","","","","","","","","","",""
"32090489","1","0","70991110","0","0","","","0","2","0","","0","0","","0","","","","","","","","","","","","",""
"32090490","1","0","70991111","0","0","","","0","2","0","","0","0","","0","","","","","","","","","","","","",""
"32090491","1","0","70991112","0","0","","","0","2","0","","0","0","","0","","","","","","","","","","","","",""
"32090492","1","0","70991113","0","0","","","0","2","0","","0","0","","0","","","","","","","","","","","","",""
"32090493","1","0","70991114","0","0","","","0","2","0","","0","0","","0","","","","","","","","","","","","",""
"32090494","2","0","70991115","0","0","","","0","2","0","","0","0","","0","","","","","","","","","","","","",""
"32090495","1","0","70991116","0","0","","","0","2","0","","0","0","","0","","","","","","","","","","","","",""
"32090496","1","0","70991117","0","0","","","0","2","0","","0","0","","0","","","","","","","","","","","","",""
"32090497","1","0","70991118","0","0","","","0","2","0","","0","0","","0","","","","","","","","","","","","",""
"32090498","1","0","70991119","0","0","","","0","2","0","","0","0","","0","","","","","","","","","","","","",""
"32090499","1","0","70991120","0","0","","","0","2","0","","0","0","","0","","","","","","","","","","","","",""
"32090500","1","0","70991121","0","0","","","0","2","0","","0","0","","0","","","","","","","","","","","","",""
"32090501","1","0","70991122","0","0","","","0","2","0","","0","0","","0","","","","","","","","","","","","",""
"32090502","1","0","70991123","0","0","","","0","2","0","","0","0","","0","","","","","","","","","","","","",""
"32090503","1","0","70991124","0","0","","","0","2","0","","0","0","","0","","","","","","","","","","","","",""
"32090504","1","0","70991125","0","0","","","0","2","0","","0","0","","0","","","","","","","","","","","","",""
"32090505","1","0","70991126","0","0","","","0","2","0","","0","0","","0","","","","","","","","","","","","",""
"32090506","1","0","70991127","0","0","","","0","2","0","","0","0","","0","","","","","","","","","","","","",""
"32090507","1","0","70991128","0","0","","","0","2","0","","0","0","","0","","","","","","","","","","","","",""
"32090508","1","0","70991129","0","0","","","0","2","0","","0","0","","0","","","","","","","","","","","","",""
"32090509","1","0","70991130","0","0","","","0","2","0","","0","0","","0","","","","","","","","","","","","",""
"32090510","1","0","70991131","0","0","","","0","2","0","","0","0","","0","","","","","","","","","","","","",""
"32090511","1","0","70991132","0","0","","","0","2","0","","0","0","","0","","","","","","","","(31140205,1,31140208,1,31140214,1)","","","","",""
"32090512","2","0","70991133","0","0","","","0","2","0","","0","0","","0","","","","","","","","","","","","",""
"32090513","2","0","70991134","0","0","","","0","2","0","","0","0","","0","","","","","","","","","","","","",""
"32090514","1","0","70991135","0","0","","","0","2","0","","0","0","","0","","","","","","","","(31040160,20,31030111,20,31051020,20,31141065,2,31090501,20,31090173,2)","","","","",""
"32090515","1","0","70991136","0","0","","","0","2","0","","0","0","","0","","","","","","","","(31040160,20,31030111,20,31051020,20,31041154,2,31041153,20,31041147,1)","","","","",""
"32090516","1","0","70991137","0","0","","","0","2","0","","0","0","","0","","","","","","","","(31040160,20,31030111,20,31051020,20,31000170,100,31041155,15,31000100,150)","","","","",""
"32090517","1","0","70991138","0","0","","","0","2","0","","0","0","","0","","","","","","","","","","","","",""
"32090518","1","0","70991139","0","0","","","0","2","0","","0","0","","0","","","","","","","","","","","","",""
"32090519","1","0","70991140","0","0","","","0","2","0","","0","0","","0","","","","","","","","","","","","",""
"32090520","2","0","70991141","0","0","","","0","2","0","","0","0","","0","","","","","","","","","","","","",""
"32090521","2","0","70991142","0","0","","","0","2","0","","0","0","","0","","","","","","","","","","","","",""
"32090522","2","0","70991143","0","0","","","0","2","0","","0","0","","0","","","","","","","","","","","","",""
"32090523","2","0","70991150","0","0","","","0","2","0","","0","0","","0","","","","","","","","","","","","",""
"32090524","1","0","70991151","0","0","","","0","2","0","","0","0","","0","","","","","","","","(31051022,20,31140143,1,31041154,2,31141065,2,31090501,20,31090173,2)","","","","",""
"32090525","1","0","70991152","0","0","","","0","2","0","","0","0","","0","","","","","","","","(31051022,20,31041154,2,31041153,20,31041147,1)","","","","",""
"32090526","1","0","70991153","0","0","","","0","2","0","","0","0","","0","","","","","","","","(31051022,20,31000170,100,31041155,15,31000100,150)","","","","",""
"32090527","1","0","70991154","0","0","","","0","2","0","","0","0","","0","","","","","","","","","","","","",""
"32090528","1","0","70991155","0","0","","","0","2","0","","0","0","","0","","","","","","","","","","","","",""
"32090529","2","0","70991156","0","0","","","0","2","0","","0","0","","0","","","","","","","","","","","","",""
"32090530","1","0","70991161","0","0","","","0","2","0","","0","0","","0","","","","","","","","","","","","",""
"32090531","1","0","70991162","0","0","","","0","2","0","","0","0","","0","","","","","","","","(31030121,20,31040206,20,31051021,20,31141065,2,31090501,20,31141042,1,31141043,1,31141044,1)","","","","",""
"32090532","1","0","70991163","0","0","","","0","2","0","","0","0","","0","","","","","","","","(31030121,20,31040206,20,31051021,20,31041154,2,31041153,20,31041147,1,31090501,20)","","","","",""
"32090533","1","0","70991164","0","0","","","0","2","0","","0","0","","0","","","","","","","","(31030121,20,31040206,20,31051021,20,31000170,100,31041155,15,31000100,150)","","","","",""
"32090534","1","0","70991165","0","0","","","0","2","0","","0","0","","0","","","","","","","","(31090686,1,31130494,1,31040166,20,31026309,20,31142305,100,31142308,100,31141065,2,31141064,1)","","","","",""
"32090535","1","0","70991166","0","0","","","0","2","0","","0","0","","0","","","","","","","","(31090686,1,31130494,1,31040166,20,31142305,100,31142308,100,31041154,2,31041153,20,31090501,20)","","","","",""
"32090536","1","0","70991167","0","0","","","0","2","0","","0","0","","0","","","","","","","","(31090686,1,31130494,1,31040166,20,31140143,2,31000170,100,31041155,15,31000100,150)","","","","",""
"32090537","1","0","70991168","0","0","","","0","2","0","","0","0","","0","","","","","","","","","","","","",""
"32090538","1","0","70991169","0","0","","","0","2","0","","0","0","","0","","","","","","","","","","","","",""
"32090539","1","0","70991170","0","0","","","0","2","0","","0","0","","0","","","","","","","","","","","","",""
"32090540","1","0","70991171","0","0","","","0","2","0","","0","0","","0","","","","","","","","","","","","",""
"32090541","2","0","70991172","0","0","","","0","2","0","","0","0","","0","","","","","","","","","","","","",""
"32090542","1","0","70991173","0","0","","","0","2","0","","0","0","","0","","","","","","","","","","","","",""
"32090543","1","0","70991174","0","0","","","0","2","0","","0","0","","0","","","","","","","","(31090567,1,31090619,1,31090560,1,31090593,1,31041182,1,31026308,20,31141065,2,31141064,1)","","","","",""
"32090544","1","0","70991175","0","0","","","0","2","0","","0","0","","0","","","","","","","","(31090567,1,31090619,1,31090560,1,31090593,1,31041182,1,31041154,2,31041153,20,31090501,20)","","","","",""
"32090545","1","0","70991176","0","0","","","0","2","0","","0","0","","0","","","","","","","","(31090567,1,31090619,1,31090560,1,31090593,1,31041182,1,31140143,2,31041155,15,31000100,150)","","","","",""
"32091001","1","0","70990033","0","0","","","0","2","0","","0","0","","0","","","1","","","","","","","","","",""
"32091002","1","0","70990034","0","0","","","0","2","0","","0","0","","0","","","1","","","","","","","","","",""
"32091003","1","0","70990035","0","0","","","0","2","0","","0","0","","0","","","1","","","","","","","","","",""
"32091004","1","0","70990036","0","0","","","0","2","0","","0","0","","0","","","1","","","","","","","","","",""
"32091005","1","0","70990037","0","0","","","0","2","0","","0","0","","0","","","0","","","","","","","","","",""
"32091006","1","0","70990038","0","0","","","0","2","0","","0","0","","0","","","0","","","","","","","","","",""
"32091007","1","0","70990039","0","0","","","0","2","0","","0","0","","0","","","1","","","","","","","","","",""
"32091008","1","0","70990040","0","0","","","0","2","0","","0","0","","0","","","1","","","","","","","","","",""
"32091009","1","0","70990041","0","0","","","0","2","0","","0","0","","0","","","1","","","","","","","","","",""
"32091010","1","0","70990042","0","0","","","0","2","0","","0","0","","0","","","0","","","","","","","","","",""
"32091011","1","0","70990043","0","0","","","0","2","0","","0","0","","0","","","1","","","","","","","","","",""
"32091012","1","0","70990044","0","0","","","0","2","0","","0","0","","0","","","1","","","","","","","","","",""
"32091013","1","0","70990045","0","0","","","0","2","0","","0","0","","0","","","1","","","","","","","","","",""
"32091014","1","0","70990046","0","0","","","0","2","0","","0","0","","0","","","1","","","","","","","","","",""
"32091015","1","0","70990047","0","0","","","0","2","0","","0","0","","0","","","0","","","","","","","","","",""
"32091016","1","0","70990048","0","0","","","0","2","0","","0","0","","0","","","1","","","","","","","","","",""
"32091017","1","0","70990049","0","0","","","0","2","0","","0","0","","0","","","1","","","","","","","","","",""
"32091018","1","0","70990050","0","0","","","0","2","0","","0","0","","0","","","1","","","","","","","","","",""
"32091019","1","0","70990051","0","0","","","0","2","0","","0","0","","0","","","1","","","","","","","","","",""
"32091020","1","0","70990052","0","0","","","0","2","0","","0","0","","0","","","0","","","","","","","","","",""
"32091021","2","0","70990053","0","0","","","0","2","0","","0","0","","0","","","","","","","","","","","","",""
"32091022","2","0","70990054","0","0","","","0","2","0","","0","0","","0","","","","","","","","","","","","",""
"32091023","2","0","70990055","0","0","","","0","2","0","","0","0","","0","","","","","","","","","","","","",""
"32091024","2","0","70990056","0","0","","","0","2","0","","0","0","","0","","","","","","","","","","","","",""
"32091025","2","0","70990057","0","0","","","0","9","0","","0","0","","0","","","","","","","","","","","","",""
"32091026","2","0","70990058","0","0","","","0","2","0","","0","0","","0","","","","","","","","","","","","",""
"32091027","1","0","70990059","0","0","","","0","2","0","","0","0","","0","","","","","","","","","","","","",""
"32091028","1","0","70990060","0","0","","","0","2","0","","0","0","","0","","","","","","","","","","","","",""
"32091029","1","0","70990061","0","0","","","0","2","0","","0","0","","0","","","","","","","","","","","","",""
"32091030","1","0","70990062","0","0","","","0","2","0","","0","0","","0","","","","","","","","","","","","",""
"32091031","1","0","70990063","0","0","","","0","2","0","","0","0","","0","","","","","","","","","","","","",""
"32091032","1","0","70990064","0","0","","","0","2","0","","0","0","","0","","","","","","","","","","","","",""
"32091033","1","0","70990065","0","0","","","0","9","0","","0","0","","0","","","","","","","","","","","","",""
"32091034","1","0","70990066","0","0","","","0","9","0","","0","0","","0","","","","","","","","","","","","",""
"32091035","2","0","70504009","0","0","","","0","2","0","","0","0","","0","","","","","","","","","","","","",""
"32091036","2","0","70504010","0","0","","","0","2","0","","0","0","","0","","","","","","","","","","","","",""
"32091037","1","0","70990067","0","0","","","0","2","0","","0","0","","0","","","","","","","","","","","","",""
"32091038","2","0","70991017","0","0","","","0","9","0","","0","0","","0","","","","","","","","","","","","",""
"32091039","2","0","70991018","0","0","","","0","9","0","","0","0","","0","","","","","","","","","","","","",""
"32091040","2","0","70991019","0","0","","","0","9","0","","0","0","","0","","","","","","","","","","","","",""
"32091041","2","0","70991020","0","0","","","0","2","0","","0","0","","0","","","","","","","","","","","","",""
"32091042","2","0","70990071","0","0","","","0","9","0","","0","0","","0","","","","","","","","","","","","",""
"32091043","2","0","70990072","0","0","","","0","2","0","","0","0","","0","","","","","","","","","","","","",""
"32091044","2","0","70990073","0","0","","","0","2","0","","0","0","","0","","","","","","","","","","","","",""
"32091045","2","0","70990074","0","0","","","0","2","0","","0","0","","0","","","","","","","","","","","","",""
"32091046","2","0","70990075","0","0","","","0","9","0","","0","0","","0","","","","","","","","","","","","",""
"32091047","2","0","70990074","0","0","","","0","2","0","","0","0","","0","","","","","","","","","","","","",""
"32091056","2","0","70030503","0","0","","","0","9","0","","0","0","","0","","","","","","","","","","","","",""
"32091057","2","0","70030504","0","0","","","0","9","0","","0","0","","0","","","","","","","","","","","","",""
"32091058","2","0","70030505","0","0","","","0","9","0","","0","0","","0","","","","","","","","","","","","",""
"32091059","2","0","70030506","0","0","","","0","9","0","","0","0","","0","","","","","","","","","","","","",""
"32091060","2","0","70030507","0","0","","","0","9","0","","0","0","","0","","","","","","","","","","","","",""
"32091061","1","0","70030508","0","0","0","","0","2","0","","0","0","","0","0","","","","","","","","","","","",""
"32091062","1","0","70030509","0","0","0","","0","2","0","","0","0","","0","0","","","","","","","","","","","",""
"32091063","1","0","70030510","0","0","0","","0","2","0","","0","0","","0","0","","","","","","","","","","","",""
"32091064","2","0","70030511","0","0","","","0","9","0","","0","0","","0","","","","","","","","","","","","",""
"32091065","2","0","70030512","0","0","","","0","9","0","","0","0","","0","","","","","","","","(31060090,1,31060091,1,31060092,1,31060093,1,31060094,1,31060095,1,31060096,1,31060097,1)","","","","",""
"32091066","2","0","70030513","0","0","","","0","9","0","","0","0","","0","","","","","","","","","","","","",""
"32091101","2","0","70990501","0","0","","","0","2","0","","0","0","","0","","","","","","","","","","","","",""
"32091102","2","0","70990502","0","0","","","0","2","0","","0","0","","0","","","","","","","","","","","","",""
"32091103","2","0","70990503","0","0","","","0","2","0","","0","0","","0","","","","","","","","","","","","",""
"32091104","2","0","70990504","0","0","","","0","2","0","","0","0","","0","","","","","","","","","","","","",""
"32091105","2","0","70990505","0","0","","","0","2","0","","0","0","","0","","","","","","","","","","","","",""
"32091106","2","0","70990506","0","0","","","0","2","0","","0","0","","0","","","","","","","","","","","","",""
"32091107","2","0","70990507","0","0","","","0","2","0","","0","0","","0","","","","","","","","","","","","",""
"32091108","2","0","70990508","0","0","","","0","2","0","","0","0","","0","","","","","","","","","","","","",""
"32091109","2","0","70990509","0","0","","","0","2","0","","0","0","","0","","","","","","","","","","","","",""
"32091110","2","0","70990510","0","0","","","0","2","0","","0","0","","0","","","","","","","","","","","","",""
"32091111","2","0","70990511","0","0","","","0","2","0","","0","0","","0","","","","","","","","","","","","",""
"32091112","2","0","70990512","0","0","","","0","2","0","","0","0","","0","","","","","","","","","","","","",""
"32091113","2","0","70990513","0","0","","","0","2","0","","0","0","","0","","","","","","","","","","","","",""
"32091114","2","0","70990514","0","0","","","0","2","0","","0","0","","0","","","","","","","","","","","","",""
"32091115","2","0","70990515","0","0","","","0","2","0","","0","0","","0","","","","","","","","","","","","",""
"32091116","2","0","70990516","0","0","","","0","2","0","","0","0","","0","","","","","","","","","","","","",""
"32091117","2","0","70990517","0","0","","","0","2","0","","0","0","","0","","","","","","","","","","","","",""
"32091118","2","0","70990518","0","0","","","0","2","0","","0","0","","0","","","","","","","","","","","","",""
"32091119","2","0","70990519","0","0","","","0","2","0","","0","0","","0","","","","","","","","","","","","",""
"32091120","2","0","70990520","0","0","","","0","2","0","","0","0","","0","","","","","","","","","","","","",""
"32091121","2","0","70990521","0","0","","","0","2","0","","0","0","","0","","","","","","","","","","","","",""
"32091122","2","0","70990522","0","0","","","0","2","0","","0","0","","0","","","","","","","","","","","","",""
"32091123","2","0","70990523","0","0","","","0","2","0","","0","0","","0","","","","","","","","","","","","",""
"32091124","2","0","70990524","0","0","","","0","2","0","","0","0","","0","","","","","","","","","","","","",""
"32091125","2","0","70990525","0","0","","","0","2","0","","0","0","","0","","","","","","","","","","","","",""
"32091126","2","0","70990526","0","0","","","0","2","0","","0","0","","0","","","","","","","","","","","","",""
"32091127","2","0","70990527","0","0","","","0","2","0","","0","0","","0","","","","","","","","","","","","",""
"32091128","2","0","70990528","0","0","","","0","2","0","","0","0","","0","","","","","","","","","","","","",""
"32091129","2","0","70990529","0","0","","","0","2","0","","0","0","","0","","","","","","","","","","","","",""
"32091130","2","0","70990530","0","0","","","0","2","0","","0","0","","0","","","","","","","","","","","","",""
"32091131","2","0","70990531","0","0","","","0","2","0","","0","0","","0","","","","","","","","","","","","",""
"32091132","2","0","70990532","0","0","","","0","2","0","","0","0","","0","","","","","","","","","","","","",""
"32091133","2","0","70990533","0","0","","","0","2","0","","0","0","","0","","","","","","","","","","","","",""
"32091134","2","0","70990534","0","0","","","0","2","0","","0","0","","0","","","","","","","","","","","","",""
"32091135","2","0","70990535","0","0","","","0","2","0","","0","0","","0","","","","","","","","","","","","",""
"32091136","2","0","70990536","0","0","","","0","2","0","","0","0","","0","","","","","","","","","","","","",""
"32091137","2","0","70990701","0","0","","","0","2","0","","0","0","","0","","","","","","","","","","","","",""
"32091138","2","0","70990702","0","0","","","0","2","0","","0","0","","0","","","","","","","","","","","","",""
"32091139","2","0","70990703","0","0","","","0","2","0","","0","0","","0","","","","","","","","","","","","",""
"32091140","2","0","70990704","0","0","","","0","2","0","","0","0","","0","","","","","","","","","","","","",""
"32091141","2","0","70990102","0","0","","","0","2","0","","0","0","","0","","","","","","","","","","","","",""
"32091901","2","0","70985901","0","0","","","0","2","0","","0","0","","0","","","","","","","","","","","","",""
"32091902","2","0","70985902","0","0","","","0","2","0","","0","0","","0","","","","","","","","","","","","",""
"32091903","2","0","70985903","0","0","","","0","2","0","","0","0","","0","","","","","","","","","","","","",""
"32091904","2","0","70985904","0","0","","","0","2","0","","0","0","","0","","","","","","","","","","","","",""
"32091905","2","0","70985905","0","0","","","0","2","0","","0","0","","0","","","","","","","","","","","","",""
"32092001","2","0","70986001","0","0","","","0","2","0","","0","0","","0","","","","","","","","","","","","",""
"32092002","2","0","70986002","0","0","","","0","2","0","","0","0","","0","","","","","","","","","","","","",""
"32092003","2","0","70986003","0","0","","","0","2","0","","0","0","","0","","","","","","","","","","","","",""
"32092004","2","0","70986004","0","0","","","0","2","0","","0","0","","0","","","","","","","","","","","","",""
"32092005","2","0","70986005","0","0","","","0","2","0","","0","0","","0","","","","","","","","","","","","",""
"32092006","2","0","70986006","0","0","","","0","2","0","","0","0","","0","","","","","","","","","","","","",""
"32092007","2","0","70986007","0","0","","","0","2","0","","0","0","","0","","","","","","","","","","","","",""
"32092008","2","0","70986008","0","0","","","0","2","0","","0","0","","0","","","","","","","","","","","","",""
"32092009","2","0","70986009","0","0","","","0","2","0","","0","0","","0","","","","","","","","","","","","",""
"32092010","2","0","70986010","0","0","","","0","2","0","","0","0","","0","","","","","","","","","","","","",""
"32092011","2","0","70986011","0","0","","","0","2","0","","0","0","","0","","","","","","","","","","","","",""
"32092012","2","0","70986012","0","0","","","0","2","0","","0","0","","0","","","","","","","","","","","","",""
"32092013","2","0","70986013","0","0","","","0","2","0","","0","0","","0","","","","","","","","","","","","",""
"32092014","2","0","70986014","0","0","","","0","2","0","","0","0","","0","","","","","","","","","","","","",""
"32092015","2","0","70986015","0","0","","","0","2","0","","0","0","","0","","","","","","","","","","","","",""
"32092016","2","0","70986016","0","0","","","0","2","0","","0","0","","0","","","","","","","","","","","","",""
"32092017","2","0","70986017","0","0","","","0","2","0","","0","0","","0","","","","","","","","","","","","",""
"32092018","2","0","70986018","0","0","","","0","2","0","","0","0","","0","","","","","","","","","","","","",""
"32092019","2","0","70986019","0","0","","","0","2","0","","0","0","","0","","","","","","","","","","","","",""
"32092020","2","0","70986020","0","0","","","0","2","0","","0","0","","0","","","","","","","","","","","","",""
"32092021","2","0","70986021","0","0","","","0","2","0","","0","0","","0","","","","","","","","","","","","",""
"32092022","2","0","70986022","0","0","","","0","2","0","","0","0","","0","","","","","","","","","","","","",""
"32092023","2","0","70986023","0","0","","","0","2","0","","0","0","","0","","","","","","","","","","","","",""
"32092024","2","0","70986024","0","0","","","0","2","0","","0","0","","0","","","","","","","","","","","","",""
"32092025","2","0","70986025","0","0","","","0","2","0","","0","0","","0","","","","","","","","","","","","",""
"32091142","1","0","0","0","0","","","0","2","0","","0","0","","0","","","","","","","","","","","","",""
"32100000","1","0","0","0","0","(-1,-1,92530001,-1,-1)","","39000001","2","0","","0","0","","0","","","","","","","","","","","","",""
"32100001","1","0","0","0","0","(-1,-1,92530001,-1,-1)","","39000002","2","0","","0","0","","0","","","","","","","","","","","","",""
"32100002","1","0","0","0","0","(-1,-1,92530001,-1,-1)","","39000009","2","0","","0","0","","0","","","","","","","","","","","","",""
"32100003","1","0","0","0","0","(-1,-1,92530001,-1,-1)","","39000005","2","0","","0","0","","0","","","","","","","","","","","","",""
"32100004","1","0","0","0","0","(-1,-1,92530001,-1,-1)","","39000006","2","0","","0","0","","0","","","","","","","","","","","","",""
"32100005","1","0","0","0","0","(-1,-1,92530001,-1,-1)","","39000010","2","0","","0","0","","0","","","","","","","","","","","","",""
"32100006","1","0","0","0","0","(-1,-1,92530001,-1,-1)","","39000007","2","0","","0","0","","0","","","","","","","","","","","","",""
"32100007","1","0","0","0","0","(-1,-1,92530001,-1,-1)","","39000008","2","0","","0","0","","0","","","","","","","","","","","","",""
"32100008","1","0","0","0","0","(-1,-1,92530001,-1,-1)","","39000003","2","0","","0","0","","0","","","","","","","","","","","","",""
"32100009","1","0","0","0","0","(-1,-1,92530001,-1,-1)","","39000012","2","0","","0","0","","0","","","","","","","","","","","","",""
"32100010","1","0","0","0","0","(-1,-1,92530001,-1,-1)","","39000004","2","0","","0","0","","0","","","","","","","","","","","","",""
"32100011","1","0","0","0","0","(-1,-1,92530001,-1,-1)","","39000011","2","0","","0","0","","0","","","","","","","","","","","","",""
"32100012","3","0","0","0","0","(-1,-1,92310006,-1,-1)","","0","2","30","(1,31100015)","0","0","","0","","","","","","","","","","","","",""
"32100013","3","0","0","0","0","(-1,-1,92310006,-1,-1)","","0","2","990","(10,31100015)","0","0","","0","","","","","","","","","","","","",""
"32100014","3","0","0","0","0","(-1,-1,92310006,-1,-1)","","0","2","9990","(100,31100015)","0","0","","0","","","","","","","","","","","","",""
"32100015","3","0","0","0","0","(-1,-1,92310006,-1,-1)","","0","2","10","(0,0)","0","0","","0","","","","","","","","","","","","",""
"32100016","0","0","0","0","0","","","0","2","0","","0","0","","0","","","","","","","","","","","","",""
"32100017","0","0","0","0","0","","","0","2","0","","0","0","","0","","","","","","","","","","","","",""
"32100018","0","0","0","0","0","","","0","2","0","","0","0","","0","","","","","","","","","","","","",""
"32100019","1","0","70990701","0","0","","","39000013","2","0","","0","0","","0","","","","","","","","","","","","",""
"32100020","1","0","70990702","0","0","","","39000014","2","0","","0","0","","0","","","","","","","","","","","","",""
"32100021","1","0","70990703","0","0","","","39000015","2","0","","0","0","","0","","","","","","","","","","","","",""
"32100022","1","0","70990704","0","0","","","39000016","2","0","","0","0","","0","","","","","","","","","","","","",""
"32100023","1","0","0","0","0","(-1,-1,92530001,-1,-1)","","39000017","2","0","","0","0","","0","","","","","","","","","","","","",""
"32100024","1","0","0","0","0","(-1,-1,92530001,-1,-1)","","39000018","2","0","","0","0","","0","","","","","","","","","","","","",""
"32100025","1","0","0","0","0","(-1,-1,92530001,-1,-1)","","39000019","2","0","","0","0","","0","","","","","","","","","","","","",""
"32100026","1","0","0","0","0","(-1,-1,92530001,-1,-1)","","39000020","2","0","","0","0","","0","","","","","","","","","","","","",""
"32100027","1","0","0","0","0","(-1,-1,92530001,-1,-1)","","39000021","2","0","","0","0","","0","","","","","","","","","","","","",""
"32100028","1","0","0","0","0","(-1,-1,92530001,-1,-1)","","39000022","2","0","","0","0","","0","","","","","","","","","","","","",""
"32100029","1","0","0","0","0","(-1,-1,92530001,-1,-1)","","39000023","2","0","","0","0","","0","","","","","","","","","","","","",""
"32100030","1","0","0","0","0","(-1,-1,92530001,-1,-1)","","39000024","2","0","","0","0","","0","","","","","","","","","","","","",""
"32100031","1","0","0","0","0","(-1,-1,92530001,-1,-1)","","39000025","2","0","","0","0","","0","","","","","","","","","","","","",""
"32100032","1","0","0","0","0","(-1,-1,92530001,-1,-1)","","39000030","2","0","","0","0","","0","","","","","","","","","","","","",""
"32100033","1","0","0","0","0","(-1,-1,92530001,-1,-1)","","39000031","2","0","","0","0","","0","","","","","","","","","","","","",""
"32100034","1","0","0","0","0","(-1,-1,92530001,-1,-1)","","39000032","2","0","","0","0","","0","","","","","","","","","","","","",""
"32100035","1","0","0","0","0","(-1,-1,92530001,-1,-1)","","39000033","2","0","","0","0","","0","","","","","","","","","","","","",""
"32100036","1","0","0","0","0","(-1,-1,92530001,-1,-1)","","39000034","2","0","","0","0","","0","","","","","","","","","","","","",""
"32100037","1","0","0","0","0","(-1,-1,92530001,-1,-1)","","39000035","2","0","","0","0","","0","","","","","","","","","","","","",""
"32100038","1","0","0","0","0","(-1,-1,92530001,-1,-1)","","39000036","2","0","","0","0","","0","","","","","","","","","","","","",""
"32100039","1","0","0","0","0","(-1,-1,92530001,-1,-1)","","39000037","2","0","","0","0","","0","","","","","","","","","","","","",""
"32100040","1","0","0","0","0","(-1,-1,92530001,-1,-1)","","39000038","2","0","","0","0","","0","","","","","","","","","","","","",""
"32100041","1","0","0","0","0","(-1,-1,92530001,-1,-1)","","39000039","2","0","","0","0","","0","","","","","","","","","","","","",""
"32100042","1","0","0","0","0","(-1,-1,92530001,-1,-1)","","39000040","2","0","","0","0","","0","","","","","","","","","","","","",""
"32100043","1","0","0","0","0","(-1,-1,92530001,-1,-1)","","39000041","2","0","","0","0","","0","","","","","","","","","","","","",""
"32100044","1","0","0","0","0","(-1,-1,92530001,-1,-1)","","39000042","2","0","","0","0","","0","","","","","","","","","","","","",""
"32100045","1","0","0","0","0","(-1,-1,92530001,-1,-1)","","39000043","2","0","","0","0","","0","","","","","","","","","","","","",""
"32100046","1","0","0","0","0","(-1,-1,92530001,-1,-1)","","39000044","2","0","","0","0","","0","","","","","","","","","","","","",""
"32100047","1","0","0","0","0","(-1,-1,92530001,-1,-1)","","39000045","2","0","","0","0","","0","","","","","","","","","","","","",""
"32100048","1","0","0","0","0","(-1,-1,92530001,-1,-1)","","39000046","2","0","","0","0","","0","","","","","","","","","","","","",""
"32100049","1","0","0","0","0","(-1,-1,92530001,-1,-1)","","39000047","2","0","","0","0","","0","","","","","","","","","","","","",""
"32100050","1","0","0","0","0","(-1,-1,92530001,-1,-1)","","39000048","2","0","","0","0","","0","","","","","","","","","","","","",""
"32100051","1","0","0","0","0","(-1,-1,92530001,-1,-1)","","39000049","2","0","","0","0","","0","","","","","","","","","","","","",""
"32100052","1","0","0","0","0","(-1,-1,92530001,-1,-1)","","39000050","2","0","","0","0","","0","","","","","","","","","","","","",""
"32100053","1","0","0","0","0","(-1,-1,92530001,-1,-1)","","39000051","2","0","","0","0","","0","","","","","","","","","","","","",""
"32100054","1","0","0","0","0","(-1,-1,92530001,-1,-1)","","39000052","2","0","","0","0","","0","","","","","","","","","","","","",""
"32100055","1","0","0","0","0","(-1,-1,92530001,-1,-1)","","39000053","2","0","","0","0","","0","","","","","","","","","","","","",""
"32100056","1","0","0","0","0","(-1,-1,92530001,-1,-1)","","39000054","2","0","","0","0","","0","","","","","","","","","","","","",""
"32100057","1","0","0","0","0","(-1,-1,92530001,-1,-1)","","39000055","2","0","","0","0","","0","","","","","","","","","","","","",""
"32100058","1","0","0","0","0","(-1,-1,92530001,-1,-1)","","39000056","2","0","","0","0","","0","","","","","","","","","","","","",""
"32100059","1","0","0","0","0","(-1,-1,92530001,-1,-1)","","39000057","2","0","","0","0","","0","","","","","","","","","","","","",""
"32100060","1","0","0","0","0","(-1,-1,92530001,-1,-1)","","39000060","2","0","","0","0","","0","","","","","","","","","","","","",""
"32100061","1","0","0","0","0","(-1,-1,92530001,-1,-1)","","39000061","2","0","","0","0","","0","","","","","","","","","","","","",""
"32100062","1","0","0","0","0","(-1,-1,92530001,-1,-1)","","39000062","2","0","","0","0","","0","","","","","","","","","","","","",""
"32100063","1","0","0","0","0","(-1,-1,92530001,-1,-1)","","39000063","2","0","","0","0","","0","","","","","","","","","","","","",""
"32100064","1","0","0","0","0","(-1,-1,92530001,-1,-1)","","39000064","2","0","","0","0","","0","","","","","","","","","","","","",""
"32100065","1","0","0","0","0","(-1,-1,92530001,-1,-1)","","39000065","2","0","","0","0","","0","","","","","","","","","","","","",""
"32100066","1","0","0","0","0","(-1,-1,92530001,-1,-1)","","39000066","2","0","","0","0","","0","","","","","","","","","","","","",""
"32100067","1","0","0","0","0","(-1,-1,92530001,-1,-1)","","39000067","2","0","","0","0","","0","","","","","","","","","","","","",""
"32100068","1","0","0","0","0","(-1,-1,92530001,-1,-1)","","39000068","2","0","","0","0","","0","","","","","","","","","","","","",""
"32100069","1","0","0","0","0","(-1,-1,92530001,-1,-1)","","39000069","2","0","","0","0","","0","","","","","","","","","","","","",""
"32100070","1","0","0","0","0","(-1,-1,92530001,-1,-1)","","39000070","2","0","","0","0","","0","","","","","","","","","","","","",""
"32100071","1","0","0","0","0","(-1,-1,92530001,-1,-1)","","39000071","2","0","","0","0","","0","","","","","","","","","","","","",""
"32100072","1","0","0","0","0","(-1,-1,92530001,-1,-1)","","39000073","2","0","","0","0","","0","","","","","","","","","","","","",""
"32100073","1","0","0","0","0","(-1,-1,92530001,-1,-1)","","39000074","2","0","","0","0","","0","","","","","","","","","","","","",""
"32100074","1","0","0","0","0","(-1,-1,92530001,-1,-1)","","39000075","2","0","","0","0","","0","","","","","","","","","","","","",""
"32100075","1","0","0","0","0","(-1,-1,92530001,-1,-1)","","39000076","2","0","","0","0","","0","","","","","","","","","","","","",""
"32100076","1","0","0","0","0","(-1,-1,92530001,-1,-1)","","39000078","2","0","","0","0","","0","","","","","","","","","","","","",""
"32100077","1","0","0","0","0","(-1,-1,92530001,-1,-1)","","39000083","2","0","","0","0","","0","","","","","","","","","","","","",""
"32100078","1","0","0","0","0","(-1,-1,92530001,-1,-1)","","39000084","2","0","","0","0","","0","","","","","","","","","","","","",""
"32100079","1","0","0","0","0","(-1,-1,92530001,-1,-1)","","39000085","2","0","","0","0","","0","","","","","","","","","","","","",""
"32100080","1","0","0","0","0","(-1,-1,92530001,-1,-1)","","39000086","2","0","","0","0","","0","","","","","","","","","","","","",""
"32100081","1","0","0","0","0","(-1,-1,92530001,-1,-1)","","39000087","2","0","","0","0","","0","","","","","","","","","","","","",""
"32100082","1","0","0","0","0","(-1,-1,92530001,-1,-1)","","39000088","2","0","","0","0","","0","","","","","","","","","","","","",""
"32100083","1","0","0","0","0","(-1,-1,92530001,-1,-1)","","39000089","2","0","","0","0","","0","","","","","","","","","","","","",""
"32100084","1","0","0","0","0","(-1,-1,92530001,-1,-1)","","39000090","2","0","","0","0","","0","","","","","","","","","","","","",""
"32100085","1","0","0","0","0","(-1,-1,92530001,-1,-1)","","39000091","2","0","","0","0","","0","","","","","","","","","","","","",""
"32100086","1","0","0","0","0","(-1,-1,92530001,-1,-1)","","39000092","2","0","","0","0","","0","","","","","","","","","","","","",""
"32100087","1","0","0","0","0","(-1,-1,92530001,-1,-1)","","39000093","2","0","","0","0","","0","","","","","","","","","","","","",""
"32100088","1","0","0","0","0","(-1,-1,92530001,-1,-1)","","39000094","2","0","","0","0","","0","","","","","","","","","","","","",""
"32100089","1","0","0","0","0","(-1,-1,92530001,-1,-1)","","39000095","2","0","","0","0","","0","","","","","","","","","","","","",""
"32100090","1","0","0","0","0","(-1,-1,92530001,-1,-1)","","39000096","2","0","","0","0","","0","","","","","","","","","","","","",""
"32100091","1","0","0","0","0","(-1,-1,92530001,-1,-1)","","39000097","2","0","","0","0","","0","","","","","","","","","","","","",""
"32100092","1","0","0","0","0","(-1,-1,92530001,-1,-1)","","39000098","2","0","","0","0","","0","","","","","","","","","","","","",""
"32100093","1","0","0","0","0","(-1,-1,92530001,-1,-1)","","39000099","2","0","","0","0","","0","","","","","","","","","","","","",""
"32100094","1","0","0","0","0","(-1,-1,92530001,-1,-1)","","39000100","2","0","","0","0","","0","","","","","","","","","","","","",""
"32100095","1","0","0","0","0","(-1,-1,92530001,-1,-1)","","39000101","2","0","","0","0","","0","","","","","","","","","","","","",""
"32100096","1","0","0","0","0","(-1,-1,92530001,-1,-1)","","39000102","2","0","","0","0","","0","","","","","","","","","","","","",""
"32100097","1","0","0","0","0","(-1,-1,92530001,-1,-1)","","39000103","2","0","","0","0","","0","","","","","","","","","","","","",""
"32100098","1","0","0","0","0","(-1,-1,92530001,-1,-1)","","39000104","2","0","","0","0","","0","","","","","","","","","","","","",""
"32100099","1","0","0","0","0","(-1,-1,92530001,-1,-1)","","39000105","2","0","","0","0","","0","","","","","","","","","","","","",""
"32100100","1","0","0","0","0","(-1,-1,92530001,-1,-1)","","39000106","2","0","","0","0","","0","","","","","","","","","","","","",""
"32100101","1","0","0","0","0","(-1,-1,92530001,-1,-1)","","39000107","2","0","","0","0","","0","","","","","","","","","","","","",""
"32100102","1","0","0","0","0","(-1,-1,92530001,-1,-1)","","39000108","2","0","","0","0","","0","","","","","","","","","","","","",""
"32100103","1","0","0","0","0","(-1,-1,92530001,-1,-1)","","39000109","2","0","","0","0","","0","","","","","","","","","","","","",""
"32100104","1","0","0","0","0","(-1,-1,92530001,-1,-1)","","39000110","2","0","","0","0","","0","","","","","","","","","","","","",""
"32100105","1","0","0","0","0","(-1,-1,92530001,-1,-1)","","39000111","2","0","","0","0","","0","","","","","","","","","","","","",""
"32100106","1","0","0","0","0","(-1,-1,92530001,-1,-1)","","39000112","2","0","","0","0","","0","","","","","","","","","","","","",""
"32100107","1","0","0","0","0","(-1,-1,92530001,-1,-1)","","39000113","2","0","","0","0","","0","","","","","","","","","","","","",""
"32100108","1","0","0","0","0","(-1,-1,92530001,-1,-1)","","39000114","2","0","","0","0","","0","","","","","","","","","","","","",""
"32101001","2","(3,60)","0","0","0","0","","0","2","0","","0","0","","0","60","","","","","","","","","","","",""
"32101002","2","(3,300)","0","0","0","0","","0","2","0","","0","0","","0","300","","","","","","","","","","","",""
"32101003","2","(3,980)","0","0","0","0","","0","2","0","","0","0","","0","980","","","","","","","","","","","",""
"32101004","2","(3,1280)","0","0","0","0","","0","2","0","","0","0","","0","1280","","","","","","","","","","","",""
"32101005","2","(3,1980)","0","0","0","0","","0","2","0","","0","0","","0","1980","","","","","","","","","","","",""
"32101006","2","(3,3280)","0","0","0","0","","0","2","0","","0","0","","0","3280","","","","","","","","","","","",""
"32101007","2","(3,6480)","0","0","0","0","","0","2","0","","0","0","","0","6480","","","","","","","","","","","",""
"32101008","2","0","0","0","0","0","","0","2","0","","0","0","","0","25000","","","","","","","","","","","",""
"32101009","2","0","0","0","0","0","","0","2","0","","0","0","","0","50000","","","","","","","","","","","",""
"32101010","2","0","0","0","0","0","","0","2","0","","0","0","","0","80000","","","","","","","","","","","",""
"32101011","2","0","0","0","0","0","","0","2","0","","0","0","","0","120000","","","","","","","","","","","",""
"32101012","2","0","0","0","0","0","","0","2","0","","0","0","","0","200000","","","","","","","","","","","",""
"32101013","2","0","0","0","0","0","","0","2","0","","0","0","","0","500000","","","","","","","","","","","",""
"32101014","2","0","0","0","0","0","","0","2","0","","0","0","","0","1000000","","","","","","","","","","","",""
"32101015","2","0","0","0","0","0","","0","2","0","","0","0","","0","2000000","","","","","","","","","","","",""
"32101016","1","0","0","0","0","0","","0","2","0","","0","0","","0","0","115000008","","","","","","","","","","",""
"32101017","1","0","0","0","0","0","","0","2","0","","0","0","","0","0","115000011","","","","","","","","","","",""
"32101018","1","0","0","0","0","0","","0","2","0","","0","0","","0","0","115000009","","","","","","","","","","",""
"32101019","1","0","0","0","0","0","","0","2","0","","0","0","","0","0","115000010","","","","","","","","","","",""
"32101020","1","0","0","0","0","0","","0","2","0","","0","0","","0","0","115000012","","","","","","","","","","",""
"32101021","1","0","0","0","0","0","","0","2","0","","0","0","","0","0","115000013","","","","","","","","","","",""
"32101022","2","0","70991022","0","0","0","","0","2","0","","0","0","","0","0","","","","","","","","","","","",""
"32101023","2","0","70990605","0","0","0","","0","2","0","","0","0","","0","0","","","","","","","","","","","",""
"32101024","2","0","70990606","0","0","0","","0","2","0","","0","0","","0","0","","","","","","","","","","","",""
"32101025","2","0","70990607","0","0","0","","0","2","0","","0","0","","0","0","","","","","","","","","","","",""
"32101026","2","0","70990608","0","0","0","","0","2","0","","0","0","","0","0","","","","","","","","","","","",""
"32101027","2","0","0","0","0","0","","0","2","0","","0","0","","0","0","","1","7200","1","","","","","","","",""
"32101028","1","0","70980032","0","0","0","","0","2","0","","0","0","","0","0","","","","","","","","","","","",""
"32101029","1","0","70980033","0","0","0","","0","2","0","","0","0","","0","0","","","","","","","","","","","",""
"32101030","1","0","70980034","0","0","0","","0","2","0","","0","0","","0","0","","","","","","","","","","","",""
"32101031","1","0","70980035","0","0","0","","0","2","0","","0","0","","0","0","","","","","","","","","","","",""
"32101032","1","0","70980036","0","0","0","","0","2","0","","0","0","","0","0","","","","","","","","","","","",""
"32101033","1","0","70980037","0","0","0","","0","2","0","","0","0","","0","0","","","","","","","","","","","",""
"32101034","1","0","70980038","0","0","0","","0","2","0","","0","0","","0","0","","","","","","","","","","","",""
"32101035","1","0","70980039","0","0","0","","0","2","0","","0","0","","0","0","","","","","","","","","","","",""
"32101036","1","0","70980040","0","0","0","","0","2","0","","0","0","","0","0","","","","","","","","","","","",""
"32101037","1","0","70980041","0","0","0","","0","2","0","","0","0","","0","0","","","","","","","","","","","",""
"32101038","1","0","70980042","0","0","0","","0","2","0","","0","0","","0","0","","","","","","","","","","","",""
"32101039","1","0","70980043","0","0","0","","0","2","0","","0","0","","0","0","","","","","","","","","","","",""
"32101040","1","0","70980044","0","0","0","","0","2","0","","0","0","","0","0","","","","","","","","","","","",""
"32101041","1","0","70980045","0","0","0","","0","2","0","","0","0","","0","0","","","","","","","","","","","",""
"32101042","1","0","70980046","0","0","0","","0","2","0","","0","0","","0","0","","","","","","","","","","","",""
"32101043","1","0","70980047","0","0","0","","0","2","0","","0","0","","0","0","","","","","","","","","","","",""
"32101044","1","0","70980048","0","0","0","","0","2","0","","0","0","","0","0","","","","","","","","","","","",""
"32101045","1","0","70980049","0","0","0","","0","2","0","","0","0","","0","0","","","","","","","","","","","",""
"32101046","1","0","70980050","0","0","0","","0","2","0","","0","0","","0","0","","","","","","","","","","","",""
"32101047","1","0","70980072","0","0","0","","0","2","0","","0","0","","0","0","","","","","","","","","","","",""
"32101063","3","0","0","0","0","(-1,90201753,92060011,-1,-1)","","0","2","0","","0","0","","0","0","","","","","","","","","","","",""
"32101064","3","0","0","0","0","(-1,90201753,92060011,-1,-1)","","0","2","0","","0","0","","0","0","","","","","","","","","","","",""
"32101065","3","0","0","0","0","(-1,90201753,92060011,-1,-1)","","0","2","0","","0","0","","0","0","","","","","","","","","","","",""
"32101066","3","0","0","0","0","(-1,90201753,92060011,-1,-1)","","0","2","0","","0","0","","0","0","","","","","","","","","","","",""
"32101067","3","0","0","0","0","(-1,90201753,92060011,-1,-1)","","0","2","0","","0","0","","0","0","","","","","","","","","","","",""
"32101068","3","0","0","0","0","(-1,90201753,92060011,-1,-1)","","0","2","0","","0","0","","0","0","","","","","","","","","","","",""
"32101069","3","0","0","0","0","(-1,90201753,92060011,-1,-1)","","0","2","0","","0","0","","0","0","","","","","","","","","","","",""
"32101070","3","0","0","0","0","(-1,90201753,92060011,-1,-1)","","0","2","0","","0","0","","0","0","","","","","","","","","","","",""
"32101071","3","0","0","0","0","(-1,90201753,92060011,-1,-1)","","0","2","0","","0","0","","0","0","","","","","","","","","","","",""
"32101072","3","0","0","0","0","(-1,90201753,92060011,-1,-1)","","0","2","0","","0","0","","0","0","","","","","","","","","","","",""
"32101073","3","0","0","0","0","(-1,90201753,92060011,-1,-1)","","0","2","0","","0","0","","0","0","","","","","","","","","","","",""
"32101074","3","0","0","0","0","(-1,90201753,92060011,-1,-1)","","0","2","0","","0","0","","0","0","","","","","","","","","","","",""
"32101085","3","0","0","0","0","(-1,90201753,92060011,-1,-1)","","0","2","0","","0","0","","0","0","","","","","","","","","","","",""
"32101086","3","0","0","0","0","(-1,90201753,92060011,-1,-1)","","0","2","0","","0","0","","0","0","","","","","","","","","","","",""
"32101087","3","0","0","0","0","(-1,90201753,92060011,-1,-1)","","0","2","0","","0","0","","0","0","","","","","","","","","","","",""
"32101088","3","0","0","0","0","(-1,90201753,92060011,-1,-1)","","0","2","0","","0","0","","0","0","","","","","","","","","","","",""
"32101089","3","0","0","0","0","(-1,90201753,92060011,-1,-1)","","0","2","0","","0","0","","0","0","","","","","","","","","","","",""
"32101090","3","0","0","0","0","(-1,90201753,92060011,-1,-1)","","0","2","0","","0","0","","0","0","","","","","","","","","","","",""
"32101091","3","0","0","0","0","(-1,90201753,92060011,-1,-1)","","0","2","0","","0","0","","0","0","","","","","","","","","","","",""
"32101092","3","0","0","0","0","(-1,90201753,92060011,-1,-1)","","0","2","0","","0","0","","0","0","","","","","","","","","","","",""
"32101093","3","0","0","0","0","(-1,90201753,92060011,-1,-1)","","0","2","0","","0","0","","0","0","","","","","","","","","","","",""
"32101094","3","0","0","0","0","(-1,90201753,92060011,-1,-1)","","0","2","0","","0","0","","0","0","","","","","","","","","","","",""
"32101095","3","0","0","0","0","(-1,90201753,92060011,-1,-1)","","0","2","0","","0","0","","0","0","","","","","","","","","","","",""
"32101096","3","0","0","0","0","(-1,90201753,92060011,-1,-1)","","0","2","0","","0","0","","0","0","","","","","","","","","","","",""
"32101097","3","0","0","0","0","(-1,90201753,92060011,-1,-1)","","0","2","0","","0","0","","0","0","","","","","","","","","","","",""
"32101098","3","0","0","0","0","(-1,90201753,92060011,-1,-1)","","0","2","0","","0","0","","0","0","","","","","","","","","","","",""
"32101099","3","0","0","0","0","(-1,90201753,92060011,-1,-1)","","0","2","0","","0","0","","0","0","","","","","","","","","","","",""
"32101100","3","0","0","0","0","(-1,90201753,92060011,-1,-1)","","0","2","0","","0","0","","0","0","","","","","","","","","","","",""
"32101101","3","0","0","0","0","(-1,90201753,92060011,-1,-1)","","0","2","0","","0","0","","0","0","","","","","","","","","","","",""
"32101102","3","0","0","0","0","(-1,90201753,92060011,-1,-1)","","0","2","0","","0","0","","0","0","","","","","","","","","","","",""
"32101103","3","0","0","0","0","(-1,90201753,92060011,-1,-1)","","0","2","0","","0","0","","0","0","","","","","","","","","","","",""
"32101104","3","0","0","0","0","(-1,90201753,92060011,-1,-1)","","0","2","0","","0","0","","0","0","","","","","","","","","","","",""
"32101105","3","0","0","0","0","(-1,90201753,92060011,-1,-1)","","0","2","0","","0","0","","0","0","","","","","","","","","","","",""
"32101106","3","0","0","0","0","(-1,90201753,92060011,-1,-1)","","0","2","0","","0","0","","0","0","","","","","","","","","","","",""
"32101107","3","0","0","0","0","(-1,90201753,92060011,-1,-1)","","0","2","0","","0","0","","0","0","","","","","","","","","","","",""
"32101108","3","0","0","0","0","(-1,90201753,92060011,-1,-1)","","0","2","0","","0","0","","0","0","","","","","","","","","","","",""
"32101110","3","0","0","0","0","(-1,90201753,92060011,-1,-1)","","0","2","0","","0","0","","0","0","","","","","","","","","","","",""
"32101111","3","0","0","0","0","(-1,90201753,92060011,-1,-1)","","0","2","0","","0","0","","0","0","","","","","","","","","","","",""
"32101112","3","0","0","0","0","(-1,90201753,92060011,-1,-1)","","0","2","0","","0","0","","0","0","","","","","","","","","","","",""
"32101113","3","0","0","0","0","(-1,90201753,92060011,-1,-1)","","0","2","0","","0","0","","0","0","","","","","","","","","","","",""
"32101114","3","0","0","0","0","(-1,90201753,92060011,-1,-1)","","0","2","0","","0","0","","0","0","","","","","","","","","","","",""
"32101115","3","0","0","0","0","(-1,90201753,92060011,-1,-1)","","0","2","0","","0","0","","0","0","","","","","","","","","","","",""
"32101116","3","0","0","0","0","(-1,90201753,92060011,-1,-1)","","0","2","0","","0","0","","0","0","","","","","","","","","","","",""
"32101117","3","0","0","0","0","(-1,90201753,92060011,-1,-1)","","0","2","0","","0","0","","0","0","","","","","","","","","","","",""
"32101118","3","0","0","0","0","(-1,90201753,92060011,-1,-1)","","0","2","0","","0","0","","0","0","","","","","","","","","","","",""
"32101119","3","0","0","0","0","(-1,90201753,92060011,-1,-1)","","0","2","0","","0","0","","0","0","","","","","","","","","","","",""
"32101120","3","0","0","0","0","(-1,90201753,92060011,-1,-1)","","0","2","0","","0","0","","0","0","","","","","","","","","","","",""
"32101121","3","0","0","0","0","(-1,90201753,92060011,-1,-1)","","0","2","0","","0","0","","0","0","","","","","","","","","","","",""
"32101122","3","0","0","0","0","(-1,90201753,92060011,-1,-1)","","0","2","0","","0","0","","0","0","","","","","","","","","","","",""
"32101123","3","0","0","0","0","(-1,90201753,92060011,-1,-1)","","0","2","0","","0","0","","0","0","","","","","","","","","","","",""
"32101124","3","0","0","0","0","(-1,90201753,92060011,-1,-1)","","0","2","0","","0","0","","0","0","","","","","","","","","","","",""
"32101125","3","0","0","0","0","(-1,90201753,92060011,-1,-1)","","0","2","0","","0","0","","0","0","","","","","","","","","","","",""
"32101126","3","0","0","0","0","(-1,90201753,92060011,-1,-1)","","0","2","0","","0","0","","0","0","","","","","","","","","","","",""
"32101127","3","0","0","0","0","(-1,90201753,92060011,-1,-1)","","0","2","0","","0","0","","0","0","","","","","","","","","","","",""
"32101128","3","0","0","0","0","(-1,90201753,92060011,-1,-1)","","0","2","0","","0","0","","0","0","","","","","","","","","","","",""
"32101129","3","0","0","0","0","(-1,90201753,92060011,-1,-1)","","0","2","0","","0","0","","0","0","","","","","","","","","","","",""
"32101130","3","0","0","0","0","(-1,90201753,92060011,-1,-1)","","0","2","0","","0","0","","0","0","","","","","","","","","","","",""
"32101131","3","0","0","0","0","(-1,90201753,92060011,-1,-1)","","0","2","0","","0","0","","0","0","","","","","","","","","","","",""
"32101132","3","0","0","0","0","(-1,90201753,92060011,-1,-1)","","0","2","0","","0","0","","0","0","","","","","","","","","","","",""
"32101133","3","0","0","0","0","(-1,90201753,92060011,-1,-1)","","0","2","0","","0","0","","0","0","","","","","","","","","","","",""
"32101134","3","0","0","0","0","(-1,90201753,92060011,-1,-1)","","0","2","0","","0","0","","0","0","","","","","","","","","","","",""
"32101135","3","0","0","0","0","(-1,90201753,92060011,-1,-1)","","0","2","0","","0","0","","0","0","","","","","","","","","","","",""
"32101136","3","0","0","0","0","(-1,90201753,92060011,-1,-1)","","0","2","0","","0","0","","0","0","","","","","","","","","","","",""
"32101137","3","0","0","0","0","(-1,90201753,92060011,-1,-1)","","0","2","0","","0","0","","0","0","","","","","","","","","","","",""
"32101138","3","0","0","0","0","(-1,90201753,92060011,-1,-1)","","0","2","0","","0","0","","0","0","","","","","","","","","","","",""
"32101139","3","0","0","0","0","(-1,90201753,92060011,-1,-1)","","0","2","0","","0","0","","0","0","","","","","","","","","","","",""
"32101140","3","0","0","0","0","(-1,90201753,92060011,-1,-1)","","0","2","0","","0","0","","0","0","","","","","","","","","","","",""
"32101141","3","0","0","0","0","(-1,90201753,92060011,-1,-1)","","0","2","0","","0","0","","0","0","","","","","","","","","","","",""
"32101142","3","0","0","0","0","(-1,90201753,92060011,-1,-1)","","0","2","0","","0","0","","0","0","","","","","","","","","","","",""
"32101143","3","0","0","0","0","(-1,90201753,92060011,-1,-1)","","0","2","0","","0","0","","0","0","","","","","","","","","","","",""
"32101144","3","0","0","0","0","(-1,90201753,92060011,-1,-1)","","0","2","0","","0","0","","0","0","","","","","","","","","","","",""
"32101145","3","0","0","0","0","(-1,90201753,92060011,-1,-1)","","0","2","0","","0","0","","0","0","","","","","","","","","","","",""
"32101146","3","0","0","0","0","(-1,90201753,92060011,-1,-1)","","0","2","0","","0","0","","0","0","","","","","","","","","","","",""
"32101147","3","0","0","0","0","(-1,90201753,92060011,-1,-1)","","0","2","0","","0","0","","0","0","","","","","","","","","","","",""
"32101148","3","0","0","0","0","(-1,90201753,92060011,-1,-1)","","0","2","0","","0","0","","0","0","","","","","","","","","","","",""
"32101149","3","0","0","0","0","(-1,90201753,92060011,-1,-1)","","0","2","0","","0","0","","0","0","","","","","","","","","","","",""
"32101150","3","0","0","0","0","(-1,90201753,92060011,-1,-1)","","0","2","0","","0","0","","0","0","","","","","","","","","","","",""
"32101151","3","0","0","0","0","(-1,90201753,92060011,-1,-1)","","0","2","0","","0","0","","0","0","","","","","","","","","","","",""
"32101152","3","0","0","0","0","(-1,90201753,92060011,-1,-1)","","0","2","0","","0","0","","0","0","","","","","","","","","","","",""
"32101153","3","0","0","0","0","(-1,90201753,92060011,-1,-1)","","0","2","0","","0","0","","0","0","","","","","","","","","","","",""
"32101154","3","0","0","0","0","(-1,90201753,92060011,-1,-1)","","0","2","0","","0","0","","0","0","","","","","","","","","","","",""
"32101155","3","0","0","0","0","(-1,90201753,92060011,-1,-1)","","0","2","0","","0","0","","0","0","","","","","","","","","","","",""
"32101156","3","0","0","0","0","(-1,90201753,92060011,-1,-1)","","0","2","0","","0","0","","0","0","","","","","","","","","","","",""
"32101157","3","0","0","0","0","(-1,90201753,92060011,-1,-1)","","0","2","0","","0","0","","0","0","","","","","","","","","","","",""
"32101158","3","0","0","0","0","(-1,90201753,92060011,-1,-1)","","0","2","0","","0","0","","0","0","","","","","","","","","","","",""
"32101159","3","0","0","0","0","(-1,90201753,92060011,-1,-1)","","0","2","0","","0","0","","0","0","","","","","","","","","","","",""
"32101160","3","0","0","0","0","(-1,90201753,92060011,-1,-1)","","0","2","0","","0","0","","0","0","","","","","","","","","","","",""
"32101161","3","0","0","0","0","(-1,90201753,92060011,-1,-1)","","0","2","0","","0","0","","0","0","","","","","","","","","","","",""
"32101162","3","0","0","0","0","(-1,90201753,92060011,-1,-1)","","0","2","0","","0","0","","0","0","","","","","","","","","","","",""
"32101163","3","0","0","0","0","(-1,90201753,92060011,-1,-1)","","0","2","0","","0","0","","0","0","","","","","","","","","","","",""
"32101164","3","0","0","0","0","(-1,90201753,92060011,-1,-1)","","0","2","0","","0","0","","0","0","","","","","","","","","","","",""
"32101165","3","0","0","0","0","(-1,90201753,92060011,-1,-1)","","0","2","0","","0","0","","0","0","","","","","","","","","","","",""
"32101166","3","0","0","0","0","(-1,90201753,92060011,-1,-1)","","0","2","0","","0","0","","0","0","","","","","","","","","","","",""
"32101167","3","0","0","0","0","(-1,90201753,92060011,-1,-1)","","0","2","0","","0","0","","0","0","","","","","","","","","","","",""
"32101168","3","0","0","0","0","(-1,90201753,92060011,-1,-1)","","0","2","0","","0","0","","0","0","","","","","","","","","","","",""
"32101169","3","0","0","0","0","(-1,90201753,92060011,-1,-1)","","0","2","0","","0","0","","0","0","","","","","","","","","","","",""
"32101170","3","0","0","0","0","(-1,90201753,92060011,-1,-1)","","0","2","0","","0","0","","0","0","","","","","","","","","","","",""
"32101171","3","0","0","0","0","(-1,90201753,92060011,-1,-1)","","0","2","0","","0","0","","0","0","","","","","","","","","","","",""
"32101172","3","0","0","0","0","(-1,90201753,92060011,-1,-1)","","0","2","0","","0","0","","0","0","","","","","","","","","","","",""
"32101173","3","0","0","0","0","(-1,90201753,92060011,-1,-1)","","0","2","0","","0","0","","0","0","","","","","","","","","","","",""
"32101174","3","0","0","0","0","(-1,90201753,92060011,-1,-1)","","0","2","0","","0","0","","0","0","","","","","","","","","","","",""
"32101175","3","0","0","0","0","(-1,90201753,92060011,-1,-1)","","0","2","0","","0","0","","0","0","","","","","","","","","","","",""
"32101176","3","0","0","0","0","(-1,90201753,92060011,-1,-1)","","0","2","0","","0","0","","0","0","","","","","","","","","","","",""
"32101177","3","0","0","0","0","(-1,90201753,92060011,-1,-1)","","0","2","0","","0","0","","0","0","","","","","","","","","","","",""
"32101178","2","0","0","0","0","0","","0","2","0","","0","0","","0","1280","","","","","","","","","","","",""
"32101179","3","0","0","0","0","(-1,90201753,92060011,-1,-1)","","0","2","0","","0","0","","0","0","","","","","","","","","","","",""
"32101180","3","0","0","0","0","(-1,90201753,92060011,-1,-1)","","0","2","0","","0","0","","0","0","","","","","","","","","","","",""
"32101181","3","0","0","0","0","(-1,90201753,92060011,-1,-1)","","0","2","0","","0","0","","0","0","","","","","","","","","","","",""
"32101182","3","0","0","0","0","(-1,90201753,92060011,-1,-1)","","0","2","0","","0","0","","0","0","","","","","","","","","","","",""
"32101183","3","0","0","0","0","(-1,90201753,92060011,-1,-1)","","0","2","0","","0","0","","0","0","","","","","","","","","","","",""
"32101184","3","0","0","0","0","(-1,90201753,92060011,-1,-1)","","0","2","0","","0","0","","0","0","","","","","","","","","","","",""
"32101185","3","0","0","0","0","(-1,90201753,92060011,-1,-1)","","0","2","0","","0","0","","0","0","","","","","","","","","","","",""
"32101186","3","0","0","0","0","(-1,90201753,92060011,-1,-1)","","0","2","0","","0","0","","0","0","","","","","","","","","","","",""
"32101187","3","0","0","0","0","(-1,90201753,92060011,-1,-1)","","0","2","0","","0","0","","0","0","","","","","","","","","","","",""
"32101188","3","0","0","0","0","(-1,90201753,92060011,-1,-1)","","0","2","0","","0","0","","0","0","","","","","","","","","","","",""
"32101189","3","0","0","0","0","(-1,90201753,92060011,-1,-1)","","0","2","0","","0","0","","0","0","","","","","","","","","","","",""
"32101190","3","0","0","0","0","(-1,90201753,92060011,-1,-1)","","0","2","0","","0","0","","0","0","","","","","","","","","","","",""
"32101191","3","0","0","0","0","(-1,90201753,92060011,-1,-1)","","0","2","0","","0","0","","0","0","","","","","","","","","","","",""
"32101192","3","0","0","0","0","(-1,90201753,92060011,-1,-1)","","0","2","0","","0","0","","0","0","","","","","","","","","","","",""
"32101193","3","0","0","0","0","(-1,90201753,92060011,-1,-1)","","0","2","0","","0","0","","0","0","","","","","","","","","","","",""
"32101194","3","0","0","0","0","(-1,90201753,92060011,-1,-1)","","0","2","0","","0","0","","0","0","","","","","","","","","","","",""
"32101195","3","0","0","0","0","(-1,90201753,92060011,-1,-1)","","0","2","0","","0","0","","0","0","","","","","","","","","","","",""
"32101196","3","0","0","0","0","(-1,90201753,92060011,-1,-1)","","0","2","0","","0","0","","0","0","","","","","","","","","","","",""
"32101197","3","0","0","0","0","(-1,90201753,92060011,-1,-1)","","0","2","0","","0","0","","0","0","","","","","","","","","","","",""
"32101198","3","0","0","0","0","(-1,90201753,92060011,-1,-1)","","0","2","0","","0","0","","0","0","","","","","","","","","","","",""
"32101199","3","0","0","0","0","(-1,90201753,92060011,-1,-1)","","0","2","0","","0","0","","0","0","","","","","","","","","","","",""
"32101200","3","0","0","0","0","(-1,90201753,92060011,-1,-1)","","0","2","0","","0","0","","0","0","","","","","","","","","","","",""
"32101201","3","0","0","0","0","(-1,90201753,92060011,-1,-1)","","0","2","0","","0","0","","0","0","","","","","","","","","","","",""
"32101202","3","0","0","0","0","(-1,90201753,92060011,-1,-1)","","0","2","0","","0","0","","0","0","","","","","","","","","","","",""
"32101203","3","0","0","0","0","(-1,90201753,92060011,-1,-1)","","0","2","0","","0","0","","0","0","","","","","","","","","","","",""
"32101204","3","0","0","0","0","(-1,90201753,92060011,-1,-1)","","0","2","0","","0","0","","0","0","","","","","","","","","","","",""
"32101205","3","0","0","0","0","(-1,90201753,92060011,-1,-1)","","0","2","0","","0","0","","0","0","","","","","","","","","","","",""
"32101206","3","0","0","0","0","(-1,90201753,92060011,-1,-1)","","0","2","0","","0","0","","0","0","","","","","","","","","","","",""
"32101207","3","0","0","0","0","(-1,90201753,92060011,-1,-1)","","0","2","0","","0","0","","0","0","","","","","","","","","","","",""
"32101208","3","0","0","0","0","(-1,90201753,92060011,-1,-1)","","0","2","0","","0","0","","0","0","","","","","","","","","","","",""
"32101209","3","0","0","0","0","(-1,90201753,92060011,-1,-1)","","0","2","0","","0","0","","0","0","","","","","","","","","","","",""
"32101210","3","0","0","0","0","(-1,90201753,92060011,-1,-1)","","0","2","0","","0","0","","0","0","","","","","","","","","","","",""
"32101211","3","0","0","0","0","(-1,90201753,92060011,-1,-1)","","0","2","0","","0","0","","0","0","","","","","","","","","","","",""
"32101212","3","0","0","0","0","(-1,90201753,92060011,-1,-1)","","0","2","0","","0","0","","0","0","","","","","","","","","","","",""
"32101213","3","0","0","0","0","(-1,90201753,92060011,-1,-1)","","0","2","0","","0","0","","0","0","","","","","","","","","","","",""
"32101214","3","0","0","0","0","(-1,90201753,92060011,-1,-1)","","0","2","0","","0","0","","0","0","","","","","","","","","","","",""
"32101215","3","0","0","0","0","(-1,90201753,92060011,-1,-1)","","0","2","0","","0","0","","0","0","","","","","","","","","","","",""
"32101216","3","0","0","0","0","(-1,90201753,92060011,-1,-1)","","0","2","0","","0","0","","0","0","","","","","","","","","","","",""
"32101217","3","0","0","0","0","(-1,90201753,92060011,-1,-1)","","0","2","0","","0","0","","0","0","","","","","","","","","","","",""
"32101218","3","0","0","0","0","(-1,90201753,92060011,-1,-1)","","0","2","0","","0","0","","0","0","","","","","","","","","","","",""
"32101219","3","0","0","0","0","(-1,90201753,92060011,-1,-1)","","0","2","0","","0","0","","0","0","","","","","","","","","","","",""
"32101220","3","0","0","0","0","(-1,90201753,92060011,-1,-1)","","0","2","0","","0","0","","0","0","","","","","","","","","","","",""
"32101221","3","0","0","0","0","(-1,90201753,92060011,-1,-1)","","0","2","0","","0","0","","0","0","","","","","","","","","","","",""
"32101222","3","0","0","0","0","(-1,90201753,92060011,-1,-1)","","0","2","0","","0","0","","0","0","","","","","","","","","","","",""
"32101223","3","0","0","0","0","(-1,90201753,92060011,-1,-1)","","0","2","0","","0","0","","0","0","","","","","","","","","","","",""
"32101224","3","0","0","0","0","(-1,90201753,92060011,-1,-1)","","0","2","0","","0","0","","0","0","","","","","","","","","","","",""
"32101225","3","0","0","0","0","(-1,90201753,92060011,-1,-1)","","0","2","0","","0","0","","0","0","","","","","","","","","","","",""
"32101226","3","0","0","0","0","(-1,90201753,92060011,-1,-1)","","0","2","0","","0","0","","0","0","","","","","","","","","","","",""
"32101227","3","0","0","0","0","(-1,90201753,92060011,-1,-1)","","0","2","0","","0","0","","0","0","","","","","","","","","","","",""
"32101228","3","0","0","0","0","(-1,90201753,92060011,-1,-1)","","0","2","0","","0","0","","0","0","","","","","","","","","","","",""
"32101229","3","0","0","0","0","(-1,90201753,92060011,-1,-1)","","0","2","0","","0","0","","0","0","","","","","","","","","","","",""
"32101230","3","0","0","0","0","(-1,90201753,92060011,-1,-1)","","0","2","0","","0","0","","0","0","","","","","","","","","","","",""
"32101231","3","0","0","0","0","(-1,90201753,92060011,-1,-1)","","0","2","0","","0","0","","0","0","","","","","","","","","","","",""
"32101232","3","0","0","0","0","(-1,90201753,92060011,-1,-1)","","0","2","0","","0","0","","0","0","","","","","","","","","","","",""
"32101233","3","0","0","0","0","(-1,90201753,92060011,-1,-1)","","0","2","0","","0","0","","0","0","","","","","","","","","","","",""
"32101234","3","0","0","0","0","(-1,90201753,92060011,-1,-1)","","0","2","0","","0","0","","0","0","","","","","","","","","","","",""
"32101235","3","0","0","0","0","(-1,90201753,92060011,-1,-1)","","0","2","0","","0","0","","0","0","","","","","","","","","","","",""
"32101236","3","0","0","0","0","(-1,90201753,92060011,-1,-1)","","0","2","0","","0","0","","0","0","","","","","","","","","","","",""
"32101237","3","0","0","0","0","(-1,90201753,92060011,-1,-1)","","0","2","0","","0","0","","0","0","","","","","","","","","","","",""
"32101238","3","0","0","0","0","(-1,90201753,92060011,-1,-1)","","0","2","0","","0","0","","0","0","","","","","","","","","","","",""
"32101239","3","0","0","0","0","(-1,90201753,92060011,-1,-1)","","0","2","0","","0","0","","0","0","","","","","","","","","","","",""
"32101240","3","0","0","0","0","(-1,90201753,92060011,-1,-1)","","0","2","0","","0","0","","0","0","","","","","","","","","","","",""
"32101241","3","0","0","0","0","(-1,90201753,92060011,-1,-1)","","0","2","0","","0","0","","0","0","","","","","","","","","","","",""
"32101242","3","0","0","0","0","(-1,90201753,92060011,-1,-1)","","0","2","0","","0","0","","0","0","","","","","","","","","","","",""
"32101243","3","0","0","0","0","(-1,90201753,92060011,-1,-1)","","0","2","0","","0","0","","0","0","","","","","","","","","","","",""
"32101244","3","0","0","0","0","(-1,90201753,92060011,-1,-1)","","0","2","0","","0","0","","0","0","","","","","","","","","","","",""
"32101245","3","0","0","0","0","(-1,90201753,92060011,-1,-1)","","0","2","0","","0","0","","0","0","","","","","","","","","","","",""
"32101246","3","0","0","0","0","(-1,90201753,92060011,-1,-1)","","0","2","0","","0","0","","0","0","","","","","","","","","","","",""
"32101247","3","0","0","0","0","(-1,90201753,92060011,-1,-1)","","0","2","0","","0","0","","0","0","","","","","","","","","","","",""
"32101248","3","0","0","0","0","(-1,90201753,92060011,-1,-1)","","0","2","0","","0","0","","0","0","","","","","","","","","","","",""
"32101249","3","0","0","0","0","(-1,90201753,92060011,-1,-1)","","0","2","0","","0","0","","0","0","","","","","","","","","","","",""
"32101250","3","0","0","0","0","(-1,90201753,92060011,-1,-1)","","0","2","0","","0","0","","0","0","","","","","","","","","","","",""
"32101251","3","0","0","0","0","(-1,90201753,92060011,-1,-1)","","0","2","0","","0","0","","0","0","","","","","","","","","","","",""
"32101252","3","0","0","0","0","(-1,90201753,92060011,-1,-1)","","0","2","0","","0","0","","0","0","","","","","","","","","","","",""
"32101253","3","0","0","0","0","(-1,90201753,92060011,-1,-1)","","0","2","0","","0","0","","0","0","","","","","","","","","","","",""
"32101254","3","0","0","0","0","(-1,90201753,92060011,-1,-1)","","0","2","0","","0","0","","0","0","","","","","","","","","","","",""
"32101255","3","0","0","0","0","(-1,90201753,92060011,-1,-1)","","0","2","0","","0","0","","0","0","","","","","","","","","","","",""
"32101256","3","0","0","0","0","(-1,90201753,92060011,-1,-1)","","0","2","0","","0","0","","0","0","","","","","","","","","","","",""
"32101257","3","0","0","0","0","(-1,90201753,92060011,-1,-1)","","0","2","0","","0","0","","0","0","","","","","","","","","","","",""
"32101258","3","0","0","0","0","(-1,90201753,92060011,-1,-1)","","0","2","0","","0","0","","0","0","","","","","","","","","","","",""
"32101259","3","0","0","0","0","(-1,90201753,92060011,-1,-1)","","0","2","0","","0","0","","0","0","","","","","","","","","","","",""
"32101260","3","0","0","0","0","(-1,90201753,92060011,-1,-1)","","0","2","0","","0","0","","0","0","","","","","","","","","","","",""
"32101261","3","0","0","0","0","(-1,90201753,92060011,-1,-1)","","0","2","0","","0","0","","0","0","","","","","","","","","","","",""
"32101262","3","0","0","0","0","(-1,90201753,92060011,-1,-1)","","0","2","0","","0","0","","0","0","","","","","","","","","","","",""
"32101263","3","0","0","0","0","(-1,90201753,92060011,-1,-1)","","0","2","0","","0","0","","0","0","","","","","","","","","","","",""
"32101264","3","0","0","0","0","(-1,90201753,92060011,-1,-1)","","0","2","0","","0","0","","0","0","","","","","","","","","","","",""
"32101265","3","0","0","0","0","(-1,90201753,92060011,-1,-1)","","0","2","0","","0","0","","0","0","","","","","","","","","","","",""
"32101266","3","0","0","0","0","(-1,90201753,92060011,-1,-1)","","0","2","0","","0","0","","0","0","","","","","","","","","","","",""
"32101267","3","0","0","0","0","(-1,90201753,92060011,-1,-1)","","0","2","0","","0","0","","0","0","","","","","","","","","","","",""
"32101268","3","0","0","0","0","(-1,90201753,92060011,-1,-1)","","0","2","0","","0","0","","0","0","","","","","","","","","","","",""
"32101269","3","0","0","0","0","(-1,90201753,92060011,-1,-1)","","0","2","0","","0","0","","0","0","","","","","","","","","","","",""
"32101270","3","0","0","0","0","(-1,90201753,92060011,-1,-1)","","0","2","0","","0","0","","0","0","","","","","","","","","","","",""
"32101271","3","0","0","0","0","(-1,90201753,92060011,-1,-1)","","0","2","0","","0","0","","0","0","","","","","","","","","","","",""
"32101272","3","0","0","0","0","(-1,90201753,92060011,-1,-1)","","0","2","0","","0","0","","0","0","","","","","","","","","","","",""
"32101273","3","0","0","0","0","(-1,90201753,92060011,-1,-1)","","0","2","0","","0","0","","0","0","","","","","","","","","","","",""
"32101274","3","0","0","0","0","(-1,90201753,92060011,-1,-1)","","0","2","0","","0","0","","0","0","","","","","","","","","","","",""
"32101275","3","0","0","0","0","(-1,90201753,92060011,-1,-1)","","0","2","0","","0","0","","0","0","","","","","","","","","","","",""
"32101276","3","0","0","0","0","(-1,90201753,92060011,-1,-1)","","0","2","0","","0","0","","0","0","","","","","","","","","","","",""
"32101277","3","0","0","0","0","(-1,90201753,92060011,-1,-1)","","0","2","0","","0","0","","0","0","","","","","","","","","","","",""
"32101278","3","0","0","0","0","(-1,90201753,92060011,-1,-1)","","0","2","0","","0","0","","0","0","","","","","","","","","","","",""
"32101279","3","0","0","0","0","(-1,90201753,92060011,-1,-1)","","0","2","0","","0","0","","0","0","","","","","","","","","","","",""
"32101280","3","0","0","0","0","(-1,90201753,92060011,-1,-1)","","0","2","0","","0","0","","0","0","","","","","","","","","","","",""
"32101281","3","0","0","0","0","(-1,90201753,92060011,-1,-1)","","0","2","0","","0","0","","0","0","","","","","","","","","","","",""
"32101282","3","0","0","0","0","(-1,90201753,92060011,-1,-1)","","0","2","0","","0","0","","0","0","","","","","","","","","","","",""
"32101283","3","0","0","0","0","(-1,90201753,92060011,-1,-1)","","0","2","0","","0","0","","0","0","","","","","","","","","","","",""
"32101284","3","0","0","0","0","(-1,90201753,92060011,-1,-1)","","0","2","0","","0","0","","0","0","","","","","","","","","","","",""
"32101285","3","0","0","0","0","(-1,90201753,92060011,-1,-1)","","0","2","0","","0","0","","0","0","","","","","","","","","","","",""
"32101286","3","0","0","0","0","(-1,90201753,92060011,-1,-1)","","0","2","0","","0","0","","0","0","","","","","","","","","","","",""
"32101287","3","0","0","0","0","(-1,90201753,92060011,-1,-1)","","0","2","0","","0","0","","0","0","","","","","","","","","","","",""
"32101288","3","0","0","0","0","(-1,90201753,92060011,-1,-1)","","0","2","0","","0","0","","0","0","","","","","","","","","","","",""
"32101289","3","0","0","0","0","(-1,90201753,92060011,-1,-1)","","0","2","0","","0","0","","0","0","","","","","","","","","","","",""
"32101290","3","0","0","0","0","(-1,90201753,92060011,-1,-1)","","0","2","0","","0","0","","0","0","","","","","","","","","","","",""
"32101291","3","0","0","0","0","(-1,90201753,92060011,-1,-1)","","0","2","0","","0","0","","0","0","","","","","","","","","","","",""
"32101292","3","0","0","0","0","(-1,90201753,92060011,-1,-1)","","0","2","0","","0","0","","0","0","","","","","","","","","","","",""
"32101293","3","0","0","0","0","(-1,90201753,92060011,-1,-1)","","0","2","0","","0","0","","0","0","","","","","","","","","","","",""
"32101294","3","0","0","0","0","(-1,90201753,92060011,-1,-1)","","0","2","0","","0","0","","0","0","","","","","","","","","","","",""
"32101295","3","0","0","0","0","(-1,90201753,92060011,-1,-1)","","0","2","0","","0","0","","0","0","","","","","","","","","","","",""
"32101296","3","0","0","0","0","(-1,90201753,92060011,-1,-1)","","0","2","0","","0","0","","0","0","","","","","","","","","","","",""
"32101297","3","0","0","0","0","(-1,90201753,92060011,-1,-1)","","0","2","0","","0","0","","0","0","","","","","","","","","","","",""
"32101298","3","0","0","0","0","(-1,90201753,92060011,-1,-1)","","0","2","0","","0","0","","0","0","","","","","","","","","","","",""
"32101299","3","0","0","0","0","(-1,90201753,92060011,-1,-1)","","0","2","0","","0","0","","0","0","","","","","","","","","","","",""
"32101300","3","0","0","0","0","(-1,90201753,92060011,-1,-1)","","0","2","0","","0","0","","0","0","","","","","","","","","","","",""
"32101301","3","0","0","0","0","(-1,90201753,92060011,-1,-1)","","0","2","0","","0","0","","0","0","","","","","","","","","","","",""
"32101302","3","0","0","0","0","(-1,90201753,92060011,-1,-1)","","0","2","0","","0","0","","0","0","","","","","","","","","","","",""
"32101303","3","0","0","0","0","(-1,90201753,92060011,-1,-1)","","0","2","0","","0","0","","0","0","","","","","","","","","","","",""
"32101304","3","0","0","0","0","(-1,90201753,92060011,-1,-1)","","0","2","0","","0","0","","0","0","","","","","","","","","","","",""
"32101305","3","0","0","0","0","(-1,90201753,92060011,-1,-1)","","0","2","0","","0","0","","0","0","","","","","","","","","","","",""
"32101306","3","0","0","0","0","(-1,90201753,92060011,-1,-1)","","0","2","0","","0","0","","0","0","","","","","","","","","","","",""
"32101307","3","0","0","0","0","(-1,90201753,92060011,-1,-1)","","0","2","0","","0","0","","0","0","","","","","","","","","","","",""
"32101308","3","0","0","0","0","(-1,90201753,92060011,-1,-1)","","0","2","0","","0","0","","0","0","","","","","","","","","","","",""
"32101309","3","0","0","0","0","(-1,90201753,92060011,-1,-1)","","0","2","0","","0","0","","0","0","","","","","","","","","","","",""
"32101310","3","0","0","0","0","(-1,90201753,92060011,-1,-1)","","0","2","0","","0","0","","0","0","","","","","","","","","","","",""
"32101311","3","0","0","0","0","(-1,90201753,92060011,-1,-1)","","0","2","0","","0","0","","0","0","","","","","","","","","","","",""
"32101312","3","0","0","0","0","(-1,90201753,92060011,-1,-1)","","0","2","0","","0","0","","0","0","","","","","","","","","","","",""
"32101313","3","0","0","0","0","(-1,90201753,92060011,-1,-1)","","0","2","0","","0","0","","0","0","","","","","","","","","","","",""
"32101314","3","0","0","0","0","(-1,90201753,92060011,-1,-1)","","0","2","0","","0","0","","0","0","","","","","","","","","","","",""
"32101315","3","0","0","0","0","(-1,90201753,92060011,-1,-1)","","0","2","0","","0","0","","0","0","","","","","","","","","","","",""
"32101316","3","0","0","0","0","(-1,90201753,92060011,-1,-1)","","0","2","0","","0","0","","0","0","","","","","","","","","","","",""
"32101317","3","0","0","0","0","(-1,90201753,92060011,-1,-1)","","0","2","0","","0","0","","0","0","","","","","","","","","","","",""
"32101318","3","0","0","0","0","(-1,90201753,92060011,-1,-1)","","0","2","0","","0","0","","0","0","","","","","","","","","","","",""
"32101319","3","0","0","0","0","(-1,90201753,92060011,-1,-1)","","0","2","0","","0","0","","0","0","","","","","","","","","","","",""
"32101320","3","0","0","0","0","(-1,90201753,92060011,-1,-1)","","0","2","0","","0","0","","0","0","","","","","","","","","","","",""
"32101321","3","0","0","0","0","(-1,90201753,92060011,-1,-1)","","0","2","0","","0","0","","0","0","","","","","","","","","","","",""
"32101322","3","0","0","0","0","(-1,90201753,92060011,-1,-1)","","0","2","0","","0","0","","0","0","","","","","","","","","","","",""
"32101323","3","0","0","0","0","(-1,90201753,92060011,-1,-1)","","0","2","0","","0","0","","0","0","","","","","","","","","","","",""
"32101324","3","0","0","0","0","(-1,90201753,92060011,-1,-1)","","0","2","0","","0","0","","0","0","","","","","","","","","","","",""
"32101325","3","0","0","0","0","(-1,90201753,92060011,-1,-1)","","0","2","0","","0","0","","0","0","","","","","","","","","","","",""
"32101326","3","0","0","0","0","(-1,90201753,92060011,-1,-1)","","0","2","0","","0","0","","0","0","","","","","","","","","","","",""
"32101327","3","0","0","0","0","(-1,90201753,92060011,-1,-1)","","0","2","0","","0","0","","0","0","","","","","","","","","","","",""
"32101328","3","0","0","0","0","(-1,90201753,92060011,-1,-1)","","0","2","0","","0","0","","0","0","","","","","","","","","","","",""
"32101329","3","0","0","0","0","(-1,90201753,92060011,-1,-1)","","0","2","0","","0","0","","0","0","","","","","","","","","","","",""
"32101330","3","0","0","0","0","(-1,90201753,92060011,-1,-1)","","0","2","0","","0","0","","0","0","","","","","","","","","","","",""
"32101331","3","0","0","0","0","(-1,90201753,92060011,-1,-1)","","0","2","0","","0","0","","0","0","","","","","","","","","","","",""
"32101332","3","0","0","0","0","(-1,90201753,92060011,-1,-1)","","0","2","0","","0","0","","0","0","","","","","","","","","","","",""
"32101333","3","0","0","0","0","(-1,90201753,92060011,-1,-1)","","0","2","0","","0","0","","0","0","","","","","","","","","","","",""
"32101334","3","0","0","0","0","(-1,90201753,92060011,-1,-1)","","0","2","0","","0","0","","0","0","","","","","","","","","","","",""
"32101335","3","0","0","0","0","(-1,90201753,92060011,-1,-1)","","0","2","0","","0","0","","0","0","","","","","","","","","","","",""
"32101336","3","0","0","0","0","(-1,90201753,92060011,-1,-1)","","0","2","0","","0","0","","0","0","","","","","","","","","","","",""
"32101337","3","0","0","0","0","(-1,90201753,92060011,-1,-1)","","0","2","0","","0","0","","0","0","","","","","","","","","","","",""
"32101338","3","0","0","0","0","(-1,90201753,92060011,-1,-1)","","0","2","0","","0","0","","0","0","","","","","","","","","","","",""
"32101339","3","0","0","0","0","(-1,90201753,92060011,-1,-1)","","0","2","0","","0","0","","0","0","","","","","","","","","","","",""
"32101340","3","0","0","0","0","(-1,90201753,92060011,-1,-1)","","0","2","0","","0","0","","0","0","","","","","","","","","","","",""
"32101341","3","0","0","0","0","(-1,90201753,92060011,-1,-1)","","0","2","0","","0","0","","0","0","","","","","","","","","","","",""
"32101342","3","0","0","0","0","(-1,90201753,92060011,-1,-1)","","0","2","0","","0","0","","0","0","","","","","","","","","","","",""
"32101343","3","0","0","0","0","(-1,90201753,92060011,-1,-1)","","0","2","0","","0","0","","0","0","","","","","","","","","","","",""
"32101344","3","0","0","0","0","(-1,90201753,92060011,-1,-1)","","0","2","0","","0","0","","0","0","","","","","","","","","","","",""
"32101345","3","0","0","0","0","(-1,90201753,92060011,-1,-1)","","0","2","0","","0","0","","0","0","","","","","","","","","","","",""
"32101346","3","0","0","0","0","(-1,90201753,92060011,-1,-1)","","0","2","0","","0","0","","0","0","","","","","","","","","","","",""
"32101347","3","0","0","0","0","(-1,90201753,92060011,-1,-1)","","0","2","0","","0","0","","0","0","","","","","","","","","","","",""
"32101348","3","0","0","0","0","(-1,90201753,92060011,-1,-1)","","0","2","0","","0","0","","0","0","","","","","","","","","","","",""
"32101349","3","0","0","0","0","(-1,90201753,92060011,-1,-1)","","0","2","0","","0","0","","0","0","","","","","","","","","","","",""
"32101350","3","0","0","0","0","(-1,90201753,92060011,-1,-1)","","0","2","0","","0","0","","0","0","","","","","","","","","","","",""
"32101351","3","0","0","0","0","(-1,90201753,92060011,-1,-1)","","0","2","0","","0","0","","0","0","","","","","","","","","","","",""
"32101352","3","0","0","0","0","(-1,90201753,92060011,-1,-1)","","0","2","0","","0","0","","0","0","","","","","","","","","","","",""
"32101353","3","0","0","0","0","(-1,90201753,92060011,-1,-1)","","0","2","0","","0","0","","0","0","","","","","","","","","","","",""
"32101354","3","0","0","0","0","(-1,90201753,92060011,-1,-1)","","0","2","0","","0","0","","0","0","","","","","","","","","","","",""
"32101355","3","0","0","0","0","(-1,90201753,92060011,-1,-1)","","0","2","0","","0","0","","0","0","","","","","","","","","","","",""
"32101356","3","0","0","0","0","(-1,90201753,92060011,-1,-1)","","0","2","0","","0","0","","0","0","","","","","","","","","","","",""
"32101357","3","0","0","0","0","(-1,90201753,92060011,-1,-1)","","0","2","0","","0","0","","0","0","","","","","","","","","","","",""
"32101358","3","0","0","0","0","(-1,90201753,92060011,-1,-1)","","0","2","0","","0","0","","0","0","","","","","","","","","","","",""
"32101359","3","0","0","0","0","(-1,90201753,92060011,-1,-1)","","0","2","0","","0","0","","0","0","","","","","","","","","","","",""
"32101360","3","0","0","0","0","(-1,90201753,92060011,-1,-1)","","0","2","0","","0","0","","0","0","","","","","","","","","","","",""
"32101361","3","0","0","0","0","(-1,90201753,92060011,-1,-1)","","0","2","0","","0","0","","0","0","","","","","","","","","","","",""
"32101362","3","0","0","0","0","(-1,90201753,92060011,-1,-1)","","0","2","0","","0","0","","0","0","","","","","","","","","","","",""
"32101363","3","0","0","0","0","(-1,90201753,92060011,-1,-1)","","0","2","0","","0","0","","0","0","","","","","","","","","","","",""
"32101364","3","0","0","0","0","(-1,90201753,92060011,-1,-1)","","0","2","0","","0","0","","0","0","","","","","","","","","","","",""
"32101365","3","0","0","0","0","(-1,90201753,92060011,-1,-1)","","0","2","0","","0","0","","0","0","","","","","","","","","","","",""
"32101366","3","0","0","0","0","(-1,90201753,92060011,-1,-1)","","0","2","0","","0","0","","0","0","","","","","","","","","","","",""
"32101367","3","0","0","0","0","(-1,90201753,92060011,-1,-1)","","0","2","0","","0","0","","0","0","","","","","","","","","","","",""
"32101368","3","0","0","0","0","(-1,90201753,92060011,-1,-1)","","0","2","0","","0","0","","0","0","","","","","","","","","","","",""
"32101369","3","0","0","0","0","(-1,90201753,92060011,-1,-1)","","0","2","0","","0","0","","0","0","","","","","","","","","","","",""
"32101370","3","0","0","0","0","(-1,90201753,92060011,-1,-1)","","0","2","0","","0","0","","0","0","","","","","","","","","","","",""
"32120020","1","0","70980051","0","0","0","","0","2","0","","0","0","","0","0","","","","","","","","","","","",""
"32120021","1","0","70980052","0","0","0","","0","2","0","","0","0","","0","0","","","","","","","","","","","",""
"32120022","1","0","70980053","0","0","0","","0","2","0","","0","0","","0","0","","","","","","","","","","","",""
"32120023","1","0","70980054","0","0","0","","0","2","0","","0","0","","0","0","","","","","","","","","","","",""
"32120024","1","0","70980055","0","0","0","","0","2","0","","0","0","","0","0","","","","","","","","","","","",""
"32120025","1","0","70980056","0","0","0","","0","2","0","","0","0","","0","0","","","","","","","","","","","",""
"32120026","1","0","70980057","0","0","0","","0","2","0","","0","0","","0","0","","","","","","","","","","","",""
"32120027","1","0","70980058","0","0","0","","0","2","0","","0","0","","0","0","","","","","","","","","","","",""
"32120028","1","0","70980059","0","0","0","","0","2","0","","0","0","","0","0","","","","","","","","","","","",""
"32120029","1","0","70980060","0","0","0","","0","2","0","","0","0","","0","0","","","","","","","","","","","",""
"32120030","1","0","70980061","0","0","0","","0","2","0","","0","0","","0","0","","","","","","","","","","","",""
"32120031","1","0","70980062","0","0","0","","0","2","0","","0","0","","0","0","","","","","","","","","","","",""
"32120032","1","0","70980063","0","0","0","","0","2","0","","0","0","","0","0","","","","","","","","","","","",""
"32120033","1","0","70980064","0","0","0","","0","2","0","","0","0","","0","0","","","","","","","","","","","",""
"32120034","1","0","70980065","0","0","0","","0","2","0","","0","0","","0","0","","","","","","","","","","","",""
"32120035","1","0","70980067","0","0","0","","0","2","0","","0","0","","0","0","","","","","","","","","","","",""
"32120036","1","0","70980068","0","0","0","","0","2","0","","0","0","","0","0","","","","","","","","","","","",""
"32120037","1","0","70980069","0","0","0","","0","2","0","","0","0","","0","0","","","","","","","","","","","",""
"32120038","1","0","70980070","0","0","0","","0","2","0","","0","0","","0","0","","","","","","","","","","","",""
"32120039","1","0","70980071","0","0","0","","0","2","0","","0","0","","0","0","","","","","","","","","","","",""
"32120040","1","0","70980075","0","0","0","","0","2","0","","0","0","","0","0","","","","","","","","","","","",""
"32120041","1","0","70980076","0","0","0","","0","2","0","","0","0","","0","0","","","","","","","","","","","",""
"32120042","1","0","70980077","0","0","0","","0","2","0","","0","0","","0","0","","","","","","","","","","","",""
"32120043","1","0","70980078","0","0","0","","0","2","0","","0","0","","0","0","","","","","","","","","","","",""
"32120044","1","0","70980079","0","0","0","","0","2","0","","0","0","","0","0","","","","","","","","","","","",""
"32120045","1","0","70980080","0","0","0","","0","2","0","","0","0","","0","0","","","","","","","","","","","",""
"32120046","1","0","70980081","0","0","0","","0","2","0","","0","0","","0","0","","","","","","","","","","","",""
"32120047","1","0","70980082","0","0","0","","0","2","0","","0","0","","0","0","","","","","","","","","","","",""
"32120048","1","0","70980083","0","0","0","","0","2","0","","0","0","","0","0","","","","","","","","","","","",""
"32120049","1","0","70980084","0","0","0","","0","2","0","","0","0","","0","0","","","","","","","","","","","",""
"32120050","1","0","70980085","0","0","0","","0","2","0","","0","0","","0","0","","","","","","","","","","","",""
"32120051","1","0","70980086","0","0","0","","0","2","0","","0","0","","0","0","","","","","","","","","","","",""
"32120052","1","0","70980087","0","0","0","","0","2","0","","0","0","","0","0","","","","","","","","","","","",""
"32120053","1","0","70980088","0","0","0","","0","2","0","","0","0","","0","0","","","","","","","","","","","",""
"32120054","1","0","70980089","0","0","0","","0","2","0","","0","0","","0","0","","","","","","","","","","","",""
"32120055","1","0","70980090","0","0","0","","0","2","0","","0","0","","0","0","","","","","","","","","","","",""
"32120056","1","0","70980091","0","0","0","","0","2","0","","0","0","","0","0","","","","","","","","","","","",""
"32120057","1","0","70980092","0","0","0","","0","2","0","","0","0","","0","0","","","","","","","","","","","",""
"32120058","1","0","70090061","0","0","0","","0","2","0","","0","0","","0","0","","","","","","","","","","","",""
"32120059","1","0","70980093","0","0","0","","0","2","0","","0","0","","0","0","","","","","","","","","","","",""
"32120060","1","0","70980094","0","0","0","","0","2","0","","0","0","","0","0","","","","","","","","","","","",""
"32120061","1","0","70980095","0","0","0","","0","2","0","","0","0","","0","0","","","","","","","","","","","",""
"32120062","1","0","70980096","0","0","0","","0","2","0","","0","0","","0","0","","","","","","","","","","","",""
"32120063","1","0","70980097","0","0","0","","0","2","0","","0","0","","0","0","","","","","","","","","","","",""
"32120064","1","0","70980098","0","0","0","","0","2","0","","0","0","","0","0","","","","","","","","","","","",""
"32120065","1","0","70980099","0","0","0","","0","2","0","","0","0","","0","0","","","","","","","","","","","",""
"32120066","1","0","70980100","0","0","0","","0","2","0","","0","0","","0","0","","","","","","","","","","","",""
"32120067","1","0","70980101","0","0","0","","0","2","0","","0","0","","0","0","","","","","","","","","","","",""
"32120068","1","0","70980102","0","0","0","","0","2","0","","0","0","","0","0","","","","","","","","","","","",""
"32120069","1","0","70980103","0","0","0","","0","2","0","","0","0","","0","0","","","","","","","","","","","",""
"32120070","1","0","70980104","0","0","0","","0","2","0","","0","0","","0","0","","","","","","","","","","","",""
"32120071","1","0","70980105","0","0","0","","0","2","0","","0","0","","0","0","","","","","","","","","","","",""
"32120072","1","0","70980106","0","0","0","","0","2","0","","0","0","","0","0","","","","","","","","","","","",""
"32120073","1","0","70980107","0","0","0","","0","2","0","","0","0","","0","0","","","","","","","","","","","",""
"32120074","1","0","70980108","0","0","0","","0","2","0","","0","0","","0","0","","","","","","","","","","","",""
"32120075","1","0","70980109","0","0","0","","0","2","0","","0","0","","0","0","","","","","","","","","","","",""
"32120076","1","0","70980110","0","0","0","","0","2","0","","0","0","","0","0","","","","","","","","","","","",""
"32120077","1","0","70980111","0","0","0","","0","2","0","","0","0","","0","0","","","","","","","","","","","",""
"32120078","1","0","70980112","0","0","0","","0","2","0","","0","0","","0","0","","","","","","","","","","","",""
"32120079","1","0","70980113","0","0","0","","0","2","0","","0","0","","0","0","","","","","","","","","","","",""
"32120080","1","0","70980114","0","0","0","","0","2","0","","0","0","","0","0","","","","","","","","","","","",""
"32120081","1","0","70980115","0","0","0","","0","2","0","","0","0","","0","0","","","","","","","","","","","",""
"32120082","1","0","70980116","0","0","0","","0","2","0","","0","0","","0","0","","","","","","","","","","","",""
"32120130","3","0","0","0","0","(-1,90201753,92060011,-1,-1)","","0","2","0","","0","0","","0","0","","","","","","","","","","","",""
"32120131","3","0","0","0","0","(-1,90201753,92060011,-1,-1)","","0","2","0","","0","0","","0","0","","","","","","","","","","","",""
"32120141","3","0","0","0","0","(-1,-1,92800014,2,-1)","","0","2","0","","0","0","","0","","","","","","","","","","","","",""
"32120201","3","0","0","0","0","(-1,-1,92800014,-1,-1)","","0","2","0","","0","0","","0","","","","","","","","","","","","",""
"32120202","3","0","0","0","0","(-1,-1,92800014,-1,-1)","","0","2","0","","0","0","","0","","","","","","","","","","","","",""
"32120203","3","0","0","0","0","(-1,-1,92800015,0,-1)","","0","2","0","","0","0","","0","","","","","","","","","","","","",""
"32120204","3","0","0","0","0","(-1,-1,92800015,1,-1)","","0","2","0","","0","0","","0","","","","","","","","","","","","",""
"32120205","3","0","0","0","0","(-1,-1,92800015,2,-1)","","0","2","0","","0","0","","0","","","","","","","","","","","","",""
"32120206","3","0","0","0","0","(-1,-1,92800015,3,-1)","","0","2","0","","0","0","","0","","","","","","","","","","","","",""
"32120207","3","0","0","0","0","(-1,-1,92800015,4,-1)","","0","2","0","","0","0","","0","","","","","","","","","","","","",""
"32120208","3","0","0","0","0","(-1,-1,92800015,5,-1)","","0","2","0","","0","0","","0","","","","","","","","","","","","",""
"32120209","3","0","0","0","0","(-1,-1,92800015,6,-1)","","0","2","0","","0","0","","0","","","","","","","","","","","","",""
"32120210","3","0","0","0","0","(-1,-1,92800015,7,-1)","","0","2","0","","0","0","","0","","","","","","","","","","","","",""
"32120211","3","0","0","0","0","(-1,-1,92800015,8,-1)","","0","2","0","","0","0","","0","","","","","","","","","","","","",""
"32120212","3","0","0","0","0","(-1,-1,92800015,9,-1)","","0","2","0","","0","0","","0","","","","","","","","","","","","",""
"32120213","3","0","0","0","0","(-1,-1,92800015,10,-1)","","0","2","0","","0","0","","0","","","","","","","","","","","","",""
"32120214","3","0","0","0","0","(-1,-1,92800015,11,-1)","","0","2","0","","0","0","","0","","","","","","","","","","","","",""
"32120215","3","0","0","0","0","(-1,-1,92800015,12,-1)","","0","2","0","","0","0","","0","","","","","","","","","","","","",""
"32120216","3","0","0","0","0","(-1,-1,92800015,13,-1)","","0","2","0","","0","0","","0","","","","","","","","","","","","",""
"32120217","3","0","0","0","0","(-1,-1,92800015,14,-1)","","0","2","0","","0","0","","0","","","","","","","","","","","","",""
"32120218","3","0","0","0","0","(-1,-1,92800015,15,-1)","","0","2","0","","0","0","","0","","","","","","","","","","","","",""
"32120219","3","0","0","0","0","(-1,-1,92800015,16,-1)","","0","2","0","","0","0","","0","","","","","","","","","","","","",""
"32120220","3","0","0","0","0","(-1,-1,92800015,17,-1)","","0","2","0","","0","0","","0","","","","","","","","","","","","",""
"32120221","3","0","0","0","0","(-1,-1,92800015,18,-1)","","0","2","0","","0","0","","0","","","","","","","","","","","","",""
"32120222","3","0","0","0","0","(-1,-1,92800015,19,-1)","","0","2","0","","0","0","","0","","","","","","","","","","","","",""
"32120223","3","0","0","0","0","(-1,-1,92800015,20,-1)","","0","2","0","","0","0","","0","","","","","","","","","","","","",""
"32120224","3","0","0","0","0","(-1,-1,92800015,21,-1)","","0","2","0","","0","0","","0","","","","","","","","","","","","",""
"32120225","3","0","0","0","0","(-1,-1,92800015,22,-1)","","0","2","0","","0","0","","0","","","","","","","","","","","","",""
"32120226","3","0","0","0","0","(-1,-1,92800015,23,-1)","","0","2","0","","0","0","","0","","","","","","","","","","","","",""
"32120227","3","0","0","0","0","(-1,-1,92280003,2,-1)","","0","2","0","","0","0","","0","","","","","","","","","","","","",""
"32120228","3","0","0","0","0","(-1,-1,92280003,2,-1)","","0","2","0","","0","0","","0","","","","","","","","","","","","",""
"32120229","3","0","0","0","0","(-1,-1,92280003,2,-1)","","0","2","0","","0","0","","0","","","","","","","","","","","","",""
"32120230","3","0","0","0","0","(-1,-1,92280003,2,-1)","","0","2","0","","0","0","","0","","","","","","","","","","","","",""
"32120231","3","0","0","0","0","(-1,-1,92280003,2,-1)","","0","2","0","","0","0","","0","","","","","","","","","","","","",""
"32120232","3","0","0","0","0","(-1,-1,92280003,2,-1)","","0","2","0","","0","0","","0","","","","","","","","","","","","",""
"32120233","3","0","0","0","0","(-1,-1,92280003,2,-1)","","0","2","0","","0","0","","0","","","","","","","","","","","","",""
"32120234","3","0","0","0","0","(-1,-1,92280003,2,-1)","","0","2","0","","0","0","","0","","","","","","","","","","","","",""
"32120235","3","0","0","0","0","(-1,-1,92280003,2,-1)","","0","2","0","","0","0","","0","","","","","","","","","","","","",""
"32120236","3","0","0","0","0","(-1,-1,92280003,2,-1)","","0","2","0","","0","0","","0","","","","","","","","","","","","",""
"32120237","3","0","0","0","0","(-1,-1,92280003,2,-1)","","0","2","0","","0","0","","0","","","","","","","","","","","","",""
"32120238","3","0","0","0","0","(-1,-1,92280003,2,-1)","","0","2","0","","0","0","","0","","","","","","","","","","","","",""
"32120239","3","0","0","0","0","(-1,-1,92280003,2,-1)","","0","2","0","","0","0","","0","","","","","","","","","","","","",""
"32120240","3","0","0","0","0","(-1,-1,92280003,2,-1)","","0","2","0","","0","0","","0","","","","","","","","","","","","",""
"32120241","3","0","0","0","0","(-1,-1,92280003,2,-1)","","0","2","0","","0","0","","0","","","","","","","","","","","","",""
"32120242","3","0","0","0","0","(-1,-1,92280003,2,-1)","","0","2","0","","0","0","","0","","","","","","","","","","","","",""
"32120243","3","0","0","0","0","(-1,-1,92280003,2,-1)","","0","2","0","","0","0","","0","","","","","","","","","","","","",""
"32120244","3","0","0","0","0","(-1,-1,92280003,2,-1)","","0","2","0","","0","0","","0","","","","","","","","","","","","",""
"32120245","3","0","0","0","0","(-1,-1,92280003,2,-1)","","0","2","0","","0","0","","0","","","","","","","","","","","","",""
"32120246","3","0","0","0","0","(-1,-1,92280003,2,-1)","","0","2","0","","0","0","","0","","","","","","","","","","","","",""
"32120247","3","0","0","0","0","(-1,-1,92280003,2,-1)","","0","2","0","","0","0","","0","","60010000","","","","","","","","","","",""
"32120248","3","0","0","0","0","(-1,-1,92280003,2,-1)","","0","2","0","","0","0","","0","","60010100","","","","","","","","","","",""
"32120249","3","0","0","0","0","(-1,-1,92280003,2,-1)","","0","2","0","","0","0","","0","","60010200","","","","","","","","","","",""
"32120250","3","0","0","0","0","(-1,-1,92280003,2,-1)","","0","2","0","","0","0","","0","","60010300","","","","","","","","","","",""
"32120251","3","0","0","0","0","(-1,-1,92280003,2,-1)","","0","2","0","","0","0","","0","","60010400","","","","","","","","","","",""
"32120252","3","0","0","0","0","(-1,-1,92280003,2,-1)","","0","2","0","","0","0","","0","","60010500","","","","","","","","","","",""
"32120253","3","0","0","0","0","(-1,-1,92280003,2,-1)","","0","2","0","","0","0","","0","","60010600","","","","","","","","","","",""
"32120254","3","0","0","0","0","(-1,-1,92280003,2,-1)","","0","2","0","","0","0","","0","","60010700","","","","","","","","","","",""
"32120255","3","0","0","0","0","(-1,-1,92280003,2,-1)","","0","2","0","","0","0","","0","","60010800","","","","","","","","","","",""
"32120256","3","0","0","0","0","(-1,-1,92280003,2,-1)","","0","2","0","","0","0","","0","","60010900","","","","","","","","","","",""
"32120257","3","0","0","0","0","(-1,-1,92280003,2,-1)","","0","2","0","","0","0","","0","","60011000","","","","","","","","","","",""
"32120258","3","0","0","0","0","(-1,-1,92280003,2,-1)","","0","2","0","","0","0","","0","","60011100","","","","","","","","","","",""
"32120259","3","0","0","0","0","(-1,-1,92280003,2,-1)","","0","2","0","","0","0","","0","","60011200","","","","","","","","","","",""
"32120260","3","0","0","0","0","(-1,-1,92280003,2,-1)","","0","2","0","","0","0","","0","","60011300","","","","","","","","","","",""
"32120261","3","0","0","0","0","(-1,-1,92280003,2,-1)","","0","2","0","","0","0","","0","","60011400","","","","","","","","","","",""
"32120262","3","0","0","0","0","(-1,-1,92280003,2,-1)","","0","2","0","","0","0","","0","","60011500","","","","","","","","","","",""
"32120263","3","0","0","0","0","(-1,-1,92280003,2,-1)","","0","2","0","","0","0","","0","","60011600","","","","","","","","","","",""
"32120264","3","0","0","0","0","(-1,-1,92280003,2,-1)","","0","2","0","","0","0","","0","","60011700","","","","","","","","","","",""
"32120265","3","0","0","0","0","(-1,-1,92280003,2,-1)","","0","2","0","","0","0","","0","","60011800","","","","","","","","","","",""
"32120266","3","0","0","0","0","(-1,-1,92280003,2,-1)","","0","2","0","","0","0","","0","","60011900","","","","","","","","","","",""
"32120267","3","0","0","0","0","(-1,-1,92280003,2,-1)","","0","2","0","","0","0","","0","","60012000","","","","","","","","","","",""
"32120268","3","0","0","0","0","(-1,-1,92280003,2,-1)","","0","2","0","","0","0","","0","","60012100","","","","","","","","","","",""
"32120269","3","0","0","0","0","(-1,-1,92280003,2,-1)","","0","2","0","","0","0","","0","","60012200","","","","","","","","","","",""
"32120270","3","0","0","0","0","(-1,-1,92280003,2,-1)","","0","2","0","","0","0","","0","","60012300","","","","","","","","","","",""
"32120271","3","0","0","0","0","(-1,-1,92280003,2,-1)","","0","2","0","","0","0","","0","","60012400","","","","","","","","","","",""
"32120272","3","0","0","0","0","(-1,-1,92280003,2,-1)","","0","2","0","","0","0","","0","","60012500","","","","","","","","","","",""
"32120273","3","0","0","0","0","(-1,-1,92280003,2,-1)","","0","2","0","","0","0","","0","","60012600","","","","","","","","","","",""
"32120274","3","0","0","0","0","(-1,-1,92280003,2,-1)","","0","2","0","","0","0","","0","","60012700","","","","","","","","","","",""
"32120275","3","0","0","0","0","(-1,-1,92280003,2,-1)","","0","2","0","","0","0","","0","","60012800","","","","","","","","","","",""
"32120276","3","0","0","0","0","(-1,-1,92280003,2,-1)","","0","2","0","","0","0","","0","","60012900","","","","","","","","","","",""
"32120277","3","0","0","0","0","(-1,-1,92280003,2,-1)","","0","2","0","","0","0","","0","","60013000","","","","","","","","","","",""
"32120278","3","0","0","0","0","(-1,-1,92280003,2,-1)","","0","2","0","","0","0","","0","","60013100","","","","","","","","","","",""
"32120279","3","0","0","0","0","(-1,-1,92280003,2,-1)","","0","2","0","","0","0","","0","","60013200","","","","","","","","","","",""
"32120280","3","0","0","0","0","(-1,-1,92280003,2,-1)","","0","2","0","","0","0","","0","","60013300","","","","","","","","","","",""
"32120281","3","0","0","0","0","(-1,-1,92280003,2,-1)","","0","2","0","","0","0","","0","","60013400","","","","","","","","","","",""
"32120282","3","0","0","0","0","(-1,-1,92280003,2,-1)","","0","2","0","","0","0","","0","","60013500","","","","","","","","","","",""
"32120283","3","0","0","0","0","(-1,-1,92280003,2,-1)","","0","2","0","","0","0","","0","","60013600","","","","","","","","","","",""
"32120284","3","0","0","0","0","(-1,-1,92280003,2,-1)","","0","2","0","","0","0","","0","","60013700","","","","","","","","","","",""
"32120285","3","0","0","0","0","(-1,-1,92280003,2,-1)","","0","2","0","","0","0","","0","","60013800","","","","","","","","","","",""
"32120286","3","0","0","0","0","(-1,-1,92280003,2,-1)","","0","2","0","","0","0","","0","","60013900","","","","","","","","","","",""
"32120287","3","0","0","0","0","(-1,-1,92280003,2,-1)","","0","2","0","","0","0","","0","","60014000","","","","","","","","","","",""
"32120288","3","0","0","0","0","(-1,-1,92280003,2,-1)","","0","2","0","","0","0","","0","","60014100","","","","","","","","","","",""
"32120289","3","0","0","0","0","(-1,-1,92280003,2,-1)","","0","2","0","","0","0","","0","","60014200","","","","","","","","","","",""
"32120290","3","0","0","0","0","(-1,-1,92280003,2,-1)","","0","2","0","","0","0","","0","","60014300","","","","","","","","","","",""
"32120291","3","0","0","0","0","(-1,-1,92280003,2,-1)","","0","2","0","","0","0","","0","","60014400","","","","","","","","","","",""
"32120292","3","0","0","0","0","(-1,-1,92280003,2,-1)","","0","2","0","","0","0","","0","","60014500","","","","","","","","","","",""
"32120293","3","0","0","0","0","(-1,-1,92280003,2,-1)","","0","2","0","","0","0","","0","","60014600","","","","","","","","","","",""
"32120294","3","0","0","0","0","(-1,-1,92280003,2,-1)","","0","2","0","","0","0","","0","","60014700","","","","","","","","","","",""
"32120295","3","0","0","0","0","(-1,-1,92280003,2,-1)","","0","2","0","","0","0","","0","","60014800","","","","","","","","","","",""
"32120296","3","0","0","0","0","(-1,-1,92280003,2,-1)","","0","2","0","","0","0","","0","","60014900","","","","","","","","","","",""
"32120297","3","0","0","0","0","(-1,-1,92280003,2,-1)","","0","2","0","","0","0","","0","","60015000","","","","","","","","","","",""
"32120298","3","0","0","0","0","(-1,-1,92280003,2,-1)","","0","2","0","","0","0","","0","","60015100","","","","","","","","","","",""
"32120299","3","0","0","0","0","(-1,-1,92280003,2,-1)","","0","2","0","","0","0","","0","","60015200","","","","","","","","","","",""
"32120300","3","0","0","0","0","(-1,-1,92280003,2,-1)","","0","2","0","","0","0","","0","","60015300","","","","","","","","","","",""
"32120301","3","0","0","0","0","(-1,-1,92280003,2,-1)","","0","2","0","","0","0","","0","","60015400","","","","","","","","","","",""
"32120302","3","0","0","0","0","(-1,-1,92280003,2,-1)","","0","2","0","","0","0","","0","","60015500","","","","","","","","","","",""
"32120303","3","0","0","0","0","(-1,-1,92280003,2,-1)","","0","2","0","","0","0","","0","","60015600","","","","","","","","","","",""
"32120304","3","0","0","0","0","(-1,-1,92280003,2,-1)","","0","2","0","","0","0","","0","","60015700","","","","","","","","","","",""
"32120305","3","0","0","0","0","(-1,-1,92280003,2,-1)","","0","2","0","","0","0","","0","","60015800","","","","","","","","","","",""
"32120306","3","0","0","0","0","(-1,-1,92280003,2,-1)","","0","2","0","","0","0","","0","","60015900","","","","","","","","","","",""
"32120307","3","0","0","0","0","(-1,-1,92280003,2,-1)","","0","2","0","","0","0","","0","","","","","","","","","","","","",""
"32120308","3","0","0","0","0","(-1,-1,92280003,2,-1)","82012074","0","2","0","","0","0","","0","","","","","","","","","","","","",""
"32120309","3","0","0","0","0","(-1,-1,92280003,2,-1)","82012074","0","2","0","","0","0","","0","","","","","","","","","","","","",""
"32120310","3","0","0","0","0","(-1,-1,92280003,2,-1)","82012074","0","2","0","","0","0","","0","","","","","","","","","","","","",""
"32120311","3","0","0","0","0","(-1,-1,92280003,2,-1)","82012074","0","2","0","","0","0","","0","","","","","","","","","","","","",""
"32120312","3","0","0","0","0","(-1,-1,92280003,2,-1)","82012074","0","2","0","","0","0","","0","","","","","","","","","","","","",""
"32120313","3","0","0","0","0","(-1,-1,92280003,2,-1)","82012074","0","2","0","","0","0","","0","","","","","","","","","","","","",""
"32120314","3","0","0","0","0","(-1,-1,92280003,2,-1)","82012074","0","2","0","","0","0","","0","","","","","","","","","","","","",""
"32120315","3","0","0","0","0","(-1,-1,92280003,2,-1)","82012074","0","2","0","","0","0","","0","","","","","","","","","","","","",""
"32120316","3","0","0","0","0","(-1,-1,92280003,2,-1)","82012074","0","2","0","","0","0","","0","","","","","","","","","","","","",""
"32120317","3","0","0","0","0","(-1,-1,92280003,2,-1)","82010215","0","2","0","","0","0","","0","","60000000","","","","","","","","","","",""
"32120318","3","0","0","0","0","(-1,-1,92280003,2,-1)","82012074","0","2","0","","0","0","","0","","60000000","","","","","","","","","","",""
"32120319","3","0","0","0","0","(-1,-1,92280003,2,-1)","82010227","0","2","0","","0","0","","0","","60000000","","","","","","","","","","",""
"32120320","3","0","0","0","0","(-1,-1,92280003,2,-1)","82010221","0","2","0","","0","0","","0","","60000000","","","","","","","","","","",""
"32120321","3","0","0","0","0","(-1,-1,92280003,2,-1)","82012293","0","2","0","","0","0","","0","","60000000","","","","","","","","","","",""
"32120322","3","0","0","0","0","(-1,-1,92280003,2,-1)","82010234","0","2","0","","0","0","","0","","60000000","","","","","","","","","","",""
"32120323","3","0","0","0","0","(-1,-1,92280003,2,-1)","82010241","0","2","0","","0","0","","0","","60000000","","","","","","","","","","",""
"32120324","3","0","0","0","0","(-1,-1,92280003,2,-1)","82010249","0","2","0","","0","0","","0","","60000000","","","","","","","","","","",""
"32120325","3","0","0","0","0","(-1,-1,92280003,2,-1)","82010257","0","2","0","","0","0","","0","","60000000","","","","","","","","","","",""
"32120326","3","0","0","0","0","(-1,-1,92280003,2,-1)","82012074","0","2","0","","0","0","","0","","","","","","","","","","","","",""
"32120327","3","0","0","0","0","(-1,-1,92280003,2,-1)","82012085","0","2","0","","0","0","","0","","60000000","","","","","","","","","","",""
"32120328","3","0","0","0","0","(-1,-1,92280003,2,-1)","82012091","0","2","0","","0","0","","0","","60000000","","","","","","","","","","",""
"32120329","3","0","0","0","0","(-1,-1,92280003,2,-1)","82012097","0","2","0","","0","0","","0","","60000000","","","","","","","","","","",""
"32120330","3","0","0","0","0","(-1,-1,92280003,2,-1)","82010262","0","2","0","","0","0","","0","","60000100","","","","","","","","","","",""
"32120331","3","0","0","0","0","(-1,-1,92280003,2,-1)","82010268","0","2","0","","0","0","","0","","60000100","","","","","","","","","","",""
"32120332","3","0","0","0","0","(-1,-1,92280003,2,-1)","82010274","0","2","0","","0","0","","0","","60000100","","","","","","","","","","",""
"32120333","3","0","0","0","0","(-1,-1,92280003,2,-1)","82010280","0","2","0","","0","0","","0","","60000100","","","","","","","","","","",""
"32120334","3","0","0","0","0","(-1,-1,92280003,2,-1)","82012103","0","2","0","","0","0","","0","","60000100","","","","","","","","","","",""
"32120335","3","0","0","0","0","(-1,-1,92280003,2,-1)","82010286","0","2","0","","0","0","","0","","60000100","","","","","","","","","","",""
"32120336","3","0","0","0","0","(-1,-1,92280003,2,-1)","82010292","0","2","0","","0","0","","0","","60000100","","","","","","","","","","",""
"32120337","3","0","0","0","0","(-1,-1,92280003,2,-1)","82010298","0","2","0","","0","0","","0","","60000100","","","","","","","","","","",""
"32120338","3","0","0","0","0","(-1,-1,92280003,2,-1)","82010304","0","2","0","","0","0","","0","","60000100","","","","","","","","","","",""
"32120339","3","0","0","0","0","(-1,-1,92280003,2,-1)","82010310","0","2","0","","0","0","","0","","60000200","","","","","","","","","","",""
"32120340","3","0","0","0","0","(-1,-1,92280003,2,-1)","82010316","0","2","0","","0","0","","0","","60000200","","","","","","","","","","",""
"32120341","3","0","0","0","0","(-1,-1,92280003,2,-1)","82012322","0","2","0","","0","0","","0","","60000200","","","","","","","","","","",""
"32120342","3","0","0","0","0","(-1,-1,92280003,2,-1)","82012134","0","2","0","","0","0","","0","","60000200","","","","","","","","","","",""
"32120343","3","0","0","0","0","(-1,-1,92280003,2,-1)","82012140","0","2","0","","0","0","","0","","60000200","","","","","","","","","","",""
"32120344","3","0","0","0","0","(-1,-1,92280003,2,-1)","82010322","0","2","0","","0","0","","0","","60000200","","","","","","","","","","",""
"32120345","3","0","0","0","0","(-1,-1,92280003,2,-1)","82010328","0","2","0","","0","0","","0","","60000200","","","","","","","","","","",""
"32120346","3","0","0","0","0","(-1,-1,92280003,2,-1)","82010334","0","2","0","","0","0","","0","","60000200","","","","","","","","","","",""
"32120347","3","0","0","0","0","(-1,-1,92280003,2,-1)","82010339","0","2","0","","0","0","","0","","60000200","","","","","","","","","","",""
"32120348","3","0","0","0","0","(-1,-1,92280003,2,-1)","82010345","0","2","0","","0","0","","0","","60000200","","","","","","","","","","",""
"32120349","3","0","0","0","0","(-1,-1,92280003,2,-1)","82010351","0","2","0","","0","0","","0","","60000200","","","","","","","","","","",""
"32120350","3","0","0","0","0","(-1,-1,92280003,2,-1)","82010357","0","2","0","","0","0","","0","","60000200","","","","","","","","","","",""
"32120351","3","0","0","0","0","(-1,-1,92280003,2,-1)","82010363","0","2","0","","0","0","","0","","60000200","","","","","","","","","","",""
"32120352","3","0","0","0","0","(-1,-1,92280003,2,-1)","82012335","0","2","0","","0","0","","0","","60000200","","","","","","","","","","",""
"32120353","3","0","0","0","0","(-1,-1,92280003,2,-1)","82012074","0","2","0","","0","0","","0","","","","","","","","","","","","",""
"32120354","3","0","0","0","0","(-1,-1,92280003,2,-1)","82010370","0","2","0","","0","0","","0","","60000200","","","","","","","","","","",""
"32120355","3","0","0","0","0","(-1,-1,92280003,2,-1)","82010376","0","2","0","","0","0","","0","","60000300","","","","","","","","","","",""
"32120356","3","0","0","0","0","(-1,-1,92280003,2,-1)","82010382","0","2","0","","0","0","","0","","60000300","","","","","","","","","","",""
"32120357","3","0","0","0","0","(-1,-1,92280003,2,-1)","82010388","0","2","0","","0","0","","0","","60000300","","","","","","","","","","",""
"32120358","3","0","0","0","0","(-1,-1,92280003,2,-1)","82010394","0","2","0","","0","0","","0","","60000300","","","","","","","","","","",""
"32120359","3","0","0","0","0","(-1,-1,92280003,2,-1)","82010400","0","2","0","","0","0","","0","","60000300","","","","","","","","","","",""
"32120360","3","0","0","0","0","(-1,-1,92280003,2,-1)","82010405","0","2","0","","0","0","","0","","60000300","","","","","","","","","","",""
"32120361","3","0","0","0","0","(-1,-1,92280003,2,-1)","82010411","0","2","0","","0","0","","0","","60000300","","","","","","","","","","",""
"32120362","3","0","0","0","0","(-1,-1,92280003,2,-1)","82010417","0","2","0","","0","0","","0","","60000300","","","","","","","","","","",""
"32120363","3","0","0","0","0","(-1,-1,92280003,2,-1)","82010454","0","2","0","","0","0","","0","","60000300","","","","","","","","","","",""
"32120364","3","0","0","0","0","(-1,-1,92280003,2,-1)","82012074","0","2","0","","0","0","","0","","","","","","","","","","","","",""
"32120365","3","0","0","0","0","(-1,-1,92280003,2,-1)","82010423","0","2","0","","0","0","","0","","60000300","","","","","","","","","","",""
"32120366","3","0","0","0","0","(-1,-1,92280003,2,-1)","82010435","0","2","0","","0","0","","0","","60000300","","","","","","","","","","",""
"32120367","3","0","0","0","0","(-1,-1,92280003,2,-1)","82010441","0","2","0","","0","0","","0","","60000300","","","","","","","","","","",""
"32120368","3","0","0","0","0","(-1,-1,92280003,2,-1)","82012074","0","2","0","","0","0","","0","","","","","","","","","","","","",""
"32120369","3","0","0","0","0","(-1,-1,92280003,2,-1)","82010448","0","2","0","","0","0","","0","","60000300","","","","","","","","","","",""
"32120370","3","0","0","0","0","(-1,-1,92280003,2,-1)","82010429","0","2","0","","0","0","","0","","60000300","","","","","","","","","","",""
"32120371","3","0","0","0","0","(-1,-1,92280003,2,-1)","82010581","0","2","0","","0","0","","0","","60000400","","","","","","","","","","",""
"32120372","3","0","0","0","0","(-1,-1,92280003,2,-1)","82010587","0","2","0","","0","0","","0","","60000400","","","","","","","","","","",""
"32120373","3","0","0","0","0","(-1,-1,92280003,2,-1)","82010593","0","2","0","","0","0","","0","","60000400","","","","","","","","","","",""
"32120374","3","0","0","0","0","(-1,-1,92280003,2,-1)","82012074","0","2","0","","0","0","","0","","","","","","","","","","","","",""
"32120375","3","0","0","0","0","(-1,-1,92280003,2,-1)","82010603","0","2","0","","0","0","","0","","60000400","","","","","","","","","","",""
"32120376","3","0","0","0","0","(-1,-1,92280003,2,-1)","82010609","0","2","0","","0","0","","0","","60000400","","","","","","","","","","",""
"32120377","3","0","0","0","0","(-1,-1,92280003,2,-1)","82010615","0","2","0","","0","0","","0","","60000400","","","","","","","","","","",""
"32120378","3","0","0","0","0","(-1,-1,92280003,2,-1)","82010621","0","2","0","","0","0","","0","","60000400","","","","","","","","","","",""
"32120379","3","0","0","0","0","(-1,-1,92280003,2,-1)","82010627","0","2","0","","0","0","","0","","60000400","","","","","","","","","","",""
"32120380","3","0","0","0","0","(-1,-1,92280003,2,-1)","82010633","0","2","0","","0","0","","0","","60000400","","","","","","","","","","",""
"32120381","3","0","0","0","0","(-1,-1,92280003,2,-1)","82012074","0","2","0","","0","0","","0","","","","","","","","","","","","",""
"32120382","3","0","0","0","0","(-1,-1,92280003,2,-1)","82010663","0","2","0","","0","0","","0","","60000500","","","","","","","","","","",""
"32120383","3","0","0","0","0","(-1,-1,92280003,2,-1)","82010669","0","2","0","","0","0","","0","","60000500","","","","","","","","","","",""
"32120384","3","0","0","0","0","(-1,-1,92280003,2,-1)","82012074","0","2","0","","0","0","","0","","","","","","","","","","","","",""
"32120385","3","0","0","0","0","(-1,-1,92280003,2,-1)","82010682","0","2","0","","0","0","","0","","60000500","","","","","","","","","","",""
"32120386","3","0","0","0","0","(-1,-1,92280003,2,-1)","82010688","0","2","0","","0","0","","0","","60000500","","","","","","","","","","",""
"32120387","3","0","0","0","0","(-1,-1,92280003,2,-1)","82010695","0","2","0","","0","0","","0","","60000500","","","","","","","","","","",""
"32120388","3","0","0","0","0","(-1,-1,92280003,2,-1)","82010701","0","2","0","","0","0","","0","","60000500","","","","","","","","","","",""
"32120389","3","0","0","0","0","(-1,-1,92280003,2,-1)","82010707","0","2","0","","0","0","","0","","60000500","","","","","","","","","","",""
"32120390","3","0","0","0","0","(-1,-1,92280003,2,-1)","82010713","0","2","0","","0","0","","0","","60000600","","","","","","","","","","",""
"32120391","3","0","0","0","0","(-1,-1,92280003,2,-1)","82010719","0","2","0","","0","0","","0","","60000600","","","","","","","","","","",""
"32120392","3","0","0","0","0","(-1,-1,92280003,2,-1)","82010725","0","2","0","","0","0","","0","","60000600","","","","","","","","","","",""
"32120393","3","0","0","0","0","(-1,-1,92280003,2,-1)","82010731","0","2","0","","0","0","","0","","60000600","","","","","","","","","","",""
"32120394","3","0","0","0","0","(-1,-1,92280003,2,-1)","82012074","0","2","0","","0","0","","0","","","","","","","","","","","","",""
"32120395","3","0","0","0","0","(-1,-1,92280003,2,-1)","82010753","0","2","0","","0","0","","0","","60000700","","","","","","","","","","",""
"32120396","3","0","0","0","0","(-1,-1,92280003,2,-1)","82010759","0","2","0","","0","0","","0","","60000700","","","","","","","","","","",""
"32120397","3","0","0","0","0","(-1,-1,92280003,2,-1)","82010765","0","2","0","","0","0","","0","","60000700","","","","","","","","","","",""
"32120398","3","0","0","0","0","(-1,-1,92280003,2,-1)","82010771","0","2","0","","0","0","","0","","60000700","","","","","","","","","","",""
"32120399","3","0","0","0","0","(-1,-1,92280003,2,-1)","82010777","0","2","0","","0","0","","0","","60000700","","","","","","","","","","",""
"32120400","3","0","0","0","0","(-1,-1,92280003,2,-1)","82010804","0","2","0","","0","0","","0","","60000800","","","","","","","","","","",""
"32120401","3","0","0","0","0","(-1,-1,92280003,2,-1)","82010810","0","2","0","","0","0","","0","","60000800","","","","","","","","","","",""
"32120402","3","0","0","0","0","(-1,-1,92280003,2,-1)","82012074","0","2","0","","0","0","","0","","","","","","","","","","","","",""
"32120403","3","0","0","0","0","(-1,-1,92280003,2,-1)","82010823","0","2","0","","0","0","","0","","60000800","","","","","","","","","","",""
"32120404","3","0","0","0","0","(-1,-1,92280003,2,-1)","82010829","0","2","0","","0","0","","0","","60000800","","","","","","","","","","",""
"32120405","3","0","0","0","0","(-1,-1,92280003,2,-1)","82010854","0","2","0","","0","0","","0","","60000800","","","","","","","","","","",""
"32120406","3","0","0","0","0","(-1,-1,92280003,2,-1)","82010836","0","2","0","","0","0","","0","","60000800","","","","","","","","","","",""
"32120407","3","0","0","0","0","(-1,-1,92280003,2,-1)","82010842","0","2","0","","0","0","","0","","60000800","","","","","","","","","","",""
"32120408","3","0","0","0","0","(-1,-1,92280003,2,-1)","82010848","0","2","0","","0","0","","0","","60000800","","","","","","","","","","",""
"32120409","3","0","0","0","0","(-1,-1,92280003,2,-1)","82012154","0","2","0","","0","0","","0","","60000800","","","","","","","","","","",""
"32120410","3","0","0","0","0","(-1,-1,92280003,2,-1)","82010862","0","2","0","","0","0","","0","","60000800","","","","","","","","","","",""
"32120411","3","0","0","0","0","(-1,-1,92280003,2,-1)","82010868","0","2","0","","0","0","","0","","60000800","","","","","","","","","","",""
"32120412","3","0","0","0","0","(-1,-1,92280003,2,-1)","82010884","0","2","0","","0","0","","0","","60000600","","","","","","","","","","",""
"32120413","3","0","0","0","0","(-1,-1,92280003,2,-1)","82010890","0","2","0","","0","0","","0","","60000600","","","","","","","","","","",""
"32120414","3","0","0","0","0","(-1,-1,92280003,2,-1)","82010916","0","2","0","","0","0","","0","","60000900","","","","","","","","","","",""
"32120415","3","0","0","0","0","(-1,-1,92280003,2,-1)","82010922","0","2","0","","0","0","","0","","60000900","","","","","","","","","","",""
"32120416","3","0","0","0","0","(-1,-1,92280003,2,-1)","82010928","0","2","0","","0","0","","0","","60000900","","","","","","","","","","",""
"32120417","3","0","0","0","0","(-1,-1,92280003,2,-1)","82012160","0","2","0","","0","0","","0","","60000900","","","","","","","","","","",""
"32120418","3","0","0","0","0","(-1,-1,92280003,2,-1)","82010935","0","2","0","","0","0","","0","","60000900","","","","","","","","","","",""
"32120419","3","0","0","0","0","(-1,-1,92280003,2,-1)","82012074","0","2","0","","0","0","","0","","","","","","","","","","","","",""
"32120420","3","0","0","0","0","(-1,-1,92280003,2,-1)","82012074","0","2","0","","0","0","","0","","","","","","","","","","","","",""
"32120421","3","0","0","0","0","(-1,-1,92280003,2,-1)","82012074","0","2","0","","0","0","","0","","","","","","","","","","","","",""
"32120422","3","0","0","0","0","(-1,-1,92280003,2,-1)","82012074","0","2","0","","0","0","","0","","","","","","","","","","","","",""
"32120423","3","0","0","0","0","(-1,-1,92280003,2,-1)","82012074","0","2","0","","0","0","","0","","","","","","","","","","","","",""
"32120424","3","0","0","0","0","(-1,-1,92280003,2,-1)","82011007","0","2","0","","0","0","","0","","60001000","","","","","","","","","","",""
"32120425","3","0","0","0","0","(-1,-1,92280003,2,-1)","82011013","0","2","0","","0","0","","0","","60001000","","","","","","","","","","",""
"32120426","3","0","0","0","0","(-1,-1,92280003,2,-1)","82011019","0","2","0","","0","0","","0","","60001000","","","","","","","","","","",""
"32120427","3","0","0","0","0","(-1,-1,92280003,2,-1)","82011025","0","2","0","","0","0","","0","","60001000","","","","","","","","","","",""
"32120428","3","0","0","0","0","(-1,-1,92280003,2,-1)","82011031","0","2","0","","0","0","","0","","60001000","","","","","","","","","","",""
"32120429","3","0","0","0","0","(-1,-1,92280003,2,-1)","82011037","0","2","0","","0","0","","0","","60001000","","","","","","","","","","",""
"32120430","3","0","0","0","0","(-1,-1,92280003,2,-1)","82011043","0","2","0","","0","0","","0","","60001000","","","","","","","","","","",""
"32120431","3","0","0","0","0","(-1,-1,92280003,2,-1)","82011049","0","2","0","","0","0","","0","","60001000","","","","","","","","","","",""
"32120432","3","0","0","0","0","(-1,-1,92280003,2,-1)","82011055","0","2","0","","0","0","","0","","60001000","","","","","","","","","","",""
"32120433","3","0","0","0","0","(-1,-1,92280003,2,-1)","82012074","0","2","0","","0","0","","0","","","","","","","","","","","","",""
"32120434","3","0","0","0","0","(-1,-1,92280003,2,-1)","82011067","0","2","0","","0","0","","0","","60001000","","","","","","","","","","",""
"32120435","3","0","0","0","0","(-1,-1,92280003,2,-1)","82011073","0","2","0","","0","0","","0","","60001000","","","","","","","","","","",""
"32120436","3","0","0","0","0","(-1,-1,92280003,2,-1)","82011079","0","2","0","","0","0","","0","","60001000","","","","","","","","","","",""
"32120437","3","0","0","0","0","(-1,-1,92280003,2,-1)","82011085","0","2","0","","0","0","","0","","60001000","","","","","","","","","","",""
"32120438","3","0","0","0","0","(-1,-1,92280003,2,-1)","82011091","0","2","0","","0","0","","0","","60001000","","","","","","","","","","",""
"32120439","3","0","0","0","0","(-1,-1,92280003,2,-1)","82011112","0","2","0","","0","0","","0","","60001100","","","","","","","","","","",""
"32120440","3","0","0","0","0","(-1,-1,92280003,2,-1)","82011118","0","2","0","","0","0","","0","","60001100","","","","","","","","","","",""
"32120441","3","0","0","0","0","(-1,-1,92280003,2,-1)","82011124","0","2","0","","0","0","","0","","60001100","","","","","","","","","","",""
"32120442","3","0","0","0","0","(-1,-1,92280003,2,-1)","82012074","0","2","0","","0","0","","0","","","","","","","","","","","","",""
"32120443","3","0","0","0","0","(-1,-1,92280003,2,-1)","82012195","0","2","0","","0","0","","0","","60001100","","","","","","","","","","",""
"32120444","3","0","0","0","0","(-1,-1,92280003,2,-1)","82012074","0","2","0","","0","0","","0","","","","","","","","","","","","",""
"32120445","3","0","0","0","0","(-1,-1,92280003,2,-1)","82012207","0","2","0","","0","0","","0","","60001100","","","","","","","","","","",""
"32120446","3","0","0","0","0","(-1,-1,92280003,2,-1)","82012213","0","2","0","","0","0","","0","","60001100","","","","","","","","","","",""
"32120447","3","0","0","0","0","(-1,-1,92280003,2,-1)","82011136","0","2","0","","0","0","","0","","60001100","","","","","","","","","","",""
"32120448","3","0","0","0","0","(-1,-1,92280003,2,-1)","82011142","0","2","0","","0","0","","0","","60001100","","","","","","","","","","",""
"32120449","3","0","0","0","0","(-1,-1,92280003,2,-1)","82012418","0","2","0","","0","0","","0","","60001100","","","","","","","","","","",""
"32120450","3","0","0","0","0","(-1,-1,92280003,2,-1)","82012425","0","2","0","","0","0","","0","","60001100","","","","","","","","","","",""
"32120451","3","0","0","0","0","(-1,-1,92280003,2,-1)","82011177","0","2","0","","0","0","","0","","60001200","","","","","","","","","","",""
"32120452","3","0","0","0","0","(-1,-1,92280003,2,-1)","82011183","0","2","0","","0","0","","0","","60001200","","","","","","","","","","",""
"32120453","3","0","0","0","0","(-1,-1,92280003,2,-1)","82011189","0","2","0","","0","0","","0","","60001200","","","","","","","","","","",""
"32120454","3","0","0","0","0","(-1,-1,92280003,2,-1)","82011195","0","2","0","","0","0","","0","","60001200","","","","","","","","","","",""
"32120455","3","0","0","0","0","(-1,-1,92280003,2,-1)","82011201","0","2","0","","0","0","","0","","60001200","","","","","","","","","","",""
"32120456","3","0","0","0","0","(-1,-1,92280003,2,-1)","82012074","0","2","0","","0","0","","0","","","","","","","","","","","","",""
"32120457","3","0","0","0","0","(-1,-1,92280003,2,-1)","82011213","0","2","0","","0","0","","0","","60001200","","","","","","","","","","",""
"32120458","3","0","0","0","0","(-1,-1,92280003,2,-1)","82011219","0","2","0","","0","0","","0","","60001200","","","","","","","","","","",""
"32120459","3","0","0","0","0","(-1,-1,92280003,2,-1)","82011226","0","2","0","","0","0","","0","","60001200","","","","","","","","","","",""
"32120460","3","0","0","0","0","(-1,-1,92280003,2,-1)","82011232","0","2","0","","0","0","","0","","60001200","","","","","","","","","","",""
"32120461","3","0","0","0","0","(-1,-1,92280003,2,-1)","82011238","0","2","0","","0","0","","0","","60001200","","","","","","","","","","",""
"32120462","3","0","0","0","0","(-1,-1,92280003,2,-1)","82011244","0","2","0","","0","0","","0","","60001200","","","","","","","","","","",""
"32120463","3","0","0","0","0","(-1,-1,92280003,2,-1)","82011251","0","2","0","","0","0","","0","","60001200","","","","","","","","","","",""
"32120464","3","0","0","0","0","(-1,-1,92280003,2,-1)","82011259","0","2","0","","0","0","","0","","60001200","","","","","","","","","","",""
"32120465","3","0","0","0","0","(-1,-1,92280003,2,-1)","82011289","0","2","0","","0","0","","0","","60001300","","","","","","","","","","",""
"32120466","3","0","0","0","0","(-1,-1,92280003,2,-1)","82011295","0","2","0","","0","0","","0","","60001300","","","","","","","","","","",""
"32120467","3","0","0","0","0","(-1,-1,92280003,2,-1)","82011307","0","2","0","","0","0","","0","","60001300","","","","","","","","","","",""
"32120468","3","0","0","0","0","(-1,-1,92280003,2,-1)","82011379","0","2","0","","0","0","","0","","60001400","","","","","","","","","","",""
"32120469","3","0","0","0","0","(-1,-1,92280003,2,-1)","82011301","0","2","0","","0","0","","0","","60001300","","","","","","","","","","",""
"32120470","3","0","0","0","0","(-1,-1,92280003,2,-1)","82011319","0","2","0","","0","0","","0","","60001300","","","","","","","","","","",""
"32120471","3","0","0","0","0","(-1,-1,92280003,2,-1)","82012074","0","2","0","","0","0","","0","","","","","","","","","","","","",""
"32120472","3","0","0","0","0","(-1,-1,92280003,2,-1)","82011332","0","2","0","","0","0","","0","","60001300","","","","","","","","","","",""
"32120473","3","0","0","0","0","(-1,-1,92280003,2,-1)","82012074","0","2","0","","0","0","","0","","","","","","","","","","","","",""
"32120474","3","0","0","0","0","(-1,-1,92280003,2,-1)","82011339","0","2","0","","0","0","","0","","60001300","","","","","","","","","","",""
"32120475","3","0","0","0","0","(-1,-1,92280003,2,-1)","82011359","0","2","0","","0","0","","0","","60001400","","","","","","","","","","",""
"32120476","3","0","0","0","0","(-1,-1,92280003,2,-1)","82011365","0","2","0","","0","0","","0","","60001400","","","","","","","","","","",""
"32120477","3","0","0","0","0","(-1,-1,92280003,2,-1)","82011372","0","2","0","","0","0","","0","","60001400","","","","","","","","","","",""
"32120478","3","0","0","0","0","(-1,-1,92280003,2,-1)","82012074","0","2","0","","0","0","","0","","","","","","","","","","","","",""
"32120479","3","0","0","0","0","(-1,-1,92280003,2,-1)","82012074","0","2","0","","0","0","","0","","","","","","","","","","","","",""
"32120480","3","0","0","0","0","(-1,-1,92280003,2,-1)","82012074","0","2","0","","0","0","","0","","","","","","","","","","","","",""
"32120481","3","0","0","0","0","(-1,-1,92280003,2,-1)","82011424","0","2","0","","0","0","","0","","60001500","","","","","","","","","","",""
"32120482","3","0","0","0","0","(-1,-1,92280003,2,-1)","82011430","0","2","0","","0","0","","0","","60001500","","","","","","","","","","",""
"32120483","3","0","0","0","0","(-1,-1,92280003,2,-1)","82011442","0","2","0","","0","0","","0","","60001500","","","","","","","","","","",""
"32120484","3","0","0","0","0","(-1,-1,92280003,2,-1)","82011450","0","2","0","","0","0","","0","","60001500","","","","","","","","","","",""
"32120485","3","0","0","0","0","(-1,-1,92280003,2,-1)","82011456","0","2","0","","0","0","","0","","60001500","","","","","","","","","","",""
"32120486","3","0","0","0","0","(-1,-1,92280003,2,-1)","82011436","0","2","0","","0","0","","0","","60001500","","","","","","","","","","",""
"32120487","3","0","0","0","0","(-1,-1,92280003,2,-1)","82012074","0","2","0","","0","0","","0","","","","","","","","","","","","",""
"32120488","3","0","0","0","0","(-1,-1,92280003,2,-1)","82011468","0","2","0","","0","0","","0","","60001500","","","","","","","","","","",""
"32120489","3","0","0","0","0","(-1,-1,92280003,2,-1)","82011474","0","2","0","","0","0","","0","","60001500","","","","","","","","","","",""
"32120490","3","0","0","0","0","(-1,-1,92280003,2,-1)","82011480","0","2","0","","0","0","","0","","60001500","","","","","","","","","","",""
"32120491","3","0","0","0","0","(-1,-1,92280003,2,-1)","82011486","0","2","0","","0","0","","0","","60001500","","","","","","","","","","",""
"32120492","3","0","0","0","0","(-1,-1,92280003,2,-1)","82012074","0","2","0","","0","0","","0","","","","","","","","","","","","",""
"32120493","3","0","0","0","0","(-1,-1,92280003,2,-1)","82012074","0","2","0","","0","0","","0","","","","","","","","","","","","",""
"32120494","3","0","0","0","0","(-1,-1,92280003,2,-1)","82011529","0","2","0","","0","0","","0","","60001600","","","","","","","","","","",""
"32120495","3","0","0","0","0","(-1,-1,92280003,2,-1)","82011563","0","2","0","","0","0","","0","","60001600","","","","","","","","","","",""
"32120496","3","0","0","0","0","(-1,-1,92280003,2,-1)","82011569","0","2","0","","0","0","","0","","60001600","","","","","","","","","","",""
"32120497","3","0","0","0","0","(-1,-1,92280003,2,-1)","82011575","0","2","0","","0","0","","0","","60001600","","","","","","","","","","",""
"32120498","3","0","0","0","0","(-1,-1,92280003,2,-1)","82012074","0","2","0","","0","0","","0","","","","","","","","","","","","",""
"32120499","3","0","0","0","0","(-1,-1,92280003,2,-1)","82011587","0","2","0","","0","0","","0","","60001600","","","","","","","","","","",""
"32120500","3","0","0","0","0","(-1,-1,92280003,2,-1)","82012074","0","2","0","","0","0","","0","","","","","","","","","","","","",""
"32120501","3","0","0","0","0","(-1,-1,92280003,2,-1)","82011593","0","2","0","","0","0","","0","","60001600","","","","","","","","","","",""
"32120502","3","0","0","0","0","(-1,-1,92280003,2,-1)","82011601","0","2","0","","0","0","","0","","60001600","","","","","","","","","","",""
"32120503","3","0","0","0","0","(-1,-1,92280003,2,-1)","82011607","0","2","0","","0","0","","0","","60001600","","","","","","","","","","",""
"32120504","3","0","0","0","0","(-1,-1,92280003,2,-1)","82011545","0","2","0","","0","0","","0","","60001600","","","","","","","","","","",""
"32120505","3","0","0","0","0","(-1,-1,92280003,2,-1)","82012171","0","2","0","","0","0","","0","","60001600","","","","","","","","","","",""
"32120506","3","0","0","0","0","(-1,-1,92280003,2,-1)","82011646","0","2","0","","0","0","","0","","60001700","","","","","","","","","","",""
"32120507","3","0","0","0","0","(-1,-1,92280003,2,-1)","82011652","0","2","0","","0","0","","0","","60001700","","","","","","","","","","",""
"32120508","3","0","0","0","0","(-1,-1,92280003,2,-1)","82011658","0","2","0","","0","0","","0","","60001700","","","","","","","","","","",""
"32120509","3","0","0","0","0","(-1,-1,92280003,2,-1)","82011664","0","2","0","","0","0","","0","","60001700","","","","","","","","","","",""
"32120510","3","0","0","0","0","(-1,-1,92280003,2,-1)","82011670","0","2","0","","0","0","","0","","60001700","","","","","","","","","","",""
"32120511","3","0","0","0","0","(-1,-1,92280003,2,-1)","82011676","0","2","0","","0","0","","0","","60001700","","","","","","","","","","",""
"32120512","3","0","0","0","0","(-1,-1,92280003,2,-1)","82011682","0","2","0","","0","0","","0","","60001700","","","","","","","","","","",""
"32120513","3","0","0","0","0","(-1,-1,92280003,2,-1)","82011688","0","2","0","","0","0","","0","","60001700","","","","","","","","","","",""
"32120514","3","0","0","0","0","(-1,-1,92280003,2,-1)","82011694","0","2","0","","0","0","","0","","60001700","","","","","","","","","","",""
"32120515","3","0","0","0","0","(-1,-1,92280003,2,-1)","82012074","0","2","0","","0","0","","0","","","","","","","","","","","","",""
"32120516","3","0","0","0","0","(-1,-1,92280003,2,-1)","82011706","0","2","0","","0","0","","0","","60001700","","","","","","","","","","",""
"32120517","3","0","0","0","0","(-1,-1,92280003,2,-1)","82011712","0","2","0","","0","0","","0","","60001700","","","","","","","","","","",""
"32120518","3","0","0","0","0","(-1,-1,92280003,2,-1)","82011718","0","2","0","","0","0","","0","","60001700","","","","","","","","","","",""
"32120519","3","0","0","0","0","(-1,-1,92280003,2,-1)","82011724","0","2","0","","0","0","","0","","60001700","","","","","","","","","","",""
"32120520","3","0","0","0","0","(-1,-1,92280003,2,-1)","82011732","0","2","0","","0","0","","0","","60001700","","","","","","","","","","",""
"32120521","3","0","0","0","0","(-1,-1,92280003,2,-1)","82011740","0","2","0","","0","0","","0","","60001700","","","","","","","","","","",""
"32120522","3","0","0","0","0","(-1,-1,92280003,2,-1)","82011746","0","2","0","","0","0","","0","","60001700","","","","","","","","","","",""
"32120523","3","0","0","0","0","(-1,-1,92280003,2,-1)","82012177","0","2","0","","0","0","","0","","60001800","","","","","","","","","","",""
"32120524","3","0","0","0","0","(-1,-1,92280003,2,-1)","82011787","0","2","0","","0","0","","0","","60001800","","","","","","","","","","",""
"32120525","3","0","0","0","0","(-1,-1,92280003,2,-1)","82011799","0","2","0","","0","0","","0","","60001800","","","","","","","","","","",""
"32120526","3","0","0","0","0","(-1,-1,92280003,2,-1)","82012074","0","2","0","","0","0","","0","","","","","","","","","","","","",""
"32120527","3","0","0","0","0","(-1,-1,92280003,2,-1)","82011805","0","2","0","","0","0","","0","","60001800","","","","","","","","","","",""
"32120528","3","0","0","0","0","(-1,-1,92280003,2,-1)","82011811","0","2","0","","0","0","","0","","60001800","","","","","","","","","","",""
"32120529","3","0","0","0","0","(-1,-1,92280003,2,-1)","82011817","0","2","0","","0","0","","0","","60001800","","","","","","","","","","",""
"32120530","3","0","0","0","0","(-1,-1,92280003,2,-1)","82011823","0","2","0","","0","0","","0","","60001800","","","","","","","","","","",""
"32120531","3","0","0","0","0","(-1,-1,92280003,2,-1)","82012074","0","2","0","","0","0","","0","","","","","","","","","","","","",""
"32120532","3","0","0","0","0","(-1,-1,92280003,2,-1)","82011847","0","2","0","","0","0","","0","","60001800","","","","","","","","","","",""
"32120533","3","0","0","0","0","(-1,-1,92280003,2,-1)","82011841","0","2","0","","0","0","","0","","60001800","","","","","","","","","","",""
"32120534","3","0","0","0","0","(-1,-1,92280003,2,-1)","82011835","0","2","0","","0","0","","0","","60001800","","","","","","","","","","",""
"32120535","3","0","0","0","0","(-1,-1,92280003,2,-1)","82011853","0","2","0","","0","0","","0","","60001800","","","","","","","","","","",""
"32120536","3","0","0","0","0","(-1,-1,92280003,2,-1)","82011859","0","2","0","","0","0","","0","","60001800","","","","","","","","","","",""
"32120537","3","0","0","0","0","(-1,-1,92280003,2,-1)","82011892","0","2","0","","0","0","","0","","60001900","","","","","","","","","","",""
"32120538","3","0","0","0","0","(-1,-1,92280003,2,-1)","82011904","0","2","0","","0","0","","0","","60001900","","","","","","","","","","",""
"32120539","3","0","0","0","0","(-1,-1,92280003,2,-1)","82011898","0","2","0","","0","0","","0","","60001900","","","","","","","","","","",""
"32120540","3","0","0","0","0","(-1,-1,92280003,2,-1)","82011910","0","2","0","","0","0","","0","","60001900","","","","","","","","","","",""
"32120541","3","0","0","0","0","(-1,-1,92280003,2,-1)","82011917","0","2","0","","0","0","","0","","60001900","","","","","","","","","","",""
"32120542","3","0","0","0","0","(-1,-1,92280003,2,-1)","82011923","0","2","0","","0","0","","0","","60001900","","","","","","","","","","",""
"32120543","3","0","0","0","0","(-1,-1,92280003,2,-1)","82011929","0","2","0","","0","0","","0","","60001900","","","","","","","","","","",""
"32120544","3","0","0","0","0","(-1,-1,92280003,2,-1)","82011936","0","2","0","","0","0","","0","","60001900","","","","","","","","","","",""
"32120545","3","0","0","0","0","(-1,-1,92280003,2,-1)","82011944","0","2","0","","0","0","","0","","60001900","","","","","","","","","","",""
"32120546","3","0","0","0","0","(-1,-1,92280003,2,-1)","82011950","0","2","0","","0","0","","0","","60001900","","","","","","","","","","",""
"32120547","3","0","0","0","0","(-1,-1,92280003,2,-1)","82012074","0","2","0","","0","0","","0","","","","","","","","","","","","",""
"32120548","3","0","0","0","0","(-1,-1,92280003,2,-1)","82011964","0","2","0","","0","0","","0","","60001900","","","","","","","","","","",""
"32120549","3","0","0","0","0","(-1,-1,92280003,2,-1)","82011998","0","2","0","","0","0","","0","","60002000","","","","","","","","","","",""
"32120550","3","0","0","0","0","(-1,-1,92280003,2,-1)","82012004","0","2","0","","0","0","","0","","60002000","","","","","","","","","","",""
"32120551","3","0","0","0","0","(-1,-1,92280003,2,-1)","82012010","0","2","0","","0","0","","0","","60002000","","","","","","","","","","",""
"32120552","3","0","0","0","0","(-1,-1,92280003,2,-1)","82012016","0","2","0","","0","0","","0","","60002000","","","","","","","","","","",""
"32120553","3","0","0","0","0","(-1,-1,92280003,2,-1)","82012022","0","2","0","","0","0","","0","","60002000","","","","","","","","","","",""
"32120554","3","0","0","0","0","(-1,-1,92280003,2,-1)","82012028","0","2","0","","0","0","","0","","60002000","","","","","","","","","","",""
"32120555","3","0","0","0","0","(-1,-1,92280003,2,-1)","82012036","0","2","0","","0","0","","0","","60002000","","","","","","","","","","",""
"32120556","3","0","0","0","0","(-1,-1,92280003,2,-1)","82012044","0","2","0","","0","0","","0","","60002000","","","","","","","","","","",""
"32120557","3","0","0","0","0","(-1,-1,92280003,2,-1)","82012074","0","2","0","","0","0","","0","","","","","","","","","","","","",""
"32120558","3","0","0","0","0","(-1,-1,92280003,2,-1)","82012056","0","2","0","","0","0","","0","","60002000","","","","","","","","","","",""
"32120559","3","0","0","0","0","(-1,-1,92280003,2,-1)","82012063","0","2","0","","0","0","","0","","60002000","","","","","","","","","","",""
"32120560","3","0","0","0","0","(-1,-1,92280003,2,-1)","","0","2","0","","0","0","","0","","","","","","","","","","","","",""
"32120561","3","0","0","0","0","(-1,-1,92280003,2,-1)","","0","2","0","","0","0","","0","","","","","","","","","","","","",""
"32120562","3","0","0","0","0","(-1,-1,92280003,2,-1)","","0","2","0","","0","0","","0","","","","","","","","","","","","",""
"32120563","3","0","0","0","0","(-1,-1,92280003,2,-1)","","0","2","0","","0","0","","0","","","","","","","","","","","","",""
"32120564","3","0","0","0","0","(-1,-1,92280003,2,-1)","","0","2","0","","0","0","","0","","","","","","","","","","","","",""
"32120565","3","0","0","0","0","(-1,-1,92280003,2,-1)","","0","2","0","","0","0","","0","","","","","","","","","","","","",""
"32120566","3","0","0","0","0","(-1,-1,92280003,2,-1)","","0","2","0","","0","0","","0","","","","","","","","","","","","",""
"32120567","3","0","0","0","0","(-1,-1,92280003,2,-1)","","0","2","0","","0","0","","0","","","","","","","","","","","","",""
"32120568","3","0","0","0","0","(-1,-1,92280003,2,-1)","","0","2","0","","0","0","","0","","","","","","","","","","","","",""
"32120569","3","0","0","0","0","(-1,-1,92280003,2,-1)","","0","2","0","","0","0","","0","","","","","","","","","","","","",""
"32120570","3","0","0","0","0","(-1,-1,92280003,2,-1)","","0","2","0","","0","0","","0","","","","","","","","","","","","",""
"32120571","3","0","0","0","0","(-1,-1,92280003,2,-1)","","0","2","0","","0","0","","0","","","","","","","","","","","","",""
"32120572","3","0","0","0","0","(-1,-1,92280003,2,-1)","","0","2","0","","0","0","","0","","","","","","","","","","","","",""
"32120573","3","0","0","0","0","(-1,-1,92280003,2,-1)","","0","2","0","","0","0","","0","","","","","","","","","","","","",""
"32120574","3","0","0","0","0","(-1,-1,92280003,2,-1)","","0","2","0","","0","0","","0","","","","","","","","","","","","",""
"32120575","3","0","0","0","0","(-1,-1,92280003,2,-1)","","0","2","0","","0","0","","0","","","","","","","","","","","","",""
"32120576","3","0","0","0","0","(-1,-1,92280003,2,-1)","","0","2","0","","0","0","","0","","","","","","","","","","","","",""
"32120577","3","0","0","0","0","(-1,-1,92280003,2,-1)","","0","2","0","","0","0","","0","","","","","","","","","","","","",""
"32120578","3","0","0","0","0","(-1,-1,92280003,2,-1)","","0","2","0","","0","0","","0","","","","","","","","","","","","",""
"32120579","3","0","0","0","0","(-1,-1,92280003,2,-1)","","0","2","0","","0","0","","0","","","","","","","","","","","","",""
"32120580","3","0","0","0","0","(-1,-1,92220023,2,-1)","","0","2","0","","0","0","","0","","","","","","","","","","","","",""
"32120581","3","0","0","0","0","(-1,-1,92220023,2,-2)","","0","2","0","","0","0","","0","","","","","","","","","","","","",""
"32120582","3","0","0","0","0","(-1,-1,92220023,2,-2)","","0","2","0","","0","0","","0","","","","","","","","","","","","",""
"32120583","3","0","0","0","0","(-1,-1,92220023,2,-2)","","0","2","0","","0","0","","0","","","","","","","","","","","","",""
"32120584","3","0","0","0","0","(-1,-1,92220023,2,-2)","","0","2","0","","0","0","","0","","","","","","","","","","","","",""
"32120585","3","0","0","0","0","(-1,-1,92180011,2,-1)","","0","2","0","","0","0","","0","","","","","","","","","","","","",""
"32120586","3","0","0","0","0","(-1,-1,92180011,2,-1)","","0","2","0","","0","0","","0","","","","","","","","","","","","",""
"32120587","3","0","0","0","0","0","","0","2","0","","0","0","","0","","","","","","","","","","","","",""
"32120588","3","0","0","0","0","(-1,-1,92800015,2,-1)","","0","2","0","","0","0","","0","","","","","","","","","","","","",""
"32120589","3","0","0","0","0","(-1,-1,92710001,-1,-1)","","0","2","0","","0","0","","0","","","","","","","","","","","","",""
"32120590","3","0","0","0","0","(-1,-1,92220027,-1,-1)","","0","2","0","","0","0","","0","","","","","","","","","","","","",""
"32120591","3","0","0","0","0","(-1,-1,92280003,2,-1)","82012733","0","2","0","","0","0","","0","","60002100","","","","","","","","","","",""
"32120592","3","0","0","0","0","(-1,-1,92280003,2,-1)","82012738","0","2","0","","0","0","","0","","60002100","","","","","","","","","","",""
"32120593","3","0","0","0","0","(-1,-1,92280003,2,-1)","82013004","0","2","0","","0","0","","0","","60002100","","","","","","","","","","",""
"32120594","3","0","0","0","0","(-1,-1,92280003,2,-1)","82013011","0","2","0","","0","0","","0","","60002100","","","","","","","","","","",""
"32120595","3","0","0","0","0","(-1,-1,92280003,2,-1)","82012984","0","2","0","","0","0","","0","","60002100","","","","","","","","","","",""
"32120596","3","0","0","0","0","(-1,-1,92280003,2,-1)","82012977","0","2","0","","0","0","","0","","60002100","","","","","","","","","","",""
"32120597","3","0","0","0","0","(-1,-1,92280003,2,-1)","82012962","0","2","0","","0","0","","0","","60002100","","","","","","","","","","",""
"32120598","3","0","0","0","0","(-1,-1,92280003,2,-1)","82012970","0","2","0","","0","0","","0","","60002100","","","","","","","","","","",""
"32120599","3","0","0","0","0","(-1,-1,92280003,2,-1)","82012774","0","2","0","","0","0","","0","","60002100","","","","","","","","","","",""
"32120600","3","0","0","0","0","(-1,-1,92280003,2,-1)","82012780","0","2","0","","0","0","","0","","60002100","","","","","","","","","","",""
"32120601","3","0","0","0","0","(-1,-1,92280003,2,-1)","82012811","0","2","0","","0","0","","0","","60002100","","","","","","","","","","",""
"32120602","3","0","0","0","0","(-1,-1,92280003,2,-1)","82012997","0","2","0","","0","0","","0","","60002100","","","","","","","","","","",""
"32120603","3","0","0","0","0","(-1,-1,92800015,24,-1)","","0","2","0","","0","0","","0","","","","","","","","","","","","",""
"32120604","3","0","0","0","0","(-1,-1,92800015,25,-1)","","0","2","0","","0","0","","0","","","","","","","","","","","","",""
"32120605","3","0","0","0","0","(-1,-1,92800015,26,-1)","","0","2","0","","0","0","","0","","","","","","","","","","","","",""
"32120606","3","0","0","0","0","(-1,-1,92800015,27,-1)","","0","2","0","","0","0","","0","","","","","","","","","","","","",""
"32120607","3","0","0","0","0","(-1,-1,92800015,28,-1)","","0","2","0","","0","0","","0","","","","","","","","","","","","",""
"32120608","3","0","0","0","0","(-1,-1,92800015,29,-1)","","0","2","0","","0","0","","0","","","","","","","","","","","","",""
"32120609","3","0","0","0","0","(-1,-1,92280003,2,-1)","82013102","0","2","0","","0","0","","0","","60002200","","","","","","","","","","",""
"32120610","3","0","0","0","0","(-1,-1,92280003,2,-1)","82013129","0","2","0","","0","0","","0","","60002200","","","","","","","","","","",""
"32120611","3","0","0","0","0","(-1,-1,92280003,2,-1)","82013143","0","2","0","","0","0","","0","","60002200","","","","","","","","","","",""
"32120612","3","0","0","0","0","(-1,-1,92280003,2,-1)","82013150","0","2","0","","0","0","","0","","60002200","","","","","","","","","","",""
"32120613","3","0","0","0","0","(-1,-1,92280003,2,-1)","82013194","0","2","0","","0","0","","0","","60002200","","","","","","","","","","",""
"32120614","3","0","0","0","0","(-1,-1,92280003,2,-1)","82013198","0","2","0","","0","0","","0","","60002200","","","","","","","","","","",""
"32120615","3","0","0","0","0","(-1,-1,92280003,2,-1)","82013158","0","2","0","","0","0","","0","","60002200","","","","","","","","","","",""
"32120616","3","0","0","0","0","(-1,-1,92280003,2,-1)","82013166","0","2","0","","0","0","","0","","60002200","","","","","","","","","","",""
"32120617","3","0","0","0","0","(-1,-1,92280003,2,-1)","82013222","0","2","0","","0","0","","0","","60002200","","","","","","","","","","",""
"32120618","3","0","0","0","0","(-1,-1,92280003,2,-1)","82013207","0","2","0","","0","0","","0","","60002200","","","","","","","","","","",""
"32120619","3","0","0","0","0","(-1,-1,92280003,2,-1)","82013228","0","2","0","","0","0","","0","","60002200","","","","","","","","","","",""
"32120620","3","0","0","0","0","(-1,-1,92280003,2,-1)","82013236","0","2","0","","0","0","","0","","60002200","","","","","","","","","","",""
"32120621","3","0","0","0","0","(-1,-1,92280003,2,-1)","82013243","0","2","0","","0","0","","0","","60002300","","","","","","","","","","",""
"32120622","3","0","0","0","0","(-1,-1,92280003,2,-1)","82013269","0","2","0","","0","0","","0","","60002300","","","","","","","","","","",""
"32120623","3","0","0","0","0","(-1,-1,92280003,2,-1)","82013312","0","2","0","","0","0","","0","","60002300","","","","","","","","","","",""
"32120624","3","0","0","0","0","(-1,-1,92280003,2,-1)","82013305","0","2","0","","0","0","","0","","60002300","","","","","","","","","","",""
"32120625","3","0","0","0","0","(-1,-1,92280003,2,-1)","82013265","0","2","0","","0","0","","0","","60002300","","","","","","","","","","",""
"32120626","3","0","0","0","0","(-1,-1,92280003,2,-1)","82013281","0","2","0","","0","0","","0","","60002300","","","","","","","","","","",""
"32120627","3","0","0","0","0","(-1,-1,92280003,2,-1)","82013327","0","2","0","","0","0","","0","","60002300","","","","","","","","","","",""
"32120628","3","0","0","0","0","(-1,-1,92280003,2,-1)","82013334","0","2","0","","0","0","","0","","60002300","","","","","","","","","","",""
"32120629","3","0","0","0","0","(-1,-1,92280003,2,-1)","82013341","0","2","0","","0","0","","0","","60002300","","","","","","","","","","",""
"32120630","3","0","0","0","0","(-1,-1,92280003,2,-1)","82013347","0","2","0","","0","0","","0","","60002300","","","","","","","","","","",""
"32120631","3","0","0","0","0","(-1,-1,92280003,2,-1)","82013361","0","2","0","","0","0","","0","","60002300","","","","","","","","","","",""
"32120632","3","0","0","0","0","(-1,-1,92280003,2,-1)","82013355","0","2","0","","0","0","","0","","60002300","","","","","","","","","","",""
"32120633","3","0","0","0","0","(-1,-1,92800015,30,-1)","","0","2","0","","0","0","","0","","","","","","","","","","","","",""
"32120634","3","0","0","0","0","(-1,-1,92800015,31,-1)","","0","2","0","","0","0","","0","","","","","","","","","","","","",""
"32120635","3","0","0","0","0","(-1,-1,92800015,32,-1)","","0","2","0","","0","0","","0","","","","","","","","","","","","",""
"32120636","3","0","0","0","0","(-1,-1,92800015,33,-1)","","0","2","0","","0","0","","0","","","","","","","","","","","","",""
"32120637","3","0","0","0","0","(-1,-1,92280003,2,-1)","82013652","0","2","0","","0","0","","0","","60002400","","","","","","","","","","",""
"32120638","3","0","0","0","0","(-1,-1,92280003,2,-1)","82013668","0","2","0","","0","0","","0","","60002400","","","","","","","","","","",""
"32120639","3","0","0","0","0","(-1,-1,92280003,2,-1)","82013716","0","2","0","","0","0","","0","","60002400","","","","","","","","","","",""
"32120640","3","0","0","0","0","(-1,-1,92280003,2,-1)","82013740","0","2","0","","0","0","","0","","60002400","","","","","","","","","","",""
"32120641","3","0","0","0","0","(-1,-1,92280003,2,-1)","82013788","0","2","0","","0","0","","0","","60002400","","","","","","","","","","",""
"32120642","3","0","0","0","0","(-1,-1,92280003,2,-1)","82013676","0","2","0","","0","0","","0","","60002400","","","","","","","","","","",""
"32120643","3","0","0","0","0","(-1,-1,92280003,2,-1)","82013684","0","2","0","","0","0","","0","","60002400","","","","","","","","","","",""
"32120644","3","0","0","0","0","(-1,-1,92280003,2,-1)","82013836","0","2","0","","0","0","","0","","60002400","","","","","","","","","","",""
"32120645","3","0","0","0","0","(-1,-1,92280003,2,-1)","82013844","0","2","0","","0","0","","0","","60002400","","","","","","","","","","",""
"32120646","3","0","0","0","0","(-1,-1,92280003,2,-1)","82013780","0","2","0","","0","0","","0","","60002400","","","","","","","","","","",""
"32120647","3","0","0","0","0","(-1,-1,92280003,2,-1)","82013807","0","2","0","","0","0","","0","","60002400","","","","","","","","","","",""
"32120648","3","0","0","0","0","(-1,-1,92280003,2,-1)","82013830","0","2","0","","0","0","","0","","60002400","","","","","","","","","","",""
"32120649","3","0","0","0","0","(-1,-1,92280003,2,-1)","82013855","0","2","0","","0","0","","0","","60002400","","","","","","","","","","",""
"32120650","3","0","0","0","0","(-1,-1,92280003,2,-1)","82013860","0","2","0","","0","0","","0","","60002500","","","","","","","","","","",""
"32120651","3","0","0","0","0","(-1,-1,92280003,2,-1)","82013878","0","2","0","","0","0","","0","","60002500","","","","","","","","","","",""
"32120652","3","0","0","0","0","(-1,-1,92280003,2,-1)","82013870","0","2","0","","0","0","","0","","60002500","","","","","","","","","","",""
"32120653","3","0","0","0","0","(-1,-1,92280003,2,-1)","82013887","0","2","0","","0","0","","0","","60002500","","","","","","","","","","",""
"32120654","3","0","0","0","0","(-1,-1,92280003,2,-1)","82013904","0","2","0","","0","0","","0","","60002500","","","","","","","","","","",""
"32120655","3","0","0","0","0","(-1,-1,92280003,2,-1)","82013911","0","2","0","","0","0","","0","","60002500","","","","","","","","","","",""
"32120656","3","0","0","0","0","(-1,-1,92280003,2,-1)","82013942","0","2","0","","0","0","","0","","60002500","","","","","","","","","","",""
"32120657","3","0","0","0","0","(-1,-1,92280003,2,-1)","82013978","0","2","0","","0","0","","0","","60002500","","","","","","","","","","",""
"32120658","3","0","0","0","0","(-1,-1,92280003,2,-1)","82013950","0","2","0","","0","0","","0","","60002500","","","","","","","","","","",""
"32120659","3","0","0","0","0","(-1,-1,92280003,2,-1)","82013966","0","2","0","","0","0","","0","","60002500","","","","","","","","","","",""
"32120660","3","0","0","0","0","(-1,-1,92280003,2,-1)","82013959","0","2","0","","0","0","","0","","60002500","","","","","","","","","","",""
"32120661","3","0","0","0","0","(-1,-1,92280003,2,-1)","82013984","0","2","0","","0","0","","0","","60002500","","","","","","","","","","",""
"32120662","3","0","0","0","0","(-1,-1,92800015,34,-1)","","0","2","0","","0","0","","0","","","","","","","","","","","","",""
"32120663","3","0","0","0","0","(-1,-1,92800015,35,-1)","","0","2","0","","0","0","","0","","","","","","","","","","","","",""
"32120664","1","0","70990937","0","0","","","0","2","0","","0","0","","0","","","","","","","","(31140203,1,31140204,1,31140206,1,31140207,1)","","","","",""
"32130001","0","0","0","0","0","","","0","2","0","","0","0","","0","","","","","","","","","","","","",""
"32130002","0","0","0","0","0","","","0","2","0","","0","0","","0","","","","","","","","","","","","",""
"32130003","0","0","0","0","0","","","0","2","0","","0","0","","0","","","","","","","","","","","","",""
"32130004","0","0","0","0","0","","","0","2","0","","0","0","","0","","","","","","","","","","","","",""
"32130005","0","0","0","0","0","","","0","2","0","","0","0","","0","","","","","","","","","","","","",""
"32130006","0","0","0","0","0","","","0","2","0","","0","0","","0","","","","","","","","","","","","",""
"32130007","0","0","0","0","0","","","0","2","0","","0","0","","0","","","","","","","","","","","","",""
