"AttributeId","Type","Series","Level","LevelMax","Name","Icon","Describe","OpenMoney","OpenTalentId","BuffArray","ReplaceSkill","ReplaceTime","Active","NotActive","BuffAddType","GSAddValue","OpenrLayerLimit"
"24010001","0","1001","1","40","90039182","91211576","90039632","(17,2)","0","(10025700)","(0,0)","-1","","","1","",""
"24010002","0","1001","2","40","90039183","91211576","90039632","(17,2)","0","(10025700)","(0,0)","-1","","","1","",""
"24010003","0","1001","3","40","90039184","91211576","90039632","(17,2)","0","(10025700)","(0,0)","-1","","","1","",""
"24010004","0","1001","4","40","90039185","91211576","90039632","(17,2)","0","(10025700)","(0,0)","-1","","","1","",""
"24010005","0","1001","5","40","90039186","91211576","90039632","(17,2)","0","(10025700)","(0,0)","-1","","","1","",""
"24010006","0","1001","6","40","90039187","91211576","90039632","(17,2)","0","(10025700)","(0,0)","-1","","","1","",""
"24010007","0","1001","7","40","90039188","91211576","90039632","(17,2)","0","(10025700)","(0,0)","-1","","","1","",""
"24010008","0","1001","8","40","90039189","91211576","90039632","(17,2)","0","(10025700)","(0,0)","-1","","","1","",""
"24010009","0","1001","9","40","90039182","91211576","90039632","(17,2)","0","(10025700)","(0,0)","-1","","","1","",""
"24010010","0","1001","10","40","90039183","91211576","90039632","(17,2)","0","(10025700)","(0,0)","-1","","","1","",""
"24010011","0","1001","11","40","90039184","91211576","90039632","(17,2)","0","(10025700)","(0,0)","-1","","","1","",""
"24010012","0","1001","12","40","90039185","91211576","90039632","(17,2)","0","(10025700)","(0,0)","-1","","","1","",""
"24010013","0","1001","13","40","90039186","91211576","90039632","(17,2)","0","(10025700)","(0,0)","-1","","","1","",""
"24010014","0","1001","14","40","90039187","91211576","90039632","(17,2)","0","(10025700)","(0,0)","-1","","","1","",""
"24010015","0","1001","15","40","90039188","91211576","90039632","(17,2)","0","(10025700)","(0,0)","-1","","","1","",""
"24010016","0","1001","16","40","90039189","91211576","90039632","(17,2)","0","(10025700)","(0,0)","-1","","","1","",""
"24010017","0","1001","17","40","90039182","91211576","90039632","(17,2)","0","(10025700)","(0,0)","-1","","","1","",""
"24010018","0","1001","18","40","90039183","91211576","90039632","(17,2)","0","(10025700)","(0,0)","-1","","","1","",""
"24010019","0","1001","19","40","90039184","91211576","90039632","(17,2)","0","(10025700)","(0,0)","-1","","","1","",""
"24010020","0","1001","20","40","90039185","91211576","90039632","(17,2)","0","(10025700)","(0,0)","-1","","","1","",""
"24010021","0","1001","21","40","90039186","91211576","90039632","(17,2)","0","(10025700)","(0,0)","-1","","","1","",""
"24010022","0","1001","22","40","90039187","91211576","90039632","(17,2)","0","(10025700)","(0,0)","-1","","","1","",""
"24010023","0","1001","23","40","90039188","91211576","90039632","(17,2)","0","(10025700)","(0,0)","-1","","","1","",""
"24010024","0","1001","24","40","90039189","91211576","90039632","(17,2)","0","(10025700)","(0,0)","-1","","","1","",""
"24010025","0","1001","25","40","90039182","91211576","90039632","(17,2)","0","(10025700)","(0,0)","-1","","","1","",""
"24010026","0","1001","26","40","90039183","91211576","90039632","(17,2)","0","(10025700)","(0,0)","-1","","","1","",""
"24010027","0","1001","27","40","90039184","91211576","90039632","(17,2)","0","(10025700)","(0,0)","-1","","","1","",""
"24010028","0","1001","28","40","90039185","91211576","90039632","(17,2)","0","(10025700)","(0,0)","-1","","","1","",""
"24010029","0","1001","29","40","90039186","91211576","90039632","(17,2)","0","(10025700)","(0,0)","-1","","","1","",""
"24010030","0","1001","30","40","90039187","91211576","90039632","(17,2)","0","(10025700)","(0,0)","-1","","","1","",""
"24010031","0","1001","31","40","90039188","91211576","90039632","(17,2)","0","(10025700)","(0,0)","-1","","","1","",""
"24010032","0","1001","32","40","90039189","91211576","90039632","(17,2)","0","(10025700)","(0,0)","-1","","","1","",""
"24010033","0","1001","33","40","90039182","91211576","90039632","(17,2)","0","(10025700)","(0,0)","-1","","","1","",""
"24010034","0","1001","34","40","90039183","91211576","90039632","(17,2)","0","(10025700)","(0,0)","-1","","","1","",""
"24010035","0","1001","35","40","90039184","91211576","90039632","(17,2)","0","(10025700)","(0,0)","-1","","","1","",""
"24010036","0","1001","36","40","90039185","91211576","90039632","(17,2)","0","(10025700)","(0,0)","-1","","","1","",""
"24010037","0","1001","37","40","90039186","91211576","90039632","(17,2)","0","(10025700)","(0,0)","-1","","","1","",""
"24010038","0","1001","38","40","90039187","91211576","90039632","(17,2)","0","(10025700)","(0,0)","-1","","","1","",""
"24010039","0","1001","39","40","90039188","91211576","90039632","(17,2)","0","(10025700)","(0,0)","-1","","","1","",""
"24010040","0","1001","40","40","90039189","91211576","90039632","(17,2)","0","(10025700)","(0,0)","-1","","","1","",""
"24010101","0","1011","1","40","90039192","91211504","90039642","(17,2)","0","(10025720)","(0,0)","-1","","","1","",""
"24010102","0","1011","2","40","90039193","91211504","90039642","(17,2)","0","(10025720)","(0,0)","-1","","","1","",""
"24010103","0","1011","3","40","90039194","91211504","90039642","(17,2)","0","(10025720)","(0,0)","-1","","","1","",""
"24010104","0","1011","4","40","90039195","91211504","90039642","(17,2)","0","(10025720)","(0,0)","-1","","","1","",""
"24010105","0","1011","5","40","90039196","91211504","90039642","(17,2)","0","(10025720)","(0,0)","-1","","","1","",""
"24010106","0","1011","6","40","90039197","91211504","90039642","(17,2)","0","(10025720)","(0,0)","-1","","","1","",""
"24010107","0","1011","7","40","90039198","91211504","90039642","(17,2)","0","(10025720)","(0,0)","-1","","","1","",""
"24010108","0","1011","8","40","90039199","91211504","90039642","(17,2)","0","(10025720)","(0,0)","-1","","","1","",""
"24010109","0","1011","9","40","90039192","91211504","90039642","(17,2)","0","(10025720)","(0,0)","-1","","","1","",""
"24010110","0","1011","10","40","90039193","91211504","90039642","(17,2)","0","(10025720)","(0,0)","-1","","","1","",""
"24010111","0","1011","11","40","90039194","91211504","90039642","(17,2)","0","(10025720)","(0,0)","-1","","","1","",""
"24010112","0","1011","12","40","90039195","91211504","90039642","(17,2)","0","(10025720)","(0,0)","-1","","","1","",""
"24010113","0","1011","13","40","90039196","91211504","90039642","(17,2)","0","(10025720)","(0,0)","-1","","","1","",""
"24010114","0","1011","14","40","90039197","91211504","90039642","(17,2)","0","(10025720)","(0,0)","-1","","","1","",""
"24010115","0","1011","15","40","90039198","91211504","90039642","(17,2)","0","(10025720)","(0,0)","-1","","","1","",""
"24010116","0","1011","16","40","90039199","91211504","90039642","(17,2)","0","(10025720)","(0,0)","-1","","","1","",""
"24010117","0","1011","17","40","90039192","91211504","90039642","(17,2)","0","(10025720)","(0,0)","-1","","","1","",""
"24010118","0","1011","18","40","90039193","91211504","90039642","(17,2)","0","(10025720)","(0,0)","-1","","","1","",""
"24010119","0","1011","19","40","90039194","91211504","90039642","(17,2)","0","(10025720)","(0,0)","-1","","","1","",""
"24010120","0","1011","20","40","90039195","91211504","90039642","(17,2)","0","(10025720)","(0,0)","-1","","","1","",""
"24010121","0","1011","21","40","90039196","91211504","90039642","(17,2)","0","(10025720)","(0,0)","-1","","","1","",""
"24010122","0","1011","22","40","90039197","91211504","90039642","(17,2)","0","(10025720)","(0,0)","-1","","","1","",""
"24010123","0","1011","23","40","90039198","91211504","90039642","(17,2)","0","(10025720)","(0,0)","-1","","","1","",""
"24010124","0","1011","24","40","90039199","91211504","90039642","(17,2)","0","(10025720)","(0,0)","-1","","","1","",""
"24010125","0","1011","25","40","90039192","91211504","90039642","(17,2)","0","(10025720)","(0,0)","-1","","","1","",""
"24010126","0","1011","26","40","90039193","91211504","90039642","(17,2)","0","(10025720)","(0,0)","-1","","","1","",""
"24010127","0","1011","27","40","90039194","91211504","90039642","(17,2)","0","(10025720)","(0,0)","-1","","","1","",""
"24010128","0","1011","28","40","90039195","91211504","90039642","(17,2)","0","(10025720)","(0,0)","-1","","","1","",""
"24010129","0","1011","29","40","90039196","91211504","90039642","(17,2)","0","(10025720)","(0,0)","-1","","","1","",""
"24010130","0","1011","30","40","90039197","91211504","90039642","(17,2)","0","(10025720)","(0,0)","-1","","","1","",""
"24010131","0","1011","31","40","90039198","91211504","90039642","(17,2)","0","(10025720)","(0,0)","-1","","","1","",""
"24010132","0","1011","32","40","90039199","91211504","90039642","(17,2)","0","(10025720)","(0,0)","-1","","","1","",""
"24010133","0","1011","33","40","90039192","91211504","90039642","(17,2)","0","(10025720)","(0,0)","-1","","","1","",""
"24010134","0","1011","34","40","90039193","91211504","90039642","(17,2)","0","(10025720)","(0,0)","-1","","","1","",""
"24010135","0","1011","35","40","90039194","91211504","90039642","(17,2)","0","(10025720)","(0,0)","-1","","","1","",""
"24010136","0","1011","36","40","90039195","91211504","90039642","(17,2)","0","(10025720)","(0,0)","-1","","","1","",""
"24010137","0","1011","37","40","90039196","91211504","90039642","(17,2)","0","(10025720)","(0,0)","-1","","","1","",""
"24010138","0","1011","38","40","90039197","91211504","90039642","(17,2)","0","(10025720)","(0,0)","-1","","","1","",""
"24010139","0","1011","39","40","90039198","91211504","90039642","(17,2)","0","(10025720)","(0,0)","-1","","","1","",""
"24010140","0","1011","40","40","90039199","91211504","90039642","(17,2)","0","(10025720)","(0,0)","-1","","","1","",""
"24010201","0","1021","1","20","90039008","91211501","90039457","(17,2)","0","(10025710)","(0,0)","-1","","","1","",""
"24010202","0","1021","2","20","90039009","91211501","90039457","(17,2)","0","(10025710)","(0,0)","-1","","","1","",""
"24010203","0","1021","3","20","90039010","91211501","90039457","(17,2)","0","(10025710)","(0,0)","-1","","","1","",""
"24010204","0","1021","4","20","90039222","91211501","90039457","(17,2)","0","(10025710)","(0,0)","-1","","","1","",""
"24010205","0","1021","5","20","90039223","91211501","90039457","(17,2)","0","(10025710)","(0,0)","-1","","","1","",""
"24010206","0","1021","6","20","90039224","91211501","90039457","(17,2)","0","(10025710)","(0,0)","-1","","","1","",""
"24010207","0","1021","7","20","90039225","91211501","90039457","(17,2)","0","(10025710)","(0,0)","-1","","","1","",""
"24010208","0","1021","8","20","90039226","91211501","90039457","(17,2)","0","(10025710)","(0,0)","-1","","","1","",""
"24010209","0","1021","9","20","90039008","91211501","90039457","(17,2)","0","(10025710)","(0,0)","-1","","","1","",""
"24010210","0","1021","10","20","90039009","91211501","90039457","(17,2)","0","(10025710)","(0,0)","-1","","","1","",""
"24010211","0","1021","11","20","90039010","91211501","90039457","(17,2)","0","(10025710)","(0,0)","-1","","","1","",""
"24010212","0","1021","12","20","90039222","91211501","90039457","(17,2)","0","(10025710)","(0,0)","-1","","","1","",""
"24010213","0","1021","13","20","90039223","91211501","90039457","(17,2)","0","(10025710)","(0,0)","-1","","","1","",""
"24010214","0","1021","14","20","90039224","91211501","90039457","(17,2)","0","(10025710)","(0,0)","-1","","","1","",""
"24010215","0","1021","15","20","90039225","91211501","90039457","(17,2)","0","(10025710)","(0,0)","-1","","","1","",""
"24010216","0","1021","16","20","90039226","91211501","90039457","(17,2)","0","(10025710)","(0,0)","-1","","","1","",""
"24010217","0","1021","17","20","90039223","91211501","90039457","(17,2)","0","(10025710)","(0,0)","-1","","","1","",""
"24010218","0","1021","18","20","90039224","91211501","90039457","(17,2)","0","(10025710)","(0,0)","-1","","","1","",""
"24010219","0","1021","19","20","90039225","91211501","90039457","(17,2)","0","(10025710)","(0,0)","-1","","","1","",""
"24010220","0","1021","20","20","90039226","91211501","90039457","(17,2)","0","(10025710)","(0,0)","-1","","","1","",""
"24010301","0","1031","1","50","90039202","91211510","90039652","(17,3)","0","(10025740)","(0,0)","-1","","","1","","(0,120)"
"24010302","0","1031","2","50","90039203","91211510","90039652","(17,3)","0","(10025740)","(0,0)","-1","","","1","",""
"24010303","0","1031","3","50","90039204","91211510","90039652","(17,3)","0","(10025740)","(0,0)","-1","","","1","",""
"24010304","0","1031","4","50","90039205","91211510","90039652","(17,3)","0","(10025740)","(0,0)","-1","","","1","",""
"24010305","0","1031","5","50","90039206","91211510","90039652","(17,3)","0","(10025740)","(0,0)","-1","","","1","",""
"24010306","0","1031","6","50","90039207","91211510","90039652","(17,3)","0","(10025740)","(0,0)","-1","","","1","",""
"24010307","0","1031","7","50","90039208","91211510","90039652","(17,3)","0","(10025740)","(0,0)","-1","","","1","",""
"24010308","0","1031","8","50","90039209","91211510","90039652","(17,3)","0","(10025740)","(0,0)","-1","","","1","",""
"24010309","0","1031","9","50","90039210","91211510","90039652","(17,3)","0","(10025740)","(0,0)","-1","","","1","",""
"24010310","0","1031","10","50","90039211","91211510","90039652","(17,3)","0","(10025740)","(0,0)","-1","","","1","",""
"24010311","0","1031","11","50","90039202","91211510","90039652","(17,3)","0","(10025740)","(0,0)","-1","","","1","",""
"24010312","0","1031","12","50","90039203","91211510","90039652","(17,3)","0","(10025740)","(0,0)","-1","","","1","",""
"24010313","0","1031","13","50","90039204","91211510","90039652","(17,3)","0","(10025740)","(0,0)","-1","","","1","",""
"24010314","0","1031","14","50","90039205","91211510","90039652","(17,3)","0","(10025740)","(0,0)","-1","","","1","",""
"24010315","0","1031","15","50","90039206","91211510","90039652","(17,3)","0","(10025740)","(0,0)","-1","","","1","",""
"24010316","0","1031","16","50","90039207","91211510","90039652","(17,3)","0","(10025740)","(0,0)","-1","","","1","",""
"24010317","0","1031","17","50","90039208","91211510","90039652","(17,3)","0","(10025740)","(0,0)","-1","","","1","",""
"24010318","0","1031","18","50","90039209","91211510","90039652","(17,3)","0","(10025740)","(0,0)","-1","","","1","",""
"24010319","0","1031","19","50","90039210","91211510","90039652","(17,3)","0","(10025740)","(0,0)","-1","","","1","",""
"24010320","0","1031","20","50","90039211","91211510","90039652","(17,3)","0","(10025740)","(0,0)","-1","","","1","",""
"24010321","0","1031","21","50","90039202","91211510","90039652","(17,3)","0","(10025740)","(0,0)","-1","","","1","",""
"24010322","0","1031","22","50","90039203","91211510","90039652","(17,3)","0","(10025740)","(0,0)","-1","","","1","",""
"24010323","0","1031","23","50","90039204","91211510","90039652","(17,3)","0","(10025740)","(0,0)","-1","","","1","",""
"24010324","0","1031","24","50","90039205","91211510","90039652","(17,3)","0","(10025740)","(0,0)","-1","","","1","",""
"24010325","0","1031","25","50","90039206","91211510","90039652","(17,3)","0","(10025740)","(0,0)","-1","","","1","",""
"24010326","0","1031","26","50","90039207","91211510","90039652","(17,3)","0","(10025740)","(0,0)","-1","","","1","",""
"24010327","0","1031","27","50","90039208","91211510","90039652","(17,3)","0","(10025740)","(0,0)","-1","","","1","",""
"24010328","0","1031","28","50","90039209","91211510","90039652","(17,3)","0","(10025740)","(0,0)","-1","","","1","",""
"24010329","0","1031","29","50","90039210","91211510","90039652","(17,3)","0","(10025740)","(0,0)","-1","","","1","",""
"24010330","0","1031","30","50","90039211","91211510","90039652","(17,3)","0","(10025740)","(0,0)","-1","","","1","",""
"24010331","0","1031","31","50","90039202","91211510","90039652","(17,3)","0","(10025740)","(0,0)","-1","","","1","",""
"24010332","0","1031","32","50","90039203","91211510","90039652","(17,3)","0","(10025740)","(0,0)","-1","","","1","",""
"24010333","0","1031","33","50","90039204","91211510","90039652","(17,3)","0","(10025740)","(0,0)","-1","","","1","",""
"24010334","0","1031","34","50","90039205","91211510","90039652","(17,3)","0","(10025740)","(0,0)","-1","","","1","",""
"24010335","0","1031","35","50","90039206","91211510","90039652","(17,3)","0","(10025740)","(0,0)","-1","","","1","",""
"24010336","0","1031","36","50","90039207","91211510","90039652","(17,3)","0","(10025740)","(0,0)","-1","","","1","",""
"24010337","0","1031","37","50","90039208","91211510","90039652","(17,3)","0","(10025740)","(0,0)","-1","","","1","",""
"24010338","0","1031","38","50","90039209","91211510","90039652","(17,3)","0","(10025740)","(0,0)","-1","","","1","",""
"24010339","0","1031","39","50","90039210","91211510","90039652","(17,3)","0","(10025740)","(0,0)","-1","","","1","",""
"24010340","0","1031","40","50","90039211","91211510","90039652","(17,3)","0","(10025740)","(0,0)","-1","","","1","",""
"24010341","0","1031","41","50","90039202","91211510","90039652","(17,3)","0","(10025740)","(0,0)","-1","","","1","",""
"24010342","0","1031","42","50","90039203","91211510","90039652","(17,3)","0","(10025740)","(0,0)","-1","","","1","",""
"24010343","0","1031","43","50","90039204","91211510","90039652","(17,3)","0","(10025740)","(0,0)","-1","","","1","",""
"24010344","0","1031","44","50","90039205","91211510","90039652","(17,3)","0","(10025740)","(0,0)","-1","","","1","",""
"24010345","0","1031","45","50","90039206","91211510","90039652","(17,3)","0","(10025740)","(0,0)","-1","","","1","",""
"24010346","0","1031","46","50","90039207","91211510","90039652","(17,3)","0","(10025740)","(0,0)","-1","","","1","",""
"24010347","0","1031","47","50","90039208","91211510","90039652","(17,3)","0","(10025740)","(0,0)","-1","","","1","",""
"24010348","0","1031","48","50","90039209","91211510","90039652","(17,3)","0","(10025740)","(0,0)","-1","","","1","",""
"24010349","0","1031","49","50","90039210","91211510","90039652","(17,3)","0","(10025740)","(0,0)","-1","","","1","",""
"24010350","0","1031","50","50","90039211","91211510","90039652","(17,3)","0","(10025740)","(0,0)","-1","","","1","",""
"24010401","0","1041","1","50","90039001","91211584","90039762","(17,3)","0","(10025750)","(0,0)","-1","","","1","","(0,120)"
"24010402","0","1041","2","50","90039001","91211584","90039762","(17,3)","0","(10025750)","(0,0)","-1","","","1","",""
"24010403","0","1041","3","50","90039001","91211584","90039762","(17,3)","0","(10025750)","(0,0)","-1","","","1","",""
"24010404","0","1041","4","50","90039001","91211584","90039762","(17,3)","0","(10025750)","(0,0)","-1","","","1","",""
"24010405","0","1041","5","50","90039001","91211584","90039762","(17,3)","0","(10025750)","(0,0)","-1","","","1","",""
"24010406","0","1041","6","50","90039001","91211584","90039762","(17,3)","0","(10025750)","(0,0)","-1","","","1","",""
"24010407","0","1041","7","50","90039001","91211584","90039762","(17,3)","0","(10025750)","(0,0)","-1","","","1","",""
"24010408","0","1041","8","50","90039001","91211584","90039762","(17,3)","0","(10025750)","(0,0)","-1","","","1","",""
"24010409","0","1041","9","50","90039001","91211584","90039762","(17,3)","0","(10025750)","(0,0)","-1","","","1","",""
"24010410","0","1041","10","50","90039001","91211584","90039762","(17,3)","0","(10025750)","(0,0)","-1","","","1","",""
"24010411","0","1041","11","50","90039001","91211584","90039762","(17,3)","0","(10025750)","(0,0)","-1","","","1","",""
"24010412","0","1041","12","50","90039001","91211584","90039762","(17,3)","0","(10025750)","(0,0)","-1","","","1","",""
"24010413","0","1041","13","50","90039001","91211584","90039762","(17,3)","0","(10025750)","(0,0)","-1","","","1","",""
"24010414","0","1041","14","50","90039001","91211584","90039762","(17,3)","0","(10025750)","(0,0)","-1","","","1","",""
"24010415","0","1041","15","50","90039001","91211584","90039762","(17,3)","0","(10025750)","(0,0)","-1","","","1","",""
"24010416","0","1041","16","50","90039001","91211584","90039762","(17,3)","0","(10025750)","(0,0)","-1","","","1","",""
"24010417","0","1041","17","50","90039001","91211584","90039762","(17,3)","0","(10025750)","(0,0)","-1","","","1","",""
"24010418","0","1041","18","50","90039001","91211584","90039762","(17,3)","0","(10025750)","(0,0)","-1","","","1","",""
"24010419","0","1041","19","50","90039001","91211584","90039762","(17,3)","0","(10025750)","(0,0)","-1","","","1","",""
"24010420","0","1041","20","50","90039001","91211584","90039762","(17,3)","0","(10025750)","(0,0)","-1","","","1","",""
"24010421","0","1041","21","50","90039001","91211584","90039762","(17,3)","0","(10025750)","(0,0)","-1","","","1","",""
"24010422","0","1041","22","50","90039001","91211584","90039762","(17,3)","0","(10025750)","(0,0)","-1","","","1","",""
"24010423","0","1041","23","50","90039001","91211584","90039762","(17,3)","0","(10025750)","(0,0)","-1","","","1","",""
"24010424","0","1041","24","50","90039001","91211584","90039762","(17,3)","0","(10025750)","(0,0)","-1","","","1","",""
"24010425","0","1041","25","50","90039001","91211584","90039762","(17,3)","0","(10025750)","(0,0)","-1","","","1","",""
"24010426","0","1041","26","50","90039001","91211584","90039762","(17,3)","0","(10025750)","(0,0)","-1","","","1","",""
"24010427","0","1041","27","50","90039001","91211584","90039762","(17,3)","0","(10025750)","(0,0)","-1","","","1","",""
"24010428","0","1041","28","50","90039001","91211584","90039762","(17,3)","0","(10025750)","(0,0)","-1","","","1","",""
"24010429","0","1041","29","50","90039001","91211584","90039762","(17,3)","0","(10025750)","(0,0)","-1","","","1","",""
"24010430","0","1041","30","50","90039001","91211584","90039762","(17,3)","0","(10025750)","(0,0)","-1","","","1","",""
"24010431","0","1041","31","50","90039001","91211584","90039762","(17,3)","0","(10025750)","(0,0)","-1","","","1","",""
"24010432","0","1041","32","50","90039001","91211584","90039762","(17,3)","0","(10025750)","(0,0)","-1","","","1","",""
"24010433","0","1041","33","50","90039001","91211584","90039762","(17,3)","0","(10025750)","(0,0)","-1","","","1","",""
"24010434","0","1041","34","50","90039001","91211584","90039762","(17,3)","0","(10025750)","(0,0)","-1","","","1","",""
"24010435","0","1041","35","50","90039001","91211584","90039762","(17,3)","0","(10025750)","(0,0)","-1","","","1","",""
"24010436","0","1041","36","50","90039001","91211584","90039762","(17,3)","0","(10025750)","(0,0)","-1","","","1","",""
"24010437","0","1041","37","50","90039001","91211584","90039762","(17,3)","0","(10025750)","(0,0)","-1","","","1","",""
"24010438","0","1041","38","50","90039001","91211584","90039762","(17,3)","0","(10025750)","(0,0)","-1","","","1","",""
"24010439","0","1041","39","50","90039001","91211584","90039762","(17,3)","0","(10025750)","(0,0)","-1","","","1","",""
"24010440","0","1041","40","50","90039001","91211584","90039762","(17,3)","0","(10025750)","(0,0)","-1","","","1","",""
"24010441","0","1041","41","50","90039001","91211584","90039762","(17,3)","0","(10025750)","(0,0)","-1","","","1","",""
"24010442","0","1041","42","50","90039001","91211584","90039762","(17,3)","0","(10025750)","(0,0)","-1","","","1","",""
"24010443","0","1041","43","50","90039001","91211584","90039762","(17,3)","0","(10025750)","(0,0)","-1","","","1","",""
"24010444","0","1041","44","50","90039001","91211584","90039762","(17,3)","0","(10025750)","(0,0)","-1","","","1","",""
"24010445","0","1041","45","50","90039001","91211584","90039762","(17,3)","0","(10025750)","(0,0)","-1","","","1","",""
"24010446","0","1041","46","50","90039001","91211584","90039762","(17,3)","0","(10025750)","(0,0)","-1","","","1","",""
"24010447","0","1041","47","50","90039001","91211584","90039762","(17,3)","0","(10025750)","(0,0)","-1","","","1","",""
"24010448","0","1041","48","50","90039001","91211584","90039762","(17,3)","0","(10025750)","(0,0)","-1","","","1","",""
"24010449","0","1041","49","50","90039001","91211584","90039762","(17,3)","0","(10025750)","(0,0)","-1","","","1","",""
"24010450","0","1041","50","50","90039001","91211584","90039762","(17,3)","0","(10025750)","(0,0)","-1","","","1","",""
"24010501","0","1051","1","50","90039229","91211511","90039679","(17,3)","0","(10025730)","(0,0)","-1","","","1","","(0,120)"
"24010502","0","1051","2","50","90039230","91211511","90039679","(17,3)","0","(10025730)","(0,0)","-1","","","1","",""
"24010503","0","1051","3","50","90039231","91211511","90039679","(17,3)","0","(10025730)","(0,0)","-1","","","1","",""
"24010504","0","1051","4","50","90039232","91211511","90039679","(17,3)","0","(10025730)","(0,0)","-1","","","1","",""
"24010505","0","1051","5","50","90039233","91211511","90039679","(17,3)","0","(10025730)","(0,0)","-1","","","1","",""
"24010506","0","1051","6","50","90039234","91211511","90039679","(17,3)","0","(10025730)","(0,0)","-1","","","1","",""
"24010507","0","1051","7","50","90039235","91211511","90039679","(17,3)","0","(10025730)","(0,0)","-1","","","1","",""
"24010508","0","1051","8","50","90039236","91211511","90039679","(17,3)","0","(10025730)","(0,0)","-1","","","1","",""
"24010509","0","1051","9","50","90039237","91211511","90039679","(17,3)","0","(10025730)","(0,0)","-1","","","1","",""
"24010510","0","1051","10","50","90039238","91211511","90039679","(17,3)","0","(10025730)","(0,0)","-1","","","1","",""
"24010511","0","1051","11","50","90039229","91211511","90039679","(17,3)","0","(10025730)","(0,0)","-1","","","1","",""
"24010512","0","1051","12","50","90039230","91211511","90039679","(17,3)","0","(10025730)","(0,0)","-1","","","1","",""
"24010513","0","1051","13","50","90039231","91211511","90039679","(17,3)","0","(10025730)","(0,0)","-1","","","1","",""
"24010514","0","1051","14","50","90039232","91211511","90039679","(17,3)","0","(10025730)","(0,0)","-1","","","1","",""
"24010515","0","1051","15","50","90039233","91211511","90039679","(17,3)","0","(10025730)","(0,0)","-1","","","1","",""
"24010516","0","1051","16","50","90039234","91211511","90039679","(17,3)","0","(10025730)","(0,0)","-1","","","1","",""
"24010517","0","1051","17","50","90039235","91211511","90039679","(17,3)","0","(10025730)","(0,0)","-1","","","1","",""
"24010518","0","1051","18","50","90039236","91211511","90039679","(17,3)","0","(10025730)","(0,0)","-1","","","1","",""
"24010519","0","1051","19","50","90039237","91211511","90039679","(17,3)","0","(10025730)","(0,0)","-1","","","1","",""
"24010520","0","1051","20","50","90039238","91211511","90039679","(17,3)","0","(10025730)","(0,0)","-1","","","1","",""
"24010521","0","1051","21","50","90039229","91211511","90039679","(17,3)","0","(10025730)","(0,0)","-1","","","1","",""
"24010522","0","1051","22","50","90039230","91211511","90039679","(17,3)","0","(10025730)","(0,0)","-1","","","1","",""
"24010523","0","1051","23","50","90039231","91211511","90039679","(17,3)","0","(10025730)","(0,0)","-1","","","1","",""
"24010524","0","1051","24","50","90039232","91211511","90039679","(17,3)","0","(10025730)","(0,0)","-1","","","1","",""
"24010525","0","1051","25","50","90039233","91211511","90039679","(17,3)","0","(10025730)","(0,0)","-1","","","1","",""
"24010526","0","1051","26","50","90039234","91211511","90039679","(17,3)","0","(10025730)","(0,0)","-1","","","1","",""
"24010527","0","1051","27","50","90039235","91211511","90039679","(17,3)","0","(10025730)","(0,0)","-1","","","1","",""
"24010528","0","1051","28","50","90039236","91211511","90039679","(17,3)","0","(10025730)","(0,0)","-1","","","1","",""
"24010529","0","1051","29","50","90039237","91211511","90039679","(17,3)","0","(10025730)","(0,0)","-1","","","1","",""
"24010530","0","1051","30","50","90039238","91211511","90039679","(17,3)","0","(10025730)","(0,0)","-1","","","1","",""
"24010531","0","1051","31","50","90039229","91211511","90039679","(17,3)","0","(10025730)","(0,0)","-1","","","1","",""
"24010532","0","1051","32","50","90039230","91211511","90039679","(17,3)","0","(10025730)","(0,0)","-1","","","1","",""
"24010533","0","1051","33","50","90039231","91211511","90039679","(17,3)","0","(10025730)","(0,0)","-1","","","1","",""
"24010534","0","1051","34","50","90039232","91211511","90039679","(17,3)","0","(10025730)","(0,0)","-1","","","1","",""
"24010535","0","1051","35","50","90039233","91211511","90039679","(17,3)","0","(10025730)","(0,0)","-1","","","1","",""
"24010536","0","1051","36","50","90039234","91211511","90039679","(17,3)","0","(10025730)","(0,0)","-1","","","1","",""
"24010537","0","1051","37","50","90039235","91211511","90039679","(17,3)","0","(10025730)","(0,0)","-1","","","1","",""
"24010538","0","1051","38","50","90039236","91211511","90039679","(17,3)","0","(10025730)","(0,0)","-1","","","1","",""
"24010539","0","1051","39","50","90039237","91211511","90039679","(17,3)","0","(10025730)","(0,0)","-1","","","1","",""
"24010540","0","1051","40","50","90039238","91211511","90039679","(17,3)","0","(10025730)","(0,0)","-1","","","1","",""
"24010541","0","1051","41","50","90039229","91211511","90039679","(17,3)","0","(10025730)","(0,0)","-1","","","1","",""
"24010542","0","1051","42","50","90039230","91211511","90039679","(17,3)","0","(10025730)","(0,0)","-1","","","1","",""
"24010543","0","1051","43","50","90039231","91211511","90039679","(17,3)","0","(10025730)","(0,0)","-1","","","1","",""
"24010544","0","1051","44","50","90039232","91211511","90039679","(17,3)","0","(10025730)","(0,0)","-1","","","1","",""
"24010545","0","1051","45","50","90039233","91211511","90039679","(17,3)","0","(10025730)","(0,0)","-1","","","1","",""
"24010546","0","1051","46","50","90039234","91211511","90039679","(17,3)","0","(10025730)","(0,0)","-1","","","1","",""
"24010547","0","1051","47","50","90039235","91211511","90039679","(17,3)","0","(10025730)","(0,0)","-1","","","1","",""
"24010548","0","1051","48","50","90039236","91211511","90039679","(17,3)","0","(10025730)","(0,0)","-1","","","1","",""
"24010549","0","1051","49","50","90039237","91211511","90039679","(17,3)","0","(10025730)","(0,0)","-1","","","1","",""
"24010550","0","1051","50","50","90039238","91211511","90039679","(17,3)","0","(10025730)","(0,0)","-1","","","1","",""
"24010601","0","1061","1","20","90039269","91211581","90039719","(17,5)","24010330","(10370001,10370002,10370003)","(0,0)","-1","","","1","50",""
"24010602","0","1061","2","20","90039270","91211581","90039719","(17,5)","0","(10370001,10370002,10370003)","(0,0)","-1","","","1","50",""
"24010603","0","1061","3","20","90039271","91211581","90039719","(17,5)","0","(10370001,10370002,10370003)","(0,0)","-1","","","1","50",""
"24010604","0","1061","4","20","90039270","91211581","90039719","(17,5)","0","(10370001,10370002,10370003)","(0,0)","-1","","","1","50",""
"24010605","0","1061","5","20","90039271","91211581","90039719","(17,5)","0","(10370001,10370002,10370003)","(0,0)","-1","","","1","50",""
"24010606","0","1061","6","20","90039269","91211581","90039719","(17,5)","0","(10370001,10370002,10370003)","(0,0)","-1","","","1","50",""
"24010607","0","1061","7","20","90039270","91211581","90039719","(17,5)","0","(10370001,10370002,10370003)","(0,0)","-1","","","1","50",""
"24010608","0","1061","8","20","90039271","91211581","90039719","(17,5)","0","(10370001,10370002,10370003)","(0,0)","-1","","","1","50",""
"24010609","0","1061","9","20","90039270","91211581","90039719","(17,5)","0","(10370001,10370002,10370003)","(0,0)","-1","","","1","50",""
"24010610","0","1061","10","20","90039271","91211581","90039719","(17,5)","0","(10370001,10370002,10370003)","(0,0)","-1","","","1","50",""
"24010611","0","1061","11","20","90039269","91211581","90039719","(17,5)","0","(10370001,10370002,10370003)","(0,0)","-1","","","1","50",""
"24010612","0","1061","12","20","90039270","91211581","90039719","(17,5)","0","(10370001,10370002,10370003)","(0,0)","-1","","","1","50",""
"24010613","0","1061","13","20","90039271","91211581","90039719","(17,5)","0","(10370001,10370002,10370003)","(0,0)","-1","","","1","50",""
"24010614","0","1061","14","20","90039270","91211581","90039719","(17,5)","0","(10370001,10370002,10370003)","(0,0)","-1","","","1","50",""
"24010615","0","1061","15","20","90039271","91211581","90039719","(17,5)","0","(10370001,10370002,10370003)","(0,0)","-1","","","1","50",""
"24010616","0","1061","16","20","90039269","91211581","90039719","(17,5)","0","(10370001,10370002,10370003)","(0,0)","-1","","","1","50",""
"24010617","0","1061","17","20","90039270","91211581","90039719","(17,5)","0","(10370001,10370002,10370003)","(0,0)","-1","","","1","50",""
"24010618","0","1061","18","20","90039271","91211581","90039719","(17,5)","0","(10370001,10370002,10370003)","(0,0)","-1","","","1","50",""
"24010619","0","1061","19","20","90039270","91211581","90039719","(17,5)","0","(10370001,10370002,10370003)","(0,0)","-1","","","1","50",""
"24010620","0","1061","20","20","90039271","91211581","90039719","(17,5)","0","(10370001,10370002,10370003)","(0,0)","-1","","","1","50",""
"24010701","0","1071","1","20","90039272","91211508","90039722","(17,5)","24010530","(10340002)","(0,0)","-1","","","1","50",""
"24010702","0","1071","2","20","90039273","91211508","90039722","(17,5)","0","(10340002)","(0,0)","-1","","","1","50",""
"24010703","0","1071","3","20","90039274","91211508","90039722","(17,5)","0","(10340002)","(0,0)","-1","","","1","50",""
"24010704","0","1071","4","20","90039273","91211508","90039722","(17,5)","0","(10340002)","(0,0)","-1","","","1","50",""
"24010705","0","1071","5","20","90039274","91211508","90039722","(17,5)","0","(10340002)","(0,0)","-1","","","1","50",""
"24010706","0","1071","6","20","90039272","91211508","90039722","(17,5)","0","(10340002)","(0,0)","-1","","","1","50",""
"24010707","0","1071","7","20","90039273","91211508","90039722","(17,5)","0","(10340002)","(0,0)","-1","","","1","50",""
"24010708","0","1071","8","20","90039274","91211508","90039722","(17,5)","0","(10340002)","(0,0)","-1","","","1","50",""
"24010709","0","1071","9","20","90039273","91211508","90039722","(17,5)","0","(10340002)","(0,0)","-1","","","1","50",""
"24010710","0","1071","10","20","90039274","91211508","90039722","(17,5)","0","(10340002)","(0,0)","-1","","","1","50",""
"24010711","0","1071","11","20","90039272","91211508","90039722","(17,5)","0","(10340002)","(0,0)","-1","","","1","50",""
"24010712","0","1071","12","20","90039273","91211508","90039722","(17,5)","0","(10340002)","(0,0)","-1","","","1","50",""
"24010713","0","1071","13","20","90039274","91211508","90039722","(17,5)","0","(10340002)","(0,0)","-1","","","1","50",""
"24010714","0","1071","14","20","90039273","91211508","90039722","(17,5)","0","(10340002)","(0,0)","-1","","","1","50",""
"24010715","0","1071","15","20","90039274","91211508","90039722","(17,5)","0","(10340002)","(0,0)","-1","","","1","50",""
"24010716","0","1071","16","20","90039272","91211508","90039722","(17,5)","0","(10340002)","(0,0)","-1","","","1","50",""
"24010717","0","1071","17","20","90039273","91211508","90039722","(17,5)","0","(10340002)","(0,0)","-1","","","1","50",""
"24010718","0","1071","18","20","90039274","91211508","90039722","(17,5)","0","(10340002)","(0,0)","-1","","","1","50",""
"24010719","0","1071","19","20","90039273","91211508","90039722","(17,5)","0","(10340002)","(0,0)","-1","","","1","50",""
"24010720","0","1071","20","20","90039274","91211508","90039722","(17,5)","0","(10340002)","(0,0)","-1","","","1","50",""
"24010801","0","1081","1","10","90039023","91211507","90039473","(17,10)","24010430","(10350001)","(0,0)","-1","","","1","100",""
"24010802","0","1081","2","10","90039024","91211507","90039473","(17,10)","0","(10350001)","(0,0)","-1","","","1","100",""
"24010803","0","1081","3","10","90039025","91211507","90039473","(17,10)","0","(10350001)","(0,0)","-1","","","1","100",""
"24010804","0","1081","4","10","90039024","91211507","90039473","(17,10)","0","(10350001)","(0,0)","-1","","","1","100",""
"24010805","0","1081","5","10","90039025","91211507","90039473","(17,10)","0","(10350001)","(0,0)","-1","","","1","100",""
"24010806","0","1081","6","10","90039023","91211507","90039473","(17,10)","0","(10350001)","(0,0)","-1","","","1","100",""
"24010807","0","1081","7","10","90039024","91211507","90039473","(17,10)","0","(10350001)","(0,0)","-1","","","1","100",""
"24010808","0","1081","8","10","90039025","91211507","90039473","(17,10)","0","(10350001)","(0,0)","-1","","","1","100",""
"24010809","0","1081","9","10","90039024","91211507","90039473","(17,10)","0","(10350001)","(0,0)","-1","","","1","100",""
"24010810","0","1081","10","10","90039025","91211507","90039473","(17,10)","0","(10350001)","(0,0)","-1","","","1","100",""
"24010901","2","1091","1","1","90039026","91211600","90039476","(22,50)","0","(0,0)","(29031,13029032)","-1","","","0","750","(0,200)"
"24011001","2","1101","1","1","90039027","91211601","90039477","(22,50)","0","(0,0)","(24001,13024002)","-1","","","0","750","(0,200)"
"24011101","2","1111","1","3","90039028","91211602","90039478","(22,15)","0","(0,0)","(29021,13029022)","-1","","","0","250","(0,200)"
"24011102","2","1111","2","3","90039029","91211602","90039479","(22,15)","0","(0,0)","(29021,13029023)","-1","","","0","250",""
"24011103","2","1111","3","3","90039030","91211602","90039480","(22,20)","0","(0,0)","(29021,13029024)","-1","","","0","250",""
"24011201","2","1121","1","10","90039031","91211603","90039481","(22,5)","24010901","(10340090)","(0,0)","-1","","","1","75",""
"24011202","2","1121","2","10","90039031","91211603","90039481","(22,5)","0","(10340090)","(0,0)","-1","","","1","75",""
"24011203","2","1121","3","10","90039031","91211603","90039481","(22,5)","0","(10340090)","(0,0)","-1","","","1","75",""
"24011204","2","1121","4","10","90039031","91211603","90039481","(22,5)","0","(10340090)","(0,0)","-1","","","1","75",""
"24011205","2","1121","5","10","90039031","91211603","90039481","(22,5)","0","(10340090)","(0,0)","-1","","","1","75",""
"24011206","2","1121","6","10","90039031","91211603","90039481","(22,5)","0","(10340090)","(0,0)","-1","","","1","75",""
"24011207","2","1121","7","10","90039031","91211603","90039481","(22,5)","0","(10340090)","(0,0)","-1","","","1","75",""
"24011208","2","1121","8","10","90039031","91211603","90039481","(22,5)","0","(10340090)","(0,0)","-1","","","1","75",""
"24011209","2","1121","9","10","90039031","91211603","90039481","(22,5)","0","(10340090)","(0,0)","-1","","","1","75",""
"24011210","2","1121","10","10","90039031","91211603","90039481","(22,5)","0","(10340090)","(0,0)","-1","","","1","75",""
"24011301","2","1131","1","1","90039034","91211604","90039484","(22,50)","24011001","(10370015)","(21001,13021021)","-1","","","1","750",""
"24011302","2","1131","2","3","90039035","91211604","90039485","(22,20)","0","(10370015)","(21001,13021022)","-1","","","1","",""
"24011303","2","1131","3","3","90039036","91211604","90039486","(22,20)","0","(10370015)","(21001,13021023)","-1","","","1","",""
"24011401","2","1141","1","3","90039037","91211605","90039487","(22,15)","24011103","(0,0)","(29051,13029052)","-1","","","0","250",""
"24011402","2","1141","2","3","90039038","91211605","90039488","(22,15)","0","(0,0)","(29051,13029053)","-1","","","0","250",""
"24011403","2","1141","3","3","90039039","91211605","90039489","(22,20)","0","(0,0)","(29051,13029054)","-1","","","0","250",""
"24011501","2","1151","1","1","90039040","91211606","90039490","(22,50)","24011210","(10370037,0)","(29031,13029033)","-1","","","0","750",""
"24011601","2","1161","1","1","90039041","91211607","90039491","(22,50)","24011301","(0,0)","(24001,13024003)","-1","","","0","750",""
"24011701","2","4431","1","10","90039403","91211608","90039899","(22,5)","24011403","(10370032)","(0,0)","-1","","","1","75",""
"24011702","2","4431","2","10","90039403","91211608","90039899","(22,5)","0","(10370032)","(0,0)","-1","","","1","75",""
"24011703","2","4431","3","10","90039403","91211608","90039899","(22,5)","0","(10370032)","(0,0)","-1","","","1","75",""
"24011704","2","4431","4","10","90039403","91211608","90039899","(22,5)","0","(10370032)","(0,0)","-1","","","1","75",""
"24011705","2","4431","5","10","90039403","91211608","90039899","(22,5)","0","(10370032)","(0,0)","-1","","","1","75",""
"24011706","2","4431","6","10","90039403","91211608","90039899","(22,5)","0","(10370032)","(0,0)","-1","","","1","75",""
"24011707","2","4431","7","10","90039403","91211608","90039899","(22,5)","0","(10370032)","(0,0)","-1","","","1","75",""
"24011708","2","4431","8","10","90039403","91211608","90039899","(22,5)","0","(10370032)","(0,0)","-1","","","1","75",""
"24011709","2","4431","9","10","90039403","91211608","90039899","(22,5)","0","(10370032)","(0,0)","-1","","","1","75",""
"24011710","2","4431","10","10","90039403","91211608","90039899","(22,5)","0","(10370032)","(0,0)","-1","","","1","75",""
"24011801","1","1171","1","10","90039042","91211609","90039492","(22,5)","0","(10340003)","(0,0)","-1","","","1","75","(0,200)"
"24011802","1","1171","2","10","90039043","91211609","90039492","(22,5)","0","(10340003)","(0,0)","-1","","","1","75",""
"24011803","1","1171","3","10","90039044","91211609","90039492","(22,5)","0","(10340003)","(0,0)","-1","","","1","75",""
"24011804","1","1171","4","10","90039042","91211609","90039492","(22,5)","0","(10340003)","(0,0)","-1","","","1","75",""
"24011805","1","1171","5","10","90039043","91211609","90039492","(22,5)","0","(10340003)","(0,0)","-1","","","1","75",""
"24011806","1","1171","6","10","90039044","91211609","90039492","(22,5)","0","(10340003)","(0,0)","-1","","","1","75",""
"24011807","1","1171","7","10","90039044","91211609","90039492","(22,5)","0","(10340003)","(0,0)","-1","","","1","75",""
"24011808","1","1171","8","10","90039042","91211609","90039492","(22,5)","0","(10340003)","(0,0)","-1","","","1","75",""
"24011809","1","1171","9","10","90039043","91211609","90039492","(22,5)","0","(10340003)","(0,0)","-1","","","1","75",""
"24011810","1","1171","10","10","90039044","91211609","90039492","(22,5)","0","(10340003)","(0,0)","-1","","","1","75",""
"24011901","1","1181","1","3","90039045","91211610","90039495","(22,15)","0","(0,0)","(29101,13029102)","-1","","","0","250","(0,200)"
"24011902","1","1181","2","3","90039046","91211610","90039496","(22,15)","0","(0,0)","(29101,13029103)","-1","","","0","250",""
"24011903","1","1181","3","3","90039047","91211610","90039497","(22,20)","0","(0,0)","(29101,13029104)","-1","","","0","250",""
"24012001","1","1191","1","3","90039048","91211611","90039498","(22,15)","0","(0,0)","(29071,13029072)","-1","","","0","250","(0,200)"
"24012002","1","1191","2","3","90039049","91211611","90039499","(22,15)","0","(0,0)","(29071,13029073)","-1","","","0","250",""
"24012003","1","1191","3","3","90039050","91211611","90039500","(22,20)","0","(0,0)","(29071,13029074)","-1","","","0","250",""
"24012101","1","1201","1","1","90039051","91211612","90039501","(22,50)","24011810","(0,0)","(21001,13021011)","-1","","","0","750",""
"24012201","1","1211","1","10","90039052","91211747","90039949","(22,5)","24011903","(10340090)","(0,0)","-1","","","1","75",""
"24012202","1","1211","2","10","90039053","91211747","90039949","(22,5)","0","(10340090)","(0,0)","-1","","","1","75",""
"24012203","1","1211","3","10","90039054","91211747","90039949","(22,5)","0","(10340090)","(0,0)","-1","","","1","75",""
"24012204","1","1211","4","10","90039052","91211747","90039949","(22,5)","0","(10340090)","(0,0)","-1","","","1","75",""
"24012205","1","1211","5","10","90039053","91211747","90039949","(22,5)","0","(10340090)","(0,0)","-1","","","1","75",""
"24012206","1","1211","6","10","90039054","91211747","90039949","(22,5)","0","(10340090)","(0,0)","-1","","","1","75",""
"24012207","1","1211","7","10","90039054","91211747","90039949","(22,5)","0","(10340090)","(0,0)","-1","","","1","75",""
"24012208","1","1211","8","10","90039052","91211747","90039949","(22,5)","0","(10340090)","(0,0)","-1","","","1","75",""
"24012209","1","1211","9","10","90039053","91211747","90039949","(22,5)","0","(10340090)","(0,0)","-1","","","1","75",""
"24012210","1","1211","10","10","90039054","91211747","90039949","(22,5)","0","(10340090)","(0,0)","-1","","","1","75",""
"24012301","1","1221","1","1","90039055","91211614","90039505","(22,50)","24012003","(0,0)","(29081,13029082)","-1","","","0","750",""
"24012401","1","1231","1","1","90039056","91211615","90039506","(22,50)","24012101","(10370035,0)","(21001,13021012)","-1","","","0","750",""
"24012501","1","1241","1","1","90039060","91211616","90039510","(22,50)","24012210","(0,0)","(29001,13029005)","-1","","","0","750",""
"24012502","1","1241","1","4","90039057","91211616","90039507","(22,30)","0","(0,0)","(13029001,13029002)","-1","","","0","",""
"24012503","1","1241","2","4","90039058","91211616","90039508","(22,30)","0","(0,0)","(13029002,13029003)","-1","","","0","",""
"24012504","1","1241","3","4","90039059","91211616","90039509","(22,30)","0","(0,0)","(13029003,13029004)","-1","","","0","",""
"24012601","1","4441","1","10","90039406","91211617","90039902","(22,5)","24012301","(10370033)","(0,0)","-1","","","1","75",""
"24012602","1","4441","2","10","90039404","91211617","90039902","(22,5)","0","(10370033)","(0,0)","-1","","","1","75",""
"24012603","1","4441","3","10","90039405","91211617","90039902","(22,5)","0","(10370033)","(0,0)","-1","","","1","75",""
"24012604","1","4441","4","10","90039406","91211617","90039902","(22,5)","0","(10370033)","(0,0)","-1","","","1","75",""
"24012605","1","4441","5","10","90039404","91211617","90039902","(22,5)","0","(10370033)","(0,0)","-1","","","1","75",""
"24012606","1","4441","6","10","90039405","91211617","90039902","(22,5)","0","(10370033)","(0,0)","-1","","","1","75",""
"24012607","1","4441","7","10","90039405","91211617","90039902","(22,5)","0","(10370033)","(0,0)","-1","","","1","75",""
"24012608","1","4441","8","10","90039406","91211617","90039902","(22,5)","0","(10370033)","(0,0)","-1","","","1","75",""
"24012609","1","4441","9","10","90039404","91211617","90039902","(22,5)","0","(10370033)","(0,0)","-1","","","1","75",""
"24012610","1","4441","10","10","90039405","91211617","90039902","(22,5)","0","(10370033)","(0,0)","-1","","","1","75",""
"24012701","3","1251","1","10","90039344","91211618","90039840","(22,5)","0","(10370013)","(0,0)","-1","","","1","75","(0,200)"
"24012702","3","1251","2","10","90039345","91211618","90039840","(22,5)","0","(10370013)","(0,0)","-1","","","1","75",""
"24012703","3","1251","3","10","90039346","91211618","90039840","(22,5)","0","(10370013)","(0,0)","-1","","","1","75",""
"24012704","3","1251","4","10","90039344","91211618","90039840","(22,5)","0","(10370013)","(0,0)","-1","","","1","75",""
"24012705","3","1251","5","10","90039345","91211618","90039840","(22,5)","0","(10370013)","(0,0)","-1","","","1","75",""
"24012706","3","1251","6","10","90039346","91211618","90039840","(22,5)","0","(10370013)","(0,0)","-1","","","1","75",""
"24012707","3","1251","7","10","90039346","91211618","90039840","(22,5)","0","(10370013)","(0,0)","-1","","","1","75",""
"24012708","3","1251","8","10","90039344","91211618","90039840","(22,5)","0","(10370013)","(0,0)","-1","","","1","75",""
"24012709","3","1251","9","10","90039345","91211618","90039840","(22,5)","0","(10370013)","(0,0)","-1","","","1","75",""
"24012710","3","1251","10","10","90039346","91211618","90039840","(22,5)","0","(10370013)","(0,0)","-1","","","1","75",""
"24012801","3","1261","1","10","90039347","91211619","90039843","(22,5)","0","(10370014)","(0,0)","-1","","","1","75","(0,200)"
"24012802","3","1261","2","10","90039348","91211619","90039843","(22,5)","0","(10370014)","(0,0)","-1","","","1","75",""
"24012803","3","1261","3","10","90039349","91211619","90039843","(22,5)","0","(10370014)","(0,0)","-1","","","1","75",""
"24012804","3","1261","4","10","90039347","91211619","90039843","(22,5)","0","(10370014)","(0,0)","-1","","","1","75",""
"24012805","3","1261","5","10","90039348","91211619","90039843","(22,5)","0","(10370014)","(0,0)","-1","","","1","75",""
"24012806","3","1261","6","10","90039349","91211619","90039843","(22,5)","0","(10370014)","(0,0)","-1","","","1","75",""
"24012807","3","1261","7","10","90039349","91211619","90039843","(22,5)","0","(10370014)","(0,0)","-1","","","1","75",""
"24012808","3","1261","8","10","90039347","91211619","90039843","(22,5)","0","(10370014)","(0,0)","-1","","","1","75",""
"24012809","3","1261","9","10","90039348","91211619","90039843","(22,5)","0","(10370014)","(0,0)","-1","","","1","75",""
"24012810","3","1261","10","10","90039349","91211619","90039843","(22,5)","0","(10370014)","(0,0)","-1","","","1","75",""
"24012901","3","1271","1","10","90039350","91211620","90039846","(22,5)","0","(10370015)","(0,0)","-1","","","1","75","(0,200)"
"24012902","3","1271","2","10","90039351","91211620","90039846","(22,5)","0","(10370015)","(0,0)","-1","","","1","75",""
"24012903","3","1271","3","10","90039352","91211620","90039846","(22,5)","0","(10370015)","(0,0)","-1","","","1","75",""
"24012904","3","1271","4","10","90039350","91211620","90039846","(22,5)","0","(10370015)","(0,0)","-1","","","1","75",""
"24012905","3","1271","5","10","90039351","91211620","90039846","(22,5)","0","(10370015)","(0,0)","-1","","","1","75",""
"24012906","3","1271","6","10","90039352","91211620","90039846","(22,5)","0","(10370015)","(0,0)","-1","","","1","75",""
"24012907","3","1271","7","10","90039352","91211620","90039846","(22,5)","0","(10370015)","(0,0)","-1","","","1","75",""
"24012908","3","1271","8","10","90039350","91211620","90039846","(22,5)","0","(10370015)","(0,0)","-1","","","1","75",""
"24012909","3","1271","9","10","90039351","91211620","90039846","(22,5)","0","(10370015)","(0,0)","-1","","","1","75",""
"24012910","3","1271","10","10","90039352","91211620","90039846","(22,5)","0","(10370015)","(0,0)","-1","","","1","75",""
"24013001","3","1281","1","3","90039353","91211621","90039849","(22,15)","24012710","(0,0)","(29131,13029132)","-1","","","0","250",""
"24013002","3","1281","2","3","90039354","91211621","90039850","(22,15)","0","(0,0)","(29131,13029133)","-1","","","0","250",""
"24013003","3","1281","3","3","90039355","91211621","90039851","(22,20)","0","(0,0)","(29131,13029134)","-1","","","0","250",""
"24013101","3","1291","1","10","90039356","91211622","90039852","(22,5)","24012810","(10340096)","(0,0)","-1","","","1","75",""
"24013102","3","1291","2","10","90039357","91211622","90039852","(22,5)","0","(10340096)","(0,0)","-1","","","1","75",""
"24013103","3","1291","3","10","90039358","91211622","90039852","(22,5)","0","(10340096)","(0,0)","-1","","","1","75",""
"24013104","3","1291","4","10","90039358","91211622","90039852","(22,5)","0","(10340096)","(0,0)","-1","","","1","75",""
"24013105","3","1291","5","10","90039356","91211622","90039852","(22,5)","","(10340096)","(0,0)","-1","","","1","75",""
"24013106","3","1291","6","10","90039357","91211622","90039852","(22,5)","0","(10340096)","(0,0)","-1","","","1","75",""
"24013107","3","1291","7","10","90039358","91211622","90039852","(22,5)","0","(10340096)","(0,0)","-1","","","1","75",""
"24013108","3","1291","8","10","90039358","91211622","90039852","(22,5)","0","(10340096)","(0,0)","-1","","","1","75",""
"24013109","3","1291","9","10","90039358","91211622","90039852","(22,5)","0","(10340096)","(0,0)","-1","","","1","75",""
"24013110","3","1291","10","10","90039358","91211622","90039852","(22,5)","0","(10340096)","(0,0)","-1","","","1","75",""
"24013201","3","1301","1","1","90039359","91211623","90039855","(22,50)","24012910","(0,0)","(24001,13024005)","-1","","","0","750",""
"24013202","3","1301","2","3","90039360","91211623","90039856","(22,20)","0","(0,0)","(24001,13024006)","-1","","","0","",""
"24013203","3","1301","3","3","90039361","91211623","90039857","(22,20)","0","(0,0)","(24001,13024007)","-1","","","0","",""
"24013301","3","1311","1","1","90039362","91211624","90039858","(22,50)","24013003","(0,0)","(29131,13029135)","-1","","","0","750",""
"24013401","3","1321","1","4","90039363","91211625","90039859","(22,12)","24013110","(0,0)","(29111,13029112)","-1","","","0","188",""
"24013402","3","1321","2","4","90039364","91211625","90039860","(22,12)","0","(0,0)","(29111,13029113)","-1","","","0","188",""
"24013403","3","1321","3","4","90039365","91211625","90039861","(22,12)","0","(0,0)","(29111,13029114)","-1","","","0","188",""
"24013404","3","1321","4","4","90039366","91211625","90039862","(22,14)","0","(0,0)","(29111,13029115)","-1","","","0","188",""
"24013501","3","1331","1","1","90039367","91211626","90039863","(22,50)","24013201","(0,0)","(24001,13024008)","-1","","","0","750",""
"24013502","3","1331","2","3","90039368","91211607","90039864","(22,30)","0","(0,0)","(13024008,13024009)","-1","","","0","",""
"24013503","3","1331","3","3","90039369","91211607","90039865","(22,30)","0","(0,0)","(13024009,13024010)","-1","","","0","",""
"24013601","4","1341","1","10","90039370","91211627","90039866","(22,5)","0","(10340032)","(0,0)","-1","","","1","75","(0,200)"
"24013602","4","1341","2","10","90039371","91211627","90039866","(22,5)","0","(10340032)","(0,0)","-1","","","1","75",""
"24013603","4","1341","3","10","90039372","91211627","90039866","(22,5)","0","(10340032)","(0,0)","-1","","","1","75",""
"24013604","4","1341","4","10","90039370","91211627","90039866","(22,5)","0","(10340032)","(0,0)","-1","","","1","75",""
"24013605","4","1341","5","10","90039371","91211627","90039866","(22,5)","0","(10340032)","(0,0)","-1","","","1","75",""
"24013606","4","1341","6","10","90039372","91211627","90039866","(22,5)","0","(10340032)","(0,0)","-1","","","1","75",""
"24013607","4","1341","7","10","90039372","91211627","90039866","(22,5)","0","(10340032)","(0,0)","-1","","","1","75",""
"24013608","4","1341","8","10","90039370","91211627","90039866","(22,5)","0","(10340032)","(0,0)","-1","","","1","75",""
"24013609","4","1341","9","10","90039371","91211627","90039866","(22,5)","0","(10340032)","(0,0)","-1","","","1","75",""
"24013610","4","1341","10","10","90039372","91211627","90039866","(22,5)","0","(10340032)","(0,0)","-1","","","1","75",""
"24013701","4","1351","1","10","90039373","91211628","90039869","(22,5)","0","(10340035)","(0,0)","-1","","","1","75","(0,200)"
"24013702","4","1351","2","10","90039374","91211628","90039869","(22,5)","0","(10340035)","(0,0)","-1","","","1","75",""
"24013703","4","1351","3","10","90039375","91211628","90039869","(22,5)","0","(10340035)","(0,0)","-1","","","1","75",""
"24013704","4","1351","4","10","90039376","91211628","90039869","(22,5)","0","(10340035)","(0,0)","-1","","","1","75",""
"24013705","4","1351","5","10","90039373","91211628","90039869","(22,5)","0","(10340035)","(0,0)","-1","","","1","75",""
"24013706","4","1351","6","10","90039374","91211628","90039869","(22,5)","0","(10340035)","(0,0)","-1","","","1","75",""
"24013707","4","1351","7","10","90039375","91211628","90039869","(22,5)","0","(10340035)","(0,0)","-1","","","1","75",""
"24013708","4","1351","8","10","90039376","91211628","90039869","(22,5)","0","(10340035)","(0,0)","-1","","","1","75",""
"24013709","4","1351","9","10","90039376","91211628","90039869","(22,5)","0","(10340035)","(0,0)","-1","","","1","75",""
"24013710","4","1351","10","10","90039373","91211628","90039869","(22,5)","0","(10340035)","(0,0)","-1","","","1","75",""
"24013801","4","1361","1","10","90039377","91211629","90039873","(22,5)","0","(10340039)","(0,0)","-1","","","1","75","(0,200)"
"24013802","4","1361","2","10","90039378","91211629","90039873","(22,5)","0","(10340039)","(0,0)","-1","","","1","75",""
"24013803","4","1361","3","10","90039379","91211629","90039873","(22,5)","0","(10340039)","(0,0)","-1","","","1","75",""
"24013804","4","1361","4","10","90039380","91211629","90039873","(22,5)","0","(10340039)","(0,0)","-1","","","1","75",""
"24013805","4","1361","5","10","90039377","91211629","90039873","(22,5)","0","(10340039)","(0,0)","-1","","","1","75",""
"24013806","4","1361","6","10","90039378","91211629","90039873","(22,5)","0","(10340039)","(0,0)","-1","","","1","75",""
"24013807","4","1361","7","10","90039379","91211629","90039873","(22,5)","0","(10340039)","(0,0)","-1","","","1","75",""
"24013808","4","1361","8","10","90039380","91211629","90039873","(22,5)","0","(10340039)","(0,0)","-1","","","1","75",""
"24013809","4","1361","9","10","90039379","91211629","90039873","(22,5)","0","(10340039)","(0,0)","-1","","","1","75",""
"24013810","4","1361","10","10","90039380","91211629","90039873","(22,5)","0","(10340039)","(0,0)","-1","","","1","75",""
"24013901","4","1371","1","10","90039381","91211630","90039877","(22,5)","24013610","(10370016)","(0,0)","-1","","","1","75",""
"24013902","4","1371","2","10","90039382","91211630","90039877","(22,5)","0","(10370016)","(0,0)","-1","","","1","75",""
"24013903","4","1371","3","10","90039383","91211630","90039877","(22,5)","0","(10370016)","(0,0)","-1","","","1","75",""
"24013904","4","1371","4","10","90039381","91211630","90039877","(22,5)","0","(10370016)","(0,0)","-1","","","1","75",""
"24013905","4","1371","5","10","90039382","91211630","90039877","(22,5)","0","(10370016)","(0,0)","-1","","","1","75",""
"24013906","4","1371","6","10","90039383","91211630","90039877","(22,5)","0","(10370016)","(0,0)","-1","","","1","75",""
"24013907","4","1371","7","10","90039383","91211630","90039877","(22,5)","0","(10370016)","(0,0)","-1","","","1","75",""
"24013908","4","1371","8","10","90039381","91211630","90039877","(22,5)","0","(10370016)","(0,0)","-1","","","1","75",""
"24013909","4","1371","9","10","90039382","91211630","90039877","(22,5)","0","(10370016)","(0,0)","-1","","","1","75",""
"24013910","4","1371","10","10","90039383","91211630","90039877","(22,5)","0","(10370016)","(0,0)","-1","","","1","75",""
"24014001","4","1381","1","4","90039384","91211631","90039880","(22,12)","24013710","(0,0)","(29141,13029142)","-1","","","0","188",""
"24014002","4","1381","2","4","90039385","91211631","90039881","(22,12)","0","(0,0)","(29141,13029143)","-1","","","0","188",""
"24014003","4","1381","3","4","90039386","91211631","90039882","(22,12)","0","(0,0)","(29141,13029144)","-1","","","0","188",""
"24014004","4","1381","4","4","90039387","91211631","90039883","(22,14)","0","(0,0)","(29141,13029145)","-1","","","0","188",""
"24014101","4","1391","1","10","90039388","91211632","90039948","(22,5)","24013810","(10370015)","(0,0)","-1","","","1","75",""
"24014102","4","1391","2","10","90039389","91211632","90039948","(22,5)","0","(10370015)","(0,0)","-1","","","1","75",""
"24014103","4","1391","3","10","90039390","91211632","90039948","(22,5)","0","(10370015)","(0,0)","-1","","","1","75",""
"24014104","4","1391","4","10","90039388","91211632","90039948","(22,5)","0","(10370015)","(0,0)","-1","","","1","75",""
"24014105","4","1391","5","10","90039389","91211632","90039948","(22,5)","0","(10370015)","(0,0)","-1","","","1","75",""
"24014106","4","1391","6","10","90039390","91211632","90039948","(22,5)","0","(10370015)","(0,0)","-1","","","1","75",""
"24014107","4","1391","7","10","90039390","91211632","90039948","(22,5)","0","(10370015)","(0,0)","-1","","","1","75",""
"24014108","4","1391","8","10","90039388","91211632","90039948","(22,5)","0","(10370015)","(0,0)","-1","","","1","75",""
"24014109","4","1391","9","10","90039389","91211632","90039948","(22,5)","0","(10370015)","(0,0)","-1","","","1","75",""
"24014110","4","1391","10","10","90039390","91211632","90039948","(22,5)","0","(10370015)","(0,0)","-1","","","1","75",""
"24014201","4","1401","1","1","90039391","91211633","90039887","(22,50)","24013910","(0,0)","(29161,13029162)","-1","","","0","750",""
"24014202","4","1401","2","3","90039392","91211633","90039888","(22,30)","0","(0,0)","(29161,13029163)","-1","","","0","",""
"24014203","4","1401","3","3","90039393","91211633","90039889","(22,30)","0","(0,0)","(29161,13029164)","-1","","","0","",""
"24014301","4","1411","1","4","90039394","91211748","90039890","(22,12)","24014004","(0,0)","(29001,13029002)","-1","","","0","188",""
"24014302","4","1411","2","4","90039395","91211748","90039891","(22,12)","0","(0,0)","(29001,13029003)","-1","","","0","188",""
"24014303","4","1411","3","4","90039396","91211748","90039892","(22,12)","0","(0,0)","(29001,13029004)","-1","","","0","188",""
"24014304","4","1411","4","4","90039397","91211748","90039893","(22,14)","0","(0,0)","(29001,13029005)","-1","","","0","188",""
"24014401","4","1421","1","1","90039398","91211635","90039894","(22,50)","24014110","(0,0)","(21001,13021031)","-1","","","0","750",""
"24014402","4","1421","2","3","90039399","91211635","90039895","(22,25)","0","(0,0)","(21001,13021032)","-1","","","0","",""
"24014403","4","1421","3","3","90039400","91211635","90039896","(22,25)","0","(0,0)","(21001,13021033)","-1","","","0","",""
"24014701","0","2001","1","30","90039312","91211509","90039792","(17,2)","0","(10025900)","(0,0)","-1","","","1","",""
"24014702","0","2001","2","30","90039313","91211509","90039792","(17,2)","0","(10025900)","(0,0)","-1","","","1","",""
"24014703","0","2001","3","30","90039314","91211509","90039792","(17,2)","0","(10025900)","(0,0)","-1","","","1","",""
"24014704","0","2001","4","30","90039315","91211509","90039792","(17,2)","0","(10025900)","(0,0)","-1","","","1","",""
"24014705","0","2001","5","30","90039316","91211509","90039792","(17,2)","0","(10025900)","(0,0)","-1","","","1","",""
"24014706","0","2001","6","30","90039317","91211509","90039792","(17,2)","0","(10025900)","(0,0)","-1","","","1","",""
"24014707","0","2001","7","30","90039312","91211509","90039792","(17,2)","0","(10025900)","(0,0)","-1","","","1","",""
"24014708","0","2001","8","30","90039313","91211509","90039792","(17,2)","0","(10025900)","(0,0)","-1","","","1","",""
"24014709","0","2001","9","30","90039314","91211509","90039792","(17,2)","0","(10025900)","(0,0)","-1","","","1","",""
"24014710","0","2001","10","30","90039315","91211509","90039792","(17,2)","0","(10025900)","(0,0)","-1","","","1","",""
"24014711","0","2001","11","30","90039316","91211509","90039792","(17,2)","0","(10025900)","(0,0)","-1","","","1","",""
"24014712","0","2001","12","30","90039317","91211509","90039792","(17,2)","0","(10025900)","(0,0)","-1","","","1","",""
"24014713","0","2001","13","30","90039312","91211509","90039792","(17,2)","0","(10025900)","(0,0)","-1","","","1","",""
"24014714","0","2001","14","30","90039313","91211509","90039792","(17,2)","0","(10025900)","(0,0)","-1","","","1","",""
"24014715","0","2001","15","30","90039314","91211509","90039792","(17,2)","0","(10025900)","(0,0)","-1","","","1","",""
"24014716","0","2001","16","30","90039315","91211509","90039792","(17,2)","0","(10025900)","(0,0)","-1","","","1","",""
"24014717","0","2001","17","30","90039316","91211509","90039792","(17,2)","0","(10025900)","(0,0)","-1","","","1","",""
"24014718","0","2001","18","30","90039317","91211509","90039792","(17,2)","0","(10025900)","(0,0)","-1","","","1","",""
"24014719","0","2001","19","30","90039312","91211509","90039792","(17,2)","0","(10025900)","(0,0)","-1","","","1","",""
"24014720","0","2001","20","30","90039313","91211509","90039792","(17,2)","0","(10025900)","(0,0)","-1","","","1","",""
"24014721","0","2001","21","30","90039314","91211509","90039792","(17,2)","0","(10025900)","(0,0)","-1","","","1","",""
"24014722","0","2001","22","30","90039315","91211509","90039792","(17,2)","0","(10025900)","(0,0)","-1","","","1","",""
"24014723","0","2001","23","30","90039316","91211509","90039792","(17,2)","0","(10025900)","(0,0)","-1","","","1","",""
"24014724","0","2001","24","30","90039317","91211509","90039792","(17,2)","0","(10025900)","(0,0)","-1","","","1","",""
"24014725","0","2001","25","30","90039312","91211509","90039792","(17,2)","0","(10025900)","(0,0)","-1","","","1","",""
"24014726","0","2001","26","30","90039313","91211509","90039792","(17,2)","0","(10025900)","(0,0)","-1","","","1","",""
"24014727","0","2001","27","30","90039314","91211509","90039792","(17,2)","0","(10025900)","(0,0)","-1","","","1","",""
"24014728","0","2001","28","30","90039315","91211509","90039792","(17,2)","0","(10025900)","(0,0)","-1","","","1","",""
"24014729","0","2001","29","30","90039316","91211509","90039792","(17,2)","0","(10025900)","(0,0)","-1","","","1","",""
"24014730","0","2001","30","30","90039317","91211509","90039792","(17,2)","0","(10025900)","(0,0)","-1","","","1","",""
"24014801","0","2011","1","40","90039019","91211506","90039798","(17,2)","0","(10025910)","(0,0)","-1","","","1","",""
"24014802","0","2011","2","40","90039020","91211506","90039798","(17,2)","0","(10025910)","(0,0)","-1","","","1","",""
"24014803","0","2011","3","40","90039021","91211506","90039798","(17,2)","0","(10025910)","(0,0)","-1","","","1","",""
"24014804","0","2011","4","40","90039275","91211506","90039798","(17,2)","0","(10025910)","(0,0)","-1","","","1","",""
"24014805","0","2011","5","40","90039276","91211506","90039798","(17,2)","0","(10025910)","(0,0)","-1","","","1","",""
"24014806","0","2011","6","40","90039277","91211506","90039798","(17,2)","0","(10025910)","(0,0)","-1","","","1","",""
"24014807","0","2011","7","40","90039278","91211506","90039798","(17,2)","0","(10025910)","(0,0)","-1","","","1","",""
"24014808","0","2011","8","40","90039279","91211506","90039798","(17,2)","0","(10025910)","(0,0)","-1","","","1","",""
"24014809","0","2011","9","40","90039280","91211506","90039798","(17,2)","0","(10025910)","(0,0)","-1","","","1","",""
"24014810","0","2011","10","40","90039281","91211506","90039798","(17,2)","0","(10025910)","(0,0)","-1","","","1","",""
"24014811","0","2011","11","40","90039019","91211506","90039798","(17,2)","0","(10025910)","(0,0)","-1","","","1","",""
"24014812","0","2011","12","40","90039020","91211506","90039798","(17,2)","0","(10025910)","(0,0)","-1","","","1","",""
"24014813","0","2011","13","40","90039021","91211506","90039798","(17,2)","0","(10025910)","(0,0)","-1","","","1","",""
"24014814","0","2011","14","40","90039275","91211506","90039798","(17,2)","0","(10025910)","(0,0)","-1","","","1","",""
"24014815","0","2011","15","40","90039276","91211506","90039798","(17,2)","0","(10025910)","(0,0)","-1","","","1","",""
"24014816","0","2011","16","40","90039277","91211506","90039798","(17,2)","0","(10025910)","(0,0)","-1","","","1","",""
"24014817","0","2011","17","40","90039278","91211506","90039798","(17,2)","0","(10025910)","(0,0)","-1","","","1","",""
"24014818","0","2011","18","40","90039279","91211506","90039798","(17,2)","0","(10025910)","(0,0)","-1","","","1","",""
"24014819","0","2011","19","40","90039280","91211506","90039798","(17,2)","0","(10025910)","(0,0)","-1","","","1","",""
"24014820","0","2011","20","40","90039281","91211506","90039798","(17,2)","0","(10025910)","(0,0)","-1","","","1","",""
"24014821","0","2011","21","40","90039019","91211506","90039798","(17,2)","0","(10025910)","(0,0)","-1","","","1","",""
"24014822","0","2011","22","40","90039020","91211506","90039798","(17,2)","0","(10025910)","(0,0)","-1","","","1","",""
"24014823","0","2011","23","40","90039021","91211506","90039798","(17,2)","0","(10025910)","(0,0)","-1","","","1","",""
"24014824","0","2011","24","40","90039275","91211506","90039798","(17,2)","0","(10025910)","(0,0)","-1","","","1","",""
"24014825","0","2011","25","40","90039276","91211506","90039798","(17,2)","0","(10025910)","(0,0)","-1","","","1","",""
"24014826","0","2011","26","40","90039277","91211506","90039798","(17,2)","0","(10025910)","(0,0)","-1","","","1","",""
"24014827","0","2011","27","40","90039278","91211506","90039798","(17,2)","0","(10025910)","(0,0)","-1","","","1","",""
"24014828","0","2011","28","40","90039279","91211506","90039798","(17,2)","0","(10025910)","(0,0)","-1","","","1","",""
"24014829","0","2011","29","40","90039280","91211506","90039798","(17,2)","0","(10025910)","(0,0)","-1","","","1","",""
"24014830","0","2011","30","40","90039281","91211506","90039798","(17,2)","0","(10025910)","(0,0)","-1","","","1","",""
"24014831","0","2011","31","40","90039019","91211506","90039798","(17,2)","0","(10025910)","(0,0)","-1","","","1","",""
"24014832","0","2011","32","40","90039020","91211506","90039798","(17,2)","0","(10025910)","(0,0)","-1","","","1","",""
"24014833","0","2011","33","40","90039021","91211506","90039798","(17,2)","0","(10025910)","(0,0)","-1","","","1","",""
"24014834","0","2011","34","40","90039275","91211506","90039798","(17,2)","0","(10025910)","(0,0)","-1","","","1","",""
"24014835","0","2011","35","40","90039276","91211506","90039798","(17,2)","0","(10025910)","(0,0)","-1","","","1","",""
"24014836","0","2011","36","40","90039277","91211506","90039798","(17,2)","0","(10025910)","(0,0)","-1","","","1","",""
"24014837","0","2011","37","40","90039278","91211506","90039798","(17,2)","0","(10025910)","(0,0)","-1","","","1","",""
"24014838","0","2011","38","40","90039279","91211506","90039798","(17,2)","0","(10025910)","(0,0)","-1","","","1","",""
"24014839","0","2011","39","40","90039280","91211506","90039798","(17,2)","0","(10025910)","(0,0)","-1","","","1","",""
"24014840","0","2011","40","40","90039281","91211506","90039798","(17,2)","0","(10025910)","(0,0)","-1","","","1","",""
"24014901","0","2021","1","30","90039318","91211583","90039808","(17,2)","0","(10025920)","(0,0)","-1","","","1","",""
"24014902","0","2021","2","30","90039319","91211583","90039808","(17,2)","0","(10025920)","(0,0)","-1","","","1","",""
"24014903","0","2021","3","30","90039320","91211583","90039808","(17,2)","0","(10025920)","(0,0)","-1","","","1","",""
"24014904","0","2021","4","30","90039321","91211583","90039808","(17,2)","0","(10025920)","(0,0)","-1","","","1","",""
"24014905","0","2021","5","30","90039322","91211583","90039808","(17,2)","0","(10025920)","(0,0)","-1","","","1","",""
"24014906","0","2021","6","30","90039323","91211583","90039808","(17,2)","0","(10025920)","(0,0)","-1","","","1","",""
"24014907","0","2021","7","30","90039318","91211583","90039808","(17,2)","0","(10025920)","(0,0)","-1","","","1","",""
"24014908","0","2021","8","30","90039319","91211583","90039808","(17,2)","0","(10025920)","(0,0)","-1","","","1","",""
"24014909","0","2021","9","30","90039320","91211583","90039808","(17,2)","0","(10025920)","(0,0)","-1","","","1","",""
"24014910","0","2021","10","30","90039321","91211583","90039808","(17,2)","0","(10025920)","(0,0)","-1","","","1","",""
"24014911","0","2021","11","30","90039322","91211583","90039808","(17,2)","0","(10025920)","(0,0)","-1","","","1","",""
"24014912","0","2021","12","30","90039323","91211583","90039808","(17,2)","0","(10025920)","(0,0)","-1","","","1","",""
"24014913","0","2021","13","30","90039318","91211583","90039808","(17,2)","0","(10025920)","(0,0)","-1","","","1","",""
"24014914","0","2021","14","30","90039319","91211583","90039808","(17,2)","0","(10025920)","(0,0)","-1","","","1","",""
"24014915","0","2021","15","30","90039320","91211583","90039808","(17,2)","0","(10025920)","(0,0)","-1","","","1","",""
"24014916","0","2021","16","30","90039321","91211583","90039808","(17,2)","0","(10025920)","(0,0)","-1","","","1","",""
"24014917","0","2021","17","30","90039322","91211583","90039808","(17,2)","0","(10025920)","(0,0)","-1","","","1","",""
"24014918","0","2021","18","30","90039323","91211583","90039808","(17,2)","0","(10025920)","(0,0)","-1","","","1","",""
"24014919","0","2021","19","30","90039318","91211583","90039808","(17,2)","0","(10025920)","(0,0)","-1","","","1","",""
"24014920","0","2021","20","30","90039319","91211583","90039808","(17,2)","0","(10025920)","(0,0)","-1","","","1","",""
"24014921","0","2021","21","30","90039320","91211583","90039808","(17,2)","0","(10025920)","(0,0)","-1","","","1","",""
"24014922","0","2021","22","30","90039321","91211583","90039808","(17,2)","0","(10025920)","(0,0)","-1","","","1","",""
"24014923","0","2021","23","30","90039322","91211583","90039808","(17,2)","0","(10025920)","(0,0)","-1","","","1","",""
"24014924","0","2021","24","30","90039323","91211583","90039808","(17,2)","0","(10025920)","(0,0)","-1","","","1","",""
"24014925","0","2021","25","30","90039318","91211583","90039808","(17,2)","0","(10025920)","(0,0)","-1","","","1","",""
"24014926","0","2021","26","30","90039319","91211583","90039808","(17,2)","0","(10025920)","(0,0)","-1","","","1","",""
"24014927","0","2021","27","30","90039320","91211583","90039808","(17,2)","0","(10025920)","(0,0)","-1","","","1","",""
"24014928","0","2021","28","30","90039321","91211583","90039808","(17,2)","0","(10025920)","(0,0)","-1","","","1","",""
"24014929","0","2021","29","30","90039322","91211583","90039808","(17,2)","0","(10025920)","(0,0)","-1","","","1","",""
"24014930","0","2021","30","30","90039323","91211583","90039808","(17,2)","0","(10025920)","(0,0)","-1","","","1","",""
"24015001","0","2031","1","50","90039202","91211510","90039652","(17,3)","0","(10025930)","(0,0)","-1","","","1","","(0,120)"
"24015002","0","2031","2","50","90039203","91211510","90039652","(17,3)","0","(10025930)","(0,0)","-1","","","1","",""
"24015003","0","2031","3","50","90039204","91211510","90039652","(17,3)","0","(10025930)","(0,0)","-1","","","1","",""
"24015004","0","2031","4","50","90039205","91211510","90039652","(17,3)","0","(10025930)","(0,0)","-1","","","1","",""
"24015005","0","2031","5","50","90039206","91211510","90039652","(17,3)","0","(10025930)","(0,0)","-1","","","1","",""
"24015006","0","2031","6","50","90039207","91211510","90039652","(17,3)","0","(10025930)","(0,0)","-1","","","1","",""
"24015007","0","2031","7","50","90039208","91211510","90039652","(17,3)","0","(10025930)","(0,0)","-1","","","1","",""
"24015008","0","2031","8","50","90039209","91211510","90039652","(17,3)","0","(10025930)","(0,0)","-1","","","1","",""
"24015009","0","2031","9","50","90039210","91211510","90039652","(17,3)","0","(10025930)","(0,0)","-1","","","1","",""
"24015010","0","2031","10","50","90039211","91211510","90039652","(17,3)","0","(10025930)","(0,0)","-1","","","1","",""
"24015011","0","2031","11","50","90039202","91211510","90039652","(17,3)","0","(10025930)","(0,0)","-1","","","1","",""
"24015012","0","2031","12","50","90039203","91211510","90039652","(17,3)","0","(10025930)","(0,0)","-1","","","1","",""
"24015013","0","2031","13","50","90039204","91211510","90039652","(17,3)","0","(10025930)","(0,0)","-1","","","1","",""
"24015014","0","2031","14","50","90039205","91211510","90039652","(17,3)","0","(10025930)","(0,0)","-1","","","1","",""
"24015015","0","2031","15","50","90039206","91211510","90039652","(17,3)","0","(10025930)","(0,0)","-1","","","1","",""
"24015016","0","2031","16","50","90039207","91211510","90039652","(17,3)","0","(10025930)","(0,0)","-1","","","1","",""
"24015017","0","2031","17","50","90039208","91211510","90039652","(17,3)","0","(10025930)","(0,0)","-1","","","1","",""
"24015018","0","2031","18","50","90039209","91211510","90039652","(17,3)","0","(10025930)","(0,0)","-1","","","1","",""
"24015019","0","2031","19","50","90039210","91211510","90039652","(17,3)","0","(10025930)","(0,0)","-1","","","1","",""
"24015020","0","2031","20","50","90039211","91211510","90039652","(17,3)","0","(10025930)","(0,0)","-1","","","1","",""
"24015021","0","2031","21","50","90039202","91211510","90039652","(17,3)","0","(10025930)","(0,0)","-1","","","1","",""
"24015022","0","2031","22","50","90039203","91211510","90039652","(17,3)","0","(10025930)","(0,0)","-1","","","1","",""
"24015023","0","2031","23","50","90039204","91211510","90039652","(17,3)","0","(10025930)","(0,0)","-1","","","1","",""
"24015024","0","2031","24","50","90039205","91211510","90039652","(17,3)","0","(10025930)","(0,0)","-1","","","1","",""
"24015025","0","2031","25","50","90039206","91211510","90039652","(17,3)","0","(10025930)","(0,0)","-1","","","1","",""
"24015026","0","2031","26","50","90039207","91211510","90039652","(17,3)","0","(10025930)","(0,0)","-1","","","1","",""
"24015027","0","2031","27","50","90039208","91211510","90039652","(17,3)","0","(10025930)","(0,0)","-1","","","1","",""
"24015028","0","2031","28","50","90039209","91211510","90039652","(17,3)","0","(10025930)","(0,0)","-1","","","1","",""
"24015029","0","2031","29","50","90039210","91211510","90039652","(17,3)","0","(10025930)","(0,0)","-1","","","1","",""
"24015030","0","2031","30","50","90039211","91211510","90039652","(17,3)","0","(10025930)","(0,0)","-1","","","1","",""
"24015031","0","2031","31","50","90039202","91211510","90039652","(17,3)","0","(10025930)","(0,0)","-1","","","1","",""
"24015032","0","2031","32","50","90039203","91211510","90039652","(17,3)","0","(10025930)","(0,0)","-1","","","1","",""
"24015033","0","2031","33","50","90039204","91211510","90039652","(17,3)","0","(10025930)","(0,0)","-1","","","1","",""
"24015034","0","2031","34","50","90039205","91211510","90039652","(17,3)","0","(10025930)","(0,0)","-1","","","1","",""
"24015035","0","2031","35","50","90039206","91211510","90039652","(17,3)","0","(10025930)","(0,0)","-1","","","1","",""
"24015036","0","2031","36","50","90039207","91211510","90039652","(17,3)","0","(10025930)","(0,0)","-1","","","1","",""
"24015037","0","2031","37","50","90039208","91211510","90039652","(17,3)","0","(10025930)","(0,0)","-1","","","1","",""
"24015038","0","2031","38","50","90039209","91211510","90039652","(17,3)","0","(10025930)","(0,0)","-1","","","1","",""
"24015039","0","2031","39","50","90039210","91211510","90039652","(17,3)","0","(10025930)","(0,0)","-1","","","1","",""
"24015040","0","2031","40","50","90039211","91211510","90039652","(17,3)","0","(10025930)","(0,0)","-1","","","1","",""
"24015041","0","2031","41","50","90039202","91211510","90039652","(17,3)","0","(10025930)","(0,0)","-1","","","1","",""
"24015042","0","2031","42","50","90039203","91211510","90039652","(17,3)","0","(10025930)","(0,0)","-1","","","1","",""
"24015043","0","2031","43","50","90039204","91211510","90039652","(17,3)","0","(10025930)","(0,0)","-1","","","1","",""
"24015044","0","2031","44","50","90039205","91211510","90039652","(17,3)","0","(10025930)","(0,0)","-1","","","1","",""
"24015045","0","2031","45","50","90039206","91211510","90039652","(17,3)","0","(10025930)","(0,0)","-1","","","1","",""
"24015046","0","2031","46","50","90039207","91211510","90039652","(17,3)","0","(10025930)","(0,0)","-1","","","1","",""
"24015047","0","2031","47","50","90039208","91211510","90039652","(17,3)","0","(10025930)","(0,0)","-1","","","1","",""
"24015048","0","2031","48","50","90039209","91211510","90039652","(17,3)","0","(10025930)","(0,0)","-1","","","1","",""
"24015049","0","2031","49","50","90039210","91211510","90039652","(17,3)","0","(10025930)","(0,0)","-1","","","1","",""
"24015050","0","2031","50","50","90039211","91211510","90039652","(17,3)","0","(10025930)","(0,0)","-1","","","1","",""
"24015101","0","2041","1","50","90039259","91211500","90039709","(17,3)","0","(10025950)","(0,0)","-1","","","1","","(0,120)"
"24015102","0","2041","2","50","90039260","91211500","90039709","(17,3)","0","(10025950)","(0,0)","-1","","","1","",""
"24015103","0","2041","3","50","90039261","91211500","90039709","(17,3)","0","(10025950)","(0,0)","-1","","","1","",""
"24015104","0","2041","4","50","90039262","91211500","90039709","(17,3)","0","(10025950)","(0,0)","-1","","","1","",""
"24015105","0","2041","5","50","90039263","91211500","90039709","(17,3)","0","(10025950)","(0,0)","-1","","","1","",""
"24015106","0","2041","6","50","90039264","91211500","90039709","(17,3)","0","(10025950)","(0,0)","-1","","","1","",""
"24015107","0","2041","7","50","90039265","91211500","90039709","(17,3)","0","(10025950)","(0,0)","-1","","","1","",""
"24015108","0","2041","8","50","90039266","91211500","90039709","(17,3)","0","(10025950)","(0,0)","-1","","","1","",""
"24015109","0","2041","9","50","90039267","91211500","90039709","(17,3)","0","(10025950)","(0,0)","-1","","","1","",""
"24015110","0","2041","10","50","90039268","91211500","90039709","(17,3)","0","(10025950)","(0,0)","-1","","","1","",""
"24015111","0","2041","11","50","90039259","91211500","90039709","(17,3)","0","(10025950)","(0,0)","-1","","","1","",""
"24015112","0","2041","12","50","90039260","91211500","90039709","(17,3)","0","(10025950)","(0,0)","-1","","","1","",""
"24015113","0","2041","13","50","90039261","91211500","90039709","(17,3)","0","(10025950)","(0,0)","-1","","","1","",""
"24015114","0","2041","14","50","90039262","91211500","90039709","(17,3)","0","(10025950)","(0,0)","-1","","","1","",""
"24015115","0","2041","15","50","90039263","91211500","90039709","(17,3)","0","(10025950)","(0,0)","-1","","","1","",""
"24015116","0","2041","16","50","90039264","91211500","90039709","(17,3)","0","(10025950)","(0,0)","-1","","","1","",""
"24015117","0","2041","17","50","90039265","91211500","90039709","(17,3)","0","(10025950)","(0,0)","-1","","","1","",""
"24015118","0","2041","18","50","90039266","91211500","90039709","(17,3)","0","(10025950)","(0,0)","-1","","","1","",""
"24015119","0","2041","19","50","90039267","91211500","90039709","(17,3)","0","(10025950)","(0,0)","-1","","","1","",""
"24015120","0","2041","20","50","90039268","91211500","90039709","(17,3)","0","(10025950)","(0,0)","-1","","","1","",""
"24015121","0","2041","21","50","90039259","91211500","90039709","(17,3)","0","(10025950)","(0,0)","-1","","","1","",""
"24015122","0","2041","22","50","90039260","91211500","90039709","(17,3)","0","(10025950)","(0,0)","-1","","","1","",""
"24015123","0","2041","23","50","90039261","91211500","90039709","(17,3)","0","(10025950)","(0,0)","-1","","","1","",""
"24015124","0","2041","24","50","90039262","91211500","90039709","(17,3)","0","(10025950)","(0,0)","-1","","","1","",""
"24015125","0","2041","25","50","90039263","91211500","90039709","(17,3)","0","(10025950)","(0,0)","-1","","","1","",""
"24015126","0","2041","26","50","90039264","91211500","90039709","(17,3)","0","(10025950)","(0,0)","-1","","","1","",""
"24015127","0","2041","27","50","90039265","91211500","90039709","(17,3)","0","(10025950)","(0,0)","-1","","","1","",""
"24015128","0","2041","28","50","90039266","91211500","90039709","(17,3)","0","(10025950)","(0,0)","-1","","","1","",""
"24015129","0","2041","29","50","90039267","91211500","90039709","(17,3)","0","(10025950)","(0,0)","-1","","","1","",""
"24015130","0","2041","30","50","90039268","91211500","90039709","(17,3)","0","(10025950)","(0,0)","-1","","","1","",""
"24015131","0","2041","31","50","90039259","91211500","90039709","(17,3)","0","(10025950)","(0,0)","-1","","","1","",""
"24015132","0","2041","32","50","90039260","91211500","90039709","(17,3)","0","(10025950)","(0,0)","-1","","","1","",""
"24015133","0","2041","33","50","90039261","91211500","90039709","(17,3)","0","(10025950)","(0,0)","-1","","","1","",""
"24015134","0","2041","34","50","90039262","91211500","90039709","(17,3)","0","(10025950)","(0,0)","-1","","","1","",""
"24015135","0","2041","35","50","90039263","91211500","90039709","(17,3)","0","(10025950)","(0,0)","-1","","","1","",""
"24015136","0","2041","36","50","90039264","91211500","90039709","(17,3)","0","(10025950)","(0,0)","-1","","","1","",""
"24015137","0","2041","37","50","90039265","91211500","90039709","(17,3)","0","(10025950)","(0,0)","-1","","","1","",""
"24015138","0","2041","38","50","90039266","91211500","90039709","(17,3)","0","(10025950)","(0,0)","-1","","","1","",""
"24015139","0","2041","39","50","90039267","91211500","90039709","(17,3)","0","(10025950)","(0,0)","-1","","","1","",""
"24015140","0","2041","40","50","90039268","91211500","90039709","(17,3)","0","(10025950)","(0,0)","-1","","","1","",""
"24015141","0","2041","41","50","90039259","91211500","90039709","(17,3)","0","(10025950)","(0,0)","-1","","","1","",""
"24015142","0","2041","42","50","90039260","91211500","90039709","(17,3)","0","(10025950)","(0,0)","-1","","","1","",""
"24015143","0","2041","43","50","90039261","91211500","90039709","(17,3)","0","(10025950)","(0,0)","-1","","","1","",""
"24015144","0","2041","44","50","90039262","91211500","90039709","(17,3)","0","(10025950)","(0,0)","-1","","","1","",""
"24015145","0","2041","45","50","90039263","91211500","90039709","(17,3)","0","(10025950)","(0,0)","-1","","","1","",""
"24015146","0","2041","46","50","90039264","91211500","90039709","(17,3)","0","(10025950)","(0,0)","-1","","","1","",""
"24015147","0","2041","47","50","90039265","91211500","90039709","(17,3)","0","(10025950)","(0,0)","-1","","","1","",""
"24015148","0","2041","48","50","90039266","91211500","90039709","(17,3)","0","(10025950)","(0,0)","-1","","","1","",""
"24015149","0","2041","49","50","90039267","91211500","90039709","(17,3)","0","(10025950)","(0,0)","-1","","","1","",""
"24015150","0","2041","50","50","90039268","91211500","90039709","(17,3)","0","(10025950)","(0,0)","-1","","","1","",""
"24015201","0","2051","1","50","90039212","91211577","90039772","(17,3)","0","(10025940)","(0,0)","-1","","","1","","(0,120)"
"24015202","0","2051","2","50","90039213","91211577","90039772","(17,3)","0","(10025940)","(0,0)","-1","","","1","",""
"24015203","0","2051","3","50","90039214","91211577","90039772","(17,3)","0","(10025940)","(0,0)","-1","","","1","",""
"24015204","0","2051","4","50","90039215","91211577","90039772","(17,3)","0","(10025940)","(0,0)","-1","","","1","",""
"24015205","0","2051","5","50","90039216","91211577","90039772","(17,3)","0","(10025940)","(0,0)","-1","","","1","",""
"24015206","0","2051","6","50","90039217","91211577","90039772","(17,3)","0","(10025940)","(0,0)","-1","","","1","",""
"24015207","0","2051","7","50","90039218","91211577","90039772","(17,3)","0","(10025940)","(0,0)","-1","","","1","",""
"24015208","0","2051","8","50","90039219","91211577","90039772","(17,3)","0","(10025940)","(0,0)","-1","","","1","",""
"24015209","0","2051","9","50","90039220","91211577","90039772","(17,3)","0","(10025940)","(0,0)","-1","","","1","",""
"24015210","0","2051","10","50","90039221","91211577","90039772","(17,3)","0","(10025940)","(0,0)","-1","","","1","",""
"24015211","0","2051","11","50","90039212","91211577","90039772","(17,3)","0","(10025940)","(0,0)","-1","","","1","",""
"24015212","0","2051","12","50","90039213","91211577","90039772","(17,3)","0","(10025940)","(0,0)","-1","","","1","",""
"24015213","0","2051","13","50","90039214","91211577","90039772","(17,3)","0","(10025940)","(0,0)","-1","","","1","",""
"24015214","0","2051","14","50","90039215","91211577","90039772","(17,3)","0","(10025940)","(0,0)","-1","","","1","",""
"24015215","0","2051","15","50","90039216","91211577","90039772","(17,3)","0","(10025940)","(0,0)","-1","","","1","",""
"24015216","0","2051","16","50","90039217","91211577","90039772","(17,3)","0","(10025940)","(0,0)","-1","","","1","",""
"24015217","0","2051","17","50","90039218","91211577","90039772","(17,3)","0","(10025940)","(0,0)","-1","","","1","",""
"24015218","0","2051","18","50","90039219","91211577","90039772","(17,3)","0","(10025940)","(0,0)","-1","","","1","",""
"24015219","0","2051","19","50","90039220","91211577","90039772","(17,3)","0","(10025940)","(0,0)","-1","","","1","",""
"24015220","0","2051","20","50","90039221","91211577","90039772","(17,3)","0","(10025940)","(0,0)","-1","","","1","",""
"24015221","0","2051","21","50","90039212","91211577","90039772","(17,3)","0","(10025940)","(0,0)","-1","","","1","",""
"24015222","0","2051","22","50","90039213","91211577","90039772","(17,3)","0","(10025940)","(0,0)","-1","","","1","",""
"24015223","0","2051","23","50","90039214","91211577","90039772","(17,3)","0","(10025940)","(0,0)","-1","","","1","",""
"24015224","0","2051","24","50","90039215","91211577","90039772","(17,3)","0","(10025940)","(0,0)","-1","","","1","",""
"24015225","0","2051","25","50","90039216","91211577","90039772","(17,3)","0","(10025940)","(0,0)","-1","","","1","",""
"24015226","0","2051","26","50","90039217","91211577","90039772","(17,3)","0","(10025940)","(0,0)","-1","","","1","",""
"24015227","0","2051","27","50","90039218","91211577","90039772","(17,3)","0","(10025940)","(0,0)","-1","","","1","",""
"24015228","0","2051","28","50","90039219","91211577","90039772","(17,3)","0","(10025940)","(0,0)","-1","","","1","",""
"24015229","0","2051","29","50","90039220","91211577","90039772","(17,3)","0","(10025940)","(0,0)","-1","","","1","",""
"24015230","0","2051","30","50","90039221","91211577","90039772","(17,3)","0","(10025940)","(0,0)","-1","","","1","",""
"24015231","0","2051","31","50","90039212","91211577","90039772","(17,3)","0","(10025940)","(0,0)","-1","","","1","",""
"24015232","0","2051","32","50","90039213","91211577","90039772","(17,3)","0","(10025940)","(0,0)","-1","","","1","",""
"24015233","0","2051","33","50","90039214","91211577","90039772","(17,3)","0","(10025940)","(0,0)","-1","","","1","",""
"24015234","0","2051","34","50","90039215","91211577","90039772","(17,3)","0","(10025940)","(0,0)","-1","","","1","",""
"24015235","0","2051","35","50","90039216","91211577","90039772","(17,3)","0","(10025940)","(0,0)","-1","","","1","",""
"24015236","0","2051","36","50","90039217","91211577","90039772","(17,3)","0","(10025940)","(0,0)","-1","","","1","",""
"24015237","0","2051","37","50","90039218","91211577","90039772","(17,3)","0","(10025940)","(0,0)","-1","","","1","",""
"24015238","0","2051","38","50","90039219","91211577","90039772","(17,3)","0","(10025940)","(0,0)","-1","","","1","",""
"24015239","0","2051","39","50","90039220","91211577","90039772","(17,3)","0","(10025940)","(0,0)","-1","","","1","",""
"24015240","0","2051","40","50","90039221","91211577","90039772","(17,3)","0","(10025940)","(0,0)","-1","","","1","",""
"24015241","0","2051","41","50","90039212","91211577","90039772","(17,3)","0","(10025940)","(0,0)","-1","","","1","",""
"24015242","0","2051","42","50","90039213","91211577","90039772","(17,3)","0","(10025940)","(0,0)","-1","","","1","",""
"24015243","0","2051","43","50","90039214","91211577","90039772","(17,3)","0","(10025940)","(0,0)","-1","","","1","",""
"24015244","0","2051","44","50","90039215","91211577","90039772","(17,3)","0","(10025940)","(0,0)","-1","","","1","",""
"24015245","0","2051","45","50","90039216","91211577","90039772","(17,3)","0","(10025940)","(0,0)","-1","","","1","",""
"24015246","0","2051","46","50","90039217","91211577","90039772","(17,3)","0","(10025940)","(0,0)","-1","","","1","",""
"24015247","0","2051","47","50","90039218","91211577","90039772","(17,3)","0","(10025940)","(0,0)","-1","","","1","",""
"24015248","0","2051","48","50","90039219","91211577","90039772","(17,3)","0","(10025940)","(0,0)","-1","","","1","",""
"24015249","0","2051","49","50","90039220","91211577","90039772","(17,3)","0","(10025940)","(0,0)","-1","","","1","",""
"24015250","0","2051","50","50","90039221","91211577","90039772","(17,3)","0","(10025940)","(0,0)","-1","","","1","",""
"24015301","0","2061","1","20","90039269","91211581","90039719","(17,5)","24015030","(10370004,10370005,10370006)","(0,0)","-1","","","1","50",""
"24015302","0","2061","2","20","90039270","91211581","90039719","(17,5)","0","(10370004,10370005,10370006)","(0,0)","-1","","","1","50",""
"24015303","0","2061","3","20","90039271","91211581","90039719","(17,5)","0","(10370004,10370005,10370006)","(0,0)","-1","","","1","50",""
"24015304","0","2061","4","20","90039270","91211581","90039719","(17,5)","0","(10370004,10370005,10370006)","(0,0)","-1","","","1","50",""
"24015305","0","2061","5","20","90039271","91211581","90039719","(17,5)","0","(10370004,10370005,10370006)","(0,0)","-1","","","1","50",""
"24015306","0","2061","6","20","90039269","91211581","90039719","(17,5)","0","(10370004,10370005,10370006)","(0,0)","-1","","","1","50",""
"24015307","0","2061","7","20","90039270","91211581","90039719","(17,5)","0","(10370004,10370005,10370006)","(0,0)","-1","","","1","50",""
"24015308","0","2061","8","20","90039271","91211581","90039719","(17,5)","0","(10370004,10370005,10370006)","(0,0)","-1","","","1","50",""
"24015309","0","2061","9","20","90039270","91211581","90039719","(17,5)","0","(10370004,10370005,10370006)","(0,0)","-1","","","1","50",""
"24015310","0","2061","10","20","90039271","91211581","90039719","(17,5)","0","(10370004,10370005,10370006)","(0,0)","-1","","","1","50",""
"24015311","0","2061","11","20","90039269","91211581","90039719","(17,5)","0","(10370004,10370005,10370006)","(0,0)","-1","","","1","50",""
"24015312","0","2061","12","20","90039270","91211581","90039719","(17,5)","0","(10370004,10370005,10370006)","(0,0)","-1","","","1","50",""
"24015313","0","2061","13","20","90039271","91211581","90039719","(17,5)","0","(10370004,10370005,10370006)","(0,0)","-1","","","1","50",""
"24015314","0","2061","14","20","90039270","91211581","90039719","(17,5)","0","(10370004,10370005,10370006)","(0,0)","-1","","","1","50",""
"24015315","0","2061","15","20","90039271","91211581","90039719","(17,5)","0","(10370004,10370005,10370006)","(0,0)","-1","","","1","50",""
"24015316","0","2061","16","20","90039269","91211581","90039719","(17,5)","0","(10370004,10370005,10370006)","(0,0)","-1","","","1","50",""
"24015317","0","2061","17","20","90039270","91211581","90039719","(17,5)","0","(10370004,10370005,10370006)","(0,0)","-1","","","1","50",""
"24015318","0","2061","18","20","90039271","91211581","90039719","(17,5)","0","(10370004,10370005,10370006)","(0,0)","-1","","","1","50",""
"24015319","0","2061","19","20","90039270","91211581","90039719","(17,5)","0","(10370004,10370005,10370006)","(0,0)","-1","","","1","50",""
"24015320","0","2061","20","20","90039271","91211581","90039719","(17,5)","0","(10370004,10370005,10370006)","(0,0)","-1","","","1","50",""
"24015401","0","2071","1","20","90039272","91211508","90039722","(17,5)","24015130","(10340002)","(0,0)","-1","","","1","50",""
"24015402","0","2071","2","20","90039273","91211508","90039722","(17,5)","0","(10340002)","(0,0)","-1","","","1","50",""
"24015403","0","2071","3","20","90039274","91211508","90039722","(17,5)","0","(10340002)","(0,0)","-1","","","1","50",""
"24015404","0","2071","4","20","90039273","91211508","90039722","(17,5)","0","(10340002)","(0,0)","-1","","","1","50",""
"24015405","0","2071","5","20","90039274","91211508","90039722","(17,5)","0","(10340002)","(0,0)","-1","","","1","50",""
"24015406","0","2071","6","20","90039272","91211508","90039722","(17,5)","0","(10340002)","(0,0)","-1","","","1","50",""
"24015407","0","2071","7","20","90039273","91211508","90039722","(17,5)","0","(10340002)","(0,0)","-1","","","1","50",""
"24015408","0","2071","8","20","90039274","91211508","90039722","(17,5)","0","(10340002)","(0,0)","-1","","","1","50",""
"24015409","0","2071","9","20","90039273","91211508","90039722","(17,5)","0","(10340002)","(0,0)","-1","","","1","50",""
"24015410","0","2071","10","20","90039274","91211508","90039722","(17,5)","0","(10340002)","(0,0)","-1","","","1","50",""
"24015411","0","2071","11","20","90039272","91211508","90039722","(17,5)","0","(10340002)","(0,0)","-1","","","1","50",""
"24015412","0","2071","12","20","90039273","91211508","90039722","(17,5)","0","(10340002)","(0,0)","-1","","","1","50",""
"24015413","0","2071","13","20","90039274","91211508","90039722","(17,5)","0","(10340002)","(0,0)","-1","","","1","50",""
"24015414","0","2071","14","20","90039273","91211508","90039722","(17,5)","0","(10340002)","(0,0)","-1","","","1","50",""
"24015415","0","2071","15","20","90039274","91211508","90039722","(17,5)","0","(10340002)","(0,0)","-1","","","1","50",""
"24015416","0","2071","16","20","90039272","91211508","90039722","(17,5)","0","(10340002)","(0,0)","-1","","","1","50",""
"24015417","0","2071","17","20","90039273","91211508","90039722","(17,5)","0","(10340002)","(0,0)","-1","","","1","50",""
"24015418","0","2071","18","20","90039274","91211508","90039722","(17,5)","0","(10340002)","(0,0)","-1","","","1","50",""
"24015419","0","2071","19","20","90039273","91211508","90039722","(17,5)","0","(10340002)","(0,0)","-1","","","1","50",""
"24015420","0","2071","20","20","90039274","91211508","90039722","(17,5)","0","(10340002)","(0,0)","-1","","","1","50",""
"24015501","0","2081","1","10","90039023","91211507","90039473","(17,10)","24015230","(10350001)","(0,0)","-1","","","1","100",""
"24015502","0","2081","2","10","90039024","91211507","90039473","(17,10)","0","(10350001)","(0,0)","-1","","","1","100",""
"24015503","0","2081","3","10","90039025","91211507","90039473","(17,10)","0","(10350001)","(0,0)","-1","","","1","100",""
"24015504","0","2081","4","10","90039024","91211507","90039473","(17,10)","0","(10350001)","(0,0)","-1","","","1","100",""
"24015505","0","2081","5","10","90039025","91211507","90039473","(17,10)","0","(10350001)","(0,0)","-1","","","1","100",""
"24015506","0","2081","6","10","90039023","91211507","90039473","(17,10)","0","(10350001)","(0,0)","-1","","","1","100",""
"24015507","0","2081","7","10","90039024","91211507","90039473","(17,10)","0","(10350001)","(0,0)","-1","","","1","100",""
"24015508","0","2081","8","10","90039025","91211507","90039473","(17,10)","0","(10350001)","(0,0)","-1","","","1","100",""
"24015509","0","2081","9","10","90039024","91211507","90039473","(17,10)","0","(10350001)","(0,0)","-1","","","1","100",""
"24015510","0","2081","10","10","90039025","91211507","90039473","(17,10)","0","(10350001)","(0,0)","-1","","","1","100",""
"24015601","2","2091","1","3","90039109","91211672","90039559","(22,20)","0","(0,0)","(38001,13038002)","-1","","","0","250","(0,200)"
"24015602","2","2091","2","3","90039110","91211672","90039560","(22,20)","0","(0,0)","(38001,13038003)","-1","","","0","250",""
"24015603","2","2091","3","3","90039111","91211672","90039561","(22,20)","0","(0,0)","(38001,13038004)","-1","","","0","250",""
"24015701","2","2101","1","10","90039112","91211673","90039562","(22,5)","0","(10370017)","(0,0)","-1","","","1","75","(0,200)"
"24015702","2","2101","2","10","90039113","91211673","90039562","(22,5)","0","(10370017)","(0,0)","-1","","","1","75",""
"24015703","2","2101","3","10","90039114","91211673","90039562","(22,5)","0","(10370017)","(0,0)","-1","","","1","75",""
"24015704","2","2101","4","10","90039112","91211673","90039562","(22,5)","0","(10370017)","(0,0)","-1","","","1","75",""
"24015705","2","2101","5","10","90039113","91211673","90039562","(22,5)","0","(10370017)","(0,0)","-1","","","1","75",""
"24015706","2","2101","6","10","90039114","91211673","90039562","(22,5)","0","(10370017)","(0,0)","-1","","","1","75",""
"24015707","2","2101","7","10","90039114","91211673","90039562","(22,5)","0","(10370017)","(0,0)","-1","","","1","75",""
"24015708","2","2101","8","10","90039112","91211673","90039562","(22,5)","0","(10370017)","(0,0)","-1","","","1","75",""
"24015709","2","2101","9","10","90039113","91211673","90039562","(22,5)","0","(10370017)","(0,0)","-1","","","1","75",""
"24015710","2","2101","10","10","90039114","91211673","90039562","(22,5)","0","(10370017)","(0,0)","-1","","","1","75",""
"24015801","2","2111","1","10","90039115","91211674","90039565","(22,5)","0","(10340018)","(0,0)","-1","","","1","75","(0,200)"
"24015802","2","2111","2","10","90039116","91211674","90039565","(22,5)","0","(10340018)","(0,0)","-1","","","1","75",""
"24015803","2","2111","3","10","90039117","91211674","90039565","(22,5)","0","(10340018)","(0,0)","-1","","","1","75",""
"24015804","2","2111","4","10","90039115","91211674","90039565","(22,5)","0","(10340018)","(0,0)","-1","","","1","75",""
"24015805","2","2111","5","10","90039116","91211674","90039565","(22,5)","0","(10340018)","(0,0)","-1","","","1","75",""
"24015806","2","2111","6","10","90039117","91211674","90039565","(22,5)","0","(10340018)","(0,0)","-1","","","1","75",""
"24015807","2","2111","7","10","90039117","91211674","90039565","(22,5)","0","(10340018)","(0,0)","-1","","","1","75",""
"24015808","2","2111","8","10","90039115","91211674","90039565","(22,5)","0","(10340018)","(0,0)","-1","","","1","75",""
"24015809","2","2111","9","10","90039116","91211674","90039565","(22,5)","0","(10340018)","(0,0)","-1","","","1","75",""
"24015810","2","2111","10","10","90039117","91211674","90039565","(22,5)","0","(10340018)","(0,0)","-1","","","1","75",""
"24015901","2","2121","1","1","90039118","91211675","90039568","(22,50)","24015603","(0,0)","(38011,13038012)","-1","","","0","750",""
"24016001","2","2131","1","1","90039119","91211676","90039569","(22,50)","24015710","(0,0)","(31001,13031002)","-1","","","0","750",""
"24016101","2","2141","1","3","90039120","91211677","90039570","(22,15)","24015810","(0,0)","(33001,13033005)","-1","","","0","250",""
"24016102","2","2141","2","3","90039121","91211677","90039571","(22,15)","0","(0,0)","(33001,13033006)","-1","","","0","250",""
"24016103","2","2141","3","3","90039122","91211677","90039572","(22,20)","0","(0,0)","(33001,13033007)","-1","","","0","250",""
"24017101","2","2151","1","1","90039123","91211678","90039573","(22,70)","24015901","(0,0)","(38021,13038022)","-1","","","0","750",""
"24017201","2","2161","1","10","90039124","91211679","90039574","(22,5)","24016001","(10340080)","(0,0)","-1","","","1","75",""
"24017202","2","2161","2","10","90039125","91211679","90039574","(22,5)","0","(10340080)","(0,0)","-1","","","1","75",""
"24017203","2","2161","3","10","90039126","91211679","90039574","(22,5)","0","(10340080)","(0,0)","-1","","","1","75",""
"24017204","2","2161","4","10","90039124","91211679","90039574","(22,5)","0","(10340080)","(0,0)","-1","","","1","75",""
"24017205","2","2161","5","10","90039125","91211679","90039574","(22,5)","0","(10340080)","(0,0)","-1","","","1","75",""
"24017206","2","2161","6","10","90039126","91211679","90039574","(22,5)","0","(10340080)","(0,0)","-1","","","1","75",""
"24017207","2","2161","7","10","90039126","91211679","90039574","(22,5)","0","(10340080)","(0,0)","-1","","","1","75",""
"24017208","2","2161","8","10","90039124","91211679","90039574","(22,5)","0","(10340080)","(0,0)","-1","","","1","75",""
"24017209","2","2161","9","10","90039125","91211679","90039574","(22,5)","0","(10340080)","(0,0)","-1","","","1","75",""
"24017210","2","2161","10","10","90039126","91211679","90039574","(22,5)","0","(10340080)","(0,0)","-1","","","1","75",""
"24017301","2","4451","1","1","90039411","91211751","90039903","(22,50)","24016103","(0,0)","(33001,13033008)","-1","","","0","750",""
"24017302","2","4451","2","3","90039411","91211751","90039904","(22,30)","0","(0,0)","(33001,13033009)","-1","","","0","",""
"24017303","2","4451","3","3","90039411","91211751","90039905","(22,30)","0","(0,0)","(33001,13033010)","-1","","","0","",""
"24017401","1","2171","1","1","90039127","91211681","90039577","(22,50)","0","(0,0)","(38041,13038042)","-1","","","0","750","(0,200)"
"24017501","1","2181","1","10","90039128","91211682","90039578","(22,5)","0","(10370018)","(0,0)","-1","","","1","75","(0,200)"
"24017502","1","2181","2","10","90039129","91211682","90039578","(22,5)","0","(10370018)","(0,0)","-1","","","1","75",""
"24017503","1","2181","3","10","90039130","91211682","90039578","(22,5)","0","(10370018)","(0,0)","-1","","","1","75",""
"24017504","1","2181","4","10","90039128","91211682","90039578","(22,5)","0","(10370018)","(0,0)","-1","","","1","75",""
"24017505","1","2181","5","10","90039129","91211682","90039578","(22,5)","0","(10370018)","(0,0)","-1","","","1","75",""
"24017506","1","2181","6","10","90039130","91211682","90039578","(22,5)","0","(10370018)","(0,0)","-1","","","1","75",""
"24017507","1","2181","7","10","90039130","91211682","90039578","(22,5)","0","(10370018)","(0,0)","-1","","","1","75",""
"24017508","1","2181","8","10","90039128","91211682","90039578","(22,5)","0","(10370018)","(0,0)","-1","","","1","75",""
"24017509","1","2181","9","10","90039129","91211682","90039578","(22,5)","0","(10370018)","(0,0)","-1","","","1","75",""
"24017510","1","2181","10","10","90039130","91211682","90039578","(22,5)","0","(10370018)","(0,0)","-1","","","1","75",""
"24017601","1","2191","1","3","90039131","91211683","90039581","(22,15)","0","(0,0)","(31001,13031009)","-1","","","0","250","(0,200)"
"24017602","1","2191","2","3","90039132","91211683","90039582","(22,15)","0","(0,0)","(31001,13031010)","-1","","","0","250",""
"24017603","1","2191","3","3","90039133","91211683","90039583","(22,20)","0","(0,0)","(31001,13031011)","-1","","","0","250",""
"24017701","1","2201","1","3","90039134","91211684","90039584","(22,15)","24017401","(0,0)","(38041,13038044)","-1","","","0","250",""
"24017702","1","2201","2","3","90039135","91211684","90039585","(22,15)","0","(0,0)","(38041,13038045)","-1","","","0","250",""
"24017703","1","2201","3","3","90039136","91211684","90039586","(22,20)","0","(0,0)","(38041,13038046)","-1","","","0","250",""
"24017801","1","2211","1","1","90039137","91211685","90039587","(22,15)","24017510","(0,0)","(32001,13032002)","-1","","","0","750",""
"24017901","1","2221","1","3","90039138","91211686","90039588","(22,15)","24017603","(0,0)","(33001,13033005)","-1","","","0","250",""
"24017902","1","2221","2","3","90039139","91211686","90039589","(22,20)","0","(0,0)","(33001,13033006)","-1","","","0","250",""
"24017903","1","2221","3","3","90039140","91211686","90039590","(22,20)","0","(0,0)","(33001,13033007)","-1","","","0","250",""
"24018001","1","2231","1","1","90039141","91211687","90039591","(22,50)","24017703","(0,0)","(38041,13038047)","-1","","","0","750",""
"24018101","1","2241","1","1","90039142","91211688","90039592","(22,50)","24017801","(0,0)","(38042,13038052)","-1","","","0","750",""
"24018201","1","4461","1","1","90039410","91211689","90039906","(22,50)","24017903","(0,0)","(31001,13031012)","-1","","","0","750",""
"24018301","3","2251","1","10","90075052","91211690","90077552","(22,5)","0","(10340053)","(0,0)","-1","","","1","75","(0,200)"
"24018302","3","2251","2","10","90075053","91211690","90077552","(22,5)","0","(10340053)","(0,0)","-1","","","1","75",""
"24018303","3","2251","3","10","90075054","91211690","90077552","(22,5)","0","(10340053)","(0,0)","-1","","","1","75",""
"24018304","3","2251","4","10","90075052","91211690","90077552","(22,5)","0","(10340053)","(0,0)","-1","","","1","75",""
"24018305","3","2251","5","10","90075053","91211690","90077552","(22,5)","0","(10340053)","(0,0)","-1","","","1","75",""
"24018306","3","2251","6","10","90075054","91211690","90077552","(22,5)","0","(10340053)","(0,0)","-1","","","1","75",""
"24018307","3","2251","7","10","90075054","91211690","90077552","(22,5)","0","(10340053)","(0,0)","-1","","","1","75",""
"24018308","3","2251","8","10","90075052","91211690","90077552","(22,5)","0","(10340053)","(0,0)","-1","","","1","75",""
"24018309","3","2251","9","10","90075053","91211690","90077552","(22,5)","0","(10340053)","(0,0)","-1","","","1","75",""
"24018310","3","2251","10","10","90075054","91211690","90077552","(22,5)","0","(10340053)","(0,0)","-1","","","1","75",""
"24018401","3","2261","1","10","90075055","91211691","90077555","(22,5)","0","(10340056)","(0,0)","-1","","","1","75","(0,200)"
"24018402","3","2261","2","10","90075056","91211691","90077555","(22,5)","0","(10340056)","(0,0)","-1","","","1","75",""
"24018403","3","2261","3","10","90075057","91211691","90077555","(22,5)","0","(10340056)","(0,0)","-1","","","1","75",""
"24018404","3","2261","4","10","90075055","91211691","90077555","(22,5)","0","(10340056)","(0,0)","-1","","","1","75",""
"24018405","3","2261","5","10","90075056","91211691","90077555","(22,5)","0","(10340056)","(0,0)","-1","","","1","75",""
"24018406","3","2261","6","10","90075057","91211691","90077555","(22,5)","0","(10340056)","(0,0)","-1","","","1","75",""
"24018407","3","2261","7","10","90075057","91211691","90077555","(22,5)","0","(10340056)","(0,0)","-1","","","1","75",""
"24018408","3","2261","8","10","90075055","91211691","90077555","(22,5)","0","(10340056)","(0,0)","-1","","","1","75",""
"24018409","3","2261","9","10","90075056","91211691","90077555","(22,5)","0","(10340056)","(0,0)","-1","","","1","75",""
"24018410","3","2261","10","10","90075057","91211691","90077555","(22,5)","0","(10340056)","(0,0)","-1","","","1","75",""
"24018501","3","2271","1","10","90075058","91211692","90077558","(22,5)","0","(10370019)","(0,0)","-1","","","1","75","(0,200)"
"24018502","3","2271","2","10","90075059","91211692","90077558","(22,5)","0","(10370019)","(0,0)","-1","","","1","75",""
"24018503","3","2271","3","10","90075060","91211692","90077558","(22,5)","0","(10370019)","(0,0)","-1","","","1","75",""
"24018504","3","2271","4","10","90075058","91211692","90077558","(22,5)","0","(10370019)","(0,0)","-1","","","1","75",""
"24018505","3","2271","5","10","90075059","91211692","90077558","(22,5)","0","(10370019)","(0,0)","-1","","","1","75",""
"24018506","3","2271","6","10","90075060","91211692","90077558","(22,5)","0","(10370019)","(0,0)","-1","","","1","75",""
"24018507","3","2271","7","10","90075060","91211692","90077558","(22,5)","0","(10370019)","(0,0)","-1","","","1","75",""
"24018508","3","2271","8","10","90075058","91211692","90077558","(22,5)","0","(10370019)","(0,0)","-1","","","1","75",""
"24018509","3","2271","9","10","90075059","91211692","90077558","(22,5)","0","(10370019)","(0,0)","-1","","","1","75",""
"24018510","3","2271","10","10","90075060","91211692","90077558","(22,5)","0","(10370019)","(0,0)","-1","","","1","75",""
"24018601","3","2281","1","3","90075061","91211693","90077561","(22,15)","24018310","(0,0)","(38061,13038092)","-1","","","0","250",""
"24018602","3","2281","2","3","90075062","91211693","90077562","(22,15)","0","(0,0)","(38061,13038093)","-1","","","0","250",""
"24018603","3","2281","3","3","90075063","91211693","90077563","(22,20)","0","(0,0)","(38061,13038094)","-1","","","0","250",""
"24018701","3","2291","1","4","90075064","91211694","90077564","(22,12)","24018403","(0,0)","(38051,13038082)","-1","","","0","188",""
"24018702","3","2291","2","4","90075065","91211694","90077565","(22,12)","0","(0,0)","(38051,13038083)","-1","","","0","188",""
"24018703","3","2291","3","4","90075066","91211694","90077566","(22,12)","0","(0,0)","(38051,13038084)","-1","","","0","188",""
"24018704","3","2291","4","4","90075067","91211694","90077567","(22,14)","0","(0,0)","(38051,13038085)","-1","","","0","188",""
"24018801","3","2301","1","10","90075068","91211674","90077568","(22,5)","24018510","(10340018)","(0,0)","-1","","","1","75",""
"24018802","3","2301","2","10","90075069","91211674","90077568","(22,5)","0","(10340018)","(0,0)","-1","","","1","75",""
"24018803","3","2301","3","10","90075070","91211674","90077568","(22,5)","0","(10340018)","(0,0)","-1","","","1","75",""
"24018804","3","2301","4","10","90075068","91211674","90077568","(22,5)","0","(10340018)","(0,0)","-1","","","1","75",""
"24018805","3","2301","5","10","90075069","91211674","90077568","(22,5)","0","(10340018)","(0,0)","-1","","","1","75",""
"24018806","3","2301","6","10","90075070","91211674","90077568","(22,5)","0","(10340018)","(0,0)","-1","","","1","75",""
"24018807","3","2301","7","10","90075070","91211674","90077568","(22,5)","0","(10340018)","(0,0)","-1","","","1","75",""
"24018808","3","2301","8","10","90075068","91211674","90077568","(22,5)","0","(10340018)","(0,0)","-1","","","1","75",""
"24018809","3","2301","9","10","90075069","91211674","90077568","(22,5)","0","(10340018)","(0,0)","-1","","","1","75",""
"24018810","3","2301","10","10","90075070","91211674","90077568","(22,5)","0","(10340018)","(0,0)","-1","","","1","75",""
"24018901","3","2311","1","3","90075071","91211696","90077571","(22,15)","24018603","(0,0)","(38061,13038095)","-1","","","0","250",""
"24018902","3","2311","2","3","90075072","91211696","90077572","(22,15)","0","(0,0)","(38061,13038096)","-1","","","0","250",""
"24018903","3","2311","3","3","90075073","91211696","90077573","(22,20)","0","(0,0)","(38061,13038097)","-1","","","0","250",""
"24019001","3","2321","1","3","90075074","91211697","90077574","(22,15)","24018704","(0,0)","(38071,13038102)","-1","","","0","250",""
"24019002","3","2321","2","3","90075075","91211697","90077575","(22,15)","0","(0,0)","(38071,13038103)","-1","","","0","250",""
"24019003","3","2321","3","3","90075076","91211697","90077576","(22,20)","0","(0,0)","(38071,13038104)","-1","","","0","250",""
"24019101","3","2331","1","1","90075077","91211680","90077579","(22,50)","24018810","(0,0)","(33001,13033002)","-1","","","0","750",""
"24019102","3","2331","2","3","90075078","91211680","90077578","(22,7)","0","(0,0)","(0,0)","-1","","","0","",""
"24019103","3","2331","3","3","90075079","91211680","90077579","(22,7)","0","(0,0)","(0,0)","-1","","","0","",""
"24019201","4","2341","1","10","90075080","91211699","90077580","(22,5)","0","(10340059)","(0,0)","-1","","","1","75","(0,200)"
"24019202","4","2341","2","10","90075081","91211699","90077580","(22,5)","0","(10340059)","(0,0)","-1","","","1","75",""
"24019203","4","2341","3","10","90075082","91211699","90077580","(22,5)","0","(10340059)","(0,0)","-1","","","1","75",""
"24019204","4","2341","4","10","90075083","91211699","90077580","(22,5)","0","(10340059)","(0,0)","-1","","","1","75",""
"24019205","4","2341","5","10","90075080","91211699","90077580","(22,5)","0","(10340059)","(0,0)","-1","","","1","75",""
"24019206","4","2341","6","10","90075081","91211699","90077580","(22,5)","0","(10340059)","(0,0)","-1","","","1","75",""
"24019207","4","2341","7","10","90075082","91211699","90077580","(22,5)","0","(10340059)","(0,0)","-1","","","1","75",""
"24019208","4","2341","8","10","90075083","91211699","90077580","(22,5)","0","(10340059)","(0,0)","-1","","","1","75",""
"24019209","4","2341","9","10","90075082","91211699","90077580","(22,5)","0","(10340059)","(0,0)","-1","","","1","75",""
"24019210","4","2341","10","10","90075083","91211699","90077580","(22,5)","0","(10340059)","(0,0)","-1","","","1","75",""
"24019301","4","2351","1","10","90075084","91211700","90077584","(22,5)","0","(10370020)","(0,0)","-1","","","1","75","(0,200)"
"24019302","4","2351","2","10","90075085","91211700","90077584","(22,5)","0","(10370020)","(0,0)","-1","","","1","75",""
"24019303","4","2351","3","10","90075086","91211700","90077584","(22,5)","0","(10370020)","(0,0)","-1","","","1","75",""
"24019304","4","2351","4","10","90075084","91211700","90077584","(22,5)","0","(10370020)","(0,0)","-1","","","1","75",""
"24019305","4","2351","5","10","90075085","91211700","90077584","(22,5)","0","(10370020)","(0,0)","-1","","","1","75",""
"24019306","4","2351","6","10","90075086","91211700","90077584","(22,5)","0","(10370020)","(0,0)","-1","","","1","75",""
"24019307","4","2351","7","10","90075086","91211700","90077584","(22,5)","0","(10370020)","(0,0)","-1","","","1","75",""
"24019308","4","2351","8","10","90075084","91211700","90077584","(22,5)","0","(10370020)","(0,0)","-1","","","1","75",""
"24019309","4","2351","9","10","90075085","91211700","90077584","(22,5)","0","(10370020)","(0,0)","-1","","","1","75",""
"24019310","4","2351","10","10","90075086","91211700","90077584","(22,5)","0","(10370020)","(0,0)","-1","","","1","75",""
"24019401","4","2361","1","10","90075087","91211701","90077587","(22,5)","0","(10370021)","(0,0)","-1","","","1","75","(0,200)"
"24019402","4","2361","2","10","90075088","91211701","90077587","(22,5)","0","(10370021)","(0,0)","-1","","","1","75",""
"24019403","4","2361","3","10","90075089","91211701","90077587","(22,5)","0","(10370021)","(0,0)","-1","","","1","75",""
"24019404","4","2361","4","10","90075087","91211701","90077587","(22,5)","0","(10370021)","(0,0)","-1","","","1","75",""
"24019405","4","2361","5","10","90075088","91211701","90077587","(22,5)","0","(10370021)","(0,0)","-1","","","1","75",""
"24019406","4","2361","6","10","90075089","91211701","90077587","(22,5)","0","(10370021)","(0,0)","-1","","","1","75",""
"24019407","4","2361","7","10","90075089","91211701","90077587","(22,5)","0","(10370021)","(0,0)","-1","","","1","75",""
"24019408","4","2361","8","10","90075087","91211701","90077587","(22,5)","0","(10370021)","(0,0)","-1","","","1","75",""
"24019409","4","2361","9","10","90075088","91211701","90077587","(22,5)","0","(10370021)","(0,0)","-1","","","1","75",""
"24019410","4","2361","10","10","90075089","91211701","90077587","(22,5)","0","(10370021)","(0,0)","-1","","","1","75",""
"24019501","4","2371","1","3","90075090","91211702","90077590","(22,15)","24019210","(0,0)","(38091,13038122)","-1","","","0","250",""
"24019502","4","2371","2","3","90075091","91211702","90077591","(22,15)","0","(0,0)","(38091,13038123)","-1","","","0","250",""
"24019503","4","2371","3","3","90075092","91211702","90077592","(22,20)","0","(0,0)","(38091,13038124)","-1","","","0","250",""
"24019601","4","2381","1","10","90075093","91211703","90077593","(22,5)","24019310","(10340063)","(0,0)","-1","","","1","75",""
"24019602","4","2381","2","10","90075094","91211703","90077593","(22,5)","0","(10340063)","(0,0)","-1","","","1","75",""
"24019603","4","2381","3","10","90075095","91211703","90077593","(22,5)","0","(10340063)","(0,0)","-1","","","1","75",""
"24019604","4","2381","4","10","90075096","91211703","90077593","(22,5)","0","(10340063)","(0,0)","-1","","","1","75",""
"24019605","4","2381","5","10","90075093","91211703","90077593","(22,5)","0","(10340063)","(0,0)","-1","","","1","75",""
"24019606","4","2381","6","10","90075094","91211703","90077593","(22,5)","0","(10340063)","(0,0)","-1","","","1","75",""
"24019607","4","2381","7","10","90075095","91211703","90077593","(22,5)","0","(10340063)","(0,0)","-1","","","1","75",""
"24019608","4","2381","8","10","90075096","91211703","90077593","(22,5)","0","(10340063)","(0,0)","-1","","","1","75",""
"24019609","4","2381","9","10","90075095","91211703","90077593","(22,5)","0","(10340063)","(0,0)","-1","","","1","75",""
"24019610","4","2381","10","10","90075096","91211703","90077593","(22,5)","0","(10340063)","(0,0)","-1","","","1","75",""
"24019701","4","2391","1","10","90075097","91211749","90077597","(22,5)","24019410","(10340015)","(0,0)","-1","","","1","75",""
"24019702","4","2391","2","10","90075098","91211749","90077597","(22,5)","0","(10340015)","(0,0)","-1","","","1","75",""
"24019703","4","2391","3","10","90075099","91211749","90077597","(22,5)","0","(10340015)","(0,0)","-1","","","1","75",""
"24019704","4","2391","4","10","90075097","91211749","90077597","(22,5)","0","(10340015)","(0,0)","-1","","","1","75",""
"24019705","4","2391","5","10","90075098","91211749","90077597","(22,5)","0","(10340015)","(0,0)","-1","","","1","75",""
"24019706","4","2391","6","10","90075099","91211749","90077597","(22,5)","0","(10340015)","(0,0)","-1","","","1","75",""
"24019707","4","2391","7","10","90075099","91211749","90077597","(22,5)","0","(10340015)","(0,0)","-1","","","1","75",""
"24019708","4","2391","8","10","90075097","91211749","90077597","(22,5)","0","(10340015)","(0,0)","-1","","","1","75",""
"24019709","4","2391","9","10","90075098","91211749","90077597","(22,5)","0","(10340015)","(0,0)","-1","","","1","75",""
"24019710","4","2391","10","10","90075099","91211749","90077597","(22,5)","0","(10340015)","(0,0)","-1","","","1","75",""
"24019801","4","2401","1","1","90075100","91211705","90077600","(22,50)","24019503","(0,0)","(38091,13038125)","-1","","","0","750",""
"24019901","4","2411","1","1","90075101","91211706","90077601","(22,50)","24019610","(0,0)","(31001,13031006)","-1","","","0","750",""
"24019902","4","2411","2","3","90075102","91211706","90077602","(22,7)","0","(0,0)","(0,0)","-1","","","0","",""
"24019903","4","2411","3","3","90075103","91211706","90077603","(22,7)","0","(0,0)","(0,0)","-1","","","0","",""
"24020001","4","2421","1","1","90075104","91211707","90077604","(22,50)","24019710","(0,0)","(32001,13032004)","-1","","","0","750",""
"24020002","4","2421","2","3","90075105","91211707","90077605","(22,7)","0","(0,0)","(0,0)","-1","","","0","",""
"24020003","4","2421","3","3","90075106","91211707","90077606","(22,7)","0","(0,0)","(0,0)","-1","","","0","",""
"24021101","0","3001","1","50","90039182","91211576","90039632","(17,2)","0","(10025800)","(0,0)","-1","","","1","",""
"24021102","0","3001","2","50","90039183","91211576","90039632","(17,2)","0","(10025800)","(0,0)","-1","","","1","",""
"24021103","0","3001","3","50","90039184","91211576","90039632","(17,2)","0","(10025800)","(0,0)","-1","","","1","",""
"24021104","0","3001","4","50","90039185","91211576","90039632","(17,2)","0","(10025800)","(0,0)","-1","","","1","",""
"24021105","0","3001","5","50","90039186","91211576","90039632","(17,2)","0","(10025800)","(0,0)","-1","","","1","",""
"24021106","0","3001","6","50","90039187","91211576","90039632","(17,2)","0","(10025800)","(0,0)","-1","","","1","",""
"24021107","0","3001","7","50","90039188","91211576","90039632","(17,2)","0","(10025800)","(0,0)","-1","","","1","",""
"24021108","0","3001","8","50","90039189","91211576","90039632","(17,2)","0","(10025800)","(0,0)","-1","","","1","",""
"24021109","0","3001","9","50","90039190","91211576","90039632","(17,2)","0","(10025800)","(0,0)","-1","","","1","",""
"24021110","0","3001","10","50","90039191","91211576","90039632","(17,2)","0","(10025800)","(0,0)","-1","","","1","",""
"24021111","0","3001","11","50","90039182","91211576","90039632","(17,2)","0","(10025800)","(0,0)","-1","","","1","",""
"24021112","0","3001","12","50","90039183","91211576","90039632","(17,2)","0","(10025800)","(0,0)","-1","","","1","",""
"24021113","0","3001","13","50","90039184","91211576","90039632","(17,2)","0","(10025800)","(0,0)","-1","","","1","",""
"24021114","0","3001","14","50","90039185","91211576","90039632","(17,2)","0","(10025800)","(0,0)","-1","","","1","",""
"24021115","0","3001","15","50","90039186","91211576","90039632","(17,2)","0","(10025800)","(0,0)","-1","","","1","",""
"24021116","0","3001","16","50","90039187","91211576","90039632","(17,2)","0","(10025800)","(0,0)","-1","","","1","",""
"24021117","0","3001","17","50","90039188","91211576","90039632","(17,2)","0","(10025800)","(0,0)","-1","","","1","",""
"24021118","0","3001","18","50","90039189","91211576","90039632","(17,2)","0","(10025800)","(0,0)","-1","","","1","",""
"24021119","0","3001","19","50","90039190","91211576","90039632","(17,2)","0","(10025800)","(0,0)","-1","","","1","",""
"24021120","0","3001","20","50","90039191","91211576","90039632","(17,2)","0","(10025800)","(0,0)","-1","","","1","",""
"24021121","0","3001","21","50","90039182","91211576","90039632","(17,2)","0","(10025800)","(0,0)","-1","","","1","",""
"24021122","0","3001","22","50","90039183","91211576","90039632","(17,2)","0","(10025800)","(0,0)","-1","","","1","",""
"24021123","0","3001","23","50","90039184","91211576","90039632","(17,2)","0","(10025800)","(0,0)","-1","","","1","",""
"24021124","0","3001","24","50","90039185","91211576","90039632","(17,2)","0","(10025800)","(0,0)","-1","","","1","",""
"24021125","0","3001","25","50","90039186","91211576","90039632","(17,2)","0","(10025800)","(0,0)","-1","","","1","",""
"24021126","0","3001","26","50","90039187","91211576","90039632","(17,2)","0","(10025800)","(0,0)","-1","","","1","",""
"24021127","0","3001","27","50","90039188","91211576","90039632","(17,2)","0","(10025800)","(0,0)","-1","","","1","",""
"24021128","0","3001","28","50","90039189","91211576","90039632","(17,2)","0","(10025800)","(0,0)","-1","","","1","",""
"24021129","0","3001","29","50","90039190","91211576","90039632","(17,2)","0","(10025800)","(0,0)","-1","","","1","",""
"24021130","0","3001","30","50","90039191","91211576","90039632","(17,2)","0","(10025800)","(0,0)","-1","","","1","",""
"24021131","0","3001","31","50","90039182","91211576","90039632","(17,2)","0","(10025800)","(0,0)","-1","","","1","",""
"24021132","0","3001","32","50","90039183","91211576","90039632","(17,2)","0","(10025800)","(0,0)","-1","","","1","",""
"24021133","0","3001","33","50","90039184","91211576","90039632","(17,2)","0","(10025800)","(0,0)","-1","","","1","",""
"24021134","0","3001","34","50","90039185","91211576","90039632","(17,2)","0","(10025800)","(0,0)","-1","","","1","",""
"24021135","0","3001","35","50","90039186","91211576","90039632","(17,2)","0","(10025800)","(0,0)","-1","","","1","",""
"24021136","0","3001","36","50","90039187","91211576","90039632","(17,2)","0","(10025800)","(0,0)","-1","","","1","",""
"24021137","0","3001","37","50","90039188","91211576","90039632","(17,2)","0","(10025800)","(0,0)","-1","","","1","",""
"24021138","0","3001","38","50","90039189","91211576","90039632","(17,2)","0","(10025800)","(0,0)","-1","","","1","",""
"24021139","0","3001","39","50","90039190","91211576","90039632","(17,2)","0","(10025800)","(0,0)","-1","","","1","",""
"24021140","0","3001","40","50","90039191","91211576","90039632","(17,2)","0","(10025800)","(0,0)","-1","","","1","",""
"24021141","0","3001","41","50","90039182","91211576","90039632","(17,2)","0","(10025800)","(0,0)","-1","","","1","",""
"24021142","0","3001","42","50","90039183","91211576","90039632","(17,2)","0","(10025800)","(0,0)","-1","","","1","",""
"24021143","0","3001","43","50","90039184","91211576","90039632","(17,2)","0","(10025800)","(0,0)","-1","","","1","",""
"24021144","0","3001","44","50","90039185","91211576","90039632","(17,2)","0","(10025800)","(0,0)","-1","","","1","",""
"24021145","0","3001","45","50","90039186","91211576","90039632","(17,2)","0","(10025800)","(0,0)","-1","","","1","",""
"24021146","0","3001","46","50","90039187","91211576","90039632","(17,2)","0","(10025800)","(0,0)","-1","","","1","",""
"24021147","0","3001","47","50","90039188","91211576","90039632","(17,2)","0","(10025800)","(0,0)","-1","","","1","",""
"24021148","0","3001","48","50","90039189","91211576","90039632","(17,2)","0","(10025800)","(0,0)","-1","","","1","",""
"24021149","0","3001","49","50","90039190","91211576","90039632","(17,2)","0","(10025800)","(0,0)","-1","","","1","",""
"24021150","0","3001","50","50","90039191","91211576","90039632","(17,2)","0","(10025800)","(0,0)","-1","","","1","",""
"24021201","0","3011","1","25","90039324","91211509","90039814","(17,2)","0","(10025810)","(0,0)","-1","","","1","",""
"24021202","0","3011","2","25","90039325","91211509","90039814","(17,2)","0","(10025810)","(0,0)","-1","","","1","",""
"24021203","0","3011","3","25","90039326","91211509","90039814","(17,2)","0","(10025810)","(0,0)","-1","","","1","",""
"24021204","0","3011","4","25","90039327","91211509","90039814","(17,2)","0","(10025810)","(0,0)","-1","","","1","",""
"24021205","0","3011","5","25","90039328","91211509","90039814","(17,2)","0","(10025810)","(0,0)","-1","","","1","",""
"24021206","0","3011","6","25","90039329","91211509","90039814","(17,2)","0","(10025810)","(0,0)","-1","","","1","",""
"24021207","0","3011","7","25","90039330","91211509","90039814","(17,2)","0","(10025810)","(0,0)","-1","","","1","",""
"24021208","0","3011","8","25","90039331","91211509","90039814","(17,2)","0","(10025810)","(0,0)","-1","","","1","",""
"24021209","0","3011","9","25","90039332","91211509","90039814","(17,2)","0","(10025810)","(0,0)","-1","","","1","",""
"24021210","0","3011","10","25","90039333","91211509","90039814","(17,2)","0","(10025810)","(0,0)","-1","","","1","",""
"24021211","0","3011","11","25","90039324","91211509","90039814","(17,2)","0","(10025810)","(0,0)","-1","","","1","",""
"24021212","0","3011","12","25","90039325","91211509","90039814","(17,2)","0","(10025810)","(0,0)","-1","","","1","",""
"24021213","0","3011","13","25","90039326","91211509","90039814","(17,2)","0","(10025810)","(0,0)","-1","","","1","",""
"24021214","0","3011","14","25","90039327","91211509","90039814","(17,2)","0","(10025810)","(0,0)","-1","","","1","",""
"24021215","0","3011","15","25","90039328","91211509","90039814","(17,2)","0","(10025810)","(0,0)","-1","","","1","",""
"24021216","0","3011","16","25","90039329","91211509","90039814","(17,2)","0","(10025810)","(0,0)","-1","","","1","",""
"24021217","0","3011","17","25","90039330","91211509","90039814","(17,2)","0","(10025810)","(0,0)","-1","","","1","",""
"24021218","0","3011","18","25","90039331","91211509","90039814","(17,2)","0","(10025810)","(0,0)","-1","","","1","",""
"24021219","0","3011","19","25","90039332","91211509","90039814","(17,2)","0","(10025810)","(0,0)","-1","","","1","",""
"24021220","0","3011","20","25","90039333","91211509","90039814","(17,2)","0","(10025810)","(0,0)","-1","","","1","",""
"24021221","0","3011","21","25","90039329","91211509","90039814","(17,2)","0","(10025810)","(0,0)","-1","","","1","",""
"24021222","0","3011","22","25","90039330","91211509","90039814","(17,2)","0","(10025810)","(0,0)","-1","","","1","",""
"24021223","0","3011","23","25","90039331","91211509","90039814","(17,2)","0","(10025810)","(0,0)","-1","","","1","",""
"24021224","0","3011","24","25","90039332","91211509","90039814","(17,2)","0","(10025810)","(0,0)","-1","","","1","",""
"24021225","0","3011","25","25","90039333","91211509","90039814","(17,2)","0","(10025810)","(0,0)","-1","","","1","",""
"24021301","0","3021","1","25","90039334","91211502","90039824","(17,2)","0","(10025820)","(0,0)","-1","","","1","",""
"24021302","0","3021","2","25","90039335","91211502","90039824","(17,2)","0","(10025820)","(0,0)","-1","","","1","",""
"24021303","0","3021","3","25","90039336","91211502","90039824","(17,2)","0","(10025820)","(0,0)","-1","","","1","",""
"24021304","0","3021","4","25","90039337","91211502","90039824","(17,2)","0","(10025820)","(0,0)","-1","","","1","",""
"24021305","0","3021","5","25","90039338","91211502","90039824","(17,2)","0","(10025820)","(0,0)","-1","","","1","",""
"24021306","0","3021","6","25","90039339","91211502","90039824","(17,2)","0","(10025820)","(0,0)","-1","","","1","",""
"24021307","0","3021","7","25","90039340","91211502","90039824","(17,2)","0","(10025820)","(0,0)","-1","","","1","",""
"24021308","0","3021","8","25","90039341","91211502","90039824","(17,2)","0","(10025820)","(0,0)","-1","","","1","",""
"24021309","0","3021","9","25","90039342","91211502","90039824","(17,2)","0","(10025820)","(0,0)","-1","","","1","",""
"24021310","0","3021","10","25","90039343","91211502","90039824","(17,2)","0","(10025820)","(0,0)","-1","","","1","",""
"24021311","0","3021","11","25","90039334","91211502","90039824","(17,2)","0","(10025820)","(0,0)","-1","","","1","",""
"24021312","0","3021","12","25","90039335","91211502","90039824","(17,2)","0","(10025820)","(0,0)","-1","","","1","",""
"24021313","0","3021","13","25","90039336","91211502","90039824","(17,2)","0","(10025820)","(0,0)","-1","","","1","",""
"24021314","0","3021","14","25","90039337","91211502","90039824","(17,2)","0","(10025820)","(0,0)","-1","","","1","",""
"24021315","0","3021","15","25","90039338","91211502","90039824","(17,2)","0","(10025820)","(0,0)","-1","","","1","",""
"24021316","0","3021","16","25","90039339","91211502","90039824","(17,2)","0","(10025820)","(0,0)","-1","","","1","",""
"24021317","0","3021","17","25","90039340","91211502","90039824","(17,2)","0","(10025820)","(0,0)","-1","","","1","",""
"24021318","0","3021","18","25","90039341","91211502","90039824","(17,2)","0","(10025820)","(0,0)","-1","","","1","",""
"24021319","0","3021","19","25","90039342","91211502","90039824","(17,2)","0","(10025820)","(0,0)","-1","","","1","",""
"24021320","0","3021","20","25","90039343","91211502","90039824","(17,2)","0","(10025820)","(0,0)","-1","","","1","",""
"24021321","0","3021","21","25","90039339","91211502","90039824","(17,2)","0","(10025820)","(0,0)","-1","","","1","",""
"24021322","0","3021","22","25","90039340","91211502","90039824","(17,2)","0","(10025820)","(0,0)","-1","","","1","",""
"24021323","0","3021","23","25","90039341","91211502","90039824","(17,2)","0","(10025820)","(0,0)","-1","","","1","",""
"24021324","0","3021","24","25","90039342","91211502","90039824","(17,2)","0","(10025820)","(0,0)","-1","","","1","",""
"24021325","0","3021","25","25","90039343","91211502","90039824","(17,2)","0","(10025820)","(0,0)","-1","","","1","",""
"24021401","0","3031","1","50","90039239","91211503","90039689","(17,3)","0","(10025830)","(0,0)","-1","","","1","","(0,120)"
"24021402","0","3031","2","50","90039240","91211503","90039689","(17,3)","0","(10025830)","(0,0)","-1","","","1","",""
"24021403","0","3031","3","50","90039241","91211503","90039689","(17,3)","0","(10025830)","(0,0)","-1","","","1","",""
"24021404","0","3031","4","50","90039242","91211503","90039689","(17,3)","0","(10025830)","(0,0)","-1","","","1","",""
"24021405","0","3031","5","50","90039243","91211503","90039689","(17,3)","0","(10025830)","(0,0)","-1","","","1","",""
"24021406","0","3031","6","50","90039244","91211503","90039689","(17,3)","0","(10025830)","(0,0)","-1","","","1","",""
"24021407","0","3031","7","50","90039245","91211503","90039689","(17,3)","0","(10025830)","(0,0)","-1","","","1","",""
"24021408","0","3031","8","50","90039246","91211503","90039689","(17,3)","0","(10025830)","(0,0)","-1","","","1","",""
"24021409","0","3031","9","50","90039247","91211503","90039689","(17,3)","0","(10025830)","(0,0)","-1","","","1","",""
"24021410","0","3031","10","50","90039248","91211503","90039689","(17,3)","0","(10025830)","(0,0)","-1","","","1","",""
"24021411","0","3031","11","50","90039239","91211503","90039689","(17,3)","0","(10025830)","(0,0)","-1","","","1","",""
"24021412","0","3031","12","50","90039240","91211503","90039689","(17,3)","0","(10025830)","(0,0)","-1","","","1","",""
"24021413","0","3031","13","50","90039241","91211503","90039689","(17,3)","0","(10025830)","(0,0)","-1","","","1","",""
"24021414","0","3031","14","50","90039242","91211503","90039689","(17,3)","0","(10025830)","(0,0)","-1","","","1","",""
"24021415","0","3031","15","50","90039243","91211503","90039689","(17,3)","0","(10025830)","(0,0)","-1","","","1","",""
"24021416","0","3031","16","50","90039244","91211503","90039689","(17,3)","0","(10025830)","(0,0)","-1","","","1","",""
"24021417","0","3031","17","50","90039245","91211503","90039689","(17,3)","0","(10025830)","(0,0)","-1","","","1","",""
"24021418","0","3031","18","50","90039246","91211503","90039689","(17,3)","0","(10025830)","(0,0)","-1","","","1","",""
"24021419","0","3031","19","50","90039247","91211503","90039689","(17,3)","0","(10025830)","(0,0)","-1","","","1","",""
"24021420","0","3031","20","50","90039248","91211503","90039689","(17,3)","0","(10025830)","(0,0)","-1","","","1","",""
"24021421","0","3031","21","50","90039239","91211503","90039689","(17,3)","0","(10025830)","(0,0)","-1","","","1","",""
"24021422","0","3031","22","50","90039240","91211503","90039689","(17,3)","0","(10025830)","(0,0)","-1","","","1","",""
"24021423","0","3031","23","50","90039241","91211503","90039689","(17,3)","0","(10025830)","(0,0)","-1","","","1","",""
"24021424","0","3031","24","50","90039242","91211503","90039689","(17,3)","0","(10025830)","(0,0)","-1","","","1","",""
"24021425","0","3031","25","50","90039243","91211503","90039689","(17,3)","0","(10025830)","(0,0)","-1","","","1","",""
"24021426","0","3031","26","50","90039244","91211503","90039689","(17,3)","0","(10025830)","(0,0)","-1","","","1","",""
"24021427","0","3031","27","50","90039245","91211503","90039689","(17,3)","0","(10025830)","(0,0)","-1","","","1","",""
"24021428","0","3031","28","50","90039246","91211503","90039689","(17,3)","0","(10025830)","(0,0)","-1","","","1","",""
"24021429","0","3031","29","50","90039247","91211503","90039689","(17,3)","0","(10025830)","(0,0)","-1","","","1","",""
"24021430","0","3031","30","50","90039248","91211503","90039689","(17,3)","0","(10025830)","(0,0)","-1","","","1","",""
"24021431","0","3031","31","50","90039239","91211503","90039689","(17,3)","0","(10025830)","(0,0)","-1","","","1","",""
"24021432","0","3031","32","50","90039240","91211503","90039689","(17,3)","0","(10025830)","(0,0)","-1","","","1","",""
"24021433","0","3031","33","50","90039241","91211503","90039689","(17,3)","0","(10025830)","(0,0)","-1","","","1","",""
"24021434","0","3031","34","50","90039242","91211503","90039689","(17,3)","0","(10025830)","(0,0)","-1","","","1","",""
"24021435","0","3031","35","50","90039243","91211503","90039689","(17,3)","0","(10025830)","(0,0)","-1","","","1","",""
"24021436","0","3031","36","50","90039244","91211503","90039689","(17,3)","0","(10025830)","(0,0)","-1","","","1","",""
"24021437","0","3031","37","50","90039245","91211503","90039689","(17,3)","0","(10025830)","(0,0)","-1","","","1","",""
"24021438","0","3031","38","50","90039246","91211503","90039689","(17,3)","0","(10025830)","(0,0)","-1","","","1","",""
"24021439","0","3031","39","50","90039247","91211503","90039689","(17,3)","0","(10025830)","(0,0)","-1","","","1","",""
"24021440","0","3031","40","50","90039248","91211503","90039689","(17,3)","0","(10025830)","(0,0)","-1","","","1","",""
"24021441","0","3031","41","50","90039239","91211503","90039689","(17,3)","0","(10025830)","(0,0)","-1","","","1","",""
"24021442","0","3031","42","50","90039240","91211503","90039689","(17,3)","0","(10025830)","(0,0)","-1","","","1","",""
"24021443","0","3031","43","50","90039241","91211503","90039689","(17,3)","0","(10025830)","(0,0)","-1","","","1","",""
"24021444","0","3031","44","50","90039242","91211503","90039689","(17,3)","0","(10025830)","(0,0)","-1","","","1","",""
"24021445","0","3031","45","50","90039243","91211503","90039689","(17,3)","0","(10025830)","(0,0)","-1","","","1","",""
"24021446","0","3031","46","50","90039244","91211503","90039689","(17,3)","0","(10025830)","(0,0)","-1","","","1","",""
"24021447","0","3031","47","50","90039245","91211503","90039689","(17,3)","0","(10025830)","(0,0)","-1","","","1","",""
"24021448","0","3031","48","50","90039246","91211503","90039689","(17,3)","0","(10025830)","(0,0)","-1","","","1","",""
"24021449","0","3031","49","50","90039247","91211503","90039689","(17,3)","0","(10025830)","(0,0)","-1","","","1","",""
"24021450","0","3031","50","50","90039248","91211503","90039689","(17,3)","0","(10025830)","(0,0)","-1","","","1","",""
"24021501","0","3041","1","50","90039202","91211510","90039652","(17,3)","0","(10025840)","(0,0)","-1","","","1","","(0,120)"
"24021502","0","3041","2","50","90039203","91211510","90039652","(17,3)","0","(10025840)","(0,0)","-1","","","1","",""
"24021503","0","3041","3","50","90039204","91211510","90039652","(17,3)","0","(10025840)","(0,0)","-1","","","1","",""
"24021504","0","3041","4","50","90039205","91211510","90039652","(17,3)","0","(10025840)","(0,0)","-1","","","1","",""
"24021505","0","3041","5","50","90039206","91211510","90039652","(17,3)","0","(10025840)","(0,0)","-1","","","1","",""
"24021506","0","3041","6","50","90039207","91211510","90039652","(17,3)","0","(10025840)","(0,0)","-1","","","1","",""
"24021507","0","3041","7","50","90039208","91211510","90039652","(17,3)","0","(10025840)","(0,0)","-1","","","1","",""
"24021508","0","3041","8","50","90039209","91211510","90039652","(17,3)","0","(10025840)","(0,0)","-1","","","1","",""
"24021509","0","3041","9","50","90039210","91211510","90039652","(17,3)","0","(10025840)","(0,0)","-1","","","1","",""
"24021510","0","3041","10","50","90039211","91211510","90039652","(17,3)","0","(10025840)","(0,0)","-1","","","1","",""
"24021511","0","3041","11","50","90039202","91211510","90039652","(17,3)","0","(10025840)","(0,0)","-1","","","1","",""
"24021512","0","3041","12","50","90039203","91211510","90039652","(17,3)","0","(10025840)","(0,0)","-1","","","1","",""
"24021513","0","3041","13","50","90039204","91211510","90039652","(17,3)","0","(10025840)","(0,0)","-1","","","1","",""
"24021514","0","3041","14","50","90039205","91211510","90039652","(17,3)","0","(10025840)","(0,0)","-1","","","1","",""
"24021515","0","3041","15","50","90039206","91211510","90039652","(17,3)","0","(10025840)","(0,0)","-1","","","1","",""
"24021516","0","3041","16","50","90039207","91211510","90039652","(17,3)","0","(10025840)","(0,0)","-1","","","1","",""
"24021517","0","3041","17","50","90039208","91211510","90039652","(17,3)","0","(10025840)","(0,0)","-1","","","1","",""
"24021518","0","3041","18","50","90039209","91211510","90039652","(17,3)","0","(10025840)","(0,0)","-1","","","1","",""
"24021519","0","3041","19","50","90039210","91211510","90039652","(17,3)","0","(10025840)","(0,0)","-1","","","1","",""
"24021520","0","3041","20","50","90039211","91211510","90039652","(17,3)","0","(10025840)","(0,0)","-1","","","1","",""
"24021521","0","3041","21","50","90039202","91211510","90039652","(17,3)","0","(10025840)","(0,0)","-1","","","1","",""
"24021522","0","3041","22","50","90039203","91211510","90039652","(17,3)","0","(10025840)","(0,0)","-1","","","1","",""
"24021523","0","3041","23","50","90039204","91211510","90039652","(17,3)","0","(10025840)","(0,0)","-1","","","1","",""
"24021524","0","3041","24","50","90039205","91211510","90039652","(17,3)","0","(10025840)","(0,0)","-1","","","1","",""
"24021525","0","3041","25","50","90039206","91211510","90039652","(17,3)","0","(10025840)","(0,0)","-1","","","1","",""
"24021526","0","3041","26","50","90039207","91211510","90039652","(17,3)","0","(10025840)","(0,0)","-1","","","1","",""
"24021527","0","3041","27","50","90039208","91211510","90039652","(17,3)","0","(10025840)","(0,0)","-1","","","1","",""
"24021528","0","3041","28","50","90039209","91211510","90039652","(17,3)","0","(10025840)","(0,0)","-1","","","1","",""
"24021529","0","3041","29","50","90039210","91211510","90039652","(17,3)","0","(10025840)","(0,0)","-1","","","1","",""
"24021530","0","3041","30","50","90039211","91211510","90039652","(17,3)","0","(10025840)","(0,0)","-1","","","1","",""
"24021531","0","3041","31","50","90039202","91211510","90039652","(17,3)","0","(10025840)","(0,0)","-1","","","1","",""
"24021532","0","3041","32","50","90039203","91211510","90039652","(17,3)","0","(10025840)","(0,0)","-1","","","1","",""
"24021533","0","3041","33","50","90039204","91211510","90039652","(17,3)","0","(10025840)","(0,0)","-1","","","1","",""
"24021534","0","3041","34","50","90039205","91211510","90039652","(17,3)","0","(10025840)","(0,0)","-1","","","1","",""
"24021535","0","3041","35","50","90039206","91211510","90039652","(17,3)","0","(10025840)","(0,0)","-1","","","1","",""
"24021536","0","3041","36","50","90039207","91211510","90039652","(17,3)","0","(10025840)","(0,0)","-1","","","1","",""
"24021537","0","3041","37","50","90039208","91211510","90039652","(17,3)","0","(10025840)","(0,0)","-1","","","1","",""
"24021538","0","3041","38","50","90039209","91211510","90039652","(17,3)","0","(10025840)","(0,0)","-1","","","1","",""
"24021539","0","3041","39","50","90039210","91211510","90039652","(17,3)","0","(10025840)","(0,0)","-1","","","1","",""
"24021540","0","3041","40","50","90039211","91211510","90039652","(17,3)","0","(10025840)","(0,0)","-1","","","1","",""
"24021541","0","3041","41","50","90039202","91211510","90039652","(17,3)","0","(10025840)","(0,0)","-1","","","1","",""
"24021542","0","3041","42","50","90039203","91211510","90039652","(17,3)","0","(10025840)","(0,0)","-1","","","1","",""
"24021543","0","3041","43","50","90039204","91211510","90039652","(17,3)","0","(10025840)","(0,0)","-1","","","1","",""
"24021544","0","3041","44","50","90039205","91211510","90039652","(17,3)","0","(10025840)","(0,0)","-1","","","1","",""
"24021545","0","3041","45","50","90039206","91211510","90039652","(17,3)","0","(10025840)","(0,0)","-1","","","1","",""
"24021546","0","3041","46","50","90039207","91211510","90039652","(17,3)","0","(10025840)","(0,0)","-1","","","1","",""
"24021547","0","3041","47","50","90039208","91211510","90039652","(17,3)","0","(10025840)","(0,0)","-1","","","1","",""
"24021548","0","3041","48","50","90039209","91211510","90039652","(17,3)","0","(10025840)","(0,0)","-1","","","1","",""
"24021549","0","3041","49","50","90039210","91211510","90039652","(17,3)","0","(10025840)","(0,0)","-1","","","1","",""
"24021550","0","3041","50","50","90039211","91211510","90039652","(17,3)","0","(10025840)","(0,0)","-1","","","1","",""
"24021601","0","3051","1","50","90039212","91211579","90039662","(17,3)","0","(10025850)","(0,0)","-1","","","1","","(0,120)"
"24021602","0","3051","2","50","90039213","91211579","90039662","(17,3)","0","(10025850)","(0,0)","-1","","","1","",""
"24021603","0","3051","3","50","90039214","91211579","90039662","(17,3)","0","(10025850)","(0,0)","-1","","","1","",""
"24021604","0","3051","4","50","90039215","91211579","90039662","(17,3)","0","(10025850)","(0,0)","-1","","","1","",""
"24021605","0","3051","5","50","90039216","91211579","90039662","(17,3)","0","(10025850)","(0,0)","-1","","","1","",""
"24021606","0","3051","6","50","90039217","91211579","90039662","(17,3)","0","(10025850)","(0,0)","-1","","","1","",""
"24021607","0","3051","7","50","90039218","91211579","90039662","(17,3)","0","(10025850)","(0,0)","-1","","","1","",""
"24021608","0","3051","8","50","90039219","91211579","90039662","(17,3)","0","(10025850)","(0,0)","-1","","","1","",""
"24021609","0","3051","9","50","90039220","91211579","90039662","(17,3)","0","(10025850)","(0,0)","-1","","","1","",""
"24021610","0","3051","10","50","90039221","91211579","90039662","(17,3)","0","(10025850)","(0,0)","-1","","","1","",""
"24021611","0","3051","11","50","90039212","91211579","90039662","(17,3)","0","(10025850)","(0,0)","-1","","","1","",""
"24021612","0","3051","12","50","90039213","91211579","90039662","(17,3)","0","(10025850)","(0,0)","-1","","","1","",""
"24021613","0","3051","13","50","90039214","91211579","90039662","(17,3)","0","(10025850)","(0,0)","-1","","","1","",""
"24021614","0","3051","14","50","90039215","91211579","90039662","(17,3)","0","(10025850)","(0,0)","-1","","","1","",""
"24021615","0","3051","15","50","90039216","91211579","90039662","(17,3)","0","(10025850)","(0,0)","-1","","","1","",""
"24021616","0","3051","16","50","90039217","91211579","90039662","(17,3)","0","(10025850)","(0,0)","-1","","","1","",""
"24021617","0","3051","17","50","90039218","91211579","90039662","(17,3)","0","(10025850)","(0,0)","-1","","","1","",""
"24021618","0","3051","18","50","90039219","91211579","90039662","(17,3)","0","(10025850)","(0,0)","-1","","","1","",""
"24021619","0","3051","19","50","90039220","91211579","90039662","(17,3)","0","(10025850)","(0,0)","-1","","","1","",""
"24021620","0","3051","20","50","90039221","91211579","90039662","(17,3)","0","(10025850)","(0,0)","-1","","","1","",""
"24021621","0","3051","21","50","90039212","91211579","90039662","(17,3)","0","(10025850)","(0,0)","-1","","","1","",""
"24021622","0","3051","22","50","90039213","91211579","90039662","(17,3)","0","(10025850)","(0,0)","-1","","","1","",""
"24021623","0","3051","23","50","90039214","91211579","90039662","(17,3)","0","(10025850)","(0,0)","-1","","","1","",""
"24021624","0","3051","24","50","90039215","91211579","90039662","(17,3)","0","(10025850)","(0,0)","-1","","","1","",""
"24021625","0","3051","25","50","90039216","91211579","90039662","(17,3)","0","(10025850)","(0,0)","-1","","","1","",""
"24021626","0","3051","26","50","90039217","91211579","90039662","(17,3)","0","(10025850)","(0,0)","-1","","","1","",""
"24021627","0","3051","27","50","90039218","91211579","90039662","(17,3)","0","(10025850)","(0,0)","-1","","","1","",""
"24021628","0","3051","28","50","90039219","91211579","90039662","(17,3)","0","(10025850)","(0,0)","-1","","","1","",""
"24021629","0","3051","29","50","90039220","91211579","90039662","(17,3)","0","(10025850)","(0,0)","-1","","","1","",""
"24021630","0","3051","30","50","90039221","91211579","90039662","(17,3)","0","(10025850)","(0,0)","-1","","","1","",""
"24021631","0","3051","31","50","90039212","91211579","90039662","(17,3)","0","(10025850)","(0,0)","-1","","","1","",""
"24021632","0","3051","32","50","90039213","91211579","90039662","(17,3)","0","(10025850)","(0,0)","-1","","","1","",""
"24021633","0","3051","33","50","90039214","91211579","90039662","(17,3)","0","(10025850)","(0,0)","-1","","","1","",""
"24021634","0","3051","34","50","90039215","91211579","90039662","(17,3)","0","(10025850)","(0,0)","-1","","","1","",""
"24021635","0","3051","35","50","90039216","91211579","90039662","(17,3)","0","(10025850)","(0,0)","-1","","","1","",""
"24021636","0","3051","36","50","90039217","91211579","90039662","(17,3)","0","(10025850)","(0,0)","-1","","","1","",""
"24021637","0","3051","37","50","90039218","91211579","90039662","(17,3)","0","(10025850)","(0,0)","-1","","","1","",""
"24021638","0","3051","38","50","90039219","91211579","90039662","(17,3)","0","(10025850)","(0,0)","-1","","","1","",""
"24021639","0","3051","39","50","90039220","91211579","90039662","(17,3)","0","(10025850)","(0,0)","-1","","","1","",""
"24021640","0","3051","40","50","90039221","91211579","90039662","(17,3)","0","(10025850)","(0,0)","-1","","","1","",""
"24021641","0","3051","41","50","90039212","91211579","90039662","(17,3)","0","(10025850)","(0,0)","-1","","","1","",""
"24021642","0","3051","42","50","90039213","91211579","90039662","(17,3)","0","(10025850)","(0,0)","-1","","","1","",""
"24021643","0","3051","43","50","90039214","91211579","90039662","(17,3)","0","(10025850)","(0,0)","-1","","","1","",""
"24021644","0","3051","44","50","90039215","91211579","90039662","(17,3)","0","(10025850)","(0,0)","-1","","","1","",""
"24021645","0","3051","45","50","90039216","91211579","90039662","(17,3)","0","(10025850)","(0,0)","-1","","","1","",""
"24021646","0","3051","46","50","90039217","91211579","90039662","(17,3)","0","(10025850)","(0,0)","-1","","","1","",""
"24021647","0","3051","47","50","90039218","91211579","90039662","(17,3)","0","(10025850)","(0,0)","-1","","","1","",""
"24021648","0","3051","48","50","90039219","91211579","90039662","(17,3)","0","(10025850)","(0,0)","-1","","","1","",""
"24021649","0","3051","49","50","90039220","91211579","90039662","(17,3)","0","(10025850)","(0,0)","-1","","","1","",""
"24021650","0","3051","50","50","90039221","91211579","90039662","(17,3)","0","(10025850)","(0,0)","-1","","","1","",""
"24021701","0","3061","1","20","90039269","91211581","90039719","(17,5)","24021530","(10370007,10370008,10370009)","(0,0)","-1","","","1","50",""
"24021702","0","3061","2","20","90039270","91211581","90039719","(17,5)","0","(10370007,10370008,10370009)","(0,0)","-1","","","1","50",""
"24021703","0","3061","3","20","90039271","91211581","90039719","(17,5)","0","(10370007,10370008,10370009)","(0,0)","-1","","","1","50",""
"24021704","0","3061","4","20","90039270","91211581","90039719","(17,5)","0","(10370007,10370008,10370009)","(0,0)","-1","","","1","50",""
"24021705","0","3061","5","20","90039271","91211581","90039719","(17,5)","0","(10370007,10370008,10370009)","(0,0)","-1","","","1","50",""
"24021706","0","3061","6","20","90039269","91211581","90039719","(17,5)","0","(10370007,10370008,10370009)","(0,0)","-1","","","1","50",""
"24021707","0","3061","7","20","90039270","91211581","90039719","(17,5)","0","(10370007,10370008,10370009)","(0,0)","-1","","","1","50",""
"24021708","0","3061","8","20","90039271","91211581","90039719","(17,5)","0","(10370007,10370008,10370009)","(0,0)","-1","","","1","50",""
"24021709","0","3061","9","20","90039270","91211581","90039719","(17,5)","0","(10370007,10370008,10370009)","(0,0)","-1","","","1","50",""
"24021710","0","3061","10","20","90039271","91211581","90039719","(17,5)","0","(10370007,10370008,10370009)","(0,0)","-1","","","1","50",""
"24021711","0","3061","11","20","90039269","91211581","90039719","(17,5)","0","(10370007,10370008,10370009)","(0,0)","-1","","","1","50",""
"24021712","0","3061","12","20","90039270","91211581","90039719","(17,5)","0","(10370007,10370008,10370009)","(0,0)","-1","","","1","50",""
"24021713","0","3061","13","20","90039271","91211581","90039719","(17,5)","0","(10370007,10370008,10370009)","(0,0)","-1","","","1","50",""
"24021714","0","3061","14","20","90039270","91211581","90039719","(17,5)","0","(10370007,10370008,10370009)","(0,0)","-1","","","1","50",""
"24021715","0","3061","15","20","90039271","91211581","90039719","(17,5)","0","(10370007,10370008,10370009)","(0,0)","-1","","","1","50",""
"24021716","0","3061","16","20","90039269","91211581","90039719","(17,5)","0","(10370007,10370008,10370009)","(0,0)","-1","","","1","50",""
"24021717","0","3061","17","20","90039270","91211581","90039719","(17,5)","0","(10370007,10370008,10370009)","(0,0)","-1","","","1","50",""
"24021718","0","3061","18","20","90039271","91211581","90039719","(17,5)","0","(10370007,10370008,10370009)","(0,0)","-1","","","1","50",""
"24021719","0","3061","19","20","90039270","91211581","90039719","(17,5)","0","(10370007,10370008,10370009)","(0,0)","-1","","","1","50",""
"24021720","0","3061","20","20","90039271","91211581","90039719","(17,5)","0","(10370007,10370008,10370009)","(0,0)","-1","","","1","50",""
"24021801","0","3071","1","20","90039272","91211508","90039722","(17,5)","24021430","(10340002)","(0,0)","-1","","","1","50",""
"24021802","0","3071","2","20","90039273","91211508","90039722","(17,5)","0","(10340002)","(0,0)","-1","","","1","50",""
"24021803","0","3071","3","20","90039274","91211508","90039722","(17,5)","0","(10340002)","(0,0)","-1","","","1","50",""
"24021804","0","3071","4","20","90039273","91211508","90039722","(17,5)","0","(10340002)","(0,0)","-1","","","1","50",""
"24021805","0","3071","5","20","90039274","91211508","90039722","(17,5)","0","(10340002)","(0,0)","-1","","","1","50",""
"24021806","0","3071","6","20","90039272","91211508","90039722","(17,5)","0","(10340002)","(0,0)","-1","","","1","50",""
"24021807","0","3071","7","20","90039273","91211508","90039722","(17,5)","0","(10340002)","(0,0)","-1","","","1","50",""
"24021808","0","3071","8","20","90039274","91211508","90039722","(17,5)","0","(10340002)","(0,0)","-1","","","1","50",""
"24021809","0","3071","9","20","90039273","91211508","90039722","(17,5)","0","(10340002)","(0,0)","-1","","","1","50",""
"24021810","0","3071","10","20","90039274","91211508","90039722","(17,5)","0","(10340002)","(0,0)","-1","","","1","50",""
"24021811","0","3071","11","20","90039272","91211508","90039722","(17,5)","0","(10340002)","(0,0)","-1","","","1","50",""
"24021812","0","3071","12","20","90039273","91211508","90039722","(17,5)","0","(10340002)","(0,0)","-1","","","1","50",""
"24021813","0","3071","13","20","90039274","91211508","90039722","(17,5)","0","(10340002)","(0,0)","-1","","","1","50",""
"24021814","0","3071","14","20","90039273","91211508","90039722","(17,5)","0","(10340002)","(0,0)","-1","","","1","50",""
"24021815","0","3071","15","20","90039274","91211508","90039722","(17,5)","0","(10340002)","(0,0)","-1","","","1","50",""
"24021816","0","3071","16","20","90039272","91211508","90039722","(17,5)","0","(10340002)","(0,0)","-1","","","1","50",""
"24021817","0","3071","17","20","90039273","91211508","90039722","(17,5)","0","(10340002)","(0,0)","-1","","","1","50",""
"24021818","0","3071","18","20","90039274","91211508","90039722","(17,5)","0","(10340002)","(0,0)","-1","","","1","50",""
"24021819","0","3071","19","20","90039273","91211508","90039722","(17,5)","0","(10340002)","(0,0)","-1","","","1","50",""
"24021820","0","3071","20","20","90039274","91211508","90039722","(17,5)","0","(10340002)","(0,0)","-1","","","1","50",""
"24021901","0","3081","1","10","90039023","91211507","90039473","(17,10)","24021630","(10350001)","(0,0)","-1","","","1","100",""
"24021902","0","3081","2","10","90039024","91211507","90039473","(17,10)","0","(10350001)","(0,0)","-1","","","1","100",""
"24021903","0","3081","3","10","90039025","91211507","90039473","(17,10)","0","(10350001)","(0,0)","-1","","","1","100",""
"24021904","0","3081","4","10","90039024","91211507","90039473","(17,10)","0","(10350001)","(0,0)","-1","","","1","100",""
"24021905","0","3081","5","10","90039025","91211507","90039473","(17,10)","0","(10350001)","(0,0)","-1","","","1","100",""
"24021906","0","3081","6","10","90039023","91211507","90039473","(17,10)","0","(10350001)","(0,0)","-1","","","1","100",""
"24021907","0","3081","7","10","90039024","91211507","90039473","(17,10)","0","(10350001)","(0,0)","-1","","","1","100",""
"24021908","0","3081","8","10","90039025","91211507","90039473","(17,10)","0","(10350001)","(0,0)","-1","","","1","100",""
"24021909","0","3081","9","10","90039024","91211507","90039473","(17,10)","0","(10350001)","(0,0)","-1","","","1","100",""
"24021910","0","3081","10","10","90039025","91211507","90039473","(17,10)","0","(10350001)","(0,0)","-1","","","1","100",""
"24022001","2","3091","1","10","90039066","91211636","90039519","(22,5)","0","(10370022)","(0,0)","-1","","","1","75","(0,200)"
"24022002","2","3091","2","10","90039067","91211636","90039519","(22,5)","0","(10370022)","(0,0)","-1","","","1","75",""
"24022003","2","3091","3","10","90039068","91211636","90039519","(22,5)","0","(10370022)","(0,0)","-1","","","1","75",""
"24022004","2","3091","4","10","90039066","91211636","90039519","(22,5)","0","(10370022)","(0,0)","-1","","","1","75",""
"24022005","2","3091","5","10","90039067","91211636","90039519","(22,5)","0","(10370022)","(0,0)","-1","","","1","75",""
"24022006","2","3091","6","10","90039068","91211636","90039519","(22,5)","0","(10370022)","(0,0)","-1","","","1","75",""
"24022007","2","3091","7","10","90039068","91211636","90039519","(22,5)","0","(10370022)","(0,0)","-1","","","1","75",""
"24022008","2","3091","8","10","90039066","91211636","90039519","(22,5)","0","(10370022)","(0,0)","-1","","","1","75",""
"24022009","2","3091","9","10","90039067","91211636","90039519","(22,5)","0","(10370022)","(0,0)","-1","","","1","75",""
"24022010","2","3091","10","10","90039068","91211636","90039519","(22,5)","0","(10370022)","(0,0)","-1","","","1","75",""
"24022101","2","3101","1","10","90039069","91211637","90039522","(22,5)","0","(10340009)","(0,0)","-1","","","1","75","(0,200)"
"24022102","2","3101","2","10","90039070","91211637","90039522","(22,5)","0","(10340009)","(0,0)","-1","","","1","75",""
"24022103","2","3101","3","10","90039071","91211637","90039522","(22,5)","0","(10340009)","(0,0)","-1","","","1","75",""
"24022104","2","3101","4","10","90039069","91211637","90039522","(22,5)","0","(10340009)","(0,0)","-1","","","1","75",""
"24022105","2","3101","5","10","90039070","91211637","90039522","(22,5)","0","(10340009)","(0,0)","-1","","","1","75",""
"24022106","2","3101","6","10","90039071","91211637","90039522","(22,5)","0","(10340009)","(0,0)","-1","","","1","75",""
"24022107","2","3101","7","10","90039071","91211637","90039522","(22,5)","0","(10340009)","(0,0)","-1","","","1","75",""
"24022108","2","3101","8","10","90039069","91211637","90039522","(22,5)","0","(10340009)","(0,0)","-1","","","1","75",""
"24022109","2","3101","9","10","90039070","91211637","90039522","(22,5)","0","(10340009)","(0,0)","-1","","","1","75",""
"24022110","2","3101","10","10","90039071","91211637","90039522","(22,5)","0","(10340009)","(0,0)","-1","","","1","75",""
"24022201","2","3111","1","3","90039072","91211638","90039525","(22,15)","0","(0,0)","(18001,13018002)","-1","","","0","250","(0,200)"
"24022202","2","3111","2","3","90039073","91211638","90039526","(22,15)","0","(0,0)","(18001,13018003)","-1","","","0","250",""
"24022203","2","3111","3","3","90039074","91211638","90039527","(22,20)","0","(0,0)","(18001,13018004)","-1","","","0","250",""
"24022301","2","3121","1","3","90039075","91211639","90039528","(22,15)","24022010","(0,0)","(18011,13018015)","-1","","","0","250",""
"24022302","2","3121","2","3","90039076","91211639","90039529","(22,15)","0","(0,0)","(18011,13018016)","-1","","","0","250",""
"24022303","2","3121","3","3","90039077","91211639","90039530","(22,20)","0","(0,0)","(18011,13018017)","-1","","","0","250",""
"24022401","2","3131","1","3","90039078","91211640","90039531","(22,15)","24022110","(0,0)","(11001,13011002)","-1","","","0","250",""
"24022402","2","3131","2","3","90039079","91211640","90039532","(22,15)","0","(0,0)","(11001,13011003)","-1","","","0","250",""
"24022403","2","3131","3","3","90039080","91211640","90039533","(22,20)","0","(0,0)","(11001,13011004)","-1","","","0","250",""
"24022501","2","3141","1","10","90039081","91211641","90039534","(22,5)","24022203","(10340077)","(0,0)","-1","","","1","75",""
"24022502","2","3141","2","10","90039082","91211641","90039534","(22,5)","0","(10340077)","(0,0)","-1","","","1","75",""
"24022503","2","3141","3","10","90039083","91211641","90039534","(22,5)","0","(10340077)","(0,0)","-1","","","1","75",""
"24022504","2","3141","4","10","90039081","91211641","90039534","(22,5)","0","(10340077)","(0,0)","-1","","","1","75",""
"24022505","2","3141","5","10","90039082","91211641","90039534","(22,5)","0","(10340077)","(0,0)","-1","","","1","75",""
"24022506","2","3141","6","10","90039083","91211641","90039534","(22,5)","0","(10340077)","(0,0)","-1","","","1","75",""
"24022507","2","3141","7","10","90039083","91211641","90039534","(22,5)","0","(10340077)","(0,0)","-1","","","1","75",""
"24022508","2","3141","8","10","90039081","91211641","90039534","(22,5)","0","(10340077)","(0,0)","-1","","","1","75",""
"24022509","2","3141","9","10","90039082","91211641","90039534","(22,5)","0","(10340077)","(0,0)","-1","","","1","75",""
"24022510","2","3141","10","10","90039083","91211641","90039534","(22,5)","0","(10340077)","(0,0)","-1","","","1","75",""
"24022601","2","3151","1","1","90039084","91211642","90039537","(22,50)","24022303","(0,0)","(18011,13018018)","-1","","","0","750",""
"24022701","2","3161","1","1","90039085","91211643","90039538","(22,50)","24022403","(0,0)","(13001,13013002)","-1","","","0","750",""
"24022801","2","4471","1","1","90039411","91211644","90039907","(22,50)","24022510","(0,0)","(18001,13018005)","-1","","","0","750",""
"24022901","1","3171","1","10","90039086","91211645","90039539","(22,5)","0","(10370023)","(0,0)","-1","","","1","75","(0,200)"
"24022902","1","3171","2","10","90039087","91211645","90039539","(22,5)","0","(10370023)","(0,0)","-1","","","1","75",""
"24022903","1","3171","3","10","90039088","91211645","90039539","(22,5)","0","(10370023)","(0,0)","-1","","","1","75",""
"24022904","1","3171","4","10","90039086","91211645","90039539","(22,5)","0","(10370023)","(0,0)","-1","","","1","75",""
"24022905","1","3171","5","10","90039087","91211645","90039539","(22,5)","0","(10370023)","(0,0)","-1","","","1","75",""
"24022906","1","3171","6","10","90039088","91211645","90039539","(22,5)","0","(10370023)","(0,0)","-1","","","1","75",""
"24022907","1","3171","7","10","90039088","91211645","90039539","(22,5)","0","(10370023)","(0,0)","-1","","","1","75",""
"24022908","1","3171","8","10","90039086","91211645","90039539","(22,5)","0","(10370023)","(0,0)","-1","","","1","75",""
"24022909","1","3171","9","10","90039087","91211645","90039539","(22,5)","0","(10370023)","(0,0)","-1","","","1","75",""
"24022910","1","3171","10","10","90039088","91211645","90039539","(22,5)","0","(10370023)","(0,0)","-1","","","1","75",""
"24023001","1","3181","1","3","90039089","91211646","90039542","(22,15)","0","(0,0)","(18061,13018062)","-1","","","0","250","(0,200)"
"24023002","1","3181","2","3","90039090","91211646","90039543","(22,15)","0","(0,0)","(18061,13018063)","-1","","","0","250",""
"24023003","1","3181","3","3","90039091","91211646","90039544","(22,20)","0","(0,0)","(18061,13018064)","-1","","","0","250",""
"24023101","1","3191","1","3","90039092","91211647","90039545","(22,15)","0","(0,0)","(18051,13018052)","-1","","","0","250","(0,200)"
"24023102","1","3191","2","3","90039093","91211647","90039546","(22,15)","0","(0,0)","(18051,13018053)","-1","","","0","250",""
"24023103","1","3191","3","3","90039094","91211647","90039547","(22,20)","0","(0,0)","(18051,13018054)","-1","","","0","250",""
"24023201","1","3201","1","3","90039095","91211746","90039548","(22,15)","24022910","(0,0)","(11001,13011002)","-1","","","0","250",""
"24023202","1","3201","2","3","90039096","91211746","90039549","(22,15)","0","(0,0)","(11001,13011003)","-1","","","0","250",""
"24023203","1","3201","3","3","90039097","91211746","90039550","(22,20)","0","(0,0)","(11001,13011004)","-1","","","0","250",""
"24023301","1","3211","1","1","90039098","91211649","90039551","(22,50)","24023003","(0,0)","(12001,13012005)","-1","","","0","750",""
"24023401","1","3221","1","3","90039099","91211650","90039552","(22,15)","24023103","(0,0)","(18051,13018055)","-1","","","0","250",""
"24023402","1","3221","2","3","90039100","91211650","90039553","(22,15)","0","(0,0)","(18051,13018056)","-1","","","0","250",""
"24023403","1","3221","3","3","90039101","91211650","90039554","(22,20)","0","(0,0)","(18051,13018057)","-1","","","0","250",""
"24023501","1","3231","1","3","90039102","91211651","90039555","(22,15)","24023203","(0,0)","(18031,13018032)","-1","","","0","250",""
"24023502","1","3231","2","3","90039103","91211651","90039556","(22,15)","0","(0,0)","(18031,13018033)","-1","","","0","250",""
"24023503","1","3231","3","3","90039104","91211651","90039557","(22,20)","0","(0,0)","(18031,13018034)","-1","","","0","250",""
"24023601","1","3241","1","1","90039105","91211652","90039558","(22,50)","24023301","(10370034)","(12001,13012006)","-1","","","0","750",""
"24023701","1","4481","1","1","90039414","91211653","90039910","(22,50)","24023403","(0,0)","(18051,13018058)","-1","","","0","750",""
"24023801","3","3251","1","3","90075001","91211654","90077501","(22,15)","0","(0,0)","(18111,13018112)","-1","","","0","250","(0,200)"
"24023802","3","3251","2","3","90075002","91211654","90077502","(22,15)","0","(0,0)","(18111,13018113)","-1","","","0","250",""
"24023803","3","3251","3","3","90075003","91211654","90077503","(22,20)","0","(0,0)","(18111,13018114)","-1","","","0","250",""
"24023901","3","3261","1","10","90075004","91211655","90077504","(22,5)","0","(10370036)","(0,0)","-1","","","0","75","(0,200)"
"24023902","3","3261","2","10","90075005","91211655","90077504","(22,5)","0","(10370036)","(0,0)","-1","","","0","75",""
"24023903","3","3261","3","10","90075006","91211655","90077504","(22,5)","0","(10370036)","(0,0)","-1","","","0","75",""
"24023904","3","3261","4","10","90075004","91211655","90077504","(22,5)","0","(10370036)","(0,0)","-1","","","0","75",""
"24023905","3","3261","5","10","90075005","91211655","90077504","(22,5)","0","(10370036)","(0,0)","-1","","","0","75",""
"24023906","3","3261","6","10","90075006","91211655","90077504","(22,5)","0","(10370036)","(0,0)","-1","","","0","75",""
"24023907","3","3261","7","10","90075006","91211655","90077504","(22,5)","0","(10370036)","(0,0)","-1","","","0","75",""
"24023908","3","3261","8","10","90075004","91211655","90077504","(22,5)","0","(10370036)","(0,0)","-1","","","0","75",""
"24023909","3","3261","9","10","90075005","91211655","90077504","(22,5)","0","(10370036)","(0,0)","-1","","","0","75",""
"24023910","3","3261","10","10","90075006","91211655","90077504","(22,5)","0","(10370036)","(0,0)","-1","","","0","75",""
"24024001","3","3271","1","10","90075007","91211656","90077507","(22,5)","0","(10370024)","(0,0)","-1","","","1","75","(0,200)"
"24024002","3","3271","2","10","90075008","91211656","90077507","(22,5)","0","(10370024)","(0,0)","-1","","","1","75",""
"24024003","3","3271","3","10","90075009","91211656","90077507","(22,5)","0","(10370024)","(0,0)","-1","","","1","75",""
"24024004","3","3271","4","10","90075007","91211656","90077507","(22,5)","0","(10370024)","(0,0)","-1","","","1","75",""
"24024005","3","3271","5","10","90075008","91211656","90077507","(22,5)","0","(10370024)","(0,0)","-1","","","1","75",""
"24024006","3","3271","6","10","90075009","91211656","90077507","(22,5)","0","(10370024)","(0,0)","-1","","","1","75",""
"24024007","3","3271","7","10","90075009","91211656","90077507","(22,5)","0","(10370024)","(0,0)","-1","","","1","75",""
"24024008","3","3271","8","10","90075007","91211656","90077507","(22,5)","0","(10370024)","(0,0)","-1","","","1","75",""
"24024009","3","3271","9","10","90075008","91211656","90077507","(22,5)","0","(10370024)","(0,0)","-1","","","1","75",""
"24024010","3","3271","10","10","90075009","91211656","90077507","(22,5)","0","(10370024)","(0,0)","-1","","","1","75",""
"24024101","3","3281","1","4","90075010","91211657","90077510","(22,5)","24023803","(0,0)","(13001,13013009)","-1","","","0","188",""
"24024102","3","3281","2","4","90075011","91211657","90077511","(22,5)","0","(0,0)","(13001,13013010)","-1","","","0","188",""
"24024103","3","3281","3","4","90075012","91211657","90077512","(22,5)","0","(0,0)","(13001,13013011)","-1","","","0","188",""
"24024104","3","3281","4","4","90075013","91211657","90077513","(22,5)","0","(0,0)","(13001,13013012)","-1","","","0","188",""
"24024201","3","3291","1","10","90075014","91211658","90077514","(22,5)","24023910","(10340043)","(0,0)","-1","","","1","75",""
"24024202","3","3291","2","10","90075015","91211658","90077514","(22,5)","0","(10340043)","(0,0)","-1","","","1","75",""
"24024203","3","3291","3","10","90075016","91211658","90077514","(22,5)","0","(10340043)","(0,0)","-1","","","1","75",""
"24024204","3","3291","4","10","90075014","91211658","90077514","(22,5)","0","(10340043)","(0,0)","-1","","","1","75",""
"24024205","3","3291","5","10","90075015","91211658","90077514","(22,5)","0","(10340043)","(0,0)","-1","","","1","75",""
"24024206","3","3291","6","10","90075016","91211658","90077514","(22,5)","0","(10340043)","(0,0)","-1","","","1","75",""
"24024207","3","3291","7","10","90075016","91211658","90077514","(22,5)","0","(10340043)","(0,0)","-1","","","1","75",""
"24024208","3","3291","8","10","90075014","91211658","90077514","(22,5)","0","(10340043)","(0,0)","-1","","","1","75",""
"24024209","3","3291","9","10","90075015","91211658","90077514","(22,5)","0","(10340043)","(0,0)","-1","","","1","75",""
"24024210","3","3291","10","10","90075016","91211658","90077514","(22,5)","0","(10340043)","(0,0)","-1","","","1","75",""
"24024301","3","3301","1","3","90075017","91211659","90077517","(22,5)","24024010","(0,0)","(11001,13011006)","-1","","","0","250",""
"24024302","3","3301","2","3","90075018","91211659","90077518","(22,5)","0","(0,0)","(11001,13011007)","-1","","","0","250",""
"24024303","3","3301","3","3","90075019","91211659","90077519","(22,5)","0","(0,0)","(11001,13011008)","-1","","","0","250",""
"24024401","3","3311","1","3","90075020","91211660","90077520","(22,15)","24024104","(0,0)","(12001,13012009)","-1","","","0","250",""
"24024402","3","3311","2","3","90075021","91211660","90077521","(22,15)","0","(0,0)","(12001,13012010)","-1","","","0","250",""
"24024403","3","3311","3","3","90075022","91211660","90077522","(22,20)","0","(0,0)","(12001,13012011)","-1","","","0","250",""
"24024501","3","3321","1","1","90075023","91211661","90077523","(22,50)","24024210","(0,0)","(18121,13018122)","-1","","","0","750",""
"24024601","3","3331","1","3","90075024","91211662","90077524","(22,15)","24024303","(0,0)","(18131,13018132)","-1","","","0","250",""
"24024602","3","3331","2","3","90075025","91211662","90077525","(22,15)","0","(0,0)","(18131,13018133)","-1","","","0","250",""
"24024603","3","3331","3","3","90075026","91211662","90077526","(22,20)","0","(0,0)","(18131,13018134)","-1","","","0","250",""
"24024701","4","3341","1","10","90075027","91211663","90077527","(22,5)","0","(10370025)","(0,0)","-1","","","1","75","(0,200)"
"24024702","4","3341","2","10","90075028","91211663","90077527","(22,5)","0","(10370025)","(0,0)","-1","","","1","75",""
"24024703","4","3341","3","10","90075029","91211663","90077527","(22,5)","0","(10370025)","(0,0)","-1","","","1","75",""
"24024704","4","3341","4","10","90075027","91211663","90077527","(22,5)","0","(10370025)","(0,0)","-1","","","1","75",""
"24024705","4","3341","5","10","90075028","91211663","90077527","(22,5)","0","(10370025)","(0,0)","-1","","","1","75",""
"24024706","4","3341","6","10","90075029","91211663","90077527","(22,5)","0","(10370025)","(0,0)","-1","","","1","75",""
"24024707","4","3341","7","10","90075029","91211663","90077527","(22,5)","0","(10370025)","(0,0)","-1","","","1","75",""
"24024708","4","3341","8","10","90075027","91211663","90077527","(22,5)","0","(10370025)","(0,0)","-1","","","1","75",""
"24024709","4","3341","9","10","90075028","91211663","90077527","(22,5)","0","(10370025)","(0,0)","-1","","","1","75",""
"24024710","4","3341","10","10","90075029","91211663","90077527","(22,5)","0","(10370025)","(0,0)","-1","","","1","75",""
"24024801","4","3351","1","1","90075030","91211664","90077530","(22,60)","0","(10130082)","(18071,13018072)","-1","","","0","750","(0,200)"
"24024901","4","3361","1","10","90075031","91211665","90077531","(22,5)","0","(10370026)","(0,0)","-1","","","1","75","(0,200)"
"24024902","4","3361","2","10","90075032","91211665","90077531","(22,5)","0","(10370026)","(0,0)","-1","","","1","75",""
"24024903","4","3361","3","10","90075033","91211665","90077531","(22,5)","0","(10370026)","(0,0)","-1","","","1","75",""
"24024904","4","3361","4","10","90075031","91211665","90077531","(22,5)","0","(10370026)","(0,0)","-1","","","1","75",""
"24024905","4","3361","5","10","90075032","91211665","90077531","(22,5)","0","(10370026)","(0,0)","-1","","","1","75",""
"24024906","4","3361","6","10","90075033","91211665","90077531","(22,5)","0","(10370026)","(0,0)","-1","","","1","75",""
"24024907","4","3361","7","10","90075033","91211665","90077531","(22,5)","0","(10370026)","(0,0)","-1","","","1","75",""
"24024908","4","3361","8","10","90075031","91211665","90077531","(22,5)","0","(10370026)","(0,0)","-1","","","1","75",""
"24024909","4","3361","9","10","90075032","91211665","90077531","(22,5)","0","(10370026)","(0,0)","-1","","","1","75",""
"24024910","4","3361","10","10","90075033","91211665","90077531","(22,5)","0","(10370026)","(0,0)","-1","","","1","75",""
"24025001","4","3371","1","10","90075034","91211666","90077534","(22,5)","24024710","(10340046)","(0,0)","-1","","","1","75",""
"24025002","4","3371","2","10","90075035","91211666","90077534","(22,5)","0","(10340046)","(0,0)","-1","","","1","75",""
"24025003","4","3371","3","10","90075036","91211666","90077534","(22,5)","0","(10340046)","(0,0)","-1","","","1","75",""
"24025004","4","3371","4","10","90075034","91211666","90077534","(22,5)","0","(10340046)","(0,0)","-1","","","1","75",""
"24025005","4","3371","5","10","90075035","91211666","90077534","(22,5)","0","(10340046)","(0,0)","-1","","","1","75",""
"24025006","4","3371","6","10","90075036","91211666","90077534","(22,5)","0","(10340046)","(0,0)","-1","","","1","75",""
"24025007","4","3371","7","10","90075036","91211666","90077534","(22,5)","0","(10340046)","(0,0)","-1","","","1","75",""
"24025008","4","3371","8","10","90075034","91211666","90077534","(22,5)","0","(10340046)","(0,0)","-1","","","1","75",""
"24025009","4","3371","9","10","90075035","91211666","90077534","(22,5)","0","(10340046)","(0,0)","-1","","","1","75",""
"24025010","4","3371","10","10","90075036","91211666","90077534","(22,5)","0","(10340046)","(0,0)","-1","","","1","75",""
"24025101","4","3381","1","10","90075037","91211667","90077537","(22,5)","24024801","(10340049)","(0,0)","-1","","","1","75",""
"24025102","4","3381","2","10","90075038","91211667","90077537","(22,5)","0","(10340049)","(0,0)","-1","","","1","75",""
"24025103","4","3381","3","10","90075039","91211667","90077537","(22,5)","0","(10340049)","(0,0)","-1","","","1","75",""
"24025104","4","3381","4","10","90075040","91211667","90077537","(22,5)","0","(10340049)","(0,0)","-1","","","1","75",""
"24025105","4","3381","5","10","90075037","91211667","90077537","(22,5)","0","(10340049)","(0,0)","-1","","","1","75",""
"24025106","4","3381","6","10","90075038","91211667","90077537","(22,5)","0","(10340049)","(0,0)","-1","","","1","75",""
"24025107","4","3381","7","10","90075039","91211667","90077537","(22,5)","0","(10340049)","(0,0)","-1","","","1","75",""
"24025108","4","3381","8","10","90075040","91211667","90077537","(22,5)","0","(10340049)","(0,0)","-1","","","1","75",""
"24025109","4","3381","9","10","90075039","91211667","90077537","(22,5)","0","(10340049)","(0,0)","-1","","","1","75",""
"24025110","4","3381","10","10","90075040","91211667","90077537","(22,5)","0","(10340049)","(0,0)","-1","","","1","75",""
"24025201","4","3391","1","3","90075041","91211668","90077541","(22,15)","24024910","(0,0)","(12001,13012012)","-1","","","0","250",""
"24025202","4","3391","2","3","90075042","91211668","90077542","(22,15)","0","(0,0)","(12001,13012013)","-1","","","0","250",""
"24025203","4","3391","3","3","90075043","91211668","90077543","(22,20)","0","(0,0)","(12001,13012014)","-1","","","0","250",""
"24025301","4","3401","1","4","90075044","91211669","90077544","(22,12)","24025010","(0,0)","(18091,13018092)","-1","","","0","188",""
"24025302","4","3401","2","4","90075045","91211669","90077545","(22,12)","0","(0,0)","(18091,13018093)","-1","","","0","188",""
"24025303","4","3401","3","4","90075046","91211669","90077546","(22,12)","0","(0,0)","(18091,13018094)","-1","","","0","188",""
"24025304","4","3401","4","4","90075047","91211669","90077547","(22,14)","0","(0,0)","(18091,13018095)","-1","","","0","188",""
"24025401","4","3411","1","1","90075048","91211670","90077548","(22,50)","24025110","(0,0)","(18071,13018073)","-1","","","0","750",""
"24025501","4","3421","1","3","90075049","91211671","90077549","(22,15)","24025203","(0,0)","(12001,13012015)","-1","","","0","250",""
"24025502","4","3421","2","3","90075050","91211671","90077550","(22,15)","0","(0,0)","(12001,13012016)","-1","","","0","250",""
"24025503","4","3421","3","3","90075051","91211671","90077551","(22,20)","0","(0,0)","(12001,13012017)","-1","","","0","250",""
"24025601","0","4001","1","40","90039019","91211506","90039798","(17,2)","0","(10026000)","(0,0)","-1","","","1","",""
"24025602","0","4001","2","40","90039020","91211506","90039798","(17,2)","0","(10026000)","(0,0)","-1","","","1","",""
"24025603","0","4001","3","40","90039021","91211506","90039798","(17,2)","0","(10026000)","(0,0)","-1","","","1","",""
"24025604","0","4001","4","40","90039275","91211506","90039798","(17,2)","0","(10026000)","(0,0)","-1","","","1","",""
"24025605","0","4001","5","40","90039276","91211506","90039798","(17,2)","0","(10026000)","(0,0)","-1","","","1","",""
"24025606","0","4001","6","40","90039277","91211506","90039798","(17,2)","0","(10026000)","(0,0)","-1","","","1","",""
"24025607","0","4001","7","40","90039278","91211506","90039798","(17,2)","0","(10026000)","(0,0)","-1","","","1","",""
"24025608","0","4001","8","40","90039279","91211506","90039798","(17,2)","0","(10026000)","(0,0)","-1","","","1","",""
"24025609","0","4001","9","40","90039280","91211506","90039798","(17,2)","0","(10026000)","(0,0)","-1","","","1","",""
"24025610","0","4001","10","40","90039281","91211506","90039798","(17,2)","0","(10026000)","(0,0)","-1","","","1","",""
"24025611","0","4001","11","40","90039019","91211506","90039798","(17,2)","0","(10026000)","(0,0)","-1","","","1","",""
"24025612","0","4001","12","40","90039020","91211506","90039798","(17,2)","0","(10026000)","(0,0)","-1","","","1","",""
"24025613","0","4001","13","40","90039021","91211506","90039798","(17,2)","0","(10026000)","(0,0)","-1","","","1","",""
"24025614","0","4001","14","40","90039275","91211506","90039798","(17,2)","0","(10026000)","(0,0)","-1","","","1","",""
"24025615","0","4001","15","40","90039276","91211506","90039798","(17,2)","0","(10026000)","(0,0)","-1","","","1","",""
"24025616","0","4001","16","40","90039277","91211506","90039798","(17,2)","0","(10026000)","(0,0)","-1","","","1","",""
"24025617","0","4001","17","40","90039278","91211506","90039798","(17,2)","0","(10026000)","(0,0)","-1","","","1","",""
"24025618","0","4001","18","40","90039279","91211506","90039798","(17,2)","0","(10026000)","(0,0)","-1","","","1","",""
"24025619","0","4001","19","40","90039280","91211506","90039798","(17,2)","0","(10026000)","(0,0)","-1","","","1","",""
"24025620","0","4001","20","40","90039281","91211506","90039798","(17,2)","0","(10026000)","(0,0)","-1","","","1","",""
"24025621","0","4001","21","40","90039019","91211506","90039798","(17,2)","0","(10026000)","(0,0)","-1","","","1","",""
"24025622","0","4001","22","40","90039020","91211506","90039798","(17,2)","0","(10026000)","(0,0)","-1","","","1","",""
"24025623","0","4001","23","40","90039021","91211506","90039798","(17,2)","0","(10026000)","(0,0)","-1","","","1","",""
"24025624","0","4001","24","40","90039275","91211506","90039798","(17,2)","0","(10026000)","(0,0)","-1","","","1","",""
"24025625","0","4001","25","40","90039276","91211506","90039798","(17,2)","0","(10026000)","(0,0)","-1","","","1","",""
"24025626","0","4001","26","40","90039277","91211506","90039798","(17,2)","0","(10026000)","(0,0)","-1","","","1","",""
"24025627","0","4001","27","40","90039278","91211506","90039798","(17,2)","0","(10026000)","(0,0)","-1","","","1","",""
"24025628","0","4001","28","40","90039279","91211506","90039798","(17,2)","0","(10026000)","(0,0)","-1","","","1","",""
"24025629","0","4001","29","40","90039280","91211506","90039798","(17,2)","0","(10026000)","(0,0)","-1","","","1","",""
"24025630","0","4001","30","40","90039281","91211506","90039798","(17,2)","0","(10026000)","(0,0)","-1","","","1","",""
"24025631","0","4001","31","40","90039019","91211506","90039798","(17,2)","0","(10026000)","(0,0)","-1","","","1","",""
"24025632","0","4001","32","40","90039020","91211506","90039798","(17,2)","0","(10026000)","(0,0)","-1","","","1","",""
"24025633","0","4001","33","40","90039021","91211506","90039798","(17,2)","0","(10026000)","(0,0)","-1","","","1","",""
"24025634","0","4001","34","40","90039275","91211506","90039798","(17,2)","0","(10026000)","(0,0)","-1","","","1","",""
"24025635","0","4001","35","40","90039276","91211506","90039798","(17,2)","0","(10026000)","(0,0)","-1","","","1","",""
"24025636","0","4001","36","40","90039277","91211506","90039798","(17,2)","0","(10026000)","(0,0)","-1","","","1","",""
"24025637","0","4001","37","40","90039278","91211506","90039798","(17,2)","0","(10026000)","(0,0)","-1","","","1","",""
"24025638","0","4001","38","40","90039279","91211506","90039798","(17,2)","0","(10026000)","(0,0)","-1","","","1","",""
"24025639","0","4001","39","40","90039280","91211506","90039798","(17,2)","0","(10026000)","(0,0)","-1","","","1","",""
"24025640","0","4001","40","40","90039281","91211506","90039798","(17,2)","0","(10026000)","(0,0)","-1","","","1","",""
"24025701","0","4011","1","30","90039192","91211504","90039642","(17,2)","0","(10026010)","(0,0)","-1","","","1","",""
"24025702","0","4011","2","30","90039193","91211504","90039642","(17,2)","0","(10026010)","(0,0)","-1","","","1","",""
"24025703","0","4011","3","30","90039194","91211504","90039642","(17,2)","0","(10026010)","(0,0)","-1","","","1","",""
"24025704","0","4011","4","30","90039195","91211504","90039642","(17,2)","0","(10026010)","(0,0)","-1","","","1","",""
"24025705","0","4011","5","30","90039196","91211504","90039642","(17,2)","0","(10026010)","(0,0)","-1","","","1","",""
"24025706","0","4011","6","30","90039197","91211504","90039642","(17,2)","0","(10026010)","(0,0)","-1","","","1","",""
"24025707","0","4011","7","30","90039192","91211504","90039642","(17,2)","0","(10026010)","(0,0)","-1","","","1","",""
"24025708","0","4011","8","30","90039193","91211504","90039642","(17,2)","0","(10026010)","(0,0)","-1","","","1","",""
"24025709","0","4011","9","30","90039194","91211504","90039642","(17,2)","0","(10026010)","(0,0)","-1","","","1","",""
"24025710","0","4011","10","30","90039195","91211504","90039642","(17,2)","0","(10026010)","(0,0)","-1","","","1","",""
"24025711","0","4011","11","30","90039196","91211504","90039642","(17,2)","0","(10026010)","(0,0)","-1","","","1","",""
"24025712","0","4011","12","30","90039197","91211504","90039642","(17,2)","0","(10026010)","(0,0)","-1","","","1","",""
"24025713","0","4011","13","30","90039192","91211504","90039642","(17,2)","0","(10026010)","(0,0)","-1","","","1","",""
"24025714","0","4011","14","30","90039193","91211504","90039642","(17,2)","0","(10026010)","(0,0)","-1","","","1","",""
"24025715","0","4011","15","30","90039194","91211504","90039642","(17,2)","0","(10026010)","(0,0)","-1","","","1","",""
"24025716","0","4011","16","30","90039195","91211504","90039642","(17,2)","0","(10026010)","(0,0)","-1","","","1","",""
"24025717","0","4011","17","30","90039196","91211504","90039642","(17,2)","0","(10026010)","(0,0)","-1","","","1","",""
"24025718","0","4011","18","30","90039197","91211504","90039642","(17,2)","0","(10026010)","(0,0)","-1","","","1","",""
"24025719","0","4011","19","30","90039192","91211504","90039642","(17,2)","0","(10026010)","(0,0)","-1","","","1","",""
"24025720","0","4011","20","30","90039193","91211504","90039642","(17,2)","0","(10026010)","(0,0)","-1","","","1","",""
"24025721","0","4011","21","30","90039194","91211504","90039642","(17,2)","0","(10026010)","(0,0)","-1","","","1","",""
"24025722","0","4011","22","30","90039195","91211504","90039642","(17,2)","0","(10026010)","(0,0)","-1","","","1","",""
"24025723","0","4011","23","30","90039196","91211504","90039642","(17,2)","0","(10026010)","(0,0)","-1","","","1","",""
"24025724","0","4011","24","30","90039197","91211504","90039642","(17,2)","0","(10026010)","(0,0)","-1","","","1","",""
"24025725","0","4011","25","30","90039192","91211504","90039642","(17,2)","0","(10026010)","(0,0)","-1","","","1","",""
"24025726","0","4011","26","30","90039193","91211504","90039642","(17,2)","0","(10026010)","(0,0)","-1","","","1","",""
"24025727","0","4011","27","30","90039194","91211504","90039642","(17,2)","0","(10026010)","(0,0)","-1","","","1","",""
"24025728","0","4011","28","30","90039195","91211504","90039642","(17,2)","0","(10026010)","(0,0)","-1","","","1","",""
"24025729","0","4011","29","30","90039196","91211504","90039642","(17,2)","0","(10026010)","(0,0)","-1","","","1","",""
"24025730","0","4011","30","30","90039197","91211504","90039642","(17,2)","0","(10026010)","(0,0)","-1","","","1","",""
"24025801","0","4021","1","30","90039008","91211501","90039834","(17,2)","0","(10026020)","(0,0)","-1","","","1","",""
"24025802","0","4021","2","30","90039009","91211501","90039834","(17,2)","0","(10026020)","(0,0)","-1","","","1","",""
"24025803","0","4021","3","30","90039010","91211501","90039834","(17,2)","0","(10026020)","(0,0)","-1","","","1","",""
"24025804","0","4021","4","30","90039222","91211501","90039834","(17,2)","0","(10026020)","(0,0)","-1","","","1","",""
"24025805","0","4021","5","30","90039223","91211501","90039834","(17,2)","0","(10026020)","(0,0)","-1","","","1","",""
"24025806","0","4021","6","30","90039224","91211501","90039834","(17,2)","0","(10026020)","(0,0)","-1","","","1","",""
"24025807","0","4021","7","30","90039008","91211501","90039834","(17,2)","0","(10026020)","(0,0)","-1","","","1","",""
"24025808","0","4021","8","30","90039009","91211501","90039834","(17,2)","0","(10026020)","(0,0)","-1","","","1","",""
"24025809","0","4021","9","30","90039010","91211501","90039834","(17,2)","0","(10026020)","(0,0)","-1","","","1","",""
"24025810","0","4021","10","30","90039222","91211501","90039834","(17,2)","0","(10026020)","(0,0)","-1","","","1","",""
"24025811","0","4021","11","30","90039223","91211501","90039834","(17,2)","0","(10026020)","(0,0)","-1","","","1","",""
"24025812","0","4021","12","30","90039224","91211501","90039834","(17,2)","0","(10026020)","(0,0)","-1","","","1","",""
"24025813","0","4021","13","30","90039008","91211501","90039834","(17,2)","0","(10026020)","(0,0)","-1","","","1","",""
"24025814","0","4021","14","30","90039009","91211501","90039834","(17,2)","0","(10026020)","(0,0)","-1","","","1","",""
"24025815","0","4021","15","30","90039010","91211501","90039834","(17,2)","0","(10026020)","(0,0)","-1","","","1","",""
"24025816","0","4021","16","30","90039222","91211501","90039834","(17,2)","0","(10026020)","(0,0)","-1","","","1","",""
"24025817","0","4021","17","30","90039223","91211501","90039834","(17,2)","0","(10026020)","(0,0)","-1","","","1","",""
"24025818","0","4021","18","30","90039224","91211501","90039834","(17,2)","0","(10026020)","(0,0)","-1","","","1","",""
"24025819","0","4021","19","30","90039008","91211501","90039834","(17,2)","0","(10026020)","(0,0)","-1","","","1","",""
"24025820","0","4021","20","30","90039009","91211501","90039834","(17,2)","0","(10026020)","(0,0)","-1","","","1","",""
"24025821","0","4021","21","30","90039010","91211501","90039834","(17,2)","0","(10026020)","(0,0)","-1","","","1","",""
"24025822","0","4021","22","30","90039222","91211501","90039834","(17,2)","0","(10026020)","(0,0)","-1","","","1","",""
"24025823","0","4021","23","30","90039223","91211501","90039834","(17,2)","0","(10026020)","(0,0)","-1","","","1","",""
"24025824","0","4021","24","30","90039224","91211501","90039834","(17,2)","0","(10026020)","(0,0)","-1","","","1","",""
"24025825","0","4021","25","30","90039008","91211501","90039834","(17,2)","0","(10026020)","(0,0)","-1","","","1","",""
"24025826","0","4021","26","30","90039009","91211501","90039834","(17,2)","0","(10026020)","(0,0)","-1","","","1","",""
"24025827","0","4021","27","30","90039010","91211501","90039834","(17,2)","0","(10026020)","(0,0)","-1","","","1","",""
"24025828","0","4021","28","30","90039222","91211501","90039834","(17,2)","0","(10026020)","(0,0)","-1","","","1","",""
"24025829","0","4021","29","30","90039223","91211501","90039834","(17,2)","0","(10026020)","(0,0)","-1","","","1","",""
"24025830","0","4021","30","30","90039224","91211501","90039834","(17,2)","0","(10026020)","(0,0)","-1","","","1","",""
"24025901","0","4031","1","50","90039202","91211510","90039652","(17,3)","0","(10026030)","(0,0)","-1","","","1","","(0,120)"
"24025902","0","4031","2","50","90039203","91211510","90039652","(17,3)","0","(10026030)","(0,0)","-1","","","1","",""
"24025903","0","4031","3","50","90039204","91211510","90039652","(17,3)","0","(10026030)","(0,0)","-1","","","1","",""
"24025904","0","4031","4","50","90039205","91211510","90039652","(17,3)","0","(10026030)","(0,0)","-1","","","1","",""
"24025905","0","4031","5","50","90039206","91211510","90039652","(17,3)","0","(10026030)","(0,0)","-1","","","1","",""
"24025906","0","4031","6","50","90039207","91211510","90039652","(17,3)","0","(10026030)","(0,0)","-1","","","1","",""
"24025907","0","4031","7","50","90039208","91211510","90039652","(17,3)","0","(10026030)","(0,0)","-1","","","1","",""
"24025908","0","4031","8","50","90039209","91211510","90039652","(17,3)","0","(10026030)","(0,0)","-1","","","1","",""
"24025909","0","4031","9","50","90039210","91211510","90039652","(17,3)","0","(10026030)","(0,0)","-1","","","1","",""
"24025910","0","4031","10","50","90039211","91211510","90039652","(17,3)","0","(10026030)","(0,0)","-1","","","1","",""
"24025911","0","4031","11","50","90039202","91211510","90039652","(17,3)","0","(10026030)","(0,0)","-1","","","1","",""
"24025912","0","4031","12","50","90039203","91211510","90039652","(17,3)","0","(10026030)","(0,0)","-1","","","1","",""
"24025913","0","4031","13","50","90039204","91211510","90039652","(17,3)","0","(10026030)","(0,0)","-1","","","1","",""
"24025914","0","4031","14","50","90039205","91211510","90039652","(17,3)","0","(10026030)","(0,0)","-1","","","1","",""
"24025915","0","4031","15","50","90039206","91211510","90039652","(17,3)","0","(10026030)","(0,0)","-1","","","1","",""
"24025916","0","4031","16","50","90039207","91211510","90039652","(17,3)","0","(10026030)","(0,0)","-1","","","1","",""
"24025917","0","4031","17","50","90039208","91211510","90039652","(17,3)","0","(10026030)","(0,0)","-1","","","1","",""
"24025918","0","4031","18","50","90039209","91211510","90039652","(17,3)","0","(10026030)","(0,0)","-1","","","1","",""
"24025919","0","4031","19","50","90039210","91211510","90039652","(17,3)","0","(10026030)","(0,0)","-1","","","1","",""
"24025920","0","4031","20","50","90039211","91211510","90039652","(17,3)","0","(10026030)","(0,0)","-1","","","1","",""
"24025921","0","4031","21","50","90039202","91211510","90039652","(17,3)","0","(10026030)","(0,0)","-1","","","1","",""
"24025922","0","4031","22","50","90039203","91211510","90039652","(17,3)","0","(10026030)","(0,0)","-1","","","1","",""
"24025923","0","4031","23","50","90039204","91211510","90039652","(17,3)","0","(10026030)","(0,0)","-1","","","1","",""
"24025924","0","4031","24","50","90039205","91211510","90039652","(17,3)","0","(10026030)","(0,0)","-1","","","1","",""
"24025925","0","4031","25","50","90039206","91211510","90039652","(17,3)","0","(10026030)","(0,0)","-1","","","1","",""
"24025926","0","4031","26","50","90039207","91211510","90039652","(17,3)","0","(10026030)","(0,0)","-1","","","1","",""
"24025927","0","4031","27","50","90039208","91211510","90039652","(17,3)","0","(10026030)","(0,0)","-1","","","1","",""
"24025928","0","4031","28","50","90039209","91211510","90039652","(17,3)","0","(10026030)","(0,0)","-1","","","1","",""
"24025929","0","4031","29","50","90039210","91211510","90039652","(17,3)","0","(10026030)","(0,0)","-1","","","1","",""
"24025930","0","4031","30","50","90039211","91211510","90039652","(17,3)","0","(10026030)","(0,0)","-1","","","1","",""
"24025931","0","4031","31","50","90039202","91211510","90039652","(17,3)","0","(10026030)","(0,0)","-1","","","1","",""
"24025932","0","4031","32","50","90039203","91211510","90039652","(17,3)","0","(10026030)","(0,0)","-1","","","1","",""
"24025933","0","4031","33","50","90039204","91211510","90039652","(17,3)","0","(10026030)","(0,0)","-1","","","1","",""
"24025934","0","4031","34","50","90039205","91211510","90039652","(17,3)","0","(10026030)","(0,0)","-1","","","1","",""
"24025935","0","4031","35","50","90039206","91211510","90039652","(17,3)","0","(10026030)","(0,0)","-1","","","1","",""
"24025936","0","4031","36","50","90039207","91211510","90039652","(17,3)","0","(10026030)","(0,0)","-1","","","1","",""
"24025937","0","4031","37","50","90039208","91211510","90039652","(17,3)","0","(10026030)","(0,0)","-1","","","1","",""
"24025938","0","4031","38","50","90039209","91211510","90039652","(17,3)","0","(10026030)","(0,0)","-1","","","1","",""
"24025939","0","4031","39","50","90039210","91211510","90039652","(17,3)","0","(10026030)","(0,0)","-1","","","1","",""
"24025940","0","4031","40","50","90039211","91211510","90039652","(17,3)","0","(10026030)","(0,0)","-1","","","1","",""
"24025941","0","4031","41","50","90039202","91211510","90039652","(17,3)","0","(10026030)","(0,0)","-1","","","1","",""
"24025942","0","4031","42","50","90039203","91211510","90039652","(17,3)","0","(10026030)","(0,0)","-1","","","1","",""
"24025943","0","4031","43","50","90039204","91211510","90039652","(17,3)","0","(10026030)","(0,0)","-1","","","1","",""
"24025944","0","4031","44","50","90039205","91211510","90039652","(17,3)","0","(10026030)","(0,0)","-1","","","1","",""
"24025945","0","4031","45","50","90039206","91211510","90039652","(17,3)","0","(10026030)","(0,0)","-1","","","1","",""
"24025946","0","4031","46","50","90039207","91211510","90039652","(17,3)","0","(10026030)","(0,0)","-1","","","1","",""
"24025947","0","4031","47","50","90039208","91211510","90039652","(17,3)","0","(10026030)","(0,0)","-1","","","1","",""
"24025948","0","4031","48","50","90039209","91211510","90039652","(17,3)","0","(10026030)","(0,0)","-1","","","1","",""
"24025949","0","4031","49","50","90039210","91211510","90039652","(17,3)","0","(10026030)","(0,0)","-1","","","1","",""
"24025950","0","4031","50","50","90039211","91211510","90039652","(17,3)","0","(10026030)","(0,0)","-1","","","1","",""
"24026001","0","4041","1","50","90039249","91211505","90039699","(17,3)","0","(10026050)","(0,0)","-1","","","1","","(0,120)"
"24026002","0","4041","2","50","90039250","91211505","90039699","(17,3)","0","(10026050)","(0,0)","-1","","","1","",""
"24026003","0","4041","3","50","90039251","91211505","90039699","(17,3)","0","(10026050)","(0,0)","-1","","","1","",""
"24026004","0","4041","4","50","90039252","91211505","90039699","(17,3)","0","(10026050)","(0,0)","-1","","","1","",""
"24026005","0","4041","5","50","90039253","91211505","90039699","(17,3)","0","(10026050)","(0,0)","-1","","","1","",""
"24026006","0","4041","6","50","90039254","91211505","90039699","(17,3)","0","(10026050)","(0,0)","-1","","","1","",""
"24026007","0","4041","7","50","90039255","91211505","90039699","(17,3)","0","(10026050)","(0,0)","-1","","","1","",""
"24026008","0","4041","8","50","90039256","91211505","90039699","(17,3)","0","(10026050)","(0,0)","-1","","","1","",""
"24026009","0","4041","9","50","90039257","91211505","90039699","(17,3)","0","(10026050)","(0,0)","-1","","","1","",""
"24026010","0","4041","10","50","90039258","91211505","90039699","(17,3)","0","(10026050)","(0,0)","-1","","","1","",""
"24026011","0","4041","11","50","90039249","91211505","90039699","(17,3)","0","(10026050)","(0,0)","-1","","","1","",""
"24026012","0","4041","12","50","90039250","91211505","90039699","(17,3)","0","(10026050)","(0,0)","-1","","","1","",""
"24026013","0","4041","13","50","90039251","91211505","90039699","(17,3)","0","(10026050)","(0,0)","-1","","","1","",""
"24026014","0","4041","14","50","90039252","91211505","90039699","(17,3)","0","(10026050)","(0,0)","-1","","","1","",""
"24026015","0","4041","15","50","90039253","91211505","90039699","(17,3)","0","(10026050)","(0,0)","-1","","","1","",""
"24026016","0","4041","16","50","90039254","91211505","90039699","(17,3)","0","(10026050)","(0,0)","-1","","","1","",""
"24026017","0","4041","17","50","90039255","91211505","90039699","(17,3)","0","(10026050)","(0,0)","-1","","","1","",""
"24026018","0","4041","18","50","90039256","91211505","90039699","(17,3)","0","(10026050)","(0,0)","-1","","","1","",""
"24026019","0","4041","19","50","90039257","91211505","90039699","(17,3)","0","(10026050)","(0,0)","-1","","","1","",""
"24026020","0","4041","20","50","90039258","91211505","90039699","(17,3)","0","(10026050)","(0,0)","-1","","","1","",""
"24026021","0","4041","21","50","90039249","91211505","90039699","(17,3)","0","(10026050)","(0,0)","-1","","","1","",""
"24026022","0","4041","22","50","90039250","91211505","90039699","(17,3)","0","(10026050)","(0,0)","-1","","","1","",""
"24026023","0","4041","23","50","90039251","91211505","90039699","(17,3)","0","(10026050)","(0,0)","-1","","","1","",""
"24026024","0","4041","24","50","90039252","91211505","90039699","(17,3)","0","(10026050)","(0,0)","-1","","","1","",""
"24026025","0","4041","25","50","90039253","91211505","90039699","(17,3)","0","(10026050)","(0,0)","-1","","","1","",""
"24026026","0","4041","26","50","90039254","91211505","90039699","(17,3)","0","(10026050)","(0,0)","-1","","","1","",""
"24026027","0","4041","27","50","90039255","91211505","90039699","(17,3)","0","(10026050)","(0,0)","-1","","","1","",""
"24026028","0","4041","28","50","90039256","91211505","90039699","(17,3)","0","(10026050)","(0,0)","-1","","","1","",""
"24026029","0","4041","29","50","90039257","91211505","90039699","(17,3)","0","(10026050)","(0,0)","-1","","","1","",""
"24026030","0","4041","30","50","90039258","91211505","90039699","(17,3)","0","(10026050)","(0,0)","-1","","","1","",""
"24026031","0","4041","31","50","90039249","91211505","90039699","(17,3)","0","(10026050)","(0,0)","-1","","","1","",""
"24026032","0","4041","32","50","90039250","91211505","90039699","(17,3)","0","(10026050)","(0,0)","-1","","","1","",""
"24026033","0","4041","33","50","90039251","91211505","90039699","(17,3)","0","(10026050)","(0,0)","-1","","","1","",""
"24026034","0","4041","34","50","90039252","91211505","90039699","(17,3)","0","(10026050)","(0,0)","-1","","","1","",""
"24026035","0","4041","35","50","90039253","91211505","90039699","(17,3)","0","(10026050)","(0,0)","-1","","","1","",""
"24026036","0","4041","36","50","90039254","91211505","90039699","(17,3)","0","(10026050)","(0,0)","-1","","","1","",""
"24026037","0","4041","37","50","90039255","91211505","90039699","(17,3)","0","(10026050)","(0,0)","-1","","","1","",""
"24026038","0","4041","38","50","90039256","91211505","90039699","(17,3)","0","(10026050)","(0,0)","-1","","","1","",""
"24026039","0","4041","39","50","90039257","91211505","90039699","(17,3)","0","(10026050)","(0,0)","-1","","","1","",""
"24026040","0","4041","40","50","90039258","91211505","90039699","(17,3)","0","(10026050)","(0,0)","-1","","","1","",""
"24026041","0","4041","41","50","90039249","91211505","90039699","(17,3)","0","(10026050)","(0,0)","-1","","","1","",""
"24026042","0","4041","42","50","90039250","91211505","90039699","(17,3)","0","(10026050)","(0,0)","-1","","","1","",""
"24026043","0","4041","43","50","90039251","91211505","90039699","(17,3)","0","(10026050)","(0,0)","-1","","","1","",""
"24026044","0","4041","44","50","90039252","91211505","90039699","(17,3)","0","(10026050)","(0,0)","-1","","","1","",""
"24026045","0","4041","45","50","90039253","91211505","90039699","(17,3)","0","(10026050)","(0,0)","-1","","","1","",""
"24026046","0","4041","46","50","90039254","91211505","90039699","(17,3)","0","(10026050)","(0,0)","-1","","","1","",""
"24026047","0","4041","47","50","90039255","91211505","90039699","(17,3)","0","(10026050)","(0,0)","-1","","","1","",""
"24026048","0","4041","48","50","90039256","91211505","90039699","(17,3)","0","(10026050)","(0,0)","-1","","","1","",""
"24026049","0","4041","49","50","90039257","91211505","90039699","(17,3)","0","(10026050)","(0,0)","-1","","","1","",""
"24026050","0","4041","50","50","90039258","91211505","90039699","(17,3)","0","(10026050)","(0,0)","-1","","","1","",""
"24026101","0","4051","1","50","90039302","91211582","90039782","(17,3)","0","(10026040)","(0,0)","-1","","","1","","(0,120)"
"24026102","0","4051","2","50","90039302","91211582","90039782","(17,3)","0","(10026040)","(0,0)","-1","","","1","",""
"24026103","0","4051","3","50","90039302","91211582","90039782","(17,3)","0","(10026040)","(0,0)","-1","","","1","",""
"24026104","0","4051","4","50","90039302","91211582","90039782","(17,3)","0","(10026040)","(0,0)","-1","","","1","",""
"24026105","0","4051","5","50","90039302","91211582","90039782","(17,3)","0","(10026040)","(0,0)","-1","","","1","",""
"24026106","0","4051","6","50","90039302","91211582","90039782","(17,3)","0","(10026040)","(0,0)","-1","","","1","",""
"24026107","0","4051","7","50","90039302","91211582","90039782","(17,3)","0","(10026040)","(0,0)","-1","","","1","",""
"24026108","0","4051","8","50","90039302","91211582","90039782","(17,3)","0","(10026040)","(0,0)","-1","","","1","",""
"24026109","0","4051","9","50","90039302","91211582","90039782","(17,3)","0","(10026040)","(0,0)","-1","","","1","",""
"24026110","0","4051","10","50","90039302","91211582","90039782","(17,3)","0","(10026040)","(0,0)","-1","","","1","",""
"24026111","0","4051","11","50","90039302","91211582","90039782","(17,3)","0","(10026040)","(0,0)","-1","","","1","",""
"24026112","0","4051","12","50","90039302","91211582","90039782","(17,3)","0","(10026040)","(0,0)","-1","","","1","",""
"24026113","0","4051","13","50","90039302","91211582","90039782","(17,3)","0","(10026040)","(0,0)","-1","","","1","",""
"24026114","0","4051","14","50","90039302","91211582","90039782","(17,3)","0","(10026040)","(0,0)","-1","","","1","",""
"24026115","0","4051","15","50","90039302","91211582","90039782","(17,3)","0","(10026040)","(0,0)","-1","","","1","",""
"24026116","0","4051","16","50","90039302","91211582","90039782","(17,3)","0","(10026040)","(0,0)","-1","","","1","",""
"24026117","0","4051","17","50","90039302","91211582","90039782","(17,3)","0","(10026040)","(0,0)","-1","","","1","",""
"24026118","0","4051","18","50","90039302","91211582","90039782","(17,3)","0","(10026040)","(0,0)","-1","","","1","",""
"24026119","0","4051","19","50","90039302","91211582","90039782","(17,3)","0","(10026040)","(0,0)","-1","","","1","",""
"24026120","0","4051","20","50","90039302","91211582","90039782","(17,3)","0","(10026040)","(0,0)","-1","","","1","",""
"24026121","0","4051","21","50","90039302","91211582","90039782","(17,3)","0","(10026040)","(0,0)","-1","","","1","",""
"24026122","0","4051","22","50","90039302","91211582","90039782","(17,3)","0","(10026040)","(0,0)","-1","","","1","",""
"24026123","0","4051","23","50","90039302","91211582","90039782","(17,3)","0","(10026040)","(0,0)","-1","","","1","",""
"24026124","0","4051","24","50","90039302","91211582","90039782","(17,3)","0","(10026040)","(0,0)","-1","","","1","",""
"24026125","0","4051","25","50","90039302","91211582","90039782","(17,3)","0","(10026040)","(0,0)","-1","","","1","",""
"24026126","0","4051","26","50","90039302","91211582","90039782","(17,3)","0","(10026040)","(0,0)","-1","","","1","",""
"24026127","0","4051","27","50","90039302","91211582","90039782","(17,3)","0","(10026040)","(0,0)","-1","","","1","",""
"24026128","0","4051","28","50","90039302","91211582","90039782","(17,3)","0","(10026040)","(0,0)","-1","","","1","",""
"24026129","0","4051","29","50","90039302","91211582","90039782","(17,3)","0","(10026040)","(0,0)","-1","","","1","",""
"24026130","0","4051","30","50","90039302","91211582","90039782","(17,3)","0","(10026040)","(0,0)","-1","","","1","",""
"24026131","0","4051","31","50","90039302","91211582","90039782","(17,3)","0","(10026040)","(0,0)","-1","","","1","",""
"24026132","0","4051","32","50","90039302","91211582","90039782","(17,3)","0","(10026040)","(0,0)","-1","","","1","",""
"24026133","0","4051","33","50","90039302","91211582","90039782","(17,3)","0","(10026040)","(0,0)","-1","","","1","",""
"24026134","0","4051","34","50","90039302","91211582","90039782","(17,3)","0","(10026040)","(0,0)","-1","","","1","",""
"24026135","0","4051","35","50","90039302","91211582","90039782","(17,3)","0","(10026040)","(0,0)","-1","","","1","",""
"24026136","0","4051","36","50","90039302","91211582","90039782","(17,3)","0","(10026040)","(0,0)","-1","","","1","",""
"24026137","0","4051","37","50","90039302","91211582","90039782","(17,3)","0","(10026040)","(0,0)","-1","","","1","",""
"24026138","0","4051","38","50","90039302","91211582","90039782","(17,3)","0","(10026040)","(0,0)","-1","","","1","",""
"24026139","0","4051","39","50","90039302","91211582","90039782","(17,3)","0","(10026040)","(0,0)","-1","","","1","",""
"24026140","0","4051","40","50","90039302","91211582","90039782","(17,3)","0","(10026040)","(0,0)","-1","","","1","",""
"24026141","0","4051","41","50","90039302","91211582","90039782","(17,3)","0","(10026040)","(0,0)","-1","","","1","",""
"24026142","0","4051","42","50","90039302","91211582","90039782","(17,3)","0","(10026040)","(0,0)","-1","","","1","",""
"24026143","0","4051","43","50","90039302","91211582","90039782","(17,3)","0","(10026040)","(0,0)","-1","","","1","",""
"24026144","0","4051","44","50","90039302","91211582","90039782","(17,3)","0","(10026040)","(0,0)","-1","","","1","",""
"24026145","0","4051","45","50","90039302","91211582","90039782","(17,3)","0","(10026040)","(0,0)","-1","","","1","",""
"24026146","0","4051","46","50","90039302","91211582","90039782","(17,3)","0","(10026040)","(0,0)","-1","","","1","",""
"24026147","0","4051","47","50","90039302","91211582","90039782","(17,3)","0","(10026040)","(0,0)","-1","","","1","",""
"24026148","0","4051","48","50","90039302","91211582","90039782","(17,3)","0","(10026040)","(0,0)","-1","","","1","",""
"24026149","0","4051","49","50","90039302","91211582","90039782","(17,3)","0","(10026040)","(0,0)","-1","","","1","",""
"24026150","0","4051","50","50","90039302","91211582","90039782","(17,3)","0","(10026040)","(0,0)","-1","","","1","",""
"24026201","0","4061","1","20","90039269","91211581","90039719","(17,5)","24025930","(10370010,10370011,10370012)","(0,0)","-1","","","1","50",""
"24026202","0","4061","2","20","90039269","91211581","90039719","(17,5)","0","(10370010,10370011,10370012)","(0,0)","-1","","","1","50",""
"24026203","0","4061","3","20","90039269","91211581","90039719","(17,5)","0","(10370010,10370011,10370012)","(0,0)","-1","","","1","50",""
"24026204","0","4061","4","20","90039269","91211581","90039719","(17,5)","0","(10370010,10370011,10370012)","(0,0)","-1","","","1","50",""
"24026205","0","4061","5","20","90039269","91211581","90039719","(17,5)","0","(10370010,10370011,10370012)","(0,0)","-1","","","1","50",""
"24026206","0","4061","6","20","90039269","91211581","90039719","(17,5)","0","(10370010,10370011,10370012)","(0,0)","-1","","","1","50",""
"24026207","0","4061","7","20","90039269","91211581","90039719","(17,5)","0","(10370010,10370011,10370012)","(0,0)","-1","","","1","50",""
"24026208","0","4061","8","20","90039269","91211581","90039719","(17,5)","0","(10370010,10370011,10370012)","(0,0)","-1","","","1","50",""
"24026209","0","4061","9","20","90039269","91211581","90039719","(17,5)","0","(10370010,10370011,10370012)","(0,0)","-1","","","1","50",""
"24026210","0","4061","10","20","90039269","91211581","90039719","(17,5)","0","(10370010,10370011,10370012)","(0,0)","-1","","","1","50",""
"24026211","0","4061","11","20","90039269","91211581","90039719","(17,5)","0","(10370010,10370011,10370012)","(0,0)","-1","","","1","50",""
"24026212","0","4061","12","20","90039269","91211581","90039719","(17,5)","0","(10370010,10370011,10370012)","(0,0)","-1","","","1","50",""
"24026213","0","4061","13","20","90039269","91211581","90039719","(17,5)","0","(10370010,10370011,10370012)","(0,0)","-1","","","1","50",""
"24026214","0","4061","14","20","90039269","91211581","90039719","(17,5)","0","(10370010,10370011,10370012)","(0,0)","-1","","","1","50",""
"24026215","0","4061","15","20","90039269","91211581","90039719","(17,5)","0","(10370010,10370011,10370012)","(0,0)","-1","","","1","50",""
"24026216","0","4061","16","20","90039269","91211581","90039719","(17,5)","0","(10370010,10370011,10370012)","(0,0)","-1","","","1","50",""
"24026217","0","4061","17","20","90039269","91211581","90039719","(17,5)","0","(10370010,10370011,10370012)","(0,0)","-1","","","1","50",""
"24026218","0","4061","18","20","90039269","91211581","90039719","(17,5)","0","(10370010,10370011,10370012)","(0,0)","-1","","","1","50",""
"24026219","0","4061","19","20","90039269","91211581","90039719","(17,5)","0","(10370010,10370011,10370012)","(0,0)","-1","","","1","50",""
"24026220","0","4061","20","20","90039269","91211581","90039719","(17,5)","0","(10370010,10370011,10370012)","(0,0)","-1","","","1","50",""
"24026301","0","4071","1","20","90039272","91211508","90039722","(17,5)","24026030","(10340002)","(0,0)","-1","","","1","50",""
"24026302","0","4071","2","20","90039272","91211508","90039722","(17,5)","0","(10340002)","(0,0)","-1","","","1","50",""
"24026303","0","4071","3","20","90039272","91211508","90039722","(17,5)","0","(10340002)","(0,0)","-1","","","1","50",""
"24026304","0","4071","4","20","90039272","91211508","90039722","(17,5)","0","(10340002)","(0,0)","-1","","","1","50",""
"24026305","0","4071","5","20","90039272","91211508","90039722","(17,5)","0","(10340002)","(0,0)","-1","","","1","50",""
"24026306","0","4071","6","20","90039272","91211508","90039722","(17,5)","0","(10340002)","(0,0)","-1","","","1","50",""
"24026307","0","4071","7","20","90039272","91211508","90039722","(17,5)","0","(10340002)","(0,0)","-1","","","1","50",""
"24026308","0","4071","8","20","90039272","91211508","90039722","(17,5)","0","(10340002)","(0,0)","-1","","","1","50",""
"24026309","0","4071","9","20","90039272","91211508","90039722","(17,5)","0","(10340002)","(0,0)","-1","","","1","50",""
"24026310","0","4071","10","20","90039272","91211508","90039722","(17,5)","0","(10340002)","(0,0)","-1","","","1","50",""
"24026311","0","4071","11","20","90039272","91211508","90039722","(17,5)","0","(10340002)","(0,0)","-1","","","1","50",""
"24026312","0","4071","12","20","90039272","91211508","90039722","(17,5)","0","(10340002)","(0,0)","-1","","","1","50",""
"24026313","0","4071","13","20","90039272","91211508","90039722","(17,5)","0","(10340002)","(0,0)","-1","","","1","50",""
"24026314","0","4071","14","20","90039272","91211508","90039722","(17,5)","0","(10340002)","(0,0)","-1","","","1","50",""
"24026315","0","4071","15","20","90039272","91211508","90039722","(17,5)","0","(10340002)","(0,0)","-1","","","1","50",""
"24026316","0","4071","16","20","90039272","91211508","90039722","(17,5)","0","(10340002)","(0,0)","-1","","","1","50",""
"24026317","0","4071","17","20","90039272","91211508","90039722","(17,5)","0","(10340002)","(0,0)","-1","","","1","50",""
"24026318","0","4071","18","20","90039272","91211508","90039722","(17,5)","0","(10340002)","(0,0)","-1","","","1","50",""
"24026319","0","4071","19","20","90039272","91211508","90039722","(17,5)","0","(10340002)","(0,0)","-1","","","1","50",""
"24026320","0","4071","20","20","90039272","91211508","90039722","(17,5)","0","(10340002)","(0,0)","-1","","","1","50",""
"24026401","0","4081","1","10","90039023","91211507","90039473","(17,10)","24026130","(10350001)","(0,0)","-1","","","1","100",""
"24026402","0","4081","2","10","90039024","91211507","90039473","(17,10)","0","(10350001)","(0,0)","-1","","","1","100",""
"24026403","0","4081","3","10","90039025","91211507","90039473","(17,10)","0","(10350001)","(0,0)","-1","","","1","100",""
"24026404","0","4081","4","10","90039024","91211507","90039473","(17,10)","0","(10350001)","(0,0)","-1","","","1","100",""
"24026405","0","4081","5","10","90039025","91211507","90039473","(17,10)","0","(10350001)","(0,0)","-1","","","1","100",""
"24026406","0","4081","6","10","90039023","91211507","90039473","(17,10)","0","(10350001)","(0,0)","-1","","","1","100",""
"24026407","0","4081","7","10","90039024","91211507","90039473","(17,10)","0","(10350001)","(0,0)","-1","","","1","100",""
"24026408","0","4081","8","10","90039025","91211507","90039473","(17,10)","0","(10350001)","(0,0)","-1","","","1","100",""
"24026409","0","4081","9","10","90039024","91211507","90039473","(17,10)","0","(10350001)","(0,0)","-1","","","1","100",""
"24026410","0","4081","10","10","90039025","91211507","90039473","(17,10)","0","(10350001)","(0,0)","-1","","","1","100",""
"24026501","2","4091","1","3","90039144","91211708","90039594","(22,15)","0","(0,0)","(48021,13048022)","-1","","","0","250","(0,200)"
"24026502","2","4091","2","3","90039144","91211708","90039595","(22,15)","0","(0,0)","(48021,13048023)","-1","","","0","250",""
"24026503","2","4091","3","3","90039145","91211708","90039596","(22,20)","0","(0,0)","(48021,13048024)","-1","","","0","250",""
"24026601","2","4101","1","3","90039146","91211709","90039597","(22,15)","0","(0,0)","(48011,13048012)","-1","","","0","250","(0,200)"
"24026602","2","4101","2","3","90039147","91211709","90039598","(22,15)","0","(0,0)","(48011,13048013)","-1","","","0","250",""
"24026603","2","4101","3","3","90039148","91211709","90039599","(22,20)","0","(0,0)","(48011,13048014)","-1","","","0","250",""
"24026701","2","4111","1","10","90039149","91211710","90039600","(22,5)","0","(10340083)","(0,0)","-1","","","1","75","(0,200)"
"24026702","2","4111","2","10","90039150","91211710","90039600","(22,5)","0","(10340083)","(0,0)","-1","","","1","75",""
"24026703","2","4111","3","10","90039151","91211710","90039600","(22,5)","0","(10340083)","(0,0)","-1","","","1","75",""
"24026704","2","4111","4","10","90039152","91211710","90039600","(22,5)","0","(10340083)","(0,0)","-1","","","1","75",""
"24026705","2","4111","5","10","90039149","91211710","90039600","(22,5)","0","(10340083)","(0,0)","-1","","","1","75",""
"24026706","2","4111","6","10","90039150","91211710","90039600","(22,5)","0","(10340083)","(0,0)","-1","","","1","75",""
"24026707","2","4111","7","10","90039151","91211710","90039600","(22,5)","0","(10340083)","(0,0)","-1","","","1","75",""
"24026708","2","4111","8","10","90039152","91211710","90039600","(22,5)","0","(10340083)","(0,0)","-1","","","1","75",""
"24026709","2","4111","9","10","90039151","91211710","90039600","(22,5)","0","(10340083)","(0,0)","-1","","","1","75",""
"24026710","2","4111","10","10","90039152","91211710","90039600","(22,5)","0","(10340083)","(0,0)","-1","","","1","75",""
"24026801","2","4121","1","1","90039153","91211711","90039604","(22,50)","24026503","(0,0)","(48001,13048002)","-1","","","0","750",""
"24026901","2","4131","1","10","90039154","91211712","90039605","(22,5)","24026603","(10340087)","(0,0)","-1","","","1","75",""
"24026902","2","4131","2","10","90039155","91211712","90039605","(22,5)","0","(10340087)","(0,0)","-1","","","1","75",""
"24026903","2","4131","3","10","90039156","91211712","90039605","(22,5)","0","(10340087)","(0,0)","-1","","","1","75",""
"24026904","2","4131","4","10","90039154","91211712","90039605","(22,5)","0","(10340087)","(0,0)","-1","","","1","75",""
"24026905","2","4131","5","10","90039155","91211712","90039605","(22,5)","0","(10340087)","(0,0)","-1","","","1","75",""
"24026906","2","4131","6","10","90039156","91211712","90039605","(22,5)","0","(10340087)","(0,0)","-1","","","1","75",""
"24026907","2","4131","7","10","90039156","91211712","90039605","(22,5)","0","(10340087)","(0,0)","-1","","","1","75",""
"24026908","2","4131","8","10","90039154","91211712","90039605","(22,5)","0","(10340087)","(0,0)","-1","","","1","75",""
"24026909","2","4131","9","10","90039155","91211712","90039605","(22,5)","0","(10340087)","(0,0)","-1","","","1","75",""
"24026910","2","4131","10","10","90039156","91211712","90039605","(22,5)","0","(10340087)","(0,0)","-1","","","1","75",""
"24027001","2","4141","1","10","90039157","91211713","90039921","(22,5)","24026710","(10370027)","(0,0)","-1","","","1","75",""
"24027002","2","4141","2","10","90039158","91211713","90039921","(22,5)","0","(10370027)","(0,0)","-1","","","1","75",""
"24027003","2","4141","3","10","90039159","91211713","90039921","(22,5)","0","(10370027)","(0,0)","-1","","","1","75",""
"24027004","2","4141","4","10","90039157","91211713","90039921","(22,5)","0","(10370027)","(0,0)","-1","","","1","75",""
"24027005","2","4141","5","10","90039158","91211713","90039921","(22,5)","0","(10370027)","(0,0)","-1","","","1","75",""
"24027006","2","4141","6","10","90039159","91211713","90039921","(22,5)","0","(10370027)","(0,0)","-1","","","1","75",""
"24027007","2","4141","7","10","90039159","91211713","90039921","(22,5)","0","(10370027)","(0,0)","-1","","","1","75",""
"24027008","2","4141","8","10","90039157","91211713","90039921","(22,5)","0","(10370027)","(0,0)","-1","","","1","75",""
"24027009","2","4141","9","10","90039158","91211713","90039921","(22,5)","0","(10370027)","(0,0)","-1","","","1","75",""
"24027010","2","4141","10","10","90039159","91211713","90039921","(22,5)","0","(10370027)","(0,0)","-1","","","1","75",""
"24027101","2","4151","1","1","90039160","91211714","90039608","(22,50)","24026801","(10410001)","(0,0)","-1","","","0","750",""
"24027201","2","4161","1","1","90039161","91211715","90039609","(22,50)","24026910","(0,0)","(48011,13048015)","-1","","","0","750",""
"24027301","2","4491","1","1","90039415","91211716","90039911","(22,50)","24027010","(0,0)","(41001,13041002)","-1","","","0","750",""
"24027302","2","4491","2","3","90039416","91211716","90039912","(22,30)","0","(0,0)","(41001,13041003)","-1","","","0","",""
"24027303","2","4491","3","3","90039417","91211716","90039913","(22,30)","0","(0,0)","(41001,13041004)","-1","","","0","",""
"24027401","1","4171","1","1","90039162","91211717","90039613","(22,50)","0","(0,0)","(48041,13048042)","-1","","","0","750","(0,200)"
"24027501","1","4181","1","10","90039163","91211718","90039614","(22,5)","0","(10340074)","(0,0)","-1","","","1","75","(0,200)"
"24027502","1","4181","2","10","90039164","91211718","90039614","(22,5)","0","(10340074)","(0,0)","-1","","","1","75",""
"24027503","1","4181","3","10","90039165","91211718","90039614","(22,5)","0","(10340074)","(0,0)","-1","","","1","75",""
"24027504","1","4181","4","10","90039163","91211718","90039614","(22,5)","0","(10340074)","(0,0)","-1","","","1","75",""
"24027505","1","4181","5","10","90039164","91211718","90039614","(22,5)","0","(10340074)","(0,0)","-1","","","1","75",""
"24027506","1","4181","6","10","90039165","91211718","90039614","(22,5)","0","(10340074)","(0,0)","-1","","","1","75",""
"24027507","1","4181","7","10","90039165","91211718","90039614","(22,5)","0","(10340074)","(0,0)","-1","","","1","75",""
"24027508","1","4181","8","10","90039163","91211718","90039614","(22,5)","0","(10340074)","(0,0)","-1","","","1","75",""
"24027509","1","4181","9","10","90039164","91211718","90039614","(22,5)","0","(10340074)","(0,0)","-1","","","1","75",""
"24027510","1","4181","10","10","90039165","91211718","90039614","(22,5)","0","(10340074)","(0,0)","-1","","","1","75",""
"24027601","1","4191","1","10","90039166","91211719","90039617","(22,5)","0","(10370028)","(0,0)","-1","","","1","75","(0,200)"
"24027602","1","4191","2","10","90039167","91211719","90039617","(22,5)","0","(10370028)","(0,0)","-1","","","1","75",""
"24027603","1","4191","3","10","90039168","91211719","90039617","(22,5)","0","(10370028)","(0,0)","-1","","","1","75",""
"24027604","1","4191","4","10","90039166","91211719","90039617","(22,5)","0","(10370028)","(0,0)","-1","","","1","75",""
"24027605","1","4191","5","10","90039167","91211719","90039617","(22,5)","0","(10370028)","(0,0)","-1","","","1","75",""
"24027606","1","4191","6","10","90039168","91211719","90039617","(22,5)","0","(10370028)","(0,0)","-1","","","1","75",""
"24027607","1","4191","7","10","90039168","91211719","90039617","(22,5)","0","(10370028)","(0,0)","-1","","","1","75",""
"24027608","1","4191","8","10","90039166","91211719","90039617","(22,5)","0","(10370028)","(0,0)","-1","","","1","75",""
"24027609","1","4191","9","10","90039167","91211719","90039617","(22,5)","0","(10370028)","(0,0)","-1","","","1","75",""
"24027610","1","4191","10","10","90039168","91211719","90039617","(22,5)","0","(10370028)","(0,0)","-1","","","1","75",""
"24027701","1","4201","1","3","90039169","91211720","90039620","(22,15)","24027401","(0,0)","(48051,13048062)","-1","","","0","250",""
"24027702","1","4201","2","3","90039170","91211720","90039621","(22,15)","0","(0,0)","(48051,13048063)","-1","","","0","250",""
"24027703","1","4201","3","3","90039171","91211720","90039622","(22,20)","0","(0,0)","(48051,13048064)","-1","","","0","250",""
"24027801","1","4211","1","1","90039172","91211721","90039623","(22,50)","24027510","(0,0)","(42001,13042005)","-1","","","0","750",""
"24027901","1","4221","1","3","90039173","91211722","90039624","(22,15)","24027610","(0,0)","(41001,13041021)","-1","","","0","250",""
"24027902","1","4221","2","3","90039174","91211722","90039625","(22,15)","0","(0,0)","(41001,13041022)","-1","","","0","250",""
"24027903","1","4221","3","3","90039175","91211722","90039626","(22,20)","0","(0,0)","(41001,13041023)","-1","","","0","250",""
"24028001","1","4231","1","3","90039176","91211723","90039627","(22,15)","24027703","(0,0)","(48041,13048043)","-1","","","0","250",""
"24028002","1","4231","2","3","90039177","91211723","90039628","(22,15)","0","(0,0)","(48041,13048044)","-1","","","0","250",""
"24028003","1","4231","3","3","90039178","91211723","90039629","(22,20)","0","(0,0)","(48041,13048045)","-1","","","0","250",""
"24028101","1","4241","1","1","90039179","91211724","90039630","(22,50)","24027801","(0,0)","(42001,13042006)","-1","","","0","750",""
"24028201","1","4501","1","1","90039418","91211725","90039914","(22,50)","24027903","(0,0)","(41001,13041024)","-1","","","0","750",""
"24028301","3","4251","1","10","90075107","91211726","90077607","(22,5)","0","(10340067)","(0,0)","-1","","","1","75","(0,200)"
"24028302","3","4251","2","10","90075108","91211726","90077607","(22,5)","0","(10340067)","(0,0)","-1","","","1","75",""
"24028303","3","4251","3","10","90075109","91211726","90077607","(22,5)","0","(10340067)","(0,0)","-1","","","1","75",""
"24028304","3","4251","4","10","90075110","91211726","90077607","(22,5)","0","(10340067)","(0,0)","-1","","","1","75",""
"24028305","3","4251","5","10","90075107","91211726","90077607","(22,5)","0","(10340067)","(0,0)","-1","","","1","75",""
"24028306","3","4251","6","10","90075108","91211726","90077607","(22,5)","0","(10340067)","(0,0)","-1","","","1","75",""
"24028307","3","4251","7","10","90075109","91211726","90077607","(22,5)","0","(10340067)","(0,0)","-1","","","1","75",""
"24028308","3","4251","8","10","90075110","91211726","90077607","(22,5)","0","(10340067)","(0,0)","-1","","","1","75",""
"24028309","3","4251","9","10","90075109","91211726","90077607","(22,5)","0","(10340067)","(0,0)","-1","","","1","75",""
"24028310","3","4251","10","10","90075110","91211726","90077607","(22,5)","0","(10340067)","(0,0)","-1","","","1","75",""
"24028401","3","4281","1","10","90075117","91211729","90077617","(22,5)","0","(10340071)","(0,0)","-1","","","1","75","(0,200)"
"24028402","3","4281","2","10","90075118","91211729","90077617","(22,5)","0","(10340071)","(0,0)","-1","","","1","75",""
"24028403","3","4281","3","10","90075119","91211729","90077617","(22,5)","0","(10340071)","(0,0)","-1","","","1","75",""
"24028404","3","4281","4","10","90075117","91211729","90077617","(22,5)","0","(10340071)","(0,0)","-1","","","1","75",""
"24028405","3","4281","5","10","90075118","91211729","90077617","(22,5)","0","(10340071)","(0,0)","-1","","","1","75",""
"24028406","3","4281","6","10","90075119","91211729","90077617","(22,5)","0","(10340071)","(0,0)","-1","","","1","75",""
"24028407","3","4281","7","10","90075119","91211729","90077617","(22,5)","0","(10340071)","(0,0)","-1","","","1","75",""
"24028408","3","4281","8","10","90075117","91211729","90077617","(22,5)","0","(10340071)","(0,0)","-1","","","1","75",""
"24028409","3","4281","9","10","90075118","91211729","90077617","(22,5)","0","(10340071)","(0,0)","-1","","","1","75",""
"24028410","3","4281","10","10","90075119","91211729","90077617","(22,5)","0","(10340071)","(0,0)","-1","","","1","75",""
"24028501","3","4311","1","10","90075127","91211750","90077627","(22,5)","0","(10370028)","(0,0)","-1","","","1","75","(0,200)"
"24028502","3","4311","2","10","90075128","91211750","90077627","(22,5)","0","(10370028)","(0,0)","-1","","","1","75",""
"24028503","3","4311","3","10","90075129","91211750","90077627","(22,5)","0","(10370028)","(0,0)","-1","","","1","75",""
"24028504","3","4311","4","10","90075127","91211750","90077627","(22,5)","0","(10370028)","(0,0)","-1","","","1","75",""
"24028505","3","4311","5","10","90075128","91211750","90077627","(22,5)","0","(10370028)","(0,0)","-1","","","1","75",""
"24028506","3","4311","6","10","90075129","91211750","90077627","(22,5)","0","(10370028)","(0,0)","-1","","","1","75",""
"24028507","3","4311","7","10","90075129","91211750","90077627","(22,5)","0","(10370028)","(0,0)","-1","","","1","75",""
"24028508","3","4311","8","10","90075127","91211750","90077627","(22,5)","0","(10370028)","(0,0)","-1","","","1","75",""
"24028509","3","4311","9","10","90075128","91211750","90077627","(22,5)","0","(10370028)","(0,0)","-1","","","1","75",""
"24028510","3","4311","10","10","90075129","91211750","90077627","(22,5)","0","(10370028)","(0,0)","-1","","","1","75",""
"24028601","3","4261","1","10","90075111","91211727","90077611","(22,5)","24028310","(10370029)","(0,0)","-1","","","1","75",""
"24028602","3","4261","2","10","90075112","91211727","90077611","(22,5)","0","(10370029)","(0,0)","-1","","","1","75",""
"24028603","3","4261","3","10","90075113","91211727","90077611","(22,5)","0","(10370029)","(0,0)","-1","","","1","75",""
"24028604","3","4261","4","10","90075111","91211727","90077611","(22,5)","0","(10370029)","(0,0)","-1","","","1","75",""
"24028605","3","4261","5","10","90075112","91211727","90077611","(22,5)","0","(10370029)","(0,0)","-1","","","1","75",""
"24028606","3","4261","6","10","90075113","91211727","90077611","(22,5)","0","(10370029)","(0,0)","-1","","","1","75",""
"24028607","3","4261","7","10","90075113","91211727","90077611","(22,5)","0","(10370029)","(0,0)","-1","","","1","75",""
"24028608","3","4261","8","10","90075111","91211727","90077611","(22,5)","0","(10370029)","(0,0)","-1","","","1","75",""
"24028609","3","4261","9","10","90075112","91211727","90077611","(22,5)","0","(10370029)","(0,0)","-1","","","1","75",""
"24028610","3","4261","10","10","90075113","91211727","90077611","(22,5)","0","(10370029)","(0,0)","-1","","","1","75",""
"24028701","3","4291","1","4","90075120","91211730","90077620","(22,12)","24028410","(0,0)","(42001,13042201)","-1","","","0","188",""
"24028702","3","4291","2","4","90075121","91211730","90077621","(22,12)","0","(0,0)","(42001,13042202)","-1","","","0","188",""
"24028703","3","4291","3","4","90075122","91211730","90077622","(22,12)","0","(0,0)","(42001,13042203)","-1","","","0","188",""
"24028704","3","4291","4","4","90075123","91211730","90077623","(22,14)","0","(0,0)","(42001,13042204)","-1","","","0","188",""
"24028801","3","4321","1","10","90075130","91211733","90077630","(22,5)","24028510","(10370030)","(0,0)","-1","","","1","75",""
"24028802","3","4321","2","10","90075131","91211733","90077630","(22,5)","0","(10370030)","(0,0)","-1","","","1","75",""
"24028803","3","4321","3","10","90075132","91211733","90077630","(22,5)","0","(10370030)","(0,0)","-1","","","1","75",""
"24028804","3","4321","4","10","90075130","91211733","90077630","(22,5)","0","(10370030)","(0,0)","-1","","","1","75",""
"24028805","3","4321","5","10","90075131","91211733","90077630","(22,5)","0","(10370030)","(0,0)","-1","","","1","75",""
"24028806","3","4321","6","10","90075132","91211733","90077630","(22,5)","0","(10370030)","(0,0)","-1","","","1","75",""
"24028807","3","4321","7","10","90075132","91211733","90077630","(22,5)","0","(10370030)","(0,0)","-1","","","1","75",""
"24028808","3","4321","8","10","90075130","91211733","90077630","(22,5)","0","(10370030)","(0,0)","-1","","","1","75",""
"24028809","3","4321","9","10","90075131","91211733","90077630","(22,5)","0","(10370030)","(0,0)","-1","","","1","75",""
"24028810","3","4321","10","10","90075132","91211733","90077630","(22,5)","0","(10370030)","(0,0)","-1","","","1","75",""
"24028901","3","4271","1","3","90075114","91211728","90077614","(22,15)","24028610","(0,0)","(48061,13048072)","-1","","","0","250",""
"24028902","3","4271","2","3","90075115","91211728","90077615","(22,15)","0","(0,0)","(48061,13048073)","-1","","","0","250",""
"24028903","3","4271","3","3","90075116","91211728","90077616","(22,20)","0","(0,0)","(48061,13048074)","-1","","","0","250",""
"24029001","3","4301","1","1","90075124","91211731","90077624","(22,50)","24028704","(0,0)","(43001,13043002)","-1","","","0","750",""
"24029002","3","4301","2","3","90075125","91211731","90077625","(22,30)","0","(0,0)","(43001,13043003)","-1","","","0","",""
"24029003","3","4301","3","3","90075126","91211731","90077626","(22,30)","0","(0,0)","(43001,13043004)","-1","","","0","",""
"24029101","3","4331","1","1","90075133","91211734","90077633","(22,50)","24028810","(0,0)","(48081,13048102)","-1","","","0","750",""
"24029102","3","4331","2","3","90075134","91211734","90077634","(22,30)","0","(0,0)","(48081,13048103)","-1","","","0","",""
"24029103","3","4331","3","3","90075135","91211734","90077635","(22,30)","0","(0,0)","(48081,13048104)","-1","","","0","",""
"24029201","4","4341","1","10","90075136","91211735","90077636","(22,5)","0","(10370031)","(0,0)","-1","","","1","75","(0,200)"
"24029202","4","4341","2","10","90075137","91211735","90077636","(22,5)","0","(10370031)","(0,0)","-1","","","1","75",""
"24029203","4","4341","3","10","90075138","91211735","90077636","(22,5)","0","(10370031)","(0,0)","-1","","","1","75",""
"24029204","4","4341","4","10","90075136","91211735","90077636","(22,5)","0","(10370031)","(0,0)","-1","","","1","75",""
"24029205","4","4341","5","10","90075137","91211735","90077636","(22,5)","0","(10370031)","(0,0)","-1","","","1","75",""
"24029206","4","4341","6","10","90075138","91211735","90077636","(22,5)","0","(10370031)","(0,0)","-1","","","1","75",""
"24029207","4","4341","7","10","90075138","91211735","90077636","(22,5)","0","(10370031)","(0,0)","-1","","","1","75",""
"24029208","4","4341","8","10","90075136","91211735","90077636","(22,5)","0","(10370031)","(0,0)","-1","","","1","75",""
"24029209","4","4341","9","10","90075137","91211735","90077636","(22,5)","0","(10370031)","(0,0)","-1","","","1","75",""
"24029210","4","4341","10","10","90075138","91211735","90077636","(22,5)","0","(10370031)","(0,0)","-1","","","1","75",""
"24029301","4","4371","1","10","90075143","91211744","90077643","(22,5)","0","(10370028)","(0,0)","-1","","","1","75","(0,200)"
"24029302","4","4371","2","10","90075144","91211744","90077643","(22,5)","0","(10370028)","(0,0)","-1","","","1","75",""
"24029303","4","4371","3","10","90075145","91211744","90077643","(22,5)","0","(10370028)","(0,0)","-1","","","1","75",""
"24029304","4","4371","4","10","90075143","91211744","90077643","(22,5)","0","(10370028)","(0,0)","-1","","","1","75",""
"24029305","4","4371","5","10","90075144","91211744","90077643","(22,5)","0","(10370028)","(0,0)","-1","","","1","75",""
"24029306","4","4371","6","10","90075145","91211744","90077643","(22,5)","0","(10370028)","(0,0)","-1","","","1","75",""
"24029307","4","4371","7","10","90075145","91211744","90077643","(22,5)","0","(10370028)","(0,0)","-1","","","1","75",""
"24029308","4","4371","8","10","90075143","91211744","90077643","(22,5)","0","(10370028)","(0,0)","-1","","","1","75",""
"24029309","4","4371","9","10","90075144","91211744","90077643","(22,5)","0","(10370028)","(0,0)","-1","","","1","75",""
"24029310","4","4371","10","10","90075145","91211744","90077643","(22,5)","0","(10370028)","(0,0)","-1","","","1","75",""
"24029401","4","4401","1","10","90075150","91211745","90077650","(22,5)","0","(10340074)","(0,0)","-1","","","1","75","(0,200)"
"24029402","4","4401","2","10","90075151","91211745","90077650","(22,5)","0","(10340074)","(0,0)","-1","","","1","75",""
"24029403","4","4401","3","10","90075152","91211745","90077650","(22,5)","0","(10340074)","(0,0)","-1","","","1","75",""
"24029404","4","4401","4","10","90075150","91211745","90077650","(22,5)","0","(10340074)","(0,0)","-1","","","1","75",""
"24029405","4","4401","5","10","90075151","91211745","90077650","(22,5)","0","(10340074)","(0,0)","-1","","","1","75",""
"24029406","4","4401","6","10","90075152","91211745","90077650","(22,5)","0","(10340074)","(0,0)","-1","","","1","75",""
"24029407","4","4401","7","10","90075152","91211745","90077650","(22,5)","0","(10340074)","(0,0)","-1","","","1","75",""
"24029408","4","4401","8","10","90075150","91211745","90077650","(22,5)","0","(10340074)","(0,0)","-1","","","1","75",""
"24029409","4","4401","9","10","90075151","91211745","90077650","(22,5)","0","(10340074)","(0,0)","-1","","","1","75",""
"24029410","4","4401","10","10","90075152","91211745","90077650","(22,5)","0","(10340074)","(0,0)","-1","","","1","75",""
"24029501","4","4351","1","1","90075139","91211736","90077639","(22,50)","24029210","(0,0)","(48091,13048112)","-1","","","0","750",""
"24029601","4","4381","1","10","90075146","91211739","90077646","(22,5)","24029310","(10340100)","(0,0)","-1","","","1","75",""
"24029602","4","4381","2","10","90075146","91211739","90077646","(22,5)","","(10340100)","(0,0)","-1","","","1","75",""
"24029603","4","4381","3","10","90075146","91211739","90077646","(22,5)","","(10340100)","(0,0)","-1","","","1","75",""
"24029604","4","4381","4","10","90075146","91211739","90077646","(22,5)","","(10340100)","(0,0)","-1","","","1","75",""
"24029605","4","4381","5","10","90075146","91211739","90077646","(22,5)","","(10340100)","(0,0)","-1","","","1","75",""
"24029606","4","4381","6","10","90075146","91211739","90077646","(22,5)","","(10340100)","(0,0)","-1","","","1","75",""
"24029607","4","4381","7","10","90075146","91211739","90077646","(22,5)","","(10340100)","(0,0)","-1","","","1","75",""
"24029608","4","4381","8","10","90075146","91211739","90077646","(22,5)","","(10340100)","(0,0)","-1","","","1","75",""
"24029609","4","4381","9","10","90075146","91211739","90077646","(22,5)","","(10340100)","(0,0)","-1","","","1","75",""
"24029610","4","4381","10","10","90075146","91211739","90077646","(22,5)","","(10340100)","(0,0)","-1","","","1","75",""
"24029701","4","4411","1","3","90075153","91211702","90077653","(22,20)","24029410","(0,0)","(43001,13043101)","-1","","","0","250",""
"24029702","4","4411","2","3","90075154","91211702","90077654","(22,20)","0","(0,0)","(43001,13043102)","-1","","","0","250",""
"24029703","4","4411","3","3","90075155","91211702","90077655","(22,20)","0","(0,0)","(43001,13043103)","-1","","","0","250",""
"24029801","4","4361","1","1","90075140","91211737","90077640","(22,50)","24029501","(0,0)","(48101,13048122)","-1","","","0","750",""
"24029802","4","4361","2","3","90075141","91211737","90077641","(22,30)","0","(0,0)","(48101,13048123)","-1","","","0","",""
"24029803","4","4361","3","3","90075142","91211737","90077642","(22,30)","0","(0,0)","(48101,13048124)","-1","","","0","",""
"24029901","4","4391","1","3","90075147","91211740","90077647","(22,15)","24029610","(0,0)","(41001,13041011)","-1","","","0","250",""
"24029902","4","4391","2","3","90075148","91211740","90077648","(22,15)","0","(0,0)","(41001,13041012)","-1","","","0","250",""
"24029903","4","4391","3","3","90075149","91211740","90077649","(22,20)","0","(0,0)","(41001,13041013)","-1","","","0","250",""
"24030001","4","4421","1","1","90075156","91211743","90077656","(22,50)","24029703","(0,0)","(43001,13043104)","-1","","","0","750",""
"24030002","4","4421","2","3","90075157","91211743","90077657","(22,30)","0","(0,0)","(43001,13043105)","-1","","","0","",""
"24030003","4","4421","3","3","90075158","91211743","90077658","(22,30)","0","(0,0)","(43001,13043106)","-1","","","0","",""
