"AttributeId","ActivityType","CycleIndex","Condition","Reward","TextImage","ParamArr1","ParamArr2","ParamArr3","ParamArr4","ParamArr5"
"136004001","3","1","","","(91260839)","(1)","","","(5000)",""
"136004002","3","1","","","(91260576)","(2)","","","(5001)",""
"136004003","3","1","","","(91260576)","(3)","","","(5002)",""
"136004004","3","1","","","(91260576)","(4)","","","(5003)",""
"136004005","3","1","","","(91260576)","(5)","","","(5004)",""
"136004006","3","1","","","(91260576)","(6)","","","(5005)",""
"136004007","3","1","","","(91260576)","(7)","","","(5006)",""
"136004008","3","1","","","(91260576)","(8)","","","(5007)",""
"136004009","3","1","","","(91260576)","(5)","","","(5008)",""
"136004010","3","1","","","(91260576)","(6)","","","(5009)",""
"136004011","3","1","","","(91260576)","(7)","","","(5010)",""
"136004012","3","1","","","(91260576)","(8)","","","(5011)",""
"136004013","3","1","","","(91260576)","(9)","","","(5012)",""
"136004014","3","1","","","(91260576)","(10)","","","(5013)",""
"136004015","3","1","","","(91260576)","(11)","","","(5014)",""
"136004016","3","1","","","(91260576)","(12)","","","(5015)",""
"136004017","3","1","","","(91260576)","(9)","","","(5016)",""
"136004018","3","1","","","(91260576)","(10)","","","(5017)",""
"136004019","3","1","","","(91260576)","(11)","","","(5018)",""
"136004020","3","1","","","(91260576)","(12)","","","(5019)",""
"136004021","3","1","","","(91260576)","(9)","","","(5020)",""
"136004022","3","1","","","(91260576)","(10)","","","(5021)",""
"136004023","3","1","","","(91260576)","(11)","","","(5022)",""
"136004024","3","1","","","(91260576)","(12)","","","(5023)",""
"136004025","3","1","","","(91260576)","(9)","","","(5024)",""
"136004026","3","1","","","(91260576)","(10)","","","(5025)",""
"136004027","3","1","","","(91260576)","(11)","","","(5026)",""
"136004028","3","1","","","(91260576)","(12)","","","(5027)",""
"136004029","3","1","","","(91260576)","(9)","","","(5028)",""
"136004030","3","1","","","(91260576)","(10)","","","(5029)",""
"136004031","3","1","","","(91260576)","(11)","","","(5030)",""
"136004032","3","1","","","(91260576)","(12)","","","(5031)",""
"136004033","3","1","","","(91260576)","(24)","","","(5032)",""
"136004034","3","1","","","(91260576)","(25)","","","(5033)",""
"136004035","3","1","","","(91260576)","(26)","","","(5034)",""
"136004036","3","1","","","(91260576)","(27)","","","(5035)",""
"136004037","3","1","","","(91260576)","(28)","","","(5036)",""
"136004038","3","1","","","(91260576)","(24)","","","(5037)",""
"136004039","3","1","","","(91260576)","(25)","","","(5038)",""
"136004040","3","1","","","(91260576)","(26)","","","(5039)",""
"136004041","3","1","","","(91260576)","(27)","","","(5040)",""
"136004042","3","1","","","(91260576)","(28)","","","(5041)",""
"136004043","3","1","","","(91260576)","(24)","","","(5042)",""
"136004044","3","1","","","(91260576)","(25)","","","(5043)",""
"136004045","3","1","","","(91260576)","(26)","","","(5044)",""
"136004046","55","1","","","(91260839)","(27)","","","(5045)",""
"136004047","55","1","","","(91260576)","(28)","","","(5046)",""
"136004048","55","1","","","(91260576)","(29)","","","(5047)",""
"136004049","55","1","","","(91260576)","(30)","","","(5048)",""
"136004050","55","1","","","(91260576)","(31)","","","(5049)",""
"136004051","55","1","","","(91260576)","(26)","","","(5050)",""
"136004052","55","1","","","(91260576)","(27)","","","(5051)",""
"136004053","55","1","","","(91260576)","(28)","","","(5052)",""
"136004054","55","1","","","(91260576)","(29)","","","(5053)",""
"136004055","55","1","","","(91260576)","(30)","","","(5054)",""
"136004056","55","1","","","(91260576)","(31)","","","(5055)",""
"136004057","55","1","","","(91260576)","(26)","","","(5056)",""
"136004058","55","1","","","(91260576)","(27)","","","(5057)",""
"136004059","55","1","","","(91260576)","(28)","","","(5058)",""
"136004060","55","1","","","(91260576)","(29)","","","(5059)",""
"136004061","55","1","","","(91260576)","(30)","","","(5060)",""
"136004062","55","1","","","(91260576)","(31)","","","(5061)",""
"136004063","55","1","","","(91260576)","(26)","","","(5062)",""
"136004064","55","1","","","(91260576)","(27)","","","(5063)",""
"136004065","55","1","","","(91260576)","(28)","","","(5064)",""
"136004066","55","1","","","(91260576)","(29)","","","(5065)",""
"136004067","55","1","","","(91260576)","(30)","","","(5066)",""
"136004068","55","1","","","(91260576)","(31)","","","(5067)",""
"136006001","5","1","(36000,86400)","(31000115,1,31000086,3)","","","","","(5068)",""
"136006002","5","1","(43200,86400)","(31000116,1,31000086,3)","","","","","(5069)",""
"136006003","5","1","(64800,86400)","(31000117,1,31000086,3)","","","","","(5070)",""
"136006004","5","1","(72000,86400)","(31000118,1,31000086,3)","","","","","(5071)",""
"136006005","5","2","(36000,86400)","(31000129,1,31000086,3)","","","","","(5072)",""
"136006006","5","2","(43200,86400)","(31000130,1,31000086,3)","","","","","(5073)",""
"136006007","5","2","(64800,86400)","(31000119,1,31000086,3)","","","","","(5074)",""
"136006008","5","2","(72000,86400)","(31000131,1,31000086,3)","","","","","(5075)",""
"136006009","5","3","(0,86400)","(31000120,1,31000086,5)","","","","","(5076)",""
"136006010","5","4","(0,86400)","(31000121,1,31000086,5)","","","","","(5077)",""
"136006011","5","5","(0,86400)","(31000122,1,31000086,5)","","","","","(5078)",""
"136006012","5","6","(0,86400)","(31000123,1,31000086,5)","","","","","(5079)",""
"136006013","5","7","(0,86400)","(31000124,1,31000086,5)","","","","","(5080)",""
"136006014","5","1","(0,86400)","(31000109,1,31000086,5)","","","","","(5081)",""
"136006015","5","2","(0,86400)","(31000109,1,31000086,5)","","","","","(5082)",""
"136006016","5","3","(0,86400)","(31000109,1,31000086,5)","","","","","(5083)",""
"136006017","5","4","(0,86400)","(31000109,1,31000086,5)","","","","","(5084)",""
"136006018","5","5","(0,86400)","(31000109,1,31000086,5)","","","","","(5085)",""
"136006019","5","6","(0,86400)","(31000109,1,31000086,5)","","","","","(5086)",""
"136006020","5","7","(0,86400)","(31000109,1,31000086,5)","","","","","(5087)",""
"136007001","6","1","(1,1,2,5000,3,1,4,1,9,1,10,1,5,1)","(10,10,10,10,10,10,10)","","(91240616,90305192,92700003,0,-1,117000095,91240612,90305193,92480009,-1,-1,117000149,-1,90305194,92800002,-1,-1,117000149,91232615,90305195,92300003,0,-1,117000013,-1,90305363,92510001,-1,-1,117000149,-1,90305364,92340010,-1,-1,117000063,91232619,90305196,92300003,5,-1,117000015)","","","(5088)",""
"136007002","6","2","(1,1,2,5000,3,1,4,1,9,1,10,1,5,1)","(10,10,10,10,10,10,10)","","(91240616,90305192,92700003,0,-1,117000095,91240612,90305193,92480009,-1,-1,117000149,-1,90305194,92800002,-1,-1,117000149,91232615,90305195,92300003,0,-1,117000013,-1,90305363,92510001,-1,-1,117000149,-1,90305364,92340010,-1,-1,117000063,91232619,90305196,92300003,5,-1,117000015)","","","(5089)",""
"136007003","6","3","(1,1,2,5000,3,1,4,1,9,1,10,1,5,1)","(10,10,10,10,10,10,10)","","(91240616,90305192,92700003,0,-1,117000095,91240612,90305193,92480009,-1,-1,117000149,-1,90305194,92800002,-1,-1,117000149,91232615,90305195,92300003,0,-1,117000013,-1,90305363,92510001,-1,-1,117000149,-1,90305364,92340010,-1,-1,117000063,91232619,90305196,92300003,5,-1,117000015)","","","(5090)",""
"136007004","6","4","(1,1,2,5000,3,1,4,1,9,1,10,1,5,1)","(10,10,10,10,10,10,10)","","(91240616,90305192,92700003,0,-1,117000095,91240612,90305193,92480009,-1,-1,117000149,-1,90305194,92800002,-1,-1,117000149,91232615,90305195,92300003,0,-1,117000013,-1,90305363,92510001,-1,-1,117000149,-1,90305364,92340010,-1,-1,117000063,91232619,90305196,92300003,5,-1,117000015)","","","(5091)",""
"136007005","6","5","(1,1,2,5000,3,1,4,1,9,1,10,1,5,1)","(10,10,10,10,10,10,10)","","(91240616,90305192,92700003,0,-1,117000095,91240612,90305193,92480009,-1,-1,117000149,-1,90305194,92800002,-1,-1,117000149,91232615,90305195,92300003,0,-1,117000013,-1,90305363,92510001,-1,-1,117000149,-1,90305364,92340010,-1,-1,117000063,91232619,90305196,92300003,5,-1,117000015)","","","(5092)",""
"136007006","6","6","(1,1,2,5000,3,1,4,1,9,1,10,1,5,1)","(10,10,10,10,10,10,10)","","(91240616,90305192,92700003,0,-1,117000095,91240612,90305193,92480009,-1,-1,117000149,-1,90305194,92800002,-1,-1,117000149,91232615,90305195,92300003,0,-1,117000013,-1,90305363,92510001,-1,-1,117000149,-1,90305364,92340010,-1,-1,117000063,91232619,90305196,92300003,5,-1,117000015)","","","(5093)",""
"136007007","6","7","(1,1,2,5000,3,1,4,1,9,1,10,1,5,1)","(10,10,10,10,10,10,10)","","(91240616,90305192,92700003,0,-1,117000095,91240612,90305193,92480009,-1,-1,117000149,-1,90305194,92800002,-1,-1,117000149,91232615,90305195,92300003,0,-1,117000013,-1,90305363,92510001,-1,-1,117000149,-1,90305364,92340010,-1,-1,117000063,91232619,90305196,92300003,5,-1,117000015)","","","(5094)",""
"136007008","6","1","(1,1,2,5000,3,1,4,1,9,1,10,1,5,1)","(10,10,10,10,10,10,10)","","(91240616,90305192,92700003,0,-1,117000095,91240612,90305193,92480009,-1,-1,117000149,-1,90305194,92800002,-1,-1,117000149,91232615,90305195,92300003,0,-1,117000013,-1,90305363,92510001,-1,-1,117000149,-1,90305364,92340010,-1,-1,117000063,91232619,90305196,92300003,5,-1,117000015)","","","(5095)",""
"136007009","6","2","(1,1,2,5000,3,1,4,1,9,1,10,1,5,1)","(10,10,10,10,10,10,10)","","(91240616,90305192,92700003,0,-1,117000095,91240612,90305193,92480009,-1,-1,117000149,-1,90305194,92800002,-1,-1,117000149,91232615,90305195,92300003,0,-1,117000013,-1,90305363,92510001,-1,-1,117000149,-1,90305364,92340010,-1,-1,117000063,91232619,90305196,92300003,5,-1,117000015)","","","(5096)",""
"136007010","6","3","(1,1,2,5000,3,1,4,1,9,1,10,1,5,1)","(10,10,10,10,10,10,10)","","(91240616,90305192,92700003,0,-1,117000095,91240612,90305193,92480009,-1,-1,117000149,-1,90305194,92800002,-1,-1,117000149,91232615,90305195,92300003,0,-1,117000013,-1,90305363,92510001,-1,-1,117000149,-1,90305364,92340010,-1,-1,117000063,91232619,90305196,92300003,5,-1,117000015)","","","(5097)",""
"136007011","6","4","(1,1,2,5000,3,1,4,1,9,1,10,1,5,1)","(10,10,10,10,10,10,10)","","(91240616,90305192,92700003,0,-1,117000095,91240612,90305193,92480009,-1,-1,117000149,-1,90305194,92800002,-1,-1,117000149,91232615,90305195,92300003,0,-1,117000013,-1,90305363,92510001,-1,-1,117000149,-1,90305364,92340010,-1,-1,117000063,91232619,90305196,92300003,5,-1,117000015)","","","(5098)",""
"136007012","6","5","(1,1,2,5000,3,1,4,1,9,1,10,1,5,1)","(10,10,10,10,10,10,10)","","(91240616,90305192,92700003,0,-1,117000095,91240612,90305193,92480009,-1,-1,117000149,-1,90305194,92800002,-1,-1,117000149,91232615,90305195,92300003,0,-1,117000013,-1,90305363,92510001,-1,-1,117000149,-1,90305364,92340010,-1,-1,117000063,91232619,90305196,92300003,5,-1,117000015)","","","(5099)",""
"136007013","6","6","(1,1,2,5000,3,1,4,1,9,1,10,1,5,1)","(10,10,10,10,10,10,10)","","(91240616,90305192,92700003,0,-1,117000095,91240612,90305193,92480009,-1,-1,117000149,-1,90305194,92800002,-1,-1,117000149,91232615,90305195,92300003,0,-1,117000013,-1,90305363,92510001,-1,-1,117000149,-1,90305364,92340010,-1,-1,117000063,91232619,90305196,92300003,5,-1,117000015)","","","(5100)",""
"136007014","6","7","(1,1,2,5000,3,1,4,1,9,1,10,1,5,1)","(10,10,10,10,10,10,10)","","(91240616,90305192,92700003,0,-1,117000095,91240612,90305193,92480009,-1,-1,117000149,-1,90305194,92800002,-1,-1,117000149,91232615,90305195,92300003,0,-1,117000013,-1,90305363,92510001,-1,-1,117000149,-1,90305364,92340010,-1,-1,117000063,91232619,90305196,92300003,5,-1,117000015)","","","(5101)",""
"136007015","6","1","(1,1,2,5000,3,1,4,1,9,1,10,1,5,1)","(10,10,10,10,10,10,10)","","(91240616,90305192,92700003,0,-1,117000095,91240612,90305193,92480009,-1,-1,117000149,-1,90305194,92800002,-1,-1,117000149,91232615,90305195,92300003,0,-1,117000013,-1,90305363,92510001,-1,-1,117000149,-1,90305364,92340010,-1,-1,117000063,91232619,90305196,92300003,5,-1,117000015)","","","(5102)",""
"136007016","6","2","(1,1,2,5000,3,1,4,1,9,1,10,1,5,1)","(10,10,10,10,10,10,10)","","(91240616,90305192,92700003,0,-1,117000095,91240612,90305193,92480009,-1,-1,117000149,-1,90305194,92800002,-1,-1,117000149,91232615,90305195,92300003,0,-1,117000013,-1,90305363,92510001,-1,-1,117000149,-1,90305364,92340010,-1,-1,117000063,91232619,90305196,92300003,5,-1,117000015)","","","(5103)",""
"136007017","6","3","(1,1,2,5000,3,1,4,1,9,1,10,1,5,1)","(10,10,10,10,10,10,10)","","(91240616,90305192,92700003,0,-1,117000095,91240612,90305193,92480009,-1,-1,117000149,-1,90305194,92800002,-1,-1,117000149,91232615,90305195,92300003,0,-1,117000013,-1,90305363,92510001,-1,-1,117000149,-1,90305364,92340010,-1,-1,117000063,91232619,90305196,92300003,5,-1,117000015)","","","(5104)",""
"136007018","6","4","(1,1,2,5000,3,1,4,1,9,1,10,1,5,1)","(10,10,10,10,10,10,10)","","(91240616,90305192,92700003,0,-1,117000095,91240612,90305193,92480009,-1,-1,117000149,-1,90305194,92800002,-1,-1,117000149,91232615,90305195,92300003,0,-1,117000013,-1,90305363,92510001,-1,-1,117000149,-1,90305364,92340010,-1,-1,117000063,91232619,90305196,92300003,5,-1,117000015)","","","(5105)",""
"136007019","6","5","(1,1,2,5000,3,1,4,1,9,1,10,1,5,1)","(10,10,10,10,10,10,10)","","(91240616,90305192,92700003,0,-1,117000095,91240612,90305193,92480009,-1,-1,117000149,-1,90305194,92800002,-1,-1,117000149,91232615,90305195,92300003,0,-1,117000013,-1,90305363,92510001,-1,-1,117000149,-1,90305364,92340010,-1,-1,117000063,91232619,90305196,92300003,5,-1,117000015)","","","(5106)",""
"136007020","6","6","(1,1,2,5000,3,1,4,1,9,1,10,1,5,1)","(10,10,10,10,10,10,10)","","(91240616,90305192,92700003,0,-1,117000095,91240612,90305193,92480009,-1,-1,117000149,-1,90305194,92800002,-1,-1,117000149,91232615,90305195,92300003,0,-1,117000013,-1,90305363,92510001,-1,-1,117000149,-1,90305364,92340010,-1,-1,117000063,91232619,90305196,92300003,5,-1,117000015)","","","(5107)",""
"136007021","6","7","(1,1,2,5000,3,1,4,1,9,1,10,1,5,1)","(10,10,10,10,10,10,10)","","(91240616,90305192,92700003,0,-1,117000095,91240612,90305193,92480009,-1,-1,117000149,-1,90305194,92800002,-1,-1,117000149,91232615,90305195,92300003,0,-1,117000013,-1,90305363,92510001,-1,-1,117000149,-1,90305364,92340010,-1,-1,117000063,91232619,90305196,92300003,5,-1,117000015)","","","(5108)",""
"136007022","6","1","(1,1,2,5000,3,1,4,1,9,1,10,1,5,1)","(10,10,10,10,10,10,10)","","(91240616,90305192,92700003,0,-1,117000095,91240612,90305193,92480009,-1,-1,117000149,-1,90305194,92800002,-1,-1,117000149,91232615,90305195,92300003,0,-1,117000013,-1,90305363,92510001,-1,-1,117000149,-1,90305364,92340010,-1,-1,117000063,91232619,90305196,92300003,5,-1,117000015)","","","(5109)",""
"136007023","6","2","(1,1,2,5000,3,1,4,1,9,1,10,1,5,1)","(10,10,10,10,10,10,10)","","(91240616,90305192,92700003,0,-1,117000095,91240612,90305193,92480009,-1,-1,117000149,-1,90305194,92800002,-1,-1,117000149,91232615,90305195,92300003,0,-1,117000013,-1,90305363,92510001,-1,-1,117000149,-1,90305364,92340010,-1,-1,117000063,91232619,90305196,92300003,5,-1,117000015)","","","(5110)",""
"136007024","6","3","(1,1,2,5000,3,1,4,1,9,1,10,1,5,1)","(10,10,10,10,10,10,10)","","(91240616,90305192,92700003,0,-1,117000095,91240612,90305193,92480009,-1,-1,117000149,-1,90305194,92800002,-1,-1,117000149,91232615,90305195,92300003,0,-1,117000013,-1,90305363,92510001,-1,-1,117000149,-1,90305364,92340010,-1,-1,117000063,91232619,90305196,92300003,5,-1,117000015)","","","(5111)",""
"136007025","6","4","(1,1,2,5000,3,1,4,1,9,1,10,1,5,1)","(10,10,10,10,10,10,10)","","(91240616,90305192,92700003,0,-1,117000095,91240612,90305193,92480009,-1,-1,117000149,-1,90305194,92800002,-1,-1,117000149,91232615,90305195,92300003,0,-1,117000013,-1,90305363,92510001,-1,-1,117000149,-1,90305364,92340010,-1,-1,117000063,91232619,90305196,92300003,5,-1,117000015)","","","(5112)",""
"136007026","6","5","(1,1,2,5000,3,1,4,1,9,1,10,1,5,1)","(10,10,10,10,10,10,10)","","(91240616,90305192,92700003,0,-1,117000095,91240612,90305193,92480009,-1,-1,117000149,-1,90305194,92800002,-1,-1,117000149,91232615,90305195,92300003,0,-1,117000013,-1,90305363,92510001,-1,-1,117000149,-1,90305364,92340010,-1,-1,117000063,91232619,90305196,92300003,5,-1,117000015)","","","(5113)",""
"136007027","6","6","(1,1,2,5000,3,1,4,1,9,1,10,1,5,1)","(10,10,10,10,10,10,10)","","(91240616,90305192,92700003,0,-1,117000095,91240612,90305193,92480009,-1,-1,117000149,-1,90305194,92800002,-1,-1,117000149,91232615,90305195,92300003,0,-1,117000013,-1,90305363,92510001,-1,-1,117000149,-1,90305364,92340010,-1,-1,117000063,91232619,90305196,92300003,5,-1,117000015)","","","(5114)",""
"136007028","6","7","(1,1,2,5000,3,1,4,1,9,1,10,1,5,1)","(10,10,10,10,10,10,10)","","(91240616,90305192,92700003,0,-1,117000095,91240612,90305193,92480009,-1,-1,117000149,-1,90305194,92800002,-1,-1,117000149,91232615,90305195,92300003,0,-1,117000013,-1,90305363,92510001,-1,-1,117000149,-1,90305364,92340010,-1,-1,117000063,91232619,90305196,92300003,5,-1,117000015)","","","(5115)",""
"136007029","6","1","(1,1,2,5000,3,1,4,1,9,1,10,1,5,1)","(10,10,10,10,10,10,10)","","(91240616,90305192,92700003,0,-1,117000095,91240612,90305193,92480009,-1,-1,117000149,-1,90305194,92800002,-1,-1,117000149,91232615,90305195,92300003,0,-1,117000013,-1,90305363,92510001,-1,-1,117000149,-1,90305364,92340010,-1,-1,117000063,91232619,90305196,92300003,5,-1,117000015)","","","(5116)",""
"136007030","6","2","(1,1,2,5000,3,1,4,1,9,1,10,1,5,1)","(10,10,10,10,10,10,10)","","(91240616,90305192,92700003,0,-1,117000095,91240612,90305193,92480009,-1,-1,117000149,-1,90305194,92800002,-1,-1,117000149,91232615,90305195,92300003,0,-1,117000013,-1,90305363,92510001,-1,-1,117000149,-1,90305364,92340010,-1,-1,117000063,91232619,90305196,92300003,5,-1,117000015)","","","(5117)",""
"136007031","6","3","(1,1,2,5000,3,1,4,1,9,1,10,1,5,1)","(10,10,10,10,10,10,10)","","(91240616,90305192,92700003,0,-1,117000095,91240612,90305193,92480009,-1,-1,117000149,-1,90305194,92800002,-1,-1,117000149,91232615,90305195,92300003,0,-1,117000013,-1,90305363,92510001,-1,-1,117000149,-1,90305364,92340010,-1,-1,117000063,91232619,90305196,92300003,5,-1,117000015)","","","(5118)",""
"136007032","6","4","(1,1,2,5000,3,1,4,1,9,1,10,1,5,1)","(10,10,10,10,10,10,10)","","(91240616,90305192,92700003,0,-1,117000095,91240612,90305193,92480009,-1,-1,117000149,-1,90305194,92800002,-1,-1,117000149,91232615,90305195,92300003,0,-1,117000013,-1,90305363,92510001,-1,-1,117000149,-1,90305364,92340010,-1,-1,117000063,91232619,90305196,92300003,5,-1,117000015)","","","(5119)",""
"136007033","6","5","(1,1,2,5000,3,1,4,1,9,1,10,1,5,1)","(10,10,10,10,10,10,10)","","(91240616,90305192,92700003,0,-1,117000095,91240612,90305193,92480009,-1,-1,117000149,-1,90305194,92800002,-1,-1,117000149,91232615,90305195,92300003,0,-1,117000013,-1,90305363,92510001,-1,-1,117000149,-1,90305364,92340010,-1,-1,117000063,91232619,90305196,92300003,5,-1,117000015)","","","(5120)",""
"136007034","6","6","(1,1,2,5000,3,1,4,1,9,1,10,1,5,1)","(10,10,10,10,10,10,10)","","(91240616,90305192,92700003,0,-1,117000095,91240612,90305193,92480009,-1,-1,117000149,-1,90305194,92800002,-1,-1,117000149,91232615,90305195,92300003,0,-1,117000013,-1,90305363,92510001,-1,-1,117000149,-1,90305364,92340010,-1,-1,117000063,91232619,90305196,92300003,5,-1,117000015)","","","(5121)",""
"136007035","6","7","(1,1,2,5000,3,1,4,1,9,1,10,1,5,1)","(10,10,10,10,10,10,10)","","(91240616,90305192,92700003,0,-1,117000095,91240612,90305193,92480009,-1,-1,117000149,-1,90305194,92800002,-1,-1,117000149,91232615,90305195,92300003,0,-1,117000013,-1,90305363,92510001,-1,-1,117000149,-1,90305364,92340010,-1,-1,117000063,91232619,90305196,92300003,5,-1,117000015)","","","(5122)",""
"136007036","6","1","(1,1,2,5000,3,1,4,1,9,1,10,1,5,1)","(10,10,10,10,10,10,10)","","(91240616,90305192,92700003,0,-1,117000095,91240612,90305193,92480009,-1,-1,117000149,-1,90305194,92800002,-1,-1,117000149,91232615,90305195,92300003,0,-1,117000013,-1,90305363,92510001,-1,-1,117000149,-1,90305364,92340010,-1,-1,117000063,91232619,90305196,92300003,5,-1,117000015)","","","(5123)",""
"136007037","6","2","(1,1,2,5000,3,1,4,1,9,1,10,1,5,1)","(10,10,10,10,10,10,10)","","(91240616,90305192,92700003,0,-1,117000095,91240612,90305193,92480009,-1,-1,117000149,-1,90305194,92800002,-1,-1,117000149,91232615,90305195,92300003,0,-1,117000013,-1,90305363,92510001,-1,-1,117000149,-1,90305364,92340010,-1,-1,117000063,91232619,90305196,92300003,5,-1,117000015)","","","(5124)",""
"136007038","6","3","(1,1,2,5000,3,1,4,1,9,1,10,1,5,1)","(10,10,10,10,10,10,10)","","(91240616,90305192,92700003,0,-1,117000095,91240612,90305193,92480009,-1,-1,117000149,-1,90305194,92800002,-1,-1,117000149,91232615,90305195,92300003,0,-1,117000013,-1,90305363,92510001,-1,-1,117000149,-1,90305364,92340010,-1,-1,117000063,91232619,90305196,92300003,5,-1,117000015)","","","(5125)",""
"136007039","6","4","(1,1,2,5000,3,1,4,1,9,1,10,1,5,1)","(10,10,10,10,10,10,10)","","(91240616,90305192,92700003,0,-1,117000095,91240612,90305193,92480009,-1,-1,117000149,-1,90305194,92800002,-1,-1,117000149,91232615,90305195,92300003,0,-1,117000013,-1,90305363,92510001,-1,-1,117000149,-1,90305364,92340010,-1,-1,117000063,91232619,90305196,92300003,5,-1,117000015)","","","(5126)",""
"136007040","6","5","(1,1,2,5000,3,1,4,1,9,1,10,1,5,1)","(10,10,10,10,10,10,10)","","(91240616,90305192,92700003,0,-1,117000095,91240612,90305193,92480009,-1,-1,117000149,-1,90305194,92800002,-1,-1,117000149,91232615,90305195,92300003,0,-1,117000013,-1,90305363,92510001,-1,-1,117000149,-1,90305364,92340010,-1,-1,117000063,91232619,90305196,92300003,5,-1,117000015)","","","(5127)",""
"136007041","6","6","(1,1,2,5000,3,1,4,1,9,1,10,1,5,1)","(10,10,10,10,10,10,10)","","(91240616,90305192,92700003,0,-1,117000095,91240612,90305193,92480009,-1,-1,117000149,-1,90305194,92800002,-1,-1,117000149,91232615,90305195,92300003,0,-1,117000013,-1,90305363,92510001,-1,-1,117000149,-1,90305364,92340010,-1,-1,117000063,91232619,90305196,92300003,5,-1,117000015)","","","(5128)",""
"136007042","6","7","(1,1,2,5000,3,1,4,1,9,1,10,1,5,1)","(10,10,10,10,10,10,10)","","(91240616,90305192,92700003,0,-1,117000095,91240612,90305193,92480009,-1,-1,117000149,-1,90305194,92800002,-1,-1,117000149,91232615,90305195,92300003,0,-1,117000013,-1,90305363,92510001,-1,-1,117000149,-1,90305364,92340010,-1,-1,117000063,91232619,90305196,92300003,5,-1,117000015)","","","(5129)",""
"136007043","6","1","(1,1,2,5000,3,1,4,1,9,1,10,1,5,1)","(10,10,10,10,10,10,10)","","(91240616,90305192,92700003,0,-1,117000095,91240612,90305193,92480009,-1,-1,117000149,-1,90305194,92800002,-1,-1,117000149,91232615,90305195,92300003,0,-1,117000013,-1,90305363,92510001,-1,-1,117000149,-1,90305364,92340010,-1,-1,117000063,91232619,90305196,92300003,5,-1,117000015)","","","(5130)",""
"136007044","6","2","(1,1,2,5000,3,1,4,1,9,1,10,1,5,1)","(10,10,10,10,10,10,10)","","(91240616,90305192,92700003,0,-1,117000095,91240612,90305193,92480009,-1,-1,117000149,-1,90305194,92800002,-1,-1,117000149,91232615,90305195,92300003,0,-1,117000013,-1,90305363,92510001,-1,-1,117000149,-1,90305364,92340010,-1,-1,117000063,91232619,90305196,92300003,5,-1,117000015)","","","(5131)",""
"136007045","6","3","(1,1,2,5000,3,1,4,1,9,1,10,1,5,1)","(10,10,10,10,10,10,10)","","(91240616,90305192,92700003,0,-1,117000095,91240612,90305193,92480009,-1,-1,117000149,-1,90305194,92800002,-1,-1,117000149,91232615,90305195,92300003,0,-1,117000013,-1,90305363,92510001,-1,-1,117000149,-1,90305364,92340010,-1,-1,117000063,91232619,90305196,92300003,5,-1,117000015)","","","(5132)",""
"136007046","6","4","(1,1,2,5000,3,1,4,1,9,1,10,1,5,1)","(10,10,10,10,10,10,10)","","(91240616,90305192,92700003,0,-1,117000095,91240612,90305193,92480009,-1,-1,117000149,-1,90305194,92800002,-1,-1,117000149,91232615,90305195,92300003,0,-1,117000013,-1,90305363,92510001,-1,-1,117000149,-1,90305364,92340010,-1,-1,117000063,91232619,90305196,92300003,5,-1,117000015)","","","(5133)",""
"136007047","6","5","(1,1,2,5000,3,1,4,1,9,1,10,1,5,1)","(10,10,10,10,10,10,10)","","(91240616,90305192,92700003,0,-1,117000095,91240612,90305193,92480009,-1,-1,117000149,-1,90305194,92800002,-1,-1,117000149,91232615,90305195,92300003,0,-1,117000013,-1,90305363,92510001,-1,-1,117000149,-1,90305364,92340010,-1,-1,117000063,91232619,90305196,92300003,5,-1,117000015)","","","(5134)",""
"136007048","6","6","(1,1,2,5000,3,1,4,1,9,1,10,1,5,1)","(10,10,10,10,10,10,10)","","(91240616,90305192,92700003,0,-1,117000095,91240612,90305193,92480009,-1,-1,117000149,-1,90305194,92800002,-1,-1,117000149,91232615,90305195,92300003,0,-1,117000013,-1,90305363,92510001,-1,-1,117000149,-1,90305364,92340010,-1,-1,117000063,91232619,90305196,92300003,5,-1,117000015)","","","(5135)",""
"136007049","6","7","(1,1,2,5000,3,1,4,1,9,1,10,1,5,1)","(10,10,10,10,10,10,10)","","(91240616,90305192,92700003,0,-1,117000095,91240612,90305193,92480009,-1,-1,117000149,-1,90305194,92800002,-1,-1,117000149,91232615,90305195,92300003,0,-1,117000013,-1,90305363,92510001,-1,-1,117000149,-1,90305364,92340010,-1,-1,117000063,91232619,90305196,92300003,5,-1,117000015)","","","(5136)",""
"136007050","6","1","(1,1,2,5000,3,1,4,1,9,1,10,1,5,1)","(10,10,10,10,10,10,10)","","(91240616,90305192,92700003,0,-1,117000095,91240612,90305193,92480009,-1,-1,117000149,-1,90305194,92800002,-1,-1,117000149,91232615,90305195,92300003,0,-1,117000013,-1,90305363,92510001,-1,-1,117000149,-1,90305364,92340010,-1,-1,117000063,91232619,90305196,92300003,5,-1,117000015)","","","(5137)",""
"136007051","6","2","(1,1,2,5000,3,1,4,1,9,1,10,1,5,1)","(10,10,10,10,10,10,10)","","(91240616,90305192,92700003,0,-1,117000095,91240612,90305193,92480009,-1,-1,117000149,-1,90305194,92800002,-1,-1,117000149,91232615,90305195,92300003,0,-1,117000013,-1,90305363,92510001,-1,-1,117000149,-1,90305364,92340010,-1,-1,117000063,91232619,90305196,92300003,5,-1,117000015)","","","(5138)",""
"136007052","6","3","(1,1,2,5000,3,1,4,1,9,1,10,1,5,1)","(10,10,10,10,10,10,10)","","(91240616,90305192,92700003,0,-1,117000095,91240612,90305193,92480009,-1,-1,117000149,-1,90305194,92800002,-1,-1,117000149,91232615,90305195,92300003,0,-1,117000013,-1,90305363,92510001,-1,-1,117000149,-1,90305364,92340010,-1,-1,117000063,91232619,90305196,92300003,5,-1,117000015)","","","(5139)",""
"136007053","6","4","(1,1,2,5000,3,1,4,1,9,1,10,1,5,1)","(10,10,10,10,10,10,10)","","(91240616,90305192,92700003,0,-1,117000095,91240612,90305193,92480009,-1,-1,117000149,-1,90305194,92800002,-1,-1,117000149,91232615,90305195,92300003,0,-1,117000013,-1,90305363,92510001,-1,-1,117000149,-1,90305364,92340010,-1,-1,117000063,91232619,90305196,92300003,5,-1,117000015)","","","(5140)",""
"136007054","6","5","(1,1,2,5000,3,1,4,1,9,1,10,1,5,1)","(10,10,10,10,10,10,10)","","(91240616,90305192,92700003,0,-1,117000095,91240612,90305193,92480009,-1,-1,117000149,-1,90305194,92800002,-1,-1,117000149,91232615,90305195,92300003,0,-1,117000013,-1,90305363,92510001,-1,-1,117000149,-1,90305364,92340010,-1,-1,117000063,91232619,90305196,92300003,5,-1,117000015)","","","(5141)",""
"136007055","6","6","(1,1,2,5000,3,1,4,1,9,1,10,1,5,1)","(10,10,10,10,10,10,10)","","(91240616,90305192,92700003,0,-1,117000095,91240612,90305193,92480009,-1,-1,117000149,-1,90305194,92800002,-1,-1,117000149,91232615,90305195,92300003,0,-1,117000013,-1,90305363,92510001,-1,-1,117000149,-1,90305364,92340010,-1,-1,117000063,91232619,90305196,92300003,5,-1,117000015)","","","(5142)",""
"136007056","6","7","(1,1,2,5000,3,1,4,1,9,1,10,1,5,1)","(10,10,10,10,10,10,10)","","(91240616,90305192,92700003,0,-1,117000095,91240612,90305193,92480009,-1,-1,117000149,-1,90305194,92800002,-1,-1,117000149,91232615,90305195,92300003,0,-1,117000013,-1,90305363,92510001,-1,-1,117000149,-1,90305364,92340010,-1,-1,117000063,91232619,90305196,92300003,5,-1,117000015)","","","(5143)",""
"136007057","6","1","(1,1,2,5000,3,1,4,1,9,1,10,1,5,1)","(10,10,10,10,10,10,10)","","(91240616,90305192,92700003,0,-1,117000095,91240612,90305193,92480009,-1,-1,117000149,-1,90305194,92800002,-1,-1,117000149,91232615,90305195,92300003,0,-1,117000013,-1,90305363,92510001,-1,-1,117000149,-1,90305364,92340010,-1,-1,117000063,91232619,90305196,92300003,5,-1,117000015)","","","(5144)",""
"136007058","6","2","(1,1,2,5000,3,1,4,1,9,1,10,1,5,1)","(10,10,10,10,10,10,10)","","(91240616,90305192,92700003,0,-1,117000095,91240612,90305193,92480009,-1,-1,117000149,-1,90305194,92800002,-1,-1,117000149,91232615,90305195,92300003,0,-1,117000013,-1,90305363,92510001,-1,-1,117000149,-1,90305364,92340010,-1,-1,117000063,91232619,90305196,92300003,5,-1,117000015)","","","(5145)",""
"136007059","6","3","(1,1,2,5000,3,1,4,1,9,1,10,1,5,1)","(10,10,10,10,10,10,10)","","(91240616,90305192,92700003,0,-1,117000095,91240612,90305193,92480009,-1,-1,117000149,-1,90305194,92800002,-1,-1,117000149,91232615,90305195,92300003,0,-1,117000013,-1,90305363,92510001,-1,-1,117000149,-1,90305364,92340010,-1,-1,117000063,91232619,90305196,92300003,5,-1,117000015)","","","(5146)",""
"136007060","6","4","(1,1,2,5000,3,1,4,1,9,1,10,1,5,1)","(10,10,10,10,10,10,10)","","(91240616,90305192,92700003,0,-1,117000095,91240612,90305193,92480009,-1,-1,117000149,-1,90305194,92800002,-1,-1,117000149,91232615,90305195,92300003,0,-1,117000013,-1,90305363,92510001,-1,-1,117000149,-1,90305364,92340010,-1,-1,117000063,91232619,90305196,92300003,5,-1,117000015)","","","(5147)",""
"136007061","6","5","(1,1,2,5000,3,1,4,1,9,1,10,1,5,1)","(10,10,10,10,10,10,10)","","(91240616,90305192,92700003,0,-1,117000095,91240612,90305193,92480009,-1,-1,117000149,-1,90305194,92800002,-1,-1,117000149,91232615,90305195,92300003,0,-1,117000013,-1,90305363,92510001,-1,-1,117000149,-1,90305364,92340010,-1,-1,117000063,91232619,90305196,92300003,5,-1,117000015)","","","(5148)",""
"136007062","6","6","(1,1,2,5000,3,1,4,1,9,1,10,1,5,1)","(10,10,10,10,10,10,10)","","(91240616,90305192,92700003,0,-1,117000095,91240612,90305193,92480009,-1,-1,117000149,-1,90305194,92800002,-1,-1,117000149,91232615,90305195,92300003,0,-1,117000013,-1,90305363,92510001,-1,-1,117000149,-1,90305364,92340010,-1,-1,117000063,91232619,90305196,92300003,5,-1,117000015)","","","(5149)",""
"136007063","6","7","(1,1,2,5000,3,1,4,1,9,1,10,1,5,1)","(10,10,10,10,10,10,10)","","(91240616,90305192,92700003,0,-1,117000095,91240612,90305193,92480009,-1,-1,117000149,-1,90305194,92800002,-1,-1,117000149,91232615,90305195,92300003,0,-1,117000013,-1,90305363,92510001,-1,-1,117000149,-1,90305364,92340010,-1,-1,117000063,91232619,90305196,92300003,5,-1,117000015)","","","(5150)",""
"136007064","6","1","(1,1,2,5000,3,1,4,1,9,1,10,1,5,1)","(10,10,10,10,10,10,10)","","(91240616,90305192,92700003,0,-1,117000095,91240612,90305193,92480009,-1,-1,117000149,-1,90305194,92800002,-1,-1,117000149,91232615,90305195,92300003,0,-1,117000013,-1,90305363,92510001,-1,-1,117000149,-1,90305364,92340010,-1,-1,117000063,91232619,90305196,92300003,5,-1,117000015)","","","(5151)",""
"136007065","6","2","(1,1,2,5000,3,1,4,1,9,1,10,1,5,1)","(10,10,10,10,10,10,10)","","(91240616,90305192,92700003,0,-1,117000095,91240612,90305193,92480009,-1,-1,117000149,-1,90305194,92800002,-1,-1,117000149,91232615,90305195,92300003,0,-1,117000013,-1,90305363,92510001,-1,-1,117000149,-1,90305364,92340010,-1,-1,117000063,91232619,90305196,92300003,5,-1,117000015)","","","(5152)",""
"136007066","6","3","(1,1,2,5000,3,1,4,1,9,1,10,1,5,1)","(10,10,10,10,10,10,10)","","(91240616,90305192,92700003,0,-1,117000095,91240612,90305193,92480009,-1,-1,117000149,-1,90305194,92800002,-1,-1,117000149,91232615,90305195,92300003,0,-1,117000013,-1,90305363,92510001,-1,-1,117000149,-1,90305364,92340010,-1,-1,117000063,91232619,90305196,92300003,5,-1,117000015)","","","(5153)",""
"136007067","6","4","(1,1,2,5000,3,1,4,1,9,1,10,1,5,1)","(10,10,10,10,10,10,10)","","(91240616,90305192,92700003,0,-1,117000095,91240612,90305193,92480009,-1,-1,117000149,-1,90305194,92800002,-1,-1,117000149,91232615,90305195,92300003,0,-1,117000013,-1,90305363,92510001,-1,-1,117000149,-1,90305364,92340010,-1,-1,117000063,91232619,90305196,92300003,5,-1,117000015)","","","(5154)",""
"136007068","6","5","(1,1,2,5000,3,1,4,1,9,1,10,1,5,1)","(10,10,10,10,10,10,10)","","(91240616,90305192,92700003,0,-1,117000095,91240612,90305193,92480009,-1,-1,117000149,-1,90305194,92800002,-1,-1,117000149,91232615,90305195,92300003,0,-1,117000013,-1,90305363,92510001,-1,-1,117000149,-1,90305364,92340010,-1,-1,117000063,91232619,90305196,92300003,5,-1,117000015)","","","(5155)",""
"136007069","6","6","(1,1,2,5000,3,1,4,1,9,1,10,1,5,1)","(10,10,10,10,10,10,10)","","(91240616,90305192,92700003,0,-1,117000095,91240612,90305193,92480009,-1,-1,117000149,-1,90305194,92800002,-1,-1,117000149,91232615,90305195,92300003,0,-1,117000013,-1,90305363,92510001,-1,-1,117000149,-1,90305364,92340010,-1,-1,117000063,91232619,90305196,92300003,5,-1,117000015)","","","(5156)",""
"136007070","6","7","(1,1,2,5000,3,1,4,1,9,1,10,1,5,1)","(10,10,10,10,10,10,10)","","(91240616,90305192,92700003,0,-1,117000095,91240612,90305193,92480009,-1,-1,117000149,-1,90305194,92800002,-1,-1,117000149,91232615,90305195,92300003,0,-1,117000013,-1,90305363,92510001,-1,-1,117000149,-1,90305364,92340010,-1,-1,117000063,91232619,90305196,92300003,5,-1,117000015)","","","(5157)",""
"136007071","6","1","(1,1,2,5000,3,1,4,1,9,1,10,1,5,1)","(10,10,10,10,10,10,10)","","(91240616,90305192,92700003,0,-1,117000095,91240612,90305193,92480009,-1,-1,117000149,-1,90305194,92800002,-1,-1,117000149,91232615,90305195,92300003,0,-1,117000013,-1,90305363,92510001,-1,-1,117000149,-1,90305364,92340010,-1,-1,117000063,91232619,90305196,92300003,5,-1,117000015)","","","(5158)",""
"136007072","6","2","(1,1,2,5000,3,1,4,1,9,1,10,1,5,1)","(10,10,10,10,10,10,10)","","(91240616,90305192,92700003,0,-1,117000095,91240612,90305193,92480009,-1,-1,117000149,-1,90305194,92800002,-1,-1,117000149,91232615,90305195,92300003,0,-1,117000013,-1,90305363,92510001,-1,-1,117000149,-1,90305364,92340010,-1,-1,117000063,91232619,90305196,92300003,5,-1,117000015)","","","(5159)",""
"136007073","6","3","(1,1,2,5000,3,1,4,1,9,1,10,1,5,1)","(10,10,10,10,10,10,10)","","(91240616,90305192,92700003,0,-1,117000095,91240612,90305193,92480009,-1,-1,117000149,-1,90305194,92800002,-1,-1,117000149,91232615,90305195,92300003,0,-1,117000013,-1,90305363,92510001,-1,-1,117000149,-1,90305364,92340010,-1,-1,117000063,91232619,90305196,92300003,5,-1,117000015)","","","(5160)",""
"136007074","6","4","(1,1,2,5000,3,1,4,1,9,1,10,1,5,1)","(10,10,10,10,10,10,10)","","(91240616,90305192,92700003,0,-1,117000095,91240612,90305193,92480009,-1,-1,117000149,-1,90305194,92800002,-1,-1,117000149,91232615,90305195,92300003,0,-1,117000013,-1,90305363,92510001,-1,-1,117000149,-1,90305364,92340010,-1,-1,117000063,91232619,90305196,92300003,5,-1,117000015)","","","(5161)",""
"136007075","6","5","(1,1,2,5000,3,1,4,1,9,1,10,1,5,1)","(10,10,10,10,10,10,10)","","(91240616,90305192,92700003,0,-1,117000095,91240612,90305193,92480009,-1,-1,117000149,-1,90305194,92800002,-1,-1,117000149,91232615,90305195,92300003,0,-1,117000013,-1,90305363,92510001,-1,-1,117000149,-1,90305364,92340010,-1,-1,117000063,91232619,90305196,92300003,5,-1,117000015)","","","(5162)",""
"136007076","6","6","(1,1,2,5000,3,1,4,1,9,1,10,1,5,1)","(10,10,10,10,10,10,10)","","(91240616,90305192,92700003,0,-1,117000095,91240612,90305193,92480009,-1,-1,117000149,-1,90305194,92800002,-1,-1,117000149,91232615,90305195,92300003,0,-1,117000013,-1,90305363,92510001,-1,-1,117000149,-1,90305364,92340010,-1,-1,117000063,91232619,90305196,92300003,5,-1,117000015)","","","(5163)",""
"136007077","6","7","(1,1,2,5000,3,1,4,1,9,1,10,1,5,1)","(10,10,10,10,10,10,10)","","(91240616,90305192,92700003,0,-1,117000095,91240612,90305193,92480009,-1,-1,117000149,-1,90305194,92800002,-1,-1,117000149,91232615,90305195,92300003,0,-1,117000013,-1,90305363,92510001,-1,-1,117000149,-1,90305364,92340010,-1,-1,117000063,91232619,90305196,92300003,5,-1,117000015)","","","(5164)",""
"136007078","6","1","(1,1,2,5000,3,1,4,1,9,1,10,1,5,1)","(10,10,10,10,10,10,10)","","(91240616,90305192,92700003,0,-1,117000095,91240612,90305193,92480009,-1,-1,117000149,-1,90305194,92800002,-1,-1,117000149,91232615,90305195,92300003,0,-1,117000013,-1,90305363,92510001,-1,-1,117000149,-1,90305364,92340010,-1,-1,117000063,91232619,90305196,92300003,5,-1,117000015)","","","(5165)",""
"136007079","6","2","(1,1,2,5000,3,1,4,1,9,1,10,1,5,1)","(10,10,10,10,10,10,10)","","(91240616,90305192,92700003,0,-1,117000095,91240612,90305193,92480009,-1,-1,117000149,-1,90305194,92800002,-1,-1,117000149,91232615,90305195,92300003,0,-1,117000013,-1,90305363,92510001,-1,-1,117000149,-1,90305364,92340010,-1,-1,117000063,91232619,90305196,92300003,5,-1,117000015)","","","(5166)",""
"136007080","6","3","(1,1,2,5000,3,1,4,1,9,1,10,1,5,1)","(10,10,10,10,10,10,10)","","(91240616,90305192,92700003,0,-1,117000095,91240612,90305193,92480009,-1,-1,117000149,-1,90305194,92800002,-1,-1,117000149,91232615,90305195,92300003,0,-1,117000013,-1,90305363,92510001,-1,-1,117000149,-1,90305364,92340010,-1,-1,117000063,91232619,90305196,92300003,5,-1,117000015)","","","(5167)",""
"136007081","6","4","(1,1,2,5000,3,1,4,1,9,1,10,1,5,1)","(10,10,10,10,10,10,10)","","(91240616,90305192,92700003,0,-1,117000095,91240612,90305193,92480009,-1,-1,117000149,-1,90305194,92800002,-1,-1,117000149,91232615,90305195,92300003,0,-1,117000013,-1,90305363,92510001,-1,-1,117000149,-1,90305364,92340010,-1,-1,117000063,91232619,90305196,92300003,5,-1,117000015)","","","(5168)",""
"136007082","6","5","(1,1,2,5000,3,1,4,1,9,1,10,1,5,1)","(10,10,10,10,10,10,10)","","(91240616,90305192,92700003,0,-1,117000095,91240612,90305193,92480009,-1,-1,117000149,-1,90305194,92800002,-1,-1,117000149,91232615,90305195,92300003,0,-1,117000013,-1,90305363,92510001,-1,-1,117000149,-1,90305364,92340010,-1,-1,117000063,91232619,90305196,92300003,5,-1,117000015)","","","(5169)",""
"136007083","6","6","(1,1,2,5000,3,1,4,1,9,1,10,1,5,1)","(10,10,10,10,10,10,10)","","(91240616,90305192,92700003,0,-1,117000095,91240612,90305193,92480009,-1,-1,117000149,-1,90305194,92800002,-1,-1,117000149,91232615,90305195,92300003,0,-1,117000013,-1,90305363,92510001,-1,-1,117000149,-1,90305364,92340010,-1,-1,117000063,91232619,90305196,92300003,5,-1,117000015)","","","(5170)",""
"136007084","6","7","(1,1,2,5000,3,1,4,1,9,1,10,1,5,1)","(10,10,10,10,10,10,10)","","(91240616,90305192,92700003,0,-1,117000095,91240612,90305193,92480009,-1,-1,117000149,-1,90305194,92800002,-1,-1,117000149,91232615,90305195,92300003,0,-1,117000013,-1,90305363,92510001,-1,-1,117000149,-1,90305364,92340010,-1,-1,117000063,91232619,90305196,92300003,5,-1,117000015)","","","(5171)",""
"136007085","6","1","(1,1,2,5000,3,1,4,1,9,1,10,1,5,1)","(10,10,10,10,10,10,10)","","(91240616,90305192,92700003,0,-1,117000095,91240612,90305193,92480009,-1,-1,117000149,-1,90305194,92800002,-1,-1,117000149,91232615,90305195,92300003,0,-1,117000013,-1,90305363,92510001,-1,-1,117000149,-1,90305364,92340010,-1,-1,117000063,91232619,90305196,92300003,5,-1,117000015)","","","(5172)",""
"136007086","6","2","(1,1,2,5000,3,1,4,1,9,1,10,1,5,1)","(10,10,10,10,10,10,10)","","(91240616,90305192,92700003,0,-1,117000095,91240612,90305193,92480009,-1,-1,117000149,-1,90305194,92800002,-1,-1,117000149,91232615,90305195,92300003,0,-1,117000013,-1,90305363,92510001,-1,-1,117000149,-1,90305364,92340010,-1,-1,117000063,91232619,90305196,92300003,5,-1,117000015)","","","(5173)",""
"136007087","6","3","(1,1,2,5000,3,1,4,1,9,1,10,1,5,1)","(10,10,10,10,10,10,10)","","(91240616,90305192,92700003,0,-1,117000095,91240612,90305193,92480009,-1,-1,117000149,-1,90305194,92800002,-1,-1,117000149,91232615,90305195,92300003,0,-1,117000013,-1,90305363,92510001,-1,-1,117000149,-1,90305364,92340010,-1,-1,117000063,91232619,90305196,92300003,5,-1,117000015)","","","(5174)",""
"136007088","6","4","(1,1,2,5000,3,1,4,1,9,1,10,1,5,1)","(10,10,10,10,10,10,10)","","(91240616,90305192,92700003,0,-1,117000095,91240612,90305193,92480009,-1,-1,117000149,-1,90305194,92800002,-1,-1,117000149,91232615,90305195,92300003,0,-1,117000013,-1,90305363,92510001,-1,-1,117000149,-1,90305364,92340010,-1,-1,117000063,91232619,90305196,92300003,5,-1,117000015)","","","(5175)",""
"136007089","6","5","(1,1,2,5000,3,1,4,1,9,1,10,1,5,1)","(10,10,10,10,10,10,10)","","(91240616,90305192,92700003,0,-1,117000095,91240612,90305193,92480009,-1,-1,117000149,-1,90305194,92800002,-1,-1,117000149,91232615,90305195,92300003,0,-1,117000013,-1,90305363,92510001,-1,-1,117000149,-1,90305364,92340010,-1,-1,117000063,91232619,90305196,92300003,5,-1,117000015)","","","(5176)",""
"136007090","6","6","(1,1,2,5000,3,1,4,1,9,1,10,1,5,1)","(10,10,10,10,10,10,10)","","(91240616,90305192,92700003,0,-1,117000095,91240612,90305193,92480009,-1,-1,117000149,-1,90305194,92800002,-1,-1,117000149,91232615,90305195,92300003,0,-1,117000013,-1,90305363,92510001,-1,-1,117000149,-1,90305364,92340010,-1,-1,117000063,91232619,90305196,92300003,5,-1,117000015)","","","(5177)",""
"136007091","6","7","(1,1,2,5000,3,1,4,1,9,1,10,1,5,1)","(10,10,10,10,10,10,10)","","(91240616,90305192,92700003,0,-1,117000095,91240612,90305193,92480009,-1,-1,117000149,-1,90305194,92800002,-1,-1,117000149,91232615,90305195,92300003,0,-1,117000013,-1,90305363,92510001,-1,-1,117000149,-1,90305364,92340010,-1,-1,117000063,91232619,90305196,92300003,5,-1,117000015)","","","(5178)",""
"136007092","6","1","(1,1,2,5000,3,1,4,1,9,1,10,1,5,1)","(10,10,10,10,10,10,10)","","(91240616,90305192,92700003,0,-1,117000095,91240612,90305193,92480009,-1,-1,117000149,-1,90305194,92800002,-1,-1,117000149,91232615,90305195,92300003,0,-1,117000013,-1,90305363,92510001,-1,-1,117000149,-1,90305364,92340010,-1,-1,117000063,91232619,90305196,92300003,5,-1,117000015)","","","(5179)",""
"136007093","6","2","(1,1,2,5000,3,1,4,1,9,1,10,1,5,1)","(10,10,10,10,10,10,10)","","(91240616,90305192,92700003,0,-1,117000095,91240612,90305193,92480009,-1,-1,117000149,-1,90305194,92800002,-1,-1,117000149,91232615,90305195,92300003,0,-1,117000013,-1,90305363,92510001,-1,-1,117000149,-1,90305364,92340010,-1,-1,117000063,91232619,90305196,92300003,5,-1,117000015)","","","(5180)",""
"136007094","6","3","(1,1,2,5000,3,1,4,1,9,1,10,1,5,1)","(10,10,10,10,10,10,10)","","(91240616,90305192,92700003,0,-1,117000095,91240612,90305193,92480009,-1,-1,117000149,-1,90305194,92800002,-1,-1,117000149,91232615,90305195,92300003,0,-1,117000013,-1,90305363,92510001,-1,-1,117000149,-1,90305364,92340010,-1,-1,117000063,91232619,90305196,92300003,5,-1,117000015)","","","(5181)",""
"136007095","6","4","(1,1,2,5000,3,1,4,1,9,1,10,1,5,1)","(10,10,10,10,10,10,10)","","(91240616,90305192,92700003,0,-1,117000095,91240612,90305193,92480009,-1,-1,117000149,-1,90305194,92800002,-1,-1,117000149,91232615,90305195,92300003,0,-1,117000013,-1,90305363,92510001,-1,-1,117000149,-1,90305364,92340010,-1,-1,117000063,91232619,90305196,92300003,5,-1,117000015)","","","(5182)",""
"136007096","6","5","(1,1,2,5000,3,1,4,1,9,1,10,1,5,1)","(10,10,10,10,10,10,10)","","(91240616,90305192,92700003,0,-1,117000095,91240612,90305193,92480009,-1,-1,117000149,-1,90305194,92800002,-1,-1,117000149,91232615,90305195,92300003,0,-1,117000013,-1,90305363,92510001,-1,-1,117000149,-1,90305364,92340010,-1,-1,117000063,91232619,90305196,92300003,5,-1,117000015)","","","(5183)",""
"136007097","6","6","(1,1,2,5000,3,1,4,1,9,1,10,1,5,1)","(10,10,10,10,10,10,10)","","(91240616,90305192,92700003,0,-1,117000095,91240612,90305193,92480009,-1,-1,117000149,-1,90305194,92800002,-1,-1,117000149,91232615,90305195,92300003,0,-1,117000013,-1,90305363,92510001,-1,-1,117000149,-1,90305364,92340010,-1,-1,117000063,91232619,90305196,92300003,5,-1,117000015)","","","(5184)",""
"136007098","6","7","(1,1,2,5000,3,1,4,1,9,1,10,1,5,1)","(10,10,10,10,10,10,10)","","(91240616,90305192,92700003,0,-1,117000095,91240612,90305193,92480009,-1,-1,117000149,-1,90305194,92800002,-1,-1,117000149,91232615,90305195,92300003,0,-1,117000013,-1,90305363,92510001,-1,-1,117000149,-1,90305364,92340010,-1,-1,117000063,91232619,90305196,92300003,5,-1,117000015)","","","(5185)",""
"136007099","6","1","(1,1,2,5000,3,1,4,1,9,1,10,1,5,1)","(10,10,10,10,10,10,10)","","(91240616,90305192,92700003,0,-1,117000095,91240612,90305193,92480009,-1,-1,117000149,-1,90305194,92800002,-1,-1,117000149,91232615,90305195,92300003,0,-1,117000013,-1,90305363,92510001,-1,-1,117000149,-1,90305364,92340010,-1,-1,117000063,91232619,90305196,92300003,5,-1,117000015)","","","(5186)",""
"136007100","6","2","(1,1,2,5000,3,1,4,1,9,1,10,1,5,1)","(10,10,10,10,10,10,10)","","(91240616,90305192,92700003,0,-1,117000095,91240612,90305193,92480009,-1,-1,117000149,-1,90305194,92800002,-1,-1,117000149,91232615,90305195,92300003,0,-1,117000013,-1,90305363,92510001,-1,-1,117000149,-1,90305364,92340010,-1,-1,117000063,91232619,90305196,92300003,5,-1,117000015)","","","(5187)",""
"136007101","6","3","(1,1,2,5000,3,1,4,1,9,1,10,1,5,1)","(10,10,10,10,10,10,10)","","(91240616,90305192,92700003,0,-1,117000095,91240612,90305193,92480009,-1,-1,117000149,-1,90305194,92800002,-1,-1,117000149,91232615,90305195,92300003,0,-1,117000013,-1,90305363,92510001,-1,-1,117000149,-1,90305364,92340010,-1,-1,117000063,91232619,90305196,92300003,5,-1,117000015)","","","(5188)",""
"136007102","6","4","(1,1,2,5000,3,1,4,1,9,1,10,1,5,1)","(10,10,10,10,10,10,10)","","(91240616,90305192,92700003,0,-1,117000095,91240612,90305193,92480009,-1,-1,117000149,-1,90305194,92800002,-1,-1,117000149,91232615,90305195,92300003,0,-1,117000013,-1,90305363,92510001,-1,-1,117000149,-1,90305364,92340010,-1,-1,117000063,91232619,90305196,92300003,5,-1,117000015)","","","(5189)",""
"136007103","6","5","(1,1,2,5000,3,1,4,1,9,1,10,1,5,1)","(10,10,10,10,10,10,10)","","(91240616,90305192,92700003,0,-1,117000095,91240612,90305193,92480009,-1,-1,117000149,-1,90305194,92800002,-1,-1,117000149,91232615,90305195,92300003,0,-1,117000013,-1,90305363,92510001,-1,-1,117000149,-1,90305364,92340010,-1,-1,117000063,91232619,90305196,92300003,5,-1,117000015)","","","(5190)",""
"136007104","6","6","(1,1,2,5000,3,1,4,1,9,1,10,1,5,1)","(10,10,10,10,10,10,10)","","(91240616,90305192,92700003,0,-1,117000095,91240612,90305193,92480009,-1,-1,117000149,-1,90305194,92800002,-1,-1,117000149,91232615,90305195,92300003,0,-1,117000013,-1,90305363,92510001,-1,-1,117000149,-1,90305364,92340010,-1,-1,117000063,91232619,90305196,92300003,5,-1,117000015)","","","(5191)",""
"136007105","6","7","(1,1,2,5000,3,1,4,1,9,1,10,1,5,1)","(10,10,10,10,10,10,10)","","(91240616,90305192,92700003,0,-1,117000095,91240612,90305193,92480009,-1,-1,117000149,-1,90305194,92800002,-1,-1,117000149,91232615,90305195,92300003,0,-1,117000013,-1,90305363,92510001,-1,-1,117000149,-1,90305364,92340010,-1,-1,117000063,91232619,90305196,92300003,5,-1,117000015)","","","(5192)",""
"136007106","6","1","(1,1,2,5000,3,1,4,1,9,1,10,1,5,1)","(10,10,10,10,10,10,10)","","(91240616,90305192,92700003,0,-1,117000095,91240612,90305193,92480009,-1,-1,117000149,-1,90305194,92800002,-1,-1,117000149,91232615,90305195,92300003,0,-1,117000013,-1,90305363,92510001,-1,-1,117000149,-1,90305364,92340010,-1,-1,117000063,91232619,90305196,92300003,5,-1,117000015)","","","(5193)",""
"136007107","6","2","(1,1,2,5000,3,1,4,1,9,1,10,1,5,1)","(10,10,10,10,10,10,10)","","(91240616,90305192,92700003,0,-1,117000095,91240612,90305193,92480009,-1,-1,117000149,-1,90305194,92800002,-1,-1,117000149,91232615,90305195,92300003,0,-1,117000013,-1,90305363,92510001,-1,-1,117000149,-1,90305364,92340010,-1,-1,117000063,91232619,90305196,92300003,5,-1,117000015)","","","(5194)",""
"136007108","6","3","(1,1,2,5000,3,1,4,1,9,1,10,1,5,1)","(10,10,10,10,10,10,10)","","(91240616,90305192,92700003,0,-1,117000095,91240612,90305193,92480009,-1,-1,117000149,-1,90305194,92800002,-1,-1,117000149,91232615,90305195,92300003,0,-1,117000013,-1,90305363,92510001,-1,-1,117000149,-1,90305364,92340010,-1,-1,117000063,91232619,90305196,92300003,5,-1,117000015)","","","(5195)",""
"136007109","6","4","(1,1,2,5000,3,1,4,1,9,1,10,1,5,1)","(10,10,10,10,10,10,10)","","(91240616,90305192,92700003,0,-1,117000095,91240612,90305193,92480009,-1,-1,117000149,-1,90305194,92800002,-1,-1,117000149,91232615,90305195,92300003,0,-1,117000013,-1,90305363,92510001,-1,-1,117000149,-1,90305364,92340010,-1,-1,117000063,91232619,90305196,92300003,5,-1,117000015)","","","(5196)",""
"136007110","6","5","(1,1,2,5000,3,1,4,1,9,1,10,1,5,1)","(10,10,10,10,10,10,10)","","(91240616,90305192,92700003,0,-1,117000095,91240612,90305193,92480009,-1,-1,117000149,-1,90305194,92800002,-1,-1,117000149,91232615,90305195,92300003,0,-1,117000013,-1,90305363,92510001,-1,-1,117000149,-1,90305364,92340010,-1,-1,117000063,91232619,90305196,92300003,5,-1,117000015)","","","(5197)",""
"136007111","6","6","(1,1,2,5000,3,1,4,1,9,1,10,1,5,1)","(10,10,10,10,10,10,10)","","(91240616,90305192,92700003,0,-1,117000095,91240612,90305193,92480009,-1,-1,117000149,-1,90305194,92800002,-1,-1,117000149,91232615,90305195,92300003,0,-1,117000013,-1,90305363,92510001,-1,-1,117000149,-1,90305364,92340010,-1,-1,117000063,91232619,90305196,92300003,5,-1,117000015)","","","(5198)",""
"136007112","6","7","(1,1,2,5000,3,1,4,1,9,1,10,1,5,1)","(10,10,10,10,10,10,10)","","(91240616,90305192,92700003,0,-1,117000095,91240612,90305193,92480009,-1,-1,117000149,-1,90305194,92800002,-1,-1,117000149,91232615,90305195,92300003,0,-1,117000013,-1,90305363,92510001,-1,-1,117000149,-1,90305364,92340010,-1,-1,117000063,91232619,90305196,92300003,5,-1,117000015)","","","(5199)",""
"136007113","6","1","(1,1,2,5000,3,1,4,1,9,1,10,1,5,1)","(10,10,10,10,10,10,10)","","(91240616,90305192,92700003,0,-1,117000095,91240612,90305193,92480009,-1,-1,117000149,-1,90305194,92800002,-1,-1,117000149,91232615,90305195,92300003,0,-1,117000013,-1,90305363,92510001,-1,-1,117000149,-1,90305364,92340010,-1,-1,117000063,91232619,90305196,92300003,5,-1,117000015)","","","(5200)",""
"136007114","6","2","(1,1,2,5000,3,1,4,1,9,1,10,1,5,1)","(10,10,10,10,10,10,10)","","(91240616,90305192,92700003,0,-1,117000095,91240612,90305193,92480009,-1,-1,117000149,-1,90305194,92800002,-1,-1,117000149,91232615,90305195,92300003,0,-1,117000013,-1,90305363,92510001,-1,-1,117000149,-1,90305364,92340010,-1,-1,117000063,91232619,90305196,92300003,5,-1,117000015)","","","(5201)",""
"136007115","6","3","(1,1,2,5000,3,1,4,1,9,1,10,1,5,1)","(10,10,10,10,10,10,10)","","(91240616,90305192,92700003,0,-1,117000095,91240612,90305193,92480009,-1,-1,117000149,-1,90305194,92800002,-1,-1,117000149,91232615,90305195,92300003,0,-1,117000013,-1,90305363,92510001,-1,-1,117000149,-1,90305364,92340010,-1,-1,117000063,91232619,90305196,92300003,5,-1,117000015)","","","(5202)",""
"136007116","6","4","(1,1,2,5000,3,1,4,1,9,1,10,1,5,1)","(10,10,10,10,10,10,10)","","(91240616,90305192,92700003,0,-1,117000095,91240612,90305193,92480009,-1,-1,117000149,-1,90305194,92800002,-1,-1,117000149,91232615,90305195,92300003,0,-1,117000013,-1,90305363,92510001,-1,-1,117000149,-1,90305364,92340010,-1,-1,117000063,91232619,90305196,92300003,5,-1,117000015)","","","(5203)",""
"136007117","6","5","(1,1,2,5000,3,1,4,1,9,1,10,1,5,1)","(10,10,10,10,10,10,10)","","(91240616,90305192,92700003,0,-1,117000095,91240612,90305193,92480009,-1,-1,117000149,-1,90305194,92800002,-1,-1,117000149,91232615,90305195,92300003,0,-1,117000013,-1,90305363,92510001,-1,-1,117000149,-1,90305364,92340010,-1,-1,117000063,91232619,90305196,92300003,5,-1,117000015)","","","(5204)",""
"136007118","6","6","(1,1,2,5000,3,1,4,1,9,1,10,1,5,1)","(10,10,10,10,10,10,10)","","(91240616,90305192,92700003,0,-1,117000095,91240612,90305193,92480009,-1,-1,117000149,-1,90305194,92800002,-1,-1,117000149,91232615,90305195,92300003,0,-1,117000013,-1,90305363,92510001,-1,-1,117000149,-1,90305364,92340010,-1,-1,117000063,91232619,90305196,92300003,5,-1,117000015)","","","(5205)",""
"136007119","6","7","(1,1,2,5000,3,1,4,1,9,1,10,1,5,1)","(10,10,10,10,10,10,10)","","(91240616,90305192,92700003,0,-1,117000095,91240612,90305193,92480009,-1,-1,117000149,-1,90305194,92800002,-1,-1,117000149,91232615,90305195,92300003,0,-1,117000013,-1,90305363,92510001,-1,-1,117000149,-1,90305364,92340010,-1,-1,117000063,91232619,90305196,92300003,5,-1,117000015)","","","(5206)",""
"136007120","6","1","(1,1,2,5000,3,1,4,1,9,1,10,1,5,1)","(10,10,10,10,10,10,10)","","(91240616,90305192,92700003,0,-1,117000095,91240612,90305193,92480009,-1,-1,117000149,-1,90305194,92800002,-1,-1,117000149,91232615,90305195,92300003,0,-1,117000013,-1,90305363,92510001,-1,-1,117000149,-1,90305364,92340010,-1,-1,117000063,91232619,90305196,92300003,5,-1,117000015)","","","(5207)",""
"136007121","6","2","(1,1,2,5000,3,1,4,1,9,1,10,1,5,1)","(10,10,10,10,10,10,10)","","(91240616,90305192,92700003,0,-1,117000095,91240612,90305193,92480009,-1,-1,117000149,-1,90305194,92800002,-1,-1,117000149,91232615,90305195,92300003,0,-1,117000013,-1,90305363,92510001,-1,-1,117000149,-1,90305364,92340010,-1,-1,117000063,91232619,90305196,92300003,5,-1,117000015)","","","(5208)",""
"136007122","6","3","(1,1,2,5000,3,1,4,1,9,1,10,1,5,1)","(10,10,10,10,10,10,10)","","(91240616,90305192,92700003,0,-1,117000095,91240612,90305193,92480009,-1,-1,117000149,-1,90305194,92800002,-1,-1,117000149,91232615,90305195,92300003,0,-1,117000013,-1,90305363,92510001,-1,-1,117000149,-1,90305364,92340010,-1,-1,117000063,91232619,90305196,92300003,5,-1,117000015)","","","(5209)",""
"136007123","6","4","(1,1,2,5000,3,1,4,1,9,1,10,1,5,1)","(10,10,10,10,10,10,10)","","(91240616,90305192,92700003,0,-1,117000095,91240612,90305193,92480009,-1,-1,117000149,-1,90305194,92800002,-1,-1,117000149,91232615,90305195,92300003,0,-1,117000013,-1,90305363,92510001,-1,-1,117000149,-1,90305364,92340010,-1,-1,117000063,91232619,90305196,92300003,5,-1,117000015)","","","(5210)",""
"136007124","6","5","(1,1,2,5000,3,1,4,1,9,1,10,1,5,1)","(10,10,10,10,10,10,10)","","(91240616,90305192,92700003,0,-1,117000095,91240612,90305193,92480009,-1,-1,117000149,-1,90305194,92800002,-1,-1,117000149,91232615,90305195,92300003,0,-1,117000013,-1,90305363,92510001,-1,-1,117000149,-1,90305364,92340010,-1,-1,117000063,91232619,90305196,92300003,5,-1,117000015)","","","(5211)",""
"136007125","6","6","(1,1,2,5000,3,1,4,1,9,1,10,1,5,1)","(10,10,10,10,10,10,10)","","(91240616,90305192,92700003,0,-1,117000095,91240612,90305193,92480009,-1,-1,117000149,-1,90305194,92800002,-1,-1,117000149,91232615,90305195,92300003,0,-1,117000013,-1,90305363,92510001,-1,-1,117000149,-1,90305364,92340010,-1,-1,117000063,91232619,90305196,92300003,5,-1,117000015)","","","(5212)",""
"136007126","6","7","(1,1,2,5000,3,1,4,1,9,1,10,1,5,1)","(10,10,10,10,10,10,10)","","(91240616,90305192,92700003,0,-1,117000095,91240612,90305193,92480009,-1,-1,117000149,-1,90305194,92800002,-1,-1,117000149,91232615,90305195,92300003,0,-1,117000013,-1,90305363,92510001,-1,-1,117000149,-1,90305364,92340010,-1,-1,117000063,91232619,90305196,92300003,5,-1,117000015)","","","(5213)",""
"136007127","6","1","(1,1,2,5000,3,1,4,1,9,1,10,1,5,1)","(10,10,10,10,10,10,10)","","(91240616,90305192,92700003,0,-1,117000095,91240612,90305193,92480009,-1,-1,117000149,-1,90305194,92800002,-1,-1,117000149,91232615,90305195,92300003,0,-1,117000013,-1,90305363,92510001,-1,-1,117000149,-1,90305364,92340010,-1,-1,117000063,91232619,90305196,92300003,5,-1,117000015)","","","(5214)",""
"136007128","6","2","(1,1,2,5000,3,1,4,1,9,1,10,1,5,1)","(10,10,10,10,10,10,10)","","(91240616,90305192,92700003,0,-1,117000095,91240612,90305193,92480009,-1,-1,117000149,-1,90305194,92800002,-1,-1,117000149,91232615,90305195,92300003,0,-1,117000013,-1,90305363,92510001,-1,-1,117000149,-1,90305364,92340010,-1,-1,117000063,91232619,90305196,92300003,5,-1,117000015)","","","(5215)",""
"136007129","6","3","(1,1,2,5000,3,1,4,1,9,1,10,1,5,1)","(10,10,10,10,10,10,10)","","(91240616,90305192,92700003,0,-1,117000095,91240612,90305193,92480009,-1,-1,117000149,-1,90305194,92800002,-1,-1,117000149,91232615,90305195,92300003,0,-1,117000013,-1,90305363,92510001,-1,-1,117000149,-1,90305364,92340010,-1,-1,117000063,91232619,90305196,92300003,5,-1,117000015)","","","(5216)",""
"136007130","6","4","(1,1,2,5000,3,1,4,1,9,1,10,1,5,1)","(10,10,10,10,10,10,10)","","(91240616,90305192,92700003,0,-1,117000095,91240612,90305193,92480009,-1,-1,117000149,-1,90305194,92800002,-1,-1,117000149,91232615,90305195,92300003,0,-1,117000013,-1,90305363,92510001,-1,-1,117000149,-1,90305364,92340010,-1,-1,117000063,91232619,90305196,92300003,5,-1,117000015)","","","(5217)",""
"136007131","6","5","(1,1,2,5000,3,1,4,1,9,1,10,1,5,1)","(10,10,10,10,10,10,10)","","(91240616,90305192,92700003,0,-1,117000095,91240612,90305193,92480009,-1,-1,117000149,-1,90305194,92800002,-1,-1,117000149,91232615,90305195,92300003,0,-1,117000013,-1,90305363,92510001,-1,-1,117000149,-1,90305364,92340010,-1,-1,117000063,91232619,90305196,92300003,5,-1,117000015)","","","(5218)",""
"136007132","6","6","(1,1,2,5000,3,1,4,1,9,1,10,1,5,1)","(10,10,10,10,10,10,10)","","(91240616,90305192,92700003,0,-1,117000095,91240612,90305193,92480009,-1,-1,117000149,-1,90305194,92800002,-1,-1,117000149,91232615,90305195,92300003,0,-1,117000013,-1,90305363,92510001,-1,-1,117000149,-1,90305364,92340010,-1,-1,117000063,91232619,90305196,92300003,5,-1,117000015)","","","(5219)",""
"136007133","6","7","(1,1,2,5000,3,1,4,1,9,1,10,1,5,1)","(10,10,10,10,10,10,10)","","(91240616,90305192,92700003,0,-1,117000095,91240612,90305193,92480009,-1,-1,117000149,-1,90305194,92800002,-1,-1,117000149,91232615,90305195,92300003,0,-1,117000013,-1,90305363,92510001,-1,-1,117000149,-1,90305364,92340010,-1,-1,117000063,91232619,90305196,92300003,5,-1,117000015)","","","(5220)",""
"136007134","6","1","(1,1,2,5000,3,1,4,1,9,1,10,1,5,1)","(10,10,10,10,10,10,10)","","(91240616,90305192,92700003,0,-1,117000095,91240612,90305193,92480009,-1,-1,117000149,-1,90305194,92800002,-1,-1,117000149,91232615,90305195,92300003,0,-1,117000013,-1,90305363,92510001,-1,-1,117000149,-1,90305364,92340010,-1,-1,117000063,91232619,90305196,92300003,5,-1,117000015)","","","(5221)",""
"136007135","6","2","(1,1,2,5000,3,1,4,1,9,1,10,1,5,1)","(10,10,10,10,10,10,10)","","(91240616,90305192,92700003,0,-1,117000095,91240612,90305193,92480009,-1,-1,117000149,-1,90305194,92800002,-1,-1,117000149,91232615,90305195,92300003,0,-1,117000013,-1,90305363,92510001,-1,-1,117000149,-1,90305364,92340010,-1,-1,117000063,91232619,90305196,92300003,5,-1,117000015)","","","(5222)",""
"136007136","6","3","(1,1,2,5000,3,1,4,1,9,1,10,1,5,1)","(10,10,10,10,10,10,10)","","(91240616,90305192,92700003,0,-1,117000095,91240612,90305193,92480009,-1,-1,117000149,-1,90305194,92800002,-1,-1,117000149,91232615,90305195,92300003,0,-1,117000013,-1,90305363,92510001,-1,-1,117000149,-1,90305364,92340010,-1,-1,117000063,91232619,90305196,92300003,5,-1,117000015)","","","(5223)",""
"136007137","6","4","(1,1,2,5000,3,1,4,1,9,1,10,1,5,1)","(10,10,10,10,10,10,10)","","(91240616,90305192,92700003,0,-1,117000095,91240612,90305193,92480009,-1,-1,117000149,-1,90305194,92800002,-1,-1,117000149,91232615,90305195,92300003,0,-1,117000013,-1,90305363,92510001,-1,-1,117000149,-1,90305364,92340010,-1,-1,117000063,91232619,90305196,92300003,5,-1,117000015)","","","(5224)",""
"136007138","6","5","(1,1,2,5000,3,1,4,1,9,1,10,1,5,1)","(10,10,10,10,10,10,10)","","(91240616,90305192,92700003,0,-1,117000095,91240612,90305193,92480009,-1,-1,117000149,-1,90305194,92800002,-1,-1,117000149,91232615,90305195,92300003,0,-1,117000013,-1,90305363,92510001,-1,-1,117000149,-1,90305364,92340010,-1,-1,117000063,91232619,90305196,92300003,5,-1,117000015)","","","(5225)",""
"136007139","6","6","(1,1,2,5000,3,1,4,1,9,1,10,1,5,1)","(10,10,10,10,10,10,10)","","(91240616,90305192,92700003,0,-1,117000095,91240612,90305193,92480009,-1,-1,117000149,-1,90305194,92800002,-1,-1,117000149,91232615,90305195,92300003,0,-1,117000013,-1,90305363,92510001,-1,-1,117000149,-1,90305364,92340010,-1,-1,117000063,91232619,90305196,92300003,5,-1,117000015)","","","(5226)",""
"136007140","6","7","(1,1,2,5000,3,1,4,1,9,1,10,1,5,1)","(10,10,10,10,10,10,10)","","(91240616,90305192,92700003,0,-1,117000095,91240612,90305193,92480009,-1,-1,117000149,-1,90305194,92800002,-1,-1,117000149,91232615,90305195,92300003,0,-1,117000013,-1,90305363,92510001,-1,-1,117000149,-1,90305364,92340010,-1,-1,117000063,91232619,90305196,92300003,5,-1,117000015)","","","(5227)",""
"136007141","6","1","(1,1,2,5000,3,1,4,1,9,1,10,1,5,1)","(10,10,10,10,10,10,10)","","(91240616,90305192,92700003,0,-1,117000095,91240612,90305193,92480009,-1,-1,117000149,-1,90305194,92800002,-1,-1,117000149,91232615,90305195,92300003,0,-1,117000013,-1,90305363,92510001,-1,-1,117000149,-1,90305364,92340010,-1,-1,117000063,91232619,90305196,92300003,5,-1,117000015)","","","(5228)",""
"136007142","6","2","(1,1,2,5000,3,1,4,1,9,1,10,1,5,1)","(10,10,10,10,10,10,10)","","(91240616,90305192,92700003,0,-1,117000095,91240612,90305193,92480009,-1,-1,117000149,-1,90305194,92800002,-1,-1,117000149,91232615,90305195,92300003,0,-1,117000013,-1,90305363,92510001,-1,-1,117000149,-1,90305364,92340010,-1,-1,117000063,91232619,90305196,92300003,5,-1,117000015)","","","(5229)",""
"136007143","6","3","(1,1,2,5000,3,1,4,1,9,1,10,1,5,1)","(10,10,10,10,10,10,10)","","(91240616,90305192,92700003,0,-1,117000095,91240612,90305193,92480009,-1,-1,117000149,-1,90305194,92800002,-1,-1,117000149,91232615,90305195,92300003,0,-1,117000013,-1,90305363,92510001,-1,-1,117000149,-1,90305364,92340010,-1,-1,117000063,91232619,90305196,92300003,5,-1,117000015)","","","(5230)",""
"136007144","6","4","(1,1,2,5000,3,1,4,1,9,1,10,1,5,1)","(10,10,10,10,10,10,10)","","(91240616,90305192,92700003,0,-1,117000095,91240612,90305193,92480009,-1,-1,117000149,-1,90305194,92800002,-1,-1,117000149,91232615,90305195,92300003,0,-1,117000013,-1,90305363,92510001,-1,-1,117000149,-1,90305364,92340010,-1,-1,117000063,91232619,90305196,92300003,5,-1,117000015)","","","(5231)",""
"136007145","6","5","(1,1,2,5000,3,1,4,1,9,1,10,1,5,1)","(10,10,10,10,10,10,10)","","(91240616,90305192,92700003,0,-1,117000095,91240612,90305193,92480009,-1,-1,117000149,-1,90305194,92800002,-1,-1,117000149,91232615,90305195,92300003,0,-1,117000013,-1,90305363,92510001,-1,-1,117000149,-1,90305364,92340010,-1,-1,117000063,91232619,90305196,92300003,5,-1,117000015)","","","(5232)",""
"136007146","6","6","(1,1,2,5000,3,1,4,1,9,1,10,1,5,1)","(10,10,10,10,10,10,10)","","(91240616,90305192,92700003,0,-1,117000095,91240612,90305193,92480009,-1,-1,117000149,-1,90305194,92800002,-1,-1,117000149,91232615,90305195,92300003,0,-1,117000013,-1,90305363,92510001,-1,-1,117000149,-1,90305364,92340010,-1,-1,117000063,91232619,90305196,92300003,5,-1,117000015)","","","(5233)",""
"136007147","6","7","(1,1,2,5000,3,1,4,1,9,1,10,1,5,1)","(10,10,10,10,10,10,10)","","(91240616,90305192,92700003,0,-1,117000095,91240612,90305193,92480009,-1,-1,117000149,-1,90305194,92800002,-1,-1,117000149,91232615,90305195,92300003,0,-1,117000013,-1,90305363,92510001,-1,-1,117000149,-1,90305364,92340010,-1,-1,117000063,91232619,90305196,92300003,5,-1,117000015)","","","(5234)",""
"136007148","6","1","(1,1,2,5000,3,1,4,1,9,1,10,1,5,1)","(10,10,10,10,10,10,10)","","(91240616,90305192,92700003,0,-1,117000095,91240612,90305193,92480009,-1,-1,117000149,-1,90305194,92800002,-1,-1,117000149,91232615,90305195,92300003,0,-1,117000013,-1,90305363,92510001,-1,-1,117000149,-1,90305364,92340010,-1,-1,117000063,91232619,90305196,92300003,5,-1,117000015)","","","(5235)",""
"136007149","6","2","(1,1,2,5000,3,1,4,1,9,1,10,1,5,1)","(10,10,10,10,10,10,10)","","(91240616,90305192,92700003,0,-1,117000095,91240612,90305193,92480009,-1,-1,117000149,-1,90305194,92800002,-1,-1,117000149,91232615,90305195,92300003,0,-1,117000013,-1,90305363,92510001,-1,-1,117000149,-1,90305364,92340010,-1,-1,117000063,91232619,90305196,92300003,5,-1,117000015)","","","(5236)",""
"136007150","6","3","(1,1,2,5000,3,1,4,1,9,1,10,1,5,1)","(10,10,10,10,10,10,10)","","(91240616,90305192,92700003,0,-1,117000095,91240612,90305193,92480009,-1,-1,117000149,-1,90305194,92800002,-1,-1,117000149,91232615,90305195,92300003,0,-1,117000013,-1,90305363,92510001,-1,-1,117000149,-1,90305364,92340010,-1,-1,117000063,91232619,90305196,92300003,5,-1,117000015)","","","(5237)",""
"136007151","6","4","(1,1,2,5000,3,1,4,1,9,1,10,1,5,1)","(10,10,10,10,10,10,10)","","(91240616,90305192,92700003,0,-1,117000095,91240612,90305193,92480009,-1,-1,117000149,-1,90305194,92800002,-1,-1,117000149,91232615,90305195,92300003,0,-1,117000013,-1,90305363,92510001,-1,-1,117000149,-1,90305364,92340010,-1,-1,117000063,91232619,90305196,92300003,5,-1,117000015)","","","(5238)",""
"136007152","6","5","(1,1,2,5000,3,1,4,1,9,1,10,1,5,1)","(10,10,10,10,10,10,10)","","(91240616,90305192,92700003,0,-1,117000095,91240612,90305193,92480009,-1,-1,117000149,-1,90305194,92800002,-1,-1,117000149,91232615,90305195,92300003,0,-1,117000013,-1,90305363,92510001,-1,-1,117000149,-1,90305364,92340010,-1,-1,117000063,91232619,90305196,92300003,5,-1,117000015)","","","(5239)",""
"136007153","6","6","(1,1,2,5000,3,1,4,1,9,1,10,1,5,1)","(10,10,10,10,10,10,10)","","(91240616,90305192,92700003,0,-1,117000095,91240612,90305193,92480009,-1,-1,117000149,-1,90305194,92800002,-1,-1,117000149,91232615,90305195,92300003,0,-1,117000013,-1,90305363,92510001,-1,-1,117000149,-1,90305364,92340010,-1,-1,117000063,91232619,90305196,92300003,5,-1,117000015)","","","(5240)",""
"136007154","6","7","(1,1,2,5000,3,1,4,1,9,1,10,1,5,1)","(10,10,10,10,10,10,10)","","(91240616,90305192,92700003,0,-1,117000095,91240612,90305193,92480009,-1,-1,117000149,-1,90305194,92800002,-1,-1,117000149,91232615,90305195,92300003,0,-1,117000013,-1,90305363,92510001,-1,-1,117000149,-1,90305364,92340010,-1,-1,117000063,91232619,90305196,92300003,5,-1,117000015)","","","(5241)",""
"136007155","6","1","(1,1,2,5000,3,1,4,1,9,1,10,1,5,1)","(10,10,10,10,10,10,10)","","(91240616,90305192,92700003,0,-1,117000095,91240612,90305193,92480009,-1,-1,117000149,-1,90305194,92800002,-1,-1,117000149,91232615,90305195,92300003,0,-1,117000013,-1,90305363,92510001,-1,-1,117000149,-1,90305364,92340010,-1,-1,117000063,91232619,90305196,92300003,5,-1,117000015)","","","(5242)",""
"136007156","6","2","(1,1,2,5000,3,1,4,1,9,1,10,1,5,1)","(10,10,10,10,10,10,10)","","(91240616,90305192,92700003,0,-1,117000095,91240612,90305193,92480009,-1,-1,117000149,-1,90305194,92800002,-1,-1,117000149,91232615,90305195,92300003,0,-1,117000013,-1,90305363,92510001,-1,-1,117000149,-1,90305364,92340010,-1,-1,117000063,91232619,90305196,92300003,5,-1,117000015)","","","(5243)",""
"136007157","6","3","(1,1,2,5000,3,1,4,1,9,1,10,1,5,1)","(10,10,10,10,10,10,10)","","(91240616,90305192,92700003,0,-1,117000095,91240612,90305193,92480009,-1,-1,117000149,-1,90305194,92800002,-1,-1,117000149,91232615,90305195,92300003,0,-1,117000013,-1,90305363,92510001,-1,-1,117000149,-1,90305364,92340010,-1,-1,117000063,91232619,90305196,92300003,5,-1,117000015)","","","(5244)",""
"136007158","6","4","(1,1,2,5000,3,1,4,1,9,1,10,1,5,1)","(10,10,10,10,10,10,10)","","(91240616,90305192,92700003,0,-1,117000095,91240612,90305193,92480009,-1,-1,117000149,-1,90305194,92800002,-1,-1,117000149,91232615,90305195,92300003,0,-1,117000013,-1,90305363,92510001,-1,-1,117000149,-1,90305364,92340010,-1,-1,117000063,91232619,90305196,92300003,5,-1,117000015)","","","(5245)",""
"136007159","6","5","(1,1,2,5000,3,1,4,1,9,1,10,1,5,1)","(10,10,10,10,10,10,10)","","(91240616,90305192,92700003,0,-1,117000095,91240612,90305193,92480009,-1,-1,117000149,-1,90305194,92800002,-1,-1,117000149,91232615,90305195,92300003,0,-1,117000013,-1,90305363,92510001,-1,-1,117000149,-1,90305364,92340010,-1,-1,117000063,91232619,90305196,92300003,5,-1,117000015)","","","(5246)",""
"136007160","6","6","(1,1,2,5000,3,1,4,1,9,1,10,1,5,1)","(10,10,10,10,10,10,10)","","(91240616,90305192,92700003,0,-1,117000095,91240612,90305193,92480009,-1,-1,117000149,-1,90305194,92800002,-1,-1,117000149,91232615,90305195,92300003,0,-1,117000013,-1,90305363,92510001,-1,-1,117000149,-1,90305364,92340010,-1,-1,117000063,91232619,90305196,92300003,5,-1,117000015)","","","(5247)",""
"136007161","6","7","(1,1,2,5000,3,1,4,1,9,1,10,1,5,1)","(10,10,10,10,10,10,10)","","(91240616,90305192,92700003,0,-1,117000095,91240612,90305193,92480009,-1,-1,117000149,-1,90305194,92800002,-1,-1,117000149,91232615,90305195,92300003,0,-1,117000013,-1,90305363,92510001,-1,-1,117000149,-1,90305364,92340010,-1,-1,117000063,91232619,90305196,92300003,5,-1,117000015)","","","(5248)",""
"136007162","6","1","(1,1,2,5000,3,1,4,1,9,1,10,1,5,1)","(10,10,10,10,10,10,10)","","(91240616,90305192,92700003,0,-1,117000095,91240612,90305193,92480009,-1,-1,117000149,-1,90305194,92800002,-1,-1,117000149,91232615,90305195,92300003,0,-1,117000013,-1,90305363,92510001,-1,-1,117000149,-1,90305364,92340010,-1,-1,117000063,91232619,90305196,92300003,5,-1,117000015)","","","(5249)",""
"136007163","6","2","(1,1,2,5000,3,1,4,1,9,1,10,1,5,1)","(10,10,10,10,10,10,10)","","(91240616,90305192,92700003,0,-1,117000095,91240612,90305193,92480009,-1,-1,117000149,-1,90305194,92800002,-1,-1,117000149,91232615,90305195,92300003,0,-1,117000013,-1,90305363,92510001,-1,-1,117000149,-1,90305364,92340010,-1,-1,117000063,91232619,90305196,92300003,5,-1,117000015)","","","(5250)",""
"136007164","6","3","(1,1,2,5000,3,1,4,1,9,1,10,1,5,1)","(10,10,10,10,10,10,10)","","(91240616,90305192,92700003,0,-1,117000095,91240612,90305193,92480009,-1,-1,117000149,-1,90305194,92800002,-1,-1,117000149,91232615,90305195,92300003,0,-1,117000013,-1,90305363,92510001,-1,-1,117000149,-1,90305364,92340010,-1,-1,117000063,91232619,90305196,92300003,5,-1,117000015)","","","(5251)",""
"136007165","6","4","(1,1,2,5000,3,1,4,1,9,1,10,1,5,1)","(10,10,10,10,10,10,10)","","(91240616,90305192,92700003,0,-1,117000095,91240612,90305193,92480009,-1,-1,117000149,-1,90305194,92800002,-1,-1,117000149,91232615,90305195,92300003,0,-1,117000013,-1,90305363,92510001,-1,-1,117000149,-1,90305364,92340010,-1,-1,117000063,91232619,90305196,92300003,5,-1,117000015)","","","(5252)",""
"136007166","6","5","(1,1,2,5000,3,1,4,1,9,1,10,1,5,1)","(10,10,10,10,10,10,10)","","(91240616,90305192,92700003,0,-1,117000095,91240612,90305193,92480009,-1,-1,117000149,-1,90305194,92800002,-1,-1,117000149,91232615,90305195,92300003,0,-1,117000013,-1,90305363,92510001,-1,-1,117000149,-1,90305364,92340010,-1,-1,117000063,91232619,90305196,92300003,5,-1,117000015)","","","(5253)",""
"136007167","6","6","(1,1,2,5000,3,1,4,1,9,1,10,1,5,1)","(10,10,10,10,10,10,10)","","(91240616,90305192,92700003,0,-1,117000095,91240612,90305193,92480009,-1,-1,117000149,-1,90305194,92800002,-1,-1,117000149,91232615,90305195,92300003,0,-1,117000013,-1,90305363,92510001,-1,-1,117000149,-1,90305364,92340010,-1,-1,117000063,91232619,90305196,92300003,5,-1,117000015)","","","(5254)",""
"136007168","6","7","(1,1,2,5000,3,1,4,1,9,1,10,1,5,1)","(10,10,10,10,10,10,10)","","(91240616,90305192,92700003,0,-1,117000095,91240612,90305193,92480009,-1,-1,117000149,-1,90305194,92800002,-1,-1,117000149,91232615,90305195,92300003,0,-1,117000013,-1,90305363,92510001,-1,-1,117000149,-1,90305364,92340010,-1,-1,117000063,91232619,90305196,92300003,5,-1,117000015)","","","(5255)",""
"136007169","6","1","(1,1,2,5000,3,1,4,1,9,1,10,1,5,1)","(10,10,10,10,10,10,10)","","(91240616,90305192,92700003,0,-1,117000095,91240612,90305193,92480009,-1,-1,117000149,-1,90305194,92800002,-1,-1,117000149,91232615,90305195,92300003,0,-1,117000013,-1,90305363,92510001,-1,-1,117000149,-1,90305364,92340010,-1,-1,117000063,91232619,90305196,92300003,5,-1,117000015)","","","(5256)",""
"136007170","6","2","(1,1,2,5000,3,1,4,1,9,1,10,1,5,1)","(10,10,10,10,10,10,10)","","(91240616,90305192,92700003,0,-1,117000095,91240612,90305193,92480009,-1,-1,117000149,-1,90305194,92800002,-1,-1,117000149,91232615,90305195,92300003,0,-1,117000013,-1,90305363,92510001,-1,-1,117000149,-1,90305364,92340010,-1,-1,117000063,91232619,90305196,92300003,5,-1,117000015)","","","(5257)",""
"136007171","6","3","(1,1,2,5000,3,1,4,1,9,1,10,1,5,1)","(10,10,10,10,10,10,10)","","(91240616,90305192,92700003,0,-1,117000095,91240612,90305193,92480009,-1,-1,117000149,-1,90305194,92800002,-1,-1,117000149,91232615,90305195,92300003,0,-1,117000013,-1,90305363,92510001,-1,-1,117000149,-1,90305364,92340010,-1,-1,117000063,91232619,90305196,92300003,5,-1,117000015)","","","(5258)",""
"136007172","6","4","(1,1,2,5000,3,1,4,1,9,1,10,1,5,1)","(10,10,10,10,10,10,10)","","(91240616,90305192,92700003,0,-1,117000095,91240612,90305193,92480009,-1,-1,117000149,-1,90305194,92800002,-1,-1,117000149,91232615,90305195,92300003,0,-1,117000013,-1,90305363,92510001,-1,-1,117000149,-1,90305364,92340010,-1,-1,117000063,91232619,90305196,92300003,5,-1,117000015)","","","(5259)",""
"136007173","6","5","(1,1,2,5000,3,1,4,1,9,1,10,1,5,1)","(10,10,10,10,10,10,10)","","(91240616,90305192,92700003,0,-1,117000095,91240612,90305193,92480009,-1,-1,117000149,-1,90305194,92800002,-1,-1,117000149,91232615,90305195,92300003,0,-1,117000013,-1,90305363,92510001,-1,-1,117000149,-1,90305364,92340010,-1,-1,117000063,91232619,90305196,92300003,5,-1,117000015)","","","(5260)",""
"136007174","6","6","(1,1,2,5000,3,1,4,1,9,1,10,1,5,1)","(10,10,10,10,10,10,10)","","(91240616,90305192,92700003,0,-1,117000095,91240612,90305193,92480009,-1,-1,117000149,-1,90305194,92800002,-1,-1,117000149,91232615,90305195,92300003,0,-1,117000013,-1,90305363,92510001,-1,-1,117000149,-1,90305364,92340010,-1,-1,117000063,91232619,90305196,92300003,5,-1,117000015)","","","(5261)",""
"136007175","6","7","(1,1,2,5000,3,1,4,1,9,1,10,1,5,1)","(10,10,10,10,10,10,10)","","(91240616,90305192,92700003,0,-1,117000095,91240612,90305193,92480009,-1,-1,117000149,-1,90305194,92800002,-1,-1,117000149,91232615,90305195,92300003,0,-1,117000013,-1,90305363,92510001,-1,-1,117000149,-1,90305364,92340010,-1,-1,117000063,91232619,90305196,92300003,5,-1,117000015)","","","(5262)",""
"136007176","6","1","(1,1,2,5000,3,1,4,1,9,1,10,1,5,1)","(10,10,10,10,10,10,10)","","(91240616,90305192,92700003,0,-1,117000095,91240612,90305193,92480009,-1,-1,117000149,-1,90305194,92800002,-1,-1,117000149,91232615,90305195,92300003,0,-1,117000013,-1,90305363,92510001,-1,-1,117000149,-1,90305364,92340010,-1,-1,117000063,91232619,90305196,92300003,5,-1,117000015)","","","(5263)",""
"136007177","6","2","(1,1,2,5000,3,1,4,1,9,1,10,1,5,1)","(10,10,10,10,10,10,10)","","(91240616,90305192,92700003,0,-1,117000095,91240612,90305193,92480009,-1,-1,117000149,-1,90305194,92800002,-1,-1,117000149,91232615,90305195,92300003,0,-1,117000013,-1,90305363,92510001,-1,-1,117000149,-1,90305364,92340010,-1,-1,117000063,91232619,90305196,92300003,5,-1,117000015)","","","(5264)",""
"136007178","6","3","(1,1,2,5000,3,1,4,1,9,1,10,1,5,1)","(10,10,10,10,10,10,10)","","(91240616,90305192,92700003,0,-1,117000095,91240612,90305193,92480009,-1,-1,117000149,-1,90305194,92800002,-1,-1,117000149,91232615,90305195,92300003,0,-1,117000013,-1,90305363,92510001,-1,-1,117000149,-1,90305364,92340010,-1,-1,117000063,91232619,90305196,92300003,5,-1,117000015)","","","(5265)",""
"136007179","6","4","(1,1,2,5000,3,1,4,1,9,1,10,1,5,1)","(10,10,10,10,10,10,10)","","(91240616,90305192,92700003,0,-1,117000095,91240612,90305193,92480009,-1,-1,117000149,-1,90305194,92800002,-1,-1,117000149,91232615,90305195,92300003,0,-1,117000013,-1,90305363,92510001,-1,-1,117000149,-1,90305364,92340010,-1,-1,117000063,91232619,90305196,92300003,5,-1,117000015)","","","(5266)",""
"136007180","6","5","(1,1,2,5000,3,1,4,1,9,1,10,1,5,1)","(10,10,10,10,10,10,10)","","(91240616,90305192,92700003,0,-1,117000095,91240612,90305193,92480009,-1,-1,117000149,-1,90305194,92800002,-1,-1,117000149,91232615,90305195,92300003,0,-1,117000013,-1,90305363,92510001,-1,-1,117000149,-1,90305364,92340010,-1,-1,117000063,91232619,90305196,92300003,5,-1,117000015)","","","(5267)",""
"136007181","6","6","(1,1,2,5000,3,1,4,1,9,1,10,1,5,1)","(10,10,10,10,10,10,10)","","(91240616,90305192,92700003,0,-1,117000095,91240612,90305193,92480009,-1,-1,117000149,-1,90305194,92800002,-1,-1,117000149,91232615,90305195,92300003,0,-1,117000013,-1,90305363,92510001,-1,-1,117000149,-1,90305364,92340010,-1,-1,117000063,91232619,90305196,92300003,5,-1,117000015)","","","(5268)",""
"136007182","6","7","(1,1,2,5000,3,1,4,1,9,1,10,1,5,1)","(10,10,10,10,10,10,10)","","(91240616,90305192,92700003,0,-1,117000095,91240612,90305193,92480009,-1,-1,117000149,-1,90305194,92800002,-1,-1,117000149,91232615,90305195,92300003,0,-1,117000013,-1,90305363,92510001,-1,-1,117000149,-1,90305364,92340010,-1,-1,117000063,91232619,90305196,92300003,5,-1,117000015)","","","(5269)",""
"136007183","6","1","(1,1,2,5000,3,1,4,1,9,1,10,1,5,1)","(10,10,10,10,10,10,10)","","(91240616,90305192,92700003,0,-1,117000095,91240612,90305193,92480009,-1,-1,117000149,-1,90305194,92800002,-1,-1,117000149,91232615,90305195,92300003,0,-1,117000013,-1,90305363,92510001,-1,-1,117000149,-1,90305364,92340010,-1,-1,117000063,91232619,90305196,92300003,5,-1,117000015)","","","(5270)",""
"136007184","6","2","(1,1,2,5000,3,1,4,1,9,1,10,1,5,1)","(10,10,10,10,10,10,10)","","(91240616,90305192,92700003,0,-1,117000095,91240612,90305193,92480009,-1,-1,117000149,-1,90305194,92800002,-1,-1,117000149,91232615,90305195,92300003,0,-1,117000013,-1,90305363,92510001,-1,-1,117000149,-1,90305364,92340010,-1,-1,117000063,91232619,90305196,92300003,5,-1,117000015)","","","(5271)",""
"136007185","6","3","(1,1,2,5000,3,1,4,1,9,1,10,1,5,1)","(10,10,10,10,10,10,10)","","(91240616,90305192,92700003,0,-1,117000095,91240612,90305193,92480009,-1,-1,117000149,-1,90305194,92800002,-1,-1,117000149,91232615,90305195,92300003,0,-1,117000013,-1,90305363,92510001,-1,-1,117000149,-1,90305364,92340010,-1,-1,117000063,91232619,90305196,92300003,5,-1,117000015)","","","(5272)",""
"136007186","6","4","(1,1,2,5000,3,1,4,1,9,1,10,1,5,1)","(10,10,10,10,10,10,10)","","(91240616,90305192,92700003,0,-1,117000095,91240612,90305193,92480009,-1,-1,117000149,-1,90305194,92800002,-1,-1,117000149,91232615,90305195,92300003,0,-1,117000013,-1,90305363,92510001,-1,-1,117000149,-1,90305364,92340010,-1,-1,117000063,91232619,90305196,92300003,5,-1,117000015)","","","(5273)",""
"136007187","6","5","(1,1,2,5000,3,1,4,1,9,1,10,1,5,1)","(10,10,10,10,10,10,10)","","(91240616,90305192,92700003,0,-1,117000095,91240612,90305193,92480009,-1,-1,117000149,-1,90305194,92800002,-1,-1,117000149,91232615,90305195,92300003,0,-1,117000013,-1,90305363,92510001,-1,-1,117000149,-1,90305364,92340010,-1,-1,117000063,91232619,90305196,92300003,5,-1,117000015)","","","(5274)",""
"136007188","6","6","(1,1,2,5000,3,1,4,1,9,1,10,1,5,1)","(10,10,10,10,10,10,10)","","(91240616,90305192,92700003,0,-1,117000095,91240612,90305193,92480009,-1,-1,117000149,-1,90305194,92800002,-1,-1,117000149,91232615,90305195,92300003,0,-1,117000013,-1,90305363,92510001,-1,-1,117000149,-1,90305364,92340010,-1,-1,117000063,91232619,90305196,92300003,5,-1,117000015)","","","(5275)",""
"136007189","6","7","(1,1,2,5000,3,1,4,1,9,1,10,1,5,1)","(10,10,10,10,10,10,10)","","(91240616,90305192,92700003,0,-1,117000095,91240612,90305193,92480009,-1,-1,117000149,-1,90305194,92800002,-1,-1,117000149,91232615,90305195,92300003,0,-1,117000013,-1,90305363,92510001,-1,-1,117000149,-1,90305364,92340010,-1,-1,117000063,91232619,90305196,92300003,5,-1,117000015)","","","(5276)",""
"136007190","6","1","(1,1,2,5000,3,1,4,1,9,1,10,1,5,1)","(10,10,10,10,10,10,10)","","(91240616,90305192,92700003,0,-1,117000095,91240612,90305193,92480009,-1,-1,117000149,-1,90305194,92800002,-1,-1,117000149,91232615,90305195,92300003,0,-1,117000013,-1,90305363,92510001,-1,-1,117000149,-1,90305364,92340010,-1,-1,117000063,91232619,90305196,92300003,5,-1,117000015)","","","(5277)",""
"136007191","6","2","(1,1,2,5000,3,1,4,1,9,1,10,1,5,1)","(10,10,10,10,10,10,10)","","(91240616,90305192,92700003,0,-1,117000095,91240612,90305193,92480009,-1,-1,117000149,-1,90305194,92800002,-1,-1,117000149,91232615,90305195,92300003,0,-1,117000013,-1,90305363,92510001,-1,-1,117000149,-1,90305364,92340010,-1,-1,117000063,91232619,90305196,92300003,5,-1,117000015)","","","(5278)",""
"136007192","6","3","(1,1,2,5000,3,1,4,1,9,1,10,1,5,1)","(10,10,10,10,10,10,10)","","(91240616,90305192,92700003,0,-1,117000095,91240612,90305193,92480009,-1,-1,117000149,-1,90305194,92800002,-1,-1,117000149,91232615,90305195,92300003,0,-1,117000013,-1,90305363,92510001,-1,-1,117000149,-1,90305364,92340010,-1,-1,117000063,91232619,90305196,92300003,5,-1,117000015)","","","(5279)",""
"136007193","6","4","(1,1,2,5000,3,1,4,1,9,1,10,1,5,1)","(10,10,10,10,10,10,10)","","(91240616,90305192,92700003,0,-1,117000095,91240612,90305193,92480009,-1,-1,117000149,-1,90305194,92800002,-1,-1,117000149,91232615,90305195,92300003,0,-1,117000013,-1,90305363,92510001,-1,-1,117000149,-1,90305364,92340010,-1,-1,117000063,91232619,90305196,92300003,5,-1,117000015)","","","(5280)",""
"136007194","6","5","(1,1,2,5000,3,1,4,1,9,1,10,1,5,1)","(10,10,10,10,10,10,10)","","(91240616,90305192,92700003,0,-1,117000095,91240612,90305193,92480009,-1,-1,117000149,-1,90305194,92800002,-1,-1,117000149,91232615,90305195,92300003,0,-1,117000013,-1,90305363,92510001,-1,-1,117000149,-1,90305364,92340010,-1,-1,117000063,91232619,90305196,92300003,5,-1,117000015)","","","(5281)",""
"136007195","6","6","(1,1,2,5000,3,1,4,1,9,1,10,1,5,1)","(10,10,10,10,10,10,10)","","(91240616,90305192,92700003,0,-1,117000095,91240612,90305193,92480009,-1,-1,117000149,-1,90305194,92800002,-1,-1,117000149,91232615,90305195,92300003,0,-1,117000013,-1,90305363,92510001,-1,-1,117000149,-1,90305364,92340010,-1,-1,117000063,91232619,90305196,92300003,5,-1,117000015)","","","(5282)",""
"136007196","6","7","(1,1,2,5000,3,1,4,1,9,1,10,1,5,1)","(10,10,10,10,10,10,10)","","(91240616,90305192,92700003,0,-1,117000095,91240612,90305193,92480009,-1,-1,117000149,-1,90305194,92800002,-1,-1,117000149,91232615,90305195,92300003,0,-1,117000013,-1,90305363,92510001,-1,-1,117000149,-1,90305364,92340010,-1,-1,117000063,91232619,90305196,92300003,5,-1,117000015)","","","(5283)",""
"136007197","6","1","(1,1,2,5000,3,1,4,1,9,1,10,1,5,1)","(10,10,10,10,10,10,10)","","(91240616,90305192,92700003,0,-1,117000095,91240612,90305193,92480009,-1,-1,117000149,-1,90305194,92800002,-1,-1,117000149,91232615,90305195,92300003,0,-1,117000013,-1,90305363,92510001,-1,-1,117000149,-1,90305364,92340010,-1,-1,117000063,91232619,90305196,92300003,5,-1,117000015)","","","(5284)",""
"136007198","6","2","(1,1,2,5000,3,1,4,1,9,1,10,1,5,1)","(10,10,10,10,10,10,10)","","(91240616,90305192,92700003,0,-1,117000095,91240612,90305193,92480009,-1,-1,117000149,-1,90305194,92800002,-1,-1,117000149,91232615,90305195,92300003,0,-1,117000013,-1,90305363,92510001,-1,-1,117000149,-1,90305364,92340010,-1,-1,117000063,91232619,90305196,92300003,5,-1,117000015)","","","(5285)",""
"136007199","6","3","(1,1,2,5000,3,1,4,1,9,1,10,1,5,1)","(10,10,10,10,10,10,10)","","(91240616,90305192,92700003,0,-1,117000095,91240612,90305193,92480009,-1,-1,117000149,-1,90305194,92800002,-1,-1,117000149,91232615,90305195,92300003,0,-1,117000013,-1,90305363,92510001,-1,-1,117000149,-1,90305364,92340010,-1,-1,117000063,91232619,90305196,92300003,5,-1,117000015)","","","(5286)",""
"136007200","6","4","(1,1,2,5000,3,1,4,1,9,1,10,1,5,1)","(10,10,10,10,10,10,10)","","(91240616,90305192,92700003,0,-1,117000095,91240612,90305193,92480009,-1,-1,117000149,-1,90305194,92800002,-1,-1,117000149,91232615,90305195,92300003,0,-1,117000013,-1,90305363,92510001,-1,-1,117000149,-1,90305364,92340010,-1,-1,117000063,91232619,90305196,92300003,5,-1,117000015)","","","(5287)",""
"136007201","6","5","(1,1,2,5000,3,1,4,1,9,1,10,1,5,1)","(10,10,10,10,10,10,10)","","(91240616,90305192,92700003,0,-1,117000095,91240612,90305193,92480009,-1,-1,117000149,-1,90305194,92800002,-1,-1,117000149,91232615,90305195,92300003,0,-1,117000013,-1,90305363,92510001,-1,-1,117000149,-1,90305364,92340010,-1,-1,117000063,91232619,90305196,92300003,5,-1,117000015)","","","(5288)",""
"136007202","6","6","(1,1,2,5000,3,1,4,1,9,1,10,1,5,1)","(10,10,10,10,10,10,10)","","(91240616,90305192,92700003,0,-1,117000095,91240612,90305193,92480009,-1,-1,117000149,-1,90305194,92800002,-1,-1,117000149,91232615,90305195,92300003,0,-1,117000013,-1,90305363,92510001,-1,-1,117000149,-1,90305364,92340010,-1,-1,117000063,91232619,90305196,92300003,5,-1,117000015)","","","(5289)",""
"136007203","6","7","(1,1,2,5000,3,1,4,1,9,1,10,1,5,1)","(10,10,10,10,10,10,10)","","(91240616,90305192,92700003,0,-1,117000095,91240612,90305193,92480009,-1,-1,117000149,-1,90305194,92800002,-1,-1,117000149,91232615,90305195,92300003,0,-1,117000013,-1,90305363,92510001,-1,-1,117000149,-1,90305364,92340010,-1,-1,117000063,91232619,90305196,92300003,5,-1,117000015)","","","(5290)",""
"136007204","6","1","(1,1,2,5000,3,1,4,1,9,1,10,1,5,1)","(10,10,10,10,10,10,10)","","(91240616,90305192,92700003,0,-1,117000095,91240612,90305193,92480009,-1,-1,117000149,-1,90305194,92800002,-1,-1,117000149,91232615,90305195,92300003,0,-1,117000013,-1,90305363,92510001,-1,-1,117000149,-1,90305364,92340010,-1,-1,117000063,91232619,90305196,92300003,5,-1,117000015)","","","(5291)",""
"136007205","6","2","(1,1,2,5000,3,1,4,1,9,1,10,1,5,1)","(10,10,10,10,10,10,10)","","(91240616,90305192,92700003,0,-1,117000095,91240612,90305193,92480009,-1,-1,117000149,-1,90305194,92800002,-1,-1,117000149,91232615,90305195,92300003,0,-1,117000013,-1,90305363,92510001,-1,-1,117000149,-1,90305364,92340010,-1,-1,117000063,91232619,90305196,92300003,5,-1,117000015)","","","(5292)",""
"136007206","6","3","(1,1,2,5000,3,1,4,1,9,1,10,1,5,1)","(10,10,10,10,10,10,10)","","(91240616,90305192,92700003,0,-1,117000095,91240612,90305193,92480009,-1,-1,117000149,-1,90305194,92800002,-1,-1,117000149,91232615,90305195,92300003,0,-1,117000013,-1,90305363,92510001,-1,-1,117000149,-1,90305364,92340010,-1,-1,117000063,91232619,90305196,92300003,5,-1,117000015)","","","(5293)",""
"136007207","6","4","(1,1,2,5000,3,1,4,1,9,1,10,1,5,1)","(10,10,10,10,10,10,10)","","(91240616,90305192,92700003,0,-1,117000095,91240612,90305193,92480009,-1,-1,117000149,-1,90305194,92800002,-1,-1,117000149,91232615,90305195,92300003,0,-1,117000013,-1,90305363,92510001,-1,-1,117000149,-1,90305364,92340010,-1,-1,117000063,91232619,90305196,92300003,5,-1,117000015)","","","(5294)",""
"136007208","6","5","(1,1,2,5000,3,1,4,1,9,1,10,1,5,1)","(10,10,10,10,10,10,10)","","(91240616,90305192,92700003,0,-1,117000095,91240612,90305193,92480009,-1,-1,117000149,-1,90305194,92800002,-1,-1,117000149,91232615,90305195,92300003,0,-1,117000013,-1,90305363,92510001,-1,-1,117000149,-1,90305364,92340010,-1,-1,117000063,91232619,90305196,92300003,5,-1,117000015)","","","(5295)",""
"136007209","6","6","(1,1,2,5000,3,1,4,1,9,1,10,1,5,1)","(10,10,10,10,10,10,10)","","(91240616,90305192,92700003,0,-1,117000095,91240612,90305193,92480009,-1,-1,117000149,-1,90305194,92800002,-1,-1,117000149,91232615,90305195,92300003,0,-1,117000013,-1,90305363,92510001,-1,-1,117000149,-1,90305364,92340010,-1,-1,117000063,91232619,90305196,92300003,5,-1,117000015)","","","(5296)",""
"136007210","6","7","(1,1,2,5000,3,1,4,1,9,1,10,1,5,1)","(10,10,10,10,10,10,10)","","(91240616,90305192,92700003,0,-1,117000095,91240612,90305193,92480009,-1,-1,117000149,-1,90305194,92800002,-1,-1,117000149,91232615,90305195,92300003,0,-1,117000013,-1,90305363,92510001,-1,-1,117000149,-1,90305364,92340010,-1,-1,117000063,91232619,90305196,92300003,5,-1,117000015)","","","(5297)",""
"136007211","6","1","(1,1,2,5000,3,1,4,1,9,1,10,1,5,1)","(10,10,10,10,10,10,10)","","(91240616,90305192,92700003,0,-1,117000095,91240612,90305193,92480009,-1,-1,117000149,-1,90305194,92800002,-1,-1,117000149,91232615,90305195,92300003,0,-1,117000013,-1,90305363,92510001,-1,-1,117000149,-1,90305364,92340010,-1,-1,117000063,91232619,90305196,92300003,5,-1,117000015)","","","(5298)",""
"136007212","6","2","(1,1,2,5000,3,1,4,1,9,1,10,1,5,1)","(10,10,10,10,10,10,10)","","(91240616,90305192,92700003,0,-1,117000095,91240612,90305193,92480009,-1,-1,117000149,-1,90305194,92800002,-1,-1,117000149,91232615,90305195,92300003,0,-1,117000013,-1,90305363,92510001,-1,-1,117000149,-1,90305364,92340010,-1,-1,117000063,91232619,90305196,92300003,5,-1,117000015)","","","(5299)",""
"136007213","6","3","(1,1,2,5000,3,1,4,1,9,1,10,1,5,1)","(10,10,10,10,10,10,10)","","(91240616,90305192,92700003,0,-1,117000095,91240612,90305193,92480009,-1,-1,117000149,-1,90305194,92800002,-1,-1,117000149,91232615,90305195,92300003,0,-1,117000013,-1,90305363,92510001,-1,-1,117000149,-1,90305364,92340010,-1,-1,117000063,91232619,90305196,92300003,5,-1,117000015)","","","(5300)",""
"136007214","6","4","(1,1,2,5000,3,1,4,1,9,1,10,1,5,1)","(10,10,10,10,10,10,10)","","(91240616,90305192,92700003,0,-1,117000095,91240612,90305193,92480009,-1,-1,117000149,-1,90305194,92800002,-1,-1,117000149,91232615,90305195,92300003,0,-1,117000013,-1,90305363,92510001,-1,-1,117000149,-1,90305364,92340010,-1,-1,117000063,91232619,90305196,92300003,5,-1,117000015)","","","(5301)",""
"136007215","6","5","(1,1,2,5000,3,1,4,1,9,1,10,1,5,1)","(10,10,10,10,10,10,10)","","(91240616,90305192,92700003,0,-1,117000095,91240612,90305193,92480009,-1,-1,117000149,-1,90305194,92800002,-1,-1,117000149,91232615,90305195,92300003,0,-1,117000013,-1,90305363,92510001,-1,-1,117000149,-1,90305364,92340010,-1,-1,117000063,91232619,90305196,92300003,5,-1,117000015)","","","(5302)",""
"136007216","6","6","(1,1,2,5000,3,1,4,1,9,1,10,1,5,1)","(10,10,10,10,10,10,10)","","(91240616,90305192,92700003,0,-1,117000095,91240612,90305193,92480009,-1,-1,117000149,-1,90305194,92800002,-1,-1,117000149,91232615,90305195,92300003,0,-1,117000013,-1,90305363,92510001,-1,-1,117000149,-1,90305364,92340010,-1,-1,117000063,91232619,90305196,92300003,5,-1,117000015)","","","(5303)",""
"136007217","6","7","(1,1,2,5000,3,1,4,1,9,1,10,1,5,1)","(10,10,10,10,10,10,10)","","(91240616,90305192,92700003,0,-1,117000095,91240612,90305193,92480009,-1,-1,117000149,-1,90305194,92800002,-1,-1,117000149,91232615,90305195,92300003,0,-1,117000013,-1,90305363,92510001,-1,-1,117000149,-1,90305364,92340010,-1,-1,117000063,91232619,90305196,92300003,5,-1,117000015)","","","(5304)",""
"136007218","6","1","(1,1,2,5000,3,1,4,1,9,1,10,1,5,1)","(10,10,10,10,10,10,10)","","(91240616,90305192,92700003,0,-1,117000095,91240612,90305193,92480009,-1,-1,117000149,-1,90305194,92800002,-1,-1,117000149,91232615,90305195,92300003,0,-1,117000013,-1,90305363,92510001,-1,-1,117000149,-1,90305364,92340010,-1,-1,117000063,91232619,90305196,92300003,5,-1,117000015)","","","(5305)",""
"136007219","6","2","(1,1,2,5000,3,1,4,1,9,1,10,1,5,1)","(10,10,10,10,10,10,10)","","(91240616,90305192,92700003,0,-1,117000095,91240612,90305193,92480009,-1,-1,117000149,-1,90305194,92800002,-1,-1,117000149,91232615,90305195,92300003,0,-1,117000013,-1,90305363,92510001,-1,-1,117000149,-1,90305364,92340010,-1,-1,117000063,91232619,90305196,92300003,5,-1,117000015)","","","(5306)",""
"136007220","6","3","(1,1,2,5000,3,1,4,1,9,1,10,1,5,1)","(10,10,10,10,10,10,10)","","(91240616,90305192,92700003,0,-1,117000095,91240612,90305193,92480009,-1,-1,117000149,-1,90305194,92800002,-1,-1,117000149,91232615,90305195,92300003,0,-1,117000013,-1,90305363,92510001,-1,-1,117000149,-1,90305364,92340010,-1,-1,117000063,91232619,90305196,92300003,5,-1,117000015)","","","(5307)",""
"136007221","6","4","(1,1,2,5000,3,1,4,1,9,1,10,1,5,1)","(10,10,10,10,10,10,10)","","(91240616,90305192,92700003,0,-1,117000095,91240612,90305193,92480009,-1,-1,117000149,-1,90305194,92800002,-1,-1,117000149,91232615,90305195,92300003,0,-1,117000013,-1,90305363,92510001,-1,-1,117000149,-1,90305364,92340010,-1,-1,117000063,91232619,90305196,92300003,5,-1,117000015)","","","(5308)",""
"136007222","6","5","(1,1,2,5000,3,1,4,1,9,1,10,1,5,1)","(10,10,10,10,10,10,10)","","(91240616,90305192,92700003,0,-1,117000095,91240612,90305193,92480009,-1,-1,117000149,-1,90305194,92800002,-1,-1,117000149,91232615,90305195,92300003,0,-1,117000013,-1,90305363,92510001,-1,-1,117000149,-1,90305364,92340010,-1,-1,117000063,91232619,90305196,92300003,5,-1,117000015)","","","(5309)",""
"136007223","6","6","(1,1,2,5000,3,1,4,1,9,1,10,1,5,1)","(10,10,10,10,10,10,10)","","(91240616,90305192,92700003,0,-1,117000095,91240612,90305193,92480009,-1,-1,117000149,-1,90305194,92800002,-1,-1,117000149,91232615,90305195,92300003,0,-1,117000013,-1,90305363,92510001,-1,-1,117000149,-1,90305364,92340010,-1,-1,117000063,91232619,90305196,92300003,5,-1,117000015)","","","(5310)",""
"136007224","6","7","(1,1,2,5000,3,1,4,1,9,1,10,1,5,1)","(10,10,10,10,10,10,10)","","(91240616,90305192,92700003,0,-1,117000095,91240612,90305193,92480009,-1,-1,117000149,-1,90305194,92800002,-1,-1,117000149,91232615,90305195,92300003,0,-1,117000013,-1,90305363,92510001,-1,-1,117000149,-1,90305364,92340010,-1,-1,117000063,91232619,90305196,92300003,5,-1,117000015)","","","(5311)",""
"136009001","8","1","(36000,86400)","(31010060,10)","","","","","(5312)",""
"136009002","8","1","(43200,86400)","(31000028,10)","","","","","(5313)",""
"136009003","8","1","(64800,86400)","(31020004,20)","","","","","(5314)",""
"136009004","8","1","(72000,86400)","(31020008,10)","","","","","(5315)",""
"136009005","8","2","(0,86400)","(31110002,1,31110102,1)","","","","","(5316)",""
"136009006","8","3","(0,86400)","(31110002,1,31110102,1)","","","","","(5317)",""
"136009007","8","4","(0,86400)","(31110002,1,31110102,1)","","","","","(5318)",""
"136009008","8","5","(0,86400)","(31110002,1,31110102,1)","","","","","(5319)",""
"136009009","8","6","(0,86400)","(31110002,1,31110102,1)","","","","","(5320)",""
"136009010","8","7","(0,86400)","(31110002,1,31110102,1)","","","","","(5321)",""
"136009011","8","1","(0,86400)","(31110103,1,31110003,1)","","","","","(5322)",""
"136009012","8","2","(0,86400)","(31110103,1,31110003,1)","","","","","(5323)",""
"136009013","8","3","(0,86400)","(31110103,1,31110003,1)","","","","","(5324)",""
"136009014","8","4","(0,86400)","(31110103,1,31110003,1)","","","","","(5325)",""
"136009015","8","5","(0,86400)","(31110103,1,31110003,1)","","","","","(5326)",""
"136009016","8","6","(0,86400)","(31110103,1,31110003,1)","","","","","(5327)",""
"136009017","8","7","(0,86400)","(31110103,1,31110003,1)","","","","","(5328)",""
"136010001","9","1","(0,86400)","(31010027,1)","","","","","(5329)",""
"136010002","9","2","(0,86400)","(31010027,1)","","","","","(5330)",""
"136010003","9","3","(0,86400)","(31010027,1)","","","","","(5331)",""
"136010004","9","4","(0,86400)","(31010027,1)","","","","","(5332)",""
"136010005","9","5","(0,86400)","(31010027,1)","","","","","(5333)",""
"136010006","9","6","(0,86400)","(31010027,1)","","","","","(5334)",""
"136010007","9","7","(0,86400)","(31010027,1)","","","","","(5335)",""
"136011001","10","1","(0,86400)","(31010055,1)","","","","","(5336)",""
"136011002","10","2","(0,86400)","(31010011,1)","","","","","(5337)",""
"136011003","10","3","(0,86400)","(31120034,1)","","","","","(5338)",""
"136012001","11","1","","","(91260851)","(13)","","","(5339)",""
"136012002","11","1","","","(91260840)","(14)","","","(5340)",""
"136012003","11","1","","","(91260579)","(15)","","","(5341)",""
"136012004","11","1","","","(91260852)","(16)","","","(5342)",""
"136012005","11","1","","","(91260853)","(17)","","","(5343)",""
"136012006","11","1","","","(91260853)","(32)","","","(5344)",""
"136012007","11","1","","","(91260853)","(33)","","","(5345)",""
"136012008","11","1","","","(91260853)","(34)","","","(5346)",""
"136014001","13","1","(86400,172799)","(31090545,2)","(90096661)","","","","(5347)",""
"136017001","16","1","(70)","(31000013,2)","","","","","(5348)",""
"136017002","16","1","(200)","(31090511,1)","","","","","(5349)",""
"136017003","16","1","(350)","(31090516,1)","","","","","(5350)",""
"136017004","16","1","(450)","(31091036,5)","","","","","(5351)",""
"136017005","16","1","(70)","(31000013,2)","","","","","(5352)",""
"136017006","16","1","(200)","(31090521,1)","","","","","(5353)",""
"136017007","16","1","(350)","(31090526,1)","","","","","(5354)",""
"136017008","16","1","(450)","(31000180,10)","","","","","(5355)",""
"136017009","16","1","(70)","(31000013,2)","","","","","(5356)",""
"136017010","16","1","(200)","(31090521,1)","","","","","(5357)",""
"136017011","16","1","(350)","(31090526,1)","","","","","(5358)",""
"136017012","16","1","(450)","(31140201,2)","","","","","(5359)",""
"136017013","16","1","(70)","(31000013,2)","","","","","(5360)",""
"136017014","16","1","(200)","(31140201,2)","","","","","(5361)",""
"136017015","16","1","(350)","(31000177,1)","","","","","(5362)",""
"136017016","16","1","(450)","(31090501,5)","","","","","(5363)",""
"136017017","16","1","(70)","(31000013,2)","","","","","(5364)",""
"136017018","16","1","(200)","(31140201,2)","","","","","(5365)",""
"136017019","16","1","(350)","(31000177,1)","","","","","(5366)",""
"136017020","16","1","(450)","(31090501,5)","","","","","(5367)",""
"136017021","16","1","(70)","(31000013,2)","","","","","(5368)",""
"136017022","16","1","(200)","(31140201,2)","","","","","(5369)",""
"136017023","16","1","(350)","(31000177,1)","","","","","(5370)",""
"136017024","16","1","(450)","(31131119,3)","","","","","(5371)",""
"136017025","16","1","(70)","(31000013,2)","","","","","(5372)",""
"136017026","16","1","(200)","(31140201,2)","","","","","(5373)",""
"136017027","16","1","(350)","(31000177,1)","","","","","(5374)",""
"136017028","16","1","(450)","(31131120,3)","","","","","(5375)",""
"136017029","16","1","(70)","(31000013,2)","","","","","(5376)",""
"136017030","16","1","(200)","(31140201,2)","","","","","(5377)",""
"136017031","16","1","(350)","(31000177,1)","","","","","(5378)",""
"136017032","16","1","(450)","(31131121,3)","","","","","(5379)",""
"136017033","16","1","(70)","(31000176,5)","","","","","(5380)",""
"136017034","16","1","(200)","(31140201,2)","","","","","(5381)",""
"136017035","16","1","(350)","(31000177,1)","","","","","(5382)",""
"136017036","16","1","(450)","(31131122,3)","","","","","(5383)",""
"136017037","16","1","(70)","(31000176,5)","","","","","(5384)",""
"136017038","16","1","(200)","(31140201,2)","","","","","(5385)",""
"136017039","16","1","(350)","(31000177,1)","","","","","(5386)",""
"136017040","16","1","(450)","(31131123,3)","","","","","(5387)",""
"136017041","16","1","(70)","(31000176,5)","","","","","(5388)",""
"136017042","16","1","(200)","(31140201,2)","","","","","(5389)",""
"136017043","16","1","(350)","(31000177,1)","","","","","(5390)",""
"136017044","16","1","(450)","(31131124,3)","","","","","(5391)",""
"136017045","16","1","(70)","(31000176,5)","","","","","(5392)",""
"136017046","16","1","(200)","(31140201,2)","","","","","(5393)",""
"136017047","16","1","(350)","(31000177,1)","","","","","(5394)",""
"136017048","16","1","(450)","(31090501,5)","","","","","(5395)",""
"136017049","16","1","(70)","(31000176,5)","","","","","(5396)",""
"136017050","16","1","(200)","(31140201,2)","","","","","(5397)",""
"136017051","16","1","(350)","(31000177,1)","","","","","(5398)",""
"136017052","16","1","(450)","(31131119,6)","","","","","(5399)",""
"136017053","16","1","(70)","(31000176,5)","","","","","(5400)",""
"136017054","16","1","(200)","(31140201,2)","","","","","(5401)",""
"136017055","16","1","(350)","(31000177,1)","","","","","(5402)",""
"136017056","16","1","(450)","(31131120,6)","","","","","(5403)",""
"136017057","16","1","(70)","(31000176,5)","","","","","(5404)",""
"136017058","16","1","(200)","(31140201,2)","","","","","(5405)",""
"136017059","16","1","(350)","(31000177,1)","","","","","(5406)",""
"136017060","16","1","(450)","(31131121,6)","","","","","(5407)",""
"136017061","16","1","(70)","(31000176,5)","","","","","(5408)",""
"136017062","16","1","(200)","(31140201,2)","","","","","(5409)",""
"136017063","16","1","(350)","(31000177,1)","","","","","(5410)",""
"136017064","16","1","(450)","(31131122,6)","","","","","(5411)",""
"136017065","16","1","(70)","(31000176,5)","","","","","(5412)",""
"136017066","16","1","(200)","(31140201,2)","","","","","(5413)",""
"136017067","16","1","(350)","(31000177,1)","","","","","(5414)",""
"136017068","16","1","(450)","(31131123,6)","","","","","(5415)",""
"136017069","16","1","(70)","(31000176,5)","","","","","(5416)",""
"136017070","16","1","(200)","(31140201,2)","","","","","(5417)",""
"136017071","16","1","(350)","(31000177,1)","","","","","(5418)",""
"136017072","16","1","(450)","(31131124,6)","","","","","(5419)",""
"136017073","16","1","(70)","(31000176,5)","","","","","(5420)",""
"136017074","16","1","(200)","(31140201,2)","","","","","(5421)",""
"136017075","16","1","(350)","(31000177,1)","","","","","(5422)",""
"136017076","16","1","(450)","(31090501,5)","","","","","(5423)",""
"136017077","16","1","(70)","(31000176,5)","","","","","(5424)",""
"136017078","16","1","(200)","(31140201,2)","","","","","(5425)",""
"136017079","16","1","(350)","(31000177,1)","","","","","(5426)",""
"136017080","16","1","(450)","(31131119,9)","","","","","(5427)",""
"136017081","16","1","(70)","(31000176,5)","","","","","(5428)",""
"136017082","16","1","(200)","(31140201,2)","","","","","(5429)",""
"136017083","16","1","(350)","(31000177,1)","","","","","(5430)",""
"136017084","16","1","(450)","(31131120,9)","","","","","(5431)",""
"136017085","16","1","(70)","(31000176,5)","","","","","(5432)",""
"136017086","16","1","(200)","(31140201,2)","","","","","(5433)",""
"136017087","16","1","(350)","(31000177,1)","","","","","(5434)",""
"136017088","16","1","(450)","(31131121,9)","","","","","(5435)",""
"136017089","16","1","(70)","(31000176,5)","","","","","(5436)",""
"136017090","16","1","(200)","(31140201,2)","","","","","(5437)",""
"136017091","16","1","(350)","(31000177,1)","","","","","(5438)",""
"136017092","16","1","(450)","(31131122,9)","","","","","(5439)",""
"136017093","16","1","(70)","(31000176,5)","","","","","(5440)",""
"136017094","16","1","(200)","(31140201,2)","","","","","(5441)",""
"136017095","16","1","(350)","(31000177,1)","","","","","(5442)",""
"136017096","16","1","(450)","(31131123,9)","","","","","(5443)",""
"136017097","16","1","(70)","(31000176,5)","","","","","(5444)",""
"136017098","16","1","(200)","(31140201,2)","","","","","(5445)",""
"136017099","16","1","(350)","(31000177,1)","","","","","(5446)",""
"136017100","16","1","(450)","(31131124,9)","","","","","(5447)",""
"136017101","16","1","(70)","(31000176,5)","","","","","(5448)",""
"136017102","16","1","(200)","(31140201,2)","","","","","(5449)",""
"136017103","16","1","(350)","(31000177,1)","","","","","(5450)",""
"136017104","16","1","(450)","(31090501,5)","","","","","(5451)",""
"136017105","16","1","(70)","(31000176,5)","","","","","(5452)",""
"136017106","16","1","(200)","(31140201,2)","","","","","(5453)",""
"136017107","16","1","(350)","(31000177,1)","","","","","(5454)",""
"136017108","16","1","(450)","(31131119,9)","","","","","(5455)",""
"136017109","16","1","(70)","(31000176,5)","","","","","(5456)",""
"136017110","16","1","(200)","(31140201,2)","","","","","(5457)",""
"136017111","16","1","(350)","(31000177,1)","","","","","(5458)",""
"136017112","16","1","(450)","(31131120,9)","","","","","(5459)",""
"136017113","16","1","(70)","(31000176,5)","","","","","(5460)",""
"136017114","16","1","(200)","(31140201,2)","","","","","(5461)",""
"136017115","16","1","(350)","(31000177,1)","","","","","(5462)",""
"136017116","16","1","(450)","(31131121,9)","","","","","(5463)",""
"136017117","16","1","(70)","(31000176,5)","","","","","(5464)",""
"136017118","16","1","(200)","(31140201,2)","","","","","(5465)",""
"136017119","16","1","(350)","(31000177,1)","","","","","(5466)",""
"136017120","16","1","(450)","(31131122,9)","","","","","(5467)",""
"136017121","16","1","(70)","(31000176,5)","","","","","(5468)",""
"136017122","16","1","(200)","(31140201,2)","","","","","(5469)",""
"136017123","16","1","(350)","(31000177,1)","","","","","(5470)",""
"136017124","16","1","(450)","(31131123,9)","","","","","(5471)",""
"136017125","16","1","(70)","(31000176,5)","","","","","(5472)",""
"136017126","16","1","(200)","(31140201,2)","","","","","(5473)",""
"136017127","16","1","(350)","(31000177,1)","","","","","(5474)",""
"136017128","16","1","(450)","(31131124,9)","","","","","(5475)",""
"136039001","38","1","","","(91290777)","(18)","","","(5476)",""
"136039002","38","1","","","(91290732)","(19)","","","(5477)",""
"136039003","38","1","","","(91290732)","(20)","","","(5478)",""
"136039004","38","1","","","(91290732)","(21)","","","(5479)",""
"136039005","38","1","","","(91290732)","(22)","","","(5480)",""
"136039006","38","1","","","(91290732)","(23)","","","(5481)",""
"136041000","39","1","(3,10,3,10)","(31010004,5,1,31010054,5,1,31010022,5,1,31010060,5,1)","","(25,25,25,25)","(31025197,1,1,6000,31025197,1,1,6000,31025197,1,1,6000,31025197,1,1,6000)","(500,1,250)","(5482)",""
"136041001","39","2","(3,10,3,10)","(31000028,3,1,31000029,1,1,31000105,1,1,31000106,1,1)","","(25,25,37,13)","(31000057,20,1,6000,31000057,20,1,6000,31000057,20,1,6000,31000057,20,1,6000)","(500,1,250)","(5483)",""
"136041002","39","3","(3,10,3,10)","(31000028,3,1,31000029,1,1,31000105,1,1,31000106,1,1)","","(25,25,37,13)","(31000057,20,1,6000,31000057,20,1,6000,31000057,20,1,6000,31000057,20,1,6000)","(450,1,225)","(5484)",""
"136041003","39","4","(3,10,3,10)","(31010059,5,1,31010004,5,1,31010054,5,1,31010022,5,1)","","(25,25,25,25)","(31060068,1,1,6000,31060068,1,1,6000,31060068,1,1,6000,31060068,1,1,6000)","(400,1,200)","(5485)",""
"136041004","39","5","(3,10,3,10)","(31000099,1,1,31000040,5,1,31010004,5,1,31010022,5,1)","","(25,25,25,25)","(31000047,20,1,6000,31000047,20,1,6000,31000047,20,1,6000,31000047,20,1,6000)","(350,1,175)","(5486)",""
"136041005","39","6","(3,10,3,10)","(31000099,1,1,31000040,5,1,31010004,5,1,31010022,5,1)","","(25,25,25,25)","(31000047,20,1,6000,31000047,20,1,6000,31000047,20,1,6000,31000047,20,1,6000)","(300,1,150)","(5487)",""
"136041100","39","1","(3,10,3,10)","(31010004,5,1,31010054,5,1,31010022,5,1,31010060,5,1)","","(25,25,25,25)","(31025197,1,1,6000,31025197,1,1,6000,31025197,1,1,6000,31025197,1,1,6000)","(500,1,250)","(5488)",""
"136041101","39","2","(3,10,3,10)","(31000028,3,1,31000029,1,1,31000105,1,1,31000106,1,1)","","(25,25,37,13)","(31000052,20,1,6000,31000052,20,1,6000,31000052,20,1,6000,31000052,20,1,6000)","(500,1,250)","(5489)",""
"136041102","39","3","(3,10,3,10)","(31000028,3,1,31000029,1,1,31000105,1,1,31000106,1,1)","","(25,25,37,13)","(31000052,20,1,6000,31000052,20,1,6000,31000052,20,1,6000,31000052,20,1,6000)","(450,1,225)","(5490)",""
"136041103","39","4","(3,10,3,10)","(31010059,5,1,31010004,5,1,31010054,5,1,31010022,5,1)","","(25,25,25,25)","(31060068,1,1,6000,31060068,1,1,6000,31060068,1,1,6000,31060068,1,1,6000)","(400,1,200)","(5491)",""
"136041104","39","5","(3,10,3,10)","(31000099,1,1,31000040,5,1,31010004,5,1,31010022,5,1)","","(25,25,25,25)","(31000047,20,1,6000,31000047,20,1,6000,31000047,20,1,6000,31000047,20,1,6000)","(350,1,175)","(5492)",""
"136041105","39","6","(3,10,3,10)","(31000099,1,1,31000040,5,1,31010004,5,1,31010022,5,1)","","(25,25,25,25)","(31000047,20,1,6000,31000047,20,1,6000,31000047,20,1,6000,31000047,20,1,6000)","(300,1,150)","(5493)",""
"136042001","41","1","(104000343)","(31090594,1)","(90305339,90305578)","(1)","(31080115,0,90028103,31020005,3,90020124,31020003,5,90020122,31020002,5,90020121)","","(5494)",""
"136042002","41","1","(104000344)","(31090595,1)","(90305339,90305579)","(1)","(31080115,0,90028104,31000063,1,90020944,31000164,1,90021621,31000106,1,90021243)","","(5495)",""
"136042003","41","1","(104000345)","(31090596,1)","(90305339,90305580)","(1)","(31080115,0,90028105,31000063,2,90020944,31061005,1,90021373,31090544,1,90022146)","","(5496)",""
"136043001","41","1","(104001122)","(31090594,1)","(90305339,90305581)","(1)","","","(5497)",""
"136043002","41","1","(104001123)","(31090595,1)","(90305339,90305582)","(1)","","","(5498)",""
"136043003","41","1","(104001124)","(31090596,1)","(90305339,90305583)","(1)","","","(5499)",""
"136044001","41","1","(104001409)","(31090600,1)","(90305339,90305626)","(1)","","","(5500)",""
"136044002","41","1","(104001412)","(31090601,1)","(90305339,90305627)","(1)","","","(5501)",""
"136044003","41","1","(104001416)","(31090602,1)","(90305339,90305628)","(1)","","","(5502)",""
"136045001","41","1","(104001710)","(31090611,1)","(90305339,90305581)","(1)","(31080115,0,90028103,31020005,3,90020124,31020003,5,90020122,31020002,5,90020121)","","(5503)",""
"136045002","41","1","(104001711)","(31090612,1)","(90305339,90305582)","(1)","(31080115,0,90028104,31000063,1,90020944,31000164,1,90021621,31000106,1,90021243)","","(5504)",""
"136045003","41","1","(104001712)","(31090613,1)","(90305339,90305583)","(1)","(31080115,0,90028105,31000063,2,90020944,31061005,1,90021373,31090544,1,90022146)","","(5505)",""
"136046001","41","1","(104002717)","(31090678,1)","(90305339,90305578)","(1)","(31080115,0,90028103,31020005,3,90020124,31020003,5,90020122,31020002,5,90020121)","","(5506)",""
"136046002","41","1","(104002718)","(31090679,1)","(90305339,90305579)","(1)","(31080115,0,90028104,31000063,1,90020944,31000164,1,90021621,31000106,1,90021243)","","(5507)",""
"136046003","41","1","(104002719)","(31090680,1)","(90305339,90305580)","(1)","(31080115,0,90028105,31000063,2,90020944,31061005,1,90021373,31090544,1,90022146)","","(5508)",""
"136046101","41","1","(104002824)","(31090594,1)","(90305339,90305578)","(1)","(31080115,0,90028103,31020005,3,90020124,31020003,5,90020122,31020002,5,90020121)","","(5509)",""
"136046102","41","1","(104002825)","(31090595,1)","(90305339,90305579)","(1)","(31080115,0,90028104,31000063,1,90020944,31000164,1,90021621,31000106,1,90021243)","","(5510)",""
"136046103","41","1","(104002826)","(31090596,1)","(90305339,90305580)","(1)","(31080115,0,90028105,31000063,2,90020944,31061005,1,90021373,31090544,1,90022146)","","(5511)",""
"136046201","41","1","(104002939)","(31090594,1)","(90305339,90305578)","(1)","(31080115,0,90028103,31020005,3,90020124,31020003,5,90020122,31020002,5,90020121)","","(5512)",""
"136046202","41","1","(104002940)","(31090595,1)","(90305339,90305579)","(1)","(31080115,0,90028104,31000063,1,90020944,31000164,1,90021621,31000106,1,90021243)","","(5513)",""
"136046203","41","1","(104002941)","(31090596,1)","(90305339,90305580)","(1)","(31080115,0,90028105,31000063,2,90020944,31061005,1,90021373,31090544,1,90022146)","","(5514)",""
"136142001","42","1","(19,50,19,50)","(31010050,1,1)","","(0)","(0)","","(5515)",""
"136142002","42","1","(19,250,19,250)","(31000063,1,1)","","(0)","(0)","","(5516)",""
"136142003","42","1","(19,50,19,50)","(31010050,1,1)","","(0)","(0)","","(5517)",""
"136142004","42","1","(19,250,19,250)","(31000063,1,1)","","(0)","(0)","","(5518)",""
"136142005","42","1","(19,675,19,675)","(31000174,1,1)","","(0)","(0)","","(5519)",""
"136142006","42","1","(19,1500,19,1500)","(31000175,1,1)","","(0)","(0)","","(5520)",""
"136142007","42","1","(19,4020,19,4020)","(31080103,1,1)","","(0)","(0)","","(5521)",""
"136142008","42","1","(19,50,19,50)","(31010050,1,1)","","(0)","(0)","","(5522)",""
"136142009","42","1","(19,250,19,250)","(31000063,1,1)","","(0)","(0)","","(5523)",""
"136142010","42","1","(19,675,19,675)","(31000174,1,1)","","(0)","(0)","","(5524)",""
"136142011","42","1","(19,1500,19,1500)","(31000175,1,1)","","(0)","(0)","","(5525)",""
"136142012","42","1","(19,4200,19,4200)","(31090559,1,1)","","(0)","(0)","","(5526)",""
"136142013","42","1","(19,4020,19,4020)","(31080103,1,1)","","(0)","(0)","","(5527)",""
"136142014","42","1","(19,50,19,50)","(31010050,1,1)","","(0)","(0)","","(5528)",""
"136142015","42","1","(19,250,19,250)","(31000063,1,1)","","(0)","(0)","","(5529)",""
"136142016","42","1","(19,675,19,675)","(31000174,1,1)","","(0)","(0)","","(5530)",""
"136142017","42","1","(19,1500,19,1500)","(31000175,1,1)","","(0)","(0)","","(5531)",""
"136142018","42","1","(19,4500,19,4500)","(31090560,1,1)","","(0)","(0)","","(5532)",""
"136142019","42","1","(19,4200,19,4200)","(31090559,1,1)","","(0)","(0)","","(5533)",""
"136142020","42","1","(19,4020,19,4020)","(31080103,1,1)","","(0)","(0)","","(5534)",""
"136142021","42","1","(19,50,19,50)","(31010050,1,1)","","(0)","(0)","","(5535)",""
"136142022","42","1","(19,250,19,250)","(31000063,1,1)","","(0)","(0)","","(5536)",""
"136142023","42","1","(19,675,19,675)","(31000174,1,1)","","(0)","(0)","","(5537)",""
"136142024","42","1","(19,1500,19,1500)","(31000175,1,1)","","(0)","(0)","","(5538)",""
"136142025","42","1","(19,2970,19,2970)","(31080095,1,1)","","(0)","(0)","","(5539)",""
"136142026","42","1","(19,4500,19,4500)","(31090560,1,1)","","(0)","(0)","","(5540)",""
"136142027","42","1","(19,4200,19,4200)","(31090559,1,1)","","(0)","(0)","","(5541)",""
"136142028","42","1","(19,4020,19,4020)","(31080103,1,1)","","(0)","(0)","","(5542)",""
"136142029","42","1","(19,50,19,50)","(31010050,1,1)","","(0)","(0)","","(5543)",""
"136142030","42","1","(19,250,19,250)","(31000063,1,1)","","(0)","(0)","","(5544)",""
"136142031","42","1","(19,675,19,675)","(31091153,1,1)","","(0)","(0)","","(5545)",""
"136142032","42","1","(19,1500,19,1500)","(31091154,1,1)","","(0)","(0)","","(5546)",""
"136142033","42","1","(19,4650,19,4650)","(31090606,1,1)","","(0)","(0)","","(5547)",""
"136142034","42","1","(19,2970,19,2970)","(31080095,1,1)","","(0)","(0)","","(5548)",""
"136142035","42","1","(19,4500,19,4500)","(31090560,1,1)","","(0)","(0)","","(5549)",""
"136142036","42","1","(19,4200,19,4200)","(31090559,1,1)","","(0)","(0)","","(5550)",""
"136142037","42","1","(19,4020,19,4020)","(31080103,1,1)","","(0)","(0)","","(5551)",""
"136142038","42","1","(19,50,19,50)","(31010050,1,1)","","(0)","(0)","","(5552)",""
"136142039","42","1","(19,250,19,250)","(31000063,1,1)","","(0)","(0)","","(5553)",""
"136142040","42","1","(19,675,19,675)","(31091153,1,1)","","(0)","(0)","","(5554)",""
"136142041","42","1","(19,1500,19,1500)","(31091154,1,1)","","(0)","(0)","","(5555)",""
"136142042","42","1","(19,2910,19,2910)","(31090567,1,1)","","(0)","(0)","","(5556)",""
"136142043","42","1","(19,4650,19,4650)","(31090606,1,1)","","(0)","(0)","","(5557)",""
"136142044","42","1","(19,2970,19,2970)","(31080095,1,1)","","(0)","(0)","","(5558)",""
"136142045","42","1","(19,4500,19,4500)","(31090560,1,1)","","(0)","(0)","","(5559)",""
"136142046","42","1","(19,4200,19,4200)","(31090559,1,1)","","(0)","(0)","","(5560)",""
"136142047","42","1","(19,4020,19,4020)","(31080103,1,1)","","(0)","(0)","","(5561)",""
"136142048","42","1","(19,50,19,50)","(31010050,1,1)","","(0)","(0)","","(5562)",""
"136142049","42","1","(19,250,19,250)","(31000063,1,1)","","(0)","(0)","","(5563)",""
"136142050","42","1","(19,675,19,675)","(31091153,1,1)","","(0)","(0)","","(5564)",""
"136142051","42","1","(19,1500,19,1500)","(31091154,1,1)","","(0)","(0)","","(5565)",""
"136142052","42","1","(19,5700,19,5700)","(31090593,1,1)","","(0)","(0)","","(5566)",""
"136142053","42","1","(19,2910,19,2910)","(31090567,1,1)","","(0)","(0)","","(5567)",""
"136142054","42","1","(19,4650,19,4650)","(31090606,1,1)","","(0)","(0)","","(5568)",""
"136142055","42","1","(19,2970,19,2970)","(31080095,1,1)","","(0)","(0)","","(5569)",""
"136142056","42","1","(19,4500,19,4500)","(31090560,1,1)","","(0)","(0)","","(5570)",""
"136142057","42","1","(19,4200,19,4200)","(31090559,1,1)","","(0)","(0)","","(5571)",""
"136142058","42","1","(19,4020,19,4020)","(31080103,1,1)","","(0)","(0)","","(5572)",""
"136142059","42","1","(19,50,19,50)","(31010050,1,1)","","(0)","(0)","","(5573)",""
"136142060","42","1","(19,250,19,250)","(31000063,1,1)","","(0)","(0)","","(5574)",""
"136142061","42","1","(19,675,19,675)","(31091153,1,1)","","(0)","(0)","","(5575)",""
"136142062","42","1","(19,1500,19,1500)","(31091154,1,1)","","(0)","(0)","","(5576)",""
"136142063","42","1","(19,6450,19,6450)","(31090607,1,1)","","(0)","(0)","","(5577)",""
"136142064","42","1","(19,5700,19,5700)","(31090593,1,1)","","(0)","(0)","","(5578)",""
"136142065","42","1","(19,2910,19,2910)","(31090567,1,1)","","(0)","(0)","","(5579)",""
"136142066","42","1","(19,4650,19,4650)","(31090606,1,1)","","(0)","(0)","","(5580)",""
"136142067","42","1","(19,2970,19,2970)","(31080095,1,1)","","(0)","(0)","","(5581)",""
"136142068","42","1","(19,4500,19,4500)","(31090560,1,1)","","(0)","(0)","","(5582)",""
"136142069","42","1","(19,4200,19,4200)","(31090559,1,1)","","(0)","(0)","","(5583)",""
"136142070","42","1","(19,4020,19,4020)","(31080103,1,1)","","(0)","(0)","","(5584)",""
"136142071","42","1","(19,50,19,50)","(31010050,1,1)","","(0)","(0)","","(5585)",""
"136142072","42","1","(19,250,19,250)","(31000063,1,1)","","(0)","(0)","","(5586)",""
"136142073","42","1","(19,675,19,675)","(31091153,1,1)","","(0)","(0)","","(5587)",""
"136142074","42","1","(19,1500,19,1500)","(31091154,1,1)","","(0)","(0)","","(5588)",""
"136142075","42","1","(19,4900,19,4900)","(31090610,1,1)","","(0)","(0)","","(5589)",""
"136142076","42","1","(19,6450,19,6450)","(31090607,1,1)","","(0)","(0)","","(5590)",""
"136142077","42","1","(19,5700,19,5700)","(31090593,1,1)","","(0)","(0)","","(5591)",""
"136142078","42","1","(19,2910,19,2910)","(31090567,1,1)","","(0)","(0)","","(5592)",""
"136142079","42","1","(19,4650,19,4650)","(31090606,1,1)","","(0)","(0)","","(5593)",""
"136142080","42","1","(19,2970,19,2970)","(31080095,1,1)","","(0)","(0)","","(5594)",""
"136142081","42","1","(19,4500,19,4500)","(31090560,1,1)","","(0)","(0)","","(5595)",""
"136142082","42","1","(19,4200,19,4200)","(31090559,1,1)","","(0)","(0)","","(5596)",""
"136142083","42","1","(19,4020,19,4020)","(31080103,1,1)","","(0)","(0)","","(5597)",""
"136142300","68","1","(19,50,19,50)","(31010050,1,1)","","(0)","(0)","","(5598)",""
"136142301","68","1","(19,250,19,250)","(31000063,1,1)","","(0)","(0)","","(5599)",""
"136142302","68","1","(19,675,19,675)","(31091153,1,1)","","(0)","(0)","","(5600)",""
"136142303","68","1","(19,1500,19,1500)","(31091154,1,1)","","(0)","(0)","","(5601)",""
"136142304","68","1","(19,4900,19,4900)","(31090610,1,1)","","(0)","(0)","","(5602)",""
"136142305","68","1","(19,6450,19,6450)","(31090607,1,1)","","(0)","(0)","","(5603)",""
"136142306","68","1","(19,5700,19,5700)","(31090593,1,1)","","(0)","(0)","","(5604)",""
"136142307","68","1","(19,2910,19,2910)","(31090567,1,1)","","(0)","(0)","","(5605)",""
"136142308","68","1","(19,4650,19,4650)","(31090606,1,1)","","(0)","(0)","","(5606)",""
"136142309","68","1","(19,2970,19,2970)","(31080095,1,1)","","(0)","(0)","","(5607)",""
"136142310","68","1","(19,4500,19,4500)","(31090560,1,1)","","(0)","(0)","","(5608)",""
"136142311","68","1","(19,4200,19,4200)","(31090559,1,1)","","(0)","(0)","","(5609)",""
"136142312","68","1","(19,4020,19,4020)","(31080103,1,1)","","(0)","(0)","","(5610)",""
"136142313","68","1","(19,50,19,50)","(31010050,1,1)","","(0)","(0)","","(5611)",""
"136142314","68","1","(19,250,19,250)","(31000063,1,1)","","(0)","(0)","","(5612)",""
"136142315","68","1","(19,675,19,675)","(31000174,1,1)","","(0)","(0)","","(5613)",""
"136142316","68","1","(19,1500,19,1500)","(31000175,1,1)","","(0)","(0)","","(5614)",""
"136142317","68","1","(19,7800,19,7800)","(31090643,1,1)","","(0)","(0)","","(5615)",""
"136142318","68","1","(19,4900,19,4900)","(31090610,1,1)","","(0)","(0)","","(5616)",""
"136142319","68","1","(19,6450,19,6450)","(31090607,1,1)","","(0)","(0)","","(5617)",""
"136142320","68","1","(19,5700,19,5700)","(31090593,1,1)","","(0)","(0)","","(5618)",""
"136142321","68","1","(19,2910,19,2910)","(31090567,1,1)","","(0)","(0)","","(5619)",""
"136142322","68","1","(19,4650,19,4650)","(31090606,1,1)","","(0)","(0)","","(5620)",""
"136142323","68","1","(19,2970,19,2970)","(31080095,1,1)","","(0)","(0)","","(5621)",""
"136142324","68","1","(19,4500,19,4500)","(31090560,1,1)","","(0)","(0)","","(5622)",""
"136142325","68","1","(19,4200,19,4200)","(31090559,1,1)","","(0)","(0)","","(5623)",""
"136142326","68","1","(19,4020,19,4020)","(31080103,1,1)","","(0)","(0)","","(5624)",""
"136142327","68","1","(19,50,19,50)","(31010050,1,1)","","(0)","(0)","","(5625)",""
"136142328","68","1","(19,250,19,250)","(31000063,1,1)","","(0)","(0)","","(5626)",""
"136142329","68","1","(19,675,19,675)","(31000174,1,1)","","(0)","(0)","","(5627)",""
"136142330","68","1","(19,1500,19,1500)","(31000175,1,1)","","(0)","(0)","","(5628)",""
"136142331","68","1","(19,7800,19,7800)","(31090644,1,1)","","(0)","(0)","","(5629)",""
"136142332","68","1","(19,7800,19,7800)","(31090643,1,1)","","(0)","(0)","","(5630)",""
"136142333","68","1","(19,4900,19,4900)","(31090610,1,1)","","(0)","(0)","","(5631)",""
"136142334","68","1","(19,6450,19,6450)","(31090607,1,1)","","(0)","(0)","","(5632)",""
"136142335","68","1","(19,5700,19,5700)","(31090593,1,1)","","(0)","(0)","","(5633)",""
"136142336","68","1","(19,2910,19,2910)","(31090567,1,1)","","(0)","(0)","","(5634)",""
"136142337","68","1","(19,4650,19,4650)","(31090606,1,1)","","(0)","(0)","","(5635)",""
"136142338","68","1","(19,2970,19,2970)","(31080095,1,1)","","(0)","(0)","","(5636)",""
"136142339","68","1","(19,4500,19,4500)","(31090560,1,1)","","(0)","(0)","","(5637)",""
"136142340","68","1","(19,4200,19,4200)","(31090559,1,1)","","(0)","(0)","","(5638)",""
"136142341","68","1","(19,4020,19,4020)","(31080103,1,1)","","(0)","(0)","","(5639)",""
"136142342","68","1","(19,50,19,50)","(31010050,1,1)","","(0)","(0)","","(5640)",""
"136142343","68","1","(19,250,19,250)","(31000063,1,1)","","(0)","(0)","","(5641)",""
"136142344","68","1","(19,675,19,675)","(31000174,1,1)","","(0)","(0)","","(5642)",""
"136142345","68","1","(19,1500,19,1500)","(31000175,1,1)","","(0)","(0)","","(5643)",""
"136142346","68","1","(19,7800,19,7800)","(31090645,1,1)","","(0)","(0)","","(5644)",""
"136142347","68","1","(19,7800,19,7800)","(31090644,1,1)","","(0)","(0)","","(5645)",""
"136142348","68","1","(19,7800,19,7800)","(31090643,1,1)","","(0)","(0)","","(5646)",""
"136142349","68","1","(19,4900,19,4900)","(31090610,1,1)","","(0)","(0)","","(5647)",""
"136142350","68","1","(19,6450,19,6450)","(31090607,1,1)","","(0)","(0)","","(5648)",""
"136142351","68","1","(19,5700,19,5700)","(31090593,1,1)","","(0)","(0)","","(5649)",""
"136142352","68","1","(19,2910,19,2910)","(31090567,1,1)","","(0)","(0)","","(5650)",""
"136142353","68","1","(19,4650,19,4650)","(31090606,1,1)","","(0)","(0)","","(5651)",""
"136142354","68","1","(19,2970,19,2970)","(31080095,1,1)","","(0)","(0)","","(5652)",""
"136142355","68","1","(19,4500,19,4500)","(31090560,1,1)","","(0)","(0)","","(5653)",""
"136142356","68","1","(19,4200,19,4200)","(31090559,1,1)","","(0)","(0)","","(5654)",""
"136142357","68","1","(19,4020,19,4020)","(31080103,1,1)","","(0)","(0)","","(5655)",""
"136143001","43","1","","(0,31090527,1,1,31000100,1,2,31000170,1,3,31020056,1,4,31020055,1,5,31020054,1)","(91260839)","(31010011,2,350000,31010057,1,250000,31010059,30,50000,31010115,3,100000,31010060,40,250000)","(31020004,80,350000,31020005,10,100000,31000105,12,250000,31000099,12,250000,31059001,10,50000)","(31000063,2,200000,31061005,2,200000,31000166,1,50000,31000170,2,300000,31000100,2,250000)","(5656)",""
"136019043","18","1","(104001615)","(31000059,1,31000028,30,31000029,12,31000171,1)","(90305339)","(1)","","","(5657)",""
"136019044","18","1","(104001616)","(31000156,1,31020004,50,31020008,30,31000163,1)","(90305339)","(1)","","","(5658)",""
"136019045","18","1","(104001617)","(31000162,6,31130421,1,31020003,50,31010025,2)","(90305339)","(1)","","","(5659)",""
"136019046","18","1","(104001713)","(31000059,1,31000028,30,31000029,12,31000171,1)","(90305339)","(1)","","","(5660)",""
"136019047","18","1","(104001714)","(31000156,1,31020004,50,31020008,30,31000163,1)","(90305339)","(1)","","","(5661)",""
"136019048","18","1","(104001715)","(31000162,6,31130421,1,31020003,50,31010025,2)","(90305339)","(1)","","","(5662)",""
"136019049","18","2","(104001615)","(31000013,1,31010054,5,31020004,50,31000171,1)","(90305339)","(1)","","","(5663)",""
"136019050","18","2","(104001616)","(31000156,1,31020003,20,31000062,3,31000163,1)","(90305339)","(1)","","","(5664)",""
"136019051","18","2","(104001617)","(31000156,2,31000060,1,31010025,2,31000162,1)","(90305339)","(1)","","","(5665)",""
"136019052","18","2","(104001713)","(31000013,1,31010054,5,31020004,50,31000171,1)","(90305339)","(1)","","","(5666)",""
"136019053","18","2","(104001714)","(31000156,1,31020003,20,31000062,3,31000163,1)","(90305339)","(1)","","","(5667)",""
"136019054","18","2","(104001715)","(31000156,2,31000060,1,31010025,2,31000162,1)","(90305339)","(1)","","","(5668)",""
"136019055","18","3","(104001615)","(31010107,12,31090576,1,31090577,2,31000171,1)","(90305339)","(1)","","","(5669)",""
"136019056","18","3","(104001616)","(31059001,5,31090575,1,31000170,5,31000163,1)","(90305339)","(1)","","","(5670)",""
"136019057","18","3","(104001617)","(31090574,2,31010107,50,31010025,2,31000162,1)","(90305339)","(1)","","","(5671)",""
"136019058","18","3","(104001713)","(31010107,12,31090576,1,31090577,2,31000171,1)","(90305339)","(1)","","","(5672)",""
"136019059","18","3","(104001714)","(31059001,5,31090575,1,31000170,5,31000163,1)","(90305339)","(1)","","","(5673)",""
"136019060","18","3","(104001715)","(31090574,2,31010107,50,31010025,2,31000162,1)","(90305339)","(1)","","","(5674)",""
"136019061","18","4","(104001615)","(31000105,10,31000106,2,31090542,1,31000171,1)","(90305339)","(1)","","","(5675)",""
"136019062","18","4","(104001616)","(31000105,30,31000106,6,31090543,1,31000163,1)","(90305339)","(1)","","","(5676)",""
"136019063","18","4","(104001617)","(31090544,2,31000106,15,31010025,2,31000162,1)","(90305339)","(1)","","","(5677)",""
"136019064","18","4","(104001713)","(31000105,10,31000106,2,31090542,1,31000171,1)","(90305339)","(1)","","","(5678)",""
"136019065","18","4","(104001714)","(31000105,30,31000106,6,31090543,1,31000163,1)","(90305339)","(1)","","","(5679)",""
"136019066","18","4","(104001715)","(31090544,2,31000106,15,31010025,2,31000162,1)","(90305339)","(1)","","","(5680)",""
"136019067","18","5","(104001615)","(31061003,5,31020002,15,31020007,15,31000171,1)","(90305339)","(1)","","","(5681)",""
"136019068","18","5","(104001616)","(31060052,1,31060051,1,31061004,1,31000163,1)","(90305339)","(1)","","","(5682)",""
"136019069","18","5","(104001617)","(31020002,50,31061005,5,31010025,2,31000162,1)","(90305339)","(1)","","","(5683)",""
"136019070","18","5","(104001713)","(31061003,5,31020002,15,31020007,15,31000171,1)","(90305339)","(1)","","","(5684)",""
"136019071","18","5","(104001714)","(31060052,1,31060051,1,31061004,1,31000163,1)","(90305339)","(1)","","","(5685)",""
"136019072","18","5","(104001715)","(31020002,50,31061005,5,31010025,2,31000162,1)","(90305339)","(1)","","","(5686)",""
"136019073","18","6","(104001615)","(31090546,1,31000099,10,31090545,1,31000171,1)","(90305339)","(1)","","","(5687)",""
"136019074","18","6","(104001616)","(31000099,50,31090547,1,31000100,1,31000163,1)","(90305339)","(1)","","","(5688)",""
"136019075","18","6","(104001617)","(31090548,2,31000100,5,31010025,2,31000162,1)","(90305339)","(1)","","","(5689)",""
"136019076","18","6","(104001713)","(31090546,1,31000099,10,31090545,1,31000171,1)","(90305339)","(1)","","","(5690)",""
"136019077","18","6","(104001714)","(31000099,50,31090547,1,31000100,1,31000163,1)","(90305339)","(1)","","","(5691)",""
"136019078","18","6","(104001715)","(31090548,2,31000100,5,31010025,2,31000162,1)","(90305339)","(1)","","","(5692)",""
"136019079","18","7","(104001615)","(31010053,5,31010060,15,31090546,1,31000171,1)","(90305339)","(1)","","","(5693)",""
"136019080","18","7","(104001616)","(31020005,15,31140140,2,31090543,1,31000163,1)","(90305339)","(1)","","","(5694)",""
"136019081","18","7","(104001617)","(31130428,1,31010060,25,31010025,2,31000162,1)","(90305339)","(1)","","","(5695)",""
"136019082","18","7","(104001713)","(31010053,5,31010060,15,31090546,1,31000171,1)","(90305339)","(1)","","","(5696)",""
"136019083","18","7","(104001714)","(31020005,15,31140140,2,31090543,1,31000163,1)","(90305339)","(1)","","","(5697)",""
"136019084","18","7","(104001715)","(31130428,1,31010060,25,31010025,2,31000162,1)","(90305339)","(1)","","","(5698)",""
"136050001","50","1","(3,800,3,60)","(31000156,1,1)","","(2,1)","(0)","","(5699)",""
"136051001","51","1","(3,800,3,60)","(31000156,1,1)","","(2,1)","(0)","","(5700)",""
"136051002","51","1","(3,800,3,60)","(31000214,1,1)","","(2,1)","(0)","","(5701)",""
"136051003","51","1","(3,800,3,60)","(31000215,1,1)","","(2,1)","(0)","","(5702)",""
"136080001","80","1","(5)","(31130428,1,1,31010060,25,1,31010025,2,1,31000162,1,1)","","(90306123,90306124)","(4,200,5,500)","","(5703)",""
"136142360","69","1","(19,50,19,50)","(31010050,1,1)","","(0)","(0)","","(5704)",""
"136142361","69","1","(19,250,19,250)","(31000063,1,1)","","(0)","(0)","","(5705)",""
"136142362","69","1","(19,675,19,675)","(31000174,1,1)","","(0)","(0)","","(5706)",""
"136142363","69","1","(19,1500,19,1500)","(31000175,1,1)","","(0)","(0)","","(5707)",""
"136142364","69","1","(19,7800,19,7800)","(31090645,1,1)","","(0)","(0)","","(5708)",""
"136142365","69","1","(19,7800,19,7800)","(31090644,1,1)","","(0)","(0)","","(5709)",""
"136142366","69","1","(19,7800,19,7800)","(31090643,1,1)","","(0)","(0)","","(5710)",""
"136142367","69","1","(19,4900,19,4900)","(31090610,1,1)","","(0)","(0)","","(5711)",""
"136142368","69","1","(19,6450,19,6450)","(31090607,1,1)","","(0)","(0)","","(5712)",""
"136142369","69","1","(19,5700,19,5700)","(31090593,1,1)","","(0)","(0)","","(5713)",""
"136142370","69","1","(19,2910,19,2910)","(31090567,1,1)","","(0)","(0)","","(5714)",""
"136142371","69","1","(19,4650,19,4650)","(31090606,1,1)","","(0)","(0)","","(5715)",""
"136142372","69","1","(19,2970,19,2970)","(31080095,1,1)","","(0)","(0)","","(5716)",""
"136142373","69","1","(19,4500,19,4500)","(31090560,1,1)","","(0)","(0)","","(5717)",""
"136142374","69","1","(19,4200,19,4200)","(31090559,1,1)","","(0)","(0)","","(5718)",""
"136142375","69","1","(19,4020,19,4020)","(31080103,1,1)","","(0)","(0)","","(5719)",""
"136160001","83","1","(0)","(31142105,1)","(90200660,90306360)","(1)","(31080115,0,90028106)","","(5720)",""
